model,ridge_alpha,heldout_language,method,pair,basis_rank,matrix_commutator_norm,closure_residual_ratio,random_subspace_null_mean,random_subspace_null_std,empirical_p_below_random_subspace,coef_N,coef_Q,coef_M,coef_T,mean_closure_residual_ratio,mean_matrix_commutator_norm,mean_random_subspace_null,mean_empirical_p,cells
BAAI/bge-m3,0.1,en,linear,NQ_minus_QN,4.0,10.188801126263412,0.999161392533212,0.9998791089565676,8.597269933990085e-05,0.0033222591362126,-0.0244506909323664,-0.0300903155592999,0.0290307296265622,0.0132131262408105,,,,,
BAAI/bge-m3,0.1,en,linear,NM_minus_MN,4.0,9.004827691134363,0.9986346892234588,0.9998740717167772,9.989608121216252e-05,0.0033222591362126,-0.0243010030586677,0.0147581024392336,0.0555809195351708,0.0138629403515184,,,,,
BAAI/bge-m3,0.1,en,linear,NT_minus_TN,4.0,11.069310914418978,0.9935396925767912,0.999880852742756,8.515498758834492e-05,0.0033222591362126,-0.0592594538398657,-0.0145246255219027,-0.0095369638740918,0.149112987457125,,,,,
BAAI/bge-m3,0.1,en,linear,QM_minus_MQ,4.0,6.936085962307804,0.9987499304960576,0.9998848199198288,8.291431401489028e-05,0.0033222591362126,-0.0117227852026267,0.0175688105111181,0.0352037801930687,0.0126928474076859,,,,,
BAAI/bge-m3,0.1,en,linear,QT_minus_TQ,4.0,7.84322684235321,0.9947047108140392,0.9998766751573204,9.016877988202328e-05,0.0033222591362126,-0.0178016952194288,0.0389357039637753,-0.0026701823260836,0.0701636932815929,,,,,
BAAI/bge-m3,0.1,en,linear,MT_minus_TM,4.0,7.653100604444157,0.9983041616339488,0.9998748882735984,9.299637669910752e-05,0.0033222591362126,0.0127696587343288,0.015409985814801,0.0016439822918354,-0.0554485751965309,,,,,
BAAI/bge-m3,0.1,en,affine,NQ_minus_QN,4.0,10.21806922319426,0.999107666002678,0.999878455263214,8.651462435706241e-05,0.0033222591362126,-0.0335384585475658,-0.0092129528551136,0.0371569997329324,0.0219832928479725,,,,,
BAAI/bge-m3,0.1,en,affine,NM_minus_MN,4.0,9.180022673689905,0.9988671265960016,0.9998760526224896,8.393412345576132e-05,0.0033222591362126,-0.003484983552333,0.0051247004598283,0.0529203475129423,0.017274149249385,,,,,
BAAI/bge-m3,0.1,en,affine,NT_minus_TN,4.0,10.848048796788405,0.9914841798141488,0.9998704444471104,9.236569174328128e-05,0.0033222591362126,-0.0438415874988931,-0.0334227168834261,-0.0171872893897616,0.1751939544154442,,,,,
BAAI/bge-m3,0.1,en,affine,QM_minus_MQ,4.0,6.929372799180968,0.9984097985380757,0.9998784833597424,8.536570479678015e-05,0.0033222591362126,-0.0126638368586017,0.0255877901170961,0.0382322858693322,0.0086180613917068,,,,,
BAAI/bge-m3,0.1,en,affine,QT_minus_TQ,4.0,7.739080939432059,0.9948156345115088,0.9998820811778988,8.832453015838989e-05,0.0033222591362126,-0.0171824572003796,0.0427634704577466,-0.009922789300678,0.0655594216971157,,,,,
BAAI/bge-m3,0.1,en,affine,MT_minus_TM,4.0,7.718974681292804,0.9976810092192112,0.9998807749036148,8.861088527890924e-05,0.0033222591362126,0.0178916351497632,0.0119914480315759,0.0015147767466467,-0.0646317858923452,,,,,
BAAI/bge-m3,0.1,es,linear,NQ_minus_QN,4.0,11.774191973963363,0.994520319860422,0.9998782034705151,8.24934543153071e-05,0.0033222591362126,-0.1152117269067936,0.0457523047418261,0.0408232474020063,0.0145087841911241,,,,,
BAAI/bge-m3,0.1,es,linear,NM_minus_MN,4.0,10.121901963207636,0.999288490621482,0.9998774802815172,8.89397303712607e-05,0.0033222591362126,-0.0234845803380867,0.0323497125037218,0.0222674544435785,-0.0054405880985411,,,,,
BAAI/bge-m3,0.1,es,linear,NT_minus_TN,4.0,13.100195085630515,0.9947314640520296,0.999877876708747,9.37931451235814e-05,0.0033222591362126,-0.0045393678370945,-0.0630607325742005,0.0210346593817855,0.1554148108753152,,,,,
BAAI/bge-m3,0.1,es,linear,QM_minus_MQ,4.0,7.771840141320348,0.9994163966739452,0.999877509619123,8.622886886199535e-05,0.0066445182724252,0.0006505431571002,-0.0177740221054176,0.0284435166152976,-0.007252177706887,,,,,
BAAI/bge-m3,0.1,es,linear,QT_minus_TQ,4.0,8.93248919234339,0.9951815275882524,0.9998895496278584,7.068519717605628e-05,0.0033222591362126,0.0133952174032846,-0.0631976145059976,-0.0098763892339116,0.0934524769229614,,,,,
BAAI/bge-m3,0.1,es,linear,MT_minus_TM,4.0,7.679423068345022,0.99970839272367,0.9998873050244618,8.288566384031608e-05,0.0431893687707641,0.004043250294627,-0.0017503916671017,0.0219103719858445,0.0063485955792806,,,,,
BAAI/bge-m3,0.1,es,affine,NQ_minus_QN,4.0,11.66951832110126,0.9942299988077204,0.9998801548771596,8.769742314477148e-05,0.0033222591362126,-0.1109629199588052,0.0615836286369822,0.0478297627865545,0.0085663130101778,,,,,
BAAI/bge-m3,0.1,es,affine,NM_minus_MN,4.0,10.18172003577824,0.9992233184741384,0.999871812722756,9.084135150470287e-05,0.0033222591362126,-0.0203636182517233,0.0331932567773858,0.0295652846921182,-0.0063194567406977,,,,,
BAAI/bge-m3,0.1,es,affine,NT_minus_TN,4.0,13.144944016171443,0.9941046509602652,0.9998734752361896,9.209263866207173e-05,0.0033222591362126,-0.0109067784039153,-0.0639681378908489,0.0175370988545602,0.1675369166823697,,,,,
BAAI/bge-m3,0.1,es,affine,QM_minus_MQ,4.0,7.75889552105822,0.998975106335248,0.99987443185861,8.981689487595114e-05,0.0033222591362126,-0.0009280207796426,-0.0182404632253492,0.0448212765278723,-0.0061730759921991,,,,,
BAAI/bge-m3,0.1,es,affine,QT_minus_TQ,4.0,8.844421578475552,0.9941808232994614,0.9998733104607505,8.935681678997377e-05,0.0033222591362126,0.018218215208865,-0.0651315023963772,-0.0146803639223893,0.1014998621529259,,,,,
BAAI/bge-m3,0.1,es,affine,MT_minus_TM,4.0,7.693395722863655,0.9998855110189298,0.9998730168776266,8.944812941694441e-05,0.4784053156146179,0.0092207694726887,-0.0047597884311012,0.0075564448195021,-0.0003130673497315,,,,,
BAAI/bge-m3,0.1,fr,linear,NQ_minus_QN,4.0,10.935753395329604,0.9935109009276408,0.9998757236888242,9.23237144841106e-05,0.0033222591362126,-0.0972998776342039,0.1107105747602713,0.0199654155234249,0.0007975603708151,,,,,
BAAI/bge-m3,0.1,fr,linear,NM_minus_MN,4.0,9.400780196200726,0.998601596749132,0.9998793761850368,8.279173608688589e-05,0.0033222591362126,-0.0389275934581699,0.0179399930785696,0.0238404029186758,0.034122306183616,,,,,
BAAI/bge-m3,0.1,fr,linear,NT_minus_TN,4.0,12.809363896451467,0.9932501009332264,0.9998867369941852,7.860988676545343e-05,0.0033222591362126,-0.0950582315999639,0.0144739635210131,0.0010196299461857,0.1546549132153447,,,,,
BAAI/bge-m3,0.1,fr,linear,QM_minus_MQ,4.0,6.781765556220947,0.9989580792078402,0.9998602974598938,0.0001119822608529,0.0033222591362126,0.0154772687634089,-0.0303731613425671,0.017643966415127,-0.0065891884316412,,,,,
BAAI/bge-m3,0.1,fr,linear,QT_minus_TQ,4.0,8.65123456375109,0.9964791862804756,0.9998769277241348,8.835037413949892e-05,0.0033222591362126,0.026257623420631,-0.0674097657144581,-0.0100575088353939,0.0616123528861571,,,,,
BAAI/bge-m3,0.1,fr,linear,MT_minus_TM,4.0,7.313181025745191,0.99641389661199,0.9998638023272258,9.966444878800204e-05,0.0033222591362126,0.0135161316854302,0.0288184420071382,0.0304675722959519,-0.0729761865718331,,,,,
BAAI/bge-m3,0.1,fr,affine,NQ_minus_QN,4.0,10.727684698645035,0.9932663908004424,0.999881278016569,9.291885242051514e-05,0.0033222591362126,-0.0916503067483166,0.1182658637907194,0.0132281524414343,-0.0021338629657797,,,,,
BAAI/bge-m3,0.1,fr,affine,NM_minus_MN,4.0,9.529805978831249,0.9988880632543192,0.999876385697098,8.341259335288025e-05,0.0033222591362126,-0.0331621806762203,0.013338608965189,0.0077544463252764,0.0383700255569193,,,,,
BAAI/bge-m3,0.1,fr,affine,NT_minus_TN,4.0,12.658696282659198,0.9908891515767873,0.9998722566602608,8.432030389032431e-05,0.0033222591362126,-0.112700441632602,0.0114733475361762,0.0013823708840208,0.1747584621472765,,,,,
BAAI/bge-m3,0.1,fr,affine,QM_minus_MQ,4.0,6.809129954642041,0.998967468699609,0.9998709197587076,9.14119639439158e-05,0.0033222591362126,0.019282859095108,-0.0245969984258958,0.022417785278881,-0.0105056091246784,,,,,
BAAI/bge-m3,0.1,fr,affine,QT_minus_TQ,4.0,8.579448443042915,0.9960019182392644,0.9998791625495712,8.120747624978208e-05,0.0033222591362126,0.0297617636721674,-0.0689600126611998,-0.0189771989963085,0.0648966931707356,,,,,
BAAI/bge-m3,0.1,fr,affine,MT_minus_TM,4.0,7.502758766285797,0.9956737833500036,0.9998693368988798,9.736183607580828e-05,0.0033222591362126,0.0144564039223041,0.0329917010426184,0.0227190234559583,-0.0833675116906823,,,,,
BAAI/bge-m3,0.1,de,linear,NQ_minus_QN,4.0,10.718280639040865,0.999399886900672,0.9998777453344884,8.873051602644826e-05,0.0033222591362126,-0.013613451258192,0.0330270915310368,0.0315829709694878,-0.0202620401006593,,,,,
BAAI/bge-m3,0.1,de,linear,NM_minus_MN,4.0,9.251157811856986,0.9986770088783814,0.9998800411086536,8.825298081733122e-05,0.0033222591362126,-0.0403122079639225,0.0251407259289853,0.0179708923154311,0.0256376471053803,,,,,
BAAI/bge-m3,0.1,de,linear,NT_minus_TN,4.0,12.250894130558738,0.9950968608939064,0.9998640347359732,9.521846820541504e-05,0.0033222591362126,-0.0429459997046515,-0.0247013447908509,-0.0669668245747234,0.1441726637162967,,,,,
BAAI/bge-m3,0.1,de,linear,QM_minus_MQ,4.0,7.474013641551783,0.9983298028249508,0.9998802687446076,8.437151616915026e-05,0.0033222591362126,-0.0069145289273362,0.0294017903256692,-0.0546048083460019,0.0028795816192342,,,,,
BAAI/bge-m3,0.1,de,linear,QT_minus_TQ,4.0,8.586637035396418,0.9982646618522965,0.999879330131057,8.719761230847935e-05,0.0033222591362126,0.0082065337779492,-0.0282058411273552,-0.0076244729811672,0.0572214594891736,,,,,
BAAI/bge-m3,0.1,de,linear,MT_minus_TM,4.0,6.873481629968714,0.99831249871384,0.9998736966980952,8.916961800988544e-05,0.0033222591362126,0.0251945764776078,-0.0082067184948838,0.006511237555664,-0.041488079378516,,,,,
BAAI/bge-m3,0.1,de,affine,NQ_minus_QN,4.0,10.61142624598384,0.999442837047115,0.999877854734744,8.018087183380926e-05,0.0033222591362126,-0.0164841659841151,0.0305573795894435,0.0314749657408153,-0.0132375855632572,,,,,
BAAI/bge-m3,0.1,de,affine,NM_minus_MN,4.0,9.287730213856678,0.9986289983699856,0.9998689524268188,9.241439801339416e-05,0.0033222591362126,-0.0443280804097278,0.0199112248612201,0.0179197807132899,0.0274165977413017,,,,,
BAAI/bge-m3,0.1,de,affine,NT_minus_TN,4.0,12.157828874469866,0.9948196199835516,0.9998790940487844,8.22207293841034e-05,0.0033222591362126,-0.0472897084357446,-0.0276937475319291,-0.0528480981797919,0.1503920968326708,,,,,
BAAI/bge-m3,0.1,de,affine,QM_minus_MQ,4.0,7.413319257024445,0.9986007761905246,0.999882529552505,8.345280147566524e-05,0.0033222591362126,0.0014361529592865,0.0202722780184171,-0.0541070250140999,0.0046744206266002,,,,,
BAAI/bge-m3,0.1,de,affine,QT_minus_TQ,4.0,8.403638581299546,0.99862831473911,0.999878199763301,9.09047420399134e-05,0.0033222591362126,0.0170537486226272,-0.0255509524580195,-0.0162775380540401,0.0434583704903455,,,,,
BAAI/bge-m3,0.1,de,affine,MT_minus_TM,4.0,6.888259505424993,0.9988122647691948,0.9998747570531836,8.878861932862952e-05,0.0033222591362126,0.0156528695887499,-0.0052755287918336,0.0163273683928129,-0.0367086604188843,,,,,
BAAI/bge-m3,0.1,ru,linear,NQ_minus_QN,4.0,11.014725558738215,0.99646603509179,0.9998733253305278,8.438641443144581e-05,0.0033222591362126,-0.0497050468270163,0.0958415737829566,0.0272894688488728,-0.0108549856824571,,,,,
BAAI/bge-m3,0.1,ru,linear,NM_minus_MN,4.0,9.378031951269875,0.9978193081261798,0.9998850779233586,7.410359960763105e-05,0.0033222591362126,-0.0080532247732478,-0.0035008268853304,0.084154326938971,-0.000504209019725,,,,,
BAAI/bge-m3,0.1,ru,linear,NT_minus_TN,4.0,12.198584519194828,0.9867924612403768,0.9998617619718246,9.959927728341016e-05,0.0033222591362126,-0.0577287476765991,-0.0533260821889027,0.038533331547015,0.2324145658792996,,,,,
BAAI/bge-m3,0.1,ru,linear,QM_minus_MQ,4.0,8.284613539428612,0.9992098816077024,0.9998834270767264,8.524345845444071e-05,0.0033222591362126,0.0051887432373807,0.0038741432053814,-0.0443847566478465,0.0079748941506531,,,,,
BAAI/bge-m3,0.1,ru,linear,QT_minus_TQ,4.0,8.790561894419135,0.9909885490327256,0.9998828846819744,7.8366271948284e-05,0.0033222591362126,0.0063016403586933,-0.1231777721507102,-0.0065232362608575,0.0968259910709543,,,,,
BAAI/bge-m3,0.1,ru,linear,MT_minus_TM,4.0,7.819283625871969,0.9990401987095818,0.9998771548034354,8.468729954588211e-05,0.0033222591362126,0.0065394813693341,-0.004511698001303,0.0455993684803045,-0.0044458019325915,,,,,
BAAI/bge-m3,0.1,ru,affine,NQ_minus_QN,4.0,10.94318688048655,0.996100052748588,0.9998756914108452,8.74155823084385e-05,0.0033222591362126,-0.0637706610492264,0.0903744905588603,0.0372655950862586,-0.0043078325026883,,,,,
BAAI/bge-m3,0.1,ru,affine,NM_minus_MN,4.0,9.534098307646802,0.9972514259855588,0.999879092180145,8.294808301941805e-05,0.0033222591362126,0.007371505180016,-0.0135134914814838,0.0950514048858149,-0.014212742804565,,,,,
BAAI/bge-m3,0.1,ru,affine,NT_minus_TN,4.0,12.246531864731663,0.9872970120446116,0.9998836141906464,8.289644463381871e-05,0.0033222591362126,-0.0762062299365677,-0.0449495932448802,0.0368842233448456,0.2246423107688661,,,,,
BAAI/bge-m3,0.1,ru,affine,QM_minus_MQ,4.0,8.25822377166053,0.999272502317465,0.9998773242734148,8.452272104462067e-05,0.0033222591362126,0.0041112730585605,0.0019959679963172,-0.0399245318204461,0.015025440282268,,,,,
BAAI/bge-m3,0.1,ru,affine,QT_minus_TQ,4.0,8.879399066882401,0.9916832041192796,0.9998765715967044,9.022406634555956e-05,0.0033222591362126,0.0152839005647462,-0.1228925022209692,-0.0011956332003902,0.0884590568041445,,,,,
BAAI/bge-m3,0.1,ru,affine,MT_minus_TM,4.0,8.090663562339145,0.9989151712418743,0.9998717665820944,8.619784716424608e-05,0.0033222591362126,0.0115428440615067,-0.0079901774844314,0.0481493381845457,-0.0068362335403609,,,,,
BAAI/bge-m3,0.1,zh,linear,NQ_minus_QN,4.0,11.488189788873294,0.9952031489814585,0.9998808161064968,9.01503202998156e-05,0.0033222591362126,-0.1030781817803539,0.0616755329194827,0.0497167023387009,0.0071616773077038,,,,,
BAAI/bge-m3,0.1,zh,linear,NM_minus_MN,4.0,9.631007539731648,0.996956189464382,0.9998706317891652,9.252884633504091e-05,0.0033222591362126,-0.0522270414971129,0.0538262149186885,0.0521568557141546,0.0100867079435825,,,,,
BAAI/bge-m3,0.1,zh,linear,NT_minus_TN,4.0,11.50123427541866,0.9960108949536668,0.999878108836363,8.300527674463872e-05,0.0033222591362126,-0.061326011655917,-0.0190211445883153,0.0273975821388183,0.1118278022125824,,,,,
BAAI/bge-m3,0.1,zh,linear,QM_minus_MQ,4.0,7.696736930909398,0.9980046951118212,0.9998768179737608,8.9297740532408e-05,0.0033222591362126,-0.0190550104017863,0.0507945815678969,0.0222927055487199,-0.0235988251854445,,,,,
BAAI/bge-m3,0.1,zh,linear,QT_minus_TQ,4.0,8.81884349994233,0.9968553168669668,0.9998754356454912,8.710161801278435e-05,0.0033222591362126,0.0057579551688246,-0.0479959561388901,-0.0212302456980647,0.0786347774719034,,,,,
BAAI/bge-m3,0.1,zh,linear,MT_minus_TM,4.0,7.939901738144221,0.9989841206489354,0.9998770605798468,8.369235228493713e-05,0.0033222591362126,0.0178369657225018,0.0007232915263175,0.0049849598420486,-0.0413315322957854,,,,,
BAAI/bge-m3,0.1,zh,affine,NQ_minus_QN,4.0,11.143533072435948,0.9947819398484796,0.9998790238891968,8.77780506989599e-05,0.0033222591362126,-0.1080775378472988,0.0562812487041645,0.0428824137020939,0.0209435078757747,,,,,
BAAI/bge-m3,0.1,zh,affine,NM_minus_MN,4.0,9.546818217898164,0.9976098876890584,0.999868317421536,9.137758680853255e-05,0.0033222591362126,-0.0485058472100168,0.0466596060362451,0.0396571083198941,0.0148425247971548,,,,,
BAAI/bge-m3,0.1,zh,affine,NT_minus_TN,4.0,11.135001556547117,0.9941617355458072,0.9998736417855624,8.684787914861615e-05,0.0033222591362126,-0.069873458687209,-0.0254179871425935,0.0190784059142122,0.1366979578171973,,,,,
BAAI/bge-m3,0.1,zh,affine,QM_minus_MQ,4.0,7.541458797063147,0.9985467536675136,0.999877083569988,9.324229396021043e-05,0.0033222591362126,-0.0185611979069509,0.0391851091294094,0.0251177096677193,-0.0184528705586407,,,,,
BAAI/bge-m3,0.1,zh,affine,QT_minus_TQ,4.0,8.7395425506054,0.9971800249971224,0.9998858888130102,8.135113532223459e-05,0.0033222591362126,0.0134891474106124,-0.0526459208136136,-0.0261778727123256,0.0669785596231049,,,,,
BAAI/bge-m3,0.1,zh,affine,MT_minus_TM,4.0,7.972662244356771,0.9985861872213744,0.9998729051092234,8.865056024663585e-05,0.0033222591362126,0.0192355928782147,0.0059557084049519,0.002276711081473,-0.0508117525720556,,,,,
BAAI/bge-m3,0.1,ar,linear,NQ_minus_QN,4.0,13.015944432285222,0.9991995754627307,0.999879933665484,8.530225861183166e-05,0.0033222591362126,-0.022896512188156,-0.0326942746042025,0.0399934869877123,0.0158363917150525,,,,,
BAAI/bge-m3,0.1,ar,linear,NM_minus_MN,4.0,10.377228511489369,0.9988959125826508,0.9998820906486507,8.255737263383393e-05,0.0033222591362126,0.0366066615462175,-0.0073698023898097,0.0153977071578763,0.0002116171409459,,,,,
BAAI/bge-m3,0.1,ar,linear,NT_minus_TN,4.0,14.376573893504494,0.9961962204488994,0.9998838042313796,8.527959937534347e-05,0.0033222591362126,-0.0065161764040442,-0.0435854664496136,0.0194589217180123,0.130226429888052,,,,,
BAAI/bge-m3,0.1,ar,linear,QM_minus_MQ,4.0,7.640284157306606,0.9987191797551156,0.9998703940678484,9.327709342506816e-05,0.0033222591362126,0.0075213553978979,0.0122369255458007,0.0440648462215714,-0.0168365240786859,,,,,
BAAI/bge-m3,0.1,ar,linear,QT_minus_TQ,4.0,9.147241228430946,0.9958621622609832,0.9998741764047028,8.519154830640705e-05,0.0033222591362126,-0.0035379288218952,-0.0468008349019876,0.0174301886763824,0.0828097142938268,,,,,
BAAI/bge-m3,0.1,ar,linear,MT_minus_TM,4.0,7.309751825345527,0.9974928585433251,0.9998848205806584,7.998464927527063e-05,0.0033222591362126,0.0079363579151269,0.0200634574894391,-0.0394405651070493,-0.0414078283579965,,,,,
BAAI/bge-m3,0.1,ar,affine,NQ_minus_QN,4.0,12.590773949425012,0.9996241895335392,0.9998728584238972,8.795454949509906e-05,0.0166112956810631,-0.0126651205032837,-0.011544363828444,0.039179052308241,0.0086015020442845,,,,,
BAAI/bge-m3,0.1,ar,affine,NM_minus_MN,4.0,10.531029562229516,0.9986419620508182,0.9998800327018664,8.24808453208041e-05,0.0033222591362126,0.0373857340918398,-0.0099534046381669,0.0348441693960796,-0.0056704983526125,,,,,
BAAI/bge-m3,0.1,ar,affine,NT_minus_TN,4.0,13.852504833791974,0.996110011753798,0.9998693214519772,8.29585782779289e-05,0.0033222591362126,0.0132321214982126,-0.0413299291177911,0.0105477892669111,0.1233976397351839,,,,,
BAAI/bge-m3,0.1,ar,affine,QM_minus_MQ,4.0,7.699299312493741,0.998784850415764,0.9998737192802823,8.9281605139685e-05,0.0033222591362126,-0.0012310292926584,0.0151646823002761,0.0446519461201899,-0.0130583153152149,,,,,
BAAI/bge-m3,0.1,ar,affine,QT_minus_TQ,4.0,9.043884821520686,0.9962394311967948,0.9998795393007682,8.94641227349885e-05,0.0033222591362126,0.0035396192188661,-0.0527850324381813,0.0051191298474289,0.076761478613966,,,,,
BAAI/bge-m3,0.1,ar,affine,MT_minus_TM,4.0,7.396159156079462,0.9970480924989574,0.999877344392949,7.938756741163667e-05,0.0033222591362126,0.0152435451513296,0.0171658256773665,-0.0298005799965261,-0.053582276581912,,,,,
BAAI/bge-m3,1.0,en,linear,NQ_minus_QN,4.0,9.32609164691105,0.9991397259765974,0.9998777759600304,8.625316288447768e-05,0.0033222591362126,-0.0165699944316003,-0.0355813022819797,0.0294909640841693,0.0104747525491505,,,,,
BAAI/bge-m3,1.0,en,linear,NM_minus_MN,4.0,8.115670694307907,0.999135000233268,0.99987527036603,9.821119639597656e-05,0.0033222591362126,-0.0080399943421897,0.0082594616571519,0.0444126547547238,0.0102768687747928,,,,,
BAAI/bge-m3,1.0,en,linear,NT_minus_TN,4.0,9.927992470687204,0.9954368234991644,0.9998809493725916,8.556184239234231e-05,0.0033222591362126,-0.0441681654000563,-0.0123608652779429,-0.0051329253870856,0.1197847794479894,,,,,
BAAI/bge-m3,1.0,en,linear,QM_minus_MQ,4.0,6.388944497676419,0.9986441680489286,0.9998847574346252,8.284435321744037e-05,0.0033222591362126,-0.014313072922955,0.0269899866329285,0.021196206891728,0.0134712538845886,,,,,
BAAI/bge-m3,1.0,en,linear,QT_minus_TQ,4.0,7.159550299870358,0.995727791255151,0.9998764386320048,9.08666538215454e-05,0.0033222591362126,-0.0166392303530856,0.0432833504473475,-0.0023746535766408,0.0518652716642392,,,,,
BAAI/bge-m3,1.0,en,linear,MT_minus_TM,4.0,6.872709935559675,0.9966281203303684,0.9998749857754364,9.225733013674144e-05,0.0033222591362126,0.0177795336643277,0.0187688535339837,0.011444544262928,-0.0746748330747649,,,,,
BAAI/bge-m3,1.0,en,affine,NQ_minus_QN,4.0,9.2876376192659,0.9991761494767876,0.9998785531332728,8.671724228290866e-05,0.0033222591362126,-0.0263544218436078,-0.018251962954923,0.0371697646367744,0.0188124923497751,,,,,
BAAI/bge-m3,1.0,en,affine,NM_minus_MN,4.0,8.232840491098894,0.9990518705845094,0.9998765957381708,8.276636038944034e-05,0.0033222591362126,0.0092213187119076,-0.0013460703759158,0.0402742828539792,0.0144098363183781,,,,,
BAAI/bge-m3,1.0,en,affine,NT_minus_TN,4.0,9.689185091162091,0.9936927955939552,0.9998697998588534,9.24482291803694e-05,0.0033222591362126,-0.0305904436403571,-0.0309142300362004,-0.013471616026151,0.1435148973617526,,,,,
BAAI/bge-m3,1.0,en,affine,QM_minus_MQ,4.0,6.367062669491406,0.9982789611813334,0.9998790016660158,8.468592360516147e-05,0.0033222591362126,-0.0149785186972689,0.0340059117218352,0.0245705735928041,0.0092911130194436,,,,,
BAAI/bge-m3,1.0,en,affine,QT_minus_TQ,4.0,7.051240660864157,0.995771484435878,0.9998815128494252,8.923140203093353e-05,0.0033222591362126,-0.0156448809649816,0.0470979083303322,-0.0091489557760677,0.0471936609334038,,,,,
BAAI/bge-m3,1.0,en,affine,MT_minus_TM,4.0,6.909511189098511,0.9958990647718464,0.9998806737114808,8.879520695595866e-05,0.0033222591362126,0.022177506909314,0.0155240588302824,0.0116379289110765,-0.0823552046781272,,,,,
BAAI/bge-m3,1.0,es,linear,NQ_minus_QN,4.0,10.565894276532108,0.996378251623703,0.9998791487011012,8.206049177288526e-05,0.0033222591362126,-0.0902067637013905,0.0300412810631488,0.0357486518939022,0.0164066281748346,,,,,
BAAI/bge-m3,1.0,es,linear,NM_minus_MN,4.0,8.917176774004309,0.9997211698668098,0.9998774316862812,8.78073624613655e-05,0.0465116279069767,-0.0009476278512282,0.0212191600187579,0.011094920201669,-0.0038917168689532,,,,,
BAAI/bge-m3,1.0,es,linear,NT_minus_TN,4.0,11.483746189409176,0.9953735521596048,0.9998776780283808,9.540151646967812e-05,0.0033222591362126,0.0062379254146211,-0.0617793688167854,0.0194496403733745,0.1306399353070603,,,,,
BAAI/bge-m3,1.0,es,linear,QM_minus_MQ,4.0,6.98536165958279,0.9999299897060746,0.999877972901304,8.534401236030352e-05,0.6976744186046512,-0.0015654245681497,-0.0010154705513214,0.0103599809332859,-0.0055148772908202,,,,,
BAAI/bge-m3,1.0,es,linear,QT_minus_TQ,4.0,8.044339694057928,0.9970356386568284,0.9998882750560808,7.173375702092555e-05,0.0033222591362126,0.0125812328684762,-0.0471435208703904,-0.0059756542960445,0.0687095845745926,,,,,
BAAI/bge-m3,1.0,es,linear,MT_minus_TM,4.0,6.769528649989216,0.9991694993379174,0.9998868802499252,8.270643624830868e-05,0.0033222591362126,0.0050735637009595,0.0013516272589658,0.0368023264811509,-0.0206826205383332,,,,,
BAAI/bge-m3,1.0,es,affine,NQ_minus_QN,4.0,10.42060417311814,0.9961884202111094,0.9998800868628958,8.799652669420072e-05,0.0033222591362126,-0.086712701908483,0.0434241206684127,0.041841574159721,0.009963038098239,,,,,
BAAI/bge-m3,1.0,es,affine,NM_minus_MN,4.0,8.931877346684786,0.9996534015794004,0.9998708258483368,9.070280079015912e-05,0.0299003322259136,0.0021138801653363,0.0220863459715212,0.0143397065491835,-0.0051672159694925,,,,,
BAAI/bge-m3,1.0,es,affine,NT_minus_TN,4.0,11.474779480373916,0.9949536310162664,0.999874770584576,9.10623378056848e-05,0.0033222591362126,-6.788497197875344e-05,-0.0618020502687353,0.0155323808730257,0.1402419014097049,,,,,
BAAI/bge-m3,1.0,es,affine,QM_minus_MQ,4.0,6.951890786196393,0.9997199273567856,0.9998738529020628,9.041889069241136e-05,0.0631229235880398,-0.0028179432000016,-0.0022771513634609,0.0245628329426271,-0.0045227497368463,,,,,
BAAI/bge-m3,1.0,es,affine,QT_minus_TQ,4.0,7.927097494699875,0.9963030394405348,0.999873345123412,8.924194722380476e-05,0.0033222591362126,0.0168929780446614,-0.0481446071867406,-0.0115900863947492,0.075534360953944,,,,,
BAAI/bge-m3,1.0,es,affine,MT_minus_TM,4.0,6.765168476880461,0.9992773305835286,0.9998721945559812,8.970587067194586e-05,0.0033222591362126,0.0096166188284264,-0.0010314553180899,0.0244732534337844,-0.0266562854753934,,,,,
BAAI/bge-m3,1.0,fr,linear,NQ_minus_QN,4.0,9.961055380491542,0.9947572751348568,0.9998756299319675,9.11359944948112e-05,0.0033222591362126,-0.0812248581174063,0.0988073784068132,0.017284552957833,-3.713914051941661e-05,,,,,
BAAI/bge-m3,1.0,fr,linear,NM_minus_MN,4.0,8.357143172414347,0.9993372245011009,0.9998798167976648,8.075815052016667e-05,0.0033222591362126,-0.017943165381967,0.0114210224968349,0.0146745614669337,0.0267167703038273,,,,,
BAAI/bge-m3,1.0,fr,linear,NT_minus_TN,4.0,11.325604930260202,0.9947672203822144,0.999886295495618,7.843456315643778e-05,0.0033222591362126,-0.0780268058256099,0.013381542688414,-0.0002623323967213,0.127623464610039,,,,,
BAAI/bge-m3,1.0,fr,linear,QM_minus_MQ,4.0,6.191445682311995,0.9996301304264908,0.9998604403196836,0.0001129847059259,0.0564784053156146,0.0123798087535346,-0.0163566801926834,0.000840763652549,-0.004308446059983,,,,,
BAAI/bge-m3,1.0,fr,linear,QT_minus_TQ,4.0,7.90350282709234,0.9976685281117426,0.9998765384567776,8.741836028088821e-05,0.0033222591362126,0.0263483232143288,-0.0567028193226146,-0.0069872540750651,0.0389744163382663,,,,,
BAAI/bge-m3,1.0,fr,linear,MT_minus_TM,4.0,6.573268190120266,0.9944367824155216,0.9998646687888924,9.901347848177765e-05,0.0033222591362126,0.015104699945236,0.0279346604973993,0.0436937163890808,-0.0859194495188281,,,,,
BAAI/bge-m3,1.0,fr,affine,NQ_minus_QN,4.0,9.741165833216144,0.9944676080874528,0.9998818021625498,9.244342690948846e-05,0.0033222591362126,-0.0764741998030913,0.1059089125737931,0.0107389000901009,-0.0037709010700236,,,,,
BAAI/bge-m3,1.0,fr,affine,NM_minus_MN,4.0,8.44061074151401,0.9994409002597916,0.9998757957681071,8.395539346558132e-05,0.0033222591362126,-0.0132943965953341,0.0067654925135693,0.0007155495660566,0.0307008728514521,,,,,
BAAI/bge-m3,1.0,fr,affine,NT_minus_TN,4.0,11.161502342082365,0.9928278171206302,0.999871968530526,8.413298151200724e-05,0.0033222591362126,-0.0935081731548371,0.0102550506313878,-0.0013080102459641,0.1457255653928905,,,,,
BAAI/bge-m3,1.0,fr,affine,QM_minus_MQ,4.0,6.204302959761703,0.9996030730413928,0.9998710105537708,8.992046944359597e-05,0.0166112956810631,0.0159074714677274,-0.0109497029903378,0.0054332362514364,-0.0083761251898964,,,,,
BAAI/bge-m3,1.0,fr,affine,QT_minus_TQ,4.0,7.813156560534948,0.9973166681853548,0.9998792691683523,8.139019193568988e-05,0.0033222591362126,0.0300528044859229,-0.0576315603039723,-0.0161930323788893,0.0414666827939969,,,,,
BAAI/bge-m3,1.0,fr,affine,MT_minus_TM,4.0,6.704231850125074,0.9936126517403676,0.9998697327333586,9.57232229907671e-05,0.0033222591362126,0.0158499005952749,0.0319930894396882,0.0374980033397134,-0.0952853989204056,,,,,
BAAI/bge-m3,1.0,de,linear,NQ_minus_QN,4.0,9.749568084071676,0.9995452504783008,0.9998771856257304,8.986149350815945e-05,0.0066445182724252,-0.0007225275808099,0.0252781705839259,0.0292710588197852,-0.0203872566870678,,,,,
BAAI/bge-m3,1.0,de,linear,NM_minus_MN,4.0,8.185785381333924,0.9994894812487732,0.9998812823836828,8.734630196278441e-05,0.0033222591362126,-0.0152133264731943,0.0189461065834365,0.0003995322280821,0.0190944404001625,,,,,
BAAI/bge-m3,1.0,de,linear,NT_minus_TN,4.0,10.844870715877503,0.9962643793645016,0.999863980052761,9.481574320107806e-05,0.0033222591362126,-0.0247006058842664,-0.0245382581857781,-0.0602060976416772,0.1188597740071838,,,,,
BAAI/bge-m3,1.0,de,linear,QM_minus_MQ,4.0,6.780425217414837,0.9969568499253216,0.9998812226930892,8.344065710709342e-05,0.0033222591362126,-0.0069970581419203,0.038717244212838,-0.0698140330874676,0.0057413124413969,,,,,
BAAI/bge-m3,1.0,de,linear,QT_minus_TQ,4.0,7.803585940493231,0.9990497971841557,0.9998796506356652,8.806825849412562e-05,0.0033222591362126,0.0108694277230044,-0.0216369744980393,-0.0057274503777422,0.0374474768721372,,,,,
BAAI/bge-m3,1.0,de,linear,MT_minus_TM,4.0,6.161600165456238,0.99632557016573,0.9998724127578816,8.948083642200371e-05,0.0033222591362126,0.0274177830334755,-0.0054355358072209,0.0236342892587125,-0.0627692061701941,,,,,
BAAI/bge-m3,1.0,de,affine,NQ_minus_QN,4.0,9.60869204221851,0.9996116484524712,0.9998780042360432,7.949696524344764e-05,0.0099667774086378,-0.0045039787966139,0.0229656691772624,0.0286359311469594,-0.0136306155016672,,,,,
BAAI/bge-m3,1.0,de,affine,NM_minus_MN,4.0,8.176566233674547,0.9995067164054114,0.9998687987587253,9.060268221683706e-05,0.0066445182724252,-0.0194565988174268,0.0136928231279782,0.0012111860365443,0.0218127070747407,,,,,
BAAI/bge-m3,1.0,de,affine,NT_minus_TN,4.0,10.703057779768493,0.9958728872365296,0.9998798482245772,8.14921936863046e-05,0.0033222591362126,-0.0303522108251257,-0.028357870284769,-0.0484806591552311,0.126736627058769,,,,,
BAAI/bge-m3,1.0,de,affine,QM_minus_MQ,4.0,6.712322534565699,0.9973047278969877,0.9998812455261828,8.492180705235505e-05,0.0033222591362126,0.0008528926189073,0.0302610848448411,-0.0695711521447559,0.0071673073634443,,,,,
BAAI/bge-m3,1.0,de,affine,QT_minus_TQ,4.0,7.621952108869578,0.9992610264734868,0.999877917321254,8.886067499134282e-05,0.0033222591362126,0.0197779437931452,-0.0177797391844793,-0.0149882380244853,0.0221527592114244,,,,,
BAAI/bge-m3,1.0,de,affine,MT_minus_TM,4.0,6.157265354477447,0.9967926683447864,0.999875081520262,8.847260649911698e-05,0.0033222591362126,0.0181477209910478,-0.0024542966534685,0.0333191130219245,-0.0589243742789805,,,,,
BAAI/bge-m3,1.0,ru,linear,NQ_minus_QN,4.0,9.66536034855826,0.9978700233000434,0.99987423946225,8.415326063290304e-05,0.0033222591362126,-0.0257479133321174,0.0708857928827315,0.0254844974144819,-0.012938463837048,,,,,
BAAI/bge-m3,1.0,ru,linear,NM_minus_MN,4.0,7.913522979911492,0.9988825196802265,0.9998844491389736,7.41327808540682e-05,0.0033222591362126,0.0138834842987423,-0.0079271329112624,0.0489761679239895,0.0004716347144041,,,,,
BAAI/bge-m3,1.0,ru,linear,NT_minus_TN,4.0,10.451998048863684,0.9897929709604726,0.9998624661483224,9.81100192382386e-05,0.0033222591362126,-0.044942158233512,-0.0500243725407851,0.0339633264080525,0.1880262081519516,,,,,
BAAI/bge-m3,1.0,ru,linear,QM_minus_MQ,4.0,7.210465174664761,0.997567062277992,0.9998846890652056,8.434721735401894e-05,0.0033222591362126,0.0006427180455541,0.0294187558917424,-0.0674327670867302,0.0083763602257245,,,,,
BAAI/bge-m3,1.0,ru,linear,QT_minus_TQ,4.0,7.776949165466715,0.9939598289884004,0.9998823906084552,7.871722462247158e-05,0.0033222591362126,0.0113712100142236,-0.0999734180335578,-0.0045531732951687,0.0651680767066524,,,,,
BAAI/bge-m3,1.0,ru,linear,MT_minus_TM,4.0,6.672464271496163,0.9974285120104158,0.9998765861843836,8.680270329358117e-05,0.0033222591362126,0.0117992766401622,-0.0028333802752575,0.0611846707024244,-0.0378481115082364,,,,,
BAAI/bge-m3,1.0,ru,affine,NQ_minus_QN,4.0,9.571859378212029,0.99767244908534,0.9998767479098444,8.525704490779927e-05,0.0033222591362126,-0.0395707927233312,0.0660046521289097,0.0361582551444961,-0.0067338873919763,,,,,
BAAI/bge-m3,1.0,ru,affine,NM_minus_MN,4.0,7.969173768651347,0.9982433987068904,0.9998803791441668,8.223559326894463e-05,0.0033222591362126,0.0279874298218445,-0.0160059845592406,0.0563882310062394,-0.0118196858993179,,,,,
BAAI/bge-m3,1.0,ru,affine,NT_minus_TN,4.0,10.455311640548707,0.9909775898043948,0.9998851437130996,8.332439741130238e-05,0.0033222591362126,-0.0566675706217418,-0.043887411983372,0.0341257795284047,0.1747577344099203,,,,,
BAAI/bge-m3,1.0,ru,affine,QM_minus_MQ,4.0,7.179779669798789,0.9976920984515196,0.9998770823375192,8.44597469258253e-05,0.0033222591362126,-0.0006702887752648,0.0281618182759798,-0.0632923470267003,0.0146092713047238,,,,,
BAAI/bge-m3,1.0,ru,affine,QT_minus_TQ,4.0,7.827339567373073,0.9944983746099092,0.9998765766733072,8.852468964596656e-05,0.0033222591362126,0.0188547507032697,-0.0990435764527593,0.0003595236022489,0.0556145183771148,,,,,
BAAI/bge-m3,1.0,ru,affine,MT_minus_TM,4.0,6.850833431088278,0.9971601306749872,0.999873130942045,8.574965351756612e-05,0.0033222591362126,0.0161196150598347,-0.0055512633244634,0.0628603220443619,-0.0423679362328925,,,,,
BAAI/bge-m3,1.0,zh,linear,NQ_minus_QN,4.0,10.43174186157961,0.996071114641394,0.9998808836953096,9.027030469063848e-05,0.0033222591362126,-0.089306627951332,0.0535902613911313,0.0463436453428205,0.0076131222332814,,,,,
BAAI/bge-m3,1.0,zh,linear,NM_minus_MN,4.0,8.58058579787911,0.998114160872586,0.9998704046423672,9.231346618722524e-05,0.0033222591362126,-0.0325376808941681,0.0432460847805054,0.0373131535029813,0.0094575555216168,,,,,
BAAI/bge-m3,1.0,zh,linear,NT_minus_TN,4.0,10.258521389050172,0.9968192412653616,0.9998782960026446,8.303981655165203e-05,0.0033222591362126,-0.0520450185533562,-0.0167546652984191,0.02714527192689,0.0931264924956531,,,,,
BAAI/bge-m3,1.0,zh,linear,QM_minus_MQ,4.0,7.0065812376798124,0.9977696845125992,0.999876834756267,8.912490270869867e-05,0.0033222591362126,-0.0186782750729726,0.0557755612235453,0.0054986938065108,-0.0191914785463482,,,,,
BAAI/bge-m3,1.0,zh,linear,QT_minus_TQ,4.0,8.001823328689733,0.997852191912185,0.9998751357078968,8.696937366993855e-05,0.0033222591362126,0.0067902383002399,-0.0397879830786767,-0.0173702102548884,0.0609522747413688,,,,,
BAAI/bge-m3,1.0,zh,linear,MT_minus_TM,4.0,7.111478968461907,0.9974771404441108,0.9998772280269278,8.375213322941904e-05,0.0033222591362126,0.0218209547808434,0.0052397581263824,0.0180276703836149,-0.0634496702953588,,,,,
BAAI/bge-m3,1.0,zh,affine,NQ_minus_QN,4.0,10.08959068747529,0.9956138568885244,0.999879151455317,8.70570416903074e-05,0.0033222591362126,-0.0951311895155062,0.0487089735058638,0.0404026364061768,0.0198736531876459,,,,,
BAAI/bge-m3,1.0,zh,affine,NM_minus_MN,4.0,8.478614788898826,0.9985278530326348,0.9998681271117776,9.190656478483144e-05,0.0033222591362126,-0.0306034509453569,0.0370290040764841,0.027168454147227,0.0139332624861038,,,,,
BAAI/bge-m3,1.0,zh,affine,NT_minus_TN,4.0,9.904242724399678,0.995279629225004,0.9998739604407016,8.629459042512817e-05,0.0033222591362126,-0.0599307619140211,-0.023696979787264,0.0196299072800534,0.1152537293351601,,,,,
BAAI/bge-m3,1.0,zh,affine,QM_minus_MQ,4.0,6.863897871701189,0.9983519467288328,0.9998762773969608,9.403783411293974e-05,0.0033222591362126,-0.0184539043097833,0.0461621854240235,0.0086690500854614,-0.0147621811977321,,,,,
BAAI/bge-m3,1.0,zh,affine,QT_minus_TQ,4.0,7.908448063787693,0.9980119315882268,0.9998857544735033,8.076248523151782e-05,0.0033222591362126,0.0142330699757538,-0.0439835417902333,-0.0224617375896742,0.0507478441349661,,,,,
BAAI/bge-m3,1.0,zh,affine,MT_minus_TM,4.0,7.122005053885225,0.9969139060178674,0.9998729997464404,8.831498607046894e-05,0.0033222591362126,0.0230147296486426,0.0098674873887667,0.0153427024291397,-0.0721972012745705,,,,,
BAAI/bge-m3,1.0,ar,linear,NQ_minus_QN,4.0,11.494260205523918,0.9994308160649852,0.9998802055027246,8.587375349122666e-05,0.0033222591362126,0.0041875265055093,-0.0366123236910021,0.0331383393143414,0.0108633153489628,,,,,
BAAI/bge-m3,1.0,ar,linear,NM_minus_MN,4.0,9.076914843310002,0.9970753221752352,0.999883628656262,8.093886032464204e-05,0.0033222591362126,0.0593689837674185,-0.0079652857651824,0.0020354559361726,-0.0019662917520089,,,,,
BAAI/bge-m3,1.0,ar,linear,NT_minus_TN,4.0,12.515750705564622,0.9973755360883744,0.9998833803397612,8.493249024002572e-05,0.0033222591362126,0.017651425949416,-0.0408205309458785,0.0163821417149738,0.091429667705181,,,,,
BAAI/bge-m3,1.0,ar,linear,QM_minus_MQ,4.0,6.822882255137481,0.998604126072072,0.9998699178635684,9.352515390371748e-05,0.0033222591362126,0.0046132528591217,0.0371707780064903,0.0050931547259512,-0.0114507644664179,,,,,
BAAI/bge-m3,1.0,ar,linear,QT_minus_TQ,4.0,8.110653917646122,0.9984753149730836,0.9998731626216528,8.707108758091575e-05,0.0033222591362126,0.0004880654829018,-0.0302008569367807,0.017305221319118,0.0441649192022776,,,,,
BAAI/bge-m3,1.0,ar,linear,MT_minus_TM,4.0,6.467544008004535,0.9952037685154254,0.9998854542745648,8.004452001679687e-05,0.0033222591362126,0.0123876829939813,0.0177025884041231,-0.009571980550276,-0.0716437487065124,,,,,
BAAI/bge-m3,1.0,ar,affine,NQ_minus_QN,4.0,11.075170838652957,0.9996012754673204,0.9998725271711386,8.882026378495814e-05,0.0166112956810631,0.0100641925492416,-0.0208977425054271,0.0330856837410904,0.0068621699413346,,,,,
BAAI/bge-m3,1.0,ar,affine,NM_minus_MN,4.0,9.139011585820588,0.9971190621332028,0.9998801235350542,8.359979362670855e-05,0.0033222591362126,0.0589461863144899,-0.010869290516583,0.0140656512311927,-0.0043250793373046,,,,,
BAAI/bge-m3,1.0,ar,affine,NT_minus_TN,4.0,12.036857763467331,0.9968201148847092,0.9998694717597684,8.206128401023783e-05,0.0033222591362126,0.0328939342680189,-0.0408848839145666,0.0059440505138738,0.0902797416121796,,,,,
BAAI/bge-m3,1.0,ar,affine,QM_minus_MQ,4.0,6.864668289938164,0.9985785212288372,0.9998724310055636,9.196268978917567e-05,0.0033222591362126,-0.0022293515594795,0.0394692746998091,0.0063367456844692,-0.0082727969289644,,,,,
BAAI/bge-m3,1.0,ar,affine,QT_minus_TQ,4.0,8.00161764565381,0.9987449123675324,0.9998799637077388,8.851854820783906e-05,0.0033222591362126,0.0070697278837023,-0.0339461969983481,0.0069408691897068,0.0367800471602469,,,,,
BAAI/bge-m3,1.0,ar,affine,MT_minus_TM,4.0,6.540589107223957,0.9940701594904272,0.9998777723640034,7.927607398903412e-05,0.0033222591362126,0.0176863593573146,0.0159637411061584,-0.0007085527401678,-0.0831644557590752,,,,,
BAAI/bge-m3,10.0,en,linear,NQ_minus_QN,4.0,5.786894143715911,0.9986292834947932,0.99987355187175,8.421608555226548e-05,0.0033222591362126,-0.0378330892684797,-0.0058863376747972,0.0310800209242366,0.0058331233956511,,,,,
BAAI/bge-m3,10.0,en,linear,NM_minus_MN,4.0,4.696198541523198,0.9985537441907038,0.9998793972982152,9.035436905089416e-05,0.0033222591362126,0.0014398954470885,-0.0141186400291241,0.0482576149834749,-0.0066651072764929,,,,,
BAAI/bge-m3,10.0,en,linear,NT_minus_TN,4.0,5.497918690681471,0.9975901748478916,0.9998810775064632,8.876782048179925e-05,0.0033222591362126,-0.0452878784187134,0.0034702573999449,0.0118131261148732,0.0533812112592069,,,,,
BAAI/bge-m3,10.0,en,linear,QM_minus_MQ,4.0,4.182366363455465,0.9987355313747984,0.999885285178107,8.296293908131288e-05,0.0033222591362126,-0.0258814032897198,0.0133799593615869,0.021834400634031,0.0105741237887885,,,,,
BAAI/bge-m3,10.0,en,linear,QT_minus_TQ,4.0,4.409881695092857,0.9988053542953844,0.9998780989217398,9.072790783357024e-05,0.0033222591362126,-0.007981178307367,0.0147424666291627,-0.0024215931242818,0.0230649879242295,,,,,
BAAI/bge-m3,10.0,en,linear,MT_minus_TM,4.0,3.899406403198593,0.9919205029800526,0.9998756125064728,8.837226903655965e-05,0.0033222591362126,0.035597526493544,0.0335821245623703,0.0074974724294797,-0.0907739487190598,,,,,
BAAI/bge-m3,10.0,en,affine,NQ_minus_QN,4.0,5.617689811167439,0.9976545940993158,0.9998779981295036,8.444064094612275e-05,0.0033222591362126,-0.0537022939794915,0.0034130836814404,0.0379091611936324,0.0132382101137394,,,,,
BAAI/bge-m3,10.0,en,affine,NM_minus_MN,4.0,4.645108873508892,0.9984263674183254,0.999881012941503,7.982572235866745e-05,0.0033222591362126,0.0073189529645063,-0.0248181034687539,0.0443514140614198,-0.0002925121290422,,,,,
BAAI/bge-m3,10.0,en,affine,NT_minus_TN,4.0,5.254491843828807,0.9973028565501836,0.9998677748139372,9.265148500644597e-05,0.0033222591362126,-0.0355891644231596,-0.0134707479630928,0.0033904614035554,0.0674967259674905,,,,,
BAAI/bge-m3,10.0,en,affine,QM_minus_MQ,4.0,4.119251184663459,0.9985392470471371,0.9998796936235064,8.071944753128857e-05,0.0033222591362126,-0.0266526393444802,0.0163671820802467,0.0253384685850868,0.0067566439528985,,,,,
BAAI/bge-m3,10.0,en,affine,QT_minus_TQ,4.0,4.28350156671948,0.9987220239128122,0.9998763180830332,9.40601236681169e-05,0.0033222591362126,-0.0068914125398053,0.0180291224274853,-0.0084335071691473,0.0212123174451561,,,,,
BAAI/bge-m3,10.0,en,affine,MT_minus_TM,4.0,3.8447548719116074,0.9916484247368248,0.9998793939112148,9.028779610849064e-05,0.0033222591362126,0.037141395818793,0.0313104920283757,0.0097319455746929,-0.0931977158234853,,,,,
BAAI/bge-m3,10.0,es,linear,NQ_minus_QN,4.0,6.20712489869073,0.9968199293654392,0.9998828770235844,8.19912232624455e-05,0.0033222591362126,-0.071308266947045,0.0315856276224129,0.0201072960197697,0.0222154695091076,,,,,
BAAI/bge-m3,10.0,es,linear,NM_minus_MN,4.0,4.774529195406656,0.9992815660360328,0.9998782393618368,7.747954986947577e-05,0.0033222591362126,0.0060470058722427,-0.016256202781027,0.0293385112747086,0.001809441132081,,,,,
BAAI/bge-m3,10.0,es,linear,NT_minus_TN,4.0,5.788365330257923,0.9965816768639042,0.9998761345870716,9.888877596954303e-05,0.0033222591362126,-0.0260203752758246,-0.0418180383062792,0.0152507834073199,0.0790380867985109,,,,,
BAAI/bge-m3,10.0,es,linear,QM_minus_MQ,4.0,4.19146271234198,0.9995502932096793,0.9998784620839528,8.370745193895604e-05,0.0066445182724252,-0.0144400438445285,0.0045413624880302,0.0170918066952472,-0.0039455253090173,,,,,
BAAI/bge-m3,10.0,es,linear,QT_minus_TQ,4.0,4.8583735304646005,0.9980698901129204,0.9998814498576628,7.85237149904205e-05,0.0033222591362126,0.011954532321186,-0.0442811960527482,0.007513645434579,0.0300916833640463,,,,,
BAAI/bge-m3,10.0,es,linear,MT_minus_TM,4.0,3.6620087819070433,0.9957293587816772,0.9998826919610394,8.583320531462397e-05,0.0033222591362126,0.0163671244579278,0.0159836339925186,0.0266403241150153,-0.0612340569624851,,,,,
BAAI/bge-m3,10.0,es,affine,NQ_minus_QN,4.0,6.035199955156843,0.9961017756476872,0.9998805705092574,8.67755025772238e-05,0.0033222591362126,-0.0759304353451849,0.0379101562420563,0.0258987042575078,0.0173210106096046,,,,,
BAAI/bge-m3,10.0,es,affine,NM_minus_MN,4.0,4.712825917995785,0.9992727778242948,0.9998699770298678,9.067622808979344e-05,0.0033222591362126,0.0092601411075075,-0.0171371435278715,0.0277346695313825,-0.0009791852313767,,,,,
BAAI/bge-m3,10.0,es,affine,NT_minus_TN,4.0,5.680835328196976,0.9960822769981248,0.99988190343171,9.0775616397921e-05,0.0033222591362126,-0.0296967737873533,-0.0427427138811419,0.0092731414624984,0.0866857093496358,,,,,
BAAI/bge-m3,10.0,es,affine,QM_minus_MQ,4.0,4.137942877889378,0.999328937716816,0.9998716919394608,9.010536717015758e-05,0.0033222591362126,-0.0159629691235339,0.0012976827734017,0.0241481437569364,-0.0025718702545768,,,,,
BAAI/bge-m3,10.0,es,affine,QT_minus_TQ,4.0,4.685937397621266,0.9979756924251052,0.9998727548456664,8.878273110253803e-05,0.0033222591362126,0.0135130957016712,-0.041884646142385,-0.0026006732141831,0.0355970888728917,,,,,
BAAI/bge-m3,10.0,es,affine,MT_minus_TM,4.0,3.611361565071664,0.9949869701932424,0.9998676797448705,9.263849277529888e-05,0.0033222591362126,0.0198750990787541,0.0158841687431763,0.0237206562180863,-0.0667511011135228,,,,,
BAAI/bge-m3,10.0,fr,linear,NQ_minus_QN,4.0,6.098062798582765,0.994472452817032,0.9998769355316224,8.57545858403896e-05,0.0033222591362126,-0.0682647853358966,0.0853523406787954,0.0061536366114286,-0.0040309852724999,,,,,
BAAI/bge-m3,10.0,fr,linear,NM_minus_MN,4.0,4.611174332594279,0.9993015933574186,0.9998818872775724,7.613545686325574e-05,0.0033222591362126,0.0098960049296552,-0.0154186305062804,0.0257650352414703,0.0004855657856299,,,,,
BAAI/bge-m3,10.0,fr,linear,NT_minus_TN,4.0,5.900236510989416,0.9962959048135062,0.9998823630397166,8.587067181899147e-05,0.0033222591362126,-0.0626812269637763,0.009878680975047,0.0003083647887343,0.0686057799162422,,,,,
BAAI/bge-m3,10.0,fr,linear,QM_minus_MQ,4.0,3.985732235957076,0.9998128392544696,0.9998641611754158,0.0001059819654097,0.2059800664451827,-0.0042706861107763,-0.0091632588680255,0.0015338710178877,0.004382430487156,,,,,
BAAI/bge-m3,10.0,fr,linear,QT_minus_TQ,4.0,4.949483916439573,0.9973092496286072,0.999874651839801,8.53171898174217e-05,0.0033222591362126,0.0275506261358779,-0.0550046637002599,0.007672757959195,0.0089122092901504,,,,,
BAAI/bge-m3,10.0,fr,linear,MT_minus_TM,4.0,3.735374119292239,0.9906411866741192,0.9998698181452084,9.150845047674612e-05,0.0033222591362126,0.0257030776760018,0.0265641619160361,0.0410435828490177,-0.0910431895697504,,,,,
BAAI/bge-m3,10.0,fr,affine,NQ_minus_QN,4.0,5.886915424074253,0.9935680046404578,0.9998821902611058,8.864679892003389e-05,0.0033222591362126,-0.0704349828275422,0.0918747896910745,0.0039004522161083,-0.0083025138134811,,,,,
BAAI/bge-m3,10.0,fr,affine,NM_minus_MN,4.0,4.552711783128418,0.9992298897105626,0.999872643400082,8.509832198143002e-05,0.0033222591362126,0.0130582158082452,-0.0215779885171216,0.019992902039108,0.0034127633138018,,,,,
BAAI/bge-m3,10.0,fr,affine,NT_minus_TN,4.0,5.712650468202308,0.9952816003852176,0.999873539893416,8.288799919600787e-05,0.0033222591362126,-0.066446781848358,0.0038895553550169,-0.0065654326376755,0.0813942708285446,,,,,
BAAI/bge-m3,10.0,fr,affine,QM_minus_MQ,4.0,3.95203291221838,0.9999213006464908,0.9998729415283394,8.118991301480067e-05,0.6777408637873754,-0.0024563599192169,-0.0054741311640637,0.0040017082451483,0.0001909259939795,,,,,
BAAI/bge-m3,10.0,fr,affine,QT_minus_TQ,4.0,4.822200782794975,0.9972297170176752,0.999881092046877,8.312522790632599e-05,0.0033222591362126,0.031185445695013,-0.0537903203937648,-0.0021036126315581,0.010601845341899,,,,,
BAAI/bge-m3,10.0,fr,affine,MT_minus_TM,4.0,3.693341477274045,0.9890569922686074,0.999872338539346,8.58955449029951e-05,0.0033222591362126,0.0265274582521583,0.0297589981133659,0.041698238704184,-0.0987331811439994,,,,,
BAAI/bge-m3,10.0,de,linear,NQ_minus_QN,4.0,5.949258217867204,0.998761756618088,0.999873960470288,9.138331851411464e-05,0.0033222591362126,-0.0223602984074315,0.0421683661967752,0.017418090575631,-0.0174907855425398,,,,,
BAAI/bge-m3,10.0,de,linear,NM_minus_MN,4.0,4.498735757842088,0.9997656573515928,0.9998850897890316,8.609691397906792e-05,0.1029900332225913,0.0144387305351717,-0.0024604701675272,-0.0032652676935935,-0.0042364264458633,,,,,
BAAI/bge-m3,10.0,de,linear,NT_minus_TN,4.0,5.693714127338833,0.9984971070036937,0.999864587327958,9.340897779281144e-05,0.0033222591362126,-0.0156299769472155,-0.0149139790636784,-0.0237467795495516,0.0576795768547052,,,,,
BAAI/bge-m3,10.0,de,linear,QM_minus_MQ,4.0,4.218359275259629,0.997876393447312,0.9998859245609776,7.864218017214657e-05,0.0033222591362126,-0.0103799703496301,0.0224344306028289,-0.0485692440401862,0.0131744617542536,,,,,
BAAI/bge-m3,10.0,de,linear,QT_minus_TQ,4.0,4.778740394593226,0.9982491186257794,0.9998803527436076,8.93108491766071e-05,0.0033222591362126,0.0207102747706738,-0.0418452624514314,-0.000516299592573,0.0207144654863496,,,,,
BAAI/bge-m3,10.0,de,linear,MT_minus_TM,4.0,3.5865204354026927,0.9915654604467148,0.999866004169499,9.216252882603746e-05,0.0033222591362126,0.0359374329597379,0.0066336173557922,0.0355770525161209,-0.0823502372886472,,,,,
BAAI/bge-m3,10.0,de,affine,NQ_minus_QN,4.0,5.770367915881633,0.9985886506356624,0.9998810157192968,7.655714017897572e-05,0.0033222591362126,-0.032043934978471,0.0401828375103286,0.0196657244463111,-0.010302517215737,,,,,
BAAI/bge-m3,10.0,de,affine,NM_minus_MN,4.0,4.407216151735572,0.999859988506979,0.9998686359861028,8.912315515736698e-05,0.388704318936877,0.0090293571235617,-0.0083081795589705,-0.001084976894669,0.0025750449614014,,,,,
BAAI/bge-m3,10.0,de,affine,NT_minus_TN,4.0,5.444469852741188,0.9973792739936064,0.9998811483177792,8.310161334286558e-05,0.0033222591362126,-0.0246135868398759,-0.0234595405239435,-0.0221403223443655,0.0740427105102428,,,,,
BAAI/bge-m3,10.0,de,affine,QM_minus_MQ,4.0,4.134216397920537,0.99785860384,0.9998747100247396,8.739111154124334e-05,0.0033222591362126,-0.0057762809120655,0.0175969211386569,-0.0521028656857936,0.0141299498088451,,,,,
BAAI/bge-m3,10.0,de,affine,QT_minus_TQ,4.0,4.633892882835242,0.9984895202478667,0.9998758832867786,8.020111147894877e-05,0.0033222591362126,0.0294277981995008,-0.0330848926042429,-0.0085123918246192,0.0023928621892989,,,,,
BAAI/bge-m3,10.0,de,affine,MT_minus_TM,4.0,3.525590243567485,0.9909494618137816,0.9998785916172076,8.471338663471814e-05,0.0033222591362126,0.0291642182484361,0.0088775174416257,0.0481527322428493,-0.0846741332412925,,,,,
BAAI/bge-m3,10.0,ru,linear,NQ_minus_QN,4.0,5.524751161625228,0.9966936701122444,0.9998787168935924,8.058542453966425e-05,0.0033222591362126,-0.0463336339267265,0.0668658359539325,0.0141341188274879,-0.0129644190647093,,,,,
BAAI/bge-m3,10.0,ru,linear,NM_minus_MN,4.0,4.087244963647383,0.9990185927431688,0.9998843722941096,7.496324231768817e-05,0.0033222591362126,-0.0130904148019891,-0.015762004441317,0.0288585207411472,0.0078084508152659,,,,,
BAAI/bge-m3,10.0,ru,linear,NT_minus_TN,4.0,5.147796112819293,0.9918799731354228,0.9998666525533764,9.366148023653744e-05,0.0033222591362126,-0.0815104214667047,-0.0157331456046814,0.0168396403398475,0.1058672886921194,,,,,
BAAI/bge-m3,10.0,ru,linear,QM_minus_MQ,4.0,4.063486648547401,0.9987890215827538,0.9998880428297172,7.449010293866322e-05,0.0033222591362126,-0.0106162756879418,0.0205059070096014,-0.0328619772790266,0.0046960385663199,,,,,
BAAI/bge-m3,10.0,ru,linear,QT_minus_TQ,4.0,4.628864058721017,0.993644129705539,0.9998787631803194,8.414756891547259e-05,0.0033222591362126,0.0279089088045314,-0.086541244687547,0.0026794348022445,0.0409348257801075,,,,,
BAAI/bge-m3,10.0,ru,linear,MT_minus_TM,4.0,3.4531420760933638,0.9938776911643592,0.9998756142282218,9.129380669662276e-05,0.0033222591362126,0.0303443537113477,0.0104679226555531,0.038992072455162,-0.0690697312886667,,,,,
BAAI/bge-m3,10.0,ru,affine,NQ_minus_QN,4.0,5.408162137443373,0.9955820077979228,0.9998816371572016,7.967449272574606e-05,0.0033222591362126,-0.0643014702520128,0.0667140384726202,0.0275925611411835,-0.0061817040198921,,,,,
BAAI/bge-m3,10.0,ru,affine,NM_minus_MN,4.0,4.012741857669421,0.9989227786608084,0.9998840866642704,7.783911012652481e-05,0.0033222591362126,-0.0036716902593975,-0.0225549819330414,0.0294693545581344,0.0020364547531347,,,,,
BAAI/bge-m3,10.0,ru,affine,NT_minus_TN,4.0,5.078124070115526,0.9928442741077405,0.9998897593407204,8.288760853628646e-05,0.0033222591362126,-0.0754798492759462,-0.0238561512424442,0.021903332123413,0.0986392312860145,,,,,
BAAI/bge-m3,10.0,ru,affine,QM_minus_MQ,4.0,4.021555107755884,0.9988042105304048,0.9998768847571872,8.941274333617856e-05,0.0033222591362126,-0.0123379786341863,0.0192462564138436,-0.0324819948549517,0.0083527837204292,,,,,
BAAI/bge-m3,10.0,ru,affine,QT_minus_TQ,4.0,4.575088347140487,0.9939419133901012,0.999880182296375,8.014862655542284e-05,0.0033222591362126,0.0309559026222427,-0.0853784588129226,0.0044125086432191,0.0337383648060517,,,,,
BAAI/bge-m3,10.0,ru,affine,MT_minus_TM,4.0,3.4404152854201926,0.9931779443637184,0.9998804953182112,7.961573546922147e-05,0.0033222591362126,0.0337788901082068,0.0091567482808886,0.0397843456867689,-0.0741482820286566,,,,,
BAAI/bge-m3,10.0,zh,linear,NQ_minus_QN,4.0,6.281515586553315,0.9942645962294424,0.9998790303526266,9.037284314591246e-05,0.0033222591362126,-0.0887306719148693,0.0662982215532998,0.0310159833545295,0.0071601046075602,,,,,
BAAI/bge-m3,10.0,zh,linear,NM_minus_MN,4.0,4.787666540660504,0.9991539524314302,0.9998690195108676,9.122062638405348e-05,0.0033222591362126,-0.0171905333802175,0.0014241317052858,0.0331593260327713,0.0040033540604021,,,,,
BAAI/bge-m3,10.0,zh,linear,NT_minus_TN,4.0,5.594647725786953,0.9955401171659284,0.9998776888565668,8.440139621490848e-05,0.0033222591362126,-0.0688895847336798,-0.0013167267633363,0.0234845149879044,0.0651943492834749,,,,,
BAAI/bge-m3,10.0,zh,linear,QM_minus_MQ,4.0,4.3601823997468365,0.9990482807038628,0.9998761942078742,8.79472988914007e-05,0.0033222591362126,-0.0195932804078709,0.0254731302374006,0.0035822976289827,-0.0078534051112913,,,,,
BAAI/bge-m3,10.0,zh,linear,QT_minus_TQ,4.0,4.869426874329113,0.9977356184810676,0.999873818299396,8.599833600381265e-05,0.0033222591362126,0.0135903050277763,-0.0478710704209944,-0.0036359536734291,0.0373965644749703,,,,,
BAAI/bge-m3,10.0,zh,linear,MT_minus_TM,4.0,4.000190606396367,0.993569247442712,0.9998771924303588,8.226372006295641e-05,0.0033222591362126,0.036248769879677,0.0184823001251325,0.0209803838290272,-0.0803284007910489,,,,,
BAAI/bge-m3,10.0,zh,affine,NQ_minus_QN,4.0,6.002792984228753,0.9926649104849676,0.9998800844214868,8.173576554723905e-05,0.0033222591362126,-0.1014618872703572,0.0661545892774421,0.031220169749779,0.0159647958500859,,,,,
BAAI/bge-m3,10.0,zh,affine,NM_minus_MN,4.0,4.660763816063926,0.9990977347827456,0.9998714213332393,9.269354106884046e-05,0.0033222591362126,-0.0199138202931485,-0.0036397031364211,0.0308520535547001,0.0090223579810922,,,,,
BAAI/bge-m3,10.0,zh,affine,NT_minus_TN,4.0,5.319308678731465,0.9942506897759864,0.9998757671024724,8.384299291747372e-05,0.0033222591362126,-0.0723487077380655,-0.0114310027824609,0.0196108742212484,0.079991760650379,,,,,
BAAI/bge-m3,10.0,zh,affine,QM_minus_MQ,4.0,4.283348002716752,0.9990684011486524,0.9998743534841936,9.227315506130953e-05,0.0033222591362126,-0.0214142351110795,0.0233072684850749,0.006074166722482,-0.0054267765949389,,,,,
BAAI/bge-m3,10.0,zh,affine,QT_minus_TQ,4.0,4.734403065358155,0.997603449603906,0.9998860164141502,7.793467817961967e-05,0.0033222591362126,0.0178294176117118,-0.0489386864706583,-0.0093688684961931,0.0341859525559413,,,,,
BAAI/bge-m3,10.0,zh,affine,MT_minus_TM,4.0,3.937413404663037,0.9927981814337384,0.9998725123226578,8.943191346242426e-05,0.0033222591362126,0.037298194533716,0.0208997234456268,0.020576604241826,-0.0861540461543231,,,,,
BAAI/bge-m3,10.0,ar,linear,NQ_minus_QN,4.0,6.3874775587631145,0.9996807497853374,0.9998795942805548,8.703053558060908e-05,0.0465116279069767,0.0032133347480731,0.020140041588269,-0.0071268091181724,6.889487990115759e-05,,,,,
BAAI/bge-m3,10.0,ar,linear,NM_minus_MN,4.0,4.8079156011184,0.9956175096739004,0.999887631717337,7.197475272264634e-05,0.0033222591362126,0.0573870998717516,-0.0128524885013351,-0.0017100513970408,-0.0087999595159658,,,,,
BAAI/bge-m3,10.0,ar,linear,NT_minus_TN,4.0,6.224265767426996,0.9994234177983106,0.9998784246239968,8.807355047007356e-05,0.0033222591362126,0.0082886251761272,-0.0185308270756406,0.0007298025408185,0.0277709561825595,,,,,
BAAI/bge-m3,10.0,ar,linear,QM_minus_MQ,4.0,4.133190977039133,0.9964015992161864,0.9998717405358616,9.093592050506691e-05,0.0033222591362126,-0.0015230674270933,0.0449166337924949,-0.036433832710852,0.0075142145548726,,,,,
BAAI/bge-m3,10.0,ar,linear,QT_minus_TQ,4.0,4.741088711517556,0.998033086521031,0.9998720321031564,9.532359271084328e-05,0.0033222591362126,0.0146263876681942,-0.0414875748743029,0.0236608164896988,-0.0043009823420028,,,,,
BAAI/bge-m3,10.0,ar,linear,MT_minus_TM,4.0,3.615846565693746,0.9831514423487744,0.9998838276106228,8.761034480362181e-05,0.0033222591362126,0.0290912266867095,0.0161599423701258,0.0396113369579484,-0.1138188192904009,,,,,
BAAI/bge-m3,10.0,ar,affine,NQ_minus_QN,4.0,6.080479482829951,0.9995334031390796,0.9998725315098907,9.25885018742212e-05,0.0066445182724252,-0.0031993227734192,0.0245314935547381,-0.0006834624395124,0.0013231677375832,,,,,
BAAI/bge-m3,10.0,ar,affine,NM_minus_MN,4.0,4.70019882422376,0.9952596615316944,0.9998790831269512,8.039471608787082e-05,0.0033222591362126,0.0592583916002447,-0.0173401422163123,-0.0039308009553376,-0.0052471011027518,,,,,
BAAI/bge-m3,10.0,ar,affine,NT_minus_TN,4.0,5.907594455246196,0.9986552345895272,0.99986924989004,8.003188873202908e-05,0.0033222591362126,0.0186055292723498,-0.0282771467731234,-0.0108949048378857,0.0383707604084231,,,,,
BAAI/bge-m3,10.0,ar,affine,QM_minus_MQ,4.0,4.103112683136411,0.996255599749214,0.9998690120833138,0.0001014819571693,0.0033222591362126,-0.0027292368232361,0.0470300417493892,-0.0364443197821984,0.0068815613093067,,,,,
BAAI/bge-m3,10.0,ar,affine,QT_minus_TQ,4.0,4.629800680786573,0.9980182294722548,0.9998848335803524,8.275055879267677e-05,0.0033222591362126,0.0200801205499076,-0.0368733734851434,0.0193457511654176,-0.014681547627984,,,,,
BAAI/bge-m3,10.0,ar,affine,MT_minus_TM,4.0,3.5958743816382563,0.9809955876704634,0.9998845438378192,7.740167769621119e-05,0.0033222591362126,0.0301247431298374,0.0162369369353234,0.0476398549026668,-0.122281972636271,,,,,
BAAI/bge-m3,100.0,en,linear,NQ_minus_QN,4.0,2.602206065652943,0.9513285718402492,0.9998802233864994,8.641580132891374e-05,0.0033222591362126,-0.2137720491462102,0.1318546193464482,0.0550512735941391,0.0344841036514697,,,,,
BAAI/bge-m3,100.0,en,linear,NM_minus_MN,4.0,2.2283969398134427,0.9113947004777608,0.999875752019527,9.523837845184824e-05,0.0033222591362126,-0.2015804716851337,0.0020363782618585,0.2178205277419324,-0.0067056420307129,,,,,
BAAI/bge-m3,100.0,en,linear,NT_minus_TN,4.0,2.25930205935051,0.9162752198307806,0.9998772849458324,9.734285396869696e-05,0.0033222591362126,-0.2508044393889275,0.0334279307732602,0.0395773376837611,0.1872596405101643,,,,,
BAAI/bge-m3,100.0,en,linear,QM_minus_MQ,4.0,2.2540612516548557,0.9354772066696454,0.9998824098631744,8.192267392622473e-05,0.0033222591362126,-0.0308898566784929,-0.1491770768179451,0.1897510498429526,-0.0077777367336035,,,,,
BAAI/bge-m3,100.0,en,linear,QT_minus_TQ,4.0,2.0201130527739943,0.963586365902946,0.9998792458304072,7.854267590818575e-05,0.0033222591362126,-0.0007420777490699,-0.1419336327877647,-0.0141691977628741,0.1561266366142114,,,,,
BAAI/bge-m3,100.0,en,linear,MT_minus_TM,4.0,1.7663539303779878,0.9467557754996916,0.999881051133788,8.646631725632818e-05,0.0033222591362126,0.0269685952873138,0.0216839370146669,-0.1648771740424763,0.1139046361004146,,,,,
BAAI/bge-m3,100.0,en,affine,NQ_minus_QN,4.0,2.5137643560493927,0.9250605890326372,0.999871896881762,8.029140755509805e-05,0.0033222591362126,-0.275930813081281,0.1525807930354712,0.0706627770197196,0.0621128294014743,,,,,
BAAI/bge-m3,100.0,en,affine,NM_minus_MN,4.0,2.144144886648234,0.90494995098837,0.9998853471940424,7.886313482112549e-05,0.0033222591362126,-0.2116502609017361,-0.0156892551238816,0.2222773416338511,0.0143322155709507,,,,,
BAAI/bge-m3,100.0,en,affine,NT_minus_TN,4.0,2.097121075653832,0.9051966900824968,0.9998693347892011,9.378567340639455e-05,0.0033222591362126,-0.2594200425142087,0.0066761871247204,0.0295431558619868,0.230177127765138,,,,,
BAAI/bge-m3,100.0,en,affine,QM_minus_MQ,4.0,2.1860948606248964,0.932275435689637,0.9998737552245271,9.334517607402188e-05,0.0033222591362126,-0.0356438548369649,-0.1463055753116867,0.2010759007505838,-0.0173146435718617,,,,,
BAAI/bge-m3,100.0,en,affine,QT_minus_TQ,4.0,1.8867218588702075,0.9612365411978242,0.9998764837452592,9.094756977090936e-05,0.0033222591362126,-0.0162930287456766,-0.1348223384206519,-0.0284623162409195,0.1777073504549841,,,,,
BAAI/bge-m3,100.0,en,affine,MT_minus_TM,4.0,1.6940501029373054,0.9467661586697864,0.9998759853945028,9.439736124292224e-05,0.0033222591362126,0.0261033102042475,0.0243077362607823,-0.1633142242455713,0.1105575750708496,,,,,
BAAI/bge-m3,100.0,es,linear,NQ_minus_QN,4.0,2.835110948636828,0.9309576744796414,0.9998857303751362,8.019072190572009e-05,0.0033222591362126,-0.2507720097377375,0.1961653842977481,0.0383457457459521,0.0267906436207663,,,,,
BAAI/bge-m3,100.0,es,linear,NM_minus_MN,4.0,2.2668651165850227,0.8977262485849828,0.9998818453816116,7.831971544364906e-05,0.0033222591362126,-0.2213342706454236,-0.0094506857797524,0.2358383913741727,0.0063017667678773,,,,,
BAAI/bge-m3,100.0,es,linear,NT_minus_TN,4.0,2.2659335253853774,0.9127071182747752,0.9998762706310088,8.443269101000595e-05,0.0033222591362126,-0.2492000762656963,0.0050920045195669,0.0431752347261134,0.2077190213987942,,,,,
BAAI/bge-m3,100.0,es,linear,QM_minus_MQ,4.0,2.3016648011413228,0.923166287608491,0.9998820587508672,7.626501843448612e-05,0.0033222591362126,-0.0219756124449529,-0.1655765301869236,0.2062883867424222,-0.0198227919603902,,,,,
BAAI/bge-m3,100.0,es,linear,QT_minus_TQ,4.0,2.365129703486741,0.9353717613417336,0.9998785157304544,8.617915442473483e-05,0.0033222591362126,0.0141331415268472,-0.2111495008738102,-0.0098947406236251,0.1999614243438613,,,,,
BAAI/bge-m3,100.0,es,linear,MT_minus_TM,4.0,1.7483081702366237,0.9308075813413456,0.9998826955560306,8.360775331508508e-05,0.0033222591362126,0.021724329436062,0.0079338575413549,-0.1869942141282636,0.1540600363708691,,,,,
BAAI/bge-m3,100.0,es,affine,NQ_minus_QN,4.0,2.736228840631861,0.9104169879125736,0.9998784515209688,9.043542246567442e-05,0.0033222591362126,-0.3036563375124451,0.2000818672338629,0.0618063696507742,0.0531004361346584,,,,,
BAAI/bge-m3,100.0,es,affine,NM_minus_MN,4.0,2.1966463981760853,0.8937541751128836,0.999873407000156,9.142297236401294e-05,0.0033222591362126,-0.2244378784965019,-0.0186239073300188,0.2450337557273567,0.0076268271764563,,,,,
BAAI/bge-m3,100.0,es,affine,NT_minus_TN,4.0,2.181964830813908,0.898792748543278,0.9998807841639904,8.375915238534238e-05,0.0033222591362126,-0.2680874437895637,-0.0086172995725697,0.0307541310842815,0.2508756523117903,,,,,
BAAI/bge-m3,100.0,es,affine,QM_minus_MQ,4.0,2.248232716050542,0.9200415378575212,0.9998751823216252,8.732961210713451e-05,0.0033222591362126,-0.0301626343923596,-0.168706872307923,0.2167514608063327,-0.0190642615365838,,,,,
BAAI/bge-m3,100.0,es,affine,QT_minus_TQ,4.0,2.216489711685144,0.9316318577434484,0.9998681682699708,8.912805597606644e-05,0.0033222591362126,0.0014815847152779,-0.2056135485005583,-0.0302576649209165,0.2265808288120188,,,,,
BAAI/bge-m3,100.0,es,affine,MT_minus_TM,4.0,1.677561374888532,0.9342603590830864,0.9998697387471558,8.893048876660673e-05,0.0033222591362126,0.027572775363317,0.0111260867446488,-0.1831780887914091,0.1408524001573922,,,,,
BAAI/bge-m3,100.0,fr,linear,NQ_minus_QN,4.0,2.75495614017923,0.9353243808500044,0.9998807172754036,8.355115733519941e-05,0.0033222591362126,-0.2349883612405872,0.189690640766187,0.0315696692143848,0.0269414260077978,,,,,
BAAI/bge-m3,100.0,fr,linear,NM_minus_MN,4.0,2.24901302823965,0.9106890590095698,0.9998781532401896,9.209018361948032e-05,0.0033222591362126,-0.2022652113102054,-0.0094715068934549,0.2208812912829997,0.0015575123608215,,,,,
BAAI/bge-m3,100.0,fr,linear,NT_minus_TN,4.0,2.304559887234911,0.9152615022249556,0.9998725817209002,9.149984260314377e-05,0.0033222591362126,-0.2537875096566144,0.025992844387671,0.0383560866149252,0.1976109141819379,,,,,
BAAI/bge-m3,100.0,fr,linear,QM_minus_MQ,4.0,2.236442486752319,0.9290470812999688,0.999881220061346,8.030651572120885e-05,0.0033222591362126,-0.0204468799367409,-0.160703548009233,0.1924395413120786,-0.0144817989580481,,,,,
BAAI/bge-m3,100.0,fr,linear,QT_minus_TQ,4.0,2.3035161095112557,0.9492449074104548,0.9998739506260608,8.667256531850186e-05,0.0033222591362126,0.0217718972072762,-0.1888265934345544,-0.0022606898883712,0.1604860461990092,,,,,
BAAI/bge-m3,100.0,fr,linear,MT_minus_TM,4.0,1.7431021621302527,0.94747545884789,0.9998682295494143,8.966612451348456e-05,0.0033222591362126,0.0252169281107435,0.0173003978620578,-0.1642846046422464,0.1203579966625226,,,,,
BAAI/bge-m3,100.0,fr,affine,NQ_minus_QN,4.0,2.648491842054137,0.9137367782949896,0.999873579638206,8.739500701586101e-05,0.0033222591362126,-0.2889363012046694,0.1965308126423745,0.0558691396039999,0.0503053145231659,,,,,
BAAI/bge-m3,100.0,fr,affine,NM_minus_MN,4.0,2.1664108315973265,0.9011290739885766,0.9998804227248218,7.924174315264948e-05,0.0033222591362126,-0.2145980110437274,-0.0226994758684527,0.2319063515119586,0.014648624619407,,,,,
BAAI/bge-m3,100.0,fr,affine,NT_minus_TN,4.0,2.1691689211480387,0.8998779987404776,0.999881501888104,8.633992741711095e-05,0.0033222591362126,-0.2688527699324924,0.0033223282566137,0.0257990420569475,0.2452517335884185,,,,,
BAAI/bge-m3,100.0,fr,affine,QM_minus_MQ,4.0,2.1681532875168883,0.928956293421748,0.9998707531762712,8.602293124149547e-05,0.0033222591362126,-0.0281552572779774,-0.1533944051967333,0.2040472397841898,-0.0250585261352462,,,,,
BAAI/bge-m3,100.0,fr,affine,QT_minus_TQ,4.0,2.1674367895112088,0.9479690943444656,0.9998831764496494,8.493279507686903e-05,0.0033222591362126,0.0057921445408819,-0.1807886694062479,-0.0238889367797215,0.1893068913354028,,,,,
BAAI/bge-m3,100.0,fr,affine,MT_minus_TM,4.0,1.664417920203104,0.948859235893383,0.9998795941965872,7.885676203817431e-05,0.0033222591362126,0.0301169670751639,0.0193649841827681,-0.1611933618963165,0.1098529962221913,,,,,
BAAI/bge-m3,100.0,de,linear,NQ_minus_QN,4.0,2.734940721074853,0.9426803847936556,0.999872484091906,7.843107248471872e-05,0.0033222591362126,-0.2156169597490589,0.1845555083004135,0.0366291396971527,0.0075929739561066,,,,,
BAAI/bge-m3,100.0,de,linear,NM_minus_MN,4.0,2.155407838790651,0.9123601534139284,0.9998772408266896,8.492509707989706e-05,0.0033222591362126,-0.2045109228143727,0.0025267349620585,0.2139371098582065,-0.0026950263959276,,,,,
BAAI/bge-m3,100.0,de,linear,NT_minus_TN,4.0,2.2575523374970072,0.9325016673244836,0.9998737494960804,8.599522344005021e-05,0.0033222591362126,-0.2280113968667036,0.0193609252158175,0.0314911545283226,0.1846398881827311,,,,,
BAAI/bge-m3,100.0,de,linear,QM_minus_MQ,4.0,2.245996619746782,0.9351596507536544,0.9998827397485192,7.847571359399657e-05,0.0033222591362126,-0.0233506241814496,-0.1554761753129554,0.1892631417467915,-0.0138295952738835,,,,,
BAAI/bge-m3,100.0,de,linear,QT_minus_TQ,4.0,2.2964722807010074,0.9384914569842072,0.9998850588465724,7.386550695319206e-05,0.0033222591362126,0.0138437483547044,-0.1979137611624105,-0.0221579506192514,0.1976650554848982,,,,,
BAAI/bge-m3,100.0,de,linear,MT_minus_TM,4.0,1.7173768318169442,0.9361806173512252,0.9998707213045196,8.769086273028377e-05,0.0033222591362126,0.0298878275499781,0.0054812380648501,-0.1839765269809261,0.1453858883171176,,,,,
BAAI/bge-m3,100.0,de,affine,NQ_minus_QN,4.0,2.634635814294118,0.92346297911362,0.999886996402707,7.736492767287934e-05,0.0033222591362126,-0.2745685892770956,0.1844340397236395,0.0675171141063991,0.0370800268516427,,,,,
BAAI/bge-m3,100.0,de,affine,NM_minus_MN,4.0,2.091615051690608,0.8974319958740096,0.9998680792542756,9.12248579045809e-05,0.0033222591362126,-0.2307313220345441,-0.010421397887056,0.2302895464020292,0.0201261263123305,,,,,
BAAI/bge-m3,100.0,de,affine,NT_minus_TN,4.0,2.1124536197138606,0.9087036228677388,0.999878484648825,8.460262050771654e-05,0.0033222591362126,-0.2578025981187317,-0.0031021534530736,0.0306403328180094,0.2366808215484406,,,,,
BAAI/bge-m3,100.0,de,affine,QM_minus_MQ,4.0,2.165759263641561,0.9334538496377212,0.999869452602424,9.37701396702329e-05,0.0033222591362126,-0.0386308689092433,-0.1525854510553713,0.1969616791915706,-0.0094845094109842,,,,,
BAAI/bge-m3,100.0,de,affine,QT_minus_TQ,4.0,2.179997357581404,0.9417286713356772,0.9998738843217456,8.904619275370427e-05,0.0033222591362126,0.0018460729885938,-0.1866179184628615,-0.0306818834258838,0.2059448289479998,,,,,
BAAI/bge-m3,100.0,de,affine,MT_minus_TM,4.0,1.6404354970215709,0.9438354727375458,0.9998795407458996,8.842521138556699e-05,0.0033222591362126,0.033652403552058,0.0085259973994545,-0.1711352507577553,0.1266796057131681,,,,,
BAAI/bge-m3,100.0,ru,linear,NQ_minus_QN,4.0,2.518198941469088,0.9359596996131052,0.9998778536482814,7.86352223765622e-05,0.0033222591362126,-0.2186162159231864,0.2016666622261901,0.0365746034361107,-0.0070822098787034,,,,,
BAAI/bge-m3,100.0,ru,linear,NM_minus_MN,4.0,2.125968982630142,0.8839479864152437,0.9998809083183452,8.627288449242451e-05,0.0033222591362126,-0.2318946550113073,-0.0089307047663605,0.2497354399377382,-0.0008692921388635,,,,,
BAAI/bge-m3,100.0,ru,linear,NT_minus_TN,4.0,2.0914564157214803,0.8993223093113836,0.9998758590838258,9.50859572309472e-05,0.0033222591362126,-0.2696641243076822,0.026411558496703,0.0438877132286926,0.2066707784566326,,,,,
BAAI/bge-m3,100.0,ru,linear,QM_minus_MQ,4.0,2.1198558597061723,0.9183414541067416,0.9998812197959208,8.341391502434322e-05,0.0033222591362126,-0.0312346558192576,-0.1693697401356794,0.2133460617390811,-0.0173289898800197,,,,,
BAAI/bge-m3,100.0,ru,linear,QT_minus_TQ,4.0,2.22530306070381,0.927111088316732,0.9998754994609104,8.924684671530238e-05,0.0033222591362126,0.0270057519770499,-0.2324408980754594,-0.0149428025044061,0.2108457859983096,,,,,
BAAI/bge-m3,100.0,ru,linear,MT_minus_TM,4.0,1.6498396080543802,0.9296114351459616,0.999883315410834,7.448712087462599e-05,0.0033222591362126,0.0361432814520768,0.0128097945475098,-0.1900284747184201,0.1405223631558753,,,,,
BAAI/bge-m3,100.0,ru,affine,NQ_minus_QN,4.0,2.41129557460161,0.9135893923207996,0.9998783302224206,7.910193035746464e-05,0.0033222591362126,-0.2782581664900841,0.213158979105783,0.0580566552664252,0.0206347940258638,,,,,
BAAI/bge-m3,100.0,ru,affine,NM_minus_MN,4.0,2.0448568825148508,0.8786628041740226,0.9998788618925046,8.311720393762485e-05,0.0033222591362126,-0.240388296539959,-0.0251201330674638,0.2571965882761994,0.0149313595021114,,,,,
BAAI/bge-m3,100.0,ru,affine,NT_minus_TN,4.0,1.9668547287102067,0.8897786577661917,0.9998804786928402,7.866140872692733e-05,0.0033222591362126,-0.2792410597698169,-0.0047888840625386,0.0342592311499236,0.2553278368094058,,,,,
BAAI/bge-m3,100.0,ru,affine,QM_minus_MQ,4.0,2.047719390522306,0.9176429766359304,0.9998779359959132,9.307070534816246e-05,0.0033222591362126,-0.0370471505244618,-0.1660365034708593,0.2210858515515541,-0.0228061933540705,,,,,
BAAI/bge-m3,100.0,ru,affine,QT_minus_TQ,4.0,2.1073070938626626,0.925500641968729,0.9998839256737946,8.212665615255923e-05,0.0033222591362126,0.0085240643467549,-0.2271943215615152,-0.0281575253323958,0.2363545007976763,,,,,
BAAI/bge-m3,100.0,ru,affine,MT_minus_TM,4.0,1.586149696250924,0.9295003468527826,0.999881030976068,8.789420888160024e-05,0.0033222591362126,0.0368518244149052,0.0144121953386038,-0.189761174803704,0.1375325962614341,,,,,
BAAI/bge-m3,100.0,zh,linear,NQ_minus_QN,4.0,2.844411961281458,0.9294176172822356,0.9998788282118544,8.099701854901214e-05,0.0033222591362126,-0.2514902537958723,0.2003013955874706,0.0471720188430139,0.0188422371816043,,,,,
BAAI/bge-m3,100.0,zh,linear,NM_minus_MN,4.0,2.257348227271029,0.904806208704006,0.9998699497805994,8.74082542891623e-05,0.0033222591362126,-0.2131915593665682,-2.785475415127692e-05,0.2245454309073805,6.80327595576465e-05,,,,,
BAAI/bge-m3,100.0,zh,linear,NT_minus_TN,4.0,2.292616069329048,0.908092576033934,0.9998777311493328,8.82393331302066e-05,0.0033222591362126,-0.2634654868085918,0.0333866899177815,0.042701895564429,0.1962097957018155,,,,,
BAAI/bge-m3,100.0,zh,linear,QM_minus_MQ,4.0,2.2931054244033917,0.9334805617283024,0.9998800665831392,8.584895520932525e-05,0.0033222591362126,-0.023405996349722,-0.1550247922005274,0.193068242099839,-0.0157945782802006,,,,,
BAAI/bge-m3,100.0,zh,linear,QT_minus_TQ,4.0,2.309399251731533,0.9394026820365888,0.9998724586159364,9.354568158109812e-05,0.0033222591362126,0.024179484749925,-0.2041322022393718,-0.0154988239730388,0.1863899842281288,,,,,
BAAI/bge-m3,100.0,zh,linear,MT_minus_TM,4.0,1.7811088446397043,0.9446724363107378,0.9998799917041912,8.162823463160299e-05,0.0033222591362126,0.0323054503979625,0.0069986209022924,-0.1693687873390769,0.1274666177045224,,,,,
BAAI/bge-m3,100.0,zh,affine,NQ_minus_QN,4.0,2.719617716189973,0.905292152236848,0.999884340174924,7.967751602467239e-05,0.0033222591362126,-0.3093240310982451,0.20980135932675,0.067612220338692,0.0473693197470568,,,,,
BAAI/bge-m3,100.0,zh,affine,NM_minus_MN,4.0,2.1773119673260912,0.8951563676263815,0.999873491868434,8.870220198052778e-05,0.0033222591362126,-0.2295246127300165,-0.0121442878742888,0.23058269330432,0.0209100093068233,,,,,
BAAI/bge-m3,100.0,zh,affine,NT_minus_TN,4.0,2.128554211009769,0.8940560835658716,0.9998782858235008,7.724203150588105e-05,0.0033222591362126,-0.275510906633759,0.0070024323880038,0.0336375160534822,0.2414486369458708,,,,,
BAAI/bge-m3,100.0,zh,affine,QM_minus_MQ,4.0,2.2349976608997677,0.9307521426114976,0.999877662005664,8.509504096592333e-05,0.0033222591362126,-0.032770210471866,-0.1528514472570503,0.203221583694423,-0.0180682294652701,,,,,
BAAI/bge-m3,100.0,zh,affine,QT_minus_TQ,4.0,2.1905084854252963,0.9355090364593748,0.9998801161205272,8.091096775003761e-05,0.0033222591362126,0.0077532843890439,-0.2020817311699255,-0.0291499987885481,0.2133695207156863,,,,,
BAAI/bge-m3,100.0,zh,affine,MT_minus_TM,4.0,1.7102426771651618,0.9432548712912988,0.999871774119156,9.809054473376929e-05,0.0033222591362126,0.0324902956089486,0.0084519450804289,-0.1700351410048475,0.1258696115606285,,,,,
BAAI/bge-m3,100.0,ar,linear,NQ_minus_QN,4.0,2.738886663208429,0.9385549580902268,0.999879463999196,8.507878058328413e-05,0.0033222591362126,-0.2102350935170416,0.2008010242578713,-0.0047190746227495,0.0267877106981355,,,,,
BAAI/bge-m3,100.0,ar,linear,NM_minus_MN,4.0,2.115994162144364,0.9330432781855408,0.9998786769634572,9.32089663937292e-05,0.0033222591362126,-0.1827802471002905,0.0078995639121162,0.1762201395271224,0.0104900099451524,,,,,
BAAI/bge-m3,100.0,ar,linear,NT_minus_TN,4.0,2.333232529185092,0.920943993487214,0.9998726663190678,9.115005804477745e-05,0.0033222591362126,-0.2448043077113092,0.0295119765491617,0.0452197547016925,0.1770841919062432,,,,,
BAAI/bge-m3,100.0,ar,linear,QM_minus_MQ,4.0,2.042989252526112,0.9600552662938132,0.9998761814161556,8.523405386428649e-05,0.0033222591362126,-0.007486974857523,-0.1340042074695391,0.1279112181595997,0.0143187828685319,,,,,
BAAI/bge-m3,100.0,ar,linear,QT_minus_TQ,4.0,2.2332587975810787,0.9366466992386764,0.9998804213947724,8.144421498272863e-05,0.0033222591362126,0.0203202595825747,-0.2114585586742623,0.0279056149627083,0.1536299041513822,,,,,
BAAI/bge-m3,100.0,ar,linear,MT_minus_TM,4.0,1.536172644832099,0.975920191820452,0.9998822969850824,9.799893402412508e-05,0.0033222591362126,0.0251125526786971,-0.000509784474306,-0.1095978641714714,0.079638953155857,,,,,
BAAI/bge-m3,100.0,ar,affine,NQ_minus_QN,4.0,2.5806575497807827,0.9242010998312408,0.9998742768401848,9.309833557476544e-05,0.0033222591362126,-0.2521855924081152,0.1985813548576639,0.0292502066625238,0.03815973378168,,,,,
BAAI/bge-m3,100.0,ar,affine,NM_minus_MN,4.0,1.9798985787025285,0.9321268357528693,0.9998794631248176,7.903315153757024e-05,0.0033222591362126,-0.184630295634971,-0.0060929031778588,0.1750884169991676,0.0257964822341785,,,,,
BAAI/bge-m3,100.0,ar,affine,NT_minus_TN,4.0,2.109009196761241,0.916015591308418,0.9998723237209216,8.531302164228198e-05,0.0033222591362126,-0.2388586910727697,0.0008901241855487,0.0293874870411073,0.2136716602654259,,,,,
BAAI/bge-m3,100.0,ar,affine,QM_minus_MQ,4.0,1.9461007032384925,0.9649441943014844,0.9998695627325166,9.711749703739846e-05,0.0033222591362126,-0.0102103446839342,-0.1220684142184687,0.1282092986246762,0.0047448590844525,,,,,
BAAI/bge-m3,100.0,ar,affine,QT_minus_TQ,4.0,2.077015242147948,0.9422946218605392,0.9998853720582402,8.139016922545112e-05,0.0033222591362126,0.0078396942840653,-0.194007034150091,0.0092167519235057,0.1676035927811549,,,,,
BAAI/bge-m3,100.0,ar,affine,MT_minus_TM,4.0,1.4347586843296838,0.9829999037005144,0.9998870075080388,8.714945908263042e-05,0.0033222591362126,0.0264120824435742,0.000291046934707,-0.0908367211860159,0.0591114433319471,,,,,
bert-base-multilingual-cased,0.1,en,linear,NQ_minus_QN,4.0,7.565749175108826,0.9942156266712944,0.999881415960075,8.959495740948723e-05,0.0033222591362126,-0.0559947422830086,0.0791809433809209,-0.0305601846590772,-0.0536363179106347,,,,,
bert-base-multilingual-cased,0.1,en,linear,NM_minus_MN,4.0,5.765724029005551,0.9986367819196884,0.9998698950163376,9.759844043200586e-05,0.0033222591362126,0.0391170187118021,-0.009416563844895,-0.0215587851057952,-0.0200269298712384,,,,,
bert-base-multilingual-cased,0.1,en,linear,NT_minus_TN,4.0,6.055593366708395,0.9978986217234196,0.9998828831972584,8.187166290470597e-05,0.0033222591362126,-0.0449438698658383,0.0201255935169639,-0.0260907117191661,0.0076875092028305,,,,,
bert-base-multilingual-cased,0.1,en,linear,QM_minus_MQ,4.0,6.825034720559263,0.99745745366925,0.9998806898148198,9.025718118596406e-05,0.0033222591362126,0.0478409352156716,-0.0398236038808537,-0.0274009431182651,-0.0104658308902672,,,,,
bert-base-multilingual-cased,0.1,en,linear,QT_minus_TQ,4.0,7.381383078996566,0.9969147305931432,0.99988326262242,8.306429200225867e-05,0.0033222591362126,0.070963870907889,-0.04564991161922,0.0135671451865811,-0.0009099951822927,,,,,
bert-base-multilingual-cased,0.1,en,linear,MT_minus_TM,4.0,5.825979594562386,0.9993934702743156,0.9998781346036671,9.358031789386991e-05,0.0033222591362126,0.0030045846037348,0.0206187041994256,0.0061117084197683,-0.0177667236875012,,,,,
bert-base-multilingual-cased,0.1,en,affine,NQ_minus_QN,4.0,7.442129694489115,0.9941870730039446,0.9998769281261048,8.572394069237199e-05,0.0033222591362126,-0.0615476437579424,0.0815197273273854,-0.02329210128381,-0.048613784726987,,,,,
bert-base-multilingual-cased,0.1,en,affine,NM_minus_MN,4.0,5.815962399419084,0.9989913328683776,0.9998774643078204,8.595152929139641e-05,0.0033222591362126,0.0285432182648787,-0.0118045412602333,-0.0243602119505511,-0.007228486913849,,,,,
bert-base-multilingual-cased,0.1,en,affine,NT_minus_TN,4.0,6.05475045567859,0.9984464049880598,0.9998770753157392,8.564334175884538e-05,0.0033222591362126,-0.0393975209387968,0.0189741920539555,-0.0194389813467474,0.0041190451758221,,,,,
bert-base-multilingual-cased,0.1,en,affine,QM_minus_MQ,4.0,6.9005184575274825,0.9971576027858714,0.9998685701004336,8.629468793832532e-05,0.0033222591362126,0.0462567988914242,-0.0391329479808164,-0.0403663046444444,-0.0045311266764732,,,,,
bert-base-multilingual-cased,0.1,en,affine,QT_minus_TQ,4.0,7.28175725427718,0.99748010819484,0.999882181955284,8.347385992061294e-05,0.0033222591362126,0.0643386018540392,-0.0412168880105963,0.0060104035366756,0.0006212909531838,,,,,
bert-base-multilingual-cased,0.1,en,affine,MT_minus_TM,4.0,5.899495762589897,0.9988039163047248,0.9998804744908542,8.562210512154333e-05,0.0033222591362126,0.0146579844572398,0.0253488455834323,0.0062058924304588,-0.0340086226252474,,,,,
bert-base-multilingual-cased,0.1,es,linear,NQ_minus_QN,4.0,7.867834979174235,0.9969330477438564,0.9998840723237824,8.071292788487944e-05,0.0033222591362126,-0.0547010967461195,0.046585255847001,0.0006762859404998,-0.0381897851752956,,,,,
bert-base-multilingual-cased,0.1,es,linear,NM_minus_MN,4.0,6.013976722499717,0.999423532583912,0.99988313732143,8.314794715707722e-05,0.0033222591362126,0.0159247306262745,-0.0007615418938864,-0.0229564147891172,-0.0133854099956357,,,,,
bert-base-multilingual-cased,0.1,es,linear,NT_minus_TN,4.0,6.394462264660734,0.9995515970182416,0.9998751470733502,9.002821073760379e-05,0.0132890365448504,-0.0089819948669928,0.0067334133342438,-0.013797243312387,-0.0118244643785801,,,,,
bert-base-multilingual-cased,0.1,es,linear,QM_minus_MQ,4.0,6.605293997003785,0.998445186811124,0.999881474671128,8.194667573395961e-05,0.0033222591362126,0.0208968166195966,-0.0406345728341487,0.0002692100728833,0.0008105361693013,,,,,
bert-base-multilingual-cased,0.1,es,linear,QT_minus_TQ,4.0,7.469687885171987,0.9959647955028595,0.9998752029378092,9.095935895418568e-05,0.0033222591362126,0.0697067365011844,-0.0589622690395258,-0.0033591083548587,0.022849734872063,,,,,
bert-base-multilingual-cased,0.1,es,linear,MT_minus_TM,4.0,6.063116522128495,0.9997888097564614,0.9998729319642268,9.27237178413169e-05,0.1561461794019933,0.0077849327281578,0.0097069657918796,-0.0051666489248738,-0.0034379924832153,,,,,
bert-base-multilingual-cased,0.1,es,affine,NQ_minus_QN,4.0,7.735251436688183,0.997225514398173,0.9998786866405605,8.051051287531607e-05,0.0033222591362126,-0.0504837410157029,0.0508577684455448,0.0067980354095873,-0.0363937057434929,,,,,
bert-base-multilingual-cased,0.1,es,affine,NM_minus_MN,4.0,6.068008501505437,0.9993618205995948,0.9998769255115708,7.768491951024119e-05,0.0033222591362126,0.0093216441894042,0.0006352291572117,-0.0274938807018764,-0.0098653869494291,,,,,
bert-base-multilingual-cased,0.1,es,affine,NT_minus_TN,4.0,6.399749857505424,0.9994543483392568,0.9998854690351416,8.156235289414815e-05,0.0033222591362126,-0.00406096827095,0.0082257105453152,-0.0024669788873814,-0.0242585966781432,,,,,
bert-base-multilingual-cased,0.1,es,affine,QM_minus_MQ,4.0,6.646840753725606,0.997894439664342,0.9998757503878524,8.608833561713e-05,0.0033222591362126,0.0224410099470161,-0.0456319003002978,-0.0132127678550946,0.0031041723764306,,,,,
bert-base-multilingual-cased,0.1,es,affine,QT_minus_TQ,4.0,7.451482581626712,0.9968515885659396,0.9998784217838104,8.16361352778458e-05,0.0033222591362126,0.065321735647594,-0.0541070365348567,-0.0098476809486691,0.0113768956766962,,,,,
bert-base-multilingual-cased,0.1,es,affine,MT_minus_TM,4.0,6.090067686088909,0.999837807158784,0.9998720028130962,9.003455646195937e-05,0.2890365448504983,0.0106436737753507,0.0067766577928789,-0.0006612485595,-0.0088649322220066,,,,,
bert-base-multilingual-cased,0.1,fr,linear,NQ_minus_QN,4.0,7.589997805074309,0.996327641295936,0.9998770416033088,8.646180873869519e-05,0.0033222591362126,-0.0120757561759351,0.0663496041305918,-0.0287843211038474,-0.0640684077511892,,,,,
bert-base-multilingual-cased,0.1,fr,linear,NM_minus_MN,4.0,6.052084690285594,0.9975728769223292,0.9998779926275544,8.529035780841804e-05,0.0033222591362126,0.0518758992326083,-0.0031524572719609,-0.0346850030664597,-0.03662353152306,,,,,
bert-base-multilingual-cased,0.1,fr,linear,NT_minus_TN,4.0,6.157395564956273,0.9993577324927504,0.999878641332094,8.464271067031363e-05,0.0033222591362126,-0.0076769488452772,0.0155997732894723,-0.015202100167074,-0.0184334102304815,,,,,
bert-base-multilingual-cased,0.1,fr,linear,QM_minus_MQ,4.0,6.858579738139158,0.9984971345072806,0.9998735420981738,8.623293656004521e-05,0.0033222591362126,0.0187239361116493,-0.0422797041749408,-0.0033976988492997,0.0073879200633083,,,,,
bert-base-multilingual-cased,0.1,fr,linear,QT_minus_TQ,4.0,7.356898308695115,0.9968714420380907,0.999875378109342,9.644092611355812e-05,0.0033222591362126,0.0489335468947668,-0.0609343668530873,0.0214460664214996,0.0184159365982669,,,,,
bert-base-multilingual-cased,0.1,fr,linear,MT_minus_TM,4.0,6.121732725277501,0.9997735454145528,0.9998808295097072,7.947780493019202e-05,0.1029900332225913,0.0070514145476653,0.0021528685167958,-0.0007981387177055,0.0073253738030073,,,,,
bert-base-multilingual-cased,0.1,fr,affine,NQ_minus_QN,4.0,7.535952609570979,0.9966856043749732,0.999879028137335,8.93886731549329e-05,0.0033222591362126,-0.0048757844467674,0.0627049297271435,-0.0235815602072541,-0.0672132126327453,,,,,
bert-base-multilingual-cased,0.1,fr,affine,NM_minus_MN,4.0,6.157207468509452,0.9977026456711348,0.9998816009277282,8.52180749456846e-05,0.0033222591362126,0.0519817377789642,-0.0035371416494988,-0.0361213098193134,-0.0307827921117569,,,,,
bert-base-multilingual-cased,0.1,fr,affine,NT_minus_TN,4.0,6.172276381067122,0.9992141347428282,0.9998868402275546,8.714799039470867e-05,0.0033222591362126,-0.0098891967854408,0.015389873569304,-0.0077704553546956,-0.0242065271413483,,,,,
bert-base-multilingual-cased,0.1,fr,affine,QM_minus_MQ,4.0,6.82172004045039,0.9981141358827894,0.9998780511341152,8.733473510201833e-05,0.0033222591362126,0.0213901078170322,-0.0476923464542763,-0.0096235723370518,0.0142801513346487,,,,,
bert-base-multilingual-cased,0.1,fr,affine,QT_minus_TQ,4.0,7.340172881908877,0.997119476719338,0.9998780286011312,8.061980600946799e-05,0.0033222591362126,0.0503609774527007,-0.058530796316136,0.0206908042205114,0.0128524000568179,,,,,
bert-base-multilingual-cased,0.1,fr,affine,MT_minus_TM,4.0,6.126387516551066,0.9998690561764452,0.9998776632988158,8.488603909356371e-05,0.3554817275747508,0.0083168508657543,0.003652212400625,0.0047523889482055,-0.003746851819709,,,,,
bert-base-multilingual-cased,0.1,de,linear,NQ_minus_QN,4.0,7.6400832474482465,0.996730012529545,0.9998785746462264,8.13289060087205e-05,0.0033222591362126,-0.0109794217131966,0.0621534557022106,-0.0278994191232603,-0.060753596063023,,,,,
bert-base-multilingual-cased,0.1,de,linear,NM_minus_MN,4.0,5.60179036350105,0.9973295778261864,0.9998782102561766,8.679686290210245e-05,0.0033222591362126,0.0456865258650523,-0.0126565930848778,-0.0424687119413754,-0.0164913392820297,,,,,
bert-base-multilingual-cased,0.1,de,linear,NT_minus_TN,4.0,6.372687269466634,0.9994188720687928,0.999870932905664,0.0001012518240086,0.0066445182724252,0.0256710221155775,0.0015822525368775,-0.0146740750768481,-0.0230939134395328,,,,,
bert-base-multilingual-cased,0.1,de,linear,QM_minus_MQ,4.0,6.45685381721003,0.9975083801902264,0.9998804817207898,8.705188099959182e-05,0.0033222591362126,0.0289867207624277,-0.0421404306058552,-0.0232800729425071,-0.0045730740443898,,,,,
bert-base-multilingual-cased,0.1,de,linear,QT_minus_TQ,4.0,7.560227169025236,0.994189335638104,0.9998787854931588,8.583042394203741e-05,0.0033222591362126,0.0571513576923183,-0.0823633780522244,-0.0046758193524952,0.0577041152459685,,,,,
bert-base-multilingual-cased,0.1,de,linear,MT_minus_TM,4.0,5.595283674316756,0.9992451785323884,0.9998763841692592,9.07956003980603e-05,0.0033222591362126,-0.004205479568571,0.0050871490099554,0.0230886992852243,0.0090946841288063,,,,,
bert-base-multilingual-cased,0.1,de,affine,NQ_minus_QN,4.0,7.545479343455028,0.9967501614616968,0.999880713974846,8.429104019016361e-05,0.0033222591362126,-0.0079451491151098,0.0636260171081961,-0.0227241109797337,-0.0629472921839992,,,,,
bert-base-multilingual-cased,0.1,de,affine,NM_minus_MN,4.0,5.677106032759427,0.9979596414389936,0.9998776540416976,8.485580853525249e-05,0.0033222591362126,0.0384287205701637,-0.0127256482967552,-0.0390211181322567,-0.0049633913145128,,,,,
bert-base-multilingual-cased,0.1,de,affine,NT_minus_TN,4.0,6.395232471688652,0.999391435332283,0.9998817121629971,8.2666320623092e-05,0.0033222591362126,0.0216459978926122,-0.0007487415413111,-0.0073966045462089,-0.0280980087211902,,,,,
bert-base-multilingual-cased,0.1,de,affine,QM_minus_MQ,4.0,6.477706196284139,0.9976766961880216,0.9998865468007804,8.276290044526786e-05,0.0033222591362126,0.0201460411165583,-0.0439202473360188,-0.0254849083147104,0.0107636385016887,,,,,
bert-base-multilingual-cased,0.1,de,affine,QT_minus_TQ,4.0,7.555709046209828,0.9948153735433736,0.9998804421630312,8.551554065819241e-05,0.0033222591362126,0.0499151249894845,-0.0821690514881107,-0.0133160009089741,0.0552738345835384,,,,,
bert-base-multilingual-cased,0.1,de,affine,MT_minus_TM,4.0,5.656021800463924,0.999632289246118,0.9998741103944462,8.864986784848475e-05,0.0166112956810631,0.0095126945173668,0.0055398822449686,0.0143523633928461,-0.0099122471356504,,,,,
bert-base-multilingual-cased,0.1,ru,linear,NQ_minus_QN,4.0,8.1015279992997,0.9947361282017064,0.9998768075389586,8.794029911432175e-05,0.0033222591362126,-0.0497010371326328,0.0667839649050923,-0.0320519057354955,-0.0604447482521382,,,,,
bert-base-multilingual-cased,0.1,ru,linear,NM_minus_MN,4.0,6.046351923114201,0.9989973608011125,0.9998796701575116,8.279726440738086e-05,0.0033222591362126,0.0331178064421185,-0.0202427990549585,-0.0018746724897502,-0.0082677778297034,,,,,
bert-base-multilingual-cased,0.1,ru,linear,NT_minus_TN,4.0,6.92682698299965,0.99922812099321,0.9998834916633468,8.029270784969547e-05,0.0033222591362126,-0.0347491557495113,0.0053007175436126,-0.0075878719397064,0.02259781748002,,,,,
bert-base-multilingual-cased,0.1,ru,linear,QM_minus_MQ,4.0,6.945016704101299,0.9965666060996302,0.999879438091266,8.906519511281137e-05,0.0033222591362126,0.0249870168580867,-0.060637140886289,0.0252745293064022,-0.0051922498392232,,,,,
bert-base-multilingual-cased,0.1,ru,linear,QT_minus_TQ,4.0,8.094260911768794,0.9962567431889444,0.9998840341801772,8.574469253443922e-05,0.0033222591362126,0.0639352231227881,-0.0542327075708999,0.0040749647475967,0.0344356645713521,,,,,
bert-base-multilingual-cased,0.1,ru,linear,MT_minus_TM,4.0,6.208234509871093,0.9994908429666634,0.9998824720188468,7.824812246759776e-05,0.0033222591362126,-0.004604513731214,0.0164441990179121,-0.021880303961791,0.0026370526201846,,,,,
bert-base-multilingual-cased,0.1,ru,affine,NQ_minus_QN,4.0,8.01060996842186,0.9947060275472628,0.999877914989978,8.187701390994759e-05,0.0033222591362126,-0.0540783051070171,0.0681068803195653,-0.025486052650121,-0.059140546982922,,,,,
bert-base-multilingual-cased,0.1,ru,affine,NM_minus_MN,4.0,6.063147116016999,0.9991009027410244,0.9998724563626238,8.02774909674407e-05,0.0033222591362126,0.0305236555237578,-0.020342721939093,-0.0036785633157961,-0.0084099587439293,,,,,
bert-base-multilingual-cased,0.1,ru,affine,NT_minus_TN,4.0,6.974891780942037,0.9994329493558765,0.9998706897388022,9.293298933309902e-05,0.0033222591362126,-0.0290105638791602,-0.0020179075938072,-0.0023626240978213,0.0137667107213978,,,,,
bert-base-multilingual-cased,0.1,ru,affine,QM_minus_MQ,4.0,6.923444718505634,0.9966103044728702,0.9998724793177008,8.830744031742802e-05,0.0033222591362126,0.0229309937732353,-0.0629719902259625,0.0234575186376271,7.671969473509581e-05,,,,,
bert-base-multilingual-cased,0.1,ru,affine,QT_minus_TQ,4.0,8.013927769076961,0.9967909435487796,0.999881575037529,8.828911826865796e-05,0.0033222591362126,0.0605307354957882,-0.0502089234188249,-0.0072878293478846,0.0319762945721514,,,,,
bert-base-multilingual-cased,0.1,ru,affine,MT_minus_TM,4.0,6.240081920292213,0.9997071784119278,0.9998785965905438,8.316395455118648e-05,0.0398671096345514,0.0037167849556055,0.0131251211554135,-0.0159674010827501,-0.0037146277287508,,,,,
bert-base-multilingual-cased,0.1,zh,linear,NQ_minus_QN,4.0,8.0819743030586,0.9974470123622172,0.9998748387879454,9.024717114247352e-05,0.0033222591362126,-0.0154369362434867,0.0580000537095246,-0.026423273330247,-0.0514291059119609,,,,,
bert-base-multilingual-cased,0.1,zh,linear,NM_minus_MN,4.0,6.298357838332483,0.9979955619081096,0.9998781390120978,8.026934405667203e-05,0.0033222591362126,0.052814048347101,-0.0115982396126111,-0.0184751486051238,-0.0251389061783866,,,,,
bert-base-multilingual-cased,0.1,zh,linear,NT_minus_TN,4.0,6.777172972604949,0.9995540166014228,0.999888502815448,8.190995216861172e-05,0.0066445182724252,-0.0006816411099265,-0.0022623436792788,-0.0266517890969664,0.0041330301736332,,,,,
bert-base-multilingual-cased,0.1,zh,linear,QM_minus_MQ,4.0,6.977493416638983,0.9972856381293372,0.9998825037643072,8.184051953636476e-05,0.0033222591362126,0.0305114352762964,-0.0449140083485673,-0.0283654617308417,-0.002833088702693,,,,,
bert-base-multilingual-cased,0.1,zh,linear,QT_minus_TQ,4.0,7.894288914600039,0.99643979594851,0.9998824911369772,8.006832119414453e-05,0.0033222591362126,0.062054398148026,-0.0614722952902591,0.0031245426075969,0.0275642375059347,,,,,
bert-base-multilingual-cased,0.1,zh,linear,MT_minus_TM,4.0,6.332154759439884,0.999278578092492,0.9998780047494475,8.593138386123964e-05,0.0033222591362126,0.0150819956503486,0.0109597834643915,0.0181999302006557,-0.0202785033215693,,,,,
bert-base-multilingual-cased,0.1,zh,affine,NQ_minus_QN,4.0,8.034716880018593,0.997404589327021,0.999871959336408,9.385750673225652e-05,0.0033222591362126,-0.0179568564382247,0.0609275020739746,-0.0224519380739808,-0.0520109500455146,,,,,
bert-base-multilingual-cased,0.1,zh,affine,NM_minus_MN,4.0,6.299430381625705,0.9980800878116316,0.9998797796544754,8.030806673774546e-05,0.0033222591362126,0.0513091842092322,-0.0112519312435371,-0.0205031047572378,-0.0227417191812117,,,,,
bert-base-multilingual-cased,0.1,zh,affine,NT_minus_TN,4.0,6.739314337873604,0.9996794177580915,0.9998809436878512,8.172558572640602e-05,0.0265780730897009,-0.0009900681142982,-0.0020203963765596,-0.0204578381182787,-0.0007231193652029,,,,,
bert-base-multilingual-cased,0.1,zh,affine,QM_minus_MQ,4.0,7.026562244418164,0.9974029454649962,0.9998736809371712,9.935689896694827e-05,0.0033222591362126,0.0312379718315107,-0.042495266849632,-0.0333266566036324,-0.0016255887465665,,,,,
bert-base-multilingual-cased,0.1,zh,affine,QT_minus_TQ,4.0,7.81316352708484,0.9974061087492976,0.9998775460839896,8.265847678717347e-05,0.0033222591362126,0.0530546972556328,-0.0519038373185161,-0.0006122966191849,0.0253018213863334,,,,,
bert-base-multilingual-cased,0.1,zh,affine,MT_minus_TM,4.0,6.29473153017767,0.999250272455133,0.999869355747689,8.83715005033569e-05,0.0033222591362126,0.013900489960543,0.0102634384157871,0.0201607420616197,-0.0238767879166756,,,,,
bert-base-multilingual-cased,0.1,ar,linear,NQ_minus_QN,4.0,7.2742505437388,0.9973987979077216,0.9998731192445448,8.929571087148192e-05,0.0033222591362126,0.0098149963537984,0.0450327454826011,-0.0302707537108975,-0.0607015090306483,,,,,
bert-base-multilingual-cased,0.1,ar,linear,NM_minus_MN,4.0,5.357160743960585,0.996858126174314,0.9998823726406152,7.775104774111469e-05,0.0033222591362126,0.0533059143889265,-0.0014876557090489,-0.0206009025256267,-0.0422812263514967,,,,,
bert-base-multilingual-cased,0.1,ar,linear,NT_minus_TN,4.0,5.932476850972337,0.9994897633036964,0.999878306324866,8.441225043601146e-05,0.0066445182724252,0.0007021631544549,0.0105381795884471,-0.0062119651047906,-0.0242697097598594,,,,,
bert-base-multilingual-cased,0.1,ar,linear,QM_minus_MQ,4.0,6.503760185285803,0.9971729144336166,0.9998779282803014,9.058027939883177e-05,0.0033222591362126,0.0270755084621222,-0.0460052477340726,0.0256480866685339,-0.021206919313172,,,,,
bert-base-multilingual-cased,0.1,ar,linear,QT_minus_TQ,4.0,7.277126529916979,0.9961621090572385,0.999875681089729,8.99307682613393e-05,0.0033222591362126,0.0521662841347935,-0.0640743987386782,0.0159939062069223,0.0340363881277335,,,,,
bert-base-multilingual-cased,0.1,ar,linear,MT_minus_TM,4.0,5.573780723210627,0.9991695075371012,0.9998789740139712,7.742723174583192e-05,0.0033222591362126,0.0068988426228694,0.0089247527308937,0.0063965245821039,0.0116492864478933,,,,,
bert-base-multilingual-cased,0.1,ar,affine,NQ_minus_QN,4.0,7.184511149409788,0.9975676758991588,0.999877385117892,8.059289153759244e-05,0.0033222591362126,0.0127276815124862,0.0427251720579851,-0.0297201570059153,-0.0582002173968103,,,,,
bert-base-multilingual-cased,0.1,ar,affine,NM_minus_MN,4.0,5.486665222848375,0.9973659023273038,0.9998797911781288,9.010852034670892e-05,0.0033222591362126,0.0484256040718355,-0.0011235144376732,-0.0256974149666129,-0.0350482991035421,,,,,
bert-base-multilingual-cased,0.1,ar,affine,NT_minus_TN,4.0,5.987349476135619,0.999300188394584,0.999878612499427,8.435037108278592e-05,0.0033222591362126,0.0144188445597124,0.0082962585886384,-0.0068530978950372,-0.0307693305056925,,,,,
bert-base-multilingual-cased,0.1,ar,affine,QM_minus_MQ,4.0,6.549545126087149,0.9971801274975506,0.9998858947632684,8.225267179515279e-05,0.0033222591362126,0.0309042280705174,-0.0486555214051269,0.0094144280182803,-0.0170778137113753,,,,,
bert-base-multilingual-cased,0.1,ar,affine,QT_minus_TQ,4.0,7.235983061944385,0.9972349440254624,0.9998738379353032,8.395965835851865e-05,0.0033222591362126,0.0500071481821612,-0.0537702571408938,0.0039078316446298,0.0241617622451536,,,,,
bert-base-multilingual-cased,0.1,ar,affine,MT_minus_TM,4.0,5.63884197280202,0.9991404812331368,0.9998690221564652,9.683515396038336e-05,0.0033222591362126,0.0183962515530468,0.0068521189592371,0.0106851008530065,-0.0011533807509086,,,,,
bert-base-multilingual-cased,1.0,en,linear,NQ_minus_QN,4.0,6.643808664650704,0.9948023901495976,0.999881893900598,8.840546939124044e-05,0.0033222591362126,-0.0425798774872155,0.06794206101877,-0.0297196538983709,-0.0558131468241228,,,,,
bert-base-multilingual-cased,1.0,en,linear,NM_minus_MN,4.0,4.991090323166739,0.9962485282394676,0.9998696770344058,9.885232894451055e-05,0.0033222591362126,0.0605758476863015,-0.0093725358511415,-0.0416452586854121,-0.0212705129084148,,,,,
bert-base-multilingual-cased,1.0,en,linear,NT_minus_TN,4.0,5.182391093033923,0.9985859773717852,0.999882784325324,8.131582508034323e-05,0.0033222591362126,-0.0124450170473236,0.0211218635442849,-0.0217084884588278,-0.022137628814107,,,,,
bert-base-multilingual-cased,1.0,en,linear,QM_minus_MQ,4.0,5.970783582912023,0.997880370566546,0.9998794389580304,9.076533233226903e-05,0.0033222591362126,0.0463335567956503,-0.0289267199928575,-0.0305624622188484,-0.0068073421733301,,,,,
bert-base-multilingual-cased,1.0,en,linear,QT_minus_TQ,4.0,6.49919217419448,0.9969836202912437,0.9998830264216196,8.266559502909923e-05,0.0033222591362126,0.07030128949615,-0.0389461185950121,0.0129887369253354,-0.0074395228179359,,,,,
bert-base-multilingual-cased,1.0,en,linear,MT_minus_TM,4.0,5.056093407449893,0.9979584098622646,0.999876606786812,9.327980001863454e-05,0.0033222591362126,0.0047576891241296,0.0221131722360139,0.0273079384209197,-0.0416245516039257,,,,,
bert-base-multilingual-cased,1.0,en,affine,NQ_minus_QN,4.0,6.50273759137631,0.9947903953829796,0.9998763409189116,8.450513230081643e-05,0.0033222591362126,-0.0481387003214006,0.0695608312153167,-0.021970318895397,-0.0525651858349062,,,,,
bert-base-multilingual-cased,1.0,en,affine,NM_minus_MN,4.0,5.016462878254912,0.9965534376080836,0.9998783299537156,8.690809405806716e-05,0.0033222591362126,0.0532688178972618,-0.0127618615767139,-0.0441343385192782,-0.0098910968034088,,,,,
bert-base-multilingual-cased,1.0,en,affine,NT_minus_TN,4.0,5.162555751362026,0.9987594299995168,0.9998769568056896,8.507055454498419e-05,0.0033222591362126,-0.0062756435619046,0.0196582392703686,-0.0155355048425065,-0.0282183524670771,,,,,
bert-base-multilingual-cased,1.0,en,affine,QM_minus_MQ,4.0,6.01539120734466,0.9975138891881404,0.9998691915799408,8.514027713383816e-05,0.0033222591362126,0.0450404779095121,-0.0284672338012242,-0.0417186572102383,-0.0014793831220244,,,,,
bert-base-multilingual-cased,1.0,en,affine,QT_minus_TQ,4.0,6.39455558575313,0.9976223707513104,0.9998828272454786,8.479478492706904e-05,0.0033222591362126,0.0630690697933234,-0.0335602501584772,0.0051605177436581,-0.005123711978501,,,,,
bert-base-multilingual-cased,1.0,en,affine,MT_minus_TM,4.0,5.100429498928077,0.9969234454558964,0.9998802961283584,8.51422190628213e-05,0.0033222591362126,0.0149497857035708,0.0262733920325311,0.0286014027382756,-0.057002073616702,,,,,
bert-base-multilingual-cased,1.0,es,linear,NQ_minus_QN,4.0,6.859656567411185,0.997195575775256,0.9998835880753496,8.172403697000358e-05,0.0033222591362126,-0.0413439222815336,0.0430402145259998,-0.0018740530842998,-0.0427743518109453,,,,,
bert-base-multilingual-cased,1.0,es,linear,NM_minus_MN,4.0,5.107395509054173,0.996827036938169,0.9998816769096796,8.2913705858391e-05,0.0033222591362126,0.0467840816249617,-0.0001928773599212,-0.0496947671708898,-0.0196713944400203,,,,,
bert-base-multilingual-cased,1.0,es,linear,NT_minus_TN,4.0,5.4468973898711255,0.9992215534592492,0.9998767503391875,9.019934884032367e-05,0.0033222591362126,0.0155592836721568,0.0090110781364401,-0.0121678155630997,-0.0309785092275719,,,,,
bert-base-multilingual-cased,1.0,es,linear,QM_minus_MQ,4.0,5.763402135075373,0.9986672683127856,0.999882236362799,8.129859453657947e-05,0.0033222591362126,0.0277120917727804,-0.0313013589001973,-0.0119758710145374,4.2045789637806526e-05,,,,,
bert-base-multilingual-cased,1.0,es,linear,QT_minus_TQ,4.0,6.525169897643525,0.995965015006348,0.9998756040608898,9.101866145334085e-05,0.0033222591362126,0.0724159900839021,-0.0502845080562593,-0.0040295419995105,0.0146310549408035,,,,,
bert-base-multilingual-cased,1.0,es,linear,MT_minus_TM,4.0,5.187638049555664,0.9991975988047336,0.999872907970803,9.0763304774503e-05,0.0033222591362126,0.004688803411234,0.0127713372682607,0.0203994877211939,-0.0247507379223688,,,,,
bert-base-multilingual-cased,1.0,es,affine,NQ_minus_QN,4.0,6.716176127462569,0.9971301342047324,0.9998792529871467,7.894992895032814e-05,0.0033222591362126,-0.0421711435625753,0.048695722079576,0.0032698256845388,-0.0422574697188053,,,,,
bert-base-multilingual-cased,1.0,es,affine,NM_minus_MN,4.0,5.127558727329826,0.9969124368227558,0.999879134302544,7.599829510864404e-05,0.0033222591362126,0.0416990651354067,0.0002604764651928,-0.053251785111444,-0.015218961271005,,,,,
bert-base-multilingual-cased,1.0,es,affine,NT_minus_TN,4.0,5.427014204791485,0.998843013803744,0.9998848003831708,8.135474131990778e-05,0.0033222591362126,0.019617951984137,0.0096321450452541,-0.0026105625004123,-0.0414960533011392,,,,,
bert-base-multilingual-cased,1.0,es,affine,QM_minus_MQ,4.0,5.783744672396125,0.998110034284056,0.9998772368210874,8.580753250188074e-05,0.0033222591362126,0.03036358142139,-0.0364816448857342,-0.0211214460462577,0.0029392058844705,,,,,
bert-base-multilingual-cased,1.0,es,affine,QT_minus_TQ,4.0,6.479631517332934,0.9965700723826136,0.9998777627622268,8.10933281979392e-05,0.0033222591362126,0.0687635522351466,-0.0479234911035989,-0.0105354732928802,0.010100136370576,,,,,
bert-base-multilingual-cased,1.0,es,affine,MT_minus_TM,4.0,5.20742643308109,0.9989371049729436,0.9998703302226912,9.056465120202282e-05,0.0033222591362126,0.0082095510903819,0.0109395217023713,0.0237664163439449,-0.0312905520104883,,,,,
bert-base-multilingual-cased,1.0,fr,linear,NQ_minus_QN,4.0,6.6957569412198135,0.996497995547512,0.9998764633846564,8.560243115849363e-05,0.0033222591362126,-0.010408471331735,0.0577435042671863,-0.0276716485617892,-0.0621264937501731,,,,,
bert-base-multilingual-cased,1.0,fr,linear,NM_minus_MN,4.0,5.215219283831616,0.994849087131229,0.999878677327514,8.355301850749835e-05,0.0033222591362126,0.0718817302164332,-0.0048522263380927,-0.0542946904146869,-0.0365958007566487,,,,,
bert-base-multilingual-cased,1.0,fr,linear,NT_minus_TN,4.0,5.3085814980905015,0.9990180764091592,0.9998788889437028,8.391921753544869e-05,0.0033222591362126,0.0123662208147301,0.014187011717536,-0.0102489098001803,-0.0356579163227713,,,,,
bert-base-multilingual-cased,1.0,fr,linear,QM_minus_MQ,4.0,5.996714881738666,0.9988549608984286,0.999873007998105,8.47475037486983e-05,0.0033222591362126,0.0214493425725207,-0.0320532081928834,-0.0123352330644387,0.0078653669364082,,,,,
bert-base-multilingual-cased,1.0,fr,linear,QT_minus_TQ,4.0,6.515995803560882,0.9970412590032808,0.9998751415586288,9.574567000577982e-05,0.0033222591362126,0.0500766301128767,-0.0537146162637514,0.0206035714967549,0.0129754769187781,,,,,
bert-base-multilingual-cased,1.0,fr,linear,MT_minus_TM,4.0,5.26961375954974,0.9993990956558804,0.999881903454694,8.033826729762039e-05,0.0033222591362126,0.0040457267379509,0.0077562918411922,0.0223916761903145,-0.0166902919095522,,,,,
bert-base-multilingual-cased,1.0,fr,affine,NQ_minus_QN,4.0,6.625885469522225,0.9966609309083304,0.9998793799586484,9.011625732600422e-05,0.0033222591362126,-0.0080212276210848,0.0564092955877433,-0.0229372761475128,-0.0644505521007079,,,,,
bert-base-multilingual-cased,1.0,fr,affine,NM_minus_MN,4.0,5.272538063203291,0.994692244998593,0.9998802223888278,8.556596522281723e-05,0.0033222591362126,0.0718520594248015,-0.0054408338711107,-0.0585545094886587,-0.0308799771156211,,,,,
bert-base-multilingual-cased,1.0,fr,affine,NT_minus_TN,4.0,5.293458521708257,0.9986923769186729,0.9998866596299528,8.715855875981795e-05,0.0033222591362126,0.0133037097547638,0.0141266848071746,-0.0034377671116567,-0.0432660904546732,,,,,
bert-base-multilingual-cased,1.0,fr,affine,QM_minus_MQ,4.0,5.94982429134513,0.9984890952447396,0.9998782744682684,8.833640131763547e-05,0.0033222591362126,0.0236336842695244,-0.0372937984732651,-0.0155722863003656,0.0138728791120825,,,,,
bert-base-multilingual-cased,1.0,fr,affine,QT_minus_TQ,4.0,6.472595546495803,0.9972539428322764,0.9998791861003614,7.936634653507982e-05,0.0033222591362126,0.049757971110452,-0.0516984889339181,0.0199734282735342,0.0112552708477576,,,,,
bert-base-multilingual-cased,1.0,fr,affine,MT_minus_TM,4.0,5.260232595539659,0.9988626476770236,0.9998775078073175,8.387354235203653e-05,0.0033222591362126,0.0064484981139625,0.0092596640132214,0.0294771656661203,-0.0284272116524828,,,,,
bert-base-multilingual-cased,1.0,de,linear,NQ_minus_QN,4.0,6.744104066319443,0.9966943619248806,0.9998783928022982,7.976948907501335e-05,0.0033222591362126,-0.0109726417243411,0.056676244160697,-0.0242631034244376,-0.0608228415827505,,,,,
bert-base-multilingual-cased,1.0,de,linear,NM_minus_MN,4.0,4.883480542774985,0.9941679188353234,0.9998790072859858,8.639677451204592e-05,0.0033222591362126,0.0680235456872695,-0.0117245992533605,-0.0592601718651814,-0.021898131879632,,,,,
bert-base-multilingual-cased,1.0,de,linear,NT_minus_TN,4.0,5.5085809874745255,0.9987255255562416,0.9998703236990736,0.0001011546849592,0.0033222591362126,0.0358970845000307,0.0046141310416429,-0.0144170200108828,-0.0366598923066841,,,,,
bert-base-multilingual-cased,1.0,de,linear,QM_minus_MQ,4.0,5.716361571183414,0.997906457313076,0.9998811124034552,8.528093769052143e-05,0.0033222591362126,0.0312868659968378,-0.0325612862492156,-0.0277235474846742,-0.0042583963207061,,,,,
bert-base-multilingual-cased,1.0,de,linear,QT_minus_TQ,4.0,6.652553185112796,0.9947947855530024,0.99987911011204,8.59259604227589e-05,0.0033222591362126,0.0555089594163962,-0.0714181393761031,-0.0045895429430628,0.0496550514613479,,,,,
bert-base-multilingual-cased,1.0,de,linear,MT_minus_TM,4.0,4.897252979107149,0.9985747968213312,0.9998767230636836,9.169911383500744e-05,0.0033222591362126,-0.0040392668843451,0.0072967699105992,0.0388178761067838,-0.0131502418605314,,,,,
bert-base-multilingual-cased,1.0,de,affine,NQ_minus_QN,4.0,6.636202386878205,0.9967000677249956,0.9998815913055488,8.404877037190325e-05,0.0033222591362126,-0.0084557484452396,0.0574106399247603,-0.0190691166464454,-0.0637569949425158,,,,,
bert-base-multilingual-cased,1.0,de,affine,NM_minus_MN,4.0,4.933139554714131,0.9947129795574984,0.999878267875378,8.398285721887722e-05,0.0033222591362126,0.0626824009456109,-0.012394870027873,-0.0584234965404489,-0.0120730465963621,,,,,
bert-base-multilingual-cased,1.0,de,affine,NT_minus_TN,4.0,5.493179957968762,0.9985382080979168,0.9998813879087616,8.467492573797525e-05,0.0033222591362126,0.0352425196894316,0.0021796323703374,-0.0084257833469951,-0.0422101979445693,,,,,
bert-base-multilingual-cased,1.0,de,affine,QM_minus_MQ,4.0,5.727262968556412,0.998012475861878,0.9998873452308794,8.04483878586973e-05,0.0033222591362126,0.0242307890891257,-0.0345194409827539,-0.0294910887327524,0.0088690269041231,,,,,
bert-base-multilingual-cased,1.0,de,affine,QT_minus_TQ,4.0,6.619593898399163,0.9954466019591854,0.99988052532115,8.555042029360982e-05,0.0033222591362126,0.0478908591841092,-0.0693497412447441,-0.0132055448046022,0.0500931155961029,,,,,
bert-base-multilingual-cased,1.0,de,affine,MT_minus_TM,4.0,4.937726058914357,0.9984692590461836,0.999876269049004,8.811367458380365e-05,0.0033222591362126,0.0080453469168668,0.0084949798211259,0.0336829761457179,-0.0301573607702284,,,,,
bert-base-multilingual-cased,1.0,ru,linear,NQ_minus_QN,4.0,7.042196120797819,0.9949547621149444,0.9998769576282158,8.691933783861753e-05,0.0033222591362126,-0.0416093123284604,0.0572644104002649,-0.0266772598946759,-0.0606357759325006,,,,,
bert-base-multilingual-cased,1.0,ru,linear,NM_minus_MN,4.0,5.16594969985448,0.9968046464890288,0.9998803185242964,8.358233252602664e-05,0.0033222591362126,0.0582471941975001,-0.0177029870003428,-0.0302212795842457,-0.0159828648476406,,,,,
bert-base-multilingual-cased,1.0,ru,linear,NT_minus_TN,4.0,5.825123889713733,0.999749141014789,0.9998823289098564,8.095778961457212e-05,0.0797342192691029,-0.0034396343843993,0.0099218697933631,-0.0049349726244934,-0.0145192368415234,,,,,
bert-base-multilingual-cased,1.0,ru,linear,QM_minus_MQ,4.0,5.984035357313767,0.9978169509128314,0.9998783967929762,8.906727192115171e-05,0.0033222591362126,0.0246951752838657,-0.0455963925152581,0.0171135464643274,-0.003109988911341,,,,,
bert-base-multilingual-cased,1.0,ru,linear,QT_minus_TQ,4.0,7.016446771261911,0.9964490325219566,0.9998832252930504,8.517547034600974e-05,0.0033222591362126,0.0651501064212388,-0.0444260193196481,0.0045701937670707,0.0229087713722546,,,,,
bert-base-multilingual-cased,1.0,ru,linear,MT_minus_TM,4.0,5.326558273099525,0.9992162591264032,0.9998817163847776,8.007235319570736e-05,0.0033222591362126,-0.0004443932827436,0.0224487934372883,-0.0003685829081248,-0.0253402657223304,,,,,
bert-base-multilingual-cased,1.0,ru,affine,NQ_minus_QN,4.0,6.928269657577694,0.9946578541373698,0.9998774334712234,8.45364523382538e-05,0.0033222591362126,-0.0488856933557425,0.0597391130763505,-0.0198745081172159,-0.0593552029567855,,,,,
bert-base-multilingual-cased,1.0,ru,affine,NM_minus_MN,4.0,5.163092097255564,0.9967754986595564,0.9998726856772004,8.0393232439203e-05,0.0033222591362126,0.057269540293549,-0.0180540185228261,-0.0330203028018604,-0.0150791056585812,,,,,
bert-base-multilingual-cased,1.0,ru,affine,NT_minus_TN,4.0,5.837300935363919,0.99959439194542,0.999870135598884,9.2100204342725e-05,0.0199335548172757,0.0011411802479939,0.0037366085883762,0.001076218932235,-0.021346133577586,,,,,
bert-base-multilingual-cased,1.0,ru,affine,QM_minus_MQ,4.0,5.949483801561844,0.9978074986982098,0.9998724255505972,8.986763434446706e-05,0.0033222591362126,0.024090565389661,-0.047993000541751,0.0155015759232759,0.0011261231066778,,,,,
bert-base-multilingual-cased,1.0,ru,affine,QT_minus_TQ,4.0,6.907586374830643,0.9967486335859588,0.999880503756488,8.797867384143173e-05,0.0033222591362126,0.062200801841912,-0.0417852296160558,-0.0063931968818963,0.0243589807846155,,,,,
bert-base-multilingual-cased,1.0,ru,affine,MT_minus_TM,4.0,5.343409164826625,0.9991013771651414,0.9998771711591832,8.31132716362409e-05,0.0033222591362126,0.0059775063329128,0.0198882855956577,0.0057202663142928,-0.031888850227076,,,,,
bert-base-multilingual-cased,1.0,zh,linear,NQ_minus_QN,4.0,6.99211951560418,0.997260790013695,0.9998739953403656,8.883511628203585e-05,0.0033222591362126,-0.0124823488875832,0.0512136619637711,-0.0248912484305321,-0.0550705178122778,,,,,
bert-base-multilingual-cased,1.0,zh,linear,NM_minus_MN,4.0,5.349305246313812,0.9951113735776832,0.9998769262876132,8.202059491015718e-05,0.0033222591362126,0.0733101828368776,-0.0098104237498768,-0.0448936162503056,-0.0282603412853449,,,,,
bert-base-multilingual-cased,1.0,zh,linear,NT_minus_TN,4.0,5.718807423862839,0.999157716313235,0.9998882554304156,8.198360624059159e-05,0.0033222591362126,0.0193302540053492,0.0030513683144005,-0.0200563722598581,-0.0262259313678705,,,,,
bert-base-multilingual-cased,1.0,zh,linear,QM_minus_MQ,4.0,6.0586077629613815,0.9976831763024684,0.9998827018762336,8.467036457371363e-05,0.0033222591362126,0.0345063149104098,-0.0355152978307828,-0.0317189990275522,8.20528320464567e-05,,,,,
bert-base-multilingual-cased,1.0,zh,linear,QT_minus_TQ,4.0,6.845495979220742,0.9963721785908204,0.9998826050234676,7.912505729174791e-05,0.0033222591362126,0.0678486452070305,-0.054308001647317,0.0054851958836207,0.0128958800077025,,,,,
bert-base-multilingual-cased,1.0,zh,linear,MT_minus_TM,4.0,5.40974313235457,0.997956439321165,0.9998802018011522,8.401323773752148e-05,0.0033222591362126,0.0127286115199758,0.0151668254955313,0.0343069393375144,-0.0417027600871676,,,,,
bert-base-multilingual-cased,1.0,zh,affine,NQ_minus_QN,4.0,6.926832371660642,0.9972470185988592,0.9998709555583052,9.853524856300936e-05,0.0033222591362126,-0.0155096703230801,0.0537274796811143,-0.0208583064318263,-0.0551212247837532,,,,,
bert-base-multilingual-cased,1.0,zh,affine,NM_minus_MN,4.0,5.342475473124155,0.9949485482344276,0.9998813120545836,8.008975374262665e-05,0.0033222591362126,0.073361171331244,-0.0105737178627534,-0.0474369436840996,-0.0257266838227942,,,,,
bert-base-multilingual-cased,1.0,zh,affine,NT_minus_TN,4.0,5.666819297664146,0.9990533668937568,0.9998809117852266,7.959299834340826e-05,0.0033222591362126,0.0203954034868971,0.0023984074542802,-0.0145957524612392,-0.0312063819830661,,,,,
bert-base-multilingual-cased,1.0,zh,affine,QM_minus_MQ,4.0,6.090969916215047,0.9977452053177772,0.9998712973115342,0.0001032717217829,0.0033222591362126,0.0349689332493427,-0.0334706341071109,-0.0353949663236261,0.0012776660585246,,,,,
bert-base-multilingual-cased,1.0,zh,affine,QT_minus_TQ,4.0,6.7547330965311385,0.9972940886648608,0.999877532314732,8.341601792022223e-05,0.0033222591362126,0.0590280556954148,-0.0460842713515829,0.0008790428123954,0.012809479342045,,,,,
bert-base-multilingual-cased,1.0,zh,affine,MT_minus_TM,4.0,5.380280853759868,0.9975990300749792,0.9998700635130728,8.812987126834229e-05,0.0033222591362126,0.0125408563319531,0.0151659452069183,0.0375337879453882,-0.0458957707269897,,,,,
bert-base-multilingual-cased,1.0,ar,linear,NQ_minus_QN,4.0,6.38600740166972,0.9971162099203004,0.9998726101298536,8.95363049126252e-05,0.0033222591362126,0.0138809771961107,0.0424680691584667,-0.0323619114623301,-0.0616285359302249,,,,,
bert-base-multilingual-cased,1.0,ar,linear,NM_minus_MN,4.0,4.654791372533556,0.9933865514371588,0.9998815908639042,7.846685868857168e-05,0.0033222591362126,0.0762847003822999,-0.0035165145795856,-0.0442582490790059,-0.0411400000583533,,,,,
bert-base-multilingual-cased,1.0,ar,linear,NT_minus_TN,4.0,5.13680907204113,0.9984403087316072,0.9998789064127253,8.220913586136405e-05,0.0033222591362126,0.0213086380668499,0.0123945465928153,-0.0051190960056227,-0.0445409739708929,,,,,
bert-base-multilingual-cased,1.0,ar,linear,QM_minus_MQ,4.0,5.722601376422917,0.9979543483864698,0.9998777250202234,8.889369355278076e-05,0.0033222591362126,0.0313418975203924,-0.0377160230793744,0.0129640678743265,-0.0153406317903049,,,,,
bert-base-multilingual-cased,1.0,ar,linear,QT_minus_TQ,4.0,6.398737951124511,0.9965209359532324,0.999874470757967,9.065139116361107e-05,0.0033222591362126,0.0505559564157606,-0.0565888235614522,0.0172133911042757,0.0253185051330149,,,,,
bert-base-multilingual-cased,1.0,ar,linear,MT_minus_TM,4.0,4.866404188598718,0.9988779326562096,0.9998796554697575,7.823246397112442e-05,0.0033222591362126,0.0037249745421485,0.0140240334698781,0.0245646024745532,-0.0147557151563892,,,,,
bert-base-multilingual-cased,1.0,ar,affine,NQ_minus_QN,4.0,6.282473677683651,0.9972414434960386,0.9998789827843412,8.129886630564062e-05,0.0033222591362126,0.0161708092434962,0.04040124727864,-0.0312337589221673,-0.0600624204845988,,,,,
bert-base-multilingual-cased,1.0,ar,affine,NM_minus_MN,4.0,4.732734090604087,0.9931937457655932,0.9998806907127537,8.909675135430534e-05,0.0033222591362126,0.0754596287383172,-0.0035390722234243,-0.0513050517907123,-0.0362001170179786,,,,,
bert-base-multilingual-cased,1.0,ar,affine,NT_minus_TN,4.0,5.142658190210942,0.9976794574232009,0.9998777174475948,8.555007094419218e-05,0.0033222591362126,0.0346848972715146,0.0100383978069786,-0.0052853075135161,-0.0522801510102209,,,,,
bert-base-multilingual-cased,1.0,ar,affine,QM_minus_MQ,4.0,5.748702406238993,0.9978447356125542,0.9998869871732036,8.067621163496935e-05,0.0033222591362126,0.0346192449733628,-0.0398305496710507,-0.0004636971571453,-0.0108116808496892,,,,,
bert-base-multilingual-cased,1.0,ar,affine,QT_minus_TQ,4.0,6.335315861332149,0.9975906667362896,0.999873486004946,8.396940276917716e-05,0.0033222591362126,0.0469414871335417,-0.0459691117019946,0.0072185606307445,0.0179781674597856,,,,,
bert-base-multilingual-cased,1.0,ar,affine,MT_minus_TM,4.0,4.8987746827671454,0.9983444440585092,0.9998697669221156,9.701605301166358e-05,0.0033222591362126,0.0133742118918604,0.0119261137746447,0.0301657202047798,-0.0264609802278334,,,,,
bert-base-multilingual-cased,10.0,en,linear,NQ_minus_QN,4.0,3.849378109444889,0.9857675613420536,0.9998803873994724,8.214659066566385e-05,0.0033222591362126,-0.0775297536701291,0.1021950714584644,-0.0120322362561932,-0.0484639248205317,,,,,
bert-base-multilingual-cased,10.0,en,linear,NM_minus_MN,4.0,2.6770534528829217,0.9962109081757284,0.9998711754571932,9.34234799352345e-05,0.0033222591362126,0.0427007298625292,-0.0011533381285321,-0.0431224795255527,-0.0087658982355847,,,,,
bert-base-multilingual-cased,10.0,en,linear,NT_minus_TN,4.0,2.6613893155751,0.998478530555871,0.999882696520038,8.3877179510985e-05,0.0033222591362126,-0.0095729540818053,0.0225792402254827,-0.0056742397452846,-0.0182694394096737,,,,,
bert-base-multilingual-cased,10.0,en,linear,QM_minus_MQ,4.0,3.441327759045484,0.9918186083341486,0.9998771947595606,8.573334500255415e-05,0.0033222591362126,0.0556003581538059,-0.0734241779079743,0.0103282874587673,0.0136543378818681,,,,,
bert-base-multilingual-cased,10.0,en,linear,QT_minus_TQ,4.0,3.765377282153481,0.9892967496486732,0.9998832347800184,8.690402354443766e-05,0.0033222591362126,0.0692022576232545,-0.088298045895724,0.0082913178044649,0.0354601884861332,,,,,
bert-base-multilingual-cased,10.0,en,linear,MT_minus_TM,4.0,2.7556000059745696,0.9965100273652432,0.9998727815692088,8.976802440790228e-05,0.0033222591362126,-0.005993130169584,0.0219140902106099,0.0313301333534939,-0.040306386708156,,,,,
bert-base-multilingual-cased,10.0,en,affine,NQ_minus_QN,4.0,3.7305835616118888,0.9832103029783162,0.9998770415110576,8.321925886053697e-05,0.0033222591362126,-0.0893480385036994,0.1116712421915206,-0.0049835882995039,-0.052026382719869,,,,,
bert-base-multilingual-cased,10.0,en,affine,NM_minus_MN,4.0,2.670099305691803,0.9958834960319134,0.9998827137316024,8.737253370796988e-05,0.0033222591362126,0.0425075674289359,-0.0068519986817125,-0.0444625475069724,-0.0012296460163372,,,,,
bert-base-multilingual-cased,10.0,en,affine,NT_minus_TN,4.0,2.6073018962538903,0.9985152017136896,0.9998761566482812,9.090664921484258e-05,0.0033222591362126,0.0002933070081363,0.0190435343607287,-2.724588912582854e-05,-0.0288899638291434,,,,,
bert-base-multilingual-cased,10.0,en,affine,QM_minus_MQ,4.0,3.4234512433029334,0.9911936341843156,0.999875910279863,8.190477214589408e-05,0.0033222591362126,0.0564891299498131,-0.0803873002276453,0.0100632242923898,0.0190631946696849,,,,,
bert-base-multilingual-cased,10.0,en,affine,QT_minus_TQ,4.0,3.653519472427064,0.989715563820038,0.99988482496515,8.762004632453975e-05,0.0033222591362126,0.0589449684226795,-0.0886091922061803,0.0023444372323933,0.0493889247052917,,,,,
bert-base-multilingual-cased,10.0,en,affine,MT_minus_TM,4.0,2.743781113518662,0.995172922050872,0.9998799134489595,8.46613768248499e-05,0.0033222591362126,-0.0001737067726518,0.0250783910554163,0.0354405586436525,-0.0531354767922548,,,,,
bert-base-multilingual-cased,10.0,es,linear,NQ_minus_QN,4.0,3.908319735347715,0.987227799622751,0.9998802194190792,8.447662929861406e-05,0.0033222591362126,-0.0763164107800685,0.0990236673569135,-0.0018366445275982,-0.0500266229626438,,,,,
bert-base-multilingual-cased,10.0,es,linear,NM_minus_MN,4.0,2.68855463898075,0.99646771409627,0.9998762376194882,8.059577618338838e-05,0.0033222591362126,0.0394584408256458,0.002255371024474,-0.0433670023827977,-0.0115982528431262,,,,,
bert-base-multilingual-cased,10.0,es,linear,NT_minus_TN,4.0,2.771498418376816,0.9995910553370932,0.9998791567639924,9.1540419130589e-05,0.0132890365448504,-0.000333016683389,0.0134109328612894,-0.0061069356318526,-0.0105206557777305,,,,,
bert-base-multilingual-cased,10.0,es,linear,QM_minus_MQ,4.0,3.408314498451374,0.989497111224646,0.9998812415196934,8.084256979701846e-05,0.0033222591362126,0.0498542754095169,-0.0845129511378696,0.0240173163122806,0.0158648431589826,,,,,
bert-base-multilingual-cased,10.0,es,linear,QT_minus_TQ,4.0,3.742517698725298,0.986549171182226,0.9998765991677389,8.424780907523168e-05,0.0033222591362126,0.0757112982147527,-0.0960252965462031,-0.0054528086817319,0.0521442869527492,,,,,
bert-base-multilingual-cased,10.0,es,linear,MT_minus_TM,4.0,2.7986178398589594,0.9986047829910196,0.9998782863823606,7.941516912037113e-05,0.0033222591362126,-0.0120228945550371,0.0183089897874552,0.0181246871219624,-0.0171389294486195,,,,,
bert-base-multilingual-cased,10.0,es,affine,NQ_minus_QN,4.0,3.782331942675587,0.9825063204630128,0.9998811104184572,7.57264092148936e-05,0.0033222591362126,-0.0920113706847926,0.118130010759946,-0.0003420869016253,-0.0552175324093486,,,,,
bert-base-multilingual-cased,10.0,es,affine,NM_minus_MN,4.0,2.675705371416053,0.9965830456725148,0.9998844339995554,8.380917810080557e-05,0.0033222591362126,0.0368998660872594,-0.0002090669439643,-0.0437093798776664,-0.0063578453858851,,,,,
bert-base-multilingual-cased,10.0,es,affine,NT_minus_TN,4.0,2.7264870229419915,0.999495550560089,0.9998804937483508,8.278551134153427e-05,0.0033222591362126,0.00414178984654,0.0123266523744249,9.11496171773078e-05,-0.0192003422753079,,,,,
bert-base-multilingual-cased,10.0,es,affine,QM_minus_MQ,4.0,3.3828178854739743,0.9869463312078212,0.9998805618913869,8.466230342837888e-05,0.0033222591362126,0.0542067406726482,-0.0988716403800903,0.0276754797973403,0.0231564617852402,,,,,
bert-base-multilingual-cased,10.0,es,affine,QT_minus_TQ,4.0,3.6426391417288095,0.9840889271921114,0.9998806467263472,8.102454914138314e-05,0.0033222591362126,0.0700239323224834,-0.108463771486646,-0.0084314593646778,0.0714130655236947,,,,,
bert-base-multilingual-cased,10.0,es,affine,MT_minus_TM,4.0,2.7951607496293307,0.9983981416692206,0.9998664787237688,9.579045389018806e-05,0.0033222591362126,-0.0073646299941151,0.0186368197758289,0.0206261414443065,-0.0248767951795235,,,,,
bert-base-multilingual-cased,10.0,fr,linear,NQ_minus_QN,4.0,3.946319026826623,0.9873300254477808,0.999871425396864,8.26791733024715e-05,0.0033222591362126,-0.0668570493033861,0.0989893651262431,-0.0058078518061032,-0.0576652300159453,,,,,
bert-base-multilingual-cased,10.0,fr,linear,NM_minus_MN,4.0,2.796352545909822,0.9962318824858208,0.99988053339496,7.746679186147123e-05,0.0033222591362126,0.053024655633341,-0.0021248330735555,-0.0355053875571444,-0.025498112726592,,,,,
bert-base-multilingual-cased,10.0,fr,linear,NT_minus_TN,4.0,2.7609706515300134,0.9995305225294172,0.9998792731679276,8.302302128133545e-05,0.0066445182724252,-0.003742114906143,0.0108099521223249,-0.0002238092167342,-0.0136675499045168,,,,,
bert-base-multilingual-cased,10.0,fr,linear,QM_minus_MQ,4.0,3.53913142972213,0.9921865279634948,0.9998747258269436,7.865974788000339e-05,0.0033222591362126,0.0434881899401898,-0.0755460003020088,0.0174944352953262,0.0200731035996739,,,,,
bert-base-multilingual-cased,10.0,fr,linear,QT_minus_TQ,4.0,3.854087233153072,0.9877753811754526,0.9998731030094148,8.706462421877699e-05,0.0033222591362126,0.0586449136382789,-0.098799574342472,0.00522545802861,0.0568827563846192,,,,,
bert-base-multilingual-cased,10.0,fr,linear,MT_minus_TM,4.0,2.890322447881319,0.9992018292168822,0.9998854511699812,8.119567121144263e-05,0.0033222591362126,-0.0114784183161799,0.0154602937580831,0.0120735088353934,-0.0112845496175342,,,,,
bert-base-multilingual-cased,10.0,fr,affine,NQ_minus_QN,4.0,3.8736085554792488,0.984912042336626,0.999881508009658,8.87574382748716e-05,0.0033222591362126,-0.0780237493678046,0.1105964215908585,-0.0025124229005755,-0.060581836250725,,,,,
bert-base-multilingual-cased,10.0,fr,affine,NM_minus_MN,4.0,2.789169133995001,0.9960141873830538,0.9998762659097412,8.423497467221438e-05,0.0033222591362126,0.0525035951576566,-0.0041093959676485,-0.0397222953024921,-0.0195680317345251,,,,,
bert-base-multilingual-cased,10.0,fr,affine,NT_minus_TN,4.0,2.712026440553331,0.9992694510746822,0.9998808937015368,8.872609073137691e-05,0.0033222591362126,0.000407834233939,0.0108201261121485,0.0044976340821366,-0.0219202823291641,,,,,
bert-base-multilingual-cased,10.0,fr,affine,QM_minus_MQ,4.0,3.4892876814504645,0.9906245571768848,0.9998790671880016,8.524411846925909e-05,0.0033222591362126,0.0445549007387867,-0.0855883514124531,0.0231870856675264,0.0257972496845223,,,,,
bert-base-multilingual-cased,10.0,fr,affine,QT_minus_TQ,4.0,3.77609085712802,0.9865776003091756,0.9998845352695298,7.44185351817852e-05,0.0033222591362126,0.0519187328645177,-0.1060337411043109,0.0041974387466697,0.0719530232296525,,,,,
bert-base-multilingual-cased,10.0,fr,affine,MT_minus_TM,4.0,2.866355978486688,0.9986735131673524,0.9998718337978354,9.105021496166788e-05,0.0033222591362126,-0.0074895437146538,0.0176094372988094,0.0185697965937012,-0.023137831663874,,,,,
bert-base-multilingual-cased,10.0,de,linear,NQ_minus_QN,4.0,3.9586150636341912,0.9868191508717508,0.999879428451928,7.960812120512414e-05,0.0033222591362126,-0.0712755340931295,0.1021385708036228,-0.0078876486373841,-0.052858124770715,,,,,
bert-base-multilingual-cased,10.0,de,linear,NM_minus_MN,4.0,2.704078493457523,0.9952937369100274,0.9998836351412056,8.394327058083204e-05,0.0033222591362126,0.0530903157005435,-0.0037520479103658,-0.043829560835178,-0.0164196810127519,,,,,
bert-base-multilingual-cased,10.0,de,linear,NT_minus_TN,4.0,2.869807432389867,0.999626226830741,0.9998660738270466,9.805407928459897e-05,0.0265780730897009,-0.0039558512421489,0.0123136462479898,-0.0071279111652543,-0.007327138177183,,,,,
bert-base-multilingual-cased,10.0,de,linear,QM_minus_MQ,4.0,3.471605942069928,0.9913230205811306,0.9998815501549024,8.041882732404331e-05,0.0033222591362126,0.0495912854273434,-0.0763230820638434,0.0170722973580442,0.01045106648102,,,,,
bert-base-multilingual-cased,10.0,de,linear,QT_minus_TQ,4.0,3.867170987836927,0.9862731906815376,0.999881053859492,8.336393209244664e-05,0.0033222591362126,0.0553211412367006,-0.1020787387545096,-0.0039948930009634,0.0732508149246958,,,,,
bert-base-multilingual-cased,10.0,de,linear,MT_minus_TM,4.0,2.792379567838965,0.9984894332718424,0.9998833924243876,7.970372339984067e-05,0.0033222591362126,-0.0144277989174443,0.0133949545689218,0.02504863204262,-0.0164347419060257,,,,,
bert-base-multilingual-cased,10.0,de,affine,NQ_minus_QN,4.0,3.851569022610541,0.9849060364582856,0.9998853636556004,8.366434954477564e-05,0.0033222591362126,-0.0779666190733968,0.1108632558349439,-0.0037085674732792,-0.0585724179677225,,,,,
bert-base-multilingual-cased,10.0,de,affine,NM_minus_MN,4.0,2.70235691814477,0.995094955558451,0.9998843817314662,8.156297447380744e-05,0.0033222591362126,0.0522649553699113,-0.0067925888659929,-0.0460263501375826,-0.0105158551252206,,,,,
bert-base-multilingual-cased,10.0,de,affine,NT_minus_TN,4.0,2.7974635087500084,0.9996180190350338,0.9998775219745698,9.053935652332128e-05,0.0232558139534883,0.0050262010863703,0.0093490393924296,-0.0033707614735969,-0.0165120265734281,,,,,
bert-base-multilingual-cased,10.0,de,affine,QM_minus_MQ,4.0,3.4521020435383467,0.9900165760469164,0.9998851751931168,8.02954207035487e-05,0.0033222591362126,0.0495533393221767,-0.0866830652987558,0.0210806156608606,0.018900072594182,,,,,
bert-base-multilingual-cased,10.0,de,affine,QT_minus_TQ,4.0,3.7746277252797102,0.9856589428643222,0.9998794405143006,8.845338753631725e-05,0.0033222591362126,0.0463105250187627,-0.1048538593005316,-0.0109423004039106,0.0886831793831033,,,,,
bert-base-multilingual-cased,10.0,de,affine,MT_minus_TM,4.0,2.784252173617498,0.9979656052562574,0.999879967145202,8.490461809290535e-05,0.0033222591362126,-0.007263434097599,0.0164518633090463,0.026627279058706,-0.028692853444643,,,,,
bert-base-multilingual-cased,10.0,ru,linear,NQ_minus_QN,4.0,4.012170140198591,0.9855457740126242,0.99987413343063,8.72521490059916e-05,0.0033222591362126,-0.0863864009595019,0.103840818097939,-0.001770013862094,-0.0500675541119868,,,,,
bert-base-multilingual-cased,10.0,ru,linear,NM_minus_MN,4.0,2.718191321221202,0.9975920014447012,0.9998838778910848,8.500707281929463e-05,0.0033222591362126,0.037854607648988,-0.0068703958035151,-0.0295360133414806,-0.0117244768079896,,,,,
bert-base-multilingual-cased,10.0,ru,linear,NT_minus_TN,4.0,2.8911613780884067,0.9990216602428722,0.9998755456688272,8.687978870377223e-05,0.0033222591362126,-0.0177284786711643,0.0179093021600555,0.0020695758695826,-0.00937348999972,,,,,
bert-base-multilingual-cased,10.0,ru,linear,QM_minus_MQ,4.0,3.45340398993476,0.988164910355615,0.999875053650258,8.83403804850301e-05,0.0033222591362126,0.0415347246359878,-0.0910867384496963,0.0381571040462037,0.0185266716535983,,,,,
bert-base-multilingual-cased,10.0,ru,linear,QT_minus_TQ,4.0,3.931881629675453,0.9890128673933194,0.9998806683741452,8.623230733079521e-05,0.0033222591362126,0.0685155187526221,-0.090569993767944,-0.0016022794707663,0.0492754428911009,,,,,
bert-base-multilingual-cased,10.0,ru,linear,MT_minus_TM,4.0,2.8661374149922723,0.9981747913444134,0.99987994221349,8.337737152984283e-05,0.0033222591362126,-0.007420933781071,0.0292561789571525,0.0016613423776911,-0.0220456957688643,,,,,
bert-base-multilingual-cased,10.0,ru,affine,NQ_minus_QN,4.0,3.892346454488766,0.9811026555774912,0.9998755533116188,9.251381859834948e-05,0.0033222591362126,-0.1081590679949049,0.1196317910450438,0.0050781429309641,-0.0500496796038744,,,,,
bert-base-multilingual-cased,10.0,ru,affine,NM_minus_MN,4.0,2.707268738454159,0.997412141248008,0.9998782038494912,8.378807308297862e-05,0.0033222591362126,0.0381066762521865,-0.0092011607429604,-0.0313955021743058,-0.0079321183133757,,,,,
bert-base-multilingual-cased,10.0,ru,affine,NT_minus_TN,4.0,2.8499559652426742,0.9991127902089082,0.9998704416466976,9.453739894037842e-05,0.0033222591362126,-0.0139215979706409,0.0147889608332788,0.0082469283111104,-0.0146040698374869,,,,,
bert-base-multilingual-cased,10.0,ru,affine,QM_minus_MQ,4.0,3.3873570032338365,0.9860117059450544,0.9998736004737624,9.651159341524462e-05,0.0033222591362126,0.0447827864333917,-0.1027888829736677,0.0431997058471379,0.02334816984403,,,,,
bert-base-multilingual-cased,10.0,ru,affine,QT_minus_TQ,4.0,3.796325764867875,0.9870192502590708,0.999879256757595,8.571015522969508e-05,0.0033222591362126,0.0640566954175236,-0.0999069393080942,-0.0103323815634736,0.068744925865269,,,,,
bert-base-multilingual-cased,10.0,ru,affine,MT_minus_TM,4.0,2.8568508970173245,0.997826988962609,0.9998751380828048,8.861703739012743e-05,0.0033222591362126,-0.0036485242225875,0.0310600944756019,0.006686748712935,-0.0313679433133808,,,,,
bert-base-multilingual-cased,10.0,zh,linear,NQ_minus_QN,4.0,3.946118720760514,0.987076877939614,0.9998735977945804,8.627129353285427e-05,0.0033222591362126,-0.0741751825521744,0.1007595804276841,-0.0079545888068405,-0.0488762472038326,,,,,
bert-base-multilingual-cased,10.0,zh,linear,NM_minus_MN,4.0,2.7918594172959645,0.9963846583947056,0.9998728187127434,8.780396708400049e-05,0.0033222591362126,0.0466893703725543,-0.0012439992838257,-0.0392620089783739,-0.0158273519327848,,,,,
bert-base-multilingual-cased,10.0,zh,linear,NT_minus_TN,4.0,2.9153324096556594,0.999597252819465,0.9998845857644152,7.914796793255817e-05,0.0066445182724252,-0.0063761786060914,0.0106089529345317,-0.0017610573742343,-0.0101928445537041,,,,,
bert-base-multilingual-cased,10.0,zh,linear,QM_minus_MQ,4.0,3.5012444904964477,0.9906520282865734,0.9998803283843832,8.827181972119538e-05,0.0033222591362126,0.0519905569209994,-0.0813089269023402,0.0153367152668183,0.0162544843581917,,,,,
bert-base-multilingual-cased,10.0,zh,linear,QT_minus_TQ,4.0,3.855341155136316,0.9869913287852592,0.9998819906339655,7.80690438842734e-05,0.0033222591362126,0.0754381015083384,-0.0994188780277152,0.0023021976444224,0.0457595375728846,,,,,
bert-base-multilingual-cased,10.0,zh,linear,MT_minus_TM,4.0,2.8811412209056617,0.9986180345840152,0.9998837513445608,8.461873705567525e-05,0.0033222591362126,-0.0040950728477826,0.0168741516466313,0.0188186505470564,-0.0241424582899623,,,,,
bert-base-multilingual-cased,10.0,zh,affine,NQ_minus_QN,4.0,3.8645215696297535,0.9843864093407992,0.9998708652230724,0.0001078943357672,0.0033222591362126,-0.0859624960149158,0.1143762667216286,-0.0069784096522572,-0.0512441312104205,,,,,
bert-base-multilingual-cased,10.0,zh,affine,NM_minus_MN,4.0,2.776564625377322,0.9956354450090982,0.9998863969363386,8.191352699584892e-05,0.0033222591362126,0.0512993110251813,-0.0057529002563614,-0.0426138263218333,-0.012819812853658,,,,,
bert-base-multilingual-cased,10.0,zh,affine,NT_minus_TN,4.0,2.8484756437848087,0.9995022707492588,0.9998809345219856,8.147717000237159e-05,0.0066445182724252,0.0025035406664761,0.0082235982420813,0.0020004414695696,-0.0192594460597751,,,,,
bert-base-multilingual-cased,10.0,zh,affine,QM_minus_MQ,4.0,3.4789711342731606,0.9897608032004576,0.999868805829188,0.0001079383726933,0.0033222591362126,0.0538079685424352,-0.0895992606242623,0.0197918334257602,0.0200470361601061,,,,,
bert-base-multilingual-cased,10.0,zh,affine,QT_minus_TQ,4.0,3.745836385926892,0.9868544534162276,0.999879267389595,8.442208743606715e-05,0.0033222591362126,0.0653246294897973,-0.103397665534521,-7.768053436070202e-05,0.0603960839243442,,,,,
bert-base-multilingual-cased,10.0,zh,affine,MT_minus_TM,4.0,2.8556065134375066,0.9978202701168984,0.9998724724648032,8.411018331383212e-05,0.0033222591362126,-0.0026254988191899,0.0197733922463038,0.0246452474473178,-0.0332151394088756,,,,,
bert-base-multilingual-cased,10.0,ar,linear,NQ_minus_QN,4.0,3.7482105247645743,0.988243939126078,0.99987706575985,8.874142842717847e-05,0.0033222591362126,-0.0466513412738077,0.0967118655775354,-0.0303831299819513,-0.0470250954436593,,,,,
bert-base-multilingual-cased,10.0,ar,linear,NM_minus_MN,4.0,2.6037849406551503,0.9961418393819486,0.9998746466675832,8.65689800574554e-05,0.0033222591362126,0.0480297429210561,-0.0045168150066959,-0.0359532859337562,-0.017559990393088,,,,,
bert-base-multilingual-cased,10.0,ar,linear,NT_minus_TN,4.0,2.760986427091943,0.9991188574273644,0.9998790921784536,8.33713684690245e-05,0.0033222591362126,-0.0019326444429114,0.015748043173257,0.0009504792782794,-0.021693362196875,,,,,
bert-base-multilingual-cased,10.0,ar,linear,QM_minus_MQ,4.0,3.448718988161456,0.9884314643436132,0.9998750956260092,8.16900205676013e-05,0.0033222591362126,0.0423802167178347,-0.0879094795826109,0.0396196661376741,0.0123736149076052,,,,,
bert-base-multilingual-cased,10.0,ar,linear,QT_minus_TQ,4.0,3.7033607228374072,0.9882066971499632,0.999869357837186,9.064601708082036e-05,0.0033222591362126,0.0421616587788555,-0.0963256066704021,0.0206106380894552,0.0559708398489971,,,,,
bert-base-multilingual-cased,10.0,ar,linear,MT_minus_TM,4.0,2.740931335004292,0.9982315655222108,0.9998826890009758,8.613055562969265e-05,0.0033222591362126,-0.0067420866119704,0.0242896595841138,0.0105650385662267,-0.0211099930107702,,,,,
bert-base-multilingual-cased,10.0,ar,affine,NQ_minus_QN,4.0,3.646205319244965,0.9876548724718563,0.9998848058964778,8.413498113176373e-05,0.0033222591362126,-0.0518569933404956,0.099540237353902,-0.0278339674980065,-0.0469166712153317,,,,,
bert-base-multilingual-cased,10.0,ar,affine,NM_minus_MN,4.0,2.6009696847852326,0.9956519344694014,0.9998835515587344,7.790148787506997e-05,0.0033222591362126,0.0496817150983889,-0.005748405760321,-0.0398677673288946,-0.0154686464138036,,,,,
bert-base-multilingual-cased,10.0,ar,affine,NT_minus_TN,4.0,2.699957006910538,0.9987978737963216,0.9998785193683628,8.550745874913568e-05,0.0033222591362126,0.010589846403656,0.0128385338787164,0.002908511464226,-0.0314323268258149,,,,,
bert-base-multilingual-cased,10.0,ar,affine,QM_minus_MQ,4.0,3.4305853088628657,0.9880356337909258,0.9998881836095744,7.360347008728983e-05,0.0033222591362126,0.0430701331622385,-0.0928936367602819,0.0387677555509198,0.0172425199779328,,,,,
bert-base-multilingual-cased,10.0,ar,affine,QT_minus_TQ,4.0,3.6049793989405945,0.9901268686521189,0.9998732425016452,8.53392366624098e-05,0.0033222591362126,0.0338138416030609,-0.088431714855146,0.0157027390337511,0.0588477938120022,,,,,
bert-base-multilingual-cased,10.0,ar,affine,MT_minus_TM,4.0,2.7258488442836653,0.997835908780177,0.9998732791500512,9.207992949000648e-05,0.0033222591362126,-0.0008710730815102,0.0235259058224755,0.0163493749442672,-0.0305777391472507,,,,,
bert-base-multilingual-cased,100.0,en,linear,NQ_minus_QN,4.0,1.8927318307165957,0.8804058761683373,0.9998778799297812,8.622991427503585e-05,0.0033222591362126,-0.2262563333102148,0.249160922386885,-0.0119946440018603,-0.0200584355815221,,,,,
bert-base-multilingual-cased,100.0,en,linear,NM_minus_MN,4.0,1.1615730936961814,0.9529091129989712,0.9998775086437436,8.423261130944796e-05,0.0033222591362126,-0.1626162978260018,0.0098754828911039,0.1169338689815403,0.037930418644174,,,,,
bert-base-multilingual-cased,100.0,en,linear,NT_minus_TN,4.0,1.0633354645605813,0.9031631659534042,0.9998811307610954,8.446921956613672e-05,0.0033222591362126,-0.2235553551710936,0.0179100695989608,0.0046460316353824,0.2005959742885768,,,,,
bert-base-multilingual-cased,100.0,en,linear,QM_minus_MQ,4.0,1.8342034626890036,0.8852126705318454,0.999883007184633,8.148512793103627e-05,0.0033222591362126,0.0751384715489819,-0.2432988317179169,0.1405844354722763,0.037970247972395,,,,,
bert-base-multilingual-cased,100.0,en,linear,QT_minus_TQ,4.0,1.8072248866875884,0.8940880347600183,0.9998706265057342,9.08351288926958e-05,0.0033222591362126,0.0570777615547765,-0.2391221159562299,0.0199502256548295,0.1710585047341047,,,,,
bert-base-multilingual-cased,100.0,en,linear,MT_minus_TM,4.0,1.191966599847385,0.9554441682899,0.9998816850180448,8.836254310323154e-05,0.0033222591362126,-0.0441761524141522,0.0101721550114737,-0.1139119322405548,0.1455978870209985,,,,,
bert-base-multilingual-cased,100.0,en,affine,NQ_minus_QN,4.0,1.8161836893124608,0.8326490404680095,0.9998819765045392,8.78211727109929e-05,0.0033222591362126,-0.2769085368317336,0.3122852326492165,-0.0043530087274653,-0.0408519129239076,,,,,
bert-base-multilingual-cased,100.0,en,affine,NM_minus_MN,4.0,1.1349739559266698,0.956291452323825,0.9998841896616932,8.072406520635692e-05,0.0033222591362126,-0.1564761907280298,0.0058404288035787,0.1139110654175351,0.0389299702027168,,,,,
bert-base-multilingual-cased,100.0,en,affine,NT_minus_TN,4.0,1.0023832512890485,0.9172385176745684,0.9998791739633932,8.92982027869511e-05,0.0033222591362126,-0.2044712845769692,0.0127673696710096,0.0070628515562559,0.1844885000779757,,,,,
bert-base-multilingual-cased,100.0,en,affine,QM_minus_MQ,4.0,1.7929252560996856,0.8528479848986238,0.9998742935954866,7.728751046217205e-05,0.0033222591362126,0.0807554563237234,-0.3006022736785456,0.1625229109498537,0.068907767910092,,,,,
bert-base-multilingual-cased,100.0,en,affine,QT_minus_TQ,4.0,1.6908588774367783,0.853529792471291,0.9998844661281444,8.544774720075224e-05,0.0033222591362126,0.0336570623822346,-0.2887103596940176,0.0140702711142218,0.2499576247746809,,,,,
bert-base-multilingual-cased,100.0,en,affine,MT_minus_TM,4.0,1.1569648486205757,0.9610282008905722,0.9998823389775748,8.467770710341222e-05,0.0033222591362126,-0.0375243627445838,0.0111468078418827,-0.1084105945400419,0.1325895680141912,,,,,
bert-base-multilingual-cased,100.0,es,linear,NQ_minus_QN,4.0,1.9221921784235363,0.8887909580455147,0.999873510936948,8.258961509079932e-05,0.0033222591362126,-0.2074696815059493,0.2450509670340294,-0.0156538405888849,-0.0316030794433556,,,,,
bert-base-multilingual-cased,100.0,es,linear,NM_minus_MN,4.0,1.2042922969594363,0.9490164635922996,0.9998828773458346,7.770519640072116e-05,0.0033222591362126,-0.1669788625387332,0.005924608047251,0.1302074972749885,0.0334822417893372,,,,,
bert-base-multilingual-cased,100.0,es,linear,NT_minus_TN,4.0,1.1427926773995172,0.9068648616116358,0.999873741867246,8.385925722817105e-05,0.0033222591362126,-0.2172726278797684,0.0104818582572493,0.0007729718500023,0.2049222697835905,,,,,
bert-base-multilingual-cased,100.0,es,linear,QM_minus_MQ,4.0,1.887440774205216,0.8802685782299485,0.9998741389692418,8.492161217611715e-05,0.0033222591362126,0.0688489755890795,-0.2520485395882445,0.1542355733414174,0.0407982697028555,,,,,
bert-base-multilingual-cased,100.0,es,linear,QT_minus_TQ,4.0,1.769512415301738,0.9016969656084772,0.9998739931649816,8.401507322600646e-05,0.0033222591362126,0.0630299482338919,-0.2263033851285319,0.0109371406484122,0.160924453980424,,,,,
bert-base-multilingual-cased,100.0,es,linear,MT_minus_TM,4.0,1.2565669911437871,0.9420822144113598,0.999888434711978,7.33476285338654e-05,0.0033222591362126,-0.053426254987751,0.0086354627407609,-0.1296544085483268,0.1706837818669121,,,,,
bert-base-multilingual-cased,100.0,es,affine,NQ_minus_QN,4.0,1.8584243848325936,0.8353917018334706,0.9998857048787558,8.188952757868834e-05,0.0033222591362126,-0.2635864380432917,0.3146800078036945,-0.0124720052521527,-0.0497153446985207,,,,,
bert-base-multilingual-cased,100.0,es,affine,NM_minus_MN,4.0,1.1773510839474377,0.9519723755442224,0.9998779967907642,7.966581374035225e-05,0.0033222591362126,-0.1604609112839539,-0.0004701660929811,0.1287253347595776,0.0350493531636733,,,,,
bert-base-multilingual-cased,100.0,es,affine,NT_minus_TN,4.0,1.0874436629341184,0.9192720033599188,0.9998777914574662,8.734712083571412e-05,0.0033222591362126,-0.2026199905029937,0.0079727979295347,0.0038000068069825,0.1898851863151973,,,,,
bert-base-multilingual-cased,100.0,es,affine,QM_minus_MQ,4.0,1.8519179263008256,0.8447006021778858,0.9998783247803764,8.76405595624467e-05,0.0033222591362126,0.0740459935437547,-0.3111859110487205,0.179502129070302,0.071127595862563,,,,,
bert-base-multilingual-cased,100.0,es,affine,QT_minus_TQ,4.0,1.6717322785163795,0.850238833304727,0.9998917708991236,7.356557291503478e-05,0.0033222591362126,0.0321078628907808,-0.2872172254874698,0.0104003651966856,0.2534954238823783,,,,,
bert-base-multilingual-cased,100.0,es,affine,MT_minus_TM,4.0,1.223962000308762,0.9494466723424182,0.999875314499695,8.059397546210813e-05,0.0033222591362126,-0.0464584319179703,0.0114619042968832,-0.1242162938714654,0.1554988524319727,,,,,
bert-base-multilingual-cased,100.0,fr,linear,NQ_minus_QN,4.0,1.888894809062678,0.8863641166680952,0.999867525912979,8.947661716219741e-05,0.0033222591362126,-0.2031373348387111,0.2464913075233796,-0.0064348545625507,-0.0467951444201142,,,,,
bert-base-multilingual-cased,100.0,fr,linear,NM_minus_MN,4.0,1.1973538875920449,0.9602330850560572,0.9998794108186396,8.28763816698106e-05,0.0033222591362126,-0.1403296356209557,0.00743146573941,0.1164938047259821,0.0195008400008474,,,,,
bert-base-multilingual-cased,100.0,fr,linear,NT_minus_TN,4.0,1.088470428490142,0.9152720991638011,0.9998752907746687,8.593455897526638e-05,0.0033222591362126,-0.2082403795666611,0.0075965876019737,0.0041739089539099,0.194515576907114,,,,,
bert-base-multilingual-cased,100.0,fr,linear,QM_minus_MQ,4.0,1.860274600055376,0.8942802788355312,0.9998785289662276,7.76162049483318e-05,0.0033222591362126,0.0764731328517916,-0.23777416594337,0.1233895075457359,0.0489190976931646,,,,,
bert-base-multilingual-cased,100.0,fr,linear,QT_minus_TQ,4.0,1.811778974395843,0.8927776467032854,0.9998755343508116,8.793359908825315e-05,0.0033222591362126,0.0615854177196908,-0.2409416869830334,0.0133869753723396,0.1740513505319756,,,,,
bert-base-multilingual-cased,100.0,fr,linear,MT_minus_TM,4.0,1.2807900461837067,0.9478474117899884,0.999886232906888,8.448571307079969e-05,0.0033222591362126,-0.0514023642447921,0.0035519257107558,-0.123203813987282,0.1659733972972708,,,,,
bert-base-multilingual-cased,100.0,fr,affine,NQ_minus_QN,4.0,1.8337824847336823,0.8483392659062857,0.9998816781803428,8.463926533687075e-05,0.0033222591362126,-0.2544337909974346,0.2992002029221769,0.0015277053803042,-0.0563172661828795,,,,,
bert-base-multilingual-cased,100.0,fr,affine,NM_minus_MN,4.0,1.1693749493010068,0.9642323803488708,0.9998777931280862,8.468342774038241e-05,0.0033222591362126,-0.1337574367326342,0.0058290195969609,0.11045403328763,0.0204347679837571,,,,,
bert-base-multilingual-cased,100.0,fr,affine,NT_minus_TN,4.0,1.035323433812246,0.9234500815633324,0.9998861837790604,8.598775254481356e-05,0.0033222591362126,-0.1964836089006218,0.0054940019136004,0.0049326011800453,0.1842834793691548,,,,,
bert-base-multilingual-cased,100.0,fr,affine,QM_minus_MQ,4.0,1.817352629702744,0.8675973836435293,0.9998813270918716,8.05304195790058e-05,0.0033222591362126,0.0813104524000008,-0.2836906162944803,0.1458292844456918,0.0690124065315004,,,,,
bert-base-multilingual-cased,100.0,fr,affine,QT_minus_TQ,4.0,1.7231668793669366,0.8555932759025213,0.9998909252169093,8.333551058027633e-05,0.0033222591362126,0.0383587943324155,-0.2877541858610338,0.0057127545115879,0.2510646345604526,,,,,
bert-base-multilingual-cased,100.0,fr,affine,MT_minus_TM,4.0,1.2453412514397904,0.9544122117197394,0.9998657746124984,9.314222046688616e-05,0.0033222591362126,-0.0497308523320071,0.0031060479417261,-0.1144846835434051,0.1564323795027086,,,,,
bert-base-multilingual-cased,100.0,de,linear,NQ_minus_QN,4.0,1.9524000026928092,0.8880416451989905,0.9998876858851148,8.134192564338988e-05,0.0033222591362126,-0.2177947916656223,0.2463735192986833,-0.0144206821240375,-0.0236819486807179,,,,,
bert-base-multilingual-cased,100.0,de,linear,NM_minus_MN,4.0,1.1995347786663495,0.9620059719474412,0.999881563435999,7.99339303656017e-05,0.0033222591362126,-0.1436914082908519,0.0031408927879355,0.1097614364578028,0.0340499685517461,,,,,
bert-base-multilingual-cased,100.0,de,linear,NT_minus_TN,4.0,1.1578043409105214,0.9073718704948056,0.9998703673076196,9.665337552082396e-05,0.0033222591362126,-0.2229120788637387,0.0084839150623243,0.0051636241498686,0.2087198921742012,,,,,
bert-base-multilingual-cased,100.0,de,linear,QM_minus_MQ,4.0,1.879691982922688,0.8928330492873278,0.999879246049402,8.141019814495504e-05,0.0033222591362126,0.0716860628976839,-0.2367915095835102,0.1355802855232319,0.0405926683797363,,,,,
bert-base-multilingual-cased,100.0,de,linear,QT_minus_TQ,4.0,1.853689175603615,0.9000237736815627,0.9998913380070484,7.540414667282642e-05,0.0033222591362126,0.0459554799634829,-0.2346103493733067,0.0188216988814693,0.1786289102095768,,,,,
bert-base-multilingual-cased,100.0,de,linear,MT_minus_TM,4.0,1.239879548599311,0.9546147046930124,0.9998879369181216,8.004678297857264e-05,0.0033222591362126,-0.0562665893877178,0.0077720160462516,-0.1077124500377397,0.1525368585908992,,,,,
bert-base-multilingual-cased,100.0,de,affine,NQ_minus_QN,4.0,1.8671929491621235,0.84403092362521,0.9998826960235736,8.000353187064467e-05,0.0033222591362126,-0.2681763531489294,0.3054249824306462,-0.0103495972100713,-0.0372517071171874,,,,,
bert-base-multilingual-cased,100.0,de,affine,NM_minus_MN,4.0,1.1721157882036055,0.9647721236907594,0.9998891866458324,7.911829591841725e-05,0.0033222591362126,-0.1378605053834573,-0.0030424206982892,0.1057032470576209,0.0385037584061529,,,,,
bert-base-multilingual-cased,100.0,de,affine,NT_minus_TN,4.0,1.0971887016883335,0.9179380837041686,0.99987688151028,8.940729760987059e-05,0.0033222591362126,-0.2067300463628912,0.0039195728851912,0.0064077199490381,0.1960166353462832,,,,,
bert-base-multilingual-cased,100.0,de,affine,QM_minus_MQ,4.0,1.831134715955689,0.8581441585465895,0.9998812680653962,8.720061360087128e-05,0.0033222591362126,0.0812245747467778,-0.2947953447802602,0.1582104907802858,0.0680819189955413,,,,,
bert-base-multilingual-cased,100.0,de,affine,QT_minus_TQ,4.0,1.7420039433970254,0.8582423416133093,0.9998749975928622,9.350622720954916e-05,0.0033222591362126,0.0213571907011622,-0.2864556430402587,0.0132314479236257,0.2603941194653291,,,,,
bert-base-multilingual-cased,100.0,de,affine,MT_minus_TM,4.0,1.209894676390018,0.9603191560347836,0.999873167212832,8.876679641425483e-05,0.0033222591362126,-0.0530971790678319,0.0104462268800107,-0.1016337671074028,0.1407275937933151,,,,,
bert-base-multilingual-cased,100.0,ru,linear,NQ_minus_QN,4.0,1.999566163869945,0.8768577763550797,0.9998728624041692,8.970865211239619e-05,0.0033222591362126,-0.2333313441952262,0.2642466408375178,-0.0109205644325144,-0.0287873178196051,,,,,
bert-base-multilingual-cased,100.0,ru,linear,NM_minus_MN,4.0,1.2134431449387524,0.9491802575600142,0.9998833022950048,7.851843741605063e-05,0.0033222591362126,-0.1696981761666106,0.0053786899781092,0.1254366821338119,0.0422238287204889,,,,,
bert-base-multilingual-cased,100.0,ru,linear,NT_minus_TN,4.0,1.1886802444735056,0.8999022392371242,0.9998750694110292,7.913890047060375e-05,0.0033222591362126,-0.2374351412776805,0.0140068267613924,0.0097854676353462,0.2129126020984153,,,,,
bert-base-multilingual-cased,100.0,ru,linear,QM_minus_MQ,4.0,1.9282185197425987,0.8777182594440758,0.9998864081194544,8.122227526378436e-05,0.0033222591362126,0.0776748649179727,-0.2630440491316286,0.1422355281714499,0.054041956482708,,,,,
bert-base-multilingual-cased,100.0,ru,linear,QT_minus_TQ,4.0,1.865428136540654,0.8923572525772009,0.999874173447339,9.314446071701066e-05,0.0033222591362126,0.0610100511338494,-0.2479198502924511,0.0160078227728845,0.1789911724868346,,,,,
bert-base-multilingual-cased,100.0,ru,linear,MT_minus_TM,4.0,1.2796570542064478,0.9491097003346382,0.999886108471307,7.441968052713942e-05,0.0033222591362126,-0.0523553114920142,0.0120952962124289,-0.1225025087767242,0.1585753582263027,,,,,
bert-base-multilingual-cased,100.0,ru,affine,NQ_minus_QN,4.0,1.903857244286528,0.82275104003441,0.9998768725656324,8.628682446318672e-05,0.0033222591362126,-0.2992300812011226,0.3327490288476665,-0.0029908965710708,-0.0394572959639202,,,,,
bert-base-multilingual-cased,100.0,ru,affine,NM_minus_MN,4.0,1.1815834879194766,0.953890077200476,0.9998795931595658,8.251005415936685e-05,0.0033222591362126,-0.1614052287600664,0.0009468943491597,0.1203385778102924,0.0434350210160651,,,,,
bert-base-multilingual-cased,100.0,ru,affine,NT_minus_TN,4.0,1.1279675347275868,0.912385045178814,0.9998738414078086,9.27090781790784e-05,0.0033222591362126,-0.2210097049510463,0.0117285324593356,0.0110279097276613,0.1977369635422271,,,,,
bert-base-multilingual-cased,100.0,ru,affine,QM_minus_MQ,4.0,1.861713818584194,0.8387069397768215,0.9998739622750188,9.208905129433922e-05,0.0033222591362126,0.0873043947748887,-0.3268376915933652,0.1699161736689988,0.0820764674392559,,,,,
bert-base-multilingual-cased,100.0,ru,affine,QT_minus_TQ,4.0,1.7511460091323725,0.8490930660047733,0.9998794003318292,8.579889509849075e-05,0.0033222591362126,0.0398330039698846,-0.3056968562983024,0.0080684466218491,0.2650151017286054,,,,,
bert-base-multilingual-cased,100.0,ru,affine,MT_minus_TM,4.0,1.245785868603675,0.9562607392979336,0.9998871107771936,7.761460239229408e-05,0.0033222591362126,-0.0486481140811794,0.0139421703212159,-0.1143674182279703,0.1452508821408468,,,,,
bert-base-multilingual-cased,100.0,zh,linear,NQ_minus_QN,4.0,1.9250188433606013,0.8907834809541919,0.9998753656669536,8.71361839321387e-05,0.0033222591362126,-0.2212876372560574,0.2423942875454465,-0.0123621224220644,-0.0167828154666092,,,,,
bert-base-multilingual-cased,100.0,zh,linear,NM_minus_MN,4.0,1.1986928774180237,0.9545684922138542,0.9998785874572144,8.450724881489587e-05,0.0033222591362126,-0.1596241812187335,0.0092986109114696,0.1149862659523198,0.038738617834712,,,,,
bert-base-multilingual-cased,100.0,zh,linear,NT_minus_TN,4.0,1.1868503143261686,0.9001801110961133,0.9998801044409872,7.411767719124344e-05,0.0033222591362126,-0.2359528789194926,0.0124726002696683,0.0052742464512505,0.2174896666079571,,,,,
bert-base-multilingual-cased,100.0,zh,linear,QM_minus_MQ,4.0,1.8508198179837143,0.8949548563148427,0.9998753072503822,9.149431871801364e-05,0.0033222591362126,0.0818938845538943,-0.2348647215134237,0.1313438627541346,0.0316119276738414,,,,,
bert-base-multilingual-cased,100.0,zh,linear,QT_minus_TQ,4.0,1.7982561494643143,0.9029029002855962,0.9998692509471504,9.151121726592464e-05,0.0033222591362126,0.0568670713467085,-0.2294696054664585,0.0103966955830498,0.1696332313598037,,,,,
bert-base-multilingual-cased,100.0,zh,linear,MT_minus_TM,4.0,1.2633779946066146,0.9502957155325884,0.9998768086398896,9.184542299210694e-05,0.0033222591362126,-0.0560072221455169,0.0063179034501626,-0.1154078993230694,0.1613496755795019,,,,,
bert-base-multilingual-cased,100.0,zh,affine,NQ_minus_QN,4.0,1.8581609538012585,0.8316776203382062,0.9998817222232323,8.210415683260696e-05,0.0033222591362126,-0.2895120719023731,0.3206778397400613,-0.0094941226318691,-0.0304759375775131,,,,,
bert-base-multilingual-cased,100.0,zh,affine,NM_minus_MN,4.0,1.1639077467346863,0.9589640592378488,0.9998744618788024,9.200238442665492e-05,0.0033222591362126,-0.1510446271257951,0.0048665982997547,0.1104527302306632,0.0392370418026142,,,,,
bert-base-multilingual-cased,100.0,zh,affine,NT_minus_TN,4.0,1.121516357634028,0.91205029109003,0.9998779261997596,8.75484265089157e-05,0.0033222591362126,-0.2190297841827919,0.009100280657139,0.0055135000381305,0.2038273326745157,,,,,
bert-base-multilingual-cased,100.0,zh,affine,QM_minus_MQ,4.0,1.8056157218904936,0.8549121767520924,0.9998783619323118,9.23290879500293e-05,0.0033222591362126,0.09339112077242,-0.3015735623579221,0.1584141907555922,0.0613128212143125,,,,,
bert-base-multilingual-cased,100.0,zh,affine,QT_minus_TQ,4.0,1.6988901055549122,0.8540726252502084,0.999882812099408,8.389344621514897e-05,0.0033222591362126,0.0297118288068981,-0.2927324686858035,0.0094191828972597,0.2607334349120266,,,,,
bert-base-multilingual-cased,100.0,zh,affine,MT_minus_TM,4.0,1.2284063419212934,0.9563310315514534,0.9998709793246712,9.160972851646763e-05,0.0033222591362126,-0.0546565692191766,0.0084716100451523,-0.1077717007554276,0.1503713293436808,,,,,
bert-base-multilingual-cased,100.0,ar,linear,NQ_minus_QN,4.0,1.9897394822339995,0.862473939677074,0.9998822715921286,8.090789515507243e-05,0.0033222591362126,-0.233856480858439,0.2801531982132874,-0.0268087806520448,-0.0300031442295605,,,,,
bert-base-multilingual-cased,100.0,ar,linear,NM_minus_MN,4.0,1.1988855898512472,0.9385087540782228,0.9998728208660448,9.20666038316002e-05,0.0033222591362126,-0.1796276497247053,0.0057948707146417,0.1499807668596972,0.0260880894357515,,,,,
bert-base-multilingual-cased,100.0,ar,linear,NT_minus_TN,4.0,1.1923749148512712,0.9088758175276184,0.9998808408378992,8.314361719390846e-05,0.0033222591362126,-0.2217067470441088,0.0133418145231578,0.0088148755124405,0.1988496631614374,,,,,
bert-base-multilingual-cased,100.0,ar,linear,QM_minus_MQ,4.0,1.9391445377016652,0.8610245606338834,0.999869039848038,8.766553996965121e-05,0.0033222591362126,0.0665887327360017,-0.2771009057417284,0.1784494866298073,0.0438572043521815,,,,,
bert-base-multilingual-cased,100.0,ar,linear,QT_minus_TQ,4.0,1.857661023239752,0.8755478896503139,0.9998661875535882,0.000102253749031,0.0033222591362126,0.0417403049455035,-0.2652444539501414,0.030055123395695,0.2033195256326421,,,,,
bert-base-multilingual-cased,100.0,ar,linear,MT_minus_TM,4.0,1.2527830799717945,0.9382200356004792,0.9998827006280052,7.617812595297494e-05,0.0033222591362126,-0.03271462858756,0.0124133116343511,-0.1473108199779813,0.1646259395122102,,,,,
bert-base-multilingual-cased,100.0,ar,affine,NQ_minus_QN,4.0,1.9091906166127988,0.8338250537526627,0.9998872250122404,7.181241446320182e-05,0.0033222591362126,-0.2723644973309812,0.3154214591053155,-0.0207692157328871,-0.0335682039522335,,,,,
bert-base-multilingual-cased,100.0,ar,affine,NM_minus_MN,4.0,1.1667137324827512,0.942721142940224,0.999876566165606,8.438430664800504e-05,0.0033222591362126,-0.1726034467790219,0.0023466033919899,0.1449479050187286,0.0274907073800424,,,,,
bert-base-multilingual-cased,100.0,ar,affine,NT_minus_TN,4.0,1.131301559392308,0.9182693904853614,0.9998833810549488,9.428085097728109e-05,0.0033222591362126,-0.2063353661387546,0.0085261278997885,0.0089912797225471,0.1884215545563675,,,,,
bert-base-multilingual-cased,100.0,ar,affine,QM_minus_MQ,4.0,1.884205778951476,0.8377995655650798,0.9998844985061072,8.327902570228745e-05,0.0033222591362126,0.0697128793375673,-0.3139415582115208,0.1974225000869681,0.059801938867128,,,,,
bert-base-multilingual-cased,100.0,ar,affine,QT_minus_TQ,4.0,1.7567994073493396,0.8544610977463637,0.9998790429527878,9.17106618704368e-05,0.0033222591362126,0.022502023708318,-0.2903918590565573,0.0247502048142735,0.2526531760982023,,,,,
bert-base-multilingual-cased,100.0,ar,affine,MT_minus_TM,4.0,1.220510280216983,0.943934846371254,0.9998803728090274,8.470703140051679e-05,0.0033222591362126,-0.0312916426158335,0.0126899814620957,-0.1403271584582644,0.1561191101588121,,,,,
,0.1,,affine,,,,,,,,,,,,0.9943340352760164,8.98862957192826,0.9998780122419624,0.0110829861660426,378.0
,0.1,,linear,,,,,,,,,,,,0.9947246251300672,8.88419383853058,0.999877986499876,0.0074618994884775,378.0
,1.0,,affine,,,,,,,,,,,,0.9909896727594474,6.483421528698706,0.9998780152720832,0.0077783051204977,378.0
,1.0,,linear,,,,,,,,,,,,0.9914936831494936,6.468517716740257,0.9998779737119546,0.0071367048111233,378.0
,10.0,,affine,,,,,,,,,,,,0.9704761411678454,3.26833507970252,0.999878121085816,0.0062050660057304,378.0
,10.0,,linear,,,,,,,,,,,,0.9747065039684883,3.332579434886721,0.999877817471294,0.0043681555309462,378.0
,100.0,,affine,,,,,,,,,,,,0.8550426872191578,1.5386941415715238,0.9998778361482026,0.0033222591362126,378.0
,100.0,,linear,,,,,,,,,,,,0.88166968689113,1.6070622336036429,0.999877903115151,0.0033222591362126,378.0
distilbert-base-multilingual-cased,0.1,en,linear,NQ_minus_QN,4.0,6.382552783971614,0.9892338961167322,0.999874020468314,9.09626942485474e-05,0.0033222591362126,0.1142777657844553,-0.0896369399718128,0.0065816529493966,-0.0337804178657773,,,,,
distilbert-base-multilingual-cased,0.1,en,linear,NM_minus_MN,4.0,7.168258629877023,0.9852356876366908,0.999876913179842,8.916148369273485e-05,0.0033222591362126,0.0983639160993855,-0.0170029615890025,-0.1323441939091972,-0.027308388134939,,,,,
distilbert-base-multilingual-cased,0.1,en,linear,NT_minus_TN,4.0,8.090205724937567,0.9909588738499082,0.9998798579754308,8.354064993681338e-05,0.0033222591362126,0.092512202828338,0.0501042935637608,-0.0143782659806068,-0.1285895256156007,,,,,
distilbert-base-multilingual-cased,0.1,en,linear,QM_minus_MQ,4.0,5.683483010040486,0.9862132056602996,0.999883866353222,8.163365523621585e-05,0.0033222591362126,0.0045200733914011,0.0327420110029579,-0.1239316043150156,0.00419701652331,,,,,
distilbert-base-multilingual-cased,0.1,en,linear,QT_minus_TQ,4.0,5.9207736306256304,0.9913255436230408,0.9998822800743778,8.175665792729672e-05,0.0033222591362126,0.0437368059031172,0.0797167807311399,-0.0235072301656808,-0.0825132133178099,,,,,
distilbert-base-multilingual-cased,0.1,en,linear,MT_minus_TM,4.0,6.861748166415296,0.988459498847762,0.9998712456500608,9.399258463617982e-05,0.0033222591362126,0.0419959169066076,0.0265039842751956,0.0761181868184271,-0.1202789140294516,,,,,
distilbert-base-multilingual-cased,0.1,en,affine,NQ_minus_QN,4.0,6.140414713483083,0.9883566833657637,0.999875219191897,8.655469514680745e-05,0.0033222591362126,0.1193028230249466,-0.0856830381187485,0.0003049833949527,-0.0273258713532277,,,,,
distilbert-base-multilingual-cased,0.1,en,affine,NM_minus_MN,4.0,7.517245981003212,0.9841404834360244,0.999878408568002,8.010683834629067e-05,0.0033222591362126,0.0954002016950292,-0.0240179449819394,-0.1504484756896394,-0.0126600817852242,,,,,
distilbert-base-multilingual-cased,0.1,en,affine,NT_minus_TN,4.0,8.05892303481747,0.99160018380932,0.999874625648067,0.0001001210007896,0.0033222591362126,0.0916509121961827,0.0444103968601192,-0.0104427645559184,-0.1223491881247829,,,,,
distilbert-base-multilingual-cased,0.1,en,affine,QM_minus_MQ,4.0,5.623928663602119,0.9838062907323616,0.9998736537616184,9.608792762772668e-05,0.0033222591362126,0.0024732718474715,0.0362083150704376,-0.131370738029812,0.0064786786083252,,,,,
distilbert-base-multilingual-cased,0.1,en,affine,QT_minus_TQ,4.0,5.751530226277898,0.9919713187220563,0.9998786629099068,8.191180364265024e-05,0.0033222591362126,0.0372967703756911,0.0770007036195309,-0.0186283309618995,-0.0840444753030968,,,,,
distilbert-base-multilingual-cased,0.1,en,affine,MT_minus_TM,4.0,7.034139921589952,0.9886006369508352,0.9998803283902092,8.816465526351915e-05,0.0033222591362126,0.0439798879208038,0.0286363558849545,0.0766182961175709,-0.1224490665282829,,,,,
distilbert-base-multilingual-cased,0.1,es,linear,NQ_minus_QN,4.0,6.298499240950909,0.994713117236357,0.999881339519686,8.341314469326016e-05,0.0033222591362126,0.0779181945388337,-0.0362883914637463,-0.0103866582850243,-0.0447736757859596,,,,,
distilbert-base-multilingual-cased,0.1,es,linear,NM_minus_MN,4.0,7.19599600340737,0.991016812345802,0.9998833813844332,7.249722402849396e-05,0.0033222591362126,0.0933630126155608,-0.0294966179598146,-0.0888010879629755,-0.0137106255209918,,,,,
distilbert-base-multilingual-cased,0.1,es,linear,NT_minus_TN,4.0,7.974945215540552,0.9924946350587448,0.9998735251748232,8.643946957612176e-05,0.0033222591362126,0.1121446524779869,0.0063993865753347,-0.0102298232645109,-0.0811996484535979,,,,,
distilbert-base-multilingual-cased,0.1,es,linear,QM_minus_MQ,4.0,5.744228126245305,0.996838599294326,0.9998706136922402,9.398397044860804e-05,0.0033222591362126,0.0143285992674158,-0.0088972221697287,-0.0580922372487969,0.0015112630921531,,,,,
distilbert-base-multilingual-cased,0.1,es,linear,QT_minus_TQ,4.0,5.8890178789236485,0.9943154133724842,0.9998857402731112,8.005006905197796e-05,0.0033222591362126,0.0507406888024832,0.0476373260512811,-0.0042530146571877,-0.054393717462813,,,,,
distilbert-base-multilingual-cased,0.1,es,linear,MT_minus_TM,4.0,7.3239143144737024,0.9964993773370204,0.9998854738259388,7.748285470985819e-05,0.0033222591362126,0.0193163700035291,0.0299512324977035,0.0358091344336031,-0.0739523499423909,,,,,
distilbert-base-multilingual-cased,0.1,es,affine,NQ_minus_QN,4.0,6.169922740292776,0.9925997748193994,0.999883625285725,7.876644270346832e-05,0.0033222591362126,0.0939294953717185,-0.0531145355885565,-0.0100173198896965,-0.0387951831024555,,,,,
distilbert-base-multilingual-cased,0.1,es,affine,NM_minus_MN,4.0,7.321601809063906,0.9886380143152153,0.999867389600714,9.618790078109793e-05,0.0033222591362126,0.1066227206915364,-0.0394297366487291,-0.0996960007515356,-0.0207474331023431,,,,,
distilbert-base-multilingual-cased,0.1,es,affine,NT_minus_TN,4.0,8.050572100780192,0.9916882085869928,0.9998735655701356,8.83532567935995e-05,0.0033222591362126,0.1196296329114714,-0.0061815271616788,-0.005132747225796,-0.0869574459942857,,,,,
distilbert-base-multilingual-cased,0.1,es,affine,QM_minus_MQ,4.0,5.75799643303152,0.9950342536561776,0.9998838890311544,8.368948207546407e-05,0.0033222591362126,0.018762622203603,-0.0072985567521795,-0.0726788936823636,-0.0003499703152694,,,,,
distilbert-base-multilingual-cased,0.1,es,affine,QT_minus_TQ,4.0,5.808379547178175,0.994198259760455,0.9998742531125628,8.483195881342801e-05,0.0033222591362126,0.0421224490862188,0.0546235144310618,-0.0038168047240209,-0.0653508369953489,,,,,
distilbert-base-multilingual-cased,0.1,es,affine,MT_minus_TM,4.0,7.37992373794358,0.9969615337233187,0.9998802438899348,7.808302698023715e-05,0.0033222591362126,0.0152166352502838,0.0328208827762347,0.0302208108590835,-0.0706767414659274,,,,,
distilbert-base-multilingual-cased,0.1,fr,linear,NQ_minus_QN,4.0,7.136328444911075,0.993096494642012,0.9998694917054548,9.466005212750066e-05,0.0033222591362126,0.0954685622139342,-0.0262310552232949,-0.0164723624594608,-0.0614810406614671,,,,,
distilbert-base-multilingual-cased,0.1,fr,linear,NM_minus_MN,4.0,7.879779623300933,0.9887746756560132,0.9998708111579376,8.905298304075504e-05,0.0033222591362126,0.1202799780570509,-0.0495275159339037,-0.0861801525771447,-0.0165711136636971,,,,,
distilbert-base-multilingual-cased,0.1,fr,linear,NT_minus_TN,4.0,9.034639015991814,0.9945631364101156,0.999871922969412,8.124634208381604e-05,0.0033222591362126,0.1050515285287295,-0.0293529218681851,0.0090308337589243,-0.0765107121284212,,,,,
distilbert-base-multilingual-cased,0.1,fr,linear,QM_minus_MQ,4.0,6.231286177177077,0.994362521060084,0.9998783684287416,7.980124853221461e-05,0.0033222591362126,0.0111989157057466,-0.0107673914738219,-0.0822465498564995,0.0188142620131045,,,,,
distilbert-base-multilingual-cased,0.1,fr,linear,QT_minus_TQ,4.0,6.285432651576191,0.996944428630434,0.9998759525307638,8.520276875854734e-05,0.0033222591362126,0.0336140117556635,0.0324894248831505,0.0038038015777235,-0.0563427711818924,,,,,
distilbert-base-multilingual-cased,0.1,fr,linear,MT_minus_TM,4.0,7.803809352935182,0.9971943629973772,0.9998782544067376,9.202594470362758e-05,0.0033222591362126,0.0194919199421238,0.0467386912238107,0.0175008154439887,-0.0722226845710206,,,,,
distilbert-base-multilingual-cased,0.1,fr,affine,NQ_minus_QN,4.0,7.076164893132445,0.9911614396544028,0.999884678871541,8.511954882896908e-05,0.0033222591362126,0.1065480925371517,-0.0558169016218478,-0.0040504696656688,-0.0624680985872522,,,,,
distilbert-base-multilingual-cased,0.1,fr,affine,NM_minus_MN,4.0,8.129618784050896,0.985504761595465,0.999879714215832,8.479821088988182e-05,0.0033222591362126,0.1338479356297976,-0.0438051213746004,-0.1090545460209417,-0.0254054941521953,,,,,
distilbert-base-multilingual-cased,0.1,fr,affine,NT_minus_TN,4.0,9.224302727345146,0.9940199415381382,0.9998810394857732,8.058892706242792e-05,0.0033222591362126,0.1030174301670581,-0.0262106641545746,0.0213673581244872,-0.0908323292075332,,,,,
distilbert-base-multilingual-cased,0.1,fr,affine,QM_minus_MQ,4.0,6.1870304996708265,0.9917963859448592,0.999887679741632,8.232306398069476e-05,0.0033222591362126,0.011772699506873,-4.7448713243309314e-05,-0.0994185449375735,0.0114801423638837,,,,,
distilbert-base-multilingual-cased,0.1,fr,affine,QT_minus_TQ,4.0,6.057321500696573,0.9962216762743726,0.99988093007698,8.402384322670118e-05,0.0033222591362126,0.0287927497811173,0.0457360889752252,0.0043120116552225,-0.0604329329805581,,,,,
distilbert-base-multilingual-cased,0.1,fr,affine,MT_minus_TM,4.0,7.997071030173816,0.9970785524881868,0.9998837870321222,8.475424706104498e-05,0.0033222591362126,0.0178168553544321,0.0454516453500307,0.0230704534191165,-0.0753748535417838,,,,,
distilbert-base-multilingual-cased,0.1,de,linear,NQ_minus_QN,4.0,7.1963804091453305,0.995884061898673,0.9998723268482828,8.730561622967694e-05,0.0033222591362126,0.0659984408247549,-0.0113375306004063,-0.0036561199828841,-0.0622663780321724,,,,,
distilbert-base-multilingual-cased,0.1,de,linear,NM_minus_MN,4.0,7.42383809499318,0.9938450433287004,0.9998813771755812,8.081339144574392e-05,0.0033222591362126,0.0729667768921866,-0.0211332564541298,-0.0750078236001264,-0.0250885431123926,,,,,
distilbert-base-multilingual-cased,0.1,de,linear,NT_minus_TN,4.0,9.507853884253771,0.9925269300147156,0.9998783333464432,8.006739610779403e-05,0.0033222591362126,0.0895398845351184,0.0525139662588406,-0.0093107242316806,-0.1343408368520523,,,,,
distilbert-base-multilingual-cased,0.1,de,linear,QM_minus_MQ,4.0,6.030316619553436,0.9963949354355311,0.9998842706854254,8.685392177494117e-05,0.0033222591362126,0.0015516199450585,0.0081566757607049,-0.0655983713532321,-0.00843973565327,,,,,
distilbert-base-multilingual-cased,0.1,de,linear,QT_minus_TQ,4.0,6.496274250296708,0.9965852738174114,0.9998696864566964,9.297341381517262e-05,0.0033222591362126,0.0490164158457412,0.0274156872886754,-0.0049162502790645,-0.0431229584389557,,,,,
distilbert-base-multilingual-cased,0.1,de,linear,MT_minus_TM,4.0,7.304905389124542,0.9980424098249512,0.9998866229568328,8.182839390963781e-05,0.0033222591362126,0.0374988104636639,0.0094912235748915,0.0269656242124294,-0.041853301677391,,,,,
distilbert-base-multilingual-cased,0.1,de,affine,NQ_minus_QN,4.0,7.159862606113586,0.9947819720686816,0.9998851147649394,8.205428148664428e-05,0.0033222591362126,0.08318753929074,-0.0289942285672549,-0.0112599001746461,-0.0495860497106874,,,,,
distilbert-base-multilingual-cased,0.1,de,affine,NM_minus_MN,4.0,7.763087743494376,0.9914081240200852,0.999879787942064,8.268522889174596e-05,0.0033222591362126,0.0943766321294398,-0.0274487455511606,-0.0851908440897714,-0.0306184813683826,,,,,
distilbert-base-multilingual-cased,0.1,de,affine,NT_minus_TN,4.0,9.582194352533154,0.9921293944694628,0.9998832202637432,8.652678333329823e-05,0.0033222591362126,0.097206270813607,0.0475963302889368,-0.0204868588086921,-0.1329144644109572,,,,,
distilbert-base-multilingual-cased,0.1,de,affine,QM_minus_MQ,4.0,6.113852705852082,0.9955790883101424,0.9998752246708466,9.453548287961478e-05,0.0033222591362126,0.0005361184318221,0.010421646627899,-0.0725634500268238,-0.0067726259876332,,,,,
distilbert-base-multilingual-cased,0.1,de,affine,QT_minus_TQ,4.0,6.388228759443022,0.9969534254933924,0.9998722434656524,8.337681726697584e-05,0.0033222591362126,0.0372775427711505,0.0362130934503909,-0.0126685819932336,-0.0477665967711645,,,,,
distilbert-base-multilingual-cased,0.1,de,affine,MT_minus_TM,4.0,7.550005937534439,0.9984480823343144,0.9998778502077516,7.957196426958333e-05,0.0033222591362126,0.037315923155953,-0.0016896840324723,0.0277985687872126,-0.0313349453131835,,,,,
distilbert-base-multilingual-cased,0.1,ru,linear,NQ_minus_QN,4.0,6.724888169507424,0.9979554422224932,0.9998769742129572,8.658305400386001e-05,0.0033222591362126,0.0391083827320099,-0.0309852342993054,-0.0061854178095522,-0.0319104484469905,,,,,
distilbert-base-multilingual-cased,0.1,ru,linear,NM_minus_MN,4.0,7.545022747417075,0.9961615360400844,0.9998808804376872,8.156955616341731e-05,0.0033222591362126,0.0593318201878053,-0.0091812330221886,-0.063342230177686,-0.0210331993403649,,,,,
distilbert-base-multilingual-cased,0.1,ru,linear,NT_minus_TN,4.0,8.6554155715271,0.9937116118794888,0.9998772277864176,9.197118088479827e-05,0.0033222591362126,0.0519596988022681,0.058798247306705,-0.0306012445035285,-0.1122794274054228,,,,,
distilbert-base-multilingual-cased,0.1,ru,linear,QM_minus_MQ,4.0,6.379417012066627,0.9953877019655556,0.9998799553561496,8.04439686221501e-05,0.0033222591362126,0.0058167804990868,0.0292872059378568,-0.0774270738617366,-0.0036599888080867,,,,,
distilbert-base-multilingual-cased,0.1,ru,linear,QT_minus_TQ,4.0,7.077332266311559,0.9943875567552362,0.9998749260749762,9.22541151783107e-05,0.0033222591362126,0.0287470378581735,0.081264844447451,-0.0307240549533751,-0.0635835333057128,,,,,
distilbert-base-multilingual-cased,0.1,ru,linear,MT_minus_TM,4.0,7.671387136191141,0.9977554865056308,0.9998664448312368,9.435511566974342e-05,0.0033222591362126,0.0228551493626317,0.0006644661033326,0.0234356284438183,-0.0570337420249036,,,,,
distilbert-base-multilingual-cased,0.1,ru,affine,NQ_minus_QN,4.0,6.602755958209598,0.9968181409659476,0.999880512910348,8.481167010227515e-05,0.0033222591362126,0.0513911764555851,-0.0396587196303808,-0.0095822194546778,-0.0369182480124647,,,,,
distilbert-base-multilingual-cased,0.1,ru,affine,NM_minus_MN,4.0,7.85663806635838,0.9948711909456698,0.9998799742832042,9.26095584109172e-05,0.0033222591362126,0.0775706320048047,-0.0182641019586634,-0.0691757866553208,-0.0195480909080898,,,,,
distilbert-base-multilingual-cased,0.1,ru,affine,NT_minus_TN,4.0,8.699131362217436,0.9935593316908752,0.999868664715723,9.946442674964766e-05,0.0033222591362126,0.0601975550676674,0.0530474834287375,-0.0251348343504142,-0.1140871186882481,,,,,
distilbert-base-multilingual-cased,0.1,ru,affine,QM_minus_MQ,4.0,6.318401500282659,0.9950449844261212,0.999880120297801,8.345101983534938e-05,0.0033222591362126,0.0108778415829717,0.0362951358654445,-0.0758225870424336,-0.0174972392373819,,,,,
distilbert-base-multilingual-cased,0.1,ru,affine,QT_minus_TQ,4.0,6.769637851332879,0.9939666562611184,0.9998812911694512,8.6890620393247e-05,0.0033222591362126,0.0386925818599157,0.0742148679235501,-0.0247373367559042,-0.0649606849141881,,,,,
distilbert-base-multilingual-cased,0.1,ru,affine,MT_minus_TM,4.0,7.939670379941069,0.9982428534695964,0.9998704458815624,8.778120837046542e-05,0.0033222591362126,0.0204062199229376,0.0013426601062107,0.0131384566819305,-0.0533581446537956,,,,,
distilbert-base-multilingual-cased,0.1,zh,linear,NQ_minus_QN,4.0,7.653885145551946,0.9924110778241032,0.999872415030152,9.181047278035636e-05,0.0033222591362126,0.1080808296907087,-0.0633409531018348,-0.011946183782116,-0.0456173318108499,,,,,
distilbert-base-multilingual-cased,0.1,zh,linear,NM_minus_MN,4.0,8.327752713618267,0.9918920494497664,0.99987165144264,8.511023266500636e-05,0.0033222591362126,0.0704025610894324,-0.0023857635977085,-0.1092360592315641,-0.019324826572911,,,,,
distilbert-base-multilingual-cased,0.1,zh,linear,NT_minus_TN,4.0,10.34655734567762,0.994564408592634,0.9998769155929724,9.027738379543568e-05,0.0033222591362126,0.1121593333543223,-0.0186191330581018,0.0197438731100783,-0.0910860687789097,,,,,
distilbert-base-multilingual-cased,0.1,zh,linear,QM_minus_MQ,4.0,6.46256996915507,0.9941064022701652,0.9998829960189668,7.897524609807376e-05,0.0033222591362126,0.0129412490839869,0.0164230548836486,-0.0852108184665967,0.0022964635145934,,,,,
distilbert-base-multilingual-cased,0.1,zh,linear,QT_minus_TQ,4.0,7.164320052537375,0.99327217348458,0.9998718761787878,8.833290090789374e-05,0.0033222591362126,0.0479441174883461,0.060490676084831,0.0100971409475621,-0.0953836744513485,,,,,
distilbert-base-multilingual-cased,0.1,zh,linear,MT_minus_TM,4.0,8.123699093936201,0.9932145603052734,0.9998829310746604,8.269402429416627e-05,0.0033222591362126,0.0092947012944358,0.0521148546131077,0.0743538120923086,-0.0938792386759522,,,,,
distilbert-base-multilingual-cased,0.1,zh,affine,NQ_minus_QN,4.0,7.626294577486777,0.9906304725970392,0.999879625871228,8.673882246948718e-05,0.0033222591362126,0.1194746105160902,-0.0833675969534826,-0.0101163760085691,-0.0416263606224652,,,,,
distilbert-base-multilingual-cased,0.1,zh,affine,NM_minus_MN,4.0,8.53590778362431,0.9894654800362216,0.999878855332739,8.149778058771106e-05,0.0033222591362126,0.0820217218640789,-0.0136363041736743,-0.1271865881742587,-0.0181637503284499,,,,,
distilbert-base-multilingual-cased,0.1,zh,affine,NT_minus_TN,4.0,10.499021980786097,0.9936037994100982,0.9998825675896408,8.437149375643794e-05,0.0033222591362126,0.1226956868571316,-0.0283104511348585,0.0174783327918426,-0.0986353246873346,,,,,
distilbert-base-multilingual-cased,0.1,zh,affine,QM_minus_MQ,4.0,6.33587814168142,0.991828061479611,0.999877472567337,8.863860022303047e-05,0.0033222591362126,0.0179270149615128,0.0197984001344854,-0.0977127449486871,-0.0047222996901842,,,,,
distilbert-base-multilingual-cased,0.1,zh,affine,QT_minus_TQ,4.0,7.058781938507212,0.992160994917558,0.9998812735318552,8.883676011951689e-05,0.0033222591362126,0.0446376660758184,0.0697371643586359,0.0082833505832625,-0.1048171735441237,,,,,
distilbert-base-multilingual-cased,0.1,zh,affine,MT_minus_TM,4.0,8.189444026908976,0.992456123990854,0.9998803603628288,8.447375083797888e-05,0.0033222591362126,0.010991855630723,0.0569790191972799,0.0801902783194571,-0.0990785693937596,,,,,
distilbert-base-multilingual-cased,0.1,ar,linear,NQ_minus_QN,4.0,6.259876231475274,0.9898626223889648,0.999877742596004,8.490013901706726e-05,0.0033222591362126,0.0998859926344456,-0.0605417172816305,-0.0178963716944954,-0.0502472113472888,,,,,
distilbert-base-multilingual-cased,0.1,ar,linear,NM_minus_MN,4.0,7.747533266566143,0.9855145229263348,0.9998821646810748,7.675709941467763e-05,0.0033222591362126,0.1474195163404238,-0.0569205828572279,-0.0761162976958575,-0.0225713182492767,,,,,
distilbert-base-multilingual-cased,0.1,ar,linear,NT_minus_TN,4.0,7.5980402644486755,0.9913996110829802,0.9998911183924554,7.458514812099242e-05,0.0033222591362126,0.1058671637160376,0.0030856903860984,-0.0379447985071177,-0.0797151711697749,,,,,
distilbert-base-multilingual-cased,0.1,ar,linear,QM_minus_MQ,4.0,5.554547274233255,0.9978891855293978,0.9998792327443808,8.692662568801103e-05,0.0033222591362126,0.0161071088317738,0.0041035037045917,-0.0452407612900745,-0.0056603873827467,,,,,
distilbert-base-multilingual-cased,0.1,ar,linear,QT_minus_TQ,4.0,5.6526746622599,0.9970458447869414,0.9998811637672612,8.192122826900654e-05,0.0033222591362126,0.0249305188789208,0.0422007879560924,0.000807270699021,-0.047477809093747,,,,,
distilbert-base-multilingual-cased,0.1,ar,linear,MT_minus_TM,4.0,7.00028983402503,0.9963968403709088,0.9998751965131748,8.863676720019844e-05,0.0033222591362126,0.0191378360793848,0.0240861190475052,0.011628622625567,-0.0797068315570794,,,,,
distilbert-base-multilingual-cased,0.1,ar,affine,NQ_minus_QN,4.0,6.232516783664805,0.9905037849428804,0.999880388604859,8.222951620134988e-05,0.0033222591362126,0.0971795561187313,-0.0628284105880831,-0.0164153069649249,-0.0425698124671301,,,,,
distilbert-base-multilingual-cased,0.1,ar,affine,NM_minus_MN,4.0,8.108784153956915,0.9857967843767768,0.9998789919370394,8.10168727323403e-05,0.0033222591362126,0.1564726266734822,-0.0686440781454221,-0.064219955949447,-0.0156139780294229,,,,,
distilbert-base-multilingual-cased,0.1,ar,affine,NT_minus_TN,4.0,7.719245357164392,0.9913653926903796,0.9998862625332214,7.99877280426876e-05,0.0033222591362126,0.1046887261242208,0.008241367470296,-0.0448193867641359,-0.0783977597712937,,,,,
distilbert-base-multilingual-cased,0.1,ar,affine,QM_minus_MQ,4.0,5.46501494394515,0.9969019147308298,0.9998883922299984,7.266852809484195e-05,0.0033222591362126,0.0160412088067137,0.0098877051003866,-0.0543638985559599,-0.0034121271850909,,,,,
distilbert-base-multilingual-cased,0.1,ar,affine,QT_minus_TQ,4.0,5.539120778488148,0.9970740460653552,0.9998870104307848,7.152621542080151e-05,0.0033222591362126,0.0183026851686534,0.0499039016727572,-0.0019432419758317,-0.0439827377455531,,,,,
distilbert-base-multilingual-cased,0.1,ar,affine,MT_minus_TM,4.0,7.134312300912095,0.996650267256214,0.9998711781400224,9.388198805732573e-05,0.0033222591362126,0.0163758205224068,0.0202182834208984,0.0068029103965635,-0.0774779924197832,,,,,
distilbert-base-multilingual-cased,1.0,en,linear,NQ_minus_QN,4.0,3.782631818697272,0.9868578268961024,0.99987289726421,9.20575367194718e-05,0.0033222591362126,0.1147618734594076,-0.0723785286850771,-0.0018515118215526,-0.0469845382719805,,,,,
distilbert-base-multilingual-cased,1.0,en,linear,NM_minus_MN,4.0,3.775819215919914,0.9585625112690948,0.9998747327275324,9.442735220688208e-05,0.0033222591362126,0.1479547284968847,-0.0143633768534092,-0.157936544684303,-0.0306783353245622,,,,,
distilbert-base-multilingual-cased,1.0,en,linear,NT_minus_TN,4.0,4.188257017420439,0.975327607451943,0.9998793510863898,8.990737517105825e-05,0.0033222591362126,0.1457865889502681,0.0208582484691136,-0.0214666670376082,-0.1542009457543874,,,,,
distilbert-base-multilingual-cased,1.0,en,linear,QM_minus_MQ,4.0,3.4273005641593746,0.9831934430873246,0.999882064270338,8.265978521169572e-05,0.0033222591362126,0.0236016501759207,0.02875242957125,-0.1163868680283737,0.010443554826316,,,,,
distilbert-base-multilingual-cased,1.0,en,linear,QT_minus_TQ,4.0,3.620358555871983,0.990167938747834,0.9998770448205464,8.450852844766891e-05,0.0033222591362126,0.0510799597626212,0.0595349628418255,-0.0210241347333169,-0.0844872763225353,,,,,
distilbert-base-multilingual-cased,1.0,en,linear,MT_minus_TM,4.0,3.762091055827887,0.9677733820905,0.9998727863739268,9.068127676339112e-05,0.0033222591362126,0.0352488006276163,0.0299616212417065,0.1209063186678211,-0.1512003480530618,,,,,
distilbert-base-multilingual-cased,1.0,en,affine,NQ_minus_QN,4.0,3.5864987617592363,0.98758507250023,0.9998771508095954,8.681774667854756e-05,0.0033222591362126,0.1108667903197584,-0.0599564368533855,-0.0083046713717272,-0.0465947936081089,,,,,
distilbert-base-multilingual-cased,1.0,en,affine,NM_minus_MN,4.0,3.8159473454651054,0.9578758513696048,0.9998797619454156,8.458918431075902e-05,0.0033222591362126,0.1494242155074538,-0.0188600658933959,-0.1627045427176711,-0.0245671992458215,,,,,
distilbert-base-multilingual-cased,1.0,en,affine,NT_minus_TN,4.0,4.133627998794617,0.974260159658712,0.9998673886696742,9.942035257152412e-05,0.0033222591362126,0.1491821345814515,0.0173935041791118,-0.0178540246136705,-0.1558505931412249,,,,,
distilbert-base-multilingual-cased,1.0,en,affine,QM_minus_MQ,4.0,3.3508894558860827,0.980863719199301,0.9998833302543784,8.859187789490297e-05,0.0033222591362126,0.01880206870662,0.0388155161413338,-0.121608416413829,0.0100458517005899,,,,,
distilbert-base-multilingual-cased,1.0,en,affine,QT_minus_TQ,4.0,3.468106395159833,0.9906227734455102,0.9998822023867352,8.493308650528768e-05,0.0033222591362126,0.0446985776230738,0.0599365132592461,-0.0163135465898063,-0.0848200206777781,,,,,
distilbert-base-multilingual-cased,1.0,en,affine,MT_minus_TM,4.0,3.7964951239520848,0.9675954531004544,0.999880122751717,8.344598007673401e-05,0.0033222591362126,0.0381871535875224,0.0302515583680933,0.1218888098193734,-0.1543890426280127,,,,,
distilbert-base-multilingual-cased,1.0,es,linear,NQ_minus_QN,4.0,3.864800914825257,0.9929866374461256,0.9998807542930866,8.249338757840536e-05,0.0033222591362126,0.0786131225356731,-0.027482492059939,-0.0073351292073065,-0.0580089582928081,,,,,
distilbert-base-multilingual-cased,1.0,es,linear,NM_minus_MN,4.0,4.003184877102637,0.9661067859186432,0.9998818772752396,7.609378334168367e-05,0.0033222591362126,0.1524897642342361,-0.0311080144863794,-0.1383173957613752,-0.0214656225521647,,,,,
distilbert-base-multilingual-cased,1.0,es,linear,NT_minus_TN,4.0,4.329873357296379,0.9771515494053822,0.9998799669541942,8.815398895013372e-05,0.0033222591362126,0.1444890683428373,0.0136099612747077,-0.0154670885218213,-0.1456771359990721,,,,,
distilbert-base-multilingual-cased,1.0,es,linear,QM_minus_MQ,4.0,3.507929752919549,0.9911434659860614,0.9998699668552976,9.190461770544964e-05,0.0033222591362126,0.0308338211741347,0.0035845356552021,-0.0828790931451147,0.0114924707461709,,,,,
distilbert-base-multilingual-cased,1.0,es,linear,QT_minus_TQ,4.0,3.752239525552275,0.9910384871013898,0.9998835137157588,8.798520733759903e-05,0.0033222591362126,0.064762639271538,0.0401752423801126,-0.0108842775197504,-0.0750909762335043,,,,,
distilbert-base-multilingual-cased,1.0,es,linear,MT_minus_TM,4.0,4.006082248706464,0.9748210329034556,0.9998770293946908,8.304387815699518e-05,0.0033222591362126,0.0170614575496686,0.0431078091365591,0.1047992246835127,-0.1419576923978968,,,,,
distilbert-base-multilingual-cased,1.0,es,affine,NQ_minus_QN,4.0,3.721619790071777,0.9917823302437486,0.9998823610035484,8.158370013528939e-05,0.0033222591362126,0.087252124674093,-0.039441900977176,-0.005432055049834,-0.0513321848426992,,,,,
distilbert-base-multilingual-cased,1.0,es,affine,NM_minus_MN,4.0,4.002204440470113,0.9641639327410249,0.9998669543893676,0.0001012741527834,0.0033222591362126,0.1607278275885367,-0.0395475111010711,-0.13859288501905,-0.0225723854347162,,,,,
distilbert-base-multilingual-cased,1.0,es,affine,NT_minus_TN,4.0,4.306345011077467,0.975795036104447,0.999876613662236,8.851507631326211e-05,0.0033222591362126,0.1504199362992608,0.0067185303373898,-0.0116417526375133,-0.1474517917420132,,,,,
distilbert-base-multilingual-cased,1.0,es,affine,QM_minus_MQ,4.0,3.462700100278939,0.989279310651154,0.9998831750269348,8.597143357724989e-05,0.0033222591362126,0.0285121221492897,0.0170553165542958,-0.0915147566090893,0.0052440456099132,,,,,
distilbert-base-multilingual-cased,1.0,es,affine,QT_minus_TQ,4.0,3.599411617550434,0.990982704644936,0.99987691527903,8.183066681753822e-05,0.0033222591362126,0.0540956151580363,0.0496834301462947,-0.0118933793882073,-0.0783854875697716,,,,,
distilbert-base-multilingual-cased,1.0,es,affine,MT_minus_TM,4.0,3.9838172884613217,0.9749839226341712,0.9998841035794154,7.90939737378325e-05,0.0033222591362126,0.0191491285614365,0.045659864980446,0.1020896204885838,-0.1435688152089507,,,,,
distilbert-base-multilingual-cased,1.0,fr,linear,NQ_minus_QN,4.0,4.196879170854687,0.9905033967973992,0.9998681117299963,9.338719098076288e-05,0.0033222591362126,0.1017549706611237,-0.0328826678977053,-0.013390344035594,-0.0676259254676781,,,,,
distilbert-base-multilingual-cased,1.0,fr,linear,NM_minus_MN,4.0,4.176445317493613,0.9593127496983854,0.999875726101042,8.785465784400291e-05,0.0033222591362126,0.1806604159425341,-0.0480164015459909,-0.1379206487209626,-0.0308909318752806,,,,,
distilbert-base-multilingual-cased,1.0,fr,linear,NT_minus_TN,4.0,4.68731380110049,0.980700130367018,0.9998714791325588,8.366250063517409e-05,0.0033222591362126,0.1462255458708856,-0.0062483543817311,-0.01234552351046,-0.1395701712866762,,,,,
distilbert-base-multilingual-cased,1.0,fr,linear,QM_minus_MQ,4.0,3.705219352891159,0.9901336368751312,0.9998800938632432,8.187422494619117e-05,0.0033222591362126,0.0278656977894345,0.0063354770216217,-0.0900634588004745,0.018597378821088,,,,,
distilbert-base-multilingual-cased,1.0,fr,linear,QT_minus_TQ,4.0,3.9157976115665822,0.9938599071108368,0.999878196795804,8.662060047715766e-05,0.0033222591362126,0.0534965095456452,0.0327250590460292,-0.0056432295184308,-0.0728851367418342,,,,,
distilbert-base-multilingual-cased,1.0,fr,linear,MT_minus_TM,4.0,4.138063334321837,0.9790779799718518,0.9998844261945709,8.279407510638398e-05,0.0033222591362126,0.0077987785852789,0.0504728972907992,0.0967185102664586,-0.1293826936029273,,,,,
distilbert-base-multilingual-cased,1.0,fr,affine,NQ_minus_QN,4.0,4.071494088927131,0.9874061644162228,0.999882382267675,9.055571863210786e-05,0.0033222591362126,0.1158356786661736,-0.0518327572867692,-0.0074955190446266,-0.0686618473156838,,,,,
distilbert-base-multilingual-cased,1.0,fr,affine,NM_minus_MN,4.0,4.236749100676801,0.9569525805323492,0.999883738200742,8.170494538797586e-05,0.0033222591362126,0.1880714806770046,-0.049404357741108,-0.1456594130043293,-0.0340024870109578,,,,,
distilbert-base-multilingual-cased,1.0,fr,affine,NT_minus_TN,4.0,4.7238029253994,0.979232937924304,0.999886748515912,7.84568615036237e-05,0.0033222591362126,0.1519546892048439,-0.0081963547631709,-0.0071057764529782,-0.147323077944988,,,,,
distilbert-base-multilingual-cased,1.0,fr,affine,QM_minus_MQ,4.0,3.62829894731993,0.9881713499574032,0.9998897215095024,7.631062703346314e-05,0.0033222591362126,0.0271170721079751,0.0152722078262333,-0.0977654536504504,0.0139116725542457,,,,,
distilbert-base-multilingual-cased,1.0,fr,affine,QT_minus_TQ,4.0,3.7241188205239255,0.993974876245668,0.99988123572112,7.816095844559073e-05,0.0033222591362126,0.0454268719077451,0.0399722413142345,-0.0086811361104511,-0.0695149413212688,,,,,
distilbert-base-multilingual-cased,1.0,fr,affine,MT_minus_TM,4.0,4.181442532908542,0.9788791054793206,0.9998829090871758,8.742562418428576e-05,0.0033222591362126,0.0079199365838554,0.0529221570221607,0.0990393697041065,-0.1323146050832679,,,,,
distilbert-base-multilingual-cased,1.0,de,linear,NQ_minus_QN,4.0,4.247292870135784,0.9908759017939116,0.9998692408637964,8.804557303674214e-05,0.0033222591362126,0.0974308781177559,-0.0263745593136475,-0.0143049174187971,-0.0695879863892298,,,,,
distilbert-base-multilingual-cased,1.0,de,linear,NM_minus_MN,4.0,4.167645358695531,0.9666736349237216,0.9998781108619996,8.456845544789973e-05,0.0033222591362126,0.1599145437706402,-0.0379619914096112,-0.1241738034043167,-0.0326745130560746,,,,,
distilbert-base-multilingual-cased,1.0,de,linear,NT_minus_TN,4.0,4.9232973767474135,0.9786668325978226,0.999877831973452,8.287483625916613e-05,0.0033222591362126,0.1443520133590349,0.0271176429754468,-0.0186426245528087,-0.165562025613263,,,,,
distilbert-base-multilingual-cased,1.0,de,linear,QM_minus_MQ,4.0,3.7220091383507112,0.9915350723434864,0.9998807384358738,8.11845061377282e-05,0.0033222591362126,0.0226479651506875,0.0187608931312383,-0.0853586012286074,0.0037030448323152,,,,,
distilbert-base-multilingual-cased,1.0,de,linear,QT_minus_TQ,4.0,3.978478276976845,0.9929523259432568,0.9998759022335872,8.481019508181257e-05,0.0033222591362126,0.0520418817574795,0.0431038309605864,-0.0036877049082507,-0.0785106477622762,,,,,
distilbert-base-multilingual-cased,1.0,de,linear,MT_minus_TM,4.0,4.064187756433759,0.982483760424149,0.9998851578424494,8.342297697153091e-05,0.0033222591362126,0.0179086848989747,0.0385704295531048,0.0858916353450424,-0.120608620021456,,,,,
distilbert-base-multilingual-cased,1.0,de,affine,NQ_minus_QN,4.0,4.134658291965822,0.989877664464192,0.9998824160510374,8.670434730016604e-05,0.0033222591362126,0.1034698385104006,-0.0343513845305094,-0.0154460264217894,-0.0641159771101445,,,,,
distilbert-base-multilingual-cased,1.0,de,affine,NM_minus_MN,4.0,4.231681989836914,0.9649588633231232,0.9998794581569306,8.970741044000227e-05,0.0033222591362126,0.1658643807035899,-0.0426117551377401,-0.1300813193300809,-0.0309291065063871,,,,,
distilbert-base-multilingual-cased,1.0,de,affine,NT_minus_TN,4.0,4.903304019453327,0.9767769066198236,0.9998792492863684,8.532073086110706e-05,0.0033222591362126,0.1517792496551012,0.0266441891728453,-0.0204840364330203,-0.1708938040388802,,,,,
distilbert-base-multilingual-cased,1.0,de,affine,QM_minus_MQ,4.0,3.678579829817744,0.9899935581062208,0.9998778184639836,9.28010198892264e-05,0.0033222591362126,0.019856073984272,0.0281526112042347,-0.0917765410288435,0.0012770289638214,,,,,
distilbert-base-multilingual-cased,1.0,de,affine,QT_minus_TQ,4.0,3.824799402926079,0.9928491851265884,0.9998694277819808,8.843861381466611e-05,0.0033222591362126,0.0462542946510172,0.0492819802391826,-0.0076727598577321,-0.0780705517541004,,,,,
distilbert-base-multilingual-cased,1.0,de,affine,MT_minus_TM,4.0,4.1055096743541695,0.9824219350363071,0.9998783298068378,8.569145017206722e-05,0.0033222591362126,0.0187123806478637,0.0376352183213048,0.0885907691890072,-0.1212559718321179,,,,,
distilbert-base-multilingual-cased,1.0,ru,linear,NQ_minus_QN,4.0,4.053033452207701,0.996584929679909,0.999873002761606,8.442391710985452e-05,0.0033222591362126,0.0531438608973534,-0.0281839030817824,0.0003071829342335,-0.0397551175390294,,,,,
distilbert-base-multilingual-cased,1.0,ru,linear,NM_minus_MN,4.0,4.020295114465156,0.9707421000738098,0.9998794086819324,8.653851034394636e-05,0.0033222591362126,0.1325452426195827,-0.0178167051473045,-0.1390995733553813,-0.0260283733918453,,,,,
distilbert-base-multilingual-cased,1.0,ru,linear,NT_minus_TN,4.0,4.525632447755179,0.9842706435198544,0.9998801002413474,8.849636088016406e-05,0.0033222591362126,0.1054596272137432,0.0369400807079679,-0.0213685926804515,-0.1364243406243637,,,,,
distilbert-base-multilingual-cased,1.0,ru,linear,QM_minus_MQ,4.0,3.7115286289064016,0.988269149090848,0.9998748599602352,8.261327619593083e-05,0.0033222591362126,0.0230425447806097,0.0287398885609311,-0.1032328406806531,0.0056362858560669,,,,,
distilbert-base-multilingual-cased,1.0,ru,linear,QT_minus_TQ,4.0,4.213775726138151,0.9925295867138728,0.9998789297623416,9.093363360932076e-05,0.0033222591362126,0.0519231982228908,0.0572023002587815,-0.0303738855961302,-0.0722767983263154,,,,,
distilbert-base-multilingual-cased,1.0,ru,linear,MT_minus_TM,4.0,4.097422540491367,0.9749691160195432,0.999870015232723,9.24583263793808e-05,0.0033222591362126,0.0162609540814498,0.0312338544013747,0.1156853593862159,-0.1299321548674857,,,,,
distilbert-base-multilingual-cased,1.0,ru,affine,NQ_minus_QN,4.0,3.8714730296028623,0.9963507665452798,0.9998819393845264,7.825647349849066e-05,0.0033222591362126,0.0512731968672585,-0.0252955569677664,0.0003308808134374,-0.042405947265205,,,,,
distilbert-base-multilingual-cased,1.0,ru,affine,NM_minus_MN,4.0,4.070630349035949,0.968200568889056,0.999878702142535,9.289962119982235e-05,0.0033222591362126,0.1428247636512872,-0.0242459000433162,-0.1440501726104003,-0.0241209834194611,,,,,
distilbert-base-multilingual-cased,1.0,ru,affine,NT_minus_TN,4.0,4.49848579888624,0.9819845962649648,0.9998707988857516,0.0001010859525361,0.0033222591362126,0.1134854935712695,0.0395641521732795,-0.022191011320963,-0.14581275254208,,,,,
distilbert-base-multilingual-cased,1.0,ru,affine,QM_minus_MQ,4.0,3.618801968511979,0.98655012716806,0.9998744115487296,9.00550565028029e-05,0.0033222591362126,0.0236979477498452,0.0440410910207139,-0.1067227881369032,-0.0077944087078699,,,,,
distilbert-base-multilingual-cased,1.0,ru,affine,QT_minus_TQ,4.0,3.9558378346914536,0.992201263876931,0.9998858138767684,8.275438073832832e-05,0.0033222591362126,0.0513385497183412,0.0561676443648215,-0.0323492234120519,-0.067566893552254,,,,,
distilbert-base-multilingual-cased,1.0,ru,affine,MT_minus_TM,4.0,4.119289888252248,0.9749875723480256,0.9998689663859268,8.813985659688574e-05,0.0033222591362126,0.0135993281530387,0.0404457703405562,0.1111894158990661,-0.1354450153539063,,,,,
distilbert-base-multilingual-cased,1.0,zh,linear,NQ_minus_QN,4.0,4.196872222771878,0.9886239776137064,0.9998690599071556,8.300819140502596e-05,0.0033222591362126,0.1149018629792114,-0.0500321819108968,-0.017978951181798,-0.0591772697142644,,,,,
distilbert-base-multilingual-cased,1.0,zh,linear,NM_minus_MN,4.0,4.219159998996085,0.9651168256059468,0.9998748044922292,8.044244170826769e-05,0.0033222591362126,0.1601909215043553,-0.032012766045865,-0.1397011871176762,-0.0344164866646693,,,,,
distilbert-base-multilingual-cased,1.0,zh,linear,NT_minus_TN,4.0,5.008914971133571,0.9826267989859204,0.9998800134768556,8.791202831684507e-05,0.0033222591362126,0.143008448247915,-0.0015919375317305,0.001767745051233,-0.1467248312316234,,,,,
distilbert-base-multilingual-cased,1.0,zh,linear,QM_minus_MQ,4.0,3.713991779697516,0.9873180181767472,0.9998823760623846,7.51632915542248e-05,0.0033222591362126,0.0367289505133098,0.0088031113654178,-0.1013979204702256,0.009332329004,,,,,
distilbert-base-multilingual-cased,1.0,zh,linear,QT_minus_TQ,4.0,4.036067849851205,0.9915926228057064,0.9998754450407152,8.589459376483534e-05,0.0033222591362126,0.0601581002284789,0.0362309463981493,0.0067275471670775,-0.0927945446118535,,,,,
distilbert-base-multilingual-cased,1.0,zh,linear,MT_minus_TM,4.0,4.195076242534298,0.9715773489280004,0.99988539842043,7.997884473077404e-05,0.0033222591362126,0.009383990327576,0.0495880964565435,0.1254979181136457,-0.1424728728698323,,,,,
distilbert-base-multilingual-cased,1.0,zh,affine,NQ_minus_QN,4.0,4.119392130364437,0.9875162561995848,0.9998805927702052,8.882487618389963e-05,0.0033222591362126,0.1200332084151961,-0.0578711838126852,-0.0149752889574881,-0.0590637662500604,,,,,
distilbert-base-multilingual-cased,1.0,zh,affine,NM_minus_MN,4.0,4.2621262812503975,0.9627688021060308,0.9998806112950164,7.661369620267236e-05,0.0033222591362126,0.1714574510432651,-0.0468911497854803,-0.1419429464921474,-0.030046218377444,,,,,
distilbert-base-multilingual-cased,1.0,zh,affine,NT_minus_TN,4.0,5.04373951341973,0.9803383260693656,0.9998870282668022,8.260423226703979e-05,0.0033222591362126,0.1552806447625203,-0.008149259988069,0.0028252673189392,-0.1550990870763823,,,,,
distilbert-base-multilingual-cased,1.0,zh,affine,QM_minus_MQ,4.0,3.632742004371405,0.98685239083243,0.999879240596978,8.607555118575015e-05,0.0033222591362126,0.0342703869480016,0.0181561349154071,-0.1016531697227487,0.0031613500480468,,,,,
distilbert-base-multilingual-cased,1.0,zh,affine,QT_minus_TQ,4.0,3.877169268696765,0.9914272259894767,0.9998860666248376,8.230839105156461e-05,0.0033222591362126,0.0527490318018795,0.0458657415977391,0.0029203936917324,-0.0923490449340946,,,,,
distilbert-base-multilingual-cased,1.0,zh,affine,MT_minus_TM,4.0,4.208648432436987,0.9709596312722394,0.9998776175346556,7.605792690810926e-05,0.0033222591362126,0.008670920008005,0.0572467041494744,0.1249847831199008,-0.1482119282642887,,,,,
distilbert-base-multilingual-cased,1.0,ar,linear,NQ_minus_QN,4.0,3.819934454042029,0.9856863320020096,0.99987561571316,9.127387125174582e-05,0.0033222591362126,0.1139019200581125,-0.0536788419002992,-0.0222215298322864,-0.0572769381084052,,,,,
distilbert-base-multilingual-cased,1.0,ar,linear,NM_minus_MN,4.0,4.127321407568331,0.9540762677204208,0.999880249636541,7.908984978170776e-05,0.0033222591362126,0.1933611968421896,-0.0445393873288128,-0.1456560295587916,-0.0284644892266608,,,,,
distilbert-base-multilingual-cased,1.0,ar,linear,NT_minus_TN,4.0,4.261594328514279,0.9730945852514096,0.9998844921148552,7.922924873761895e-05,0.0033222591362126,0.1583672212946043,0.0040124421928025,-0.0298792925440346,-0.1423875870635553,,,,,
distilbert-base-multilingual-cased,1.0,ar,linear,QM_minus_MQ,4.0,3.4304387260075173,0.9912574141543332,0.9998793537373496,8.175189206640552e-05,0.0033222591362126,0.0330276441557935,0.0156002680959527,-0.0794148972903935,0.0054109491326606,,,,,
distilbert-base-multilingual-cased,1.0,ar,linear,QT_minus_TQ,4.0,3.5786036841541877,0.99498038428903,0.9998817276269346,8.491132757111172e-05,0.0033222591362126,0.039100352720046,0.0358725386706292,-0.0030731618353231,-0.0580668569980056,,,,,
distilbert-base-multilingual-cased,1.0,ar,linear,MT_minus_TM,4.0,3.898613722678173,0.9789633670998914,0.9998731663239216,9.052545290122665e-05,0.0033222591362126,0.0017795283665331,0.0315280000769387,0.0964320176916532,-0.1228955394547977,,,,,
distilbert-base-multilingual-cased,1.0,ar,affine,NQ_minus_QN,4.0,3.75836803861306,0.98624583424768,0.999876979519848,8.530852153365425e-05,0.0033222591362126,0.1108471796935975,-0.0532202579080768,-0.0195664452087638,-0.0551805945662216,,,,,
distilbert-base-multilingual-cased,1.0,ar,affine,NM_minus_MN,4.0,4.197566590352307,0.9545076013628776,0.9998785039949736,8.665505250997543e-05,0.0033222591362126,0.1970322472168976,-0.0549475684831252,-0.1437634119698843,-0.0222346373490048,,,,,
distilbert-base-multilingual-cased,1.0,ar,affine,NT_minus_TN,4.0,4.2800142123541445,0.9720577374878406,0.9998864511667076,7.803767532087855e-05,0.0033222591362126,0.1621941475523249,0.0051980493285168,-0.0328358068693464,-0.1439290621919972,,,,,
distilbert-base-multilingual-cased,1.0,ar,affine,QM_minus_MQ,4.0,3.354695771914494,0.9898382803640536,0.9998857490113108,7.674526695439778e-05,0.0033222591362126,0.0294776468791044,0.0257541089549199,-0.0845148422616196,0.002651296783684,,,,,
distilbert-base-multilingual-cased,1.0,ar,affine,QT_minus_TQ,4.0,3.4660954920634506,0.9945839625292748,0.9998869452982104,7.294852100682818e-05,0.0033222591362126,0.0312158320660714,0.0473337426705123,-0.0071006553032106,-0.0587150713003982,,,,,
distilbert-base-multilingual-cased,1.0,ar,affine,MT_minus_TM,4.0,3.915520483559749,0.9789900561850596,0.9998691558381276,9.418339338071004e-05,0.0033222591362126,0.0003980437806064,0.034174998780535,0.0950975044766298,-0.1244144668999372,,,,,
distilbert-base-multilingual-cased,10.0,en,linear,NQ_minus_QN,4.0,1.721528075501105,0.988384945196685,0.9998720030797515,8.754221268011784e-05,0.0033222591362126,-0.0637728927524854,0.0832080309192547,-0.0094449793925244,-0.0136879673449272,,,,,
distilbert-base-multilingual-cased,10.0,en,linear,NM_minus_MN,4.0,1.603975581258483,0.9986601448071308,0.999879476803629,8.778385704991831e-05,0.0033222591362126,-0.0321746795702474,0.0094184754165981,0.0120966186114721,0.0087624125268551,,,,,
distilbert-base-multilingual-cased,10.0,en,linear,NT_minus_TN,4.0,1.4725805855569816,0.9926363945709492,0.999883603773352,8.407208447569257e-05,0.0033222591362126,-0.0675236422082727,0.0292209721184643,-0.0077493610921208,0.0453853311802048,,,,,
distilbert-base-multilingual-cased,10.0,en,linear,QM_minus_MQ,4.0,1.7659968722407542,0.9784757233370268,0.999882659313919,8.041361901325125e-05,0.0033222591362126,0.0590827360967474,-0.1167280635236723,0.0438875692439843,0.0161089673196127,,,,,
distilbert-base-multilingual-cased,10.0,en,linear,QT_minus_TQ,4.0,1.6902391427507577,0.9884917892789644,0.9998754755252977,8.107093741000708e-05,0.0033222591362126,0.0459536670609619,-0.0820244363739518,-0.0015911640975397,0.0416263469291532,,,,,
distilbert-base-multilingual-cased,10.0,en,linear,MT_minus_TM,4.0,1.6077625154804702,0.9973915813437688,0.9998814487815092,8.52009257063139e-05,0.0033222591362126,-0.0167849096316303,0.0206715581941427,-0.0257315611125553,0.022853741229323,,,,,
distilbert-base-multilingual-cased,10.0,en,affine,NQ_minus_QN,4.0,1.589780757599191,0.970439892125118,0.9998777863628504,9.113409966459184e-05,0.0033222591362126,-0.1099754332739685,0.1458356362341212,-0.0144654116010667,-0.0264806730837441,,,,,
distilbert-base-multilingual-cased,10.0,en,affine,NM_minus_MN,4.0,1.570681417692825,0.9992635781112916,0.9998770104134432,8.605552462879313e-05,0.0033222591362126,-0.019304440849901,-0.0033078583466981,0.0128898231886109,0.0083532420949472,,,,,
distilbert-base-multilingual-cased,10.0,en,affine,NT_minus_TN,4.0,1.4149133895002193,0.9960370929414156,0.9998633445391818,9.880871777865832e-05,0.0033222591362126,-0.049647561790478,0.0246207829905764,-0.0079530431222009,0.0324945690651644,,,,,
distilbert-base-multilingual-cased,10.0,en,affine,QM_minus_MQ,4.0,1.6680822845401655,0.9760627849318771,0.9998872302647368,8.136520535647849e-05,0.0033222591362126,0.0630804914705029,-0.1381419806369843,0.0542482513610601,0.0243238735642759,,,,,
distilbert-base-multilingual-cased,10.0,en,affine,QT_minus_TQ,4.0,1.5326347394928677,0.9790181974639648,0.9998762391553152,8.77320690992769e-05,0.0033222591362126,0.0397393108136506,-0.1186380078432342,0.0004901713360304,0.0834251718847445,,,,,
distilbert-base-multilingual-cased,10.0,en,affine,MT_minus_TM,4.0,1.5801594076549084,0.9975551014334826,0.9998865450410858,8.00807831152193e-05,0.0033222591362126,-0.0117644056106721,0.0284784856064822,-0.0267944890941403,0.0107090513409057,,,,,
distilbert-base-multilingual-cased,10.0,es,linear,NQ_minus_QN,4.0,1.7808895444438972,0.9843105530958014,0.9998791697500352,8.631234127868557e-05,0.0033222591362126,-0.0581867999322458,0.0999852857305798,-0.0097892570749126,-0.0377523895301692,,,,,
distilbert-base-multilingual-cased,10.0,es,linear,NM_minus_MN,4.0,1.6711606768456695,0.9993707361903792,0.99987727689078,8.457931012091283e-05,0.0033222591362126,-0.0180839294475007,-0.0041083212201189,0.0121923335153878,0.0094461888305814,,,,,
distilbert-base-multilingual-cased,10.0,es,linear,NT_minus_TN,4.0,1.598243095698341,0.9952263965798288,0.9998767622981088,8.753003056815982e-05,0.0033222591362126,-0.0477111052340647,0.0093925661579809,-0.0134470892852612,0.0517250374194791,,,,,
distilbert-base-multilingual-cased,10.0,es,linear,QM_minus_MQ,4.0,1.849465485673641,0.9758412766908636,0.9998737909507418,9.09419298606667e-05,0.0033222591362126,0.0525302093919783,-0.1263343200766514,0.0489861724946891,0.02962550567079,,,,,
distilbert-base-multilingual-cased,10.0,es,linear,QT_minus_TQ,4.0,1.7916840939317695,0.9847765320646372,0.9998814841513248,8.914996787599807e-05,0.0033222591362126,0.0550637522763577,-0.0960870295069968,-0.004314200846156,0.0519605431292582,,,,,
distilbert-base-multilingual-cased,10.0,es,linear,MT_minus_TM,4.0,1.7061022254165568,0.9976060779833674,0.999872628657444,8.945894034649262e-05,0.0033222591362126,-0.0190321226603658,0.0178740827741523,-0.024406965181247,0.0255407357764063,,,,,
distilbert-base-multilingual-cased,10.0,es,affine,NQ_minus_QN,4.0,1.648167801948145,0.9689462829324816,0.9998783228775664,8.916357583642894e-05,0.0033222591362126,-0.1048660627755023,0.1528109677581597,-0.0115477738066519,-0.0428908450432361,,,,,
distilbert-base-multilingual-cased,10.0,es,affine,NM_minus_MN,4.0,1.6418336243555467,0.9993751976900972,0.9998778502407148,8.980259144555923e-05,0.0033222591362126,-0.0054290216631582,-0.014353223570083,0.0135706988942233,0.0057970720882734,,,,,
distilbert-base-multilingual-cased,10.0,es,affine,NT_minus_TN,4.0,1.540134074376258,0.9974045871777244,0.9998798617908335,8.829321827696979e-05,0.0033222591362126,-0.0343973067767665,0.0076637528213719,-0.0107943612260425,0.0377344935988324,,,,,
distilbert-base-multilingual-cased,10.0,es,affine,QM_minus_MQ,4.0,1.766110073521586,0.975433155118384,0.9998735983235686,8.433646567756832e-05,0.0033222591362126,0.060575302376937,-0.1434416812853227,0.0566374499782303,0.0316448273255995,,,,,
distilbert-base-multilingual-cased,10.0,es,affine,QT_minus_TQ,4.0,1.61470070722195,0.9714352186017902,0.9998850473288584,8.385669184888376e-05,0.0033222591362126,0.0498533526713769,-0.1398644728213696,-0.0037700689802692,0.1015496372060702,,,,,
distilbert-base-multilingual-cased,10.0,es,affine,MT_minus_TM,4.0,1.677062169722595,0.9978383222666404,0.9998792080187088,8.821794440853824e-05,0.0033222591362126,-0.0102947210873577,0.023704765016282,-0.0267901035542542,0.0134615835736082,,,,,
distilbert-base-multilingual-cased,10.0,fr,linear,NQ_minus_QN,4.0,1.7906934336679263,0.9812883840048952,0.9998721927876956,8.934049486809475e-05,0.0033222591362126,-0.0649305284656409,0.1108650183440102,-0.0066155682606467,-0.0458804488140248,,,,,
distilbert-base-multilingual-cased,10.0,fr,linear,NM_minus_MN,4.0,1.7415565968361415,0.9993461355598192,0.9998822594732748,8.090773464228017e-05,0.0033222591362126,-0.0057145660907334,-0.0129735602753456,0.0149833556070591,0.004259782540765,,,,,
distilbert-base-multilingual-cased,10.0,fr,linear,NT_minus_TN,4.0,1.6026451340410282,0.9957308693016456,0.9998677976424049,9.0600076405934e-05,0.0033222591362126,-0.049723832788608,0.0036844886263759,-0.0077375030635359,0.0516211001920954,,,,,
distilbert-base-multilingual-cased,10.0,fr,linear,QM_minus_MQ,4.0,1.8901345628941408,0.9768084536681234,0.9998744734042184,9.502714822646196e-05,0.0033222591362126,0.042802414998928,-0.1283391783197587,0.0509719519704681,0.0399699958234928,,,,,
distilbert-base-multilingual-cased,10.0,fr,linear,QT_minus_TQ,4.0,1.8372494755363025,0.9792034115883148,0.999881599565972,8.532026370157874e-05,0.0033222591362126,0.0554993140520016,-0.1194921651940392,0.0014724315466231,0.0682118568890402,,,,,
distilbert-base-multilingual-cased,10.0,fr,linear,MT_minus_TM,4.0,1.7733487450719727,0.9977578797437504,0.9998754383058204,8.351462246443117e-05,0.0033222591362126,-0.0140644345612448,0.021522170803772,-0.0271264637167546,0.0173605652114106,,,,,
distilbert-base-multilingual-cased,10.0,fr,affine,NQ_minus_QN,4.0,1.6677385182782831,0.9735493845241964,0.9998805584046346,8.774735647131916e-05,0.0033222591362126,-0.0884704692444917,0.144804992936837,-0.0093884004051482,-0.053679412667204,,,,,
distilbert-base-multilingual-cased,10.0,fr,affine,NM_minus_MN,4.0,1.712860963866741,0.998836035353334,0.999881781218918,8.58355222874101e-05,0.0033222591362126,0.0107475265946715,-0.028118242429405,0.0146595524969905,0.0035452182688255,,,,,
distilbert-base-multilingual-cased,10.0,fr,affine,NT_minus_TN,4.0,1.5509920974884548,0.9978912989689726,0.9998862764276016,7.761410623030322e-05,0.0033222591362126,-0.0298455207429325,-0.0061866203485475,-0.0054742341845464,0.0398027142396365,,,,,
distilbert-base-multilingual-cased,10.0,fr,affine,QM_minus_MQ,4.0,1.804079748306344,0.974424196410981,0.9998849483971656,8.561096233906686e-05,0.0033222591362126,0.0511422135648036,-0.1501340666262778,0.0584344399969768,0.0468111698100223,,,,,
distilbert-base-multilingual-cased,10.0,fr,affine,QT_minus_TQ,4.0,1.662061959123479,0.9664696402389784,0.9998764676471428,7.868974018701623e-05,0.0033222591362126,0.043708634060493,-0.1573626332911409,0.0018252902460019,0.1180212506271021,,,,,
distilbert-base-multilingual-cased,10.0,fr,affine,MT_minus_TM,4.0,1.7439796676200814,0.9978533115946696,0.9998759557035858,8.435075196989776e-05,0.0033222591362126,-0.0083569319395577,0.0315272711557747,-0.0267906358848567,0.0012716546387809,,,,,
distilbert-base-multilingual-cased,10.0,de,linear,NQ_minus_QN,4.0,1.8241807565927648,0.9881577826069582,0.9998740914968842,8.437645956980783e-05,0.0033222591362126,-0.043484028804589,0.090623948951559,-0.0098692213374479,-0.0433399778128161,,,,,
distilbert-base-multilingual-cased,10.0,de,linear,NM_minus_MN,4.0,1.7777672918974248,0.9995352638722133,0.9998720617207816,8.585686399826871e-05,0.0066445182724252,0.0012989535612821,-0.0142458680304254,0.0102621131966283,0.0022153369717495,,,,,
distilbert-base-multilingual-cased,10.0,de,linear,NT_minus_TN,4.0,1.668185798244511,0.9975777892129152,0.9998783348954609,8.873543101211545e-05,0.0033222591362126,-0.0400390289244204,0.0075755936851399,-0.0047241591494842,0.0361975216643492,,,,,
distilbert-base-multilingual-cased,10.0,de,linear,QM_minus_MQ,4.0,1.9072675830189725,0.982465801010784,0.999885996006014,8.732427081951637e-05,0.0033222591362126,0.0433451046130254,-0.1108196027825104,0.0469058936052405,0.0248907857251305,,,,,
distilbert-base-multilingual-cased,10.0,de,linear,QT_minus_TQ,4.0,1.8026468141265497,0.988881929675959,0.9998811222367452,8.535231768682106e-05,0.0033222591362126,0.0385671482851228,-0.084880284947536,0.0010229249756412,0.0512387224613896,,,,,
distilbert-base-multilingual-cased,10.0,de,linear,MT_minus_TM,4.0,1.7925470583099448,0.9978885832364576,0.9998807128527564,8.691751270542363e-05,0.0033222591362126,-0.0203311148325091,0.0225133770370941,-0.0224649625827046,0.0195512613588502,,,,,
distilbert-base-multilingual-cased,10.0,de,affine,NQ_minus_QN,4.0,1.6852217461942431,0.9779884098477006,0.9998788661921576,8.341975456122689e-05,0.0033222591362126,-0.077894069822957,0.1338787953114764,-0.0123528493875916,-0.0506247212916312,,,,,
distilbert-base-multilingual-cased,10.0,de,affine,NM_minus_MN,4.0,1.754431991762316,0.9988685470095644,0.9998801889863704,8.107419254518312e-05,0.0033222591362126,0.0141566098706555,-0.0306312682670306,0.010631367741448,0.0058072200792384,,,,,
distilbert-base-multilingual-cased,10.0,de,affine,NT_minus_TN,4.0,1.612294582098528,0.9987324389253,0.9998773738559804,8.737923927884593e-05,0.0033222591362126,-0.0280892789916864,0.0047338584088115,-0.0044811558243907,0.0265165619149548,,,,,
distilbert-base-multilingual-cased,10.0,de,affine,QM_minus_MQ,4.0,1.8293539488921464,0.9788371158166947,0.9998777444676676,9.258859822413424e-05,0.0033222591362126,0.0529460661136463,-0.137962082434459,0.054380460328838,0.0359259503147097,,,,,
distilbert-base-multilingual-cased,10.0,de,affine,QT_minus_TQ,4.0,1.6318226592518223,0.976321192117848,0.9998702702605506,9.32578556696107e-05,0.0033222591362126,0.0346505441681445,-0.1283142852879365,0.0011329930177099,0.0994256907793763,,,,,
distilbert-base-multilingual-cased,10.0,de,affine,MT_minus_TM,4.0,1.7720012933692637,0.9976489892115386,0.9998826361434366,8.367938464547695e-05,0.0033222591362126,-0.0189462163178622,0.0351358326845666,-0.024769440407802,0.0071159035734938,,,,,
distilbert-base-multilingual-cased,10.0,ru,linear,NQ_minus_QN,4.0,1.8240199785337308,0.9858560793878064,0.9998795378042252,8.7968825467943e-05,0.0033222591362126,-0.0593562416077064,0.0934586616512825,-0.0003974945000592,-0.0388723701432712,,,,,
distilbert-base-multilingual-cased,10.0,ru,linear,NM_minus_MN,4.0,1.69170265699154,0.9991988604790348,0.9998773457703556,9.081657980758829e-05,0.0033222591362126,-0.0224644721216321,-0.0018714652200143,0.0110196415387348,0.0113715173865824,,,,,
distilbert-base-multilingual-cased,10.0,ru,linear,NT_minus_TN,4.0,1.6075189966838603,0.994076277832486,0.9998748638637118,9.50241457970313e-05,0.0033222591362126,-0.0609997852427714,0.0150192425308128,-0.0068955641026489,0.0523961169327324,,,,,
distilbert-base-multilingual-cased,10.0,ru,linear,QM_minus_MQ,4.0,1.8342472451216385,0.9813928486875256,0.999868832851588,8.440740906302269e-05,0.0033222591362126,0.0434463429837919,-0.1081631494620746,0.0427877755927239,0.0247354847572912,,,,,
distilbert-base-multilingual-cased,10.0,ru,linear,QT_minus_TQ,4.0,1.8878610132210536,0.986119196529656,0.999883196117741,8.412236745296693e-05,0.0033222591362126,0.0574042708465654,-0.0913365014121308,-0.0129968982657607,0.0519218372486021,,,,,
distilbert-base-multilingual-cased,10.0,ru,linear,MT_minus_TM,4.0,1.7593379092910328,0.998511736548796,0.9998795314574204,8.814217929529802e-05,0.0033222591362126,-0.0130569917272022,0.0176321581213005,-0.0194562165013037,0.0154058227330289,,,,,
distilbert-base-multilingual-cased,10.0,ru,affine,NQ_minus_QN,4.0,1.657738429079496,0.9694578575716112,0.9998790164231498,9.030184648627235e-05,0.0033222591362126,-0.1136078016804519,0.1453130636089991,0.0026968932705368,-0.0405502327096762,,,,,
distilbert-base-multilingual-cased,10.0,ru,affine,NM_minus_MN,4.0,1.6660637017665478,0.999332178677566,0.9998792826373368,8.929277169709449e-05,0.0033222591362126,-0.0087421480594277,-0.0151946623378969,0.0104629893702814,0.011869067457555,,,,,
distilbert-base-multilingual-cased,10.0,ru,affine,NT_minus_TN,4.0,1.548355758647032,0.9968323347608274,0.9998760443270034,8.577404768746647e-05,0.0033222591362126,-0.0436862532014397,0.0120437983761583,-0.0074686221855015,0.0382126209194928,,,,,
distilbert-base-multilingual-cased,10.0,ru,affine,QM_minus_MQ,4.0,1.7563997893346632,0.9785177744676926,0.9998781289010742,8.433420156011614e-05,0.0033222591362126,0.0532251165853788,-0.1328379181686631,0.0531232747116416,0.0304865451146159,,,,,
distilbert-base-multilingual-cased,10.0,ru,affine,QT_minus_TQ,4.0,1.672331452521439,0.9713513596805086,0.9998871370717082,8.283392814828173e-05,0.0033222591362126,0.0515800468623227,-0.1354443889507984,-0.017217118486962,0.1070246668203746,,,,,
distilbert-base-multilingual-cased,10.0,ru,affine,MT_minus_TM,4.0,1.734428707328895,0.9983040271155595,0.9998820145498764,7.645588458756955e-05,0.0033222591362126,-0.0115431986983607,0.0298728217793952,-0.0210449826072242,0.0026862687807834,,,,,
distilbert-base-multilingual-cased,10.0,zh,linear,NQ_minus_QN,4.0,1.7713597365881173,0.9844188384159476,0.9998748224085152,8.92755644389622e-05,0.0033222591362126,-0.0566561658147657,0.1034876223105741,-0.0111537496500929,-0.0411024508394557,,,,,
distilbert-base-multilingual-cased,10.0,zh,linear,NM_minus_MN,4.0,1.7119240479512063,0.998397996627802,0.9998793649997,8.417137678342025e-05,0.0033222591362126,-0.0321051469359885,0.0044254332366577,0.0185358608532716,0.0073707695407729,,,,,
distilbert-base-multilingual-cased,10.0,zh,linear,NT_minus_TN,4.0,1.6734625753830936,0.992663117410782,0.9998793569222244,8.977288977498677e-05,0.0033222591362126,-0.074133569370295,0.013240531935673,-0.0007343740296214,0.0621024003771467,,,,,
distilbert-base-multilingual-cased,10.0,zh,linear,QM_minus_MQ,4.0,1.8407107135677956,0.9785712732355938,0.9998758704728452,8.542626091165981e-05,0.0033222591362126,0.0515092920777626,-0.1222405397892361,0.0452723495789043,0.0277053501351857,,,,,
distilbert-base-multilingual-cased,10.0,zh,linear,QT_minus_TQ,4.0,1.762312422967878,0.9813338124671434,0.999876807738645,8.237621889980955e-05,0.0033222591362126,0.0523278487333393,-0.1108137980970351,0.001598816164124,0.0633750521427013,,,,,
distilbert-base-multilingual-cased,10.0,zh,linear,MT_minus_TM,4.0,1.747348608737883,0.9971599022548222,0.99987684289948,9.412949135346102e-05,0.0033222591362126,-0.0181208429912709,0.0111162087875917,-0.0260002261811411,0.0345505352449732,,,,,
distilbert-base-multilingual-cased,10.0,zh,affine,NQ_minus_QN,4.0,1.66079402316052,0.9709104160481932,0.9998754787803168,8.659683930298134e-05,0.0033222591362126,-0.0976715854846309,0.155660455962902,-0.0114276445474595,-0.0520639300003969,,,,,
distilbert-base-multilingual-cased,10.0,zh,affine,NM_minus_MN,4.0,1.6876508730051023,0.9987005243702068,0.9998735137457632,8.471707133080954e-05,0.0033222591362126,-0.0149744207922715,-0.0163783943588516,0.019320131423355,0.0108048213193613,,,,,
distilbert-base-multilingual-cased,10.0,zh,affine,NT_minus_TN,4.0,1.6171417596260989,0.9959457777879565,0.9998863779351151,8.907826958485478e-05,0.0033222591362126,-0.0543823475530874,0.00752466653109,-0.0007665153577525,0.0479734535046574,,,,,
distilbert-base-multilingual-cased,10.0,zh,affine,QM_minus_MQ,4.0,1.7727346757532287,0.9750157670515062,0.999883523718193,8.069807907702656e-05,0.0033222591362126,0.0618684753148024,-0.1497204555214723,0.0550111589236002,0.0358235546344603,,,,,
distilbert-base-multilingual-cased,10.0,zh,affine,QT_minus_TQ,4.0,1.594142060223319,0.9678750626867324,0.9998804605308628,8.38450301489711e-05,0.0033222591362126,0.0418181674496792,-0.1518298119516994,0.0017633651264835,0.1153274588877155,,,,,
distilbert-base-multilingual-cased,10.0,zh,affine,MT_minus_TM,4.0,1.72705243516218,0.9972821688176297,0.9998766385721598,8.253996788599306e-05,0.0033222591362126,-0.0187665215715519,0.0243848150558157,-0.0265851393850728,0.0223292335606143,,,,,
distilbert-base-multilingual-cased,10.0,ar,linear,NQ_minus_QN,4.0,1.7612396405321007,0.9795428811040958,0.9998727860525228,9.817685901479888e-05,0.0033222591362126,-0.0660085964695283,0.1172398018682294,-0.0144404268715634,-0.0435031221183893,,,,,
distilbert-base-multilingual-cased,10.0,ar,linear,NM_minus_MN,4.0,1.6479763768955504,0.9991503069885206,0.9998719819091412,9.033784951672456e-05,0.0033222591362126,-0.0075699323523852,-0.0113920248268525,0.0181467750892369,-0.0001276773045822,,,,,
distilbert-base-multilingual-cased,10.0,ar,linear,NT_minus_TN,4.0,1.600858273112268,0.9963370753139388,0.9998694845743462,8.821648513726201e-05,0.0033222591362126,-0.045692779107506,0.0111084696046375,-0.0071197086788841,0.0416033825698742,,,,,
distilbert-base-multilingual-cased,10.0,ar,linear,QM_minus_MQ,4.0,1.8041164981898687,0.9708941059480212,0.9998768471326464,8.23159202195614e-05,0.0033222591362126,0.0502090985158951,-0.1377550604909761,0.0656665166438586,0.0269363417655002,,,,,
distilbert-base-multilingual-cased,10.0,ar,linear,QT_minus_TQ,4.0,1.7257473388362654,0.9770852870960092,0.9998761455367292,8.726227457224282e-05,0.0033222591362126,0.038012307867622,-0.1179676932810051,0.0028839439326975,0.0847371539034051,,,,,
distilbert-base-multilingual-cased,10.0,ar,linear,MT_minus_TM,4.0,1.6834290932331113,0.99673855165875,0.999877408422328,8.890323787455501e-05,0.0033222591362126,-0.0185314694103495,0.0197319774575531,-0.0308649149686863,0.0297447503983999,,,,,
distilbert-base-multilingual-cased,10.0,ar,affine,NQ_minus_QN,4.0,1.6631820398753243,0.973126752832568,0.9998759172331824,8.354051277267482e-05,0.0033222591362126,-0.0881766811275352,0.1411867492610903,-0.0157451845098203,-0.0442103239189834,,,,,
distilbert-base-multilingual-cased,10.0,ar,affine,NM_minus_MN,4.0,1.6217490800384282,0.9984396379737608,0.9998751691578982,8.735848269706166e-05,0.0033222591362126,0.006230433637801,-0.0284094507101349,0.0194003997862815,0.0024534923179064,,,,,
distilbert-base-multilingual-cased,10.0,ar,affine,NT_minus_TN,4.0,1.55881373900432,0.997799580279212,0.9998718555868584,0.0001001710658868,0.0033222591362126,-0.0339932618218333,0.0081812144211573,-0.0072424989651258,0.0329881952030447,,,,,
distilbert-base-multilingual-cased,10.0,ar,affine,QM_minus_MQ,4.0,1.7296556616272,0.9711221709872676,0.9998853596144724,8.031238179314037e-05,0.0033222591362126,0.0499082931297855,-0.1445977632078186,0.0738692869537368,0.026288417648907,,,,,
distilbert-base-multilingual-cased,10.0,ar,affine,QT_minus_TQ,4.0,1.6100125662826836,0.9721120259294094,0.9998834480238272,8.54637843295872e-05,0.0033222591362126,0.0329187267859529,-0.1329071568160967,0.0023005509340639,0.1056532235855912,,,,,
distilbert-base-multilingual-cased,10.0,ar,affine,MT_minus_TM,4.0,1.6586234661996748,0.996628932156338,0.999864558450249,9.119474309002928e-05,0.0033222591362126,-0.0176264232888992,0.0310432100363749,-0.0325603084059162,0.0186225994223868,,,,,
distilbert-base-multilingual-cased,100.0,en,linear,NQ_minus_QN,4.0,1.0059542078471906,0.9066636649744793,0.9998817110674167,8.507350087183412e-05,0.0033222591362126,-0.220786629766269,0.1950276924406337,-0.0178286607305349,0.0425019935505492,,,,,
distilbert-base-multilingual-cased,100.0,en,linear,NM_minus_MN,4.0,0.7979791559580427,0.8753156296813861,0.999876558865652,8.884716894308382e-05,0.0033222591362126,-0.2859177568598256,0.0378126847261556,0.1989544764001422,0.0510540901108436,,,,,
distilbert-base-multilingual-cased,100.0,en,linear,NT_minus_TN,4.0,0.7226574729607648,0.7765677326632061,0.999882576762352,8.284022730235099e-05,0.0033222591362126,-0.3603531230532633,0.0351807228281687,0.0019261593973466,0.3264280644475515,,,,,
distilbert-base-multilingual-cased,100.0,en,linear,QM_minus_MQ,4.0,1.073214415021627,0.8818142724773801,0.9998804749799096,8.530586372257732e-05,0.0033222591362126,0.1076150804286876,-0.2361517416278011,0.1563763175055463,-0.0248435636485063,,,,,
distilbert-base-multilingual-cased,100.0,en,linear,QT_minus_TQ,4.0,0.988325788054402,0.912633296561392,0.999874838764269,9.18143229826623e-05,0.0033222591362126,0.0692530207133992,-0.2038747064664925,0.0126005031903512,0.1250793168489354,,,,,
distilbert-base-multilingual-cased,100.0,en,linear,MT_minus_TM,4.0,0.8304516747830181,0.8730344592516899,0.9998817989275828,8.207826025118173e-05,0.0033222591362126,-0.0776415809161392,-0.0045654813976667,-0.202633500907668,0.2861955628094902,,,,,
distilbert-base-multilingual-cased,100.0,en,affine,NQ_minus_QN,4.0,0.8995260655330256,0.7598425765870229,0.9998804933681924,8.692411879079954e-05,0.0033222591362126,-0.3789570310106166,0.3956269911069093,-0.0189460749783206,-8.699534352341985e-05,,,,,
distilbert-base-multilingual-cased,100.0,en,affine,NM_minus_MN,4.0,0.7411487872401402,0.8987329370904595,0.9998864927111084,8.144995979143895e-05,0.0033222591362126,-0.2537185259914042,0.0279696506501782,0.1852545972906264,0.042276952788333,,,,,
distilbert-base-multilingual-cased,100.0,en,affine,NT_minus_TN,4.0,0.6403084906745325,0.8182798543584799,0.9998608468193392,9.710430728724468e-05,0.0033222591362126,-0.3211333654041337,0.0246399616489686,-0.0013859006174432,0.3008738664727259,,,,,
distilbert-base-multilingual-cased,100.0,en,affine,QM_minus_MQ,4.0,0.9513644162871744,0.8259382551963513,0.9998809579498102,7.98711228579504e-05,0.0033222591362126,0.1181328015561734,-0.3609598108806865,0.2086979663491608,0.0383990956355765,,,,,
distilbert-base-multilingual-cased,100.0,en,affine,QT_minus_TQ,4.0,0.8154751574567282,0.7867482276818425,0.9998766778985638,8.356534155093744e-05,0.0033222591362126,0.0373550842564348,-0.3536896407237734,0.0133901490841377,0.3081862175393856,,,,,
distilbert-base-multilingual-cased,100.0,en,affine,MT_minus_TM,4.0,0.7704222484934019,0.8946099635742705,0.9998781309338916,8.551046607752937e-05,0.0033222591362126,-0.0654666530797732,-0.0022850693250144,-0.1856099204895061,0.2544885322312715,,,,,
distilbert-base-multilingual-cased,100.0,es,linear,NQ_minus_QN,4.0,1.0397036055198834,0.9162893346939324,0.9998761882378135,8.352772097371176e-05,0.0033222591362126,-0.1708569549989259,0.1916346773165955,-0.0326398758664336,0.0097490473290329,,,,,
distilbert-base-multilingual-cased,100.0,es,linear,NM_minus_MN,4.0,0.8396404974912953,0.8779026362933499,0.9998758910689456,8.418091957287483e-05,0.0033222591362126,-0.2793106232739811,0.0270355813884909,0.2024532648725336,0.0519134836061217,,,,,
distilbert-base-multilingual-cased,100.0,es,linear,NT_minus_TN,4.0,0.7935612261020264,0.7926521369934202,0.9998813950966156,7.978883819251293e-05,0.0033222591362126,-0.3358609677611652,0.0165393010671548,-0.0054973184635132,0.3272640896805349,,,,,
distilbert-base-multilingual-cased,100.0,es,linear,QM_minus_MQ,4.0,1.1472516629288292,0.8724221059648352,0.9998709954453489,9.206784442017996e-05,0.0033222591362126,0.0762217338252897,-0.2505488688415776,0.1708392156942607,0.0079506395170085,,,,,
distilbert-base-multilingual-cased,100.0,es,linear,QT_minus_TQ,4.0,1.0420521586520048,0.9173778253714184,0.9998780312328788,8.634158382788474e-05,0.0033222591362126,0.0613574544210537,-0.2022554360807045,0.0239544686278447,0.120519588059728,,,,,
distilbert-base-multilingual-cased,100.0,es,linear,MT_minus_TM,4.0,0.9001166282458141,0.8698310516952638,0.9998772331737596,8.518075565513896e-05,0.0033222591362126,-0.0778215624115235,-0.0050691058564756,-0.204805473850899,0.2880922557929458,,,,,
distilbert-base-multilingual-cased,100.0,es,affine,NQ_minus_QN,4.0,0.9374403608032644,0.7599992527508906,0.99987515684685,9.569874394072096e-05,0.0033222591362126,-0.3524558304760031,0.395454003451079,-0.0324678232134472,-0.0145436982053947,,,,,
distilbert-base-multilingual-cased,100.0,es,affine,NM_minus_MN,4.0,0.7835943784315872,0.8990482128840565,0.999883637412864,8.053349780639751e-05,0.0033222591362126,-0.2425943941620333,0.0052986745546517,0.1919400355923301,0.0475403411095675,,,,,
distilbert-base-multilingual-cased,100.0,es,affine,NT_minus_TN,4.0,0.7160998327814755,0.8211993127124784,0.999875259906452,9.143098067290806e-05,0.0033222591362126,-0.3134563356177177,0.0109371847723895,-0.005739106117784,0.3106160686723326,,,,,
distilbert-base-multilingual-cased,100.0,es,affine,QM_minus_MQ,4.0,1.0422753511883924,0.8101159340404785,0.999877183594476,8.112067323858428e-05,0.0033222591362126,0.1126821345586165,-0.3836223549823492,0.2214969738398865,0.0555688153230726,,,,,
distilbert-base-multilingual-cased,100.0,es,affine,QT_minus_TQ,4.0,0.8739083217984307,0.7785631597411283,0.9998770673768432,9.157831268882908e-05,0.0033222591362126,0.0290202168297795,-0.3623940071934319,0.0230203103118497,0.3164881107047119,,,,,
distilbert-base-multilingual-cased,100.0,es,affine,MT_minus_TM,4.0,0.836315929426878,0.8905958986937398,0.9998824373700542,9.477204877526695e-05,0.0033222591362126,-0.0703950042584215,0.0086248805080089,-0.1915925883550628,0.2534995107593892,,,,,
distilbert-base-multilingual-cased,100.0,fr,linear,NQ_minus_QN,4.0,0.9993474217976422,0.9018859389978318,0.9998715401233068,8.989812618673074e-05,0.0033222591362126,-0.1847159871490539,0.2075935836235851,-0.0097453822243872,-0.0152728650161165,,,,,
distilbert-base-multilingual-cased,100.0,fr,linear,NM_minus_MN,4.0,0.8494949687084793,0.8861417596038735,0.9998821065886094,8.46609907294655e-05,0.0033222591362126,-0.2732025639804619,0.028689617281501,0.1963432901721993,0.0503308196739744,,,,,
distilbert-base-multilingual-cased,100.0,fr,linear,NT_minus_TN,4.0,0.7579292543713029,0.7890020006069007,0.999875674279704,8.14265537739038e-05,0.0033222591362126,-0.3475565560872248,0.0143719067381282,0.007569876056905,0.3271357070825981,,,,,
distilbert-base-multilingual-cased,100.0,fr,linear,QM_minus_MQ,4.0,1.1318284841480326,0.8803335935401424,0.999874594845502,9.914264597492652e-05,0.0033222591362126,0.0698723470503415,-0.2486521040684763,0.1556171741475015,0.0273088422176617,,,,,
distilbert-base-multilingual-cased,100.0,fr,linear,QT_minus_TQ,4.0,1.026754715672244,0.9037722373915562,0.9998784381005869,8.656606267228271e-05,0.0033222591362126,0.068862350334043,-0.2203899656125305,0.0181994777119924,0.1363665452068257,,,,,
distilbert-base-multilingual-cased,100.0,fr,linear,MT_minus_TM,4.0,0.9183224140322012,0.8764883276256015,0.9998714964271856,8.97904299261047e-05,0.0033222591362126,-0.0770102814563758,-0.0161265698570457,-0.1955724895181509,0.2881964722822738,,,,,
distilbert-base-multilingual-cased,100.0,fr,affine,NQ_minus_QN,4.0,0.8932519311311493,0.7770362744678582,0.9998791803009052,8.911623855903076e-05,0.0033222591362126,-0.3351266977344299,0.3752157499851458,-0.0135899058011093,-0.0296393068924289,,,,,
distilbert-base-multilingual-cased,100.0,fr,affine,NM_minus_MN,4.0,0.7900946933725508,0.9072733211123654,0.9998781354250104,8.337290777449005e-05,0.0033222591362126,-0.2351893049967542,0.0094248245287025,0.1813473343952699,0.0465391640093303,,,,,
distilbert-base-multilingual-cased,100.0,fr,affine,NT_minus_TN,4.0,0.6718779256247175,0.8244988602088181,0.9998780822350792,8.614809170386778e-05,0.0033222591362126,-0.3121072961864979,0.0032410438768743,0.0063501198947439,0.3040155684340731,,,,,
distilbert-base-multilingual-cased,100.0,fr,affine,QM_minus_MQ,4.0,1.0186254641068773,0.8324780460464344,0.9998766480519689,9.113710402094169e-05,0.0033222591362126,0.0995773956467887,-0.3583791409390333,0.2001236162592098,0.0638259434634786,,,,,
distilbert-base-multilingual-cased,100.0,fr,affine,QT_minus_TQ,4.0,0.8610880775235263,0.7752382641012421,0.9998761947116084,8.005032231083822e-05,0.0033222591362126,0.026492409609894,-0.3656439722413097,0.0181513836872888,0.3255704920494344,,,,,
distilbert-base-multilingual-cased,100.0,fr,affine,MT_minus_TM,4.0,0.8488151037766816,0.8998872528756058,0.9998760990037732,8.664336120134355e-05,0.0033222591362126,-0.0658688102978451,-0.003704667267662,-0.1798387511078134,0.2487623997884551,,,,,
distilbert-base-multilingual-cased,100.0,de,linear,NQ_minus_QN,4.0,1.0264904911221495,0.9111960469797596,0.999878981411627,8.583285535356906e-05,0.0033222591362126,-0.1924194982606123,0.1980925441611083,-0.0222885517592003,0.0148247216108003,,,,,
distilbert-base-multilingual-cased,100.0,de,linear,NM_minus_MN,4.0,0.8482589041355338,0.8827392099795198,0.999876904280096,8.92876909267228e-05,0.0033222591362126,-0.2731088014610032,0.0220795935119992,0.2010345653797388,0.0522863762038298,,,,,
distilbert-base-multilingual-cased,100.0,de,linear,NT_minus_TN,4.0,0.7888601780741048,0.8018950253915039,0.9998801336437904,8.38604729830223e-05,0.0033222591362126,-0.3408238552629647,0.0180345763638621,0.0046005866440744,0.3206249672062076,,,,,
distilbert-base-multilingual-cased,100.0,de,linear,QM_minus_MQ,4.0,1.1184437906130742,0.8787488472797083,0.9998825680855012,8.77525383547758e-05,0.0033222591362126,0.0628077958131986,-0.2386651263722921,0.1777601272018502,0.0022114960842928,,,,,
distilbert-base-multilingual-cased,100.0,de,linear,QT_minus_TQ,4.0,1.015502330148949,0.9192859451304816,0.999876250181124,8.937579812714728e-05,0.0033222591362126,0.0438028543195724,-0.1988109577720452,0.0182370332032654,0.1400117268691417,,,,,
distilbert-base-multilingual-cased,100.0,de,linear,MT_minus_TM,4.0,0.9036725096637884,0.8816135680994982,0.9998698156458458,9.904999717144804e-05,0.0033222591362126,-0.0707948146360192,-0.0029165268062564,-0.1987969874597796,0.272611304625775,,,,,
distilbert-base-multilingual-cased,100.0,de,affine,NQ_minus_QN,4.0,0.9119924570267666,0.7776459058288385,0.9998761371875,7.952215694524069e-05,0.0033222591362126,-0.3435099833712292,0.3798312009739123,-0.0219981920187803,-0.0172220842369782,,,,,
distilbert-base-multilingual-cased,100.0,de,affine,NM_minus_MN,4.0,0.7949022412302984,0.9006628330629156,0.9998651324705132,9.584029803423954e-05,0.0033222591362126,-0.2387158546258865,0.0020299038265901,0.1898236248863077,0.0491540679560182,,,,,
distilbert-base-multilingual-cased,100.0,de,affine,NT_minus_TN,4.0,0.7168065257414816,0.8267540466657637,0.9998756773218036,8.695130376034553e-05,0.0033222591362126,-0.3134582299325707,0.0072063937723075,0.0015449930519206,0.3070550654954632,,,,,
distilbert-base-multilingual-cased,100.0,de,affine,QM_minus_MQ,4.0,1.0250649409928625,0.8214833887105142,0.9998806606055712,8.29324254032757e-05,0.0033222591362126,0.1004912301687936,-0.370594508294239,0.217320614574849,0.0579664300222682,,,,,
distilbert-base-multilingual-cased,100.0,de,affine,QT_minus_TQ,4.0,0.85361842685768,0.788484054466561,0.9998813216619192,8.064227464944791e-05,0.0033222591362126,0.0231149829899261,-0.3535994313691143,0.0185712780186244,0.3170125559738823,,,,,
distilbert-base-multilingual-cased,100.0,de,affine,MT_minus_TM,4.0,0.8548151232776777,0.8951246861670814,0.9998823028095496,8.101472174955771e-05,0.0033222591362126,-0.0684754684332299,0.0071127573003167,-0.1888085414216949,0.2501244046988275,,,,,
distilbert-base-multilingual-cased,100.0,ru,linear,NQ_minus_QN,4.0,1.0548270085931106,0.916015605837808,0.9998886588996564,7.583879987870995e-05,0.0033222591362126,-0.1761038346895968,0.1934889913584045,-0.0217404982092486,0.0022215844107907,,,,,
distilbert-base-multilingual-cased,100.0,ru,linear,NM_minus_MN,4.0,0.837740363423931,0.8786561850562923,0.9998730115645204,9.422091531730377e-05,0.0033222591362126,-0.2812027790787173,0.0334403512353423,0.1935955417106652,0.0576760581124031,,,,,
distilbert-base-multilingual-cased,100.0,ru,linear,NT_minus_TN,4.0,0.8034348157353183,0.7868576759887221,0.9998722278115064,8.925394215081213e-05,0.0033222591362126,-0.3556829777654053,0.0266085738109732,0.004527515657993,0.3271040844056616,,,,,
distilbert-base-multilingual-cased,100.0,ru,linear,QM_minus_MQ,4.0,1.117858276817388,0.8774523096532749,0.9998726611735962,8.640966191013593e-05,0.0033222591362126,0.0905631051637585,-0.239436655949667,0.1542356687908021,-0.0004422692566265,,,,,
distilbert-base-multilingual-cased,100.0,ru,linear,QT_minus_TQ,4.0,1.060399774773822,0.9201026663429696,0.999879166507645,8.255945380031091e-05,0.0033222591362126,0.069823448137297,-0.1996417539789033,0.0148616458858324,0.1182731035489865,,,,,
distilbert-base-multilingual-cased,100.0,ru,linear,MT_minus_TM,4.0,0.9049161030509713,0.8803148429987628,0.9998845884449408,8.272960528783175e-05,0.0033222591362126,-0.0774330169019523,-0.0078979283389033,-0.1937490819654203,0.2780640696269716,,,,,
distilbert-base-multilingual-cased,100.0,ru,affine,NQ_minus_QN,4.0,0.9158693516459888,0.7646541788999537,0.9998769498960276,8.464834258376446e-05,0.0033222591362126,-0.3602972382542964,0.3819984926317598,-0.015039107692041,-0.0097350189398727,,,,,
distilbert-base-multilingual-cased,100.0,ru,affine,NM_minus_MN,4.0,0.774334775861937,0.903949084055024,0.9998800963914533,7.763738711485664e-05,0.0033222591362126,-0.2440147054746082,0.0165304365009341,0.1793757217994409,0.0514316327787178,,,,,
distilbert-base-multilingual-cased,100.0,ru,affine,NT_minus_TN,4.0,0.715971505080365,0.8201536381411504,0.9998819548736552,8.647952189430994e-05,0.0033222591362126,-0.3222746126028498,0.0150246739868137,-0.0001578026489651,0.3097595281159918,,,,,
distilbert-base-multilingual-cased,100.0,ru,affine,QM_minus_MQ,4.0,1.0023806480469544,0.8265422853975144,0.999875327652109,8.611929454514897e-05,0.0033222591362126,0.1141866523904327,-0.360829177525968,0.2052958725025663,0.0477415896073177,,,,,
distilbert-base-multilingual-cased,100.0,ru,affine,QT_minus_TQ,4.0,0.8679598744330261,0.7887632335812546,0.9998820835608578,7.661913604206239e-05,0.0033222591362126,0.0312245188116518,-0.354415230958625,0.01172670929206,0.3167241920404949,,,,,
distilbert-base-multilingual-cased,100.0,ru,affine,MT_minus_TM,4.0,0.8439046173221793,0.8986179598273055,0.9998779202584532,8.83350609881183e-05,0.0033222591362126,-0.0756921264061786,0.0008673511379118,-0.1783633219870763,0.2521584942062826,,,,,
distilbert-base-multilingual-cased,100.0,zh,linear,NQ_minus_QN,4.0,0.99681933390969,0.9049168198558464,0.9998769748088376,8.809537957525053e-05,0.0033222591362126,-0.205011861190666,0.2008169918397771,-0.0133573283439989,0.0161788986237181,,,,,
distilbert-base-multilingual-cased,100.0,zh,linear,NM_minus_MN,4.0,0.8448322978856418,0.870214456962966,0.9998810739779822,7.893502486953327e-05,0.0033222591362126,-0.2912039859037266,0.0401049797963904,0.2018128170800556,0.052371976401447,,,,,
distilbert-base-multilingual-cased,100.0,zh,linear,NT_minus_TN,4.0,0.8163817594251206,0.7714910897897993,0.9998805827981,8.314848308891849e-05,0.0033222591362126,-0.376703583066686,0.0221973026468403,0.006369351973005,0.3509958380495445,,,,,
distilbert-base-multilingual-cased,100.0,zh,linear,QM_minus_MQ,4.0,1.103064252122527,0.8768520268573773,0.9998643195673466,9.084887866706426e-05,0.0033222591362126,0.0851701044634442,-0.2471689748997906,0.1635481594842759,0.0028003173551458,,,,,
distilbert-base-multilingual-cased,100.0,zh,linear,QT_minus_TQ,4.0,0.9725842075265764,0.9040757619135048,0.9998730702615074,8.620217393231239e-05,0.0033222591362126,0.0640591015898375,-0.2133145628199682,0.0066460233944311,0.1457272366452427,,,,,
distilbert-base-multilingual-cased,100.0,zh,linear,MT_minus_TM,4.0,0.9214680462000072,0.8656209352585513,0.9998704440518325,9.462039018411672e-05,0.0033222591362126,-0.0832476360975593,-0.0191994642101134,-0.2019173995308374,0.3039647843832719,,,,,
distilbert-base-multilingual-cased,100.0,zh,affine,NQ_minus_QN,4.0,0.9128941591320388,0.7594785515482534,0.9998717360496768,8.954583655461139e-05,0.0033222591362126,-0.367221561170428,0.3991477054731588,-0.0194697194552402,-0.0147736303037609,,,,,
distilbert-base-multilingual-cased,100.0,zh,affine,NM_minus_MN,4.0,0.7864419709719385,0.8932864062058691,0.99987351329782,8.403485029916517e-05,0.0033222591362126,-0.2529640633138919,0.0102753488663979,0.1921851802130367,0.0536473822442699,,,,,
distilbert-base-multilingual-cased,100.0,zh,affine,NT_minus_TN,4.0,0.7366700118758768,0.7999753622052944,0.9998733656332603,8.558278154460308e-05,0.0033222591362126,-0.3518438065057338,0.0121528579178333,0.0035425740951526,0.3388724066516858,,,,,
distilbert-base-multilingual-cased,100.0,zh,affine,QM_minus_MQ,4.0,1.0111507569905411,0.8171079198967585,0.99987460915794,9.638606725205772e-05,0.0033222591362126,0.1137491322870535,-0.3789931809675324,0.2146489813440203,0.0561007632359422,,,,,
distilbert-base-multilingual-cased,100.0,zh,affine,QT_minus_TQ,4.0,0.8337143177836908,0.7679756126390221,0.9998658671420404,9.371295321049796e-05,0.0033222591362126,0.017415509224379,-0.3698818124703618,0.0189981742677568,0.3383894396982107,,,,,
distilbert-base-multilingual-cased,100.0,zh,affine,MT_minus_TM,4.0,0.866912256671425,0.8838508825538424,0.999873606328424,8.487086729316157e-05,0.0033222591362126,-0.0872932926999611,0.0012630264017588,-0.1899493990105923,0.2753799134267086,,,,,
distilbert-base-multilingual-cased,100.0,ar,linear,NQ_minus_QN,4.0,1.0761738794671354,0.8557347728105746,0.9998801619977208,9.569161877498004e-05,0.0033222591362126,-0.2518612455539896,0.2721116484739392,-0.0209330225047301,-0.0018087899910539,,,,,
distilbert-base-multilingual-cased,100.0,ar,linear,NM_minus_MN,4.0,0.8442866402351106,0.8568211418733467,0.9998810087250152,8.352132212303371e-05,0.0033222591362126,-0.2928134506745824,0.0240659622133804,0.23283370666918,0.038531944875369,,,,,
distilbert-base-multilingual-cased,100.0,ar,linear,NT_minus_TN,4.0,0.8241209730553588,0.7930970508467826,0.999880217554134,9.525199712912268e-05,0.0033222591362126,-0.3522549505195977,0.0208571744200442,0.0028591614990487,0.3316843425060347,,,,,
distilbert-base-multilingual-cased,100.0,ar,linear,QM_minus_MQ,4.0,1.1671905874463595,0.8414331067691374,0.9998823637232958,8.159724498673963e-05,0.0033222591362126,0.0740907494755602,-0.294464514696764,0.2142639311997742,0.0110240477283342,,,,,
distilbert-base-multilingual-cased,100.0,ar,linear,QT_minus_TQ,4.0,1.039670067842921,0.8668112557609187,0.9998811884620666,8.551192550432269e-05,0.0033222591362126,0.0410836138076593,-0.2646364084660527,0.0183636892245858,0.209915087604794,,,,,
distilbert-base-multilingual-cased,100.0,ar,linear,MT_minus_TM,4.0,0.9107751560490954,0.854986808026802,0.9998742968555144,8.620234100276162e-05,0.0033222591362126,-0.0610416824584323,-0.0042321202385491,-0.2296025316893609,0.295504164348949,,,,,
distilbert-base-multilingual-cased,100.0,ar,affine,NQ_minus_QN,4.0,0.96417367152363,0.7658512554879685,0.9998752619300288,9.056248092423508e-05,0.0033222591362126,-0.3549558623233206,0.3911528911332547,-0.021305128513668,-0.0183561767413374,,,,,
distilbert-base-multilingual-cased,100.0,ar,affine,NM_minus_MN,4.0,0.7858208709675164,0.8773573100950198,0.9998772753669836,8.326248053852476e-05,0.0033222591362126,-0.2556054805671628,0.0034405487394164,0.2194829465343316,0.035282710044445,,,,,
distilbert-base-multilingual-cased,100.0,ar,affine,NT_minus_TN,4.0,0.7455765238915338,0.8226776616771271,0.9998704072424708,9.600123743772916e-05,0.0033222591362126,-0.3202290190706201,0.0133610904895092,3.118852479810407e-05,0.3097563261843289,,,,,
distilbert-base-multilingual-cased,100.0,ar,affine,QM_minus_MQ,4.0,1.0504770408368802,0.8022975365957132,0.9998806204849068,8.638841217080789e-05,0.0033222591362126,0.0933742703010866,-0.3755819975768671,0.2482883808694508,0.0397917579100545,,,,,
distilbert-base-multilingual-cased,100.0,ar,affine,QT_minus_TQ,4.0,0.8957961030740719,0.7819521353712751,0.9998790588413496,8.651912649375788e-05,0.0033222591362126,0.0226738442926332,-0.3583657175624218,0.017585821974,0.3243909642917612,,,,,
distilbert-base-multilingual-cased,100.0,ar,affine,MT_minus_TM,4.0,0.8550414316138353,0.8710499083953752,0.9998762478648048,8.978601022803929e-05,0.0033222591362126,-0.058331804955014,0.0084934358702666,-0.2178555494340133,0.2680634662367132,,,,,
intfloat/multilingual-e5-large-instruct,0.1,en,linear,NQ_minus_QN,4.0,10.629543793066492,0.998944274026936,0.999879691193227,8.445394556424267e-05,0.0033222591362126,-0.0270344138917331,-0.0237063205618586,0.0169467976790177,0.0499632116153699,,,,,
intfloat/multilingual-e5-large-instruct,0.1,en,linear,NM_minus_MN,4.0,13.152292581398076,0.9998960378862688,0.9998805173532784,9.017608310482188e-05,0.4418604651162791,-0.012222583604084,-0.0023321674732059,0.0091561287727735,-0.0076546790119662,,,,,
intfloat/multilingual-e5-large-instruct,0.1,en,linear,NT_minus_TN,4.0,14.985842960278871,0.998243612225029,0.9998785210359468,8.855921774435863e-05,0.0033222591362126,0.0145108235472929,-0.0583772017758328,0.0065810441081595,0.1055396499457948,,,,,
intfloat/multilingual-e5-large-instruct,0.1,en,linear,QM_minus_MQ,4.0,7.529897870986936,0.999293826522524,0.99988325797951,8.305346954085325e-05,0.0033222591362126,0.0094362914047589,6.667090291692396e-05,-0.0275468354372816,0.016362896700428,,,,,
intfloat/multilingual-e5-large-instruct,0.1,en,linear,QT_minus_TQ,4.0,7.055565114994375,0.999113802388032,0.9998794393839008,8.539957897071341e-05,0.0033222591362126,0.0107616821984282,0.0111809927281025,-0.0051939597348441,0.0205963329057598,,,,,
intfloat/multilingual-e5-large-instruct,0.1,en,linear,MT_minus_TM,4.0,9.92265334721627,0.999414442010107,0.9998785404944992,9.274785591435592e-05,0.0033222591362126,-0.0141519761235107,0.0085853577785012,0.0365734461271699,-0.0074764369151566,,,,,
intfloat/multilingual-e5-large-instruct,0.1,en,affine,NQ_minus_QN,4.0,11.051978772612689,0.9984459727815648,0.999877025448574,7.537481881233831e-05,0.0033222591362126,-0.0304801893555652,-0.0402639797568841,0.021846044127825,0.0606383817711864,,,,,
intfloat/multilingual-e5-large-instruct,0.1,en,affine,NM_minus_MN,4.0,13.64224141975884,0.9998432856480244,0.9998833794790096,7.985814209720697e-05,0.2624584717607973,0.0096556084585615,-0.0070184221080205,-0.0214256177674792,-0.0114889298798824,,,,,
intfloat/multilingual-e5-large-instruct,0.1,en,affine,NT_minus_TN,4.0,15.963623768659703,0.9981034819718348,0.9998806240382088,8.448219177303743e-05,0.0033222591362126,0.0088605850038299,-0.0773786565638513,0.0111420374832352,0.115513107239883,,,,,
intfloat/multilingual-e5-large-instruct,0.1,en,affine,QM_minus_MQ,4.0,7.640121169291328,0.999117735568418,0.9998682297787408,8.981790963461339e-05,0.0033222591362126,0.0125648207361998,-0.0093435285311539,-0.0301949442804762,0.0183202647350505,,,,,
intfloat/multilingual-e5-large-instruct,0.1,en,affine,QT_minus_TQ,4.0,7.379568161884823,0.9995387141801552,0.9998849728520748,8.7453251726005e-05,0.0099667774086378,0.0132163435073311,0.0099898921430416,0.0052041155535033,0.0029016760409489,,,,,
intfloat/multilingual-e5-large-instruct,0.1,en,affine,MT_minus_TM,4.0,10.375616361806578,0.9996696458566516,0.9998804881125458,8.010571794058889e-05,0.0299003322259136,-0.0185624982414124,0.0169408759925734,0.0174050975278215,0.0054309076334582,,,,,
intfloat/multilingual-e5-large-instruct,0.1,es,linear,NQ_minus_QN,4.0,12.120505384603636,0.9991605142811782,0.999882278455754,8.137516888588195e-05,0.0033222591362126,-0.0105419291820525,-0.0100617552593589,0.0593235874630814,0.0122843878497595,,,,,
intfloat/multilingual-e5-large-instruct,0.1,es,linear,NM_minus_MN,4.0,14.253559940493846,0.9973473051074848,0.999879682634767,7.840928209934035e-05,0.0033222591362126,0.0842055603200685,-0.0107414524493327,-0.0230810812138776,0.0058627401294497,,,,,
intfloat/multilingual-e5-large-instruct,0.1,es,linear,NT_minus_TN,4.0,15.136880939678916,0.9989399539850488,0.9998757511543744,9.122807184846608e-05,0.0033222591362126,-0.0399636881782987,0.0566516220052506,0.0448100594433615,-0.0394566755157154,,,,,
intfloat/multilingual-e5-large-instruct,0.1,es,linear,QM_minus_MQ,4.0,7.401360122959346,0.999482022208188,0.9998721898812176,8.415131320773907e-05,0.0066445182724252,0.0120663681262394,-0.0107212863081499,-0.0105475474127049,0.020960572753005,,,,,
intfloat/multilingual-e5-large-instruct,0.1,es,linear,QT_minus_TQ,4.0,7.335580013174889,0.9991035095140628,0.999885470214448,8.128177323140085e-05,0.0033222591362126,-0.0121778456424415,0.0321893924186106,-0.0029960210773889,0.0157042914161846,,,,,
intfloat/multilingual-e5-large-instruct,0.1,es,linear,MT_minus_TM,4.0,8.730462606527185,0.994500880671118,0.9998762387192102,8.37312281347484e-05,0.0033222591362126,0.0048253813293056,0.024909937982199,0.0866724390413321,-0.0898454370091741,,,,,
intfloat/multilingual-e5-large-instruct,0.1,es,affine,NQ_minus_QN,4.0,12.564474925361502,0.9989245482245538,0.9998783197489388,8.234149146502558e-05,0.0033222591362126,-0.0067646642598175,-0.0239362663320452,0.0637106165067262,0.0285189984248197,,,,,
intfloat/multilingual-e5-large-instruct,0.1,es,affine,NM_minus_MN,4.0,14.692090545848108,0.9971267457138324,0.9998730372474978,9.038667209212284e-05,0.0033222591362126,0.0882277378358915,-0.0145276179920814,-0.0469521644474109,-0.0008603082770685,,,,,
intfloat/multilingual-e5-large-instruct,0.1,es,affine,NT_minus_TN,4.0,16.056138589049404,0.9987911129211416,0.999888958548039,8.002444192752222e-05,0.0033222591362126,-0.0541445860157143,0.0424589808855394,0.0517685064652403,-0.0215245469616248,,,,,
intfloat/multilingual-e5-large-instruct,0.1,es,affine,QM_minus_MQ,4.0,7.638675827357137,0.998719346435444,0.999874865477927,9.23683552520764e-05,0.0033222591362126,0.0176977551189387,-0.0198431468643732,-0.0207771261057232,0.0336275134426314,,,,,
intfloat/multilingual-e5-large-instruct,0.1,es,affine,QT_minus_TQ,4.0,7.8895392379599345,0.9992119855627806,0.9998815441720144,8.77460594481177e-05,0.0033222591362126,-0.010931875300584,0.0207423240042297,0.0021245599687525,0.0251429369058232,,,,,
intfloat/multilingual-e5-large-instruct,0.1,es,affine,MT_minus_TM,4.0,9.173599040260122,0.995574294372806,0.9998827742514228,8.093933982191859e-05,0.0033222591362126,-0.0025143602547783,0.0441894030738672,0.0730013449950724,-0.0846871731198836,,,,,
intfloat/multilingual-e5-large-instruct,0.1,fr,linear,NQ_minus_QN,4.0,11.041201069959712,0.9971450124726088,0.9998677612534062,8.654869856833705e-05,0.0033222591362126,-0.0682231641632544,0.0037730554495928,0.0339252375258431,0.0332357628577625,,,,,
intfloat/multilingual-e5-large-instruct,0.1,fr,linear,NM_minus_MN,4.0,13.454144224318124,0.9988789665588068,0.999874498030644,9.033993528129529e-05,0.0033222591362126,0.0227086860697154,-0.0470293605093829,0.0631972286263412,-0.0234742332941015,,,,,
intfloat/multilingual-e5-large-instruct,0.1,fr,linear,NT_minus_TN,4.0,15.63241853804344,0.9997158177288504,0.999874355576015,8.636310086524286e-05,0.0564784053156146,0.0283131206069674,0.0041453757674535,0.0054148310033245,-0.0251672480744166,,,,,
intfloat/multilingual-e5-large-instruct,0.1,fr,linear,QM_minus_MQ,4.0,6.984975322634318,0.999413903535094,0.999885040084954,8.383714045993436e-05,0.0033222591362126,0.007708459516333,-0.0339032734651305,0.0106940166352897,0.009865532717928,,,,,
intfloat/multilingual-e5-large-instruct,0.1,fr,linear,QT_minus_TQ,4.0,8.02058367638798,0.999806298038158,0.99988499193402,8.192645296721157e-05,0.1627906976744186,0.0071303775321365,-0.0074740167463954,0.0141962588253211,-0.0091611063370963,,,,,
intfloat/multilingual-e5-large-instruct,0.1,fr,linear,MT_minus_TM,4.0,9.985571078106574,0.9992016575894818,0.9998833078856528,8.349597605893536e-05,0.0033222591362126,-0.0227803778994618,0.0286150704935613,0.0292693836394624,-0.020119029432727,,,,,
intfloat/multilingual-e5-large-instruct,0.1,fr,affine,NQ_minus_QN,4.0,11.502577011388157,0.9974234607367648,0.9998846857138785,8.267249307718205e-05,0.0033222591362126,-0.064651291026498,0.0014425991341825,0.0262053156763394,0.0436462661017087,,,,,
intfloat/multilingual-e5-large-instruct,0.1,fr,affine,NM_minus_MN,4.0,14.00511117881734,0.9986790136989168,0.9998775137013016,7.781701221654228e-05,0.0033222591362126,0.0306346879111045,-0.0387200119101218,0.0597257295206493,-0.0435644567918649,,,,,
intfloat/multilingual-e5-large-instruct,0.1,fr,affine,NT_minus_TN,4.0,16.134446416608927,0.9998025018595792,0.9998809182573958,9.410021946297072e-05,0.1727574750830564,0.0202035574605252,-0.0015753341964017,0.0105929423046758,-0.0264481519724311,,,,,
intfloat/multilingual-e5-large-instruct,0.1,fr,affine,QM_minus_MQ,4.0,7.337088894362865,0.9987560974122388,0.9998759353286584,8.936693886756384e-05,0.0033222591362126,0.0185897356807081,-0.0470807325094259,-0.0084111719950517,0.0166541280141704,,,,,
intfloat/multilingual-e5-large-instruct,0.1,fr,affine,QT_minus_TQ,4.0,8.513751013458158,0.9996376517753924,0.9998770250934168,8.703040347873587e-05,0.0232558139534883,0.0143165998482257,-0.0227044147190591,0.0144447382090054,0.0014803691952381,,,,,
intfloat/multilingual-e5-large-instruct,0.1,fr,affine,MT_minus_TM,4.0,10.053052258333633,0.9985009340390602,0.999877740382297,8.479441191164743e-05,0.0033222591362126,-0.0287867420252945,0.0578166414371377,0.0169552834532225,-0.0366536709895331,,,,,
intfloat/multilingual-e5-large-instruct,0.1,de,linear,NQ_minus_QN,4.0,11.898719494461316,0.997990017999582,0.9998838068082688,8.787322236967712e-05,0.0033222591362126,-0.059017539169903,0.0424594766672949,0.0336222266587674,0.0230299953256578,,,,,
intfloat/multilingual-e5-large-instruct,0.1,de,linear,NM_minus_MN,4.0,13.435579105271076,0.9995647321234556,0.9998799852476414,8.251415801550913e-05,0.0033222591362126,-0.0163878657365532,0.0141633162927396,0.0329463529394965,0.0214283012876122,,,,,
intfloat/multilingual-e5-large-instruct,0.1,de,linear,NT_minus_TN,4.0,15.63431891488322,0.9978520757299072,0.9998728652272666,8.68206930259404e-05,0.0033222591362126,-0.0753716737876099,0.0841499322973281,0.01870122784667,-0.0458206833218858,,,,,
intfloat/multilingual-e5-large-instruct,0.1,de,linear,QM_minus_MQ,4.0,7.445554234244719,0.9992721482826864,0.9998828536517091,8.506155405578891e-05,0.0033222591362126,0.0029565653694855,-0.0362651065534644,0.0130998592137954,0.0217365404313613,,,,,
intfloat/multilingual-e5-large-instruct,0.1,de,linear,QT_minus_TQ,4.0,7.619660301146016,0.9993594592600252,0.9998749616158852,9.120726829004273e-05,0.0066445182724252,-0.0029381782364075,-0.018306654442988,-0.0124541133991732,0.0310683709878412,,,,,
intfloat/multilingual-e5-large-instruct,0.1,de,linear,MT_minus_TM,4.0,9.883188165672076,0.9990223694820398,0.99987725505756,8.485896569646375e-05,0.0033222591362126,0.0041440496528205,-0.0125946865637489,0.0338055646101581,-0.0391861474309344,,,,,
intfloat/multilingual-e5-large-instruct,0.1,de,affine,NQ_minus_QN,4.0,12.470628578117353,0.998525205486716,0.9998786136833911,8.178384700900216e-05,0.0033222591362126,-0.0440750065747873,0.032615936473984,0.0398204565894332,0.0320673394722245,,,,,
intfloat/multilingual-e5-large-instruct,0.1,de,affine,NM_minus_MN,4.0,14.00895329588436,0.9994461834910012,0.9998726466688644,9.816363645415464e-05,0.0033222591362126,-0.0328944050466642,0.0267921110713964,0.0260664936911128,0.0149815234050882,,,,,
intfloat/multilingual-e5-large-instruct,0.1,de,affine,NT_minus_TN,4.0,16.193016833646517,0.998150680053161,0.999872187863046,9.114359772864488e-05,0.0033222591362126,-0.0605643254804462,0.0869115937174126,0.028843406748381,-0.06437242915116,,,,,
intfloat/multilingual-e5-large-instruct,0.1,de,affine,QM_minus_MQ,4.0,7.608653652482286,0.998975436039837,0.9998802160004442,8.824022393508981e-05,0.0033222591362126,0.0080440737794353,-0.040241943294133,0.0021484537777118,0.0333392647876909,,,,,
intfloat/multilingual-e5-large-instruct,0.1,de,affine,QT_minus_TQ,4.0,7.807271015986965,0.9994377705235729,0.999878422477536,9.048410049138696e-05,0.0066445182724252,-0.0046224439313419,-0.0187651440520041,-0.0092762477599568,0.0300177244259338,,,,,
intfloat/multilingual-e5-large-instruct,0.1,de,affine,MT_minus_TM,4.0,9.825842766568522,0.9992797702310048,0.999886052337482,8.118822620273017e-05,0.0033222591362126,0.0087296396361961,-0.004410014083071,0.0127781831392165,-0.0410859568187177,,,,,
intfloat/multilingual-e5-large-instruct,0.1,ru,linear,NQ_minus_QN,4.0,13.245530100190466,0.99839328605144,0.9998753014893388,9.335207409011176e-05,0.0033222591362126,0.0602477520106196,-0.0002240974666537,-0.0022634800973582,-0.0178579189764732,,,,,
intfloat/multilingual-e5-large-instruct,0.1,ru,linear,NM_minus_MN,4.0,14.12271090105741,0.9986392886809696,0.9998744843222568,8.669237976621796e-05,0.0033222591362126,0.0060893133597436,0.0405223553742048,0.0752811840917844,-0.0297681053864614,,,,,
intfloat/multilingual-e5-large-instruct,0.1,ru,linear,NT_minus_TN,4.0,17.999568107854646,0.9970882345553432,0.9998788700549992,9.116739909472044e-05,0.0033222591362126,0.1069857256584206,-0.0465743027916097,0.0118401999240568,0.0181934213965257,,,,,
intfloat/multilingual-e5-large-instruct,0.1,ru,linear,QM_minus_MQ,4.0,7.689531375856994,0.9995632674675428,0.9998668752510518,9.776094328153827e-05,0.0232558139534883,-0.0006365837330354,0.011202236571018,-0.0114839922872573,0.0178709583452523,,,,,
intfloat/multilingual-e5-large-instruct,0.1,ru,linear,QT_minus_TQ,4.0,7.808106445705797,0.9997548743586936,0.999871964974436,8.221346327322026e-05,0.0863787375415282,-0.0041391466248059,0.022703425472852,-0.0020167704968796,-0.0010694364282487,,,,,
intfloat/multilingual-e5-large-instruct,0.1,ru,linear,MT_minus_TM,4.0,10.925311196071132,0.996164535647588,0.9998739613159484,7.818173384217892e-05,0.0033222591362126,-0.0075336607804123,0.0260762153490691,0.0969336771925555,-0.0651793703879684,,,,,
intfloat/multilingual-e5-large-instruct,0.1,ru,affine,NQ_minus_QN,4.0,13.62424244841764,0.9977097839155898,0.9998802966012784,8.292853167401452e-05,0.0033222591362126,0.0731045630564789,-0.0006098259397729,-0.0161817738567028,-0.0282474218433546,,,,,
intfloat/multilingual-e5-large-instruct,0.1,ru,affine,NM_minus_MN,4.0,14.861475640477783,0.9995458026241693,0.999884015983749,7.896197168080971e-05,0.0066445182724252,0.0125746554874254,0.0390664709221456,0.0033823230326085,-0.0426863727312334,,,,,
intfloat/multilingual-e5-large-instruct,0.1,ru,affine,NT_minus_TN,4.0,18.51528059946026,0.99748757896628,0.9998912138558028,7.510991285558775e-05,0.0033222591362126,0.0973899619204234,-0.0618326136052315,0.0074195522471845,0.0358282487553496,,,,,
intfloat/multilingual-e5-large-instruct,0.1,ru,affine,QM_minus_MQ,4.0,8.001870423339103,0.9980269437198674,0.9998694913746072,8.685740760834139e-05,0.0033222591362126,0.0025532145457003,-0.0103125586968924,-0.0492725094984122,0.0340042965994803,,,,,
intfloat/multilingual-e5-large-instruct,0.1,ru,affine,QT_minus_TQ,4.0,8.323404637746453,0.9992149609105004,0.999880287059398,7.838586588051036e-05,0.0033222591362126,-0.0069220244219444,0.0330684948289033,0.0120801982482211,-0.0282502046047766,,,,,
intfloat/multilingual-e5-large-instruct,0.1,ru,affine,MT_minus_TM,4.0,11.586332072700989,0.9967025220243484,0.9998810984498724,8.555802302185007e-05,0.0033222591362126,-0.00467691375134,0.0303409796346729,0.0959981106768001,-0.0564856518641345,,,,,
intfloat/multilingual-e5-large-instruct,0.1,zh,linear,NQ_minus_QN,4.0,11.066022942498508,0.9990558140073672,0.9998829157559264,8.05625557412e-05,0.0033222591362126,-0.0377909301951232,0.0377241547842349,0.0122847212470317,-0.0108447704399739,,,,,
intfloat/multilingual-e5-large-instruct,0.1,zh,linear,NM_minus_MN,4.0,14.135666493612137,0.9998354099522768,0.9998820811199364,7.9434964570153e-05,0.2425249169435216,0.0045093529129045,-0.0142620733049058,0.0295172557034663,-0.0029273606895088,,,,,
intfloat/multilingual-e5-large-instruct,0.1,zh,linear,NT_minus_TN,4.0,16.159872662960336,0.998969174786011,0.999881252102692,8.496711258060346e-05,0.0033222591362126,-0.028276453651825,0.0273833824719295,0.0694207275839275,0.0219590962242851,,,,,
intfloat/multilingual-e5-large-instruct,0.1,zh,linear,QM_minus_MQ,4.0,7.359212335726784,0.9997025863364898,0.9998823536385733,8.521530009532103e-05,0.0498338870431893,0.0079798028670767,0.0073828107924047,-0.003936004173926,0.0096457590146521,,,,,
intfloat/multilingual-e5-large-instruct,0.1,zh,linear,QT_minus_TQ,4.0,7.245750403365941,0.9993519096376272,0.9998803238955616,9.164058799264964e-05,0.0066445182724252,0.0104209418858859,-0.0016619883245607,0.0217709695320081,-0.0200681399470019,,,,,
intfloat/multilingual-e5-large-instruct,0.1,zh,linear,MT_minus_TM,4.0,10.469650370690172,0.99692345248133,0.9998827134150788,8.063719895412995e-05,0.0033222591362126,-0.0064906742679155,0.0103347223530626,0.08151640319873,-0.0598882241591445,,,,,
intfloat/multilingual-e5-large-instruct,0.1,zh,affine,NQ_minus_QN,4.0,11.7175333014696,0.9998796797107234,0.9998827454772762,7.921882651620719e-05,0.4086378737541528,-0.0119366267776168,0.0166122399952568,0.0092506521932274,-0.0015735311918502,,,,,
intfloat/multilingual-e5-large-instruct,0.1,zh,affine,NM_minus_MN,4.0,14.84612632721583,0.9999210013531294,0.9998793396700474,8.297476609089127e-05,0.6345514950166113,-0.0111913207750081,-0.0045446836866151,0.0130915910110202,-0.0033178123065242,,,,,
intfloat/multilingual-e5-large-instruct,0.1,zh,affine,NT_minus_TN,4.0,16.590291237566472,0.9992331680659676,0.9998656726316691,9.063409604199972e-05,0.0033222591362126,-0.0115400682636573,0.0131888172101713,0.0668518533996433,0.0194034741310937,,,,,
intfloat/multilingual-e5-large-instruct,0.1,zh,affine,QM_minus_MQ,4.0,7.548131250999645,0.9991588875032856,0.9998702657501448,9.564377013339649e-05,0.0033222591362126,0.0150346309396068,-0.0055112103658344,-0.0171219534398686,0.0213272882473869,,,,,
intfloat/multilingual-e5-large-instruct,0.1,zh,affine,QT_minus_TQ,4.0,7.6483942324861,0.998921037595472,0.999879810310599,8.277479424498427e-05,0.0033222591362126,0.0080756025494823,-0.0020736956798254,0.0333413484818907,-0.0257839612070186,,,,,
intfloat/multilingual-e5-large-instruct,0.1,zh,affine,MT_minus_TM,4.0,10.707156931590248,0.9968244588943074,0.9998818575244862,7.73175931595542e-05,0.0033222591362126,-0.0079710170229902,0.0317596390026254,0.0651444361986411,-0.0773995185146964,,,,,
intfloat/multilingual-e5-large-instruct,0.1,ar,linear,NQ_minus_QN,4.0,13.85142219338364,0.9988853232178984,0.9998825020831942,8.044814347820691e-05,0.0033222591362126,-0.0313548830768111,-0.0346958911993132,0.0016779944607766,0.0568957518402458,,,,,
intfloat/multilingual-e5-large-instruct,0.1,ar,linear,NM_minus_MN,4.0,13.88973439964862,0.9986348431438636,0.99987166303746,9.136527069622888e-05,0.0033222591362126,0.0323801597778012,-0.0064188973822041,0.0627875726310575,-0.0248282045279587,,,,,
intfloat/multilingual-e5-large-instruct,0.1,ar,linear,NT_minus_TN,4.0,18.32113154914938,0.9987574812387632,0.999875623519943,8.879976882077221e-05,0.0033222591362126,0.0622682993057099,-0.0503248198404136,0.0398913099871956,-0.0114805295249516,,,,,
intfloat/multilingual-e5-large-instruct,0.1,ar,linear,QM_minus_MQ,4.0,7.704674047851042,0.9973777065851896,0.9998794013300696,8.591161707317949e-05,0.0033222591362126,0.0064740283570177,0.0056260180954631,0.0534929560871503,0.0145229331279897,,,,,
intfloat/multilingual-e5-large-instruct,0.1,ar,linear,QT_minus_TQ,4.0,8.131501617518452,0.9993732103190504,0.9998829451240676,8.254972318812279e-05,0.0033222591362126,0.0023111009712968,-0.0055757965054499,0.0154173147211553,0.0242608920052379,,,,,
intfloat/multilingual-e5-large-instruct,0.1,ar,linear,MT_minus_TM,4.0,10.037266866982549,0.9966723721616316,0.999879286554492,8.207708487102303e-05,0.0033222591362126,-0.0013384468882081,0.0023634297261076,0.0875935839502254,-0.0409835739891964,,,,,
intfloat/multilingual-e5-large-instruct,0.1,ar,affine,NQ_minus_QN,4.0,14.546392073648978,0.9989092272362652,0.9998812981187158,8.526070678393996e-05,0.0033222591362126,-0.0193512241113583,-0.0534709486074431,0.0023928069740875,0.0620938829764567,,,,,
intfloat/multilingual-e5-large-instruct,0.1,ar,affine,NM_minus_MN,4.0,14.22882639757773,0.998659853241704,0.9998707423132284,8.699419201468576e-05,0.0033222591362126,0.0233715750563518,-0.0196061130533073,0.0691398062432542,-0.0326486213080579,,,,,
intfloat/multilingual-e5-large-instruct,0.1,ar,affine,NT_minus_TN,4.0,18.826400087487595,0.9970297206953712,0.999875598125407,8.78946037231846e-05,0.0033222591362126,0.0958162555794514,-0.0569107008966277,0.0612556239675675,-0.0531475679693902,,,,,
intfloat/multilingual-e5-large-instruct,0.1,ar,affine,QM_minus_MQ,4.0,7.94244915619473,0.9968642313086428,0.999880096142861,8.557464381213425e-05,0.0033222591362126,0.0101131888142163,-0.0018063690994138,0.0556748867379861,0.0239017837846831,,,,,
intfloat/multilingual-e5-large-instruct,0.1,ar,affine,QT_minus_TQ,4.0,9.010561647395605,0.9991647022893152,0.9998812239260656,8.076985851506156e-05,0.0033222591362126,0.0037548790502986,0.0103070648064331,0.0256583741938351,0.0175494688175849,,,,,
intfloat/multilingual-e5-large-instruct,0.1,ar,affine,MT_minus_TM,4.0,10.551342276859698,0.9987230995198294,0.9998841534629652,8.106854602538049e-05,0.0033222591362126,-0.0014281034736454,0.0289917108592263,0.0424058507244534,-0.0388566664075634,,,,,
intfloat/multilingual-e5-large-instruct,1.0,en,linear,NQ_minus_QN,4.0,7.962817321103448,0.9994152890622854,0.9998795007887454,8.426175472202961e-05,0.0066445182724252,-0.0106809572730919,-0.0194937251511034,0.0105393471464581,0.0376835634625608,,,,,
intfloat/multilingual-e5-large-instruct,1.0,en,linear,NM_minus_MN,4.0,9.286476926507012,0.9996420078604048,0.9998786273321968,9.136748003184692e-05,0.0265780730897009,0.0219358560079498,0.0009804823650658,-0.0212201606293799,-0.0065601563573753,,,,,
intfloat/multilingual-e5-large-instruct,1.0,en,linear,NT_minus_TN,4.0,10.633043595531658,0.9982411335675332,0.9998796937235572,8.717311006332853e-05,0.0033222591362126,0.0100242735382771,-0.047913410007301,-0.0029660017418048,0.0893557453371881,,,,,
intfloat/multilingual-e5-large-instruct,1.0,en,linear,QM_minus_MQ,4.0,5.660919891136483,0.9977020720019102,0.9998837553101584,8.034851915205113e-05,0.0033222591362126,0.0085933126393899,0.0177725845691367,-0.0485699494635258,0.0190850831835214,,,,,
intfloat/multilingual-e5-large-instruct,1.0,en,linear,QT_minus_TQ,4.0,5.426416469783792,0.9992403542500526,0.9998788028801114,8.215039855464765e-05,0.0033222591362126,0.0134255656355102,0.0205133564422817,0.003022298264104,-0.0144686083747266,,,,,
intfloat/multilingual-e5-large-instruct,1.0,en,linear,MT_minus_TM,4.0,6.964008814367919,0.99448184599384,0.999879888066206,8.887622732051312e-05,0.0033222591362126,-0.0085681046851198,0.0245026428251368,0.078084446486886,-0.079120562904828,,,,,
intfloat/multilingual-e5-large-instruct,1.0,en,affine,NQ_minus_QN,4.0,8.127229401531595,0.9992463897196084,0.9998734904032892,7.771679485042335e-05,0.0033222591362126,-0.012246709425139,-0.0250972819840025,0.0124068922525583,0.0423289349477293,,,,,
intfloat/multilingual-e5-large-instruct,1.0,en,affine,NM_minus_MN,4.0,9.524310344164164,0.9986789252884388,0.9998832551272362,7.960954649103954e-05,0.0033222591362126,0.0418308992095436,-0.0028384053599983,-0.0444262385633238,-0.0104614248233639,,,,,
intfloat/multilingual-e5-large-instruct,1.0,en,affine,NT_minus_TN,4.0,11.068461267110187,0.998313087754975,0.9998821946331844,8.102977238735243e-05,0.0033222591362126,0.0188059214751324,-0.063690006189337,-0.000283080082933,0.084645923690883,,,,,
intfloat/multilingual-e5-large-instruct,1.0,en,affine,QM_minus_MQ,4.0,5.663399851179292,0.9974529681494276,0.9998690048743516,8.910633717702306e-05,0.0033222591362126,0.0099686270201117,0.0138231186383415,-0.0509177025340992,0.0219932969390945,,,,,
intfloat/multilingual-e5-large-instruct,1.0,en,affine,QT_minus_TQ,4.0,5.551603667360541,0.999026991073838,0.9998848611920976,8.349853670237981e-05,0.0033222591362126,0.0123955064370962,0.0256346764502493,0.0076901961778371,-0.0239191900081972,,,,,
intfloat/multilingual-e5-large-instruct,1.0,en,affine,MT_minus_TM,4.0,7.152776596066031,0.9954241081625608,0.9998802377637556,8.014399955072635e-05,0.0033222591362126,-0.010072101578108,0.0267877792919975,0.0713050080989544,-0.0729936313087157,,,,,
intfloat/multilingual-e5-large-instruct,1.0,es,linear,NQ_minus_QN,4.0,9.102150949228278,0.9994464835164036,0.9998814560681372,8.126710450279481e-05,0.0033222591362126,-0.0001892043392606,-0.0147756152205941,0.0433425686187548,0.0057846171055412,,,,,
intfloat/multilingual-e5-large-instruct,1.0,es,linear,NM_minus_MN,4.0,10.198538257146236,0.9963438181724802,0.9998757943247576,8.155704313702232e-05,0.0033222591362126,0.0804545291522002,-0.0193877737875357,-0.0408784745873533,0.0122141307913222,,,,,
intfloat/multilingual-e5-large-instruct,1.0,es,linear,NT_minus_TN,4.0,10.949332862240269,0.9991588328546636,0.9998769998815442,9.116940767128268e-05,0.0033222591362126,-0.0270192846218775,0.0486127129326739,0.0307509730742691,-0.035588223637172,,,,,
intfloat/multilingual-e5-large-instruct,1.0,es,linear,QM_minus_MQ,4.0,5.561671064434098,0.9982794495224768,0.9998708161700516,8.692747166745974e-05,0.0033222591362126,0.0071910179648362,0.0163217609518093,-0.0352151542925808,0.0240991649567674,,,,,
intfloat/multilingual-e5-large-instruct,1.0,es,linear,QT_minus_TQ,4.0,5.640816464342472,0.9990555641453944,0.9998850293102444,7.835721110733861e-05,0.0033222591362126,-0.0089573329560664,0.0388291805062561,0.001334228839891,-0.0071936245227502,,,,,
intfloat/multilingual-e5-large-instruct,1.0,es,linear,MT_minus_TM,4.0,6.40799591190751,0.9874452998893885,0.9998772093181966,8.452366274318346e-05,0.0033222591362126,0.0041801874823941,0.0300834452408403,0.10381710433895,-0.1264982673734194,,,,,
intfloat/multilingual-e5-large-instruct,1.0,es,affine,NQ_minus_QN,4.0,9.270054610069735,0.9993529076967996,0.999880298992515,7.999366697424162e-05,0.0033222591362126,-8.482108105371918e-05,-0.0158679533546451,0.0449648371412698,0.0129638871886852,,,,,
intfloat/multilingual-e5-large-instruct,1.0,es,affine,NM_minus_MN,4.0,10.414369745707328,0.9958868632982644,0.9998719086248596,9.041130031773245e-05,0.0033222591362126,0.084190282967276,-0.0170240697447762,-0.0609492006042339,0.0089409878917693,,,,,
intfloat/multilingual-e5-large-instruct,1.0,es,affine,NT_minus_TN,4.0,11.392866195912772,0.9992425127977516,0.999886714605013,8.094804281211361e-05,0.0033222591362126,-0.0268130377118278,0.042491277554793,0.0348550339022829,-0.0335557669070357,,,,,
intfloat/multilingual-e5-large-instruct,1.0,es,affine,QM_minus_MQ,4.0,5.630223963385122,0.9976413493383904,0.9998774660999212,8.823567661962294e-05,0.0033222591362126,0.0101350673377343,0.0094835286921733,-0.0414016897792531,0.0327388629609749,,,,,
intfloat/multilingual-e5-large-instruct,1.0,es,affine,QT_minus_TQ,4.0,5.810629389578106,0.9992109650912592,0.9998795119339086,8.913213420278353e-05,0.0033222591362126,-0.0107603744796901,0.0321243642855268,0.0025788006062637,0.0035913328352804,,,,,
intfloat/multilingual-e5-large-instruct,1.0,es,affine,MT_minus_TM,4.0,6.558605739119137,0.9874229233431314,0.99988248689171,8.274339035911567e-05,0.0033222591362126,0.0020590591556733,0.0377743872779214,0.1026379733925152,-0.1278996143468962,,,,,
intfloat/multilingual-e5-large-instruct,1.0,fr,linear,NQ_minus_QN,4.0,8.412492824362142,0.998729922151406,0.9998683612940636,8.700938859293362e-05,0.0033222591362126,-0.0349220271365521,-0.0105646751598454,0.0343037890176091,0.0222313818566796,,,,,
intfloat/multilingual-e5-large-instruct,1.0,fr,linear,NM_minus_MN,4.0,9.608757217014857,0.998883755458184,0.9998750757192828,9.157840105206686e-05,0.0033222591362126,0.0400999810663904,-0.0404682063107138,0.0234666739675146,-0.010525240672677,,,,,
intfloat/multilingual-e5-large-instruct,1.0,fr,linear,NT_minus_TN,4.0,11.269281408779886,0.999612339648492,0.999875833853758,8.449444100130669e-05,0.0166112956810631,0.0273986335263447,-0.0033176958808996,0.0099210262465699,-0.0258947030237741,,,,,
intfloat/multilingual-e5-large-instruct,1.0,fr,linear,QM_minus_MQ,4.0,5.272854460947973,0.9992646579054544,0.9998856346022068,8.413409425597594e-05,0.0033222591362126,0.0029655132537061,-0.0044593337580594,-0.024053533623388,0.0187789301311236,,,,,
intfloat/multilingual-e5-large-instruct,1.0,fr,linear,QT_minus_TQ,4.0,6.0144231229273295,0.9990373502200224,0.9998833956477696,8.305923356304319e-05,0.0033222591362126,0.007095055151365,0.0098996790315507,0.0189056526827498,-0.0334345041596547,,,,,
intfloat/multilingual-e5-large-instruct,1.0,fr,linear,MT_minus_TM,4.0,6.987566430320626,0.9936356969242672,0.999880515468501,8.906464328562166e-05,0.0033222591362126,-0.0120393669450876,0.0310261381675158,0.0791096107585245,-0.0853506784896484,,,,,
intfloat/multilingual-e5-large-instruct,1.0,fr,affine,NQ_minus_QN,4.0,8.570606190731162,0.9987947646545732,0.9998826621304918,8.494571169592455e-05,0.0033222591362126,-0.0344773759591527,-0.0082774267630106,0.0274527093490221,0.0298621915224029,,,,,
intfloat/multilingual-e5-large-instruct,1.0,fr,affine,NM_minus_MN,4.0,9.886573734269318,0.9987546671925218,0.999876829492088,7.957187900883611e-05,0.0033222591362126,0.0464311116648768,-0.0333703753358005,0.0145196948363715,-0.0212079022388836,,,,,
intfloat/multilingual-e5-large-instruct,1.0,fr,affine,NT_minus_TN,4.0,11.509071076050986,0.9994679196518804,0.999881042896798,9.4161943173965e-05,0.0066445182724252,0.0304313896717998,-0.0061812170756758,0.0137507111179157,-0.0339918514507728,,,,,
intfloat/multilingual-e5-large-instruct,1.0,fr,affine,QM_minus_MQ,4.0,5.423829080965929,0.9986099964039962,0.999875803282808,8.954686756878133e-05,0.0033222591362126,0.0092665144187492,-0.0145188527174243,-0.0325060309200943,0.0236011758393202,,,,,
intfloat/multilingual-e5-large-instruct,1.0,fr,affine,QT_minus_TQ,4.0,6.151962089096442,0.9993364045046482,0.9998770813016408,8.745828462396348e-05,0.0033222591362126,0.0087189489201999,0.0032236669773007,0.0180799324032093,-0.0257225016182306,,,,,
intfloat/multilingual-e5-large-instruct,1.0,fr,affine,MT_minus_TM,4.0,6.990290396472402,0.9924661046179748,0.9998791733076344,8.097786228599823e-05,0.0033222591362126,-0.0143834980674144,0.0477142903179287,0.0743577918860589,-0.0970769938366067,,,,,
intfloat/multilingual-e5-large-instruct,1.0,de,linear,NQ_minus_QN,4.0,8.807732184443848,0.9989128697669546,0.9998825489638996,8.546686985890073e-05,0.0033222591362126,-0.0393517036498047,0.00919303923965,0.0252047905189798,0.0142890444004701,,,,,
intfloat/multilingual-e5-large-instruct,1.0,de,linear,NM_minus_MN,4.0,9.568832307777877,0.9997043579866716,0.9998795462925668,8.405182922399027e-05,0.0398671096345514,0.0074568213422673,0.0112410649219432,-0.0139209751272243,0.0189939577069131,,,,,
intfloat/multilingual-e5-large-instruct,1.0,de,linear,NT_minus_TN,4.0,10.961974889426662,0.9989542769575662,0.9998707279862644,8.601371559302413e-05,0.0033222591362126,-0.0260456392262157,0.0559308623466122,0.013189885856411,-0.0529149736852441,,,,,
intfloat/multilingual-e5-large-instruct,1.0,de,linear,QM_minus_MQ,4.0,5.559803640998721,0.99899052187585,0.9998844663813862,8.433318432893385e-05,0.0033222591362126,0.0047634290733087,-0.004118617795693,-0.0226314501162393,0.0285826372591812,,,,,
intfloat/multilingual-e5-large-instruct,1.0,de,linear,QT_minus_TQ,4.0,5.690871168812977,0.9998021929688788,0.9998739074213132,9.075410126735288e-05,0.1594684385382059,0.0030101738857166,0.0127042540238014,-0.0021050077949325,-0.0146128125069789,,,,,
intfloat/multilingual-e5-large-instruct,1.0,de,linear,MT_minus_TM,4.0,6.960124380831979,0.9921239445034334,0.9998788983524352,8.265571814657007e-05,0.0033222591362126,0.0048507491254117,0.0052750724144765,0.082531878421207,-0.1040490972429144,,,,,
intfloat/multilingual-e5-large-instruct,1.0,de,affine,NQ_minus_QN,4.0,9.039780912180714,0.9991499025877144,0.9998814521070242,7.965294449444265e-05,0.0033222591362126,-0.0321195093706002,0.0063360480919535,0.0282036747108475,0.0189358716718119,,,,,
intfloat/multilingual-e5-large-instruct,1.0,de,affine,NM_minus_MN,4.0,9.840798764837094,0.9996636366786148,0.9998724797698176,9.795357941401516e-05,0.0531561461794019,0.0002426878464857,0.0228182083287582,-0.0257037624040173,0.0144008177507257,,,,,
intfloat/multilingual-e5-large-instruct,1.0,de,affine,NT_minus_TN,4.0,11.188624965994142,0.9988282508827216,0.99987238740743,9.32166573749632e-05,0.0033222591362126,-0.0160381987001563,0.0580153853526435,0.0175539887178596,-0.0687963542157719,,,,,
intfloat/multilingual-e5-large-instruct,1.0,de,affine,QM_minus_MQ,4.0,5.603063722050323,0.998271859896561,0.99987997381775,8.700487716059638e-05,0.0033222591362126,0.006332352395632,-0.0077505885011951,-0.0290878311576463,0.0384019029329606,,,,,
intfloat/multilingual-e5-large-instruct,1.0,de,affine,QT_minus_TQ,4.0,5.717015051895222,0.9999048088335936,0.9998795351808172,8.908516783986727e-05,0.5249169435215947,-0.0002866546803188,0.0117804662589069,-0.001716765669132,-0.0085648755185837,,,,,
intfloat/multilingual-e5-large-instruct,1.0,de,affine,MT_minus_TM,4.0,6.87553890144565,0.9928628025540952,0.9998848966032784,8.131317833745056e-05,0.0033222591362126,0.007585860700551,0.0095551174872568,0.0699738655715206,-0.1031274403668653,,,,,
intfloat/multilingual-e5-large-instruct,1.0,ru,linear,NQ_minus_QN,4.0,9.390921570244217,0.9970300720138838,0.9998729468910416,9.701854517081206e-05,0.0033222591362126,0.0732976582897359,-0.028055075216017,-0.007720317696292,-0.0205880790788241,,,,,
intfloat/multilingual-e5-large-instruct,1.0,ru,linear,NM_minus_MN,4.0,9.420054591679154,0.9982967750368784,0.99987774997721,8.500079375023406e-05,0.0033222591362126,0.0471312623738482,0.0196196537859852,0.0067671394272079,-0.0187713710227926,,,,,
intfloat/multilingual-e5-large-instruct,1.0,ru,linear,NT_minus_TN,4.0,11.475743841207814,0.99834210347662,0.9998761107180996,9.3913950896507e-05,0.0033222591362126,0.0647860831671666,-0.0297708473297294,0.0085062649859762,-0.0041923579865616,,,,,
intfloat/multilingual-e5-large-instruct,1.0,ru,linear,QM_minus_MQ,4.0,5.49698593333514,0.9954601838622734,0.9998655254768202,9.585205911436134e-05,0.0033222591362126,-0.0076156071889237,0.0484905439490524,-0.048969251546353,0.0301792747694611,,,,,
intfloat/multilingual-e5-large-instruct,1.0,ru,linear,QT_minus_TQ,4.0,5.71194414866933,0.9985388497292615,0.999873482882665,8.512178255559254e-05,0.0033222591362126,-0.0028474354296444,0.0399320073291424,0.0052535119524848,-0.0355687448545995,,,,,
intfloat/multilingual-e5-large-instruct,1.0,ru,linear,MT_minus_TM,4.0,7.229736518688198,0.9851582186527632,0.999875938959045,8.003764160273331e-05,0.0033222591362126,0.0007931081090389,0.0196634196667033,0.1287910342964046,-0.134310965910976,,,,,
intfloat/multilingual-e5-large-instruct,1.0,ru,affine,NQ_minus_QN,4.0,9.489968319053212,0.9964863251071576,0.999879353681328,8.492906525586996e-05,0.0033222591362126,0.0798643428068374,-0.0218951535141759,-0.0154667525372173,-0.0294641512537447,,,,,
intfloat/multilingual-e5-large-instruct,1.0,ru,affine,NM_minus_MN,4.0,9.667853214199235,0.9979742349801162,0.9998849281721596,8.288737791718962e-05,0.0033222591362126,0.0534571527132957,0.023397262028908,-0.0332719065277439,-0.0237288936377317,,,,,
intfloat/multilingual-e5-large-instruct,1.0,ru,affine,NT_minus_TN,4.0,11.70098375965127,0.9980535378514196,0.9998878887525036,7.829975850748981e-05,0.0033222591362126,0.0726055511387304,-0.0372565042475379,0.0063561886363848,-0.0126096400620741,,,,,
intfloat/multilingual-e5-large-instruct,1.0,ru,affine,QM_minus_MQ,4.0,5.5661233980567975,0.9940941861338416,0.999869259812513,8.525921218674154e-05,0.0033222591362126,-0.0038730625465889,0.0372460409241374,-0.0696641772803799,0.0395024768049416,,,,,
intfloat/multilingual-e5-large-instruct,1.0,ru,affine,QT_minus_TQ,4.0,5.8688482575179055,0.9980495964524532,0.9998806075552832,8.625700017571774e-05,0.0033222591362126,-0.00539097120502,0.0458327024917008,0.009904030881079,-0.0422376640694419,,,,,
intfloat/multilingual-e5-large-instruct,1.0,ru,affine,MT_minus_TM,4.0,7.534662243854299,0.9854726014872036,0.9998768702455936,9.09694800845828e-05,0.0033222591362126,0.000998174712916,0.0209279446725068,0.134919754967292,-0.1334323524734752,,,,,
intfloat/multilingual-e5-large-instruct,1.0,zh,linear,NQ_minus_QN,4.0,8.355818070630844,0.9995189585163804,0.9998816948908668,7.87284169078103e-05,0.0033222591362126,-0.0208687233249918,0.0200366704682372,0.0184230201252645,-0.0099954836203193,,,,,
intfloat/multilingual-e5-large-instruct,1.0,zh,linear,NM_minus_MN,4.0,9.896174989681494,0.9998538680248203,0.999881647223093,8.09920511898902e-05,0.2990033222591362,0.0127426414498113,-0.00246959053545,-0.0129319111490938,0.0078722127340697,,,,,
intfloat/multilingual-e5-large-instruct,1.0,zh,linear,NT_minus_TN,4.0,11.461887024017786,0.9994232065816552,0.9998799671879424,8.765128728550881e-05,0.0066445182724252,-0.0066904645223301,0.0122670070461974,0.0448901992194924,0.0120921482948318,,,,,
intfloat/multilingual-e5-large-instruct,1.0,zh,linear,QM_minus_MQ,4.0,5.552749109704997,0.998166129168332,0.9998832451502064,8.522453535925437e-05,0.0033222591362126,0.0041434260688817,0.0215365185706861,-0.0387738571142527,0.0191061300219825,,,,,
intfloat/multilingual-e5-large-instruct,1.0,zh,linear,QT_minus_TQ,4.0,5.593793692704864,0.997411402794603,0.999882281894892,8.857532789153972e-05,0.0033222591362126,0.0138780309057244,0.0166123775446678,0.0231041653176196,-0.0532334189295508,,,,,
intfloat/multilingual-e5-large-instruct,1.0,zh,linear,MT_minus_TM,4.0,7.251273313698739,0.987399535459956,0.9998817088676052,8.339829507758127e-05,0.0033222591362126,0.0015110063026355,0.0248917624002947,0.1148771238410811,-0.1278377080634854,,,,,
intfloat/multilingual-e5-large-instruct,1.0,zh,affine,NQ_minus_QN,4.0,8.668330143996634,0.9998743843739852,0.999883727467172,7.832213377510375e-05,0.388704318936877,-0.0078209446098729,0.0121549454683258,0.0130771299744509,-0.0048991667994621,,,,,
intfloat/multilingual-e5-large-instruct,1.0,zh,affine,NM_minus_MN,4.0,10.3064843249828,0.9997957960861796,0.9998799025111648,8.589928263177252e-05,0.1561461794019933,0.0041275401561479,0.006952580205296,-0.0274847164839875,0.0094950974494097,,,,,
intfloat/multilingual-e5-large-instruct,1.0,zh,affine,NT_minus_TN,4.0,11.664002827488789,0.9994529363844972,0.9998653188384422,9.2469208790802e-05,0.0033222591362126,0.0147416698640555,0.0036361426403975,0.0425969524113158,-0.0024972649205251,,,,,
intfloat/multilingual-e5-large-instruct,1.0,zh,affine,QM_minus_MQ,4.0,5.6311861962855305,0.9974549387802062,0.999868253374602,9.416279582590992e-05,0.0033222591362126,0.0087301858223898,0.0114329510249203,-0.0460488503614086,0.0284634339870047,,,,,
intfloat/multilingual-e5-large-instruct,1.0,zh,affine,QT_minus_TQ,4.0,5.693216647781065,0.9973667564430324,0.9998801140116288,8.137099285176237e-05,0.0033222591362126,0.009187820630888,0.0192036548870718,0.0303984084457848,-0.051720731508022,,,,,
intfloat/multilingual-e5-large-instruct,1.0,zh,affine,MT_minus_TM,4.0,7.38034691376212,0.9863506313289246,0.999881972355226,7.880356614348036e-05,0.0033222591362126,0.0012622659008379,0.0382889689930933,0.1095500247254823,-0.1414258110965726,,,,,
intfloat/multilingual-e5-large-instruct,1.0,ar,linear,NQ_minus_QN,4.0,9.86751631727532,0.9993541122631404,0.9998838860308804,7.953545390660714e-05,0.0033222591362126,0.0120392399797085,-0.0437166868039683,0.0087763628611642,0.0341544512961443,,,,,
intfloat/multilingual-e5-large-instruct,1.0,ar,linear,NM_minus_MN,4.0,9.431637480494471,0.9978447541545562,0.9998730773912944,9.217926885522296e-05,0.0033222591362126,0.0561654727659644,-0.0102203921192922,0.0026464862872024,-0.0206177078103373,,,,,
intfloat/multilingual-e5-large-instruct,1.0,ar,linear,NT_minus_TN,4.0,12.525522609218172,0.9990795381529728,0.9998766584009452,8.618773259935831e-05,0.0033222591362126,0.0471446800107289,-0.0302531387228095,0.0165389793566053,-0.0118951045767509,,,,,
intfloat/multilingual-e5-large-instruct,1.0,ar,linear,QM_minus_MQ,4.0,5.545294586779282,0.9986160533221252,0.9998803544306958,8.321469186483927e-05,0.0033222591362126,0.0006337064675623,0.0357552126800972,-0.0119775239840223,0.0085373092810406,,,,,
intfloat/multilingual-e5-large-instruct,1.0,ar,linear,QT_minus_TQ,4.0,6.060339229482002,0.998910499784928,0.9998830079578882,8.004027877075535e-05,0.0033222591362126,0.0022319687907496,0.0289007527063955,0.0104075797855267,-0.0331822001264542,,,,,
intfloat/multilingual-e5-large-instruct,1.0,ar,linear,MT_minus_TM,4.0,6.943798628967524,0.9845364692496928,0.9998797885233488,8.19325782631385e-05,0.0033222591362126,-0.0004091755227072,0.0201222701418709,0.1256871463352616,-0.1218723108692562,,,,,
intfloat/multilingual-e5-large-instruct,1.0,ar,affine,NQ_minus_QN,4.0,10.154877879816045,0.9992042163109898,0.9998810795022768,8.751430833772215e-05,0.0033222591362126,0.0152245264819966,-0.0499665873906156,0.0080814080058375,0.038006873312254,,,,,
intfloat/multilingual-e5-large-instruct,1.0,ar,affine,NM_minus_MN,4.0,9.557589945777584,0.9980361516164552,0.9998725782115504,8.981039968771466e-05,0.0033222591362126,0.0541833050437681,-0.012412710453237,-0.0025792202600365,-0.0224636821723223,,,,,
intfloat/multilingual-e5-large-instruct,1.0,ar,affine,NT_minus_TN,4.0,12.675546271171166,0.9975150743880392,0.9998772998321676,8.614533552406896e-05,0.0033222591362126,0.0740291430146685,-0.0356639644149606,0.0302147392939946,-0.0508937849686919,,,,,
intfloat/multilingual-e5-large-instruct,1.0,ar,affine,QM_minus_MQ,4.0,5.597480525262237,0.9984015485337476,0.9998796170100678,8.609293246178628e-05,0.0033222591362126,0.0024616518747172,0.0319953708305115,-0.0122562476978936,0.0161416625523568,,,,,
intfloat/multilingual-e5-large-instruct,1.0,ar,affine,QT_minus_TQ,4.0,6.3462365391232,0.998555042350678,0.999878993202694,8.440879288587498e-05,0.0033222591362126,-3.845468420929754e-05,0.0403043151830304,0.0154127537051821,-0.0334663270479557,,,,,
intfloat/multilingual-e5-large-instruct,1.0,ar,affine,MT_minus_TM,4.0,7.111587438281955,0.9847195137127588,0.999885512464107,7.960745994506875e-05,0.0033222591362126,-0.0001290343387349,0.0350873954590865,0.1111581654632255,-0.1330554723600119,,,,,
intfloat/multilingual-e5-large-instruct,10.0,en,linear,NQ_minus_QN,4.0,3.5878033026072718,0.9817207415713992,0.9998773101548596,8.162189541562516e-05,0.0033222591362126,-0.1198739409168043,0.1082591949074109,0.0034817960588526,0.0176743142987516,,,,,
intfloat/multilingual-e5-large-instruct,10.0,en,linear,NM_minus_MN,4.0,3.440861919142264,0.993881195385631,0.999878552778736,8.885528410294474e-05,0.0033222591362126,-0.0661334305885738,0.007970542583962,0.0473470535759747,0.0181165925611887,,,,,
intfloat/multilingual-e5-large-instruct,10.0,en,linear,NT_minus_TN,4.0,3.712998325161208,0.9785961297342282,0.9998805561994538,8.985089236193198e-05,0.0033222591362126,-0.1261271847389827,-0.0002826046303654,-0.0058532679257161,0.1463735571113897,,,,,
intfloat/multilingual-e5-large-instruct,10.0,en,linear,QM_minus_MQ,4.0,2.6144463696921525,0.9904232588740296,0.9998825640185244,8.537337417957256e-05,0.0033222591362126,0.0095094373940095,-0.0894164959984972,0.0487404739747141,0.0339511612623798,,,,,
intfloat/multilingual-e5-large-instruct,10.0,en,linear,QT_minus_TQ,4.0,2.518078617065451,0.986482217608057,0.9998726603248704,9.13745040453156e-05,0.0033222591362126,0.0148599273600229,-0.1036545068253918,0.0178591195149951,0.0765217671272132,,,,,
intfloat/multilingual-e5-large-instruct,10.0,en,linear,MT_minus_TM,4.0,2.528082295158774,0.997927721991004,0.9998808516440584,7.909318595813512e-05,0.0033222591362126,-0.0015353102545215,0.0339494194825429,0.0103230352723149,-0.0389634849541977,,,,,
intfloat/multilingual-e5-large-instruct,10.0,en,affine,NQ_minus_QN,4.0,3.5458668655214027,0.9779916233819655,0.999868777981381,9.041131225240996e-05,0.0033222591362126,-0.13190319975477,0.1252022520985865,0.0024082283402135,0.0156365509371069,,,,,
intfloat/multilingual-e5-large-instruct,10.0,en,affine,NM_minus_MN,4.0,3.44787127041884,0.994792739346464,0.9998759382653885,8.923048841313048e-05,0.0033222591362126,-0.0612342599281676,0.0055344097221476,0.044577733213494,0.0161832815729779,,,,,
intfloat/multilingual-e5-large-instruct,10.0,en,affine,NT_minus_TN,4.0,3.677756411926577,0.981105644068503,0.9998867386585902,7.313487934913445e-05,0.0033222591362126,-0.1160331158264799,-0.0148874835177367,0.0001038807292385,0.1416640711863774,,,,,
intfloat/multilingual-e5-large-instruct,10.0,en,affine,QM_minus_MQ,4.0,2.5763972877621173,0.9900208922330682,0.9998740346453764,8.518988273393311e-05,0.0033222591362126,0.007487382572721,-0.0944519185421675,0.0500716144338556,0.0387218540804679,,,,,
intfloat/multilingual-e5-large-instruct,10.0,en,affine,QT_minus_TQ,4.0,2.46443164076195,0.9875250332748714,0.999881904447814,8.742432699279028e-05,0.0033222591362126,0.008193006409267,-0.0998247582385672,0.0150720469205822,0.0814212085512432,,,,,
intfloat/multilingual-e5-large-instruct,10.0,en,affine,MT_minus_TM,4.0,2.513109580380941,0.9978774535383352,0.9998745153620489,8.145330692215767e-05,0.0033222591362126,0.0007605730061616,0.0334285858557282,0.0109903527134564,-0.0418551926677986,,,,,
intfloat/multilingual-e5-large-instruct,10.0,es,linear,NQ_minus_QN,4.0,4.031515050981766,0.9877437095843384,0.999876155064108,8.3610829713483e-05,0.0033222591362126,-0.100672414892998,0.0954109899009649,0.0196181525102567,-0.004912735825046,,,,,
intfloat/multilingual-e5-large-instruct,10.0,es,linear,NM_minus_MN,4.0,3.714437887628714,0.9925446036920044,0.9998766065106154,8.962290487123524e-05,0.0033222591362126,-0.0672612187738402,-0.0116586864057381,0.0674720962324052,0.0225388339542216,,,,,
intfloat/multilingual-e5-large-instruct,10.0,es,linear,NT_minus_TN,4.0,3.957769151328518,0.9864111518611522,0.9998838696492924,8.149710057451175e-05,0.0033222591362126,-0.106360315125301,0.0088073340392841,0.0078517529238192,0.0971155659466286,,,,,
intfloat/multilingual-e5-large-instruct,10.0,es,linear,QM_minus_MQ,4.0,2.6495457656912795,0.990777107819525,0.9998694162169962,9.407774486008274e-05,0.0033222591362126,0.0025016286812731,-0.0851969634769804,0.0456450068071583,0.0392575513126053,,,,,
intfloat/multilingual-e5-large-instruct,10.0,es,linear,QT_minus_TQ,4.0,2.688938340865838,0.986710260199046,0.9998732496879056,8.244453176297609e-05,0.0033222591362126,0.0057072303761702,-0.1020587223465277,0.0112550573270964,0.0881525247320403,,,,,
intfloat/multilingual-e5-large-instruct,10.0,es,linear,MT_minus_TM,4.0,2.5015463095831234,0.9986548096242416,0.9998794202306438,8.645397158319437e-05,0.0033222591362126,0.0066791628652397,0.0195039259349719,0.0100665072514271,-0.0327158987851848,,,,,
intfloat/multilingual-e5-large-instruct,10.0,es,affine,NQ_minus_QN,4.0,3.98275546372604,0.9849496688905004,0.9998799840391668,8.198880790892184e-05,0.0033222591362126,-0.111955829147889,0.1098548578462809,0.0189930325733189,-0.005264048071688,,,,,
intfloat/multilingual-e5-large-instruct,10.0,es,affine,NM_minus_MN,4.0,3.710100252933752,0.9928760266579376,0.9998727261638438,8.944212724379958e-05,0.0033222591362126,-0.0675507000018799,-0.0097207733064278,0.0629027894679101,0.0226262543470983,,,,,
intfloat/multilingual-e5-large-instruct,10.0,es,affine,NT_minus_TN,4.0,3.9170072601143793,0.9882194169449684,0.9998719879036926,8.901444182809818e-05,0.0033222591362126,-0.0985836666218545,-0.0003882498395987,0.015295658582869,0.0893002472579493,,,,,
intfloat/multilingual-e5-large-instruct,10.0,es,affine,QM_minus_MQ,4.0,2.6190985345555733,0.9895993228292568,0.9998836545635258,7.811888600511102e-05,0.0033222591362126,0.0004201011364547,-0.0927862120116808,0.0506181779135233,0.0439659582717724,,,,,
intfloat/multilingual-e5-large-instruct,10.0,es,affine,QT_minus_TQ,4.0,2.618380437941032,0.985295038253575,0.9998737779004304,8.649942595140662e-05,0.0033222591362126,-0.0010551266491693,-0.1051816139324239,0.0098592868897874,0.0996146303764797,,,,,
intfloat/multilingual-e5-large-instruct,10.0,es,affine,MT_minus_TM,4.0,2.480237488850048,0.9979391094464188,0.999881984927948,8.324081672453442e-05,0.0033222591362126,0.0100134139105429,0.0210464950584389,0.0132462680933311,-0.0418760270731272,,,,,
intfloat/multilingual-e5-large-instruct,10.0,fr,linear,NQ_minus_QN,4.0,3.900822888578783,0.9873364024576772,0.9998756085970132,8.18859983174615e-05,0.0033222591362126,-0.0986051449283311,0.0973717589645155,0.0230824196480226,-0.0057038446140354,,,,,
intfloat/multilingual-e5-large-instruct,10.0,fr,linear,NM_minus_MN,4.0,3.6054695742121927,0.9924937627795016,0.9998794325749532,8.702725487211662e-05,0.0033222591362126,-0.0627358574632629,-0.0145249761045875,0.0744796859714839,0.0108871546303044,,,,,
intfloat/multilingual-e5-large-instruct,10.0,fr,linear,NT_minus_TN,4.0,3.96330624699412,0.9909606704916958,0.9998828452097576,8.134702338059782e-05,0.0033222591362126,-0.0837921101630216,-0.0062183317668711,0.0098724072055656,0.089648994112067,,,,,
intfloat/multilingual-e5-large-instruct,10.0,fr,linear,QM_minus_MQ,4.0,2.5641972086830003,0.987334399106858,0.9998854385218168,8.299076922761175e-05,0.0033222591362126,-0.0035936283127015,-0.0952972402592199,0.0482026280995854,0.045632541748585,,,,,
intfloat/multilingual-e5-large-instruct,10.0,fr,linear,QT_minus_TQ,4.0,2.722793580049437,0.9885039607662622,0.9998752521895998,8.782581106337608e-05,0.0033222591362126,0.015287807062862,-0.1018631631254625,0.0254944087517154,0.0577224606011589,,,,,
intfloat/multilingual-e5-large-instruct,10.0,fr,linear,MT_minus_TM,4.0,2.529146080138763,0.9973890400848175,0.9998751102969564,9.19360336437232e-05,0.0033222591362126,0.0083045904485201,0.021224396226961,0.0214666738227648,-0.0441951338002529,,,,,
intfloat/multilingual-e5-large-instruct,10.0,fr,affine,NQ_minus_QN,4.0,3.834497776417853,0.9840519666497012,0.9998763123889884,8.393274782446515e-05,0.0033222591362126,-0.1104488223555192,0.1144159941257688,0.017134930811924,-0.003121538701898,,,,,
intfloat/multilingual-e5-large-instruct,10.0,fr,affine,NM_minus_MN,4.0,3.6100266640327336,0.9932295250574956,0.999874338939821,9.15162819069223e-05,0.0033222591362126,-0.0601220355516613,-0.0147432441917208,0.0702612655176589,0.0100603237775425,,,,,
intfloat/multilingual-e5-large-instruct,10.0,fr,affine,NT_minus_TN,4.0,3.92280872982118,0.9920674698143986,0.999878527962932,8.882222557984672e-05,0.0033222591362126,-0.076874951975107,-0.0149459227023112,0.0134473929523342,0.0852191486590791,,,,,
intfloat/multilingual-e5-large-instruct,10.0,fr,affine,QM_minus_MQ,4.0,2.5647868433835987,0.985574408149252,0.9998755876770786,8.684718590558271e-05,0.0033222591362126,-0.0033022076878992,-0.1064004227887609,0.054039823548328,0.0494655170624828,,,,,
intfloat/multilingual-e5-large-instruct,10.0,fr,affine,QT_minus_TQ,4.0,2.6738288761780007,0.9873951864896195,0.9998749862052492,8.612244650455708e-05,0.0033222591362126,0.0093853975297431,-0.1081315179742059,0.02642585077672,0.0688296606664335,,,,,
intfloat/multilingual-e5-large-instruct,10.0,fr,affine,MT_minus_TM,4.0,2.4986298187634253,0.9965067618532908,0.9998815461459256,8.525163902507723e-05,0.0033222591362126,0.010014128184814,0.0241154329412253,0.0243078699783647,-0.0518382887367252,,,,,
intfloat/multilingual-e5-large-instruct,10.0,de,linear,NQ_minus_QN,4.0,3.841158412829366,0.9823949097530874,0.9998736791001804,8.119328104655335e-05,0.0033222591362126,-0.119663563858401,0.1029678709799888,0.0174733981678171,0.003377914863051,,,,,
intfloat/multilingual-e5-large-instruct,10.0,de,linear,NM_minus_MN,4.0,3.6434931804775945,0.9876208727475666,0.9998786632533174,8.92749795924026e-05,0.0033222591362126,-0.0984699745399057,0.0152472629294325,0.053967916011389,0.0364052296111465,,,,,
intfloat/multilingual-e5-large-instruct,10.0,de,linear,NT_minus_TN,4.0,3.9259125070265815,0.9882698973510098,0.9998712589652432,8.699049238250546e-05,0.0033222591362126,-0.1020087925078353,0.0179171001059359,0.0042289313310762,0.0855124775881848,,,,,
intfloat/multilingual-e5-large-instruct,10.0,de,linear,QM_minus_MQ,4.0,2.6232752298980984,0.9893801072815736,0.9998869489057862,8.134829178188757e-05,0.0033222591362126,0.0088659825104545,-0.0934419596391203,0.0395601401510792,0.0439165212022338,,,,,
intfloat/multilingual-e5-large-instruct,10.0,de,linear,QT_minus_TQ,4.0,2.658531682932688,0.9889553424488848,0.9998694433610652,8.671554473363432e-05,0.0033222591362126,0.0130502199326929,-0.0958754218429758,0.0149249102246501,0.0666281983760777,,,,,
intfloat/multilingual-e5-large-instruct,10.0,de,linear,MT_minus_TM,4.0,2.5434160445672904,0.9979888893849844,0.9998796831473402,8.74883395043625e-05,0.0033222591362126,0.0030161928857731,0.0153779749780231,0.0249650196935912,-0.0399469888727109,,,,,
intfloat/multilingual-e5-large-instruct,10.0,de,affine,NQ_minus_QN,4.0,3.812849144589513,0.9796755832767704,0.9998750673907094,8.792233713028914e-05,0.0033222591362126,-0.1288428745726161,0.1167014551155071,0.0178617888091195,0.0023188267018288,,,,,
intfloat/multilingual-e5-large-instruct,10.0,de,affine,NM_minus_MN,4.0,3.6332112967891086,0.9879431317913904,0.9998787377763168,8.749045727605234e-05,0.0033222591362126,-0.0980861496792991,0.016311650473948,0.0510091405346428,0.0349493431724002,,,,,
intfloat/multilingual-e5-large-instruct,10.0,de,affine,NT_minus_TN,4.0,3.876066564744776,0.988673784782038,0.999873367650236,9.301091632558149e-05,0.0033222591362126,-0.0992633305180451,0.008211879837435,0.0083614404024362,0.0860086689518521,,,,,
intfloat/multilingual-e5-large-instruct,10.0,de,affine,QM_minus_MQ,4.0,2.580516609062941,0.9884381709309566,0.9998766982909312,8.903643370247043e-05,0.0033222591362126,0.0039720909388519,-0.0988329097556024,0.0427452788698449,0.0512917283561531,,,,,
intfloat/multilingual-e5-large-instruct,10.0,de,affine,QT_minus_TQ,4.0,2.605825124295816,0.9874524879839868,0.9998823018051156,8.548222269595924e-05,0.0033222591362126,0.0044838034693559,-0.1000636975231281,0.0111378200096866,0.0841951354922073,,,,,
intfloat/multilingual-e5-large-instruct,10.0,de,affine,MT_minus_TM,4.0,2.499268970996331,0.997923825437678,0.9998814390847336,7.504029656093469e-05,0.0033222591362126,0.0046864438674077,0.0154257406115928,0.0241410993627221,-0.0411156288973752,,,,,
intfloat/multilingual-e5-large-instruct,10.0,ru,linear,NQ_minus_QN,4.0,3.901188746900933,0.9910674002333016,0.9998769639388444,8.667091460799815e-05,0.0033222591362126,-0.082262999613585,0.0947266862598696,0.0169461536777085,-0.0186185502087951,,,,,
intfloat/multilingual-e5-large-instruct,10.0,ru,linear,NM_minus_MN,4.0,3.407012017901689,0.991119563829091,0.9998797213963704,8.630148163524078e-05,0.0033222591362126,-0.0758705886172661,0.0054763601119423,0.0668184781301952,0.016959185358845,,,,,
intfloat/multilingual-e5-large-instruct,10.0,ru,linear,NT_minus_TN,4.0,3.64793523731081,0.985053788898308,0.9998665007990182,9.604135548465193e-05,0.0033222591362126,-0.103868111279188,-0.0133113208490846,0.0259748294884005,0.1069926786966457,,,,,
intfloat/multilingual-e5-large-instruct,10.0,ru,linear,QM_minus_MQ,4.0,2.507441285737664,0.9901865596061769,0.9998760523105203,8.766382183942315e-05,0.0033222591362126,-0.0141988177034957,-0.0751720534882826,0.049013209444276,0.0496515423727066,,,,,
intfloat/multilingual-e5-large-instruct,10.0,ru,linear,QT_minus_TQ,4.0,2.6190351488881585,0.9872841744095112,0.9998807213826644,8.427154301923869e-05,0.0033222591362126,0.005779403920012,-0.1024293477600137,0.0280800734754024,0.0699925112050094,,,,,
intfloat/multilingual-e5-large-instruct,10.0,ru,linear,MT_minus_TM,4.0,2.427729537398672,0.9961315619403842,0.9998698487532296,9.03310771518414e-05,0.0033222591362126,0.0143326444896252,0.0066330333232214,0.0336600696280776,-0.0526550826111963,,,,,
intfloat/multilingual-e5-large-instruct,10.0,ru,affine,NQ_minus_QN,4.0,3.8236475743581098,0.9876289342452588,0.9998819310820944,8.331747500805678e-05,0.0033222591362126,-0.0946016126861737,0.1202238195789914,0.0114434846891511,-0.0250920223686418,,,,,
intfloat/multilingual-e5-large-instruct,10.0,ru,affine,NM_minus_MN,4.0,3.38926354289689,0.9919805816449712,0.999881505605846,7.783481027106877e-05,0.0033222591362126,-0.0739674356421624,0.0087796233215212,0.0592215158928511,0.0165284665173264,,,,,
intfloat/multilingual-e5-large-instruct,10.0,ru,affine,NT_minus_TN,4.0,3.591224890318621,0.987664668601258,0.9998784726227504,9.070966672016125e-05,0.0033222591362126,-0.0913348502298957,-0.0237150080292532,0.0288874081789612,0.0986794827615783,,,,,
intfloat/multilingual-e5-large-instruct,10.0,ru,affine,QM_minus_MQ,4.0,2.4879848435505685,0.988741997050276,0.9998747633530408,8.315874209018816e-05,0.0033222591362126,-0.0146761663367233,-0.084488628820335,0.0513779342782449,0.0559229659063956,,,,,
intfloat/multilingual-e5-large-instruct,10.0,ru,affine,QT_minus_TQ,4.0,2.5750858827161736,0.9856479510115432,0.9998810507120816,9.285454189014716e-05,0.0033222591362126,-0.0009242661760279,-0.10815439407746,0.0259977004215964,0.084661414013086,,,,,
intfloat/multilingual-e5-large-instruct,10.0,ru,affine,MT_minus_TM,4.0,2.422796390878014,0.9955042084942378,0.9998735794930066,9.52675904168816e-05,0.0033222591362126,0.0154408751827185,0.0068019196259727,0.0366214075646771,-0.0570609118995099,,,,,
intfloat/multilingual-e5-large-instruct,10.0,zh,linear,NQ_minus_QN,4.0,3.86287447930652,0.9812041323015064,0.999876483207094,8.18743366394368e-05,0.0033222591362126,-0.1200275029607923,0.1205532661207572,0.0195183521706718,-0.0077346981392098,,,,,
intfloat/multilingual-e5-large-instruct,10.0,zh,linear,NM_minus_MN,4.0,3.6528480601588336,0.9897859199355084,0.9998891989823931,7.742933461446136e-05,0.0033222591362126,-0.0886429353177254,0.0077330924825605,0.0510438180595565,0.0347938829881527,,,,,
intfloat/multilingual-e5-large-instruct,10.0,zh,linear,NT_minus_TN,4.0,4.009549692446198,0.9851520187772774,0.9998827503874168,8.901540265512815e-05,0.0033222591362126,-0.1144229076240568,0.007799155255483,0.0144176034999339,0.107726218031614,,,,,
intfloat/multilingual-e5-large-instruct,10.0,zh,linear,QM_minus_MQ,4.0,2.651384663718909,0.9901637694575428,0.9998857801148598,7.925304895108838e-05,0.0033222591362126,0.0038702950334002,-0.0902786412598011,0.0419689598401801,0.0431349541264134,,,,,
intfloat/multilingual-e5-large-instruct,10.0,zh,linear,QT_minus_TQ,4.0,2.697419834864484,0.9858798209258498,0.9998860456580652,7.913844583675067e-05,0.0033222591362126,0.0171004913390509,-0.1127614775680322,0.0305312577621755,0.0647630125026826,,,,,
intfloat/multilingual-e5-large-instruct,10.0,zh,linear,MT_minus_TM,4.0,2.62832369038551,0.9971203225780716,0.9998747052505376,8.597355965603705e-05,0.0033222591362126,0.0075537020557721,0.0207782613123848,0.0267975522164182,-0.0487872736268349,,,,,
intfloat/multilingual-e5-large-instruct,10.0,zh,affine,NQ_minus_QN,4.0,3.8041284586544,0.9775067783722642,0.999885983559938,8.506475564465157e-05,0.0033222591362126,-0.1325146571687509,0.1366304672871964,0.013385771509751,-0.0044506970418331,,,,,
intfloat/multilingual-e5-large-instruct,10.0,zh,affine,NM_minus_MN,4.0,3.663848349051439,0.99030863819087,0.9998799738204752,8.1671023222959e-05,0.0033222591362126,-0.0883890885134653,0.0093293994685518,0.0433604537598106,0.0368132485949522,,,,,
intfloat/multilingual-e5-large-instruct,10.0,zh,affine,NT_minus_TN,4.0,3.9490448215428224,0.987491874504707,0.9998688805312694,9.287051228562364e-05,0.0033222591362126,-0.1034082571316813,-0.0035073317165316,0.0186238696256221,0.0999488907301869,,,,,
intfloat/multilingual-e5-large-instruct,10.0,zh,affine,QM_minus_MQ,4.0,2.62143181904037,0.9891418978642976,0.999869369372648,8.785744096012735e-05,0.0033222591362126,0.0022528638727717,-0.0980924758470239,0.0451698439520202,0.0487852256596608,,,,,
intfloat/multilingual-e5-large-instruct,10.0,zh,affine,QT_minus_TQ,4.0,2.628658146985177,0.986002803057084,0.9998850010062368,8.127857581115145e-05,0.0033222591362126,0.0075897561792665,-0.1129495871623029,0.0305409601242345,0.0749817152388526,,,,,
intfloat/multilingual-e5-large-instruct,10.0,zh,affine,MT_minus_TM,4.0,2.601200641179202,0.9959610189340964,0.9998812746507232,8.069868009301445e-05,0.0033222591362126,0.0091777527343744,0.0228927518976511,0.0325050560455116,-0.0584304344747384,,,,,
intfloat/multilingual-e5-large-instruct,10.0,ar,linear,NQ_minus_QN,4.0,4.066346595166928,0.99294082698227,0.9998854645555622,8.219568596211368e-05,0.0033222591362126,-0.0744096580574646,0.0746456910714078,0.0104637682059318,-0.0014018739427549,,,,,
intfloat/multilingual-e5-large-instruct,10.0,ar,linear,NM_minus_MN,4.0,3.524987069087812,0.9962632466528452,0.999883010689433,8.94656480892837e-05,0.0033222591362126,-0.0439344613825101,-0.0007437061451208,0.0484188767048305,0.0063481157418396,,,,,
intfloat/multilingual-e5-large-instruct,10.0,ar,linear,NT_minus_TN,4.0,4.092510110397072,0.9890575134844768,0.9998755443168508,8.130345887985174e-05,0.0033222591362126,-0.0920793426400479,0.0038715046398391,0.0001508492966796,0.0969581911417258,,,,,
intfloat/multilingual-e5-large-instruct,10.0,ar,linear,QM_minus_MQ,4.0,2.5111041851280875,0.995407882171969,0.99988362869695,7.999102478983849e-05,0.0033222591362126,-0.0021403051730785,-0.0548419904732771,0.0337119238774399,0.027550355827842,,,,,
intfloat/multilingual-e5-large-instruct,10.0,ar,linear,QT_minus_TQ,4.0,2.695708079924529,0.994530670249149,0.9998821634519997,8.507738102470565e-05,0.0033222591362126,0.0098626654335241,-0.0702823483082576,0.0237858456727045,0.0325140835862866,,,,,
intfloat/multilingual-e5-large-instruct,10.0,ar,linear,MT_minus_TM,4.0,2.505751905934203,0.9915376126053932,0.9998822920005728,8.668575702548344e-05,0.0033222591362126,0.0052640409708417,0.0263618747781956,0.0474500301903681,-0.0782162382954065,,,,,
intfloat/multilingual-e5-large-instruct,10.0,ar,affine,NQ_minus_QN,4.0,4.005445129407879,0.9904974860225236,0.9998806997176898,8.615393639828245e-05,0.0033222591362126,-0.0873467499002818,0.0869852148929428,0.0067619794795241,0.0043327187516333,,,,,
intfloat/multilingual-e5-large-instruct,10.0,ar,affine,NM_minus_MN,4.0,3.4959657505968487,0.9965260182839278,0.9998839689882484,7.981796540312972e-05,0.0033222591362126,-0.0438773301367383,0.0017201803316418,0.0431180139288319,0.006652770892711,,,,,
intfloat/multilingual-e5-large-instruct,10.0,ar,affine,NT_minus_TN,4.0,4.008376524776628,0.9914172317772204,0.9998765041033948,8.124053661869662e-05,0.0033222591362126,-0.0793067123461736,-0.0105192282960161,0.0080818949477397,0.0875937989078865,,,,,
intfloat/multilingual-e5-large-instruct,10.0,ar,affine,QM_minus_MQ,4.0,2.480660144040146,0.9949072656267394,0.9998806358540306,9.239310470233668e-05,0.0033222591362126,-0.0057451831503789,-0.0573855233253507,0.0364815535266902,0.03202255072142,,,,,
intfloat/multilingual-e5-large-instruct,10.0,ar,affine,QT_minus_TQ,4.0,2.640407282264055,0.9951905553623324,0.999877796817924,8.61948573029183e-05,0.0033222591362126,0.0003722461882007,-0.0649823265986766,0.0213467608677915,0.041068084106755,,,,,
intfloat/multilingual-e5-large-instruct,10.0,ar,affine,MT_minus_TM,4.0,2.481451932454461,0.989244011103353,0.9998725214101128,8.530963864335605e-05,0.0033222591362126,0.0067565467259541,0.0275832432862329,0.0539845340362069,-0.0882008701566139,,,,,
intfloat/multilingual-e5-large-instruct,100.0,en,linear,NQ_minus_QN,4.0,1.8665638772629556,0.8577952642576441,0.9998739203015324,8.986600371539488e-05,0.0033222591362126,-0.2969897237108378,0.2826782232042379,0.0136637823704321,0.0082063464890494,,,,,
intfloat/multilingual-e5-large-instruct,100.0,en,linear,NM_minus_MN,4.0,1.7240227618205948,0.8374404042894776,0.9998802169851714,8.301228760849075e-05,0.0033222591362126,-0.2929981078816083,0.0207886239114145,0.2732063503997332,0.0124668892793987,,,,,
intfloat/multilingual-e5-large-instruct,100.0,en,linear,NT_minus_TN,4.0,1.671758534598218,0.8302454109266798,0.9998816017682632,9.015714508366004e-05,0.0033222591362126,-0.3192404875254244,0.0323415474240958,0.0110705353350023,0.2863504091700178,,,,,
intfloat/multilingual-e5-large-instruct,100.0,en,linear,QM_minus_MQ,4.0,1.5106670048854394,0.8435313738343965,0.999875687471536,9.067780694625211e-05,0.0033222591362126,0.0123170145898023,-0.2905517782441116,0.2657538207478415,0.017748110167032,,,,,
intfloat/multilingual-e5-large-instruct,100.0,en,linear,QT_minus_TQ,4.0,1.3822466535067768,0.8472519821792106,0.9998753840871746,8.514963243019481e-05,0.0033222591362126,0.0293068478166016,-0.3057516146905922,0.0208590651696483,0.2575319789162205,,,,,
intfloat/multilingual-e5-large-instruct,100.0,en,linear,MT_minus_TM,4.0,1.195012598665346,0.874978235144756,0.9998773740482724,8.855330415050145e-05,0.0033222591362126,0.0033682145870768,0.008944563436675,-0.2570415788930562,0.241512680386939,,,,,
intfloat/multilingual-e5-large-instruct,100.0,en,affine,NQ_minus_QN,4.0,1.7982622822465308,0.8177957970942212,0.9998754464644802,8.705678099608547e-05,0.0033222591362126,-0.3485831431516426,0.3424050020752077,0.016536726740925,-0.0001536263490155,,,,,
intfloat/multilingual-e5-large-instruct,100.0,en,affine,NM_minus_MN,4.0,1.6824586580576466,0.8375622741006172,0.9998726250219508,0.000103541799437,0.0033222591362126,-0.2928366516693226,0.0023400830848926,0.2865029654468918,0.0169394894698178,,,,,
intfloat/multilingual-e5-large-instruct,100.0,en,affine,NT_minus_TN,4.0,1.596101920917414,0.8316330379781123,0.9998813347509844,9.180658366115814e-05,0.0033222591362126,-0.3162093413558371,0.0021505780184713,0.01792364842728,0.3059596892867796,,,,,
intfloat/multilingual-e5-large-instruct,100.0,en,affine,QM_minus_MQ,4.0,1.4488183047272325,0.8350757989240853,0.9998763786951168,9.10980938784378e-05,0.0033222591362126,0.0022932121614254,-0.3218163469966679,0.2847021705944648,0.0391568949820059,,,,,
intfloat/multilingual-e5-large-instruct,100.0,en,affine,QT_minus_TQ,4.0,1.281863904374943,0.8279408700442809,0.9998712852033418,9.339296714624891e-05,0.0033222591362126,0.011023477454603,-0.3349292645782135,0.005969765942687,0.3190319516895772,,,,,
intfloat/multilingual-e5-large-instruct,100.0,en,affine,MT_minus_TM,4.0,1.144040474557095,0.8821997523848475,0.9998767649053012,8.339246875837479e-05,0.0033222591362126,0.0090559098315729,0.0099633352858947,-0.2510896565793086,0.2286074868064295,,,,,
intfloat/multilingual-e5-large-instruct,100.0,es,linear,NQ_minus_QN,4.0,2.05822933219927,0.8515112779646197,0.9998754249895548,9.171856551297588e-05,0.0033222591362126,-0.3199631421738888,0.3065889067240976,0.0192807399332037,0.0018613926514804,,,,,
intfloat/multilingual-e5-large-instruct,100.0,es,linear,NM_minus_MN,4.0,1.8626845654137067,0.8195720467907229,0.999889536772071,8.17351014361106e-05,0.0033222591362126,-0.3186153924145226,0.0120858680301493,0.3004492463578796,0.020097464609336,,,,,
intfloat/multilingual-e5-large-instruct,100.0,es,linear,NT_minus_TN,4.0,1.7761425986694364,0.8311292826847703,0.9998854764928784,7.890173112463128e-05,0.0033222591362126,-0.3195331538016005,0.008988262639002,0.0166809657234892,0.3038539355113632,,,,,
intfloat/multilingual-e5-large-instruct,100.0,es,linear,QM_minus_MQ,4.0,1.6147654411053756,0.8427258384226503,0.99987117027662,9.484329715098356e-05,0.0033222591362126,0.0033724319211167,-0.309340198323342,0.2691737800426101,0.0423493629877591,,,,,
intfloat/multilingual-e5-large-instruct,100.0,es,linear,QT_minus_TQ,4.0,1.5662476455378451,0.8356955261512127,0.9998726919285804,9.343615283218878e-05,0.0033222591362126,0.026735258844283,-0.3403611743018065,0.0214790925313022,0.2943180382660205,,,,,
intfloat/multilingual-e5-large-instruct,100.0,es,linear,MT_minus_TM,4.0,1.2280252788887995,0.8706385362826414,0.9998707021176372,8.65524862902544e-05,0.0033222591362126,0.006816790377817,-0.0065577347966942,-0.2630238028809796,0.260256088444225,,,,,
intfloat/multilingual-e5-large-instruct,100.0,es,affine,NQ_minus_QN,4.0,1.9999570316520556,0.8099841529160111,0.9998819709659056,8.183637007293221e-05,0.0033222591362126,-0.3720039649705783,0.3747332646844561,0.020422462108353,-0.0128498495947834,,,,,
intfloat/multilingual-e5-large-instruct,100.0,es,affine,NM_minus_MN,4.0,1.8259149264108403,0.8177768556110891,0.9998714060603456,8.670226228098907e-05,0.0033222591362126,-0.3189705982676715,-0.0047081612310383,0.3164242034484216,0.0206054365212335,,,,,
intfloat/multilingual-e5-large-instruct,100.0,es,affine,NT_minus_TN,4.0,1.7134302883178218,0.828354725645086,0.9998772159256908,9.119482117113952e-05,0.0033222591362126,-0.3209402935596804,-0.0171634306503991,0.0266826583073451,0.320913394493195,,,,,
intfloat/multilingual-e5-large-instruct,100.0,es,affine,QM_minus_MQ,4.0,1.5551865281444937,0.8261623278550657,0.999881571187736,7.712721829928396e-05,0.0033222591362126,-0.0062659564438116,-0.3472838467103259,0.2961942394039605,0.061975486279444,,,,,
intfloat/multilingual-e5-large-instruct,100.0,es,affine,QT_minus_TQ,4.0,1.4816333157709622,0.8038021109909904,0.9998722490857394,8.948987105448941e-05,0.0033222591362126,0.0103461507064303,-0.3865828502685727,0.0068020831266478,0.3708215122368855,,,,,
intfloat/multilingual-e5-large-instruct,100.0,es,affine,MT_minus_TM,4.0,1.1723506557829997,0.8782225945490166,0.9998787033386156,8.338726939124537e-05,0.0033222591362126,0.0161255699865745,-0.006469685687417,-0.2569178442356739,0.2442881498892276,,,,,
intfloat/multilingual-e5-large-instruct,100.0,fr,linear,NQ_minus_QN,4.0,2.041671597662523,0.8498359032775902,0.9998891506150572,8.186692966932911e-05,0.0033222591362126,-0.3150815082825121,0.3072108968800819,0.0178159810649186,-0.0004768549372393,,,,,
intfloat/multilingual-e5-large-instruct,100.0,fr,linear,NM_minus_MN,4.0,1.845831547638473,0.8249814637007201,0.9998775215262768,7.616235345841813e-05,0.0033222591362126,-0.3143615405608194,0.0142635192577881,0.2854837495776339,0.0273386341994849,,,,,
intfloat/multilingual-e5-large-instruct,100.0,fr,linear,NT_minus_TN,4.0,1.766701729218108,0.8293051944762877,0.999880053964364,8.465677485880316e-05,0.0033222591362126,-0.3214436518896941,0.0111735997476538,0.0130549407545853,0.3067454671867992,,,,,
intfloat/multilingual-e5-large-instruct,100.0,fr,linear,QM_minus_MQ,4.0,1.5871989082477873,0.8400713294914257,0.9998801252666552,8.236742400964725e-05,0.0033222591362126,0.0023284864567402,-0.311239214449036,0.2615252192706486,0.050681052437512,,,,,
intfloat/multilingual-e5-large-instruct,100.0,fr,linear,QT_minus_TQ,4.0,1.5659203579649368,0.8344996887144855,0.9998700342666672,9.658779467477858e-05,0.0033222591362126,0.0327869226649165,-0.3403903061357893,0.0272499359679277,0.2801385231673249,,,,,
intfloat/multilingual-e5-large-instruct,100.0,fr,linear,MT_minus_TM,4.0,1.2424251610889696,0.8742934010376711,0.999885898991178,7.934410183309819e-05,0.0033222591362126,0.0080442102447826,-0.0083543000688802,-0.2593865260053545,0.2568746671255949,,,,,
intfloat/multilingual-e5-large-instruct,100.0,fr,affine,NQ_minus_QN,4.0,1.981302635393437,0.8078305437360845,0.9998814931178152,8.463411818500912e-05,0.0033222591362126,-0.3670694467213159,0.3738049303798538,0.0118035466992699,-0.0063653191002049,,,,,
intfloat/multilingual-e5-large-instruct,100.0,fr,affine,NM_minus_MN,4.0,1.8075747451023336,0.8240508796138962,0.999866131090074,0.0001002122170888,0.0033222591362126,-0.3142883796752292,-0.0035870678295952,0.3032984888988739,0.0266966081847141,,,,,
intfloat/multilingual-e5-large-instruct,100.0,fr,affine,NT_minus_TN,4.0,1.698020059778926,0.8285903849570618,0.9998720187927164,9.396749936392557e-05,0.0033222591362126,-0.3211183866706911,-0.0165263863501824,0.0219560021512579,0.3245019208999344,,,,,
intfloat/multilingual-e5-large-instruct,100.0,fr,affine,QM_minus_MQ,4.0,1.5411751978688966,0.8230667627286221,0.999878814834954,8.08651994252097e-05,0.0033222591362126,-0.0056236415059913,-0.3515119820523987,0.2913287702278745,0.0680084191136674,,,,,
intfloat/multilingual-e5-large-instruct,100.0,fr,affine,QT_minus_TQ,4.0,1.4894330890567922,0.8037639480260292,0.9998784220618444,7.56177741861007e-05,0.0033222591362126,0.0141773502551227,-0.3860735844608321,0.0161201652251155,0.3545061564505614,,,,,
intfloat/multilingual-e5-large-instruct,100.0,fr,affine,MT_minus_TM,4.0,1.1803514323116866,0.8842648774453472,0.9998851305971932,8.485487040949834e-05,0.0033222591362126,0.0162745365690066,-0.0071524703324961,-0.2497908509949827,0.2376615378287373,,,,,
intfloat/multilingual-e5-large-instruct,100.0,de,linear,NQ_minus_QN,4.0,1.9887239793756564,0.8420050806141284,0.9998721729765236,8.381450900690387e-05,0.0033222591362126,-0.3228758481017076,0.30739405202099,0.0139522719594289,0.0100196343457325,,,,,
intfloat/multilingual-e5-large-instruct,100.0,de,linear,NM_minus_MN,4.0,1.8453407572314813,0.8133691764537071,0.9998733840928812,8.416182728576288e-05,0.0033222591362126,-0.3371371651160947,0.0340533675326115,0.2876805368831079,0.0287771466555204,,,,,
intfloat/multilingual-e5-large-instruct,100.0,de,linear,NT_minus_TN,4.0,1.7397641725099653,0.8251256723439964,0.9998873049349016,8.181728114253503e-05,0.0033222591362126,-0.3302352672573049,0.0300398554760347,0.0110177029860519,0.2981886748075831,,,,,
intfloat/multilingual-e5-large-instruct,100.0,de,linear,QM_minus_MQ,4.0,1.5816609975442686,0.8379836440369907,0.9998843074148864,8.25770110683776e-05,0.0033222591362126,0.0143275578196446,-0.3175759697246781,0.2699433339434738,0.0368056033833992,,,,,
intfloat/multilingual-e5-large-instruct,100.0,de,linear,QT_minus_TQ,4.0,1.53376897659102,0.8306323013131283,0.9998771875137245,8.881330530105731e-05,0.0033222591362126,0.0351153167416114,-0.3412393040032563,0.0165018315205595,0.288861094658486,,,,,
intfloat/multilingual-e5-large-instruct,100.0,de,linear,MT_minus_TM,4.0,1.2180651932121624,0.8714302817390768,0.9998729726393312,9.32224376563785e-05,0.0033222591362126,0.0052619028424986,-0.0070160647569356,-0.2633060967575606,0.2618393558319904,,,,,
intfloat/multilingual-e5-large-instruct,100.0,de,affine,NQ_minus_QN,4.0,1.9455100513973411,0.8059088646612877,0.999873131297175,8.839704024198074e-05,0.0033222591362126,-0.3722150723017458,0.367415953248708,0.0169332391726727,-0.0007949127757412,,,,,
intfloat/multilingual-e5-large-instruct,100.0,de,affine,NM_minus_MN,4.0,1.7879657110334288,0.8114314051345505,0.999876557443319,9.191812568464966e-05,0.0033222591362126,-0.3372406475829519,0.0103318035044692,0.3082309065233658,0.0314154960670645,,,,,
intfloat/multilingual-e5-large-instruct,100.0,de,affine,NT_minus_TN,4.0,1.6699672692724057,0.81808376811776,0.9998734444442124,8.577325042877561e-05,0.0033222591362126,-0.3349498122896405,-0.0084387595531386,0.0171233493147334,0.3348464586325308,,,,,
intfloat/multilingual-e5-large-instruct,100.0,de,affine,QM_minus_MQ,4.0,1.5080194160423277,0.8314286034603221,0.9998731517556332,8.78580753573295e-05,0.0033222591362126,-0.0056485301599596,-0.3373824523134831,0.2880278694936056,0.0578587194982337,,,,,
intfloat/multilingual-e5-large-instruct,100.0,de,affine,QT_minus_TQ,4.0,1.452238166626478,0.8095798945390571,0.9998781106175364,8.22746162424581e-05,0.0033222591362126,0.0099834868480189,-0.3715782357658863,0.0021808479572436,0.3581384876928665,,,,,
intfloat/multilingual-e5-large-instruct,100.0,de,affine,MT_minus_TM,4.0,1.1556384273399738,0.8798675351318582,0.9998821267008202,7.876034585011539e-05,0.0033222591362126,0.0140015837353701,-0.0086049332501496,-0.2536394557505925,0.2447359612298618,,,,,
intfloat/multilingual-e5-large-instruct,100.0,ru,linear,NQ_minus_QN,4.0,1.9538114721859303,0.8599419395349398,0.9998780500455146,9.127230758652532e-05,0.0033222591362126,-0.2964389689811336,0.3120206434340695,0.0174935982405819,-0.0243291202379128,,,,,
intfloat/multilingual-e5-large-instruct,100.0,ru,linear,NM_minus_MN,4.0,1.750240047984886,0.8196512377576723,0.9998793645633614,9.114053557450191e-05,0.0033222591362126,-0.3119645055186026,0.0160345075289439,0.2969392372392236,0.0121095363381681,,,,,
intfloat/multilingual-e5-large-instruct,100.0,ru,linear,NT_minus_TN,4.0,1.6831659036584856,0.831234827561991,0.9998803927685704,8.726129629164087e-05,0.0033222591362126,-0.3156852778410366,0.0145748005968649,0.0233564746441364,0.2878452213642309,,,,,
intfloat/multilingual-e5-large-instruct,100.0,ru,linear,QM_minus_MQ,4.0,1.518663606640518,0.8322401070849824,0.9998829312081604,8.19112188238307e-05,0.0033222591362126,0.0077897111735272,-0.3196209030856629,0.2833054731548704,0.0328916827476101,,,,,
intfloat/multilingual-e5-large-instruct,100.0,ru,linear,QT_minus_TQ,4.0,1.5178074918031834,0.8285744810042986,0.999877807522265,8.765459769257702e-05,0.0033222591362126,0.0311190366882275,-0.3521241675843869,0.0372315979613446,0.2844801670614816,,,,,
intfloat/multilingual-e5-large-instruct,100.0,ru,linear,MT_minus_TM,4.0,1.128300465293906,0.8627344030882228,0.99986740118759,9.5763198410324e-05,0.0033222591362126,0.0058318916624864,-0.0054258960569084,-0.2702731663862196,0.2672835872095596,,,,,
intfloat/multilingual-e5-large-instruct,100.0,ru,affine,NQ_minus_QN,4.0,1.887161732602373,0.8084184156434686,0.9998788978956868,7.723429682881263e-05,0.0033222591362126,-0.3579454400401497,0.396267660057652,0.0135694215827373,-0.0403914412753297,,,,,
intfloat/multilingual-e5-large-instruct,100.0,ru,affine,NM_minus_MN,4.0,1.7109129875184763,0.8217328260451617,0.9998715015561136,9.118558099425068e-05,0.0033222591362126,-0.3107650624826688,-0.0077838350280918,0.3171882579839514,0.0138937505446665,,,,,
intfloat/multilingual-e5-large-instruct,100.0,ru,affine,NT_minus_TN,4.0,1.6072165447481377,0.8359119220152107,0.9998726955935904,9.110920210717526e-05,0.0033222591362126,-0.3081756618769837,-0.023457314279294,0.0312164474043145,0.3096061622046414,,,,,
intfloat/multilingual-e5-large-instruct,100.0,ru,affine,QM_minus_MQ,4.0,1.475111937953386,0.8104758652125283,0.9998858528562642,7.912314313225646e-05,0.0033222591362126,-0.0017136837212575,-0.3686259333991082,0.3184728609639388,0.0553899621485424,,,,,
intfloat/multilingual-e5-large-instruct,100.0,ru,affine,QT_minus_TQ,4.0,1.4368428077171476,0.7921274108229511,0.9998756856810026,8.488221583061546e-05,0.0033222591362126,0.0117999877723728,-0.4023573382770846,0.0198329952527909,0.3705861719320009,,,,,
intfloat/multilingual-e5-large-instruct,100.0,ru,affine,MT_minus_TM,4.0,1.0716321083455884,0.8721081098624036,0.9998803938781862,8.523881008305008e-05,0.0033222591362126,0.0113225269270124,-0.0067094294505035,-0.2615517434198187,0.2543093409995801,,,,,
intfloat/multilingual-e5-large-instruct,100.0,zh,linear,NQ_minus_QN,4.0,2.0279126962904166,0.8416231905548661,0.9998682552167532,9.10474996756792e-05,0.0033222591362126,-0.3201335809854392,0.314253225367828,0.0095481726834806,0.0030660311152282,,,,,
intfloat/multilingual-e5-large-instruct,100.0,zh,linear,NM_minus_MN,4.0,1.834066457183572,0.8218557278225203,0.999889450919311,7.694740040846324e-05,0.0033222591362126,-0.3145492079873304,0.0100758903533268,0.2856827627733426,0.0321304699413338,,,,,
intfloat/multilingual-e5-large-instruct,100.0,zh,linear,NT_minus_TN,4.0,1.7873942731428432,0.8180445736142937,0.9998759199584512,8.73593170656601e-05,0.0033222591362126,-0.3365015612124017,0.0182377835645543,0.0146210958736932,0.3133276147291618,,,,,
intfloat/multilingual-e5-large-instruct,100.0,zh,linear,QM_minus_MQ,4.0,1.615652646388506,0.8289752245111726,0.9998794218194252,8.70233053505582e-05,0.0033222591362126,0.0091206809232116,-0.3255046464910725,0.2845821650242277,0.0388073619761767,,,,,
intfloat/multilingual-e5-large-instruct,100.0,zh,linear,QT_minus_TQ,4.0,1.578664584887179,0.8246773797964889,0.9998800418688726,8.474551378157766e-05,0.0033222591362126,0.0285271284539674,-0.3552570666610745,0.0358550282866949,0.2933684901376805,,,,,
intfloat/multilingual-e5-large-instruct,100.0,zh,linear,MT_minus_TM,4.0,1.2574615918330283,0.8664507796682333,0.999876452186184,8.749920163668662e-05,0.0033222591362126,0.0023185222027453,-0.0004278739619441,-0.2717435161643433,0.2659592712227698,,,,,
intfloat/multilingual-e5-large-instruct,100.0,zh,affine,NQ_minus_QN,4.0,1.9562154616760763,0.7950513328417989,0.9998768276448418,9.38617209245742e-05,0.0033222591362126,-0.3758561306100566,0.3832173025232664,0.0048573960481816,-0.0030536883013214,,,,,
intfloat/multilingual-e5-large-instruct,100.0,zh,affine,NM_minus_MN,4.0,1.794683039688698,0.8199854054306627,0.9998759636519052,8.236553089249236e-05,0.0033222591362126,-0.3155861789748338,-0.011516084545894,0.3010175134868906,0.0388453682852038,,,,,
intfloat/multilingual-e5-large-instruct,100.0,zh,affine,NT_minus_TN,4.0,1.709042900146544,0.8136810033391106,0.9998739940873308,8.524328136695481e-05,0.0033222591362126,-0.3376367294953745,-0.0144516715398436,0.0239549454932251,0.3372630125113653,,,,,
intfloat/multilingual-e5-large-instruct,100.0,zh,affine,QM_minus_MQ,4.0,1.554980714413469,0.812559132973215,0.9998770225396488,9.327448997458304e-05,0.0033222591362126,-0.0006728570737164,-0.365144154103406,0.311826915709469,0.060267920044713,,,,,
intfloat/multilingual-e5-large-instruct,100.0,zh,affine,QT_minus_TQ,4.0,1.4799722407759877,0.7937865182777569,0.9998794270708684,8.133556475522359e-05,0.0033222591362126,0.0076795502223868,-0.3988204606457899,0.0225852967296711,0.3702391691568355,,,,,
intfloat/multilingual-e5-large-instruct,100.0,zh,affine,MT_minus_TM,4.0,1.1959047002042502,0.8758342081934932,0.9998867273997296,7.929634850426803e-05,0.0033222591362126,0.0084971568576275,0.0022111026499858,-0.2633667894758008,0.2484584439243531,,,,,
intfloat/multilingual-e5-large-instruct,100.0,ar,linear,NQ_minus_QN,4.0,1.988508325366205,0.858002819288107,0.9998827673198666,8.294144978362275e-05,0.0033222591362126,-0.2931488799255495,0.3100837559317471,0.0106410071667579,-0.0190871382616192,,,,,
intfloat/multilingual-e5-large-instruct,100.0,ar,linear,NM_minus_MN,4.0,1.7733620828253496,0.8356530697640066,0.9998843924441938,7.902142961950279e-05,0.0033222591362126,-0.2946558475070168,0.0249216880720558,0.2709344746453071,0.0118443784941161,,,,,
intfloat/multilingual-e5-large-instruct,100.0,ar,linear,NT_minus_TN,4.0,1.770686730813342,0.8344521899540391,0.9998775375463812,8.983536456530985e-05,0.0033222591362126,-0.3142517456400837,0.0230838477568622,0.0114378050150677,0.2892377940882261,,,,,
intfloat/multilingual-e5-large-instruct,100.0,ar,linear,QM_minus_MQ,4.0,1.4873091303919057,0.8442357087980858,0.9998849846003668,8.114735336179757e-05,0.0033222591362126,0.0167796755809208,-0.3114006534077834,0.2517900086995192,0.0464475506632233,,,,,
intfloat/multilingual-e5-large-instruct,100.0,ar,linear,QT_minus_TQ,4.0,1.5209980165593593,0.8374110217408881,0.9998752544332996,8.896828256788205e-05,0.0033222591362126,0.0370912707641459,-0.3477395103271075,0.0365347835053743,0.2738735155544456,,,,,
intfloat/multilingual-e5-large-instruct,100.0,ar,linear,MT_minus_TM,4.0,1.1515697217607834,0.8836929917547416,0.9998800139645516,7.857683899818104e-05,0.0033222591362126,0.0052029798868716,-0.0075899101908274,-0.2422249686576876,0.2416409213752336,,,,,
intfloat/multilingual-e5-large-instruct,100.0,ar,affine,NQ_minus_QN,4.0,1.917075956407377,0.8177854701193221,0.9998782038076623,8.52479236281572e-05,0.0033222591362126,-0.3454336811868359,0.3700335303312916,0.011667249673036,-0.0252408122961924,,,,,
intfloat/multilingual-e5-large-instruct,100.0,ar,affine,NM_minus_MN,4.0,1.7056476571863093,0.8405731569248595,0.9998796558166888,8.037156355725225e-05,0.0033222591362126,-0.2875328564584965,0.002127752065578,0.2833943362249944,0.0141156830848909,,,,,
intfloat/multilingual-e5-large-instruct,100.0,ar,affine,NT_minus_TN,4.0,1.668130130376137,0.8390443489265845,0.9998728579899664,8.604587346993903e-05,0.0033222591362126,-0.3041604656043222,-0.0172845216008993,0.024257188250329,0.3055988946817011,,,,,
intfloat/multilingual-e5-large-instruct,100.0,ar,affine,QM_minus_MQ,4.0,1.418384286751117,0.8344934569992357,0.999876773838956,8.218041187626076e-05,0.0033222591362126,-0.0001109296242326,-0.3391873931128258,0.2792311778932055,0.0633851181711681,,,,,
intfloat/multilingual-e5-large-instruct,100.0,ar,affine,QT_minus_TQ,4.0,1.4235322685592091,0.8124904565946309,0.9998807896273476,8.78331279151228e-05,0.0033222591362126,0.0104715652089293,-0.3809784222199252,0.0154564200535471,0.3546937937281075,,,,,
intfloat/multilingual-e5-large-instruct,100.0,ar,affine,MT_minus_TM,4.0,1.071287355408994,0.9003580494146545,0.9998743717486666,8.594030688103355e-05,0.0033222591362126,0.0117013849789921,-0.010487892484991,-0.2218958521577408,0.2175313720724077,,,,,
intfloat/multilingual-e5-large,0.1,en,linear,NQ_minus_QN,4.0,13.203034575789273,0.9978960529312676,0.999878122185302,9.057045128117536e-05,0.0033222591362126,-0.0508468186026351,0.061122862408058,0.0539071701510861,-0.0354707015158408,,,,,
intfloat/multilingual-e5-large,0.1,en,linear,NM_minus_MN,4.0,12.996083081763125,0.9988762823920976,0.9998792165009222,8.087010839618407e-05,0.0033222591362126,0.0344910616698418,-0.0045840951526125,0.0193662070843018,0.0314369813219888,,,,,
intfloat/multilingual-e5-large,0.1,en,linear,NT_minus_TN,4.0,15.267796042766076,0.9894131803944216,0.999878221391066,8.48459487914993e-05,0.0033222591362126,-0.1234193142481085,-0.0717995601789853,0.0772012538725145,0.2205070773290071,,,,,
intfloat/multilingual-e5-large,0.1,en,linear,QM_minus_MQ,4.0,10.298960046746322,0.9972295477007732,0.9998775052705198,8.370113693771994e-05,0.0033222591362126,-0.025027773457067,-0.0381119470834772,0.065115970159089,0.0458349145351866,,,,,
intfloat/multilingual-e5-large,0.1,en,linear,QT_minus_TQ,4.0,9.616173693228257,0.9967330020586403,0.9998767083138286,8.528755734890658e-05,0.0033222591362126,-0.0137770427654161,-0.053408166132067,0.0048561929507353,0.08474145284602,,,,,
intfloat/multilingual-e5-large,0.1,en,linear,MT_minus_TM,4.0,10.208024538424931,0.992724311603083,0.9998836275137624,8.36821382811067e-05,0.0033222591362126,0.0321729006055167,0.0401939497841519,0.0738023603605855,-0.1345037925719833,,,,,
intfloat/multilingual-e5-large,0.1,en,affine,NQ_minus_QN,4.0,13.505429694080936,0.9980842898673248,0.9998788515630772,9.32558135024862e-05,0.0033222591362126,-0.0524144962643731,0.0426498964515718,0.0625373733732211,-0.0275151861102744,,,,,
intfloat/multilingual-e5-large,0.1,en,affine,NM_minus_MN,4.0,13.52102966159396,0.9982801243985664,0.9998745954227792,9.034875215619632e-05,0.0033222591362126,0.0471817989984658,-0.0045699473579929,0.0345701805239258,0.02717056738463,,,,,
intfloat/multilingual-e5-large,0.1,en,affine,NT_minus_TN,4.0,15.931353223327225,0.9893232829914546,0.9998806656583124,8.411509173986864e-05,0.0033222591362126,-0.1276618360480165,-0.0625637468393427,0.0740306363468031,0.233322948613477,,,,,
intfloat/multilingual-e5-large,0.1,en,affine,QM_minus_MQ,4.0,10.513257303205071,0.9975544582668584,0.99987447647188,8.904165737251392e-05,0.0033222591362126,-0.0177776279388476,-0.0411911205176904,0.0618249753708512,0.0429524643693457,,,,,
intfloat/multilingual-e5-large,0.1,en,affine,QT_minus_TQ,4.0,9.546257283949734,0.9974941906070278,0.9998761779720065,9.407434893558548e-05,0.0033222591362126,-0.0104179212332193,-0.0324819423216665,-0.0003202213547852,0.0782484201069768,,,,,
intfloat/multilingual-e5-large,0.1,en,affine,MT_minus_TM,4.0,10.354762427875515,0.994987724959979,0.9998873315087784,7.509133813304093e-05,0.0033222591362126,0.0165686721992821,0.0377519172182351,0.0625354416203126,-0.1114123775306065,,,,,
intfloat/multilingual-e5-large,0.1,es,linear,NQ_minus_QN,4.0,14.708904212039698,0.9983589472132688,0.9998773807248184,8.257246344117681e-05,0.0033222591362126,0.0400449445427105,-0.0136549218511275,0.0765661686365194,-0.0600237283880338,,,,,
intfloat/multilingual-e5-large,0.1,es,linear,NM_minus_MN,4.0,13.257381615701975,0.996589943356164,0.9998834057141456,8.660570389565162e-05,0.0033222591362126,0.053176399267248,-0.0182666120814889,0.0372938299730222,0.0679638850277726,,,,,
intfloat/multilingual-e5-large,0.1,es,linear,NT_minus_TN,4.0,15.68798833427425,0.9929363259079876,0.9998801447459004,8.511570077742613e-05,0.0033222591362126,-0.0833757088405201,-0.0448482806852047,0.0835537139023228,0.1842783317171936,,,,,
intfloat/multilingual-e5-large,0.1,es,linear,QM_minus_MQ,4.0,9.101715086415156,0.997142228384828,0.9998776872781354,8.716270381590869e-05,0.0033222591362126,-0.0240306436266853,-0.0190547639132858,0.064675471414818,0.0420752059832289,,,,,
intfloat/multilingual-e5-large,0.1,es,linear,QT_minus_TQ,4.0,9.654302368595296,0.9978350494423373,0.9998844815181892,8.860581032663572e-05,0.0033222591362126,-0.0226599071618309,-0.0280323481528593,0.0370172280593709,0.0585186268641656,,,,,
intfloat/multilingual-e5-large,0.1,es,linear,MT_minus_TM,4.0,9.086548449440516,0.9821746161399044,0.9998847895739368,8.606597214014694e-05,0.0033222591362126,0.0332907759067051,0.0441844483768033,0.0315219975828463,-0.2058132058525737,,,,,
intfloat/multilingual-e5-large,0.1,es,affine,NQ_minus_QN,4.0,14.982475617597236,0.9973609408505516,0.9998702586613176,9.197834692965576e-05,0.0033222591362126,0.0618950414080584,-0.0384878439694638,0.0889590196538435,-0.0520886880064276,,,,,
intfloat/multilingual-e5-large,0.1,es,affine,NM_minus_MN,4.0,14.089943465393205,0.9973919010668516,0.9998755696376364,8.340449791111628e-05,0.0033222591362126,0.0557739388205802,-0.0163356679723872,0.0412062097250019,0.0474195194606952,,,,,
intfloat/multilingual-e5-large,0.1,es,affine,NT_minus_TN,4.0,16.25837817607843,0.9932682231768172,0.999872902535946,8.572459906490316e-05,0.0033222591362126,-0.0873697362768812,-0.0387920467325213,0.0765906452138571,0.1862321009375859,,,,,
intfloat/multilingual-e5-large,0.1,es,affine,QM_minus_MQ,4.0,9.2914992468795,0.9984786861335648,0.999885467231209,8.403301326482615e-05,0.0033222591362126,-0.0177757031896624,-0.0183675034077833,0.0305077187181248,0.0471728322008878,,,,,
intfloat/multilingual-e5-large,0.1,es,affine,QT_minus_TQ,4.0,9.772938355573128,0.997973046670735,0.9998765195568428,8.456432823365674e-05,0.0033222591362126,-0.0244943606035163,-0.0117440432122972,0.0306539255037859,0.0605191834645436,,,,,
intfloat/multilingual-e5-large,0.1,es,affine,MT_minus_TM,4.0,9.106803210076537,0.987538365827818,0.999872045597146,0.0001011104495804,0.0033222591362126,0.0195003812812746,0.0431053090954717,0.0251527900211869,-0.1708787695856721,,,,,
intfloat/multilingual-e5-large,0.1,fr,linear,NQ_minus_QN,4.0,13.406438249270291,0.9973283379057252,0.999877704735912,8.832792868837197e-05,0.0033222591362126,-0.0766734479990108,0.0413251887474322,0.055642851914139,-0.0255737932738146,,,,,
intfloat/multilingual-e5-large,0.1,fr,linear,NM_minus_MN,4.0,12.215426038575142,0.9971423744311948,0.9998764382442836,7.937231282472939e-05,0.0033222591362126,0.0756835080886081,0.0042070927454701,-0.0421003325994573,0.0083543976116802,,,,,
intfloat/multilingual-e5-large,0.1,fr,linear,NT_minus_TN,4.0,14.07558954233726,0.9938225108306306,0.9998854005416596,7.1471971060954e-05,0.0033222591362126,-0.1270295552644786,-0.0199320527361122,0.0423095975676645,0.107663364874441,,,,,
intfloat/multilingual-e5-large,0.1,fr,linear,QM_minus_MQ,4.0,8.8936141423271,0.9952404315780056,0.9998822326225174,8.568536155878641e-05,0.0033222591362126,-0.0327937259821852,-0.0197199125883861,0.0940226936274499,0.0257542604932177,,,,,
intfloat/multilingual-e5-large,0.1,fr,linear,QT_minus_TQ,4.0,9.5976314839697,0.9887319490005758,0.9998716520561176,8.939588957687829e-05,0.0033222591362126,-0.0204160705425536,-0.0962645605217051,0.0086537907943627,0.154583513675261,,,,,
intfloat/multilingual-e5-large,0.1,fr,linear,MT_minus_TM,4.0,9.114968503664048,0.9857032885629878,0.9998737734549876,8.818038180353926e-05,0.0033222591362126,0.0432911188600409,0.0546280172452059,-0.0120109490857915,-0.174555801818955,,,,,
intfloat/multilingual-e5-large,0.1,fr,affine,NQ_minus_QN,4.0,13.514545867827456,0.998127219207212,0.9998848602611122,7.880108908026407e-05,0.0033222591362126,-0.0565659891850373,0.019227410534412,0.0658889493374517,-0.0224517545074081,,,,,
intfloat/multilingual-e5-large,0.1,fr,affine,NM_minus_MN,4.0,12.70800306205346,0.9955481378900194,0.9998760224652926,8.219701020564696e-05,0.0033222591362126,0.1092732647706878,-0.0152385170544966,-0.0218703875082408,-0.0202715955809391,,,,,
intfloat/multilingual-e5-large,0.1,fr,affine,NT_minus_TN,4.0,14.408378843093814,0.995095802607578,0.999879014397654,8.522591559533609e-05,0.0033222591362126,-0.1079143967740464,-0.0209051596337472,0.0511136144034352,0.10309417026524,,,,,
intfloat/multilingual-e5-large,0.1,fr,affine,QM_minus_MQ,4.0,9.192286192781587,0.9966823869329152,0.9998753411441876,8.598731850293182e-05,0.0033222591362126,-0.0331234667212908,-0.019327233931849,0.0712497192986249,0.0335693377856475,,,,,
intfloat/multilingual-e5-large,0.1,fr,affine,QT_minus_TQ,4.0,9.88413103691742,0.9910340688855268,0.9998801402647156,8.674286767957774e-05,0.0033222591362126,-0.0206245310435303,-0.0795193547800832,0.0157111924537782,0.1416481936108833,,,,,
intfloat/multilingual-e5-large,0.1,fr,affine,MT_minus_TM,4.0,9.415069890952116,0.9843380806427704,0.9998748345191752,9.080066545143786e-05,0.0033222591362126,0.0474316325869746,0.0565554610955636,-0.0160426179482421,-0.185370717815615,,,,,
intfloat/multilingual-e5-large,0.1,de,linear,NQ_minus_QN,4.0,14.236030180971818,0.9981608519041624,0.9998772162471842,8.999113592106765e-05,0.0033222591362126,-0.0548867009429631,-0.0171394736332422,0.0534038610763651,-0.0250194609300769,,,,,
intfloat/multilingual-e5-large,0.1,de,linear,NM_minus_MN,4.0,13.399465898692185,0.996610607927888,0.9998663735731468,8.60031933462909e-05,0.0033222591362126,0.066419221050651,0.0054079018105839,-0.1032408050912564,-0.0243978648740684,,,,,
intfloat/multilingual-e5-large,0.1,de,linear,NT_minus_TN,4.0,14.062954072969715,0.9973661495102596,0.9998822996358702,8.992500950335336e-05,0.0033222591362126,-0.068413177257537,-0.0276341022609879,-0.0164920300779585,0.1065670319190704,,,,,
intfloat/multilingual-e5-large,0.1,de,linear,QM_minus_MQ,4.0,9.915904738823532,0.9991564494854716,0.9998768599006844,8.193034720791606e-05,0.0033222591362126,-0.0008018744836299,-0.0177083564908035,0.0304828132943496,0.0340155802252127,,,,,
intfloat/multilingual-e5-large,0.1,de,linear,QT_minus_TQ,4.0,8.908180481083177,0.9968390824704516,0.9998779103570454,8.233947140858578e-05,0.0033222591362126,0.0033833320075099,-0.0159127719247927,-0.0281444100707895,0.0853697468170677,,,,,
intfloat/multilingual-e5-large,0.1,de,linear,MT_minus_TM,4.0,8.247432964630208,0.9940342411743812,0.9998712671208466,8.936462033959331e-05,0.0033222591362126,0.0161325711449332,0.0287056044823361,0.0784900236502676,-0.083982669363078,,,,,
intfloat/multilingual-e5-large,0.1,de,affine,NQ_minus_QN,4.0,14.700544140008168,0.9981157536593822,0.9998844584421012,8.347466475306948e-05,0.0033222591362126,-0.0527839863790663,-0.0265483206443714,0.0514372429471411,-0.0272520120667429,,,,,
intfloat/multilingual-e5-large,0.1,de,affine,NM_minus_MN,4.0,13.314627988418694,0.9960551974115612,0.9998687427560784,8.992395434517579e-05,0.0033222591362126,0.0698853921379304,0.0183544306184603,-0.1070961207582842,-0.0282802631165465,,,,,
intfloat/multilingual-e5-large,0.1,de,affine,NT_minus_TN,4.0,14.60057549710986,0.9970345565853848,0.9998828723590044,8.084288775278296e-05,0.0033222591362126,-0.075579092679639,-0.0242668212068263,-0.0158169973845163,0.1161276427251032,,,,,
intfloat/multilingual-e5-large,0.1,de,affine,QM_minus_MQ,4.0,10.078923589570476,0.9991663482118768,0.99987877286008,8.569291481402292e-05,0.0033222591362126,-0.0082259721009496,-0.0097711344739029,0.0214278244655694,0.0437248800989244,,,,,
intfloat/multilingual-e5-large,0.1,de,affine,QT_minus_TQ,4.0,9.068038320201085,0.9976395688673576,0.9998791055315724,9.562302051928269e-05,0.0033222591362126,0.0050084309405961,-0.001469108770648,-0.0194812223926172,0.0705020256143104,,,,,
intfloat/multilingual-e5-large,0.1,de,affine,MT_minus_TM,4.0,8.417310241068018,0.9939716103000992,0.9998805485789326,8.113368415944806e-05,0.0033222591362126,0.0117771955655025,0.0286475655875202,0.0818602553997138,-0.0827624235997792,,,,,
intfloat/multilingual-e5-large,0.1,ru,linear,NQ_minus_QN,4.0,13.486804700471366,0.9987831466251358,0.99987027241463,8.658916179362804e-05,0.0033222591362126,-0.0332120155660995,0.0007311098659515,0.0283575939112604,-0.0477706735758544,,,,,
intfloat/multilingual-e5-large,0.1,ru,linear,NM_minus_MN,4.0,12.390642180241391,0.9979444796636764,0.9998732290069426,9.031891346954396e-05,0.0033222591362126,0.0123883487763995,-0.0160252591013109,-0.0884295811438777,0.016693402309888,,,,,
intfloat/multilingual-e5-large,0.1,ru,linear,NT_minus_TN,4.0,11.711619506533172,0.9893516850232424,0.9998700458987224,9.301711132067e-05,0.0033222591362126,-0.1080381262418709,-0.0278800699458868,0.0368753114175349,0.1719749451109723,,,,,
intfloat/multilingual-e5-large,0.1,ru,linear,QM_minus_MQ,4.0,10.058122317106276,0.9964933163161824,0.9998800117724224,8.113209427507349e-05,0.0033222591362126,-0.0082781615368791,-0.0106120104815888,0.0835007369319636,0.0381944058587106,,,,,
intfloat/multilingual-e5-large,0.1,ru,linear,QT_minus_TQ,4.0,9.779499626913092,0.9889689033370692,0.999879399378754,8.599196357969724e-05,0.0033222591362126,0.0131991430879759,-0.0736801629128524,0.0204328779590915,0.1582709882316974,,,,,
intfloat/multilingual-e5-large,0.1,ru,linear,MT_minus_TM,4.0,9.99471040836639,0.99345048646755,0.9998739769552324,9.894535762411966e-05,0.0033222591362126,-0.0028695378533833,0.0094171182999643,0.0998635384482007,-0.1005192531565711,,,,,
intfloat/multilingual-e5-large,0.1,ru,affine,NQ_minus_QN,4.0,13.611187661898912,0.999314560130202,0.9998790913346725,8.261546171425971e-05,0.0033222591362126,-0.0064600077978686,-0.0090877884120166,0.0175434202062832,-0.0474207472699506,,,,,
intfloat/multilingual-e5-large,0.1,ru,affine,NM_minus_MN,4.0,12.605498734018427,0.9974253898099008,0.9998893130258948,8.01846911185117e-05,0.0033222591362126,0.0329901181810562,-0.0254351719470282,-0.0922165275679569,0.0191606704890867,,,,,
intfloat/multilingual-e5-large,0.1,ru,affine,NT_minus_TN,4.0,11.390645037240857,0.9921124930664608,0.999882813466576,8.375753522624098e-05,0.0033222591362126,-0.0850318384803844,-0.0273594716643912,0.0436387478249931,0.1422678203725234,,,,,
intfloat/multilingual-e5-large,0.1,ru,affine,QM_minus_MQ,4.0,10.501631114467653,0.9968216348344304,0.9998761749042188,8.400471484855995e-05,0.0033222591362126,-0.0112307581941047,-0.0157118560301417,0.0658304631371424,0.0621684315063844,,,,,
intfloat/multilingual-e5-large,0.1,ru,affine,QT_minus_TQ,4.0,9.930285921925282,0.9924588546064216,0.9998863063115964,9.03321829072589e-05,0.0033222591362126,0.0102724331238653,-0.0500300538865454,0.0354586804756069,0.1276593877149223,,,,,
intfloat/multilingual-e5-large,0.1,ru,affine,MT_minus_TM,4.0,10.12370918412882,0.9935734302190772,0.9998735359843556,9.300427214742864e-05,0.0033222591362126,0.0017848614353643,0.0102149159407923,0.0979997063612739,-0.1010780162324364,,,,,
intfloat/multilingual-e5-large,0.1,zh,linear,NQ_minus_QN,4.0,14.255368061767946,0.9950831910190654,0.9998782083937716,8.50904567787623e-05,0.0033222591362126,-0.1240539073779465,0.0496383357687464,0.0273977167056873,0.0111001959920843,,,,,
intfloat/multilingual-e5-large,0.1,zh,linear,NM_minus_MN,4.0,13.863394349614389,0.9958822171057452,0.99987467976095,8.394156170476075e-05,0.0033222591362126,0.0904538049931757,-0.0286687470880453,-0.0698893518817544,0.0393502207228022,,,,,
intfloat/multilingual-e5-large,0.1,zh,linear,NT_minus_TN,4.0,17.17595224898962,0.9913530007557196,0.9998773448602828,8.436584182689497e-05,0.0033222591362126,-0.1195180733974485,-0.0420664780206405,0.0474594949643306,0.2337364152457733,,,,,
intfloat/multilingual-e5-large,0.1,zh,linear,QM_minus_MQ,4.0,10.666661127176004,0.9954486014177758,0.9998730742011368,8.907458827147332e-05,0.0033222591362126,-0.0197676759004933,-0.0329142057920753,0.0937003895998579,0.0533138620430578,,,,,
intfloat/multilingual-e5-large,0.1,zh,linear,QT_minus_TQ,4.0,10.005345135189206,0.9928740914195522,0.9998763262425672,9.168474770012744e-05,0.0033222591362126,-0.0038562778446725,-0.0670056405740925,0.0265872509239549,0.1256944456101761,,,,,
intfloat/multilingual-e5-large,0.1,zh,linear,MT_minus_TM,4.0,10.500459746961972,0.9924824389322922,0.9998774360592962,8.60275565727592e-05,0.0033222591362126,0.0388087548477823,0.0476193789914658,0.0427791862208856,-0.1487326557571635,,,,,
intfloat/multilingual-e5-large,0.1,zh,affine,NQ_minus_QN,4.0,14.48760319444311,0.9966269149069262,0.999883148081802,8.596380981693064e-05,0.0033222591362126,-0.1050571560915824,0.015663085378764,0.0145566431808789,0.0240365255668637,,,,,
intfloat/multilingual-e5-large,0.1,zh,affine,NM_minus_MN,4.0,14.573820126738116,0.9950689661596552,0.999873637088211,8.65696183112906e-05,0.0033222591362126,0.1123675070192187,-0.0224701683950298,-0.06745070072563,0.0226300558268966,,,,,
intfloat/multilingual-e5-large,0.1,zh,affine,NT_minus_TN,4.0,17.993328480843502,0.991629708475552,0.999872981099628,8.493661902072788e-05,0.0033222591362126,-0.1242945735034311,-0.0403027218624572,0.0521505196554693,0.2351990049879332,,,,,
intfloat/multilingual-e5-large,0.1,zh,affine,QM_minus_MQ,4.0,10.785538572562857,0.9962761397518598,0.999877097935084,9.319840171692402e-05,0.0033222591362126,-0.0197259474614991,-0.0277648164424586,0.0806175503237477,0.0553481209957477,,,,,
intfloat/multilingual-e5-large,0.1,zh,affine,QT_minus_TQ,4.0,10.279799925242406,0.9944432683463524,0.9998749005282148,0.0001047797489826,0.0033222591362126,-0.0031726979357589,-0.0547852873287256,0.0253839406775688,0.1141078130750638,,,,,
intfloat/multilingual-e5-large,0.1,zh,affine,MT_minus_TM,4.0,10.723557750684629,0.9934132313612948,0.9998723426988306,9.158145935694456e-05,0.0033222591362126,0.0329724455236956,0.0432254668119174,0.0375982735914209,-0.1419904117473415,,,,,
intfloat/multilingual-e5-large,0.1,ar,linear,NQ_minus_QN,4.0,14.849048309155853,0.996516963812526,0.9998762831486404,8.09985950936895e-05,0.0033222591362126,-0.0996637601580523,0.0312485533935003,0.0331604767394761,0.014920612086331,,,,,
intfloat/multilingual-e5-large,0.1,ar,linear,NM_minus_MN,4.0,13.218647273172746,0.994938158520394,0.9998731496036142,9.569221195658156e-05,0.0033222591362126,0.0731732216067094,0.0336569924051171,-0.1025482189790191,0.0135834759592294,,,,,
intfloat/multilingual-e5-large,0.1,ar,linear,NT_minus_TN,4.0,16.022308219531297,0.9932557431584276,0.9998743417622352,9.056382308095292e-05,0.0033222591362126,-0.1062894275408427,-0.026742344282574,0.0399582423810437,0.1711501048863746,,,,,
intfloat/multilingual-e5-large,0.1,ar,linear,QM_minus_MQ,4.0,9.931848057605905,0.9986642764985448,0.9998749217721138,8.590647911196392e-05,0.0033222591362126,-0.0283183138160949,-0.0006608474303189,0.0377206431878846,0.0255236209435696,,,,,
intfloat/multilingual-e5-large,0.1,ar,linear,QT_minus_TQ,4.0,9.550668683947224,0.9945856057764624,0.9998791177982482,8.139189587723905e-05,0.0033222591362126,0.0004346713844057,-0.0684293233144309,0.0050987695268115,0.1032715807505246,,,,,
intfloat/multilingual-e5-large,0.1,ar,linear,MT_minus_TM,4.0,9.477991117098414,0.9930353343775464,0.999885257197812,8.406705624697319e-05,0.0033222591362126,0.0282029099731103,0.0208674015470929,0.0134723104082025,-0.1284802644079349,,,,,
intfloat/multilingual-e5-large,0.1,ar,affine,NQ_minus_QN,4.0,14.93317525585037,0.9973084069642544,0.9998823085244491,9.129149023647734e-05,0.0033222591362126,-0.0886615727210186,0.0088432843051202,0.0216151551258404,0.0191036427576137,,,,,
intfloat/multilingual-e5-large,0.1,ar,affine,NM_minus_MN,4.0,13.421699173215936,0.995446541844438,0.9998712203413944,9.172841474914532e-05,0.0033222591362126,0.0808060359999258,0.0234685647366281,-0.0885451118445086,-0.0058510538572298,,,,,
intfloat/multilingual-e5-large,0.1,ar,affine,NT_minus_TN,4.0,15.767149970427608,0.9940730908406104,0.9998719756726194,9.229546763917124e-05,0.0033222591362126,-0.0960550513904026,-0.0278972045475559,0.0417660470787814,0.1575749079727725,,,,,
intfloat/multilingual-e5-large,0.1,ar,affine,QM_minus_MQ,4.0,10.352109147781118,0.9989155100906694,0.9998747467980562,8.908937801960619e-05,0.0033222591362126,-0.0241480970521884,0.0121646053360891,0.0306501068621939,0.0260617879450419,,,,,
intfloat/multilingual-e5-large,0.1,ar,affine,QT_minus_TQ,4.0,9.614687892475626,0.9964373246816228,0.9998833412505224,8.920551429573608e-05,0.0033222591362126,-0.0022698112258039,-0.0465138411895473,0.0104749647447417,0.0871637175475839,,,,,
intfloat/multilingual-e5-large,0.1,ar,affine,MT_minus_TM,4.0,9.492835334042,0.9938771385997028,0.9998739773917252,9.558800947982396e-05,0.0033222591362126,0.0235868007608452,0.0175925249957407,0.0134880395046396,-0.1203231679373606,,,,,
intfloat/multilingual-e5-large,1.0,en,linear,NQ_minus_QN,4.0,10.5403100279684,0.9977278917192612,0.9998775627848422,8.892068438565458e-05,0.0033222591362126,-0.0536367893023986,0.0516909045792017,0.0486069129273823,-0.0295913893335695,,,,,
intfloat/multilingual-e5-large,1.0,en,linear,NM_minus_MN,4.0,9.998833580011352,0.9984085972787896,0.9998781246487274,8.008077221027323e-05,0.0033222591362126,0.0334875221924249,-0.0044575725119284,-0.0084607305549249,0.0429848218058652,,,,,
intfloat/multilingual-e5-large,1.0,en,linear,NT_minus_TN,4.0,11.43269204928171,0.990214646806874,0.9998775646689144,8.27072971922631e-05,0.0033222591362126,-0.10744800654856,-0.050221358037537,0.0606737498462176,0.1781828102261742,,,,,
intfloat/multilingual-e5-large,1.0,en,linear,QM_minus_MQ,4.0,8.267263273924575,0.99839621330135,0.999876510740452,8.56732011548384e-05,0.0033222591362126,-0.0255309389930252,-0.0062619029808668,0.0350476168583948,0.0424225257330015,,,,,
intfloat/multilingual-e5-large,1.0,en,linear,QT_minus_TQ,4.0,7.879079330724707,0.9976576844035172,0.999875645833296,8.518452449284537e-05,0.0033222591362126,-0.0143200360547089,-0.0340735459253407,0.0050232689200377,0.0691777756726835,,,,,
intfloat/multilingual-e5-large,1.0,en,linear,MT_minus_TM,4.0,7.953752634669678,0.986972953247699,0.9998833224765415,8.21839904539778e-05,0.0033222591362126,0.0258865210530439,0.0347310451667093,0.0933504964335728,-0.1599975662627744,,,,,
intfloat/multilingual-e5-large,1.0,en,affine,NQ_minus_QN,4.0,10.604821769684746,0.9980517773330516,0.9998776053149466,9.546164932509476e-05,0.0033222591362126,-0.0522127825031389,0.031477803483536,0.054660596232819,-0.0215618728405816,,,,,
intfloat/multilingual-e5-large,1.0,en,affine,NM_minus_MN,4.0,10.261850060762896,0.9979424188129278,0.9998744769083064,8.91233656733262e-05,0.0033222591362126,0.0457399381287857,-0.0057225652547687,-0.0020905851497204,0.0393447556145612,,,,,
intfloat/multilingual-e5-large,1.0,en,affine,NT_minus_TN,4.0,11.739858254756772,0.9901975433477388,0.999879008182473,8.477571605439068e-05,0.0033222591362126,-0.1079131754287012,-0.0515230867312302,0.0604971973638153,0.1842334543083276,,,,,
intfloat/multilingual-e5-large,1.0,en,affine,QM_minus_MQ,4.0,8.310344565144645,0.9985736760936382,0.9998758389839896,8.875943641804199e-05,0.0033222591362126,-0.0223323200528042,-0.0042384987582614,0.031959919847863,0.0408116577540932,,,,,
intfloat/multilingual-e5-large,1.0,en,affine,QT_minus_TQ,4.0,7.791188193140214,0.9979993310332868,0.9998776731969956,9.18589579622376e-05,0.0033222591362126,-0.0146002700044171,-0.0164646326748314,0.0015019542958561,0.0651393290215789,,,,,
intfloat/multilingual-e5-large,1.0,en,affine,MT_minus_TM,4.0,7.988118805329331,0.9885194329349244,0.9998868580728962,7.737242086478035e-05,0.0033222591362126,0.0166880088685708,0.0308552675473263,0.0908656220167158,-0.1474136897234397,,,,,
intfloat/multilingual-e5-large,1.0,es,linear,NQ_minus_QN,4.0,11.707125972023034,0.9984665144577122,0.9998782247980474,7.999169613118128e-05,0.0033222591362126,0.0366356776183239,-0.0206951640454221,0.0619226092200534,-0.0543980453252538,,,,,
intfloat/multilingual-e5-large,1.0,es,linear,NM_minus_MN,4.0,10.29941521956333,0.99570058326178,0.9998820938958936,8.695229058961722e-05,0.0033222591362126,0.0679902113314711,-0.0213875609970985,0.01499231170792,0.0498914964730312,,,,,
intfloat/multilingual-e5-large,1.0,es,linear,NT_minus_TN,4.0,11.720729387675911,0.9949384200791048,0.9998802714896604,8.502754688896425e-05,0.0033222591362126,-0.0609762497678553,-0.0366796476267572,0.0627380438743082,0.1297378076263071,,,,,
intfloat/multilingual-e5-large,1.0,es,linear,QM_minus_MQ,4.0,7.499111647137679,0.997955196578937,0.9998787698570554,8.624437856134541e-05,0.0033222591362126,-0.0214955458569465,-0.0044999783217071,0.0385778476451645,0.0434303075443771,,,,,
intfloat/multilingual-e5-large,1.0,es,linear,QT_minus_TQ,4.0,7.920003970728245,0.9986415266452447,0.9998837299516548,8.977617595263224e-05,0.0033222591362126,-0.0170587666338436,-0.0186987319060841,0.0345125096458413,0.0370050841915644,,,,,
intfloat/multilingual-e5-large,1.0,es,linear,MT_minus_TM,4.0,7.206224230464599,0.9796396500614748,0.9998854063697156,8.452438088732055e-05,0.0033222591362126,0.0271463515871997,0.0371269580589367,0.0611095295960947,-0.1973828293636017,,,,,
intfloat/multilingual-e5-large,1.0,es,affine,NQ_minus_QN,4.0,11.820670513060508,0.9975503505200872,0.9998701559107892,9.039868001881425e-05,0.0033222591362126,0.0552615511828257,-0.0427721326573594,0.0687432202347521,-0.050504499153415,,,,,
intfloat/multilingual-e5-large,1.0,es,affine,NM_minus_MN,4.0,10.749349482806954,0.9958385049257704,0.9998756645676732,8.430770577354248e-05,0.0033222591362126,0.0790113448504866,-0.0203447252287474,0.0085412527804985,0.0332346198992994,,,,,
intfloat/multilingual-e5-large,1.0,es,affine,NT_minus_TN,4.0,11.958765537384222,0.995710698722001,0.9998727910871026,8.729549703848244e-05,0.0033222591362126,-0.057780039851976,-0.0343391948051603,0.0582329883074725,0.1212653053671035,,,,,
intfloat/multilingual-e5-large,1.0,es,affine,QM_minus_MQ,4.0,7.570113960189285,0.9985994027001744,0.9998856874719224,8.293950667594985e-05,0.0033222591362126,-0.0167813740269838,-0.0002448409979319,0.0145464485884944,0.0464785627491331,,,,,
intfloat/multilingual-e5-large,1.0,es,affine,QT_minus_TQ,4.0,7.925543526795358,0.99871490655705,0.999875521890559,8.46606950653535e-05,0.0033222591362126,-0.018968324990451,-0.002352636687066,0.0277007948552222,0.0390819116869711,,,,,
intfloat/multilingual-e5-large,1.0,es,affine,MT_minus_TM,4.0,7.170621259092969,0.9829741671592436,0.9998720251789688,0.0001018638817044,0.0033222591362126,0.018632477082547,0.0352702408603952,0.0571463025714489,-0.1780024169104383,,,,,
intfloat/multilingual-e5-large,1.0,fr,linear,NQ_minus_QN,4.0,10.906031169009722,0.9978031971536094,0.9998789395988752,8.743925891877437e-05,0.0033222591362126,-0.0558821941940465,0.0331459013415074,0.0577805875402328,-0.0312536159676165,,,,,
intfloat/multilingual-e5-large,1.0,fr,linear,NM_minus_MN,4.0,9.678993971449485,0.9958406896481864,0.9998755589160132,8.034670622137818e-05,0.0033222591362126,0.0768685114849669,0.0031131629662233,-0.0684217042009015,0.0030012684194355,,,,,
intfloat/multilingual-e5-large,1.0,fr,linear,NT_minus_TN,4.0,11.119468087345838,0.9962230072336804,0.9998845535481584,7.34057324512962e-05,0.0033222591362126,-0.0886808100036831,-0.0158308862145909,0.0344851773960985,0.0712070399843576,,,,,
intfloat/multilingual-e5-large,1.0,fr,linear,QM_minus_MQ,4.0,7.37352807350382,0.997842956137945,0.9998827262461668,8.378671374199027e-05,0.0033222591362126,-0.0301799034134976,-0.0027832921345407,0.0511142046652653,0.0226549748851914,,,,,
intfloat/multilingual-e5-large,1.0,fr,linear,QT_minus_TQ,4.0,7.886032501246043,0.9934820991331598,0.9998735342285868,8.706833844412091e-05,0.0033222591362126,-0.0139719638885918,-0.0705809461888006,0.003952613138277,0.1079494574174774,,,,,
intfloat/multilingual-e5-large,1.0,fr,linear,MT_minus_TM,4.0,7.289877221559111,0.9820259633901526,0.9998727616707656,8.909230326786551e-05,0.0033222591362126,0.0381144252022404,0.0478974237448898,0.0371584993729376,-0.1820719528634155,,,,,
intfloat/multilingual-e5-large,1.0,fr,affine,NQ_minus_QN,4.0,10.91553698614884,0.9982124026517308,0.9998860878446588,7.88352405767195e-05,0.0033222591362126,-0.0443196946157826,0.0149010815117347,0.0640004813868766,-0.0284427394933187,,,,,
intfloat/multilingual-e5-large,1.0,fr,affine,NM_minus_MN,4.0,9.880783139334936,0.9939577489017818,0.9998763531502902,8.274397109526147e-05,0.0033222591362126,0.1057548245536142,-0.0081420823960688,-0.0597163615949387,-0.0178053999906274,,,,,
intfloat/multilingual-e5-large,1.0,fr,affine,NT_minus_TN,4.0,11.196482477930717,0.9969934840807124,0.9998781259277678,8.839705232197511e-05,0.0033222591362126,-0.0768923039311932,-0.0159400173821412,0.0423705706006621,0.0608515093047954,,,,,
intfloat/multilingual-e5-large,1.0,fr,affine,QM_minus_MQ,4.0,7.507219628474875,0.9984405602322788,0.9998755225479586,8.433078448545903e-05,0.0033222591362126,-0.0292045963561765,0.0002678188646099,0.0349578191757708,0.0283839843685636,,,,,
intfloat/multilingual-e5-large,1.0,fr,affine,QT_minus_TQ,4.0,7.986784832685937,0.9950113468838516,0.9998811237823152,8.803568107562837e-05,0.0033222591362126,-0.0127455667810658,-0.0555429229343494,0.0063572941134064,0.0977602575172666,,,,,
intfloat/multilingual-e5-large,1.0,fr,affine,MT_minus_TM,4.0,7.402394596084433,0.9796963083535948,0.999874710445678,8.989478719118277e-05,0.0033222591362126,0.0429226826021641,0.0480839699755081,0.0422769399463388,-0.1948789635312994,,,,,
intfloat/multilingual-e5-large,1.0,de,linear,NQ_minus_QN,4.0,11.380139197473436,0.9984539224129324,0.9998791587009102,8.845051902672116e-05,0.0033222591362126,-0.0446642750986695,-0.0076307926993823,0.04868194856203,-0.0249380753493674,,,,,
intfloat/multilingual-e5-large,1.0,de,linear,NM_minus_MN,4.0,10.24641043923406,0.9949499345048196,0.9998656569472394,8.554550589967282e-05,0.0033222591362126,0.0688109573350095,0.0069298635192497,-0.1133394131117246,-0.0064178892907803,,,,,
intfloat/multilingual-e5-large,1.0,de,linear,NT_minus_TN,4.0,10.588050949269414,0.9984057910852508,0.9998820695021794,8.830402592926211e-05,0.0033222591362126,-0.0411976543799925,-0.0206415303293976,-0.0144692688009396,0.0750549876693992,,,,,
intfloat/multilingual-e5-large,1.0,de,linear,QM_minus_MQ,4.0,7.960777959969317,0.99956869322744,0.999877230250138,8.424191359128274e-05,0.0066445182724252,-0.0010831836300016,0.0005774982468397,0.0001397006854239,0.0297168538211085,,,,,
intfloat/multilingual-e5-large,1.0,de,linear,QT_minus_TQ,4.0,7.382403674173646,0.9976689286982554,0.9998779370145444,8.26439098542205e-05,0.0033222591362126,0.0029967704540028,-0.0091694907926223,-0.0198093296504809,0.0673222986425407,,,,,
intfloat/multilingual-e5-large,1.0,de,linear,MT_minus_TM,4.0,6.591668659157153,0.9883677221172144,0.9998723607328068,8.89814771249304e-05,0.0033222591362126,0.0142200805333495,0.0214665219238991,0.10415958439996,-0.1083488468587842,,,,,
intfloat/multilingual-e5-large,1.0,de,affine,NQ_minus_QN,4.0,11.573661933517226,0.998354525809896,0.9998863218403744,8.198236434487755e-05,0.0033222591362126,-0.0423797270340035,-0.0198409885398727,0.0467118698635727,-0.025392425747786,,,,,
intfloat/multilingual-e5-large,1.0,de,affine,NM_minus_MN,4.0,10.09734439850363,0.9938290818759514,0.9998698708400056,8.753877723781324e-05,0.0033222591362126,0.0744166364067757,0.0140660454589082,-0.120962799281894,-0.0083871822920121,,,,,
intfloat/multilingual-e5-large,1.0,de,affine,NT_minus_TN,4.0,10.819970940987004,0.9982241543543972,0.9998824538610096,8.094342399730306e-05,0.0033222591362126,-0.04507078027357,-0.0217384965351375,-0.0153341754126691,0.0793095073714395,,,,,
intfloat/multilingual-e5-large,1.0,de,affine,QM_minus_MQ,4.0,8.012461938982801,0.9992484310288182,0.999877150742429,8.63962399325743e-05,0.0033222591362126,-0.0075366719270902,0.0099040871538757,-0.0041359840955632,0.0370760387843392,,,,,
intfloat/multilingual-e5-large,1.0,de,affine,QT_minus_TQ,4.0,7.438144844813185,0.9979154651459788,0.999878073446063,9.689903613434226e-05,0.0033222591362126,0.0036127666419967,0.0024361214506569,-0.0140636486786309,0.0590815448984045,,,,,
intfloat/multilingual-e5-large,1.0,de,affine,MT_minus_TM,4.0,6.675571880382691,0.987526144893705,0.9998795271234088,7.844894413150782e-05,0.0033222591362126,0.0124537398353161,0.0209405673593287,0.1085504018073889,-0.1124135310980062,,,,,
intfloat/multilingual-e5-large,1.0,ru,linear,NQ_minus_QN,4.0,10.614631163998402,0.9990175392837491,0.9998674419034234,8.980253769502592e-05,0.0033222591362126,-0.0046243565760976,-0.0187281274771472,0.0308639411143161,-0.0433979406551409,,,,,
intfloat/multilingual-e5-large,1.0,ru,linear,NM_minus_MN,4.0,9.326192374029294,0.9954483981549234,0.9998763134461374,8.671425901287961e-05,0.0033222591362126,0.0440488185452048,-0.0059828729227502,-0.1081318833594988,0.0268784145852937,,,,,
intfloat/multilingual-e5-large,1.0,ru,linear,NT_minus_TN,4.0,8.972961510565995,0.9946645425662124,0.9998710939135764,9.247967997735808e-05,0.0033222591362126,-0.0564206390885709,-0.0268766594147234,0.0303470281198068,0.1130399293298256,,,,,
intfloat/multilingual-e5-large,1.0,ru,linear,QM_minus_MQ,4.0,7.880261289782956,0.997325084761666,0.9998805832192048,8.065275517602898e-05,0.0033222591362126,-0.0130715187907624,0.0237393273852585,0.0396955686786162,0.039491194839609,,,,,
intfloat/multilingual-e5-large,1.0,ru,linear,QT_minus_TQ,4.0,7.733167184805197,0.9941236177026772,0.9998789523696728,8.75820282028178e-05,0.0033222591362126,0.0067483624596611,-0.0385679874126283,0.0189008420529852,0.1033533570249733,,,,,
intfloat/multilingual-e5-large,1.0,ru,linear,MT_minus_TM,4.0,7.464660001034764,0.9829911375764084,0.9998740597573512,9.728098778958536e-05,0.0033222591362126,0.0044066553872222,0.0074555044329341,0.1302977331394071,-0.1525134817935297,,,,,
intfloat/multilingual-e5-large,1.0,ru,affine,NQ_minus_QN,4.0,10.61768981251795,0.9991623356123456,0.9998795086492172,8.413419032658777e-05,0.0033222591362126,0.0080202709146791,-0.0220970991172325,0.0221735510758622,-0.0428240542383852,,,,,
intfloat/multilingual-e5-large,1.0,ru,affine,NM_minus_MN,4.0,9.409958673118544,0.9940347663804572,0.9998906070591111,7.655819668019852e-05,0.0033222591362126,0.063523137556828,-0.0121904364780534,-0.1141277574577577,0.0251699079479144,,,,,
intfloat/multilingual-e5-large,1.0,ru,affine,NT_minus_TN,4.0,8.74747425773329,0.9961051344773058,0.999883134426913,8.261559834609593e-05,0.0033222591362126,-0.0378521687235455,-0.029859478256652,0.0333162017626857,0.0937116881663863,,,,,
intfloat/multilingual-e5-large,1.0,ru,affine,QM_minus_MQ,4.0,8.088327773453559,0.996996098600741,0.9998759315080736,8.341152221854921e-05,0.0033222591362126,-0.0125905744534637,0.0220138973148573,0.0283858171291356,0.056184493287542,,,,,
intfloat/multilingual-e5-large,1.0,ru,affine,QT_minus_TQ,4.0,7.785938815684269,0.995502798405442,0.9998842325562328,9.024406385083636e-05,0.0033222591362126,0.0025121579025801,-0.0216146556177542,0.0309677211604853,0.0845491444031588,,,,,
intfloat/multilingual-e5-large,1.0,ru,affine,MT_minus_TM,4.0,7.537294766800184,0.9823424621309208,0.9998760013428084,9.270354264730652e-05,0.0033222591362126,0.0083967628084607,0.0071034882852959,0.1323036869749401,-0.1569576686693549,,,,,
intfloat/multilingual-e5-large,1.0,zh,linear,NQ_minus_QN,4.0,11.34280555531807,0.9955711599137892,0.9998775335735248,8.852583691749498e-05,0.0033222591362126,-0.1051894196738866,0.0363171094271702,0.0324969290532149,0.0101000294718758,,,,,
intfloat/multilingual-e5-large,1.0,zh,linear,NM_minus_MN,4.0,10.733784606957457,0.9942041936166796,0.999874421020442,8.500128447322207e-05,0.0033222591362126,0.0861752628222444,-0.0217726581788565,-0.0895704283453489,0.0437235205245411,,,,,
intfloat/multilingual-e5-large,1.0,zh,linear,NT_minus_TN,4.0,12.861558851940302,0.9932868511745322,0.9998793245382414,8.229446848811716e-05,0.0033222591362126,-0.0985893833308388,-0.031261638240359,0.0357972704087487,0.1694857606696018,,,,,
intfloat/multilingual-e5-large,1.0,zh,linear,QM_minus_MQ,4.0,8.602675696588006,0.9974218999560056,0.9998754700784446,8.86725383841282e-05,0.0033222591362126,-0.021175238969143,-0.0015290102909927,0.0525959264279542,0.0470825560717225,,,,,
intfloat/multilingual-e5-large,1.0,zh,linear,QT_minus_TQ,4.0,8.203952470095075,0.995559916051285,0.9998775287154912,9.225532644960246e-05,0.0033222591362126,-0.0040068145179187,-0.0482615423018294,0.0231265018702588,0.0898459491479871,,,,,
intfloat/multilingual-e5-large,1.0,zh,linear,MT_minus_TM,4.0,8.171810126224175,0.9853065538648588,0.9998765347806492,8.59382421312644e-05,0.0033222591362126,0.0346823864664733,0.0371616886755965,0.0826528264743374,-0.1800587408985134,,,,,
intfloat/multilingual-e5-large,1.0,zh,affine,NQ_minus_QN,4.0,11.416868393690772,0.9963940844897052,0.999883303284723,8.424196152499224e-05,0.0033222591362126,-0.0954932200702133,0.0103337089399843,0.022325072195633,0.0172205378216664,,,,,
intfloat/multilingual-e5-large,1.0,zh,affine,NM_minus_MN,4.0,11.081564691215329,0.992851210883362,0.999872060095967,8.822388426058997e-05,0.0033222591362126,0.1072211450930877,-0.0196699019112596,-0.0949250658354955,0.0297939869116491,,,,,
intfloat/multilingual-e5-large,1.0,zh,affine,NT_minus_TN,4.0,13.179350508601154,0.9940859911702452,0.9998727775548488,8.493616982340493e-05,0.0033222591362126,-0.0968639028548158,-0.0306816389876018,0.0406590529234639,0.1577451673760999,,,,,
intfloat/multilingual-e5-large,1.0,zh,affine,QM_minus_MQ,4.0,8.61211863973949,0.997614787350354,0.9998767212739572,9.279500668453926e-05,0.0033222591362126,-0.0205623634430566,0.0050975397919639,0.043764424950583,0.0487458643460072,,,,,
intfloat/multilingual-e5-large,1.0,zh,affine,QT_minus_TQ,4.0,8.293659598808985,0.9963679688161056,0.9998757266985068,0.0001031814629004,0.0033222591362126,-0.0047167405080253,-0.0347914310945389,0.0205395100432409,0.0839693763283717,,,,,
intfloat/multilingual-e5-large,1.0,zh,affine,MT_minus_TM,4.0,8.259654312044336,0.9858058519728914,0.999873628797234,9.23955284108807e-05,0.0033222591362126,0.0310325458573942,0.0331628573320973,0.0816142131036864,-0.1776097865967029,,,,,
intfloat/multilingual-e5-large,1.0,ar,linear,NQ_minus_QN,4.0,11.739697284728582,0.998380825525062,0.9998763462664496,8.082924939155853e-05,0.0033222591362126,-0.0598035770464597,0.0142914484047444,0.0308616172794491,0.0069755284347765,,,,,
intfloat/multilingual-e5-large,1.0,ar,linear,NM_minus_MN,4.0,10.206862399643676,0.9908363004648172,0.9998747164600712,9.29949093056664e-05,0.0033222591362126,0.0912737668714634,0.025731149800746,-0.1226587399075078,0.0175369249039518,,,,,
intfloat/multilingual-e5-large,1.0,ar,linear,NT_minus_TN,4.0,12.086402861430264,0.9953480389621588,0.9998737353895084,8.936946111712746e-05,0.0033222591362126,-0.071856383957629,-0.0229843635873476,0.0334250452476845,0.1255253462577809,,,,,
intfloat/multilingual-e5-large,1.0,ar,linear,QM_minus_MQ,4.0,8.033189262689042,0.9987206915030842,0.9998762908312387,8.566095901417835e-05,0.0033222591362126,-0.025073819553224,0.0275947492937757,-0.0045614718334888,0.0284441150155139,,,,,
intfloat/multilingual-e5-large,1.0,ar,linear,QT_minus_TQ,4.0,7.793108484778985,0.9975371545030004,0.9998799862694596,7.967531512393348e-05,0.0033222591362126,-0.0011661334114224,-0.0397670154368131,0.0062410414950319,0.0653102128965883,,,,,
intfloat/multilingual-e5-large,1.0,ar,linear,MT_minus_TM,4.0,7.548280377277626,0.9858963237816988,0.9998848681234528,8.583717012293759e-05,0.0033222591362126,0.0246415380980464,0.0165903170926011,0.0718217817209212,-0.1592537701434593,,,,,
intfloat/multilingual-e5-large,1.0,ar,affine,NQ_minus_QN,4.0,11.672590326965926,0.9986953595952016,0.9998794634946732,9.61647290847681e-05,0.0033222591362126,-0.053105205706346,-0.0046021156374445,0.0192971654199307,0.0119661803693641,,,,,
intfloat/multilingual-e5-large,1.0,ar,affine,NM_minus_MN,4.0,10.21664274081641,0.9908840186040256,0.9998722818337932,9.01377704501774e-05,0.0033222591362126,0.0956876755402673,0.0183594717047952,-0.1203066726687562,0.005501868485794,,,,,
intfloat/multilingual-e5-large,1.0,ar,affine,NT_minus_TN,4.0,11.814182786631577,0.9960816751512288,0.9998733699149238,9.212635977922793e-05,0.0033222591362126,-0.0636063741374666,-0.0260320828665859,0.0311704701964941,0.1132216004739169,,,,,
intfloat/multilingual-e5-large,1.0,ar,affine,QM_minus_MQ,4.0,8.251870745821211,0.9983460966319402,0.9998756204527872,8.933489789818162e-05,0.0033222591362126,-0.0217290536896751,0.0408752451041878,-0.0102298662779906,0.0268853842917787,,,,,
intfloat/multilingual-e5-large,1.0,ar,affine,QT_minus_TQ,4.0,7.772744053719926,0.9985317157899412,0.999881081641372,9.071179349870776e-05,0.0033222591362126,-0.0037770088577277,-0.0184335467913447,0.011094175419495,0.0513120370922569,,,,,
intfloat/multilingual-e5-large,1.0,ar,affine,MT_minus_TM,4.0,7.533977563965863,0.9855529899838176,0.9998713387379212,9.498319377907426e-05,0.0033222591362126,0.0225430834629015,0.0141516245245514,0.0759238894088645,-0.1584901600382547,,,,,
intfloat/multilingual-e5-large,10.0,en,linear,NQ_minus_QN,4.0,5.078746171734339,0.9768090197607712,0.9998797027021696,8.913634732807583e-05,0.0033222591362126,-0.1684750730179059,0.1156229502875996,0.0524495967660499,0.0055711184311732,,,,,
intfloat/multilingual-e5-large,10.0,en,linear,NM_minus_MN,4.0,4.146648855238014,0.9940496100029196,0.9998787520259088,8.251962118158732e-05,0.0033222591362126,-0.0671436076175594,-0.0066104175519526,0.0278359196078582,0.0668601504088336,,,,,
intfloat/multilingual-e5-large,10.0,en,linear,NT_minus_TN,4.0,4.337000679400987,0.974634300070353,0.9998779142142836,7.915542185495602e-05,0.0033222591362126,-0.153111990722967,-0.0011299952275362,0.0345347124524961,0.1447139911015815,,,,,
intfloat/multilingual-e5-large,10.0,en,linear,QM_minus_MQ,4.0,4.067105744949052,0.9926972343893152,0.9998711913374586,9.118667963648624e-05,0.0033222591362126,-0.0185333788048357,-0.0659554766798653,0.0642434013377861,0.0402932363437724,,,,,
intfloat/multilingual-e5-large,10.0,en,linear,QT_minus_TQ,4.0,4.035403193157907,0.9860994161063624,0.9998713305847776,8.249405651794905e-05,0.0033222591362126,-0.0085396994506063,-0.0966177061584868,0.0001038639328107,0.1227294559388269,,,,,
intfloat/multilingual-e5-large,10.0,en,linear,MT_minus_TM,4.0,3.2792072652538407,0.9913997878243376,0.9998762021296554,8.552986249902371e-05,0.0033222591362126,0.0111906643525172,0.0286803477788255,0.0440400175300589,-0.0944818922014069,,,,,
intfloat/multilingual-e5-large,10.0,en,affine,NQ_minus_QN,4.0,5.012967527490685,0.9758689329975684,0.9998745892411672,9.278374977284008e-05,0.0033222591362126,-0.1757709020787082,0.1123579647675296,0.0526713717050829,0.0127099445926642,,,,,
intfloat/multilingual-e5-large,10.0,en,affine,NM_minus_MN,4.0,4.092876385321474,0.9948824746388834,0.9998815967764816,7.785306695302245e-05,0.0033222591362126,-0.0620276055310878,-0.0076211703297506,0.0210004115793199,0.0655107219720437,,,,,
intfloat/multilingual-e5-large,10.0,en,affine,NT_minus_TN,4.0,4.306781427289084,0.9745966874337032,0.9998816879440044,8.342145969915563e-05,0.0033222591362126,-0.1549716751501293,-0.0063459821512205,0.038534308686433,0.1422016320301286,,,,,
intfloat/multilingual-e5-large,10.0,en,affine,QM_minus_MQ,4.0,4.00970828217774,0.9927914813068022,0.9998818246269812,9.335137741699874e-05,0.0033222591362126,-0.0202104788538962,-0.0648939509313719,0.0630202146877757,0.043324175351576,,,,,
intfloat/multilingual-e5-large,10.0,en,affine,QT_minus_TQ,4.0,3.963181747209256,0.9857466378860292,0.9998802058878694,8.726112000986335e-05,0.0033222591362126,-0.0158009155012724,-0.0920251570239104,-0.0048320935035894,0.1317703751325064,,,,,
intfloat/multilingual-e5-large,10.0,en,affine,MT_minus_TM,4.0,3.2283049749360124,0.9905899458463168,0.9998797865070672,8.231893021804706e-05,0.0033222591362126,0.0128828587717026,0.0246057508399094,0.0493348103065292,-0.0977442526736621,,,,,
intfloat/multilingual-e5-large,10.0,es,linear,NQ_minus_QN,4.0,5.441641465414195,0.988038093141094,0.9998795703587688,7.816730200305394e-05,0.0033222591362126,-0.1215856706804291,0.0817147834152627,0.0588992892214607,-0.0179219859053427,,,,,
intfloat/multilingual-e5-large,10.0,es,linear,NM_minus_MN,4.0,4.2201718118908165,0.9961477851935348,0.9998804014891656,8.643626404718764e-05,0.0033222591362126,-0.0400026582400626,-0.0149525425537271,0.0532101486046018,0.0336647774959162,,,,,
intfloat/multilingual-e5-large,10.0,es,linear,NT_minus_TN,4.0,4.275195077173232,0.9894711178495088,0.999878390557826,8.496554010422968e-05,0.0033222591362126,-0.0951755985379902,-0.00475952636635,0.0386646886392425,0.0764473264780064,,,,,
intfloat/multilingual-e5-large,10.0,es,linear,QM_minus_MQ,4.0,3.912793629639694,0.9899227314246372,0.9998778020220924,8.325974563940861e-05,0.0033222591362126,-0.021213999016702,-0.0712711691691194,0.075202744635725,0.0451327430113553,,,,,
intfloat/multilingual-e5-large,10.0,es,linear,QT_minus_TQ,4.0,4.087672185153957,0.987464599911125,0.9998808488900182,8.895696273637153e-05,0.0033222591362126,-0.0046072214788328,-0.0968888277228924,0.019993415640911,0.10095852028823,,,,,
intfloat/multilingual-e5-large,10.0,es,linear,MT_minus_TM,4.0,3.063005740610811,0.9941755455508736,0.9998859593874472,7.716819769033274e-05,0.0033222591362126,0.0120764112008682,0.0199680022272489,0.0274913433400316,-0.0747376532641216,,,,,
intfloat/multilingual-e5-large,10.0,es,affine,NQ_minus_QN,4.0,5.346678916159665,0.9878486509559464,0.999870568606588,8.83713101364455e-05,0.0033222591362126,-0.1227804506949826,0.0800057859023761,0.0590299830138881,-0.0165721506030338,,,,,
intfloat/multilingual-e5-large,10.0,es,affine,NM_minus_MN,4.0,4.20553315720435,0.9975760463512272,0.99987958384233,8.756705998775939e-05,0.0033222591362126,-0.030095390975448,-0.014262496493141,0.0424168647364414,0.0276815163701347,,,,,
intfloat/multilingual-e5-large,10.0,es,affine,NT_minus_TN,4.0,4.213858235854778,0.9900603627833502,0.9998736708630778,9.084144013376784e-05,0.0033222591362126,-0.0922958571912841,-0.0069227009063784,0.038074829531451,0.0717944422149233,,,,,
intfloat/multilingual-e5-large,10.0,es,affine,QM_minus_MQ,4.0,3.840794001148229,0.9907446173952912,0.9998848530097252,7.74211293496198e-05,0.0033222591362126,-0.0200284805907109,-0.0695219801983039,0.0683014746000547,0.0476170879809954,,,,,
intfloat/multilingual-e5-large,10.0,es,affine,QT_minus_TQ,4.0,3.997173485383181,0.9879586159135187,0.9998834062719756,8.217530438145853e-05,0.0033222591362126,-0.008534097438928,-0.0904727697084613,0.0123598378813499,0.108078178367976,,,,,
intfloat/multilingual-e5-large,10.0,es,affine,MT_minus_TM,4.0,3.010158835276449,0.9933192791376968,0.9998758484460862,9.832300739285904e-05,0.0033222591362126,0.0146131033415213,0.0176611966633322,0.031408979953865,-0.079693240491679,,,,,
intfloat/multilingual-e5-large,10.0,fr,linear,NQ_minus_QN,4.0,5.218435226622312,0.980855286046721,0.9998838864566736,8.228270677791566e-05,0.0033222591362126,-0.1486137836920127,0.1103099348004186,0.0630327805010151,-0.0117614134822411,,,,,
intfloat/multilingual-e5-large,10.0,fr,linear,NM_minus_MN,4.0,4.204660864353449,0.998599261435826,0.9998781047924734,8.332830703689988e-05,0.0033222591362126,-0.0340821265491116,0.0008724131621317,-0.0010021587360332,0.0316296349056537,,,,,
intfloat/multilingual-e5-large,10.0,fr,linear,NT_minus_TN,4.0,4.503186989387256,0.9866007773848714,0.9998802860623612,8.287484381107027e-05,0.0033222591362126,-0.1146317392919541,2.1444855224039827e-05,0.0323388500090252,0.0923222116449875,,,,,
intfloat/multilingual-e5-large,10.0,fr,linear,QM_minus_MQ,4.0,3.918926631342965,0.9925952871796508,0.9998791423222572,8.803673330654372e-05,0.0033222591362126,-0.0181949816617785,-0.0686250307666938,0.0556786925669721,0.0359715958407825,,,,,
intfloat/multilingual-e5-large,10.0,fr,linear,QT_minus_TQ,4.0,4.093709136327578,0.9833700794657672,0.9998820812917366,7.924601976042918e-05,0.0033222591362126,0.0074338495203587,-0.1184712467984679,0.0074374356715083,0.1113799583238904,,,,,
intfloat/multilingual-e5-large,10.0,fr,linear,MT_minus_TM,4.0,3.228713903147472,0.990978702057938,0.9998693378546488,8.719147918959599e-05,0.0033222591362126,0.0204891212397887,0.0249083386951195,0.0462936239254486,-0.0928675114281726,,,,,
intfloat/multilingual-e5-large,10.0,fr,affine,NQ_minus_QN,4.0,5.150257463784416,0.979363360007955,0.9998886732767354,7.631290565724138e-05,0.0033222591362126,-0.1564803644241875,0.1131430068454288,0.0636389717942769,-0.0088070880624283,,,,,
intfloat/multilingual-e5-large,10.0,fr,affine,NM_minus_MN,4.0,4.124606011952969,0.9991678969855112,0.9998806708438814,8.39279884736438e-05,0.0033222591362126,-0.0239439560369477,0.0010229724518951,-0.0096264618063162,0.0252451275212464,,,,,
intfloat/multilingual-e5-large,10.0,fr,affine,NT_minus_TN,4.0,4.394299916539448,0.98737248454994,0.999872377828193,9.44003322358096e-05,0.0033222591362126,-0.110818126797518,-0.0011735278045484,0.0332210378105099,0.084864867847965,,,,,
intfloat/multilingual-e5-large,10.0,fr,affine,QM_minus_MQ,4.0,3.874657045732212,0.9925894700942552,0.9998770132065696,8.213419672925077e-05,0.0033222591362126,-0.0149769239474479,-0.0714001465713282,0.0541581866698939,0.0358133902069423,,,,,
intfloat/multilingual-e5-large,10.0,fr,affine,QT_minus_TQ,4.0,4.022831915294779,0.9824544162007824,0.9998815324337162,9.172239476906024e-05,0.0033222591362126,0.0066283555865301,-0.1203533835388999,0.0019979393798131,0.1196946094499114,,,,,
intfloat/multilingual-e5-large,10.0,fr,affine,MT_minus_TM,4.0,3.157160901191538,0.9883972415886328,0.9998755700524616,8.707717477301796e-05,0.0033222591362126,0.0253974314078525,0.0236810282706575,0.0535398219562991,-0.1040366495770424,,,,,
intfloat/multilingual-e5-large,10.0,de,linear,NQ_minus_QN,4.0,5.276326982484845,0.9850391172240448,0.999881916358094,8.665924383030673e-05,0.0033222591362126,-0.1299069275176468,0.1054430323729367,0.0391554112244226,-0.0167945415085516,,,,,
intfloat/multilingual-e5-large,10.0,de,linear,NM_minus_MN,4.0,4.036427727618662,0.9987163999471512,0.9998715256182552,8.276307322523888e-05,0.0033222591362126,-0.0195972954248879,0.003353662850198,-0.0290987193557115,0.0326525199564805,,,,,
intfloat/multilingual-e5-large,10.0,de,linear,NT_minus_TN,4.0,4.056107938452583,0.992153881401032,0.9998814609823647,8.174377003626314e-05,0.0033222591362126,-0.0803542631751426,0.0013266327666697,0.0011629712943996,0.0788623789667868,,,,,
intfloat/multilingual-e5-large,10.0,de,linear,QM_minus_MQ,4.0,3.912022238051773,0.9926282064039574,0.9998745310653298,8.687403925501633e-05,0.0033222591362126,0.0054181608591439,-0.0795968455219532,0.0364470953910669,0.0360753128813912,,,,,
intfloat/multilingual-e5-large,10.0,de,linear,QT_minus_TQ,4.0,3.9609303087888112,0.9845268469709252,0.9998756452395332,8.86698390069287e-05,0.0033222591362126,0.0137554425439324,-0.1041881950157059,-0.0118494636065012,0.1165762223747919,,,,,
intfloat/multilingual-e5-large,10.0,de,linear,MT_minus_TM,4.0,2.999197197953977,0.9944326485059106,0.9998783476491968,8.98266491615342e-05,0.0033222591362126,0.0037731833159665,0.0119617429621694,0.0554979047456256,-0.0590262203248251,,,,,
intfloat/multilingual-e5-large,10.0,de,affine,NQ_minus_QN,4.0,5.236360813563,0.9846435065689522,0.9998882160458284,8.119245834662361e-05,0.0033222591362126,-0.1354510754454341,0.1019627925239501,0.0422618479010371,-0.0127679825091616,,,,,
intfloat/multilingual-e5-large,10.0,de,affine,NM_minus_MN,4.0,3.933557382291903,0.9986120021053172,0.9998763355924218,7.864510753903989e-05,0.0033222591362126,-0.0170270874138327,0.0019434867962933,-0.0324020215525014,0.0334287677496912,,,,,
intfloat/multilingual-e5-large,10.0,de,affine,NT_minus_TN,4.0,4.018333564723804,0.991260774579216,0.99988250270531,8.503270503131563e-05,0.0033222591362126,-0.0847665290016723,-0.0026916054576117,0.0038158026535957,0.0828948998072651,,,,,
intfloat/multilingual-e5-large,10.0,de,affine,QM_minus_MQ,4.0,3.859205739763575,0.9933995457687554,0.9998700175843298,8.647849830757695e-05,0.0033222591362126,0.0001763424726041,-0.0746927954665679,0.0361858344312371,0.0384513432443475,,,,,
intfloat/multilingual-e5-large,10.0,de,affine,QT_minus_TQ,4.0,3.910086150818061,0.9841533798499884,0.999878096425164,9.6498980221868e-05,0.0033222591362126,0.0093377717961322,-0.1025352040045273,-0.0164542479534939,0.1251280610061164,,,,,
intfloat/multilingual-e5-large,10.0,de,affine,MT_minus_TM,4.0,2.9633968919443454,0.9928688540807132,0.9998770960635848,8.55337667335107e-05,0.0033222591362126,0.0069126939908614,0.0107485024792158,0.061545106633194,-0.0680718631504416,,,,,
intfloat/multilingual-e5-large,10.0,ru,linear,NQ_minus_QN,4.0,5.020539476552415,0.9894140479099904,0.9998675780058986,9.15451312496334e-05,0.0033222591362126,-0.1122694045812034,0.0737679381851346,0.0557867972939101,-0.0118523660444508,,,,,
intfloat/multilingual-e5-large,10.0,ru,linear,NM_minus_MN,4.0,3.865181857962365,0.9961526492803644,0.9998877987678768,7.26429917439416e-05,0.0033222591362126,-0.0489063327182992,0.002812580247054,-0.01566591202538,0.0641024728806055,,,,,
intfloat/multilingual-e5-large,10.0,ru,linear,NT_minus_TN,4.0,3.948338147668591,0.9860377943624064,0.9998763102807808,8.532276784056684e-05,0.0033222591362126,-0.100904442493909,-0.0161300443187781,0.0276438332456569,0.1044769470176638,,,,,
intfloat/multilingual-e5-large,10.0,ru,linear,QM_minus_MQ,4.0,3.861081314438656,0.9943746707022244,0.9998863477558624,8.083374896902526e-05,0.0033222591362126,-0.020535223349694,-0.0488521951960849,0.0557259585329639,0.0396620197893305,,,,,
intfloat/multilingual-e5-large,10.0,ru,linear,QT_minus_TQ,4.0,3.900525880486414,0.986956086267778,0.9998748124861152,8.334104665573574e-05,0.0033222591362126,-3.71350253650867e-05,-0.0954795800127373,0.0038693087083186,0.1102913103181105,,,,,
intfloat/multilingual-e5-large,10.0,ru,linear,MT_minus_TM,4.0,3.0323179560553166,0.9877354893389448,0.999874608698319,8.842312961935353e-05,0.0033222591362126,0.0126191436625655,0.0078656260129793,0.0764205132720966,-0.1006108209762229,,,,,
intfloat/multilingual-e5-large,10.0,ru,affine,NQ_minus_QN,4.0,4.939970560016241,0.9876650377475324,0.9998794706697736,8.085950252330226e-05,0.0033222591362126,-0.1222263843824655,0.0801351148375375,0.0551111083372389,-0.0096704634415466,,,,,
intfloat/multilingual-e5-large,10.0,ru,affine,NM_minus_MN,4.0,3.8086959864665855,0.9970781208074572,0.9998846433137536,7.704801177322226e-05,0.0033222591362126,-0.0357166319487072,0.0005697819981796,-0.0276100871357084,0.0605300065532727,,,,,
intfloat/multilingual-e5-large,10.0,ru,affine,NT_minus_TN,4.0,3.858409951539269,0.9885839451240168,0.9998811368993222,8.285629529347782e-05,0.0033222591362126,-0.087302730272303,-0.02246988516867,0.0238692850227062,0.0970626906970256,,,,,
intfloat/multilingual-e5-large,10.0,ru,affine,QM_minus_MQ,4.0,3.846573755800338,0.9936009233269872,0.9998822389921038,8.515801964873484e-05,0.0033222591362126,-0.0209400060889585,-0.0534174071159449,0.0589709616409532,0.0435757283764947,,,,,
intfloat/multilingual-e5-large,10.0,ru,affine,QT_minus_TQ,4.0,3.866875695036868,0.9866571621225956,0.9998762766501904,8.673045638898553e-05,0.0033222591362126,-0.0093342691610118,-0.0933432944205414,0.0062640361618355,0.1182712143455097,,,,,
intfloat/multilingual-e5-large,10.0,ru,affine,MT_minus_TM,4.0,2.994915362597824,0.9855613148286424,0.9998804319006828,8.939735708725917e-05,0.0033222591362126,0.0163924184895891,0.0053671665099708,0.0828289733586382,-0.1084396537463799,,,,,
intfloat/multilingual-e5-large,10.0,zh,linear,NQ_minus_QN,4.0,5.445565068573567,0.9753008017009456,0.9998760068456444,9.23389203319334e-05,0.0033222591362126,-0.1813868359861353,0.114229153856656,0.0558083942433165,0.0188503485795135,,,,,
intfloat/multilingual-e5-large,10.0,zh,linear,NM_minus_MN,4.0,4.357797766731483,0.9969804283259482,0.999875051687512,9.169820347283931e-05,0.0033222591362126,-0.0445692758846033,-0.007903747749622,-0.0039615473434788,0.0631545277932044,,,,,
intfloat/multilingual-e5-large,10.0,zh,linear,NT_minus_TN,4.0,4.632739821151668,0.979191704412567,0.9998876746406434,7.31052048725419e-05,0.0033222591362126,-0.1439102044239267,-0.0053701076799565,0.0289662186141528,0.1326542990231267,,,,,
intfloat/multilingual-e5-large,10.0,zh,linear,QM_minus_MQ,4.0,4.22241002730956,0.9926370468089688,0.9998797367008512,8.706515549741625e-05,0.0033222591362126,-0.0209135721966092,-0.0678533078008877,0.0563719892985125,0.0508596486319597,,,,,
intfloat/multilingual-e5-large,10.0,zh,linear,QT_minus_TQ,4.0,4.2436687026647135,0.9825280675407382,0.9998821007028874,8.398244386407255e-05,0.0033222591362126,-0.0026092469825976,-0.1184351758959491,0.0156217698186793,0.1226467908254171,,,,,
intfloat/multilingual-e5-large,10.0,zh,linear,MT_minus_TM,4.0,3.355737865762366,0.9885183100696412,0.9998752692089958,8.539719760664425e-05,0.0033222591362126,0.0201093822646804,0.018928186809295,0.0613175661376801,-0.108958100954371,,,,,
intfloat/multilingual-e5-large,10.0,zh,affine,NQ_minus_QN,4.0,5.3576138676505,0.97402588387071,0.9998851317389572,8.251710303404374e-05,0.0033222591362126,-0.1870793290270508,0.1136103043404936,0.0564955275075548,0.0181840228676129,,,,,
intfloat/multilingual-e5-large,10.0,zh,affine,NM_minus_MN,4.0,4.306835037488049,0.9977909143797028,0.9998726159954794,8.677295976558904e-05,0.0033222591362126,-0.0333253583513651,-0.0102405807838006,-0.0151065065778595,0.0592916481316402,,,,,
intfloat/multilingual-e5-large,10.0,zh,affine,NT_minus_TN,4.0,4.51377876259396,0.9802282390596754,0.9998715035564484,8.397839567721327e-05,0.0033222591362126,-0.1396645123054273,-0.0079153560433788,0.0301721783223192,0.1239753463320155,,,,,
intfloat/multilingual-e5-large,10.0,zh,affine,QM_minus_MQ,4.0,4.157817968911323,0.9930716148789844,0.9998792164607684,9.182408988899992e-05,0.0033222591362126,-0.0208803728797624,-0.0655131327873255,0.0532068468672085,0.0525567790851581,,,,,
intfloat/multilingual-e5-large,10.0,zh,affine,QT_minus_TQ,4.0,4.169980662303188,0.982288904485804,0.9998793068628358,8.489371883255837e-05,0.0033222591362126,-0.0081071277832354,-0.1152085222911982,0.0073191475564624,0.1345117581825967,,,,,
intfloat/multilingual-e5-large,10.0,zh,affine,MT_minus_TM,4.0,3.2994532357941155,0.9864602610734106,0.9998775937413082,9.49949684029919e-05,0.0033222591362126,0.0231994898282018,0.0170126340592408,0.0671996608341293,-0.1173951893484618,,,,,
intfloat/multilingual-e5-large,10.0,ar,linear,NQ_minus_QN,4.0,5.432680478166379,0.98892415303553,0.9998746177146371,8.661767890409363e-05,0.0033222591362126,-0.1138632272710816,0.0834096316429918,0.0376325806398047,0.00266480930774,,,,,
intfloat/multilingual-e5-large,10.0,ar,linear,NM_minus_MN,4.0,4.269343014579359,0.9985546840662832,0.9998785516366628,8.636910676182404e-05,0.0033222591362126,0.0012456319841562,0.0085488843084172,-0.0373268414147648,0.0354855596287786,,,,,
intfloat/multilingual-e5-large,10.0,ar,linear,NT_minus_TN,4.0,4.553934669541437,0.9878811784026738,0.9998740839894318,8.280039070711464e-05,0.0033222591362126,-0.1001238454267464,-0.007301617807989,0.0268645588171297,0.0994133552552197,,,,,
intfloat/multilingual-e5-large,10.0,ar,linear,QM_minus_MQ,4.0,3.998748194061407,0.9975210015377622,0.9998754221760088,8.627841527637217e-05,0.0033222591362126,-0.0111095994405076,-0.038864802953916,0.0189641836096895,0.0420866821863546,,,,,
intfloat/multilingual-e5-large,10.0,ar,linear,QT_minus_TQ,4.0,3.9883133392672296,0.989120724419379,0.9998783919092704,7.852670356866184e-05,0.0033222591362126,0.0007874209152137,-0.0945561603655944,0.0116489332132695,0.0874166757875192,,,,,
intfloat/multilingual-e5-large,10.0,ar,linear,MT_minus_TM,4.0,3.2641060941764803,0.9881267449398928,0.9998825551111774,8.976036679166298e-05,0.0033222591362126,0.0098647186721425,0.0067142438728421,0.0753550614468326,-0.0985154618905008,,,,,
intfloat/multilingual-e5-large,10.0,ar,affine,NQ_minus_QN,4.0,5.313101790464235,0.9887510823764644,0.9998718748883662,9.5919612355239e-05,0.0033222591362126,-0.1154147250888227,0.0820646761494177,0.0312837047312092,0.0063201247669133,,,,,
intfloat/multilingual-e5-large,10.0,ar,affine,NM_minus_MN,4.0,4.145890276661564,0.9979859140471538,0.9998764113941504,8.76354109243911e-05,0.0033222591362126,0.0059605193769925,0.0068672802343328,-0.0491753936054545,0.0370207357159769,,,,,
intfloat/multilingual-e5-large,10.0,ar,affine,NT_minus_TN,4.0,4.389688798011002,0.9894462333883242,0.9998723230930648,9.221793884848386e-05,0.0033222591362126,-0.0911694537663256,-0.0123879750514736,0.0231160699787358,0.091799683557285,,,,,
intfloat/multilingual-e5-large,10.0,ar,affine,QM_minus_MQ,4.0,3.9575035756304633,0.9978389434579868,0.9998805587293912,8.36461113924888e-05,0.0033222591362126,-0.0121947898604506,-0.0333303383534807,0.0158548951904766,0.0433878506375237,,,,,
intfloat/multilingual-e5-large,10.0,ar,affine,QT_minus_TQ,4.0,3.902148230216867,0.9900222172895006,0.999877699195018,8.560500357103296e-05,0.0033222591362126,-0.0052078759374506,-0.0869006251444044,0.0090776496316551,0.0909938306662733,,,,,
intfloat/multilingual-e5-large,10.0,ar,affine,MT_minus_TM,4.0,3.2018787286869266,0.9843204193713916,0.9998682796608735,9.060318506940724e-05,0.0033222591362126,0.0116343998182189,0.003105677276773,0.088844396963909,-0.1093802739880162,,,,,
intfloat/multilingual-e5-large,100.0,en,linear,NQ_minus_QN,4.0,2.4537929147329893,0.8623350140374793,0.9998885695404252,7.736684408403307e-05,0.0033222591362126,-0.3215479795448192,0.2630391390073229,0.0716882686086321,0.0037392324620638,,,,,
intfloat/multilingual-e5-large,100.0,en,linear,NM_minus_MN,4.0,1.9592334044589288,0.8834105263987099,0.9998834123041462,8.400703590319361e-05,0.0033222591362126,-0.2606811590181201,-0.0002717273328543,0.2190305808407626,0.0537586872008005,,,,,
intfloat/multilingual-e5-large,100.0,en,linear,NT_minus_TN,4.0,1.8540406731982773,0.8565845481643922,0.9998757115414616,8.681123265966747e-05,0.0033222591362126,-0.297128199179676,0.0124602865652313,0.0310952143018173,0.2642947542677327,,,,,
intfloat/multilingual-e5-large,100.0,en,linear,QM_minus_MQ,4.0,2.15749684152796,0.8763660178608685,0.9998773561337938,8.500658801697916e-05,0.0033222591362126,-0.0028157282023758,-0.2602529468974459,0.2324069616901663,0.026837659948392,,,,,
intfloat/multilingual-e5-large,100.0,en,linear,QT_minus_TQ,4.0,2.0418336850331094,0.879440878494823,0.9998758586949786,8.246407309871587e-05,0.0033222591362126,0.0088936741611674,-0.2707332056388059,-0.0158849900641546,0.2728263735687365,,,,,
intfloat/multilingual-e5-large,100.0,en,linear,MT_minus_TM,4.0,1.4523090946690649,0.9382075837235916,0.9998742331141732,9.436378431550853e-05,0.0033222591362126,-0.0012322035808263,0.0091808997613709,-0.1807025043844866,0.1714736276078568,,,,,
intfloat/multilingual-e5-large,100.0,en,affine,NQ_minus_QN,4.0,2.3938338167866493,0.8433217861365504,0.999876299299043,8.10506434831994e-05,0.0033222591362126,-0.3547435365282886,0.2860818527078366,0.0729499966058112,0.0144018405028193,,,,,
intfloat/multilingual-e5-large,100.0,en,affine,NM_minus_MN,4.0,1.910320814742664,0.8875347914254653,0.9998758401451138,8.256471291765746e-05,0.0033222591362126,-0.2593093656868006,-0.0041991159237333,0.2197560741687753,0.0546563460940487,,,,,
intfloat/multilingual-e5-large,100.0,en,affine,NT_minus_TN,4.0,1.8009032878248972,0.8583649420300665,0.9998806985048058,7.864197813963981e-05,0.0033222591362126,-0.3018336469687543,0.0042669632513809,0.030263607042072,0.277054554948969,,,,,
intfloat/multilingual-e5-large,100.0,en,affine,QM_minus_MQ,4.0,2.0799708197054065,0.8757790142906546,0.9998829383931812,8.3968407983241e-05,0.0033222591362126,-0.0084114684912782,-0.2672780307465438,0.2349711532353929,0.0359243118485577,,,,,
intfloat/multilingual-e5-large,100.0,en,affine,QT_minus_TQ,4.0,1.9534585172616168,0.86506401971382,0.9998693452883692,9.479067396483204e-05,0.0033222591362126,-0.0073544438037112,-0.2857328700668656,-0.0323842099653261,0.319573018341419,,,,,
intfloat/multilingual-e5-large,100.0,en,affine,MT_minus_TM,4.0,1.3748369135125489,0.9475383704048514,0.9998821580821536,8.835712114627593e-05,0.0033222591362126,0.0065974294643206,0.009857550570303,-0.1670133167118404,0.1485995443276797,,,,,
intfloat/multilingual-e5-large,100.0,es,linear,NQ_minus_QN,4.0,2.5398003176090374,0.8741282492917581,0.9998839530488666,7.59644571343659e-05,0.0033222591362126,-0.3152376543422096,0.2563555875936225,0.0776414384419106,-0.0015144399133257,,,,,
intfloat/multilingual-e5-large,100.0,es,linear,NM_minus_MN,4.0,1.961830031515455,0.8696243624658299,0.99987471658024,8.871912822883029e-05,0.0033222591362126,-0.2632721740161322,-0.0005532505162318,0.251272457460836,0.0257989139671978,,,,,
intfloat/multilingual-e5-large,100.0,es,linear,NT_minus_TN,4.0,1.8258371993199625,0.8688784735887974,0.9998709390475014,9.98229966284938e-05,0.0033222591362126,-0.2718728342221738,0.0006576733476568,0.0258983621290018,0.254340311559085,,,,,
intfloat/multilingual-e5-large,100.0,es,linear,QM_minus_MQ,4.0,2.135770920449706,0.8775047211470856,0.9998819655866276,7.911329507507036e-05,0.0033222591362126,-0.0122715516583897,-0.248260099920768,0.2396398774650261,0.0173625518719746,,,,,
intfloat/multilingual-e5-large,100.0,es,linear,QT_minus_TQ,4.0,2.118493602749843,0.8727589437509647,0.9998821779151328,8.236950365934825e-05,0.0033222591362126,0.0064308739773061,-0.2776146475201547,-0.0256695828487184,0.2895738030611576,,,,,
intfloat/multilingual-e5-large,100.0,es,linear,MT_minus_TM,4.0,1.4220576086659302,0.9126033178383,0.9998825277990648,8.386294767227378e-05,0.0033222591362126,-0.0048571432238258,0.0016231977840871,-0.2139625122294602,0.2156039336431519,,,,,
intfloat/multilingual-e5-large,100.0,es,affine,NQ_minus_QN,4.0,2.474592294618027,0.8543644642854609,0.9998767259411836,7.940825529318633e-05,0.0033222591362126,-0.3483426811652755,0.2797958515793836,0.0841015752340901,0.004142559553064,,,,,
intfloat/multilingual-e5-large,100.0,es,affine,NM_minus_MN,4.0,1.9150630894694007,0.8726802486887592,0.9998898299997384,6.940239418219612e-05,0.0033222591362126,-0.2614329197742176,-0.0027305189394024,0.2559231717092097,0.0203686008061959,,,,,
intfloat/multilingual-e5-large,100.0,es,affine,NT_minus_TN,4.0,1.787704434497891,0.8655350473084055,0.999869458841098,9.48655995889676e-05,0.0033222591362126,-0.2819182188668407,-0.0056557559101597,0.0239931769202016,0.2719167800909906,,,,,
intfloat/multilingual-e5-large,100.0,es,affine,QM_minus_MQ,4.0,2.0548340338917965,0.8747881773639741,0.999876957078398,8.051076707928498e-05,0.0033222591362126,-0.0208008511078837,-0.2530470744975464,0.2470867181932238,0.0225580080200615,,,,,
intfloat/multilingual-e5-large,100.0,es,affine,QT_minus_TQ,4.0,2.0297235634099717,0.8604461699891323,0.9998894619695704,7.624274727879113e-05,0.0033222591362126,-0.0069088045717228,-0.2897146134941986,-0.0438856787706706,0.332468648986522,,,,,
intfloat/multilingual-e5-large,100.0,es,affine,MT_minus_TM,4.0,1.3482836522796786,0.9226266987500262,0.9998783809155012,7.84687016973317e-05,0.0033222591362126,0.0065214543816486,0.0016479200861243,-0.2042626634597957,0.1935092336201846,,,,,
intfloat/multilingual-e5-large,100.0,fr,linear,NQ_minus_QN,4.0,2.498772366386022,0.8545475393552069,0.9998864679211122,8.010499894124128e-05,0.0033222591362126,-0.3302023549156632,0.2807211211937518,0.0687828480619282,-0.0014086392660657,,,,,
intfloat/multilingual-e5-large,100.0,fr,linear,NM_minus_MN,4.0,2.004303728609871,0.8811329005111711,0.9998770058605134,8.706401379802303e-05,0.0033222591362126,-0.2635649217353307,0.0065729426472105,0.2188331820645915,0.0475924065340252,,,,,
intfloat/multilingual-e5-large,100.0,fr,linear,NT_minus_TN,4.0,1.9200772317189432,0.8597292843983805,0.9998746030458288,8.961419378713091e-05,0.0033222591362126,-0.294873020932258,0.0124096453732261,0.0337159882657498,0.2570214756607818,,,,,
intfloat/multilingual-e5-large,100.0,fr,linear,QM_minus_MQ,4.0,2.143984367462074,0.8775855234655499,0.9998696047996908,9.691831387626012e-05,0.0033222591362126,-0.0024447402689451,-0.2604203394167451,0.2215644003346876,0.0344158399255089,,,,,
intfloat/multilingual-e5-large,100.0,fr,linear,QT_minus_TQ,4.0,2.140142915623786,0.8650922730821109,0.9998856048219912,7.932111771066714e-05,0.0033222591362126,0.021563951725058,-0.2967801803531722,-0.0120748482451511,0.2792210628050507,,,,,
intfloat/multilingual-e5-large,100.0,fr,linear,MT_minus_TM,4.0,1.5068889243067116,0.9323640211293592,0.9998743416629148,7.757610349856805e-05,0.0033222591362126,0.0016244580750991,-2.8303551687067916e-05,-0.1904783120686479,0.1876949079167645,,,,,
intfloat/multilingual-e5-large,100.0,fr,affine,NQ_minus_QN,4.0,2.439904569891337,0.8324927542283534,0.9998787994197954,8.315125854988553e-05,0.0033222591362126,-0.3659025140388101,0.305898639761868,0.0712865047763569,0.0089188493806898,,,,,
intfloat/multilingual-e5-large,100.0,fr,affine,NM_minus_MN,4.0,1.9575531306166083,0.8821418063365645,0.9998791953861804,9.08131222092152e-05,0.0033222591362126,-0.265837756445285,0.0044996059219647,0.2247338306165412,0.0453704289740068,,,,,
intfloat/multilingual-e5-large,100.0,fr,affine,NT_minus_TN,4.0,1.8678474480655365,0.8604203714247338,0.9998757495616972,8.271006812883233e-05,0.0033222591362126,-0.3004003743858888,0.0057321671497155,0.0301357040837583,0.2718460491937022,,,,,
intfloat/multilingual-e5-large,100.0,fr,affine,QM_minus_MQ,4.0,2.083677172777002,0.8722997948853054,0.9998798108739134,8.70189679775018e-05,0.0033222591362126,-0.0060980871879392,-0.2707602289076261,0.2307601379286938,0.0382363097329631,,,,,
intfloat/multilingual-e5-large,100.0,fr,affine,QT_minus_TQ,4.0,2.063321856066515,0.850439342534549,0.9998782279609728,7.98560942335012e-05,0.0033222591362126,0.0085584171107695,-0.3123400899806614,-0.0283845186392343,0.3228765366673451,,,,,
intfloat/multilingual-e5-large,100.0,fr,affine,MT_minus_TM,4.0,1.4179233306411567,0.944248778391004,0.999873662078169,9.056401079034711e-05,0.0033222591362126,0.0098091261265966,0.0010423754613774,-0.173122337342435,0.1607613143027892,,,,,
intfloat/multilingual-e5-large,100.0,de,linear,NQ_minus_QN,4.0,2.5017131362322607,0.8580104450883551,0.9998774465860328,8.796180215000762e-05,0.0033222591362126,-0.3304640505518182,0.278121457712206,0.0661225286662649,0.003825128409303,,,,,
intfloat/multilingual-e5-large,100.0,de,linear,NM_minus_MN,4.0,1.912047158948064,0.8811289201070032,0.9998810371334402,8.826695982079263e-05,0.0033222591362126,-0.2759270349127836,0.0138641943209931,0.2080895048266136,0.0636764555566522,,,,,
intfloat/multilingual-e5-large,100.0,de,linear,NT_minus_TN,4.0,1.815095236195313,0.8655783949691033,0.9998834403212375,7.203963680206984e-05,0.0033222591362126,-0.2936993137734218,0.0169254825840057,0.0327101621139927,0.252573895100843,,,,,
intfloat/multilingual-e5-large,100.0,de,linear,QM_minus_MQ,4.0,2.1413838584179894,0.8723751797696077,0.9998670987740692,9.009193722719208e-05,0.0033222591362126,0.0050052111277655,-0.2670238315356508,0.2188511762767493,0.0357481916824316,,,,,
intfloat/multilingual-e5-large,100.0,de,linear,QT_minus_TQ,4.0,2.1161050527685314,0.8642151868232102,0.9998731888247768,8.541516910287264e-05,0.0033222591362126,0.0247256094213299,-0.288424176988206,-0.0300948645092107,0.2846909468102019,,,,,
intfloat/multilingual-e5-large,100.0,de,linear,MT_minus_TM,4.0,1.42747003254627,0.9364368027669618,0.9998828143823958,7.935519308837851e-05,0.0033222591362126,-0.0005124067704077,0.002771662728717,-0.1833182646605152,0.1796975297335798,,,,,
intfloat/multilingual-e5-large,100.0,de,affine,NQ_minus_QN,4.0,2.4416828221113924,0.843927237854525,0.9998799908108432,8.191851543438758e-05,0.0033222591362126,-0.3630690501522824,0.2912033531828849,0.0737282427096338,0.0174585943181356,,,,,
intfloat/multilingual-e5-large,100.0,de,affine,NM_minus_MN,4.0,1.861021776126783,0.8803359742818729,0.9998734266646911,9.2419286050502e-05,0.0033222591362126,-0.2800747125038016,0.0070116957703103,0.2179811259133982,0.0642086710179899,,,,,
intfloat/multilingual-e5-large,100.0,de,affine,NT_minus_TN,4.0,1.7742423682325377,0.8572884351397003,0.999875668641208,8.459707519230898e-05,0.0033222591362126,-0.3107650716799132,0.0073296998277013,0.0304091315337036,0.2810779445612062,,,,,
intfloat/multilingual-e5-large,100.0,de,affine,QM_minus_MQ,4.0,2.063325647950632,0.87240650662337,0.9998759732636308,9.257057513320978e-05,0.0033222591362126,-0.0083670207741348,-0.2687951302407412,0.2236259450124556,0.0455723430677495,,,,,
intfloat/multilingual-e5-large,100.0,de,affine,QT_minus_TQ,4.0,2.038054890716789,0.8532602562324592,0.9998802396546076,9.019553320022432e-05,0.0033222591362126,0.0040630700600607,-0.2982931320278175,-0.0426858744593975,0.3274892335486614,,,,,
intfloat/multilingual-e5-large,100.0,de,affine,MT_minus_TM,4.0,1.34706922678283,0.9469555727719364,0.9998833958928892,8.34803495071357e-05,0.0033222591362126,0.0093115605245933,0.0038212961765832,-0.1680648263160132,0.1531121999527593,,,,,
intfloat/multilingual-e5-large,100.0,ru,linear,NQ_minus_QN,4.0,2.450216304019844,0.8670976842579031,0.9998746990920848,8.700151108924944e-05,0.0033222591362126,-0.3194380945882309,0.2704540568457034,0.0799990056214583,-0.0124788057215272,,,,,
intfloat/multilingual-e5-large,100.0,ru,linear,NM_minus_MN,4.0,1.8940165551481165,0.8673755811040083,0.9998859865358914,8.48497026839272e-05,0.0033222591362126,-0.2760487117189855,0.0081145649896764,0.2122204864364957,0.0652486815107079,,,,,
intfloat/multilingual-e5-large,100.0,ru,linear,NT_minus_TN,4.0,1.7837494936517606,0.8496601262570538,0.9998793680558647,7.803835653654768e-05,0.0033222591362126,-0.2915013423245455,0.0025108989426969,0.0488791729777623,0.2488912957195356,,,,,
intfloat/multilingual-e5-large,100.0,ru,linear,QM_minus_MQ,4.0,2.050486968102048,0.8809395087093869,0.9998754485047978,8.28055609865784e-05,0.0033222591362126,-0.0109780607483363,-0.2512164276546517,0.2263792481482335,0.0309155045154334,,,,,
intfloat/multilingual-e5-large,100.0,ru,linear,QT_minus_TQ,4.0,2.039956324716434,0.8669919136235492,0.9998707757346762,8.888100649610027e-05,0.0033222591362126,0.0124920457536654,-0.2903159701118928,-0.0190916178655115,0.2887844290985125,,,,,
intfloat/multilingual-e5-large,100.0,ru,linear,MT_minus_TM,4.0,1.3249326455175414,0.9343037493224012,0.9998800797333522,8.908740621777616e-05,0.0033222591362126,0.0058748961863411,-0.0041965181476684,-0.183861772028451,0.1813825063785555,,,,,
intfloat/multilingual-e5-large,100.0,ru,affine,NQ_minus_QN,4.0,2.381612227635728,0.8456344288548762,0.999882280068402,8.141995049871145e-05,0.0033222591362126,-0.3546699638179804,0.2969641908210014,0.085631744480416,-0.0078135709781111,,,,,
intfloat/multilingual-e5-large,100.0,ru,affine,NM_minus_MN,4.0,1.846088091851945,0.8766412017323766,0.9998775177464946,8.844028994022091e-05,0.0033222591362126,-0.2705921284427237,0.0030354162608451,0.2125743197844006,0.0633552323762307,,,,,
intfloat/multilingual-e5-large,100.0,ru,affine,NT_minus_TN,4.0,1.7302094035783886,0.8594817634751586,0.999877995623479,8.333322831098922e-05,0.0033222591362126,-0.2873666170529648,-0.0080587044054758,0.0431971345359126,0.2595678830363288,,,,,
intfloat/multilingual-e5-large,100.0,ru,affine,QM_minus_MQ,4.0,2.0023748150658083,0.8724829703481705,0.9998812570382888,8.551558785957215e-05,0.0033222591362126,-0.0165160049930199,-0.266454225221455,0.2395175962483306,0.03742637137018,,,,,
intfloat/multilingual-e5-large,100.0,ru,affine,QT_minus_TQ,4.0,1.9649176626983544,0.852603039573868,0.999874832405336,9.486787139444434e-05,0.0033222591362126,-0.00500187159506,-0.3049461230738989,-0.0372531567080214,0.3384974083918264,,,,,
intfloat/multilingual-e5-large,100.0,ru,affine,MT_minus_TM,4.0,1.2472492386106877,0.9478442497972308,0.9998736321888854,9.106441497902186e-05,0.0033222591362126,0.0124622938916918,-0.0046230970788299,-0.1640151206651655,0.1551080069307492,,,,,
intfloat/multilingual-e5-large,100.0,zh,linear,NQ_minus_QN,4.0,2.662501699849902,0.8543090941644321,0.9998796863151512,7.582429721397729e-05,0.0033222591362126,-0.3458677394728593,0.2820283972741797,0.0681330112878334,0.0140631137715117,,,,,
intfloat/multilingual-e5-large,100.0,zh,linear,NM_minus_MN,4.0,2.030086995434529,0.8782434255653819,0.9998828659663902,8.568167314509473e-05,0.0033222591362126,-0.2702205276032453,-0.0005714538781962,0.2169366901958321,0.063838678675676,,,,,
intfloat/multilingual-e5-large,100.0,zh,linear,NT_minus_TN,4.0,1.9810056167201853,0.8472098052412493,0.9998739785630616,8.656036875573393e-05,0.0033222591362126,-0.3142132100615754,0.0076955464899288,0.0377004391924508,0.2772193062342012,,,,,
intfloat/multilingual-e5-large,100.0,zh,linear,QM_minus_MQ,4.0,2.252890714234057,0.8715568773810736,0.9998677632578848,9.656012412221928e-05,0.0033222591362126,-0.0052620786219126,-0.2726613541685309,0.2339436776037467,0.0386499969678932,,,,,
intfloat/multilingual-e5-large,100.0,zh,linear,QT_minus_TQ,4.0,2.2143913044041947,0.8585592995958349,0.9998802152280872,8.148213922298593e-05,0.0033222591362126,0.0054015887560911,-0.3029583715069353,-0.0070390458475516,0.2970391022956385,,,,,
intfloat/multilingual-e5-large,100.0,zh,linear,MT_minus_TM,4.0,1.4884722629816476,0.9368468168818002,0.999879883567984,9.153700598978082e-05,0.0033222591362126,-0.0007680415264387,0.005685406274729,-0.186403732847416,0.1788752233264907,,,,,
intfloat/multilingual-e5-large,100.0,zh,affine,NQ_minus_QN,4.0,2.593969311226456,0.8366303481586587,0.9998828639446372,8.266761629756093e-05,0.0033222591362126,-0.3743684516341106,0.3041720956591083,0.0724098657116218,0.0177059875404112,,,,,
intfloat/multilingual-e5-large,100.0,zh,affine,NM_minus_MN,4.0,1.9881299317525472,0.8792957780358786,0.9998700558528136,9.029667580623612e-05,0.0033222591362126,-0.2731553027791502,-0.0050712610183258,0.2202826883114561,0.0671382914171299,,,,,
intfloat/multilingual-e5-large,100.0,zh,affine,NT_minus_TN,4.0,1.919199134822971,0.8459811524881106,0.9998769263633436,8.842467149711241e-05,0.0033222591362126,-0.3209274102834447,-7.739260806241544e-05,0.0343623224546165,0.2938880087300132,,,,,
intfloat/multilingual-e5-large,100.0,zh,affine,QM_minus_MQ,4.0,2.185785452611809,0.8678677614804676,0.9998789250546404,9.024044309952538e-05,0.0033222591362126,-0.0115629584106065,-0.2813999450336201,0.2395934444301241,0.0471128907902818,,,,,
intfloat/multilingual-e5-large,100.0,zh,affine,QT_minus_TQ,4.0,2.135370551253753,0.8430396316698684,0.9998762794296836,9.092887649433429e-05,0.0033222591362126,-0.0082930637837456,-0.3194928341941311,-0.0232796569216265,0.3421783915466385,,,,,
intfloat/multilingual-e5-large,100.0,zh,affine,MT_minus_TM,4.0,1.4069684346674411,0.9458906154177152,0.9998718605389464,8.79039683006276e-05,0.0033222591362126,0.0075579929346324,0.0079364306816348,-0.1734738761153586,0.1547778497742362,,,,,
intfloat/multilingual-e5-large,100.0,ar,linear,NQ_minus_QN,4.0,2.452688247244611,0.8766539754348195,0.9998729409333093,9.535496616469998e-05,0.0033222591362126,-0.2907549355569236,0.2662960241758122,0.0466701090977612,-0.0075735359438105,,,,,
intfloat/multilingual-e5-large,100.0,ar,linear,NM_minus_MN,4.0,1.907044943736223,0.8952821985558885,0.9998820701787724,8.355273802351164e-05,0.0033222591362126,-0.2377732089962755,0.0086412916512536,0.2024020117767846,0.037210908878828,,,,,
intfloat/multilingual-e5-large,100.0,ar,linear,NT_minus_TN,4.0,1.909359593977024,0.8674413422906678,0.9998837528208864,8.116919317905163e-05,0.0033222591362126,-0.281654467319103,0.0087907372063052,0.0409039188836892,0.2414927635020482,,,,,
intfloat/multilingual-e5-large,100.0,ar,linear,QM_minus_MQ,4.0,2.054630178373219,0.8857295502483029,0.999869930574072,9.143085912837772e-05,0.0033222591362126,0.0099704314737682,-0.2667131608631741,0.2072569431236791,0.0462551036493837,,,,,
intfloat/multilingual-e5-large,100.0,ar,linear,QT_minus_TQ,4.0,2.057031821133622,0.8745908906294176,0.9998762299183394,8.936852011258184e-05,0.0033222591362126,0.0170697360933257,-0.2949209577048205,0.0211461192324229,0.2507465070991055,,,,,
intfloat/multilingual-e5-large,100.0,ar,linear,MT_minus_TM,4.0,1.3839905566521056,0.9464811413919346,0.9998819495919632,8.411457611562003e-05,0.0033222591362126,0.001603465243968,-0.0026963306092408,-0.1662018372810606,0.1652923010161695,,,,,
intfloat/multilingual-e5-large,100.0,ar,affine,NQ_minus_QN,4.0,2.366894334517577,0.8607393090932896,0.9998737807928588,7.751733212129194e-05,0.0033222591362126,-0.3187731525545484,0.2845070249539355,0.0495210259527894,0.0007918120916363,,,,,
intfloat/multilingual-e5-large,100.0,ar,affine,NM_minus_MN,4.0,1.8045627903644583,0.9052221104532502,0.9998749775868024,8.687214992253887e-05,0.0033222591362126,-0.2249285870939178,0.0002768613065058,0.194756480115634,0.0386606811402039,,,,,
intfloat/multilingual-e5-large,100.0,ar,affine,NT_minus_TN,4.0,1.7989102618165174,0.877025574761344,0.9998726552063272,9.601030018052431e-05,0.0033222591362126,-0.2711005990042115,-0.0023729916817617,0.037187045695838,0.2439571023909737,,,,,
intfloat/multilingual-e5-large,100.0,ar,affine,QM_minus_MQ,4.0,1.9592887809159545,0.8851416412632531,0.999864627261248,9.335189662440772e-05,0.0033222591362126,-0.0028548926562683,-0.2686902220420489,0.2150467399723871,0.0532763651805217,,,,,
intfloat/multilingual-e5-large,100.0,ar,affine,QT_minus_TQ,4.0,1.958887753045915,0.862404343382833,0.999881765727202,8.66735351882042e-05,0.0033222591362126,-0.0051804066017436,-0.3055747953181845,0.0050054559972322,0.2998705280958585,,,,,
intfloat/multilingual-e5-large,100.0,ar,affine,MT_minus_TM,4.0,1.262587174023,0.9651226605776012,0.9998697398791624,9.500756006011144e-05,0.0033222591362126,0.007318396850107,-0.0008511770152892,-0.1330464115757547,0.1242357571454731,,,,,
Qwen/Qwen3-Embedding-0.6B,0.1,en,linear,NQ_minus_QN,4.0,5.65017298663778,0.998568248419104,0.9998842629038364,8.320109756251193e-05,0.0033222591362126,0.0216469507747328,-0.0449246096720299,-0.0036940080908376,-0.0106719997775707,,,,,
Qwen/Qwen3-Embedding-0.6B,0.1,en,linear,NM_minus_MN,4.0,7.696410678434523,0.9909643651768012,0.9998804165677329,9.008760792953564e-05,0.0033222591362126,-0.1019904359414692,0.0866096046684956,-0.071781613805006,0.0236690323947817,,,,,
Qwen/Qwen3-Embedding-0.6B,0.1,en,linear,NT_minus_TN,4.0,6.917155842420255,0.996418115469474,0.9998737749031772,8.533291358030029e-05,0.0033222591362126,0.0322703201422178,0.0522705116576785,0.0011892147866134,-0.0899092466134024,,,,,
Qwen/Qwen3-Embedding-0.6B,0.1,en,linear,QM_minus_MQ,4.0,4.918339528403289,0.9995865509109688,0.9998712960343112,9.208234434934834e-05,0.0132890365448504,-0.0089173031703856,0.0204574838352978,-0.0003501463254523,0.0065447680168537,,,,,
Qwen/Qwen3-Embedding-0.6B,0.1,en,linear,QT_minus_TQ,4.0,4.453298734496427,0.99604703326759,0.9998864637128438,8.137883006866419e-05,0.0033222591362126,0.0246762343437148,0.0484073742801609,-0.0020454816701675,-0.0486264245456816,,,,,
Qwen/Qwen3-Embedding-0.6B,0.1,en,linear,MT_minus_TM,4.0,6.230002093460718,0.996346173894129,0.9998739221209876,8.996396358289101e-05,0.0033222591362126,-0.0244927902933316,-0.010340289899332,0.0661045939155022,0.0292760025518811,,,,,
Qwen/Qwen3-Embedding-0.6B,0.1,en,affine,NQ_minus_QN,4.0,5.458914385697828,0.9988149714044712,0.9998783015341488,8.475598701688669e-05,0.0033222591362126,0.0184943500459476,-0.033761878293411,-0.007814122184031,-0.0147828394839391,,,,,
Qwen/Qwen3-Embedding-0.6B,0.1,en,affine,NM_minus_MN,4.0,7.753939054167231,0.9906827784315664,0.9998858611389422,8.228809407182636e-05,0.0033222591362126,-0.099016885010106,0.0949697573637027,-0.0801924526223798,0.0224084459261529,,,,,
Qwen/Qwen3-Embedding-0.6B,0.1,en,affine,NT_minus_TN,4.0,6.890825752716652,0.9944688886938003,0.9998801631089048,8.49842963136883e-05,0.0033222591362126,0.0360752779463869,0.0635875288019737,0.002831815014207,-0.1139403270428892,,,,,
Qwen/Qwen3-Embedding-0.6B,0.1,en,affine,QM_minus_MQ,4.0,4.9267425539455205,0.9995466343264506,0.9998673544636724,8.943318767271096e-05,0.0099667774086378,-0.0110412120129445,0.0171377671808525,0.003260165546091,0.0105961703586095,,,,,
Qwen/Qwen3-Embedding-0.6B,0.1,en,affine,QT_minus_TQ,4.0,4.369403177293352,0.9956012253203892,0.9998750757159592,8.061502308498763e-05,0.0033222591362126,0.0200039493602292,0.0507970966148497,0.0051937718407661,-0.0565496701532284,,,,,
Qwen/Qwen3-Embedding-0.6B,0.1,en,affine,MT_minus_TM,4.0,6.219434904040501,0.9959508536379682,0.999882303354516,7.830901527189217e-05,0.0033222591362126,-0.0253642187998232,-0.0172071871126866,0.0747129192791881,0.0178857676123048,,,,,
Qwen/Qwen3-Embedding-0.6B,0.1,es,linear,NQ_minus_QN,4.0,6.12590665995248,0.9963415858347588,0.9998743116979734,9.44721028019416e-05,0.0033222591362126,0.0627644826701803,-0.0435814518153363,0.0036349343991593,-0.0220431995864606,,,,,
Qwen/Qwen3-Embedding-0.6B,0.1,es,linear,NM_minus_MN,4.0,7.0621537286027145,0.9940828875555088,0.9998752407572736,9.135528611721549e-05,0.0033222591362126,-0.0739713161645272,0.0331834442306393,-0.0544600245832554,0.0231751617112006,,,,,
Qwen/Qwen3-Embedding-0.6B,0.1,es,linear,NT_minus_TN,4.0,6.871109255739538,0.9963398575667703,0.9998735787145108,8.927177522144881e-05,0.0033222591362126,0.0620484761647254,0.0140413239018651,0.0060174283914185,-0.0615465534563554,,,,,
Qwen/Qwen3-Embedding-0.6B,0.1,es,linear,QM_minus_MQ,4.0,5.186631364938729,0.998195597753529,0.9998739740455816,8.993211204470958e-05,0.0033222591362126,-0.0020668028269608,-0.0174909720780238,-0.0380278499118624,0.0158509107194571,,,,,
Qwen/Qwen3-Embedding-0.6B,0.1,es,linear,QT_minus_TQ,4.0,4.593062502060486,0.9924900251836234,0.9998762541258484,8.9235152772126e-05,0.0033222591362126,0.0231470901596228,0.0517382289217767,-0.0033307413601614,-0.0805925869051605,,,,,
Qwen/Qwen3-Embedding-0.6B,0.1,es,linear,MT_minus_TM,4.0,5.809810553474621,0.9989829515557748,0.9998769719476732,8.365056366355392e-05,0.0033222591362126,-0.0169361582210901,0.0050636968646514,0.0337207844327154,0.0080714099258714,,,,,
Qwen/Qwen3-Embedding-0.6B,0.1,es,affine,NQ_minus_QN,4.0,6.072457696217684,0.995888639934112,0.9998818919478458,9.383599873254152e-05,0.0033222591362126,0.0648340401085477,-0.0525459032554488,-0.0016345632262882,-0.0189630934001775,,,,,
Qwen/Qwen3-Embedding-0.6B,0.1,es,affine,NM_minus_MN,4.0,7.248556188581478,0.9927148719688776,0.9998772353639848,8.419048690673176e-05,0.0033222591362126,-0.0822545703620123,0.041478677254767,-0.0645332357487432,0.0277290090694549,,,,,
Qwen/Qwen3-Embedding-0.6B,0.1,es,affine,NT_minus_TN,4.0,6.852880864099669,0.9962374785647806,0.999870118100324,9.317618823341928e-05,0.0033222591362126,0.0551769389062369,0.0166260912585772,0.0121101684738275,-0.0733590186086193,,,,,
Qwen/Qwen3-Embedding-0.6B,0.1,es,affine,QM_minus_MQ,4.0,5.156515175101693,0.9976501355660418,0.9998759238785986,8.572803977473069e-05,0.0033222591362126,-0.0050067572540793,-0.0086148738246961,-0.0455100544243519,0.0195495459733334,,,,,
Qwen/Qwen3-Embedding-0.6B,0.1,es,affine,QT_minus_TQ,4.0,4.453500608748908,0.9921681553402344,0.9998738350590972,9.03998997254726e-05,0.0033222591362126,0.0227936363324451,0.0559028499571039,-0.0034564147647285,-0.0786201680799126,,,,,
Qwen/Qwen3-Embedding-0.6B,0.1,es,affine,MT_minus_TM,4.0,5.848992857804098,0.998927894091288,0.9998773223255468,8.755960132951698e-05,0.0033222591362126,-0.0126535168423676,0.0051180571092729,0.0374321569010212,-0.0044984972419832,,,,,
Qwen/Qwen3-Embedding-0.6B,0.1,fr,linear,NQ_minus_QN,4.0,6.207419090913668,0.9984918240359932,0.9998860016658973,7.701931614029534e-05,0.0033222591362126,0.03842371918722,-0.0181875880941643,0.0021540022334278,-0.0284448169479897,,,,,
Qwen/Qwen3-Embedding-0.6B,0.1,fr,linear,NM_minus_MN,4.0,7.619201756293661,0.9959883691056072,0.999880031894984,8.937207623776856e-05,0.0033222591362126,-0.0771097083184872,0.0229454244509048,-0.0230671076065425,0.0311011446057002,,,,,
Qwen/Qwen3-Embedding-0.6B,0.1,fr,linear,NT_minus_TN,4.0,7.263991427255233,0.9993708364485284,0.9998776334663902,8.659637819231553e-05,0.0033222591362126,0.009853242667611,0.0289002402273934,-0.0135095871843537,-0.0316564013956802,,,,,
Qwen/Qwen3-Embedding-0.6B,0.1,fr,linear,QM_minus_MQ,4.0,5.568104891151951,0.9978384770365172,0.9998749740350537,9.598641411760182e-05,0.0033222591362126,-0.0016228589449714,-0.0212722822922333,-0.041427726758016,0.0326565905076419,,,,,
Qwen/Qwen3-Embedding-0.6B,0.1,fr,linear,QT_minus_TQ,4.0,4.710939667650676,0.9944026228284448,0.9998720310604504,8.935306460246979e-05,0.0033222591362126,0.023092492589625,0.0596866643649372,-0.0038927046322914,-0.0633233001023327,,,,,
Qwen/Qwen3-Embedding-0.6B,0.1,fr,linear,MT_minus_TM,4.0,6.3097264618591895,0.9955135207083532,0.9998799567148816,8.397022388666944e-05,0.0033222591362126,-0.0318820990285973,-0.0232950394556169,0.0654656027117675,0.0475300002088962,,,,,
Qwen/Qwen3-Embedding-0.6B,0.1,fr,affine,NQ_minus_QN,4.0,6.218167294413179,0.998301955842493,0.9998854267898208,7.905530070513524e-05,0.0033222591362126,0.0413267102883431,-0.0306827898586654,0.0031191393015264,-0.0167670878077069,,,,,
Qwen/Qwen3-Embedding-0.6B,0.1,fr,affine,NM_minus_MN,4.0,7.870926896875559,0.995380124577728,0.999871260278306,8.408794856511103e-05,0.0033222591362126,-0.0797536340372784,0.0275237010750849,-0.0354395984692694,0.0458089453524396,,,,,
Qwen/Qwen3-Embedding-0.6B,0.1,fr,affine,NT_minus_TN,4.0,7.4665164094309695,0.999043490704117,0.999872051482189,8.60535127952384e-05,0.0033222591362126,-0.0088425690220747,0.0487254258681598,-0.00927142581336,-0.0330620884028412,,,,,
Qwen/Qwen3-Embedding-0.6B,0.1,fr,affine,QM_minus_MQ,4.0,5.65931653800212,0.9961753092134796,0.9998861217995826,7.294072797571052e-05,0.0033222591362126,-0.0064891734537161,-0.0118260285695347,-0.0565185706792319,0.0441120387089648,,,,,
Qwen/Qwen3-Embedding-0.6B,0.1,fr,affine,QT_minus_TQ,4.0,4.618788370905565,0.9912726040130896,0.9998783871349872,8.94043730469409e-05,0.0033222591362126,0.0296522054381251,0.0705199703303387,-0.004042020927657,-0.0776871743012575,,,,,
Qwen/Qwen3-Embedding-0.6B,0.1,fr,affine,MT_minus_TM,4.0,6.482424850993616,0.9921264911243748,0.9998758520474488,9.361457859457912e-05,0.0033222591362126,-0.032196158435195,-0.0223490316605203,0.1032860014779197,0.0259897254469846,,,,,
Qwen/Qwen3-Embedding-0.6B,0.1,de,linear,NQ_minus_QN,4.0,5.647717953248818,0.998377122895739,0.9998830614091256,8.537440952498712e-05,0.0033222591362126,0.0287809816764919,-0.0427332768752327,0.008264602386494,-0.0148001004624796,,,,,
Qwen/Qwen3-Embedding-0.6B,0.1,de,linear,NM_minus_MN,4.0,7.138847890104803,0.9989958802987337,0.9998713979030408,8.605827973393454e-05,0.0033222591362126,-0.0237284697270618,0.0045250667759118,-0.0290628705927735,0.0042045411301898,,,,,
Qwen/Qwen3-Embedding-0.6B,0.1,de,linear,NT_minus_TN,4.0,7.015483467151814,0.999165976794396,0.9998783198182264,8.096398353506734e-05,0.0033222591362126,0.0188490684470717,0.0074658251518275,0.0008927650176045,-0.0417795805951596,,,,,
Qwen/Qwen3-Embedding-0.6B,0.1,de,linear,QM_minus_MQ,4.0,5.073690592547926,0.9967984557921824,0.9998776660379856,9.106205323473876e-05,0.0033222591362126,0.0193167753394141,-0.032855211694742,-0.046927390131838,0.0223707901004171,,,,,
Qwen/Qwen3-Embedding-0.6B,0.1,de,linear,QT_minus_TQ,4.0,4.6464955246885005,0.9918317672201044,0.9998821049765556,7.978585525174376e-05,0.0033222591362126,0.0313183873378348,0.0587571420241046,-0.0094456307440302,-0.0811546366888825,,,,,
Qwen/Qwen3-Embedding-0.6B,0.1,de,linear,MT_minus_TM,4.0,6.108506785262231,0.9970810420694012,0.9998788711659288,8.61103966253282e-05,0.0033222591362126,-0.023058054944053,-0.0135371113919086,0.0423743055935573,0.0478453688741299,,,,,
Qwen/Qwen3-Embedding-0.6B,0.1,de,affine,NQ_minus_QN,4.0,5.65641898473156,0.997770804036349,0.9998860594851632,9.141842532016111e-05,0.0033222591362126,0.0290777166792858,-0.050831295984489,0.0061765480004143,-0.0188536281907809,,,,,
Qwen/Qwen3-Embedding-0.6B,0.1,de,affine,NM_minus_MN,4.0,7.250096211670713,0.998438062221645,0.9998791199813276,9.192676765324424e-05,0.0033222591362126,-0.0220383710139286,0.0169065642517749,-0.0436494410033543,-0.0012738659022004,,,,,
Qwen/Qwen3-Embedding-0.6B,0.1,de,affine,NT_minus_TN,4.0,6.910781630122439,0.9978971832869914,0.9998712144914772,8.252972932123423e-05,0.0033222591362126,0.0274556344732856,0.0179470246663405,-0.0012083370284127,-0.0661595517554836,,,,,
Qwen/Qwen3-Embedding-0.6B,0.1,de,affine,QM_minus_MQ,4.0,5.157425004901743,0.9971600886680604,0.9998784139195698,8.9130145587852e-05,0.0033222591362126,0.0199966514605559,-0.02806929400812,-0.0452709812735036,0.0214676949204424,,,,,
Qwen/Qwen3-Embedding-0.6B,0.1,de,affine,QT_minus_TQ,4.0,4.589447469206421,0.9894205884626835,0.9998781834872736,8.259264416491908e-05,0.0033222591362126,0.0302208927042094,0.0759516990802723,-0.0141096119422909,-0.0881633256445337,,,,,
Qwen/Qwen3-Embedding-0.6B,0.1,de,affine,MT_minus_TM,4.0,6.168325288879188,0.9965145838865505,0.9998729485707116,9.218931561547544e-05,0.0033222591362126,-0.0230775451137315,-0.0154161951197983,0.0590612787548896,0.035825206070581,,,,,
Qwen/Qwen3-Embedding-0.6B,0.1,ru,linear,NQ_minus_QN,4.0,6.775624686513387,0.9974415042191308,0.9998728207461008,9.793158483605104e-05,0.0033222591362126,0.0425423561184144,-0.058733397138915,0.0124649844024342,-0.0161320881528563,,,,,
Qwen/Qwen3-Embedding-0.6B,0.1,ru,linear,NM_minus_MN,4.0,7.176669565284513,0.9912250621359758,0.99987519338479,9.45783968744724e-05,0.0033222591362126,-0.0838200910501425,0.0804943365210153,-0.0645506945553299,0.0150777541133846,,,,,
Qwen/Qwen3-Embedding-0.6B,0.1,ru,linear,NT_minus_TN,4.0,7.837455125124192,0.999224793631007,0.9998853075361632,8.722781520213759e-05,0.0033222591362126,0.0107619137912715,0.0086896774940871,0.0284748833461235,-0.0341748410065599,,,,,
Qwen/Qwen3-Embedding-0.6B,0.1,ru,linear,QM_minus_MQ,4.0,4.896317786918914,0.9940936690749468,0.9998737360799692,8.666253031162318e-05,0.0033222591362126,-0.0007334615304498,0.0105945017585048,-0.0748156076001034,0.0227102177281303,,,,,
Qwen/Qwen3-Embedding-0.6B,0.1,ru,linear,QT_minus_TQ,4.0,5.2823972120948754,0.9955687272770056,0.999864404485801,9.741557746068512e-05,0.0033222591362126,0.0237239584229571,0.0597623367516049,0.0011315445768979,-0.0455639594520867,,,,,
Qwen/Qwen3-Embedding-0.6B,0.1,ru,linear,MT_minus_TM,4.0,6.356878036204513,0.9929232665648564,0.9998726867991908,8.683305500722329e-05,0.0033222591362126,-0.0352155919918919,-0.0434521093247458,0.0744944857897827,0.0656740127066443,,,,,
Qwen/Qwen3-Embedding-0.6B,0.1,ru,affine,NQ_minus_QN,4.0,6.669481989157974,0.9967522537668028,0.9998837466862888,7.651539172319865e-05,0.0033222591362126,0.0500039286040477,-0.0667450339817816,0.0055655704122096,-0.0133554683848404,,,,,
Qwen/Qwen3-Embedding-0.6B,0.1,ru,affine,NM_minus_MN,4.0,7.158480227603799,0.9906959746771185,0.9998741433612476,8.421709422622918e-05,0.0033222591362126,-0.0806384947698826,0.0834534988169678,-0.0748977644969074,0.0187287091010739,,,,,
Qwen/Qwen3-Embedding-0.6B,0.1,ru,affine,NT_minus_TN,4.0,7.720637121593781,0.9993302704152932,0.9998727374608004,8.897828749321256e-05,0.0033222591362126,0.0092739566811838,0.0138128855726801,0.014828623074351,-0.0376004573073543,,,,,
Qwen/Qwen3-Embedding-0.6B,0.1,ru,affine,QM_minus_MQ,4.0,4.914769217320604,0.993009694853751,0.9998805365138622,8.120369555599191e-05,0.0033222591362126,0.0006057115798333,0.0204774978972484,-0.080922270399891,0.0223377467545342,,,,,
Qwen/Qwen3-Embedding-0.6B,0.1,ru,affine,QT_minus_TQ,4.0,5.185908456452117,0.9930750886277222,0.9998829550589846,8.609465226950857e-05,0.0033222591362126,0.0277209891026228,0.0740447197153375,-0.0044090032697391,-0.0601342159944063,,,,,
Qwen/Qwen3-Embedding-0.6B,0.1,ru,affine,MT_minus_TM,4.0,6.294631122858977,0.9928617611160911,0.9998771310195486,8.442646523701038e-05,0.0033222591362126,-0.0355894860238754,-0.0475577127164354,0.0821964585226645,0.0538595949996552,,,,,
Qwen/Qwen3-Embedding-0.6B,0.1,zh,linear,NQ_minus_QN,4.0,6.439155728143952,0.998879899457062,0.9998724222701256,8.897059091647317e-05,0.0033222591362126,0.033262565420968,-0.016187496695278,-0.000731707660715,-0.0222098009305749,,,,,
Qwen/Qwen3-Embedding-0.6B,0.1,zh,linear,NM_minus_MN,4.0,8.742035678181743,0.9989683835873694,0.9998809948424324,8.183800391708273e-05,0.0033222591362126,0.0206025897183582,-0.008496228412828,-0.0484991035403935,0.0035748262355133,,,,,
Qwen/Qwen3-Embedding-0.6B,0.1,zh,linear,NT_minus_TN,4.0,8.628752474893176,0.9957616051385988,0.9998791298256602,8.431988090003292e-05,0.0033222591362126,0.0686803877133388,0.0531497392310675,-0.007796161550503,-0.0699494704382491,,,,,
Qwen/Qwen3-Embedding-0.6B,0.1,zh,linear,QM_minus_MQ,4.0,5.724066038017499,0.995611835765931,0.999879166100338,9.337588734449128e-05,0.0033222591362126,0.0085657798455501,0.0084783983970212,-0.0661250152508668,0.0246717878337397,,,,,
Qwen/Qwen3-Embedding-0.6B,0.1,zh,linear,QT_minus_TQ,4.0,5.734122101237248,0.9980140629909467,0.9998850075279928,8.65532741156345e-05,0.0033222591362126,0.0180851821586274,0.034553718947703,-0.0088683554512901,-0.0427283142886438,,,,,
Qwen/Qwen3-Embedding-0.6B,0.1,zh,linear,MT_minus_TM,4.0,7.438252429111708,0.9956275975774208,0.9998774234435496,8.988718107702287e-05,0.0033222591362126,-0.0054250932589732,-0.0117978637640491,0.0750429674099684,0.0338888141099114,,,,,
Qwen/Qwen3-Embedding-0.6B,0.1,zh,affine,NQ_minus_QN,4.0,6.404510986973136,0.9992861779615868,0.9998741640013616,9.50247910403462e-05,0.0033222591362126,0.0267905396512736,-0.0161391331047125,0.0017307843931038,-0.0147541558600563,,,,,
Qwen/Qwen3-Embedding-0.6B,0.1,zh,affine,NM_minus_MN,4.0,8.699314135808889,0.9989752385480238,0.9998781719011984,8.61873273317198e-05,0.0033222591362126,0.0276338305219678,-0.0153488318476047,-0.0439516571166926,0.0075553460314204,,,,,
Qwen/Qwen3-Embedding-0.6B,0.1,zh,affine,NT_minus_TN,4.0,8.624736181679205,0.996261280843246,0.9998783725027794,8.764294390906541e-05,0.0033222591362126,0.0627747209370666,0.0536875171095004,-0.012709214774977,-0.0662022650386739,,,,,
Qwen/Qwen3-Embedding-0.6B,0.1,zh,affine,QM_minus_MQ,4.0,5.6730589109653975,0.9935512729477104,0.99987570405494,9.003809413352314e-05,0.0033222591362126,0.0095942412061451,0.0116874763282505,-0.079015026681417,0.031129443499986,,,,,
Qwen/Qwen3-Embedding-0.6B,0.1,zh,affine,QT_minus_TQ,4.0,5.62004695202457,0.996687818176655,0.999876883278977,8.46969340478589e-05,0.0033222591362126,0.0174614167225682,0.0447120759186732,-0.0070733695508588,-0.0569481709886838,,,,,
Qwen/Qwen3-Embedding-0.6B,0.1,zh,affine,MT_minus_TM,4.0,7.2908271612073,0.9955780631388196,0.9998768867688554,8.172398844098334e-05,0.0033222591362126,-0.0038546780391011,-0.0211161165713155,0.0819074245358304,0.0188409305540947,,,,,
Qwen/Qwen3-Embedding-0.6B,0.1,ar,linear,NQ_minus_QN,4.0,6.021822979760231,0.9951623040435,0.9998855735316192,7.945597819506029e-05,0.0033222591362126,0.0620131825541837,-0.0609838401711413,-0.0136420258058864,-0.0215421268015487,,,,,
Qwen/Qwen3-Embedding-0.6B,0.1,ar,linear,NM_minus_MN,4.0,7.782844821056669,0.9947210762034484,0.9998644872144484,8.784239407693108e-05,0.0033222591362126,-0.0631906081402427,0.0518290881775349,-0.0626976350275695,0.0017988413941738,,,,,
Qwen/Qwen3-Embedding-0.6B,0.1,ar,linear,NT_minus_TN,4.0,7.655626916066144,0.9966359878763807,0.9998885174847632,8.274200950145029e-05,0.0033222591362126,0.0726340921984607,-0.0223975093598568,-0.0360503878906208,-0.0249712620380033,,,,,
Qwen/Qwen3-Embedding-0.6B,0.1,ar,linear,QM_minus_MQ,4.0,5.295616832841332,0.9982748609038103,0.9998798562341352,8.652448808002946e-05,0.0033222591362126,-0.0063262835878412,-0.0053195332067965,-0.0350297516244584,0.0263873892064766,,,,,
Qwen/Qwen3-Embedding-0.6B,0.1,ar,linear,QT_minus_TQ,4.0,4.929616315716356,0.9914142126059564,0.9998738152496092,8.628110464460767e-05,0.0033222591362126,0.0175943184126089,0.0766394258588765,-0.0047776194902661,-0.0797684244534234,,,,,
Qwen/Qwen3-Embedding-0.6B,0.1,ar,linear,MT_minus_TM,4.0,6.364399367436947,0.9970803106797086,0.9998786706546128,8.297346805482349e-05,0.0033222591362126,-0.0343592504973965,-0.0044339087462485,0.0552625914694197,0.0219367082399708,,,,,
Qwen/Qwen3-Embedding-0.6B,0.1,ar,affine,NQ_minus_QN,4.0,5.992411939202176,0.994506210940692,0.9998775599909412,8.721380048819725e-05,0.0033222591362126,0.0657614135710961,-0.0644971944075928,-0.0198623471236539,-0.020274863145225,,,,,
Qwen/Qwen3-Embedding-0.6B,0.1,ar,affine,NM_minus_MN,4.0,7.65593368091101,0.9950485626084554,0.9998727568431516,9.726672840737622e-05,0.0033222591362126,-0.0544620780315103,0.0496612664198898,-0.067688197032904,0.008337520245608,,,,,
Qwen/Qwen3-Embedding-0.6B,0.1,ar,affine,NT_minus_TN,4.0,7.749362439595315,0.9954291378174294,0.9998814750576775,7.830079822976474e-05,0.0033222591362126,0.083728502920491,-0.0180694617381037,-0.0356758746280798,-0.0469773532784705,,,,,
Qwen/Qwen3-Embedding-0.6B,0.1,ar,affine,QM_minus_MQ,4.0,5.350045890572431,0.9978880308517708,0.9998730268394151,9.214898725238492e-05,0.0033222591362126,-0.0035723354999559,-0.0132787923573612,-0.0385988510858832,0.0303892316742771,,,,,
Qwen/Qwen3-Embedding-0.6B,0.1,ar,affine,QT_minus_TQ,4.0,4.913575768593627,0.9903773361022488,0.999874108929907,8.899029098424556e-05,0.0033222591362126,0.0148550108655698,0.0843490920139237,-0.0036444683141093,-0.0830683751386119,,,,,
Qwen/Qwen3-Embedding-0.6B,0.1,ar,affine,MT_minus_TM,4.0,6.396778991305389,0.9971015843222436,0.9998819550533518,8.722041900633617e-05,0.0033222591362126,-0.0291762756455634,-0.0158010226639402,0.0598038897832918,0.0118730055620313,,,,,
Qwen/Qwen3-Embedding-0.6B,1.0,en,linear,NQ_minus_QN,4.0,5.576197379571444,0.9984768107918706,0.9998843368973904,8.30367598936289e-05,0.0033222591362126,0.0240618460352722,-0.0458627982828299,-0.003621167379704,-0.0108224654206288,,,,,
Qwen/Qwen3-Embedding-0.6B,1.0,en,linear,NM_minus_MN,4.0,7.570170227737035,0.9911400594206812,0.9998803247352588,9.023203931963056e-05,0.0033222591362126,-0.098090118970364,0.085925991370478,-0.0730640588960264,0.0237207347289858,,,,,
Qwen/Qwen3-Embedding-0.6B,1.0,en,linear,NT_minus_TN,4.0,6.818126102381598,0.9962245370079456,0.9998738451838524,8.531837389506636e-05,0.0033222591362126,0.0340371996907972,0.052183340928276,0.001190552896567,-0.0915106526724591,,,,,
Qwen/Qwen3-Embedding-0.6B,1.0,en,linear,QM_minus_MQ,4.0,4.849087085206696,0.9995101755891456,0.9998713290996306,9.2010946371044e-05,0.0066445182724252,-0.0087954958268651,0.0228941238030227,-0.0037958680470156,0.0064547783853527,,,,,
Qwen/Qwen3-Embedding-0.6B,1.0,en,linear,QT_minus_TQ,4.0,4.402341512350412,0.9957069610851657,0.9998863689275782,8.139193443093911e-05,0.0033222591362126,0.0248175653183995,0.0503889539320299,-0.0021583430759244,-0.0517138886803153,,,,,
Qwen/Qwen3-Embedding-0.6B,1.0,en,linear,MT_minus_TM,4.0,6.131169870674487,0.9963307011420356,0.9998740052502356,8.987161300969659e-05,0.0033222591362126,-0.0237702346958883,-0.0096944647884687,0.0677119337774037,0.0245983485920297,,,,,
Qwen/Qwen3-Embedding-0.6B,1.0,en,affine,NQ_minus_QN,4.0,5.385760356955143,0.9987361955623644,0.999878208607224,8.484971598501565e-05,0.0033222591362126,0.0210770337276994,-0.0347197957360349,-0.0077184331558731,-0.0151105042564295,,,,,
Qwen/Qwen3-Embedding-0.6B,1.0,en,affine,NM_minus_MN,4.0,7.622333894024899,0.9908831174007892,0.999885940071935,8.220188020063384e-05,0.0033222591362126,-0.0948425114897932,0.0940698584399313,-0.0811528997622358,0.0223554194927647,,,,,
Qwen/Qwen3-Embedding-0.6B,1.0,en,affine,NT_minus_TN,4.0,6.787079116380615,0.9942586487931891,0.9998802731065892,8.49967819535488e-05,0.0033222591362126,0.0377139628875625,0.0635134835479366,0.0027858212898343,-0.115046355770982,,,,,
Qwen/Qwen3-Embedding-0.6B,1.0,en,affine,QM_minus_MQ,4.0,4.854697181830087,0.9994938540581676,0.9998672591678796,8.960457612097646e-05,0.0066445182724252,-0.0110261415521595,0.0200146412871159,-0.0004115378957099,0.0104662765374122,,,,,
Qwen/Qwen3-Embedding-0.6B,1.0,en,affine,QT_minus_TQ,4.0,4.317923660044853,0.99517822166029,0.9998749815932844,8.058142487201677e-05,0.0033222591362126,0.0202909413304309,0.0529460751327514,0.0050548220377624,-0.059687655671118,,,,,
Qwen/Qwen3-Embedding-0.6B,1.0,en,affine,MT_minus_TM,4.0,6.118115641666673,0.9958544946998787,0.999882257518691,7.82974110411695e-05,0.0033222591362126,-0.0245897435701086,-0.0164457151739732,0.0763229427669395,0.0132326631450603,,,,,
Qwen/Qwen3-Embedding-0.6B,1.0,es,linear,NQ_minus_QN,4.0,6.048014292259345,0.996090041511532,0.9998743341427168,9.441285790858494e-05,0.0033222591362126,0.0646453351421362,-0.0446390749151906,0.003944915778752,-0.0222318497778091,,,,,
Qwen/Qwen3-Embedding-0.6B,1.0,es,linear,NM_minus_MN,4.0,6.944970395366846,0.9943258930310824,0.999875214876536,9.139240166792832e-05,0.0033222591362126,-0.0694494434016625,0.0326610947475742,-0.0564047846769025,0.0229515717709718,,,,,
Qwen/Qwen3-Embedding-0.6B,1.0,es,linear,NT_minus_TN,4.0,6.7720632071353855,0.9961231944422584,0.9998734359406865,8.9383858317249e-05,0.0033222591362126,0.0634947253027073,0.0140674251753709,0.006186818377744,-0.0629746451939529,,,,,
Qwen/Qwen3-Embedding-0.6B,1.0,es,linear,QM_minus_MQ,4.0,5.1119078886346685,0.9980369540206384,0.999874027619252,8.98089498645919e-05,0.0033222591362126,-0.0018413337271192,-0.014667202914516,-0.0410264607392587,0.0159679543172262,,,,,
Qwen/Qwen3-Embedding-0.6B,1.0,es,linear,QT_minus_TQ,4.0,4.542270518091155,0.992003742610289,0.9998762428053156,8.912289535709449e-05,0.0033222591362126,0.0231620087271432,0.0535686956194862,-0.0032873439051311,-0.082952371238018,,,,,
Qwen/Qwen3-Embedding-0.6B,1.0,es,linear,MT_minus_TM,4.0,5.719187047449805,0.9988865907522094,0.9998769220872422,8.374114188869121e-05,0.0033222591362126,-0.0166388828396705,0.0051288993859478,0.0365263619184044,0.004202074935164,,,,,
Qwen/Qwen3-Embedding-0.6B,1.0,es,affine,NQ_minus_QN,4.0,5.992930813596023,0.9955747715998416,0.9998820059584752,9.380073346200778e-05,0.0033222591362126,0.0670884210949291,-0.0539036234410591,-0.0013781099722585,-0.0192503821059428,,,,,
Qwen/Qwen3-Embedding-0.6B,1.0,es,affine,NM_minus_MN,4.0,7.1242912835862215,0.9929930705617812,0.9998773062860208,8.402176262238624e-05,0.0033222591362126,-0.0771548480383525,0.0405792641966769,-0.0666523549139606,0.0274959249641841,,,,,
Qwen/Qwen3-Embedding-0.6B,1.0,es,affine,NT_minus_TN,4.0,6.7501549347451375,0.9959609610848444,0.9998701471280532,9.317248773782824e-05,0.0033222591362126,0.0572980372290249,0.0164808942627335,0.0121228791887913,-0.0751120742816322,,,,,
Qwen/Qwen3-Embedding-0.6B,1.0,es,affine,QM_minus_MQ,4.0,5.081565586219516,0.9973975744568352,0.9998759423731524,8.565499819088644e-05,0.0033222591362126,-0.0048504914191051,-0.0054731107340596,-0.0486475681922334,0.0196867851069351,,,,,
Qwen/Qwen3-Embedding-0.6B,1.0,es,affine,QT_minus_TQ,4.0,4.404107926801179,0.9916236286977634,0.9998737970291616,9.054789702876336e-05,0.0033222591362126,0.0228434810851252,0.0580276050058385,-0.0034751757762098,-0.0811116673802937,,,,,
Qwen/Qwen3-Embedding-0.6B,1.0,es,affine,MT_minus_TM,4.0,5.753679043909913,0.9987218583677614,0.999877295854768,8.754101936258499e-05,0.0033222591362126,-0.0123759184306897,0.0051811110126446,0.0407948850250497,-0.0087399032346496,,,,,
Qwen/Qwen3-Embedding-0.6B,1.0,fr,linear,NQ_minus_QN,4.0,6.130667615244996,0.9982986076098748,0.9998861127442537,7.68761564673863e-05,0.0033222591362126,0.041136920688032,-0.0201004680379381,0.001999409544432,-0.0285579613719593,,,,,
Qwen/Qwen3-Embedding-0.6B,1.0,fr,linear,NM_minus_MN,4.0,7.485337518069848,0.9963047523414243,0.9998800521433916,8.956610502898501e-05,0.0033222591362126,-0.0716043377068462,0.0222682911349686,-0.0260642074436641,0.0305378188710305,,,,,
Qwen/Qwen3-Embedding-0.6B,1.0,fr,linear,NT_minus_TN,4.0,7.157489393189199,0.9992794714514546,0.999877712808344,8.649414448015068e-05,0.0033222591362126,0.0128375398704211,0.0286749319433647,-0.0133886398991921,-0.0344680592529631,,,,,
Qwen/Qwen3-Embedding-0.6B,1.0,fr,linear,QM_minus_MQ,4.0,5.48788542386646,0.9976878145504664,0.999874874554409,9.604210442438406e-05,0.0033222591362126,-0.0016858352180024,-0.0177088833883705,-0.0441530182240099,0.0324772514803517,,,,,
Qwen/Qwen3-Embedding-0.6B,1.0,fr,linear,QT_minus_TQ,4.0,4.661951388359267,0.9940025219619814,0.99987201881916,8.933207716200922e-05,0.0033222591362126,0.0229850881329446,0.0616010731496085,-0.0039414981150911,-0.0659974600137701,,,,,
Qwen/Qwen3-Embedding-0.6B,1.0,fr,linear,MT_minus_TM,4.0,6.212036884230535,0.9955509720561122,0.9998798823582024,8.386580298325247e-05,0.0033222591362126,-0.0311716667687751,-0.0228370523181851,0.0674153181583217,0.0425541478103054,,,,,
Qwen/Qwen3-Embedding-0.6B,1.0,fr,affine,NQ_minus_QN,4.0,6.136621887018255,0.9980253542374208,0.9998852867581596,7.913402146211749e-05,0.0033222591362126,0.0446087400998055,-0.0329410305201308,0.0028107665260695,-0.0171977760953272,,,,,
Qwen/Qwen3-Embedding-0.6B,1.0,fr,affine,NM_minus_MN,4.0,7.72211833894994,0.9956913313189558,0.9998712666690248,8.403780104502601e-05,0.0033222591362126,-0.0733469115846908,0.0265312302672677,-0.0390168350150565,0.0447965137609999,,,,,
Qwen/Qwen3-Embedding-0.6B,1.0,fr,affine,NT_minus_TN,4.0,7.3405469625550674,0.998992192891626,0.9998719810674128,8.608304929762095e-05,0.0033222591362126,-0.0045806456965667,0.0480066811470525,-0.009199312553889,-0.037093134520467,,,,,
Qwen/Qwen3-Embedding-0.6B,1.0,fr,affine,QM_minus_MQ,4.0,5.57304064155954,0.9958725815639936,0.9998862540055946,7.282171765368644e-05,0.0033222591362126,-0.0064087505268811,-0.0078566827272044,-0.0595791376512672,0.0436210198348036,,,,,
Qwen/Qwen3-Embedding-0.6B,1.0,fr,affine,QT_minus_TQ,4.0,4.568244330659153,0.990682337268776,0.9998783471004344,8.958001542925498e-05,0.0033222591362126,0.0295657085354821,0.0726144371986638,-0.0039441560923545,-0.0808609727169857,,,,,
Qwen/Qwen3-Embedding-0.6B,1.0,fr,affine,MT_minus_TM,4.0,6.372967435236691,0.9919668012005676,0.99987589950156,9.379293646145756e-05,0.0033222591362126,-0.0314092846916655,-0.0218902744358487,0.1050150286706504,0.0203662865822437,,,,,
Qwen/Qwen3-Embedding-0.6B,1.0,de,linear,NQ_minus_QN,4.0,5.581544207291731,0.9982346211314476,0.9998830506023731,8.553615093473158e-05,0.0033222591362126,0.0311766838020397,-0.0438866633685094,0.0081319187160436,-0.0148909459798076,,,,,
Qwen/Qwen3-Embedding-0.6B,1.0,de,linear,NM_minus_MN,4.0,7.031199408428909,0.9990397067800436,0.9998714487026896,8.600416777557426e-05,0.0033222591362126,-0.0201882973875369,0.0045061996210967,-0.0312434140746529,0.0045484297976081,,,,,
Qwen/Qwen3-Embedding-0.6B,1.0,de,linear,NT_minus_TN,4.0,6.924276111996728,0.9990846484826192,0.9998784314749208,8.091841687941449e-05,0.0033222591362126,0.0207258080641927,0.0076557164739679,0.0007885396311419,-0.0432019063831062,,,,,
Qwen/Qwen3-Embedding-0.6B,1.0,de,linear,QM_minus_MQ,4.0,5.00694952124126,0.9966207330893008,0.9998776643104,9.090415199006488e-05,0.0033222591362126,0.0192586882761314,-0.0295469687060334,-0.0497110765152702,0.022470472852121,,,,,
Qwen/Qwen3-Embedding-0.6B,1.0,de,linear,QT_minus_TQ,4.0,4.598231141495103,0.9914031078542862,0.9998821877801742,7.979486211777226e-05,0.0033222591362126,0.0313263026911665,0.0603510705508939,-0.0093499334591307,-0.0832815982291241,,,,,
Qwen/Qwen3-Embedding-0.6B,1.0,de,linear,MT_minus_TM,4.0,6.015417562888756,0.9971937488141088,0.9998788684145704,8.611625968764511e-05,0.0033222591362126,-0.0226473494506386,-0.0129686633283812,0.0447126032537729,0.0427623737192437,,,,,
Qwen/Qwen3-Embedding-0.6B,1.0,de,affine,NQ_minus_QN,4.0,5.587140957370931,0.99760700171371,0.9998860929048334,9.149136823800648e-05,0.0033222591362126,0.0319034628628924,-0.0520571390476047,0.0059955833058173,-0.0189845833788223,,,,,
Qwen/Qwen3-Embedding-0.6B,1.0,de,affine,NM_minus_MN,4.0,7.136597977379365,0.9984598684164134,0.9998791454608404,9.189738757755644e-05,0.0033222591362126,-0.018011132013938,0.0164760368410347,-0.0457754565038209,-0.0008201477929302,,,,,
Qwen/Qwen3-Embedding-0.6B,1.0,de,affine,NT_minus_TN,4.0,6.816845136433878,0.9977615272453824,0.999871215409636,8.254992952445217e-05,0.0033222591362126,0.0296320716549341,0.0178883471886295,-0.0013774481208358,-0.0674538589825231,,,,,
Qwen/Qwen3-Embedding-0.6B,1.0,de,affine,QM_minus_MQ,4.0,5.0864939477462565,0.99692863501079,0.9998784220741532,8.890740629156939e-05,0.0033222591362126,0.0199466887771056,-0.0244928689444965,-0.0485461176481135,0.0216636339643949,,,,,
Qwen/Qwen3-Embedding-0.6B,1.0,de,affine,QT_minus_TQ,4.0,4.540571186178704,0.9888943924297244,0.9998782762323288,8.262221636621185e-05,0.0033222591362126,0.0303205642339719,0.0774775463976421,-0.0139610958190108,-0.090494106419785,,,,,
Qwen/Qwen3-Embedding-0.6B,1.0,de,affine,MT_minus_TM,4.0,6.071162100061137,0.9965052590509612,0.9998729071327944,9.224448360864644e-05,0.0033222591362126,-0.0226073225787993,-0.0148345820490015,0.0614246593873982,0.030458827520864,,,,,
Qwen/Qwen3-Embedding-0.6B,1.0,ru,linear,NQ_minus_QN,4.0,6.675368895906377,0.9971116491440896,0.999872826438427,9.80712145504556e-05,0.0033222591362126,0.0464033948262333,-0.060944485379652,0.0121470006572725,-0.0164082806921117,,,,,
Qwen/Qwen3-Embedding-0.6B,1.0,ru,linear,NM_minus_MN,4.0,7.040085868478023,0.9916229228243814,0.9998751012187036,9.460246629048656e-05,0.0033222591362126,-0.0773137420773936,0.0790753736516639,-0.0678877088020954,0.014696264827245,,,,,
Qwen/Qwen3-Embedding-0.6B,1.0,ru,linear,NT_minus_TN,4.0,7.707448039614252,0.9991136538754644,0.9998852788116928,8.73007370668423e-05,0.0033222591362126,0.014600535192262,0.0084408330912421,0.0275790403975446,-0.0368830089774043,,,,,
Qwen/Qwen3-Embedding-0.6B,1.0,ru,linear,QM_minus_MQ,4.0,4.8247149360831365,0.9934667774781496,0.99987364735952,8.6694291833002e-05,0.0033222591362126,-0.0003548429238714,0.0140311883978782,-0.0782780839151918,0.0226306561761641,,,,,
Qwen/Qwen3-Embedding-0.6B,1.0,ru,linear,QT_minus_TQ,4.0,5.214700318952502,0.9951416825568552,0.9998642173253924,9.766490157296198e-05,0.0033222591362126,0.0238474188340828,0.0622613899860091,0.0008427931138369,-0.0495794103394188,,,,,
Qwen/Qwen3-Embedding-0.6B,1.0,ru,linear,MT_minus_TM,4.0,6.245099722230576,0.9930414061242072,0.9998728200115238,8.658961935325069e-05,0.0033222591362126,-0.034813186916183,-0.0424142502018528,0.0772040067146873,0.0601433504023272,,,,,
Qwen/Qwen3-Embedding-0.6B,1.0,ru,affine,NQ_minus_QN,4.0,6.568688517923182,0.9963380669629972,0.9998837951550243,7.642128177823507e-05,0.0033222591362126,0.0540854967876304,-0.0690880677213629,0.0052016640655922,-0.0136605757073658,,,,,
Qwen/Qwen3-Embedding-0.6B,1.0,ru,affine,NM_minus_MN,4.0,7.020336523452809,0.9910463674091976,0.9998741937087492,8.434860595927822e-05,0.0033222591362126,-0.0739380706920032,0.0819985742074947,-0.0781973159558831,0.0182145709047717,,,,,
Qwen/Qwen3-Embedding-0.6B,1.0,ru,affine,NT_minus_TN,4.0,7.588987678658915,0.999209207866214,0.9998726738548542,8.902340304890242e-05,0.0033222591362126,0.0133940747390853,0.0135813297719937,0.0140081093550275,-0.0403972288319769,,,,,
Qwen/Qwen3-Embedding-0.6B,1.0,ru,affine,QM_minus_MQ,4.0,4.842274506009478,0.9922280435999866,0.9998805041412182,8.133101755885464e-05,0.0033222591362126,0.000961827804542,0.0243056346747079,-0.0846332552682226,0.0221471394700482,,,,,
Qwen/Qwen3-Embedding-0.6B,1.0,ru,affine,QT_minus_TQ,4.0,5.11945121274498,0.9924619586350408,0.999882913380666,8.57586383753842e-05,0.0033222591362126,0.0278335137386621,0.0767686731613941,-0.0047235735681286,-0.0642312350903851,,,,,
Qwen/Qwen3-Embedding-0.6B,1.0,ru,affine,MT_minus_TM,4.0,6.180967740006393,0.9928565051609672,0.999877056480534,8.465604737710796e-05,0.0033222591362126,-0.0352356282271604,-0.0462054132988101,0.0852074987876643,0.0479914457023372,,,,,
Qwen/Qwen3-Embedding-0.6B,1.0,zh,linear,NQ_minus_QN,4.0,6.343147522148943,0.998703350483928,0.9998722817627772,8.899431134804677e-05,0.0033222591362126,0.0362160488456805,-0.0183365022323309,-0.0008170557694469,-0.0220674931403544,,,,,
Qwen/Qwen3-Embedding-0.6B,1.0,zh,linear,NM_minus_MN,4.0,8.588381795156927,0.9988195632804588,0.9998810549616116,8.181430510456788e-05,0.0033222591362126,0.0234087503223004,-0.0080429999089421,-0.0511372380604877,0.003223394987797,,,,,
Qwen/Qwen3-Embedding-0.6B,1.0,zh,linear,NT_minus_TN,4.0,8.483941695560784,0.9955432822784892,0.9998791396376044,8.43775211443815e-05,0.0033222591362126,0.0704328048872886,0.0523565976155707,-0.007860400007065,-0.0718192438739732,,,,,
Qwen/Qwen3-Embedding-0.6B,1.0,zh,linear,QM_minus_MQ,4.0,5.638563447258584,0.9952526453024948,0.9998792086882328,9.323806749888824e-05,0.0033222591362126,0.0087112609403414,0.0105307216286292,-0.0686511580580646,0.0242551686068421,,,,,
Qwen/Qwen3-Embedding-0.6B,1.0,zh,linear,QT_minus_TQ,4.0,5.652752639581585,0.9977443952292124,0.9998851245945284,8.660360951676667e-05,0.0033222591362126,0.0183338002496229,0.036873861966377,-0.008951336484232,-0.0458117983552186,,,,,
Qwen/Qwen3-Embedding-0.6B,1.0,zh,linear,MT_minus_TM,4.0,7.308309482801867,0.9955868678707376,0.999877408585404,8.995469448366841e-05,0.0033222591362126,-0.0050970985937744,-0.0112218525163846,0.0770528843828684,0.0290591828515015,,,,,
Qwen/Qwen3-Embedding-0.6B,1.0,zh,affine,NQ_minus_QN,4.0,6.307102824921506,0.9991183528576342,0.9998740939553562,9.505259187033308e-05,0.0033222591362126,0.0300939160233091,-0.0183310658947545,0.0015082944046996,-0.0148462165227276,,,,,
Qwen/Qwen3-Embedding-0.6B,1.0,zh,affine,NM_minus_MN,4.0,8.543866612553668,0.9987981491525064,0.9998781705480192,8.607077291810462e-05,0.0033222591362126,0.0306186647334493,-0.014975880830443,-0.0469743013489046,0.0072376193853681,,,,,
Qwen/Qwen3-Embedding-0.6B,1.0,zh,affine,NT_minus_TN,4.0,8.475143883961978,0.99601961583792,0.999878357353004,8.768718667904175e-05,0.0033222591362126,0.0648965406974509,0.052982272731911,-0.0127339707608865,-0.0685480227186648,,,,,
Qwen/Qwen3-Embedding-0.6B,1.0,zh,affine,QM_minus_MQ,4.0,5.586990488689777,0.9930857352374398,0.9998757628563442,8.996128814995343e-05,0.0033222591362126,0.0096613206457433,0.0139939161792902,-0.0816395651693236,0.0307266695241126,,,,,
Qwen/Qwen3-Embedding-0.6B,1.0,zh,affine,QT_minus_TQ,4.0,5.53908572905825,0.9962854658497462,0.99987708273029,8.453703538958938e-05,0.0033222591362126,0.0177006671086307,0.0473043096535991,-0.0071213382005533,-0.0602511485109419,,,,,
Qwen/Qwen3-Embedding-0.6B,1.0,zh,affine,MT_minus_TM,4.0,7.160468742074857,0.9954178631841948,0.9998769542959326,8.159896825793755e-05,0.0033222591362126,-0.003437053434214,-0.0203206247020833,0.0842172088208525,0.0136185689588325,,,,,
Qwen/Qwen3-Embedding-0.6B,1.0,ar,linear,NQ_minus_QN,4.0,5.944308465545018,0.9946986355066588,0.999885517460806,7.92401498420656e-05,0.0033222591362126,0.0651832520283169,-0.0632360686735965,-0.0133930621925926,-0.0218907761557165,,,,,
Qwen/Qwen3-Embedding-0.6B,1.0,ar,linear,NM_minus_MN,4.0,7.652701157115981,0.9948014591202202,0.9998646753416204,8.772262229442402e-05,0.0033222591362126,-0.0590299310507835,0.0513712448870502,-0.0654193480211222,0.0021650878775371,,,,,
Qwen/Qwen3-Embedding-0.6B,1.0,ar,linear,NT_minus_TN,4.0,7.539725605235998,0.9963297794768704,0.9998884626628408,8.285632208086653e-05,0.0033222591362126,0.0754186799711376,-0.0217736496665023,-0.0356952268821843,-0.0292841999703184,,,,,
Qwen/Qwen3-Embedding-0.6B,1.0,ar,linear,QM_minus_MQ,4.0,5.217052323187286,0.9979988102242984,0.9998798050980264,8.653661871856332e-05,0.0033222591362126,-0.0060726220050493,-0.0014772285138107,-0.0388736045285003,0.0263411042338186,,,,,
Qwen/Qwen3-Embedding-0.6B,1.0,ar,linear,QT_minus_TQ,4.0,4.87255479675312,0.9906901707965372,0.9998736744093374,8.633679204220238e-05,0.0033222591362126,0.0178005130883419,0.0789591408710058,-0.0048230213000664,-0.0833439506095173,,,,,
Qwen/Qwen3-Embedding-0.6B,1.0,ar,linear,MT_minus_TM,4.0,6.2632693954622205,0.9969925743645032,0.9998785669768412,8.30625792035141e-05,0.0033222591362126,-0.0335323549270457,-0.0041992783415077,0.0579951876958247,0.0172071388703756,,,,,
Qwen/Qwen3-Embedding-0.6B,1.0,ar,affine,NQ_minus_QN,4.0,5.91240873231886,0.9940237149665032,0.9998777030595776,8.693721568906563e-05,0.0033222591362126,0.0688525252100205,-0.0667260039143576,-0.0195920628003054,-0.0205637329045304,,,,,
Qwen/Qwen3-Embedding-0.6B,1.0,ar,affine,NM_minus_MN,4.0,7.526500372183752,0.9950782361149008,0.999872750461976,9.735159196135242e-05,0.0033222591362126,-0.0502641225777102,0.0493025675902121,-0.0704590488250668,0.0085580310519735,,,,,
Qwen/Qwen3-Embedding-0.6B,1.0,ar,affine,NT_minus_TN,4.0,7.627508318344876,0.9950285964038376,0.9998815406124252,7.833368682832952e-05,0.0033222591362126,0.086408261792986,-0.0173233863883479,-0.0353382334803798,-0.0511225515741333,,,,,
Qwen/Qwen3-Embedding-0.6B,1.0,ar,affine,QM_minus_MQ,4.0,5.267128090938603,0.9976150151008788,0.9998730138401212,9.230760770803404e-05,0.0033222591362126,-0.0033412357901152,-0.0089872749392982,-0.0425218607194545,0.0303245844646288,,,,,
Qwen/Qwen3-Embedding-0.6B,1.0,ar,affine,QT_minus_TQ,4.0,4.854205736551675,0.9895751083034656,0.9998740444904244,8.899196735680173e-05,0.0033222591362126,0.015088817999916,0.0868479133236438,-0.0037173474356733,-0.0866857760985613,,,,,
Qwen/Qwen3-Embedding-0.6B,1.0,ar,affine,MT_minus_TM,4.0,6.290270113576056,0.996911076972424,0.9998819328135188,8.724823083731225e-05,0.0033222591362126,-0.0284567915005392,-0.0153750149277764,0.062710632543685,0.0069478306336492,,,,,
Qwen/Qwen3-Embedding-0.6B,10.0,en,linear,NQ_minus_QN,4.0,4.967653704856865,0.9973608428624116,0.9998847716821696,8.168447447464928e-05,0.0033222591362126,0.0418273022581699,-0.0520692444342454,-0.0029346782115024,-0.0120174672825981,,,,,
Qwen/Qwen3-Embedding-0.6B,10.0,en,linear,NM_minus_MN,4.0,6.542280275301586,0.992316357172917,0.999879376436994,9.15543446692036e-05,0.0033222591362126,-0.0675684502997617,0.0791579583541166,-0.0810273701443636,0.0238172950097806,,,,,
Qwen/Qwen3-Embedding-0.6B,10.0,en,linear,NT_minus_TN,4.0,5.99785674303767,0.9945313506915022,0.9998745844724412,8.517372476208872e-05,0.0033222591362126,0.046645578738894,0.0506152806688704,0.0014215841366924,-0.102131203340636,,,,,
Qwen/Qwen3-Embedding-0.6B,10.0,en,linear,QM_minus_MQ,4.0,4.296894164063566,0.9978848016649516,0.999871558002578,9.091372227920569e-05,0.0033222591362126,-0.0078200828927498,0.0402939934014061,-0.0293522383740668,0.0056975886874059,,,,,
Qwen/Qwen3-Embedding-0.6B,10.0,en,linear,QT_minus_TQ,4.0,3.9823649544869255,0.992404440015496,0.9998854151537254,8.150659575443441e-05,0.0033222591362126,0.0257709625836924,0.0646046033903243,-0.0029229609312073,-0.0742527016515487,,,,,
Qwen/Qwen3-Embedding-0.6B,10.0,en,linear,MT_minus_TM,4.0,5.336120604512419,0.9954836181506942,0.9998748389569584,8.891813375692575e-05,0.0033222591362126,-0.0175972473279816,-0.0042034960156103,0.0781225174264312,-0.0108667356959525,,,,,
Qwen/Qwen3-Embedding-0.6B,10.0,en,affine,NQ_minus_QN,4.0,4.788860250546549,0.997658060911407,0.9998772823476132,8.56966479407966e-05,0.0033222591362126,0.0399671664139276,-0.0411841573978815,-0.0068444533916233,-0.0176970777433299,,,,,
Qwen/Qwen3-Embedding-0.6B,10.0,en,affine,NM_minus_MN,4.0,6.557184773808053,0.992207123290157,0.9998865674028494,8.176391722034835e-05,0.0033222591362126,-0.0624596582834879,0.0855036142574772,-0.0867816987489463,0.0216600667601588,,,,,
Qwen/Qwen3-Embedding-0.6B,10.0,en,affine,NT_minus_TN,4.0,5.936048740847934,0.992478861325738,0.9998810947240588,8.512655413926523e-05,0.0033222591362126,0.0492990884138294,0.0619858970757729,0.0026342177333572,-0.1219038613082002,,,,,
Qwen/Qwen3-Embedding-0.6B,10.0,en,affine,QM_minus_MQ,4.0,4.283719828723853,0.997872082851959,0.9998664660003884,9.121301416385157e-05,0.0033222591362126,-0.0108681177509261,0.0407559624775536,-0.0276228551073658,0.0093977028277196,,,,,
Qwen/Qwen3-Embedding-0.6B,10.0,en,affine,QT_minus_TQ,4.0,3.896208932143076,0.991192991513944,0.99987430679415,8.057990771808334e-05,0.0033222591362126,0.022487584923954,0.0683914099471531,0.0039387780384383,-0.0824612425337063,,,,,
Qwen/Qwen3-Embedding-0.6B,10.0,en,affine,MT_minus_TM,4.0,5.303469689660658,0.9943350598938128,0.9998817652365574,7.86190044984304e-05,0.0033222591362126,-0.0179372652714087,-0.0100576442828691,0.0868193641529796,-0.0220083895184143,,,,,
Qwen/Qwen3-Embedding-0.6B,10.0,es,linear,NQ_minus_QN,4.0,5.4059829605417695,0.9939205836390516,0.9998744932666844,9.381877587596223e-05,0.0033222591362126,0.0775487594421012,-0.0523067036202021,0.0065074494485084,-0.0237120795791786,,,,,
Qwen/Qwen3-Embedding-0.6B,10.0,es,linear,NM_minus_MN,4.0,5.998127022980007,0.9956310555738992,0.9998751819514512,9.1188423050926e-05,0.0033222591362126,-0.0347337616782403,0.0277404816437161,-0.0693396177912824,0.020801893396886,,,,,
Qwen/Qwen3-Embedding-0.6B,10.0,es,linear,NT_minus_TN,4.0,5.959039363634749,0.994312294379448,0.9998720786620088,9.045966269246574e-05,0.0033222591362126,0.0730479851099299,0.0137657434951642,0.0075416487079622,-0.0726857777786003,,,,,
Qwen/Qwen3-Embedding-0.6B,10.0,es,linear,QM_minus_MQ,4.0,4.5125870341155245,0.996010216801272,0.999874465721388,8.882175627600257e-05,0.0033222591362126,-0.0003915478766049,0.0061768042804009,-0.0621513524995663,0.0168356678713339,,,,,
Qwen/Qwen3-Embedding-0.6B,10.0,es,linear,QT_minus_TQ,4.0,4.126450926459363,0.9880002957927786,0.999876028721399,8.817330418829446e-05,0.0033222591362126,0.0230509914570303,0.0667065721628811,-0.0029556810178208,-0.0990938792845026,,,,,
Qwen/Qwen3-Embedding-0.6B,10.0,es,linear,MT_minus_TM,4.0,4.993488171416452,0.9971611066201032,0.999876396730842,8.437695352199494e-05,0.0033222591362126,-0.0139204270208159,0.0055857350050856,0.0567449433163903,-0.0240769456973004,,,,,
Qwen/Qwen3-Embedding-0.6B,10.0,es,affine,NQ_minus_QN,4.0,5.340204450630027,0.9927905061808564,0.999882954425907,9.329320392182848e-05,0.0033222591362126,0.0829925091030853,-0.0637087382184738,0.000860517996633,-0.0215638059990327,,,,,
Qwen/Qwen3-Embedding-0.6B,10.0,es,affine,NM_minus_MN,4.0,6.123744589975158,0.9944391320883582,0.9998779233775572,8.239750981142859e-05,0.0033222591362126,-0.0378430083855558,0.0327164500646868,-0.0809399273031666,0.0252213644238615,,,,,
Qwen/Qwen3-Embedding-0.6B,10.0,es,affine,NT_minus_TN,4.0,5.910305963200596,0.9934664649433864,0.9998705290010984,9.326797698812812e-05,0.0033222591362126,0.0723094698768825,0.0150150461636502,0.0121441761988041,-0.0876380096599072,,,,,
Qwen/Qwen3-Embedding-0.6B,10.0,es,affine,QM_minus_MQ,4.0,4.481492358027116,0.9944455149703076,0.9998762208819818,8.524826968278066e-05,0.0033222591362126,-0.0038915646744386,0.0180052506099139,-0.0710722933462574,0.0206177463758712,,,,,
Qwen/Qwen3-Embedding-0.6B,10.0,es,affine,QT_minus_TQ,4.0,4.000053950765698,0.9870193937007252,0.9998734132289694,9.19475519950055e-05,0.0033222591362126,0.0230562216765643,0.0734418791452844,-0.0038315784597194,-0.0985557206507343,,,,,
Qwen/Qwen3-Embedding-0.6B,10.0,es,affine,MT_minus_TM,4.0,4.993034699411083,0.9957493744160812,0.9998768817016118,8.708037539389609e-05,0.0033222591362126,-0.0097714947327926,0.0055821624931568,0.0655222377450914,-0.0401420968527424,,,,,
Qwen/Qwen3-Embedding-0.6B,10.0,fr,linear,NQ_minus_QN,4.0,5.495405369782592,0.996256842341611,0.9998869879191504,7.587102074811685e-05,0.0033222591362126,0.0613082938621431,-0.0345021214061709,0.0008837723523365,-0.0295108519417411,,,,,
Qwen/Qwen3-Embedding-0.6B,10.0,fr,linear,NM_minus_MN,4.0,6.420441410272079,0.997809217264622,0.999880101381732,9.131666946181448e-05,0.0033222591362126,-0.0286262731770906,0.0160140584577318,-0.0480139353913903,0.0258219424158824,,,,,
Qwen/Qwen3-Embedding-0.6B,10.0,fr,linear,NT_minus_TN,4.0,6.282995744683626,0.9980065163180576,0.9998784255598387,8.541540232725432e-05,0.0033222591362126,0.035484361822291,0.0261451803420298,-0.012031396129661,-0.0552747829332888,,,,,
Qwen/Qwen3-Embedding-0.6B,10.0,fr,linear,QM_minus_MQ,4.0,4.841764705824296,0.9956271965211788,0.999874022983039,9.616324624452716e-05,0.0033222591362126,-0.0024172426928485,0.0092724045144855,-0.0638675282022446,0.0310505676457405,,,,,
Qwen/Qwen3-Embedding-0.6B,10.0,fr,linear,QT_minus_TQ,4.0,4.253545493358117,0.9904034090815546,0.99987208799667,8.905259511706376e-05,0.0033222591362126,0.021762912194336,0.0756917467373003,-0.0042458163341832,-0.0852047038589166,,,,,
Qwen/Qwen3-Embedding-0.6B,10.0,fr,linear,MT_minus_TM,4.0,5.425349113494881,0.994887116533394,0.9998791528622132,8.287250769418879e-05,0.0033222591362126,-0.0248925109800755,-0.0190707200077187,0.0809979621517474,0.0043141361999971,,,,,
Qwen/Qwen3-Embedding-0.6B,10.0,fr,affine,NQ_minus_QN,4.0,5.470220548090691,0.99513748949216,0.9998839717210612,8.00034774756683e-05,0.0033222591362126,0.0687708489582817,-0.0495485171444122,0.0003349987414673,-0.0205172440688469,,,,,
Qwen/Qwen3-Embedding-0.6B,10.0,fr,affine,NM_minus_MN,4.0,6.554957555471101,0.9967862756012598,0.9998713058721828,8.349198601120006e-05,0.0033222591362126,-0.0240986200556901,0.0179678888405299,-0.0646765948078449,0.0368345446106297,,,,,
Qwen/Qwen3-Embedding-0.6B,10.0,fr,affine,NT_minus_TN,4.0,6.332614413948875,0.9975500509752908,0.9998713846803476,8.631172637551052e-05,0.0033222591362126,0.0275793165946625,0.041858522288241,-0.0082975329249318,-0.0666908958272143,,,,,
Qwen/Qwen3-Embedding-0.6B,10.0,fr,affine,QM_minus_MQ,4.0,4.8842114807417465,0.9924601740806306,0.9998869364581364,7.23377741809273e-05,0.0033222591362126,-0.0060818479495699,0.0220216830635406,-0.0811228827147355,0.0396815858505159,,,,,
Qwen/Qwen3-Embedding-0.6B,10.0,fr,affine,QT_minus_TQ,4.0,4.152614017249107,0.985487406311083,0.9998779422100372,9.13212480753823e-05,0.0033222591362126,0.0284801270899147,0.0879340505822211,-0.0030750287965979,-0.1034870451153368,,,,,
Qwen/Qwen3-Embedding-0.6B,10.0,fr,affine,MT_minus_TM,4.0,5.502396192665179,0.9895289612681342,0.9998763205736426,9.562938763119596e-05,0.0033222591362126,-0.0244626017916694,-0.0179044319309564,0.1161336928659145,-0.0222975967088193,,,,,
Qwen/Qwen3-Embedding-0.6B,10.0,de,linear,NQ_minus_QN,4.0,5.028987014384172,0.9966934876384592,0.9998830249652114,8.686308193428187e-05,0.0033222591362126,0.0490965819464279,-0.0524292841407222,0.0071053804631645,-0.0155473840253611,,,,,
Qwen/Qwen3-Embedding-0.6B,10.0,de,linear,NM_minus_MN,4.0,6.15072506884654,0.9987331109216286,0.9998719395455132,8.587078318803494e-05,0.0033222591362126,0.0065044870388566,0.004260337358427,-0.0470319802822107,0.0068880668881474,,,,,
Qwen/Qwen3-Embedding-0.6B,10.0,de,linear,NT_minus_TN,4.0,6.156437261884675,0.998243568738485,0.9998795248205378,8.040936774898023e-05,0.0033222591362126,0.0347511052210606,0.0088686944700239,0.0002033786455422,-0.0535192443974395,,,,,
Qwen/Qwen3-Embedding-0.6B,10.0,de,linear,QM_minus_MQ,4.0,4.464577617775791,0.9943328374504536,0.9998777550489863,8.921341190335843e-05,0.0033222591362126,0.0183892958722234,-0.0042717417813312,-0.0698185712666951,0.0230923569146413,,,,,
Qwen/Qwen3-Embedding-0.6B,10.0,de,linear,QT_minus_TQ,4.0,4.194555499824287,0.9878384888971576,0.9998827794159646,8.040020152931464e-05,0.0033222591362126,0.0311935080125815,0.0717486450054565,-0.0084122355415018,-0.0982869089871404,,,,,
Qwen/Qwen3-Embedding-0.6B,10.0,de,linear,MT_minus_TM,4.0,5.26704893866346,0.9969297833179982,0.9998786379730362,8.637070214209275e-05,0.0033222591362126,-0.0187212679182463,-0.0086476197316966,0.0615223660206231,0.0038271843167472,,,,,
Qwen/Qwen3-Embedding-0.6B,10.0,de,affine,NQ_minus_QN,4.0,5.0136715286574844,0.9957481059845764,0.999886338932128,9.201032807429052e-05,0.0033222591362126,0.0531422999055693,-0.0609938438969838,0.0046082805760903,-0.0199542173563772,,,,,
Qwen/Qwen3-Embedding-0.6B,10.0,de,affine,NM_minus_MN,4.0,6.2114551054347125,0.9978145093513764,0.9998792824318028,9.149354105766253e-05,0.0033222591362126,0.0125987695906983,0.0128308370733543,-0.0613808127396925,0.0025071417631591,,,,,
Qwen/Qwen3-Embedding-0.6B,10.0,de,affine,NT_minus_TN,4.0,6.031151138016967,0.9964139026830958,0.9998711365754528,8.273184788506487e-05,0.0033222591362126,0.0459844393105874,0.0172675794362957,-0.0025275871979264,-0.0768070053676056,,,,,
Qwen/Qwen3-Embedding-0.6B,10.0,de,affine,QM_minus_MQ,4.0,4.51332918537006,0.9938816081892272,0.9998784648904468,8.670349430256638e-05,0.0033222591362126,0.0191648184404655,0.0028363036125489,-0.072608350333199,0.0230869353878231,,,,,
Qwen/Qwen3-Embedding-0.6B,10.0,de,affine,QT_minus_TQ,4.0,4.132748480643999,0.9844986594063552,0.9998791513083228,8.285636129099249e-05,0.0033222591362126,0.0309741200002885,0.0883008964339888,-0.0125642891635949,-0.1071646854564751,,,,,
Qwen/Qwen3-Embedding-0.6B,10.0,de,affine,MT_minus_TM,4.0,5.289969403298773,0.99507327909503,0.999872642810834,9.243777661769432e-05,0.0033222591362126,-0.0182331017278663,-0.0101291845243083,0.0784900499236367,-0.010884072710718,,,,,
Qwen/Qwen3-Embedding-0.6B,10.0,ru,linear,NQ_minus_QN,4.0,5.862893330096956,0.9936774136925904,0.9998728480241704,9.911751772712869e-05,0.0033222591362126,0.0741008537728378,-0.0764839957553928,0.0095884435894705,-0.0187381091142132,,,,,
Qwen/Qwen3-Embedding-0.6B,10.0,ru,linear,NM_minus_MN,4.0,5.978130611353754,0.992960804429744,0.9998741046938696,9.489354628483462e-05,0.0033222591362126,-0.02837832408297,0.0674720008961618,-0.0910291903399622,0.0116096334202707,,,,,
Qwen/Qwen3-Embedding-0.6B,10.0,ru,linear,NT_minus_TN,4.0,6.66140389865754,0.9975423537614192,0.99988479117357,8.79418974683594e-05,0.0033222591362126,0.0423053707046848,0.0061558136915395,0.0203562715045328,-0.0562721678938534,,,,,
Qwen/Qwen3-Embedding-0.6B,10.0,ru,linear,QM_minus_MQ,4.0,4.260236336615019,0.9872557513727382,0.9998728762153152,8.651066261776129e-05,0.0033222591362126,0.0021630779704087,0.0391622772989363,-0.1023917777741593,0.0224400249785042,,,,,
Qwen/Qwen3-Embedding-0.6B,10.0,ru,linear,QT_minus_TQ,4.0,4.66689951052915,0.990823738008234,0.999862750736718,9.928694806966495e-05,0.0033222591362126,0.0244726752556301,0.0797902702687289,-0.0015117403979472,-0.0785521927306087,,,,,
Qwen/Qwen3-Embedding-0.6B,10.0,ru,linear,MT_minus_TM,4.0,5.369688632562654,0.9927095510160544,0.999874072053232,8.457561227241886e-05,0.0033222591362126,-0.0307364331704119,-0.0345197526053541,0.0952386523013797,0.0185051687518922,,,,,
Qwen/Qwen3-Embedding-0.6B,10.0,ru,affine,NQ_minus_QN,4.0,5.754540514957031,0.9920949107908,0.9998840016220502,7.604518580940764e-05,0.0033222591362126,0.0835923715216381,-0.0855174432344975,0.0023122264976013,-0.016419651889405,,,,,
Qwen/Qwen3-Embedding-0.6B,10.0,ru,affine,NM_minus_MN,4.0,5.947961656399794,0.9919084041667092,0.9998747007243296,8.569197500271007e-05,0.0033222591362126,-0.0234226084340819,0.0699820905177188,-0.1010127911889655,0.0139951740164986,,,,,
Qwen/Qwen3-Embedding-0.6B,10.0,ru,affine,NT_minus_TN,4.0,6.532549026453174,0.997414905221954,0.9998721769497292,8.929255804637258e-05,0.0033222591362126,0.0435434824694412,0.0114654957842242,0.0074736543232782,-0.0606856241317789,,,,,
Qwen/Qwen3-Embedding-0.6B,10.0,ru,affine,QM_minus_MQ,4.0,4.271242020768696,0.98457518650611,0.999880201150334,8.247946044266108e-05,0.0033222591362126,0.0032787017924139,0.0524782726970835,-0.1104804023178351,0.0209717672068913,,,,,
Qwen/Qwen3-Embedding-0.6B,10.0,ru,affine,QT_minus_TQ,4.0,4.58378678981647,0.986682329266537,0.9998824011915968,8.345975755218376e-05,0.0033222591362126,0.028422595182632,0.0958126886608319,-0.0072823895093108,-0.0936417986739042,,,,,
Qwen/Qwen3-Embedding-0.6B,10.0,ru,affine,MT_minus_TM,4.0,5.294831702823174,0.9912431132786964,0.9998764314151884,8.708921557302221e-05,0.0033222591362126,-0.0314401451456343,-0.0359127087653776,0.1055265370355566,0.0037479980983872,,,,,
Qwen/Qwen3-Embedding-0.6B,10.0,zh,linear,NQ_minus_QN,4.0,5.571619386995944,0.9967739804175864,0.999871248344226,8.927914555827675e-05,0.0033222591362126,0.0572190242143702,-0.033409461080169,-0.001475660947952,-0.021137497464783,,,,,
Qwen/Qwen3-Embedding-0.6B,10.0,zh,linear,NM_minus_MN,4.0,7.349169847494037,0.9972010575509656,0.9998814927948508,8.186717334627233e-05,0.0033222591362126,0.0434039597043703,-0.0039323678060155,-0.0694453228866445,0.0005106212714656,,,,,
Qwen/Qwen3-Embedding-0.6B,10.0,zh,linear,NT_minus_TN,4.0,7.307354832264797,0.9936566893098782,0.9998791323136682,8.492303492860261e-05,0.0033222591362126,0.0820568114110282,0.0458341179637195,-0.0083152579759776,-0.0846148263001086,,,,,
Qwen/Qwen3-Embedding-0.6B,10.0,zh,linear,QM_minus_MQ,4.0,4.95131364977987,0.9920885117449716,0.9998794652280992,9.205850895933134e-05,0.0033222591362126,0.0099157880332736,0.025102675056354,-0.085533226462401,0.0210225453965894,,,,,
Qwen/Qwen3-Embedding-0.6B,10.0,zh,linear,QT_minus_TQ,4.0,4.994914107122251,0.9951225208372017,0.99988609606227,8.682461547132766e-05,0.0033222591362126,0.0203241458701407,0.0527189892632658,-0.00937552790563,-0.0674637974651049,,,,,
Qwen/Qwen3-Embedding-0.6B,10.0,zh,linear,MT_minus_TM,4.0,6.27047478810228,0.9944749778269548,0.9998772387929584,9.0747317826506e-05,0.0033222591362126,-0.0026815530775321,-0.0067656302548881,0.0900671545209508,-0.0071397458632542,,,,,
Qwen/Qwen3-Embedding-0.6B,10.0,zh,affine,NQ_minus_QN,4.0,5.5265711929549886,0.9971271335728736,0.999873445677004,9.507344940026862e-05,0.0033222591362126,0.0539102471205555,-0.0336893685852152,-0.0003350410516819,-0.015835068115792,,,,,
Qwen/Qwen3-Embedding-0.6B,10.0,zh,affine,NM_minus_MN,4.0,7.292855427936383,0.996830406776918,0.9998782816841256,8.500423627022978e-05,0.0033222591362126,0.052161601110968,-0.0116267047993865,-0.0684245631063293,0.0047708489967912,,,,,
Qwen/Qwen3-Embedding-0.6B,10.0,zh,affine,NT_minus_TN,4.0,7.264956459285096,0.9938220246687888,0.9998782509021829,8.774117040596633e-05,0.0033222591362126,0.0795509006824042,0.0471292704167914,-0.0129741440957366,-0.0849746439651095,,,,,
Qwen/Qwen3-Embedding-0.6B,10.0,zh,affine,QM_minus_MQ,4.0,4.896133525036599,0.9890531918957366,0.9998762267972794,8.927668661631473e-05,0.0033222591362126,0.0102295989225505,0.0305785003232333,-0.0991148251716149,0.0275557774096637,,,,,
Qwen/Qwen3-Embedding-0.6B,10.0,zh,affine,QT_minus_TQ,4.0,4.8868315563135605,0.9924962704327522,0.9998788512873228,8.316738170823324e-05,0.0033222591362126,0.0197373889035882,0.0652153570750916,-0.0072474863038516,-0.083657804488877,,,,,
Qwen/Qwen3-Embedding-0.6B,10.0,zh,affine,MT_minus_TM,4.0,6.122117760434919,0.9930281413842194,0.9998776351655868,8.066928118305536e-05,0.0033222591362126,-0.000220276780987,-0.0138837817204745,0.0997085174583041,-0.0257942828024287,,,,,
Qwen/Qwen3-Embedding-0.6B,10.0,ar,linear,NQ_minus_QN,4.0,5.310225253411847,0.9902574033474106,0.9998849482054136,7.728834094685263e-05,0.0033222591362126,0.0885318055337947,-0.079535476860684,-0.0109020097830962,-0.0244544228175016,,,,,
Qwen/Qwen3-Embedding-0.6B,10.0,ar,linear,NM_minus_MN,4.0,6.6014226114164565,0.9948095127961868,0.9998666058293312,8.669152370514408e-05,0.0033222591362126,-0.026984656211658,0.0475055312296182,-0.0841014581382165,0.0050221935814299,,,,,
Qwen/Qwen3-Embedding-0.6B,10.0,ar,linear,NT_minus_TN,4.0,6.596444010808051,0.9931657109832486,0.9998878206367962,8.392412597313317e-05,0.0033222591362126,0.095293113345196,-0.0173538203548825,-0.0321917473065924,-0.0604080102694053,,,,,
Qwen/Qwen3-Embedding-0.6B,10.0,ar,linear,QM_minus_MQ,4.0,4.594140796169232,0.9941623475756752,0.999879347069452,8.649605692613619e-05,0.0033222591362126,-0.0045436730297669,0.0281872682506623,-0.0671176065159777,0.0258418062461095,,,,,
Qwen/Qwen3-Embedding-0.6B,10.0,ar,linear,QT_minus_TQ,4.0,4.405639027661024,0.9843083668154132,0.9998726650019018,8.652556206374281e-05,0.0033222591362126,0.0191344842745988,0.0955858995139389,-0.0052113378653336,-0.1087600398497959,,,,,
Qwen/Qwen3-Embedding-0.6B,10.0,ar,linear,MT_minus_TM,4.0,5.456351490012299,0.9950698637843584,0.999877693483449,8.37649162433716e-05,0.0033222591362126,-0.0263546305788552,-0.0032523229881134,0.0776236585494736,-0.0183884498551057,,,,,
Qwen/Qwen3-Embedding-0.6B,10.0,ar,affine,NQ_minus_QN,4.0,5.259772492665748,0.9894070504719704,0.9998789207299408,8.442276977718942e-05,0.0033222591362126,0.0917609968809747,-0.082997064027898,-0.0169240164549157,-0.0226351031142003,,,,,
Qwen/Qwen3-Embedding-0.6B,10.0,ar,affine,NM_minus_MN,4.0,6.483184484663104,0.9945860224784374,0.999872723281794,9.814223554114174e-05,0.0033222591362126,-0.0178432996086028,0.0461020005110252,-0.0897183122646734,0.010208126892756,,,,,
Qwen/Qwen3-Embedding-0.6B,10.0,ar,affine,NT_minus_TN,4.0,6.636059220245564,0.9911141699427296,0.9998820534906996,7.862811024700294e-05,0.0033222591362126,0.10557138355397,-0.0118079248155779,-0.032035181391595,-0.0810840041328489,,,,,
Qwen/Qwen3-Embedding-0.6B,10.0,ar,affine,QM_minus_MQ,4.0,4.611532607223701,0.993594507301093,0.9998731612446032,9.336143080180612e-05,0.0033222591362126,-0.0020420263258198,0.0244274514178905,-0.0715875755463769,0.0295381063697425,,,,,
Qwen/Qwen3-Embedding-0.6B,10.0,ar,affine,QT_minus_TQ,4.0,4.369829235756404,0.9824333641677964,0.9998736484387488,8.887008641399419e-05,0.0033222591362126,0.0166704329795934,0.1050184293841058,-0.0044694825279677,-0.1126191035144423,,,,,
Qwen/Qwen3-Embedding-0.6B,10.0,ar,affine,MT_minus_TM,4.0,5.44251492003298,0.9939407533816108,0.9998817157688044,8.739757913530814e-05,0.0033222591362126,-0.0221368745455161,-0.0126225848513147,0.0839151062397212,-0.0303909417868792,,,,,
Qwen/Qwen3-Embedding-0.6B,100.0,en,linear,NQ_minus_QN,4.0,2.933943945474341,0.9970640294347254,0.9998807876096346,8.252926672464698e-05,0.0033222591362126,0.0435345226837462,-0.0350351358670708,0.0006178761607038,-0.0084821918025701,,,,,
Qwen/Qwen3-Embedding-0.6B,100.0,en,linear,NM_minus_MN,4.0,3.324390661751518,0.9967443580829464,0.999874071920962,9.76778716106456e-05,0.0033222591362126,-0.0131979518617268,0.0366773058407412,-0.0481233251379566,0.0199841857952346,,,,,
Qwen/Qwen3-Embedding-0.6B,100.0,en,linear,NT_minus_TN,4.0,3.2029444212314164,0.9951311871646152,0.999878950449365,8.818210711464469e-05,0.0033222591362126,0.034505671642572,0.0346840295477911,0.0083254325827308,-0.0758950679988304,,,,,
Qwen/Qwen3-Embedding-0.6B,100.0,en,linear,QM_minus_MQ,4.0,2.61526755007286,0.9963849806769072,0.9998712322297898,8.296317222794054e-05,0.0033222591362126,-0.0055421498359084,0.0373896194789668,-0.0401153455411683,0.001985178788934,,,,,
Qwen/Qwen3-Embedding-0.6B,100.0,en,linear,QT_minus_TQ,4.0,2.4872902598654787,0.9904939723730743,0.9998807655748676,8.451291433574962e-05,0.0033222591362126,0.0214705984155657,0.0599031933111555,-0.0004592705248189,-0.0806236498037111,,,,,
Qwen/Qwen3-Embedding-0.6B,100.0,en,linear,MT_minus_TM,4.0,2.8921928992946917,0.9951321583934088,0.9998787891636488,8.18480826230051e-05,0.0033222591362126,0.0027731358352833,0.0177849020322472,0.047274273555559,-0.0557993574551154,,,,,
Qwen/Qwen3-Embedding-0.6B,100.0,en,affine,NQ_minus_QN,4.0,2.8243682522165146,0.9973860351031636,0.9998729060184094,8.680235614035663e-05,0.0033222591362126,0.0423296736964107,-0.0257810474020754,-0.0003957186309057,-0.0179443952569767,,,,,
Qwen/Qwen3-Embedding-0.6B,100.0,en,affine,NM_minus_MN,4.0,3.277903983379705,0.9969941307419742,0.9998849561783542,8.548676616161485e-05,0.0033222591362126,-0.0052995776099702,0.0358796567233653,-0.0492256754058603,0.0150380204393526,,,,,
Qwen/Qwen3-Embedding-0.6B,100.0,en,affine,NT_minus_TN,4.0,3.1287350008863517,0.9939031749226998,0.9998810488205876,8.231606780313298e-05,0.0033222591362126,0.0363592491412383,0.0428911453840478,0.0073328971179629,-0.0855714948762328,,,,,
Qwen/Qwen3-Embedding-0.6B,100.0,en,affine,QM_minus_MQ,4.0,2.5677420101912047,0.9951175165822164,0.999865044353312,9.941683449948262e-05,0.0033222591362126,-0.011302387641631,0.047449449065691,-0.0435214658964541,0.0040177985068861,,,,,
Qwen/Qwen3-Embedding-0.6B,100.0,en,affine,QT_minus_TQ,4.0,2.419240147122026,0.9888543162933506,0.99987479922171,8.49545916732088e-05,0.0033222591362126,0.0234448704122203,0.0650635218330721,0.0010296022004363,-0.0868893127348338,,,,,
Qwen/Qwen3-Embedding-0.6B,100.0,en,affine,MT_minus_TM,4.0,2.816286424020761,0.992681790457808,0.9998790315762222,8.741305133423532e-05,0.0033222591362126,0.0063225736244545,0.0132289733571742,0.0582203596568079,-0.0680977486665344,,,,,
Qwen/Qwen3-Embedding-0.6B,100.0,es,linear,NQ_minus_QN,4.0,3.201126864901433,0.9947481670825068,0.9998744272087684,8.997286391287736e-05,0.0033222591362126,0.0579883517231598,-0.0437947035390958,0.0160540432459232,-0.0213955244912572,,,,,
Qwen/Qwen3-Embedding-0.6B,100.0,es,linear,NM_minus_MN,4.0,3.1149155114815774,0.9981530669077824,0.9998777417550055,8.304517663183497e-05,0.0033222591362126,0.013257089264908,0.0074514433352039,-0.0424244936948439,0.0102053368325592,,,,,
Qwen/Qwen3-Embedding-0.6B,100.0,es,linear,NT_minus_TN,4.0,3.258783971320081,0.9960723158758372,0.9998654444817832,9.52435599962312e-05,0.0033222591362126,0.0458752598880533,0.007057847921811,0.0115475072102634,-0.0513298497898423,,,,,
Qwen/Qwen3-Embedding-0.6B,100.0,es,linear,QM_minus_MQ,4.0,2.665499367041557,0.9957644749098962,0.9998745735313088,9.332586546892624e-05,0.0033222591362126,-0.0043611602205204,0.0235679639706616,-0.0512452799497421,0.0150433147007408,,,,,
Qwen/Qwen3-Embedding-0.6B,100.0,es,linear,QT_minus_TQ,4.0,2.6775842677436485,0.9906826855605588,0.9998698487101156,9.122342935389475e-05,0.0033222591362126,0.0146386361253613,0.0604653576966727,-0.0027459218885042,-0.0787142106637556,,,,,
Qwen/Qwen3-Embedding-0.6B,100.0,es,linear,MT_minus_TM,4.0,2.781758960909824,0.995770214948866,0.9998749061001682,8.369842030502517e-05,0.0033222591362126,-0.00132941836513,0.002738924676675,0.050070550513414,-0.04040914110265,,,,,
Qwen/Qwen3-Embedding-0.6B,100.0,es,affine,NQ_minus_QN,4.0,3.1270255260390365,0.9925581044652612,0.9998851103690924,8.756412673280218e-05,0.0033222591362126,0.0707145927489994,-0.0572214298942713,0.0118615448925666,-0.0219784944193094,,,,,
Qwen/Qwen3-Embedding-0.6B,100.0,es,affine,NM_minus_MN,4.0,3.110660616154554,0.9968260338198108,0.9998794502679352,7.64848555594837e-05,0.0033222591362126,0.0237230880549626,0.0041862132197062,-0.0547532441416573,0.0128282474961316,,,,,
Qwen/Qwen3-Embedding-0.6B,100.0,es,affine,NT_minus_TN,4.0,3.16799753153038,0.9929738848228036,0.99987426278909,9.492918062214716e-05,0.0033222591362126,0.0605303312946741,0.0085164750043169,0.012212423485521,-0.0752296313322991,,,,,
Qwen/Qwen3-Embedding-0.6B,100.0,es,affine,QM_minus_MQ,4.0,2.632428055393316,0.9923443551950084,0.9998787792295768,8.453176912694964e-05,0.0033222591362126,-0.0086473706776828,0.0445408858531649,-0.065137163435698,0.0159833148233974,,,,,
Qwen/Qwen3-Embedding-0.6B,100.0,es,affine,QT_minus_TQ,4.0,2.5887223798551644,0.9876879838229288,0.9998723409255628,9.52550283937656e-05,0.0033222591362126,0.0172687438261815,0.0733813115693517,-0.0080555049377402,-0.086350988773247,,,,,
Qwen/Qwen3-Embedding-0.6B,100.0,es,affine,MT_minus_TM,4.0,2.708570681063935,0.9899955800846432,0.9998720097381956,8.862466121752835e-05,0.0033222591362126,0.0045658160009211,0.0030998607173018,0.0708578321508773,-0.0688897977804944,,,,,
Qwen/Qwen3-Embedding-0.6B,100.0,fr,linear,NQ_minus_QN,4.0,3.2563224346700084,0.9938984279799,0.99988827749605,7.691067785133231e-05,0.0033222591362126,0.0678830566995925,-0.0449209056155586,0.0034526776841231,-0.0248253694566839,,,,,
Qwen/Qwen3-Embedding-0.6B,100.0,fr,linear,NM_minus_MN,4.0,3.333305101984236,0.9954682113597484,0.9998795938927486,9.20422555030641e-05,0.0033222591362126,0.0435314674236648,-0.0067048617621839,-0.0564873693157511,0.0130008570935407,,,,,
Qwen/Qwen3-Embedding-0.6B,100.0,fr,linear,NT_minus_TN,4.0,3.3980398197735795,0.995715252309086,0.9998810478062654,8.044817125353662e-05,0.0033222591362126,0.0508719739198307,0.0115029339755765,-0.0020558055358586,-0.0609644046554978,,,,,
Qwen/Qwen3-Embedding-0.6B,100.0,fr,linear,QM_minus_MQ,4.0,2.828525828242571,0.9919267312092648,0.99987064102456,8.951079081660806e-05,0.0033222591362126,-0.0089827736352677,0.0441809759116256,-0.0658119750784677,0.024951669637965,,,,,
Qwen/Qwen3-Embedding-0.6B,100.0,fr,linear,QT_minus_TQ,4.0,2.7368436416803004,0.9892175754209048,0.9998746473340904,8.6793826287361e-05,0.0033222591362126,0.007532297820657,0.077822969174755,-0.0049959267422739,-0.0800483176689006,,,,,
Qwen/Qwen3-Embedding-0.6B,100.0,fr,linear,MT_minus_TM,4.0,3.009317410265737,0.9926910765992034,0.999873660862186,8.124960234736127e-05,0.0033222591362126,-0.0029843677722083,-0.0074493681111,0.0674123705951156,-0.0507780723133064,,,,,
Qwen/Qwen3-Embedding-0.6B,100.0,fr,affine,NQ_minus_QN,4.0,3.1942838630298755,0.990737534585098,0.9998782056517448,8.76941429741323e-05,0.0033222591362126,0.0833498693387916,-0.0608968571822431,-0.0011117905742521,-0.0222040017770944,,,,,
Qwen/Qwen3-Embedding-0.6B,100.0,fr,affine,NM_minus_MN,4.0,3.3045651901716493,0.9921533109954552,0.9998747849533436,8.608035324354134e-05,0.0033222591362126,0.0580299426110585,-0.0097113274923832,-0.0736598018702418,0.0172277972894572,,,,,
Qwen/Qwen3-Embedding-0.6B,100.0,fr,affine,NT_minus_TN,4.0,3.282124111950348,0.9918343523507248,0.9998708589179712,8.633943767653382e-05,0.0033222591362126,0.0649766007551315,0.0194253878110451,-0.0004781303383427,-0.0872788713711018,,,,,
Qwen/Qwen3-Embedding-0.6B,100.0,fr,affine,QM_minus_MQ,4.0,2.7834216852299405,0.9868870525716728,0.9998794150659592,8.276536059134152e-05,0.0033222591362126,-0.0116259154435594,0.0633285928243233,-0.0810012422558131,0.025400964178981,,,,,
Qwen/Qwen3-Embedding-0.6B,100.0,fr,affine,QT_minus_TQ,4.0,2.650527707194545,0.9828515265344154,0.9998758420609738,9.74217611532545e-05,0.0033222591362126,0.0150035102858539,0.0923624642922816,-0.0018554261584906,-0.1038184326752209,,,,,
Qwen/Qwen3-Embedding-0.6B,100.0,fr,affine,MT_minus_TM,4.0,2.932123804538202,0.9840700204635704,0.9998793622704112,9.697884368338798e-05,0.0033222591362126,0.0017623102697149,-0.0037700514715055,0.0921341227581492,-0.0844634763246233,,,,,
Qwen/Qwen3-Embedding-0.6B,100.0,de,linear,NQ_minus_QN,4.0,3.0438591939518385,0.995606166134304,0.9998845097314156,8.478633162522728e-05,0.0033222591362126,0.0512148171587523,-0.0477025168357497,0.0099453730966281,-0.010601236147499,,,,,
Qwen/Qwen3-Embedding-0.6B,100.0,de,linear,NM_minus_MN,4.0,3.2741300013326184,0.9975778711324484,0.9998754298746362,8.658059240619788e-05,0.0033222591362126,0.026386254152477,0.0067457405814778,-0.0420052048456882,0.0100029803553032,,,,,
Qwen/Qwen3-Embedding-0.6B,100.0,de,linear,NT_minus_TN,4.0,3.382963036610399,0.998195099365021,0.9998841135748652,7.884268355702687e-05,0.0033222591362126,0.0300795724182912,0.0084522509915673,0.0062330429002287,-0.0416882987956303,,,,,
Qwen/Qwen3-Embedding-0.6B,100.0,de,linear,QM_minus_MQ,4.0,2.70539521424586,0.9916769129417682,0.9998798676104722,8.112853516447986e-05,0.0033222591362126,0.0061567480022031,0.0318604309627934,-0.0705576607269143,0.0218155152773883,,,,,
Qwen/Qwen3-Embedding-0.6B,100.0,de,linear,QT_minus_TQ,4.0,2.68703548223557,0.9897914783331464,0.9998809280808454,9.410467535282007e-05,0.0033222591362126,0.0234904279080587,0.0619920817243493,-0.0054658984136918,-0.0828516917309412,,,,,
Qwen/Qwen3-Embedding-0.6B,100.0,de,linear,MT_minus_TM,4.0,2.963326619017227,0.993835618982076,0.99987424000018,8.940385770480896e-05,0.0033222591362126,0.0004766121721398,-0.0041929661096493,0.0586421460815084,-0.0504891888370129,,,,,
Qwen/Qwen3-Embedding-0.6B,100.0,de,affine,NQ_minus_QN,4.0,2.9917715140720835,0.9933172454705904,0.9998859978694516,9.167433001972656e-05,0.0033222591362126,0.065509187724879,-0.05623047008829,0.0074899566965469,-0.0179713105364117,,,,,
Qwen/Qwen3-Embedding-0.6B,100.0,de,affine,NM_minus_MN,4.0,3.2318018238778805,0.9948986412347288,0.9998779123128114,8.981973736565419e-05,0.0033222591362126,0.0450867709593418,0.0053837149060053,-0.0589702257794109,0.007947482784043,,,,,
Qwen/Qwen3-Embedding-0.6B,100.0,de,affine,NT_minus_TN,4.0,3.251371445695426,0.99515228528756,0.9998692626876764,8.52021910766283e-05,0.0033222591362126,0.05075507519597,0.0134644430534825,0.0021569434347886,-0.0668142681845382,,,,,
Qwen/Qwen3-Embedding-0.6B,100.0,de,affine,QM_minus_MQ,4.0,2.6796399698770457,0.9871088185792392,0.9998772619629286,7.627795272646185e-05,0.0033222591362126,0.0067615694502293,0.0468567944767382,-0.085585900890053,0.0231608649766249,,,,,
Qwen/Qwen3-Embedding-0.6B,100.0,de,affine,QT_minus_TQ,4.0,2.617163597011131,0.984416417589704,0.9998835254965418,8.180129484960752e-05,0.0033222591362126,0.0279292954510339,0.0787210242296984,-0.0079127132653218,-0.1006818964946418,,,,,
Qwen/Qwen3-Embedding-0.6B,100.0,de,affine,MT_minus_TM,4.0,2.888924508566362,0.9872404926412492,0.9998748758137692,8.379718290219438e-05,0.0033222591362126,0.0044061678780419,-0.0022454061859699,0.0792199591584279,-0.0776101845473909,,,,,
Qwen/Qwen3-Embedding-0.6B,100.0,ru,linear,NQ_minus_QN,4.0,3.226469970672034,0.9899214781797262,0.9998737601062612,9.530020301228936e-05,0.0033222591362126,0.0801187274008978,-0.0742091914897658,0.0118712568087101,-0.0185736962239756,,,,,
Qwen/Qwen3-Embedding-0.6B,100.0,ru,linear,NM_minus_MN,4.0,3.0418881916094764,0.9909507177891343,0.9998713890555642,9.661789282214648e-05,0.0033222591362126,0.0368251834065268,0.033125613929533,-0.0842016915247982,0.0086683257752729,,,,,
Qwen/Qwen3-Embedding-0.6B,100.0,ru,linear,NT_minus_TN,4.0,3.3983981965680767,0.995527200289008,0.9998793483738754,8.654841719893954e-05,0.0033222591362126,0.0515523385252443,0.0014275063624173,0.009381175106314,-0.0580392022324803,,,,,
Qwen/Qwen3-Embedding-0.6B,100.0,ru,linear,QM_minus_MQ,4.0,2.5523803835289844,0.979568129759222,0.9998724876358496,8.112997851121666e-05,0.0033222591362126,-0.0018631888976839,0.0648755489063503,-0.103827050097642,0.0265856499815937,,,,,
Qwen/Qwen3-Embedding-0.6B,100.0,ru,linear,QT_minus_TQ,4.0,2.805820100549003,0.9865168031625235,0.9998613330367954,9.5793338577912e-05,0.0033222591362126,0.0170140482257372,0.0809089472857204,-0.007710340914357,-0.0918508019331121,,,,,
Qwen/Qwen3-Embedding-0.6B,100.0,ru,linear,MT_minus_TM,4.0,2.8474289393455257,0.990468857635482,0.9998772145093688,8.509918725889648e-05,0.0033222591362126,-0.0070056704402878,-0.0170595375781862,0.0808877783703969,-0.0457746601822703,,,,,
Qwen/Qwen3-Embedding-0.6B,100.0,ru,affine,NQ_minus_QN,4.0,3.140614493178464,0.9864620993818304,0.9998803618577664,8.048445933562856e-05,0.0033222591362126,0.0959745054080656,-0.082775008766834,0.0055191111085742,-0.0221534736765003,,,,,
Qwen/Qwen3-Embedding-0.6B,100.0,ru,affine,NM_minus_MN,4.0,2.9956153196437296,0.9887323517610944,0.9998770943272156,8.510547041218945e-05,0.0033222591362126,0.0469413446040615,0.0327384005943716,-0.0930016793886359,0.0065576761579085,,,,,
Qwen/Qwen3-Embedding-0.6B,100.0,ru,affine,NT_minus_TN,4.0,3.2884435176005606,0.9936203594105382,0.9998725379570258,8.913495013639377e-05,0.0033222591362126,0.0633572084418466,0.0058015621189547,-1.2008441782311572e-05,-0.0684173859842076,,,,,
Qwen/Qwen3-Embedding-0.6B,100.0,ru,affine,QM_minus_MQ,4.0,2.5267055272834327,0.9727243654837257,0.9998784615236164,8.378542707176471e-05,0.0033222591362126,-0.0027637786949122,0.0859556506714309,-0.1162305107962708,0.0220354749913143,,,,,
Qwen/Qwen3-Embedding-0.6B,100.0,ru,affine,QT_minus_TQ,4.0,2.755288685064813,0.981301446223408,0.9998794102806132,8.39835753274024e-05,0.0033222591362126,0.0224670963349454,0.0965463587174465,-0.0135368180399315,-0.1067505436987287,,,,,
Qwen/Qwen3-Embedding-0.6B,100.0,ru,affine,MT_minus_TM,4.0,2.7724111221034247,0.9842805018317308,0.9998766073861912,9.741138023753928e-05,0.0033222591362126,-0.0049429884674232,-0.0144317435865977,0.0973690392189724,-0.0687665994977157,,,,,
Qwen/Qwen3-Embedding-0.6B,100.0,zh,linear,NQ_minus_QN,4.0,3.1645842351901674,0.9966759506943974,0.9998722689110788,9.020577041378944e-05,0.0033222591362126,0.049850143816618,-0.0245513538645048,-0.0001317825746545,-0.0175494029450543,,,,,
Qwen/Qwen3-Embedding-0.6B,100.0,zh,linear,NM_minus_MN,4.0,3.579342134910657,0.9964028257728428,0.9998821218695336,8.606173374964286e-05,0.0033222591362126,0.034983884921459,0.0132564327010507,-0.0570590304003119,0.0006434296123149,,,,,
Qwen/Qwen3-Embedding-0.6B,100.0,zh,linear,NT_minus_TN,4.0,3.616877742448831,0.9950187355849408,0.9998782478012318,8.814082826617049e-05,0.0033222591362126,0.0527338034494712,0.0266300468540095,-0.0045955428171396,-0.0638748008908161,,,,,
Qwen/Qwen3-Embedding-0.6B,100.0,zh,linear,QM_minus_MQ,4.0,2.8306348707874047,0.9937691228782074,0.9998780149397484,8.916960188029129e-05,0.0033222591362126,0.0125365967547381,0.018981383609357,-0.0644850503049356,0.0148171473200712,,,,,
Qwen/Qwen3-Embedding-0.6B,100.0,zh,linear,QT_minus_TQ,4.0,2.8814341679263373,0.995244104976302,0.9998882767125236,8.26222116716026e-05,0.0033222591362126,0.0209571858678315,0.0383032907326527,-0.0059626580588238,-0.0593446214703811,,,,,
Qwen/Qwen3-Embedding-0.6B,100.0,zh,linear,MT_minus_TM,4.0,3.2067059336042014,0.9939819442957396,0.999876726848587,9.51400256795072e-05,0.0033222591362126,-0.0016464686459674,0.0009479921175108,0.064883833947976,-0.0445196068968107,,,,,
Qwen/Qwen3-Embedding-0.6B,100.0,zh,affine,NQ_minus_QN,4.0,3.1091906150021007,0.9961978504215022,0.999869973250218,9.389453684251538e-05,0.0033222591362126,0.0541793046343993,-0.0252934453477149,-0.0020708727680955,-0.0189889656143403,,,,,
Qwen/Qwen3-Embedding-0.6B,100.0,zh,affine,NM_minus_MN,4.0,3.5180671030295576,0.9949313935762422,0.9998784789300698,8.156955551550955e-05,0.0033222591362126,0.049329716206521,0.0023298776663141,-0.0637094443839991,0.0044167118441274,,,,,
Qwen/Qwen3-Embedding-0.6B,100.0,zh,affine,NT_minus_TN,4.0,3.534109185057972,0.9938206476362672,0.9998784554993408,8.276250739191668e-05,0.0033222591362126,0.059468386619049,0.0290672167946714,-0.0091547874870088,-0.0719268901240418,,,,,
Qwen/Qwen3-Embedding-0.6B,100.0,zh,affine,QM_minus_MQ,4.0,2.7644748567487247,0.9905284850793942,0.99987589424612,8.792169286472477e-05,0.0033222591362126,0.0093586758158588,0.0314401056370123,-0.0776310877729116,0.0202351109497152,,,,,
Qwen/Qwen3-Embedding-0.6B,100.0,zh,affine,QT_minus_TQ,4.0,2.807660528488592,0.9912782180747328,0.9998833178691428,7.894646996894513e-05,0.0033222591362126,0.0230135339663884,0.0551428620489274,-0.0035087784933885,-0.0809362248380241,,,,,
Qwen/Qwen3-Embedding-0.6B,100.0,zh,affine,MT_minus_TM,4.0,3.0835973598558226,0.9878608449548985,0.999878888249344,8.096021243261274e-05,0.0033222591362126,0.0058827517544458,0.0021211757218765,0.0823886616112734,-0.0756399513640702,,,,,
Qwen/Qwen3-Embedding-0.6B,100.0,ar,linear,NQ_minus_QN,4.0,3.143210711404232,0.9845795684453104,0.9998812941892898,7.478131553361276e-05,0.0033222591362126,0.0975538651010118,-0.085471074994801,0.0060312988714323,-0.0224294280718069,,,,,
Qwen/Qwen3-Embedding-0.6B,100.0,ar,linear,NM_minus_MN,4.0,3.357184015223041,0.9946096497792072,0.9998774850766398,8.172475728862263e-05,0.0033222591362126,0.0196087143169321,0.0290492622119335,-0.0714423271201451,0.0143734238376258,,,,,
Qwen/Qwen3-Embedding-0.6B,100.0,ar,linear,NT_minus_TN,4.0,3.494511688313956,0.990441572111744,0.9998810488760348,8.875214786491502e-05,0.0033222591362126,0.0842646066684418,-0.0092529800284424,-0.0046164080241909,-0.0775594367802476,,,,,
Qwen/Qwen3-Embedding-0.6B,100.0,ar,linear,QM_minus_MQ,4.0,2.711675541349627,0.983035712567018,0.9998763583457544,8.80731744666247e-05,0.0033222591362126,-0.0105730220146564,0.0753866757716632,-0.0882280178892706,0.0214810457204907,,,,,
Qwen/Qwen3-Embedding-0.6B,100.0,ar,linear,QT_minus_TQ,4.0,2.734376514061329,0.9805808633048236,0.9998726826902156,8.438509542281795e-05,0.0033222591362126,0.0127669696245967,0.0952523622683714,-0.0037660881625178,-0.1102872787031781,,,,,
Qwen/Qwen3-Embedding-0.6B,100.0,ar,linear,MT_minus_TM,4.0,2.992966186169802,0.9885011606910896,0.9998757088701384,8.99828804148318e-05,0.0033222591362126,0.0005980709234419,-0.0093898148011146,0.08047124598012,-0.0677247860231096,,,,,
Qwen/Qwen3-Embedding-0.6B,100.0,ar,affine,NQ_minus_QN,4.0,3.070606272685415,0.9821744044495988,0.999882556074392,7.859595282760446e-05,0.0033222591362126,0.1052379462329185,-0.0918190111963815,0.0007778466938559,-0.0209480684381567,,,,,
Qwen/Qwen3-Embedding-0.6B,100.0,ar,affine,NM_minus_MN,4.0,3.2794567685760416,0.9926153398755192,0.9998713384004732,0.0001014264680469,0.0033222591362126,0.0334196008687146,0.028206823012973,-0.0810797548113204,0.0136587969811399,,,,,
Qwen/Qwen3-Embedding-0.6B,100.0,ar,affine,NT_minus_TN,4.0,3.4128548903438096,0.9862515879818332,0.9998823836682712,8.069213884363961e-05,0.0033222591362126,0.0978264928197671,-0.0013557905771255,-0.0075564371004412,-0.0975044392991245,,,,,
Qwen/Qwen3-Embedding-0.6B,100.0,ar,affine,QM_minus_MQ,4.0,2.6623837288644414,0.978393088619477,0.9998774325535938,8.89393464147951e-05,0.0033222591362126,-0.0100036480811778,0.0865245318906324,-0.0990853317936312,0.0221870486113626,,,,,
Qwen/Qwen3-Embedding-0.6B,100.0,ar,affine,QT_minus_TQ,4.0,2.666531815145393,0.975760951675216,0.9998751081474158,8.869514315523072e-05,0.0033222591362126,0.0123818847916936,0.1102137499216905,-0.0067131901432889,-0.119188163546936,,,,,
Qwen/Qwen3-Embedding-0.6B,100.0,ar,affine,MT_minus_TM,4.0,2.89797715974264,0.982091836712405,0.9998797405279848,8.29911264872666e-05,0.0033222591362126,0.0038560825930402,-0.0126427142687036,0.0950873462936765,-0.0871973730809194,,,,,
sentence-transformers/LaBSE,0.1,en,linear,NQ_minus_QN,4.0,13.617667189536643,0.9949223869900246,0.999879354004704,8.733573700225578e-05,0.0033222591362126,-0.1262122561859551,0.0231221887611985,0.0302569564938113,0.0544475223402379,,,,,
sentence-transformers/LaBSE,0.1,en,linear,NM_minus_MN,4.0,14.480087442290491,0.9995254194239146,0.9998817304801216,9.207876404031974e-05,0.0099667774086378,0.004946567610781,-0.045785243005262,-0.0069523339927669,0.0247437809887973,,,,,
sentence-transformers/LaBSE,0.1,en,linear,NT_minus_TN,4.0,14.838073356162006,0.991173472223159,0.9998808724539394,8.319305396029478e-05,0.0033222591362126,-0.1374269725541645,-0.0253365074134623,-0.0092292731215842,0.1530463437038383,,,,,
sentence-transformers/LaBSE,0.1,en,linear,QM_minus_MQ,4.0,11.743076705185691,0.9976059905289124,0.9998779965268132,8.780624128313169e-05,0.0033222591362126,-0.0102445225587977,-0.0581759210514808,0.0322060869513666,0.0619318936974309,,,,,
sentence-transformers/LaBSE,0.1,en,linear,QT_minus_TQ,4.0,12.74432637030227,0.997311686687298,0.999871969126775,8.745347133958821e-05,0.0033222591362126,-0.0077311876211611,0.0017283406758368,-0.0160611541355863,0.0843169446723646,,,,,
sentence-transformers/LaBSE,0.1,en,linear,MT_minus_TM,4.0,12.593902742008837,0.9980818534856216,0.9998596465480484,9.236248984841896e-05,0.0033222591362126,0.016739582356267,-0.0091376554599389,-0.0304872818109268,-0.0587454579251607,,,,,
sentence-transformers/LaBSE,0.1,en,affine,NQ_minus_QN,4.0,13.604433520839391,0.99301020425446,0.9998760084581968,9.623647730830516e-05,0.0033222591362126,-0.1400378635284102,0.0999913380461404,0.0281907965729425,0.0340687100117866,,,,,
sentence-transformers/LaBSE,0.1,en,affine,NM_minus_MN,4.0,14.628326877829926,0.9993430826177656,0.9998803144821568,8.239481284712621e-05,0.0033222591362126,-0.008614035478639,-0.049362752608881,-0.0098411619774602,0.0236773850528364,,,,,
sentence-transformers/LaBSE,0.1,en,affine,NT_minus_TN,4.0,16.23157062070346,0.9892048200994468,0.9998844912444514,8.067605156303883e-05,0.0033222591362126,-0.1757673417213426,0.002058335100046,-0.0012445579447536,0.1691877187541096,,,,,
sentence-transformers/LaBSE,0.1,en,affine,QM_minus_MQ,4.0,12.086370038137106,0.997592991511364,0.9998761657434444,8.258478451419537e-05,0.0033222591362126,-0.0026140719508347,-0.0677160973309406,0.0213402414899327,0.064513581842367,,,,,
sentence-transformers/LaBSE,0.1,en,affine,QT_minus_TQ,4.0,12.976491980499382,0.998907855087814,0.9998830766545898,8.280520516750705e-05,0.0033222591362126,0.0009077607289525,7.772885476205887e-05,-0.0110366794021512,0.0521245581065378,,,,,
sentence-transformers/LaBSE,0.1,en,affine,MT_minus_TM,4.0,13.05745768017751,0.9991635583101598,0.9998783125391768,9.082204415199125e-05,0.0033222591362126,0.0095956572091049,-0.0322940943829991,-0.0234040075617884,-0.0193557604724065,,,,,
sentence-transformers/LaBSE,0.1,es,linear,NQ_minus_QN,4.0,12.34722646246482,0.999217605981356,0.9998816912818094,7.988199654776727e-05,0.0033222591362126,-0.0416281061081018,-0.0089349103802059,0.0068730307074652,-0.0005867887529395,,,,,
sentence-transformers/LaBSE,0.1,es,linear,NM_minus_MN,4.0,13.22591596187581,0.998347151377302,0.9998774024335114,7.890550761348326e-05,0.0033222591362126,0.0596285897981712,0.0064934569044467,0.0170308758354676,0.0066869872681367,,,,,
sentence-transformers/LaBSE,0.1,es,linear,NT_minus_TN,4.0,13.72039563140592,0.993262373524076,0.9998715947081898,8.37019979603411e-05,0.0033222591362126,-0.0799310648094469,-0.0869271999084021,-0.0152548130823872,0.1295469276025055,,,,,
sentence-transformers/LaBSE,0.1,es,linear,QM_minus_MQ,4.0,10.682177295805625,0.9980832867100344,0.9998810088598838,8.78579799700849e-05,0.0033222591362126,0.021424082833177,0.056701625149838,-0.0091036424279883,0.0018130830475653,,,,,
sentence-transformers/LaBSE,0.1,es,linear,QT_minus_TQ,4.0,11.53530834777924,0.9907459375171382,0.99987690257026,8.461134145594549e-05,0.0033222591362126,-0.0489193175931048,-0.0712923533491703,-0.040713797867854,0.1430123710327824,,,,,
sentence-transformers/LaBSE,0.1,es,linear,MT_minus_TM,4.0,11.888763141749717,0.9986456211815224,0.9998735875967032,9.14469330205558e-05,0.0033222591362126,0.0099006116530466,-0.0060572887233256,-0.0102498500005618,-0.0520393113296201,,,,,
sentence-transformers/LaBSE,0.1,es,affine,NQ_minus_QN,4.0,11.747588767942764,0.999275496145756,0.99988175468858,8.282151421895499e-05,0.0033222591362126,-0.0327272918494148,0.0447428152555246,0.0062213285238072,-0.0005587711520685,,,,,
sentence-transformers/LaBSE,0.1,es,affine,NM_minus_MN,4.0,13.464874797385784,0.9987729873891636,0.9998689617163944,9.155242276542792e-05,0.0033222591362126,0.0442871505597225,0.0047406454522006,0.033318231428237,0.0004767547991461,,,,,
sentence-transformers/LaBSE,0.1,es,affine,NT_minus_TN,4.0,14.42084074875216,0.992886030728527,0.99988305823316,7.893623149568282e-05,0.0033222591362126,-0.0952793179291379,-0.0613043791250408,-0.0089812168436561,0.1432428851180873,,,,,
sentence-transformers/LaBSE,0.1,es,affine,QM_minus_MQ,4.0,11.230513946420942,0.9985495062804552,0.9998736244427536,8.85284451593025e-05,0.0033222591362126,0.0146611229636629,0.0586191633449988,-0.0083589232624459,-0.0062674100561292,,,,,
sentence-transformers/LaBSE,0.1,es,affine,QT_minus_TQ,4.0,11.751082284165465,0.9920656673337878,0.9998691192485212,9.077110593040612e-05,0.0033222591362126,-0.0248677395915688,-0.0910733855438086,-0.0347364888676537,0.1300493883965841,,,,,
sentence-transformers/LaBSE,0.1,es,affine,MT_minus_TM,4.0,12.200568454138269,0.9995031932768512,0.9998765333211362,9.124294124820632e-05,0.0033222591362126,0.0004940089243668,-0.0198293228188437,0.0070268186403226,-0.0240660632922783,,,,,
sentence-transformers/LaBSE,0.1,fr,linear,NQ_minus_QN,4.0,11.612568702486278,0.9913940955577296,0.9998839703184024,8.20753819711566e-05,0.0033222591362126,-0.1396370928461377,0.1152343751899731,0.0185941554996848,0.0285807026940866,,,,,
sentence-transformers/LaBSE,0.1,fr,linear,NM_minus_MN,4.0,14.407598447982906,0.9963710209006476,0.999881408250206,8.081638070579428e-05,0.0033222591362126,0.1073443194095626,-0.0315840870446185,0.0532229892760911,-0.0302304965114314,,,,,
sentence-transformers/LaBSE,0.1,fr,linear,NT_minus_TN,4.0,13.495154743445228,0.9966133755343608,0.9998780366613842,8.904262486869736e-05,0.0033222591362126,-0.0742455379997844,0.0168406175294523,0.0434997077236673,0.0774256112791316,,,,,
sentence-transformers/LaBSE,0.1,fr,linear,QM_minus_MQ,4.0,9.422553031564968,0.999655834798058,0.999874157394457,9.077790523181392e-05,0.0398671096345514,-0.0077106444390947,0.0280903747349635,-0.0007874266792605,0.0025186450730888,,,,,
sentence-transformers/LaBSE,0.1,fr,linear,QT_minus_TQ,4.0,11.46385770513358,0.9996646332986128,0.9998794945754,8.26794458422888e-05,0.0199335548172757,0.0168546386819499,-0.0123461280412346,-0.0217461034346048,-0.0108713965272149,,,,,
sentence-transformers/LaBSE,0.1,fr,linear,MT_minus_TM,4.0,11.695293687940278,0.994752202592914,0.999879253672786,8.316800262277235e-05,0.0033222591362126,0.0309702196638521,0.0172416860952766,-0.0917504640257347,-0.0717565940440603,,,,,
sentence-transformers/LaBSE,0.1,fr,affine,NQ_minus_QN,4.0,11.568621146979938,0.9873871181878452,0.9998821164718912,8.135349499396012e-05,0.0033222591362126,-0.143772469038408,0.1744010377771815,0.0177497873723639,0.0261398251620705,,,,,
sentence-transformers/LaBSE,0.1,fr,affine,NM_minus_MN,4.0,15.022813335668491,0.997217951452797,0.9998783714612884,8.017736449799907e-05,0.0033222591362126,0.099582602016389,-0.0261200704360113,0.0433645352630319,-0.02808957516838,,,,,
sentence-transformers/LaBSE,0.1,fr,affine,NT_minus_TN,4.0,13.94811724043636,0.9949022451287846,0.9998740364605504,9.151506797275482e-05,0.0033222591362126,-0.096191765889603,0.0226634132016312,0.0495735026268963,0.097630578722885,,,,,
sentence-transformers/LaBSE,0.1,fr,affine,QM_minus_MQ,4.0,9.805795693826331,0.9998206200433544,0.9998788578311189,9.066981486646626e-05,0.2026578073089701,-4.957743841340265e-05,0.0056070140420212,-0.0156396516738317,0.0101542018982738,,,,,
sentence-transformers/LaBSE,0.1,fr,affine,QT_minus_TQ,4.0,11.268644437883491,0.998885190191348,0.999880862578882,8.258074417417432e-05,0.0033222591362126,0.019500436025841,-0.037757140850097,-0.029350771048162,-0.0164439558471187,,,,,
sentence-transformers/LaBSE,0.1,fr,affine,MT_minus_TM,4.0,11.508388411378716,0.994832699786934,0.9998779772128809,8.882022817471143e-05,0.0033222591362126,0.0307546959087651,0.0119064068695158,-0.0723263439031349,-0.0813076000632722,,,,,
sentence-transformers/LaBSE,0.1,de,linear,NQ_minus_QN,4.0,12.835226651049735,0.9921927307340984,0.9998781877462324,8.530495405603508e-05,0.0033222591362126,-0.1415967111268004,0.0847568647504972,0.0168628866562222,0.0463034620090404,,,,,
sentence-transformers/LaBSE,0.1,de,linear,NM_minus_MN,4.0,15.044165563679936,0.9994318161801008,0.9998824589972144,7.858955355091876e-05,0.0033222591362126,0.0224565385368477,-0.024384214826894,0.0207619100037478,0.0291621181920811,,,,,
sentence-transformers/LaBSE,0.1,de,linear,NT_minus_TN,4.0,15.245759825143711,0.9870392308184034,0.999890667477234,7.021378393338815e-05,0.0033222591362126,-0.1849260423408733,-0.0467908930257387,0.021646609387409,0.1619816855870973,,,,,
sentence-transformers/LaBSE,0.1,de,linear,QM_minus_MQ,4.0,11.206281985029886,0.9966558862146732,0.9998792834929044,8.74738894908011e-05,0.0033222591362126,0.0021940957919081,-0.0120486625182421,0.0788102800602115,0.0354665307868066,,,,,
sentence-transformers/LaBSE,0.1,de,linear,QT_minus_TQ,4.0,13.48064957216438,0.995362673240036,0.999881052181917,7.989056369373303e-05,0.0033222591362126,-0.0554909705996254,-0.0245757365347741,0.0068626028163756,0.1193134916048072,,,,,
sentence-transformers/LaBSE,0.1,de,linear,MT_minus_TM,4.0,11.790167121470011,0.9995282735848814,0.9998811063472328,8.513341759004867e-05,0.0099667774086378,0.0131220034490438,-0.020737513715927,0.0070962059119947,-0.0228217568752814,,,,,
sentence-transformers/LaBSE,0.1,de,affine,NQ_minus_QN,4.0,12.955563082720843,0.9912565284854036,0.9998750806868528,8.414608067873224e-05,0.0033222591362126,-0.1208192368106436,0.1419896339749067,0.0033561117893279,0.0330598976919441,,,,,
sentence-transformers/LaBSE,0.1,de,affine,NM_minus_MN,4.0,16.759970589936156,0.998276597832171,0.9998753602497384,8.808663533935179e-05,0.0033222591362126,0.0120688427339142,-0.0536324510635828,0.0806889842299586,0.0336013075869516,,,,,
sentence-transformers/LaBSE,0.1,de,affine,NT_minus_TN,4.0,17.083386994378767,0.9824053367076904,0.999876817083272,8.215212139257101e-05,0.0033222591362126,-0.23764206465583,-0.0375641537345482,0.00752815830376,0.2095363081990238,,,,,
sentence-transformers/LaBSE,0.1,de,affine,QM_minus_MQ,4.0,11.921218510063374,0.9967105856168856,0.9998795636366066,7.91671200119137e-05,0.0033222591362126,0.0050998378778422,-0.0231205988684722,0.0856268792554486,0.0291356733221062,,,,,
sentence-transformers/LaBSE,0.1,de,affine,QT_minus_TQ,4.0,13.983116830766578,0.9976498505348396,0.999879782871488,8.903751589613509e-05,0.0033222591362126,-0.0457042120305341,-0.0222771495930855,0.0181431312122742,0.0810432875896581,,,,,
sentence-transformers/LaBSE,0.1,de,affine,MT_minus_TM,4.0,12.620805625824802,0.9994646042345248,0.999885359854536,7.87161959656366e-05,0.0033222591362126,0.0171465465329972,-0.0282336915091064,-0.0261048726644806,-0.0038166743596624,,,,,
sentence-transformers/LaBSE,0.1,ru,linear,NQ_minus_QN,4.0,14.693497361800889,0.9936469273579704,0.9998819815283532,8.488257519277895e-05,0.0033222591362126,-0.1243946176214782,0.0961572943913544,0.0351502288886355,0.0377217378183009,,,,,
sentence-transformers/LaBSE,0.1,ru,linear,NM_minus_MN,4.0,20.630720999121703,0.9993900784479376,0.999881647679248,8.436077619535908e-05,0.0033222591362126,-0.0561746784755844,0.0010048039325605,0.0261420910476685,0.0040711198537886,,,,,
sentence-transformers/LaBSE,0.1,ru,linear,NT_minus_TN,4.0,19.37329996392318,0.99348053674952,0.9998803606722512,8.835721648107133e-05,0.0033222591362126,-0.1602510070083044,-0.0267324407848172,-0.0385950145417143,0.0952340896581883,,,,,
sentence-transformers/LaBSE,0.1,ru,linear,QM_minus_MQ,4.0,13.41366035228384,0.999230983460403,0.999874433804295,9.675326114202712e-05,0.0033222591362126,0.0341075039877786,-0.0114941089686926,-0.0004692461850976,0.0217715901877749,,,,,
sentence-transformers/LaBSE,0.1,ru,linear,QT_minus_TQ,4.0,14.044050149904242,0.9965624127406456,0.9998734356911332,9.132419249896196e-05,0.0033222591362126,0.0113977895042205,-0.0947095018186518,-0.0054361429272318,0.0823899874465056,,,,,
sentence-transformers/LaBSE,0.1,ru,linear,MT_minus_TM,4.0,15.202511007110536,0.9980810103122284,0.9998798202995288,8.026710703129009e-05,0.0033222591362126,0.0018099706606983,-0.0243558147106364,-0.0154018360772996,-0.0627022850606402,,,,,
sentence-transformers/LaBSE,0.1,ru,affine,NQ_minus_QN,4.0,14.700548323375566,0.9890205464801848,0.999869237267995,9.591130419550658e-05,0.0033222591362126,-0.1256862182876567,0.1790024404367349,0.0327874889482947,0.0343733229299472,,,,,
sentence-transformers/LaBSE,0.1,ru,affine,NM_minus_MN,4.0,19.855812378920056,0.9990430449677408,0.999880058030321,8.357473772382812e-05,0.0033222591362126,-0.0570510178266994,0.0045817636105948,0.0537074911192782,0.001931981595093,,,,,
sentence-transformers/LaBSE,0.1,ru,affine,NT_minus_TN,4.0,21.07757531612654,0.9904444648943344,0.9998770893815148,9.10109481677764e-05,0.0033222591362126,-0.2126618792688077,0.0111503710329406,-0.0395483263629512,0.1426098672835098,,,,,
sentence-transformers/LaBSE,0.1,ru,affine,QM_minus_MQ,4.0,13.833528101822932,0.999246426454275,0.9998745916371206,8.286960228850527e-05,0.0033222591362126,0.0335358819045287,0.0177230493583304,-0.0095018144552918,0.0043053800275926,,,,,
sentence-transformers/LaBSE,0.1,ru,affine,QT_minus_TQ,4.0,14.494511553479722,0.9977598303148122,0.999879605420264,8.963951538594497e-05,0.0033222591362126,0.0232254589984076,-0.0837098238965284,-0.0129167154270849,0.0606630944311074,,,,,
sentence-transformers/LaBSE,0.1,ru,affine,MT_minus_TM,4.0,15.444096269036024,0.9989588734891018,0.9998713796721852,9.770586912436446e-05,0.0033222591362126,-0.0082668418276583,-0.0496466166538643,0.0146708130463345,-0.021208912000066,,,,,
sentence-transformers/LaBSE,0.1,zh,linear,NQ_minus_QN,4.0,15.246178868995834,0.9879639556372092,0.9998719942616542,9.512942077757412e-05,0.0033222591362126,-0.220469599859811,0.0952178777201092,0.0485690245245752,0.016319618718266,,,,,
sentence-transformers/LaBSE,0.1,zh,linear,NM_minus_MN,4.0,15.596027007562174,0.9997472002961396,0.9998744403963896,9.095920125409708e-05,0.1096345514950166,0.0010493644719929,0.01613017917089,-0.0311856711820371,0.0087458570106497,,,,,
sentence-transformers/LaBSE,0.1,zh,linear,NT_minus_TN,4.0,16.70336856349532,0.9854328396365029,0.999879944162988,8.288402145607058e-05,0.0033222591362126,-0.2263203499161759,-0.0071842273434951,0.0474735031167287,0.1691618232585419,,,,,
sentence-transformers/LaBSE,0.1,zh,linear,QM_minus_MQ,4.0,12.386906010998311,0.9979823511165744,0.9998818180848628,9.006044464978097e-05,0.0033222591362126,0.0206002870018228,0.0220395714819958,-0.0242867284769045,0.0479692495367886,,,,,
sentence-transformers/LaBSE,0.1,zh,linear,QT_minus_TQ,4.0,13.305971292671195,0.9972021657887464,0.999878630907848,8.2502896633634e-05,0.0033222591362126,0.0044532218350911,-0.0355894977202562,0.0010465519424516,0.0896617456892762,,,,,
sentence-transformers/LaBSE,0.1,zh,linear,MT_minus_TM,4.0,12.434414083538323,0.9990018936483502,0.9998778747136036,8.635104224369217e-05,0.0033222591362126,0.0109452280631644,-0.0128159229567647,0.018246959044036,-0.0447136272870671,,,,,
sentence-transformers/LaBSE,0.1,zh,affine,NQ_minus_QN,4.0,14.799875875073502,0.985737524622657,0.9998696838009978,8.764962973242552e-05,0.0033222591362126,-0.2272465510122393,0.1459657949545094,0.0485399122874209,0.0090734976606743,,,,,
sentence-transformers/LaBSE,0.1,zh,affine,NM_minus_MN,4.0,16.354848876857407,0.9993640802121148,0.999874623304656,8.268749440364681e-05,0.0033222591362126,0.0144345924334737,0.0057686511765445,-0.055771038514287,0.012721327498513,,,,,
sentence-transformers/LaBSE,0.1,zh,affine,NT_minus_TN,4.0,17.343388758393914,0.985254086346898,0.9998678013077764,0.0001000437573041,0.0033222591362126,-0.2445394437164963,0.0182171690643369,0.0455720157842013,0.1677311531257357,,,,,
sentence-transformers/LaBSE,0.1,zh,affine,QM_minus_MQ,4.0,13.088976750514648,0.9971503727975448,0.9998814235904236,7.94789900057527e-05,0.0033222591362126,0.0267535379182202,0.0405225069465536,-0.0555844274298657,0.0427508938410665,,,,,
sentence-transformers/LaBSE,0.1,zh,affine,QT_minus_TQ,4.0,13.453798246477682,0.9987171240336212,0.9998907760478852,6.894778272925655e-05,0.0033222591362126,0.0234265764746113,-0.007502806054229,0.0080864465132527,0.0464145050497715,,,,,
sentence-transformers/LaBSE,0.1,zh,affine,MT_minus_TM,4.0,12.626136092873477,0.999077988444342,0.9998838782026216,8.381747681144e-05,0.0033222591362126,0.0136845662293932,-0.0351273220200373,0.0197334403916548,-0.0291447182460488,,,,,
sentence-transformers/LaBSE,0.1,ar,linear,NQ_minus_QN,4.0,14.856039102669474,0.9884442868894344,0.9998717827715304,9.45616503717763e-05,0.0033222591362126,-0.193721709223483,0.086109730475459,0.0216939927907568,0.0234895559628756,,,,,
sentence-transformers/LaBSE,0.1,ar,linear,NM_minus_MN,4.0,18.6976723444987,0.997428984349898,0.9998717695999672,9.372460866736185e-05,0.0033222591362126,0.1059577563732002,-0.0742667825368296,0.0017155338140241,-0.0378989572287119,,,,,
sentence-transformers/LaBSE,0.1,ar,linear,NT_minus_TN,4.0,17.30040280911516,0.993965005591894,0.9998752861620048,8.530312129013602e-05,0.0033222591362126,-0.1391301331724611,-0.0313220541620017,0.0135298284886222,0.1036395982531067,,,,,
sentence-transformers/LaBSE,0.1,ar,linear,QM_minus_MQ,4.0,12.353255837931812,0.9986709171842728,0.999877832693104,9.017919881322676e-05,0.0033222591362126,0.0044213505022161,-0.054026018192986,0.020510496582271,0.0430495208312403,,,,,
sentence-transformers/LaBSE,0.1,ar,linear,QT_minus_TQ,4.0,12.886322509527345,0.9962210319425706,0.9998779802049216,9.290953292899212e-05,0.0033222591362126,-0.0141386006723723,-0.0511444015005163,0.005609069860883,0.1015157669179765,,,,,
sentence-transformers/LaBSE,0.1,ar,linear,MT_minus_TM,4.0,13.679392550823444,0.9948927126104804,0.9998847652755486,8.024083076481208e-05,0.0033222591362126,0.0136293970848168,0.0119170350310944,-0.1062468601703695,-0.0574156640418226,,,,,
sentence-transformers/LaBSE,0.1,ar,affine,NQ_minus_QN,4.0,14.33717538329552,0.9872417339718031,0.9998806117444272,8.11605938191322e-05,0.0033222591362126,-0.1810069474189648,0.1519652398995922,0.0221448080298126,0.0197315340773884,,,,,
sentence-transformers/LaBSE,0.1,ar,affine,NM_minus_MN,4.0,18.864211766060087,0.9983491685499656,0.999880637998672,8.808214700997982e-05,0.0033222591362126,0.0715752489624648,-0.0891163835467039,-0.0060627898839625,-0.0167014513487132,,,,,
sentence-transformers/LaBSE,0.1,ar,affine,NT_minus_TN,4.0,18.085192572094645,0.9916162898169107,0.9998898478639036,7.748974277640085e-05,0.0033222591362126,-0.1804921295938831,0.0199089489966357,0.0251837998363851,0.1184813560857383,,,,,
sentence-transformers/LaBSE,0.1,ar,affine,QM_minus_MQ,4.0,13.128144016517853,0.998928597067933,0.9998804384685992,8.094961701558758e-05,0.0033222591362126,-0.0030147146066403,-0.0497638862577201,0.0341496334212974,0.0274886706309635,,,,,
sentence-transformers/LaBSE,0.1,ar,affine,QT_minus_TQ,4.0,13.251237212641083,0.9979153172508312,0.9998770420907775,8.058717953520882e-05,0.0033222591362126,0.002334221027078,-0.0282017918288206,0.0119668841378814,0.0734505848902104,,,,,
sentence-transformers/LaBSE,0.1,ar,affine,MT_minus_TM,4.0,13.787176646438247,0.9980901535849016,0.999879236675716,9.00888937932808e-05,0.0033222591362126,-0.0027959003446677,0.0059548447826181,-0.0612796774214368,-0.0354038032257664,,,,,
sentence-transformers/LaBSE,1.0,en,linear,NQ_minus_QN,4.0,11.146616839559933,0.996850547954916,0.9998806569031994,8.582161754123723e-05,0.0033222591362126,-0.0907068235342209,0.0158050145633392,0.0318951870857462,0.0322716414636842,,,,,
sentence-transformers/LaBSE,1.0,en,linear,NM_minus_MN,4.0,11.899954017961711,0.9991659440767332,0.9998814302701866,9.02750081696883e-05,0.0033222591362126,0.0185023289193314,-0.0364022142436821,-0.0386227084687596,0.0234603978401302,,,,,
sentence-transformers/LaBSE,1.0,en,linear,NT_minus_TN,4.0,11.93640004828277,0.994751337084884,0.9998811950529994,8.061668577845106e-05,0.0033222591362126,-0.0996829415334719,-0.0231043655664711,-0.0056033034524433,0.1004241508157251,,,,,
sentence-transformers/LaBSE,1.0,en,linear,QM_minus_MQ,4.0,9.872261912528058,0.9982158581523636,0.9998784495475858,8.655056266844643e-05,0.0033222591362126,-0.0039708221292359,-0.0443290887272826,-0.0074808154968011,0.0596980733100621,,,,,
sentence-transformers/LaBSE,1.0,en,linear,QT_minus_TQ,4.0,10.82294204090148,0.9989884908120794,0.9998722724564294,8.756428915253695e-05,0.0033222591362126,-0.0012353394613289,0.0027095139493212,-0.0188090253023341,0.0464716803893344,,,,,
sentence-transformers/LaBSE,1.0,en,linear,MT_minus_TM,4.0,10.24699647385298,0.9962884800157586,0.999861409371581,8.86423206545228e-05,0.0033222591362126,0.0242522296214225,-0.0010901651136357,-0.0119894439046222,-0.0870982078993685,,,,,
sentence-transformers/LaBSE,1.0,en,affine,NQ_minus_QN,4.0,11.07448333635696,0.995484450838416,0.9998744690356948,9.551158091799332e-05,0.0033222591362126,-0.1003207247440515,0.0776550962696924,0.0293140226171925,0.0151913744548468,,,,,
sentence-transformers/LaBSE,1.0,en,affine,NM_minus_MN,4.0,11.984144324055546,0.9991567531616536,0.9998791755043376,8.192226103182968e-05,0.0033222591362126,0.0088683000793896,-0.038338683452168,-0.0378601355746352,0.0224255539551571,,,,,
sentence-transformers/LaBSE,1.0,en,affine,NT_minus_TN,4.0,12.637020984631487,0.9942583949312044,0.9998844190681704,8.455593215592242e-05,0.0033222591362126,-0.119900336080363,-0.001290424580315,0.0003842561949448,0.1007195112041474,,,,,
sentence-transformers/LaBSE,1.0,en,affine,QM_minus_MQ,4.0,10.068392344559896,0.9979677564401176,0.9998733885862872,8.389347064156758e-05,0.0033222591362126,0.0021689901540819,-0.0509531991187531,-0.0157495701787138,0.0618814802787014,,,,,
sentence-transformers/LaBSE,1.0,en,affine,QT_minus_TQ,4.0,10.866639770570378,0.9995942108898151,0.9998833450671708,8.416506658411481e-05,0.0132890365448504,0.0073779004553953,0.0071490536307066,-0.0133796864326725,0.0225915197758003,,,,,
sentence-transformers/LaBSE,1.0,en,affine,MT_minus_TM,4.0,10.46754447389896,0.997782925938297,0.999880146745261,8.870536161538272e-05,0.0033222591362126,0.0176886413178698,-0.0163836495787851,0.0015556056399595,-0.0632865353019542,,,,,
sentence-transformers/LaBSE,1.0,es,linear,NQ_minus_QN,4.0,10.270708488827676,0.999668182714638,0.999880807895046,7.979261947733322e-05,0.0299003322259136,-0.0132825484502221,-0.0191148957210024,0.0072981384333189,-0.0031990904247792,,,,,
sentence-transformers/LaBSE,1.0,es,linear,NM_minus_MN,4.0,10.677349850820086,0.9971100026797876,0.999878129977556,7.706192565581576e-05,0.0033222591362126,0.0819354251667205,0.0021356968186519,-0.0182755427906074,-0.0017844242359648,,,,,
sentence-transformers/LaBSE,1.0,es,linear,NT_minus_TN,4.0,11.138420612418123,0.9963152752935388,0.9998720617506104,8.416677556711156e-05,0.0033222591362126,-0.0401773688264848,-0.0754004820987492,-0.0142758635280587,0.0810553961670132,,,,,
sentence-transformers/LaBSE,1.0,es,linear,QM_minus_MQ,4.0,9.019476935444311,0.9971596999170828,0.9998794018567294,8.984288785250052e-05,0.0033222591362126,0.0248355193662557,0.0537839206440809,-0.0413279048091783,0.0048650285360719,,,,,
sentence-transformers/LaBSE,1.0,es,linear,QT_minus_TQ,4.0,9.742961163535528,0.9947448648607956,0.9998775130750018,8.4322140066192e-05,0.0033222591362126,-0.0378876831792212,-0.0494790679816689,-0.036123128636319,0.0977184271943781,,,,,
sentence-transformers/LaBSE,1.0,es,linear,MT_minus_TM,4.0,9.87739239692447,0.9966719098024476,0.9998728482554772,9.112982855823214e-05,0.0033222591362126,0.0130792406592199,0.0013478604321646,0.0107149964691859,-0.081914248851988,,,,,
sentence-transformers/LaBSE,1.0,es,affine,NQ_minus_QN,4.0,9.80474555321214,0.9997731747418512,0.9998819637675816,8.204646752764388e-05,0.0897009966777408,-0.0060654663209822,0.0255018204921442,0.0049446454170756,-0.0068879184230784,,,,,
sentence-transformers/LaBSE,1.0,es,affine,NM_minus_MN,4.0,10.889286979486476,0.9978621392772784,0.9998696442304637,9.161792289057092e-05,0.0033222591362126,0.0725639324604911,0.0006543932370217,-0.0074839592047627,-0.0045083381821003,,,,,
sentence-transformers/LaBSE,1.0,es,affine,NT_minus_TN,4.0,11.482288393288666,0.9967623243795768,0.999883074178069,8.02612102869757e-05,0.0033222591362126,-0.0465807354562874,-0.057349179924042,-0.0083252284138348,0.0844770004685503,,,,,
sentence-transformers/LaBSE,1.0,es,affine,QM_minus_MQ,4.0,9.378544050387006,0.997493010196868,0.9998733948013256,8.666230168167173e-05,0.0033222591362126,0.0175828438947645,0.0586769450309289,-0.0415743526833568,0.0007762887486465,,,,,
sentence-transformers/LaBSE,1.0,es,affine,QT_minus_TQ,4.0,9.838055944885276,0.9955757984457418,0.9998671076300876,9.407905202609026e-05,0.0033222591362126,-0.0194320107115279,-0.0619465387844113,-0.0308511273848304,0.0888977189624041,,,,,
sentence-transformers/LaBSE,1.0,es,affine,MT_minus_TM,4.0,9.97832220363682,0.9974294038613736,0.9998753795536114,9.094830364715694e-05,0.0033222591362126,0.0044021299459424,-0.0090665895616046,0.0279998545290874,-0.0656238720249594,,,,,
sentence-transformers/LaBSE,1.0,fr,linear,NQ_minus_QN,4.0,9.505542915226457,0.9955968853834996,0.9998823741541888,8.371172163445641e-05,0.0033222591362126,-0.0924827415002993,0.0731518355981107,0.0112997856629779,0.0182823443288424,,,,,
sentence-transformers/LaBSE,1.0,fr,linear,NM_minus_MN,4.0,11.632344659850864,0.9954222496625816,0.9998804710521734,8.097996883160518e-05,0.0033222591362126,0.1255110093197968,-0.0344419557337254,-0.0091209343827753,-0.032441875228619,,,,,
sentence-transformers/LaBSE,1.0,fr,linear,NT_minus_TN,4.0,10.734735378385874,0.9993871296227594,0.9998779408583176,8.692106956274908e-05,0.0033222591362126,-0.0279765623234016,0.0058864548029538,0.029109901017723,0.019701809235003,,,,,
sentence-transformers/LaBSE,1.0,fr,linear,QM_minus_MQ,4.0,8.04502179265316,0.9992097031029848,0.9998742211304148,9.021623796331642e-05,0.0033222591362126,-0.0050694822203306,0.0337804962972984,-0.0229385919621463,0.0036540428499827,,,,,
sentence-transformers/LaBSE,1.0,fr,linear,QT_minus_TQ,4.0,9.740126296086162,0.9987452500689348,0.9998794373113816,8.38277807265997e-05,0.0033222591362126,0.0193688229877646,0.0112965758222412,-0.017391361181599,-0.0472249851770518,,,,,
sentence-transformers/LaBSE,1.0,fr,linear,MT_minus_TM,4.0,9.691922928865935,0.9936174279711244,0.9998799668522989,8.477648273602166e-05,0.0033222591362126,0.0394965979508831,0.0215863359094578,-0.0510425609977948,-0.1004242454043936,,,,,
sentence-transformers/LaBSE,1.0,fr,affine,NQ_minus_QN,4.0,9.367451092340016,0.9931996037379948,0.9998819877076852,7.973126641923779e-05,0.0033222591362126,-0.0952129673721661,0.1154630859631223,0.0100659512338896,0.0154048819693119,,,,,
sentence-transformers/LaBSE,1.0,fr,affine,NM_minus_MN,4.0,12.028974992118972,0.9960817541986582,0.9998780460464808,7.9810030410681e-05,0.0033222591362126,0.1198489867928768,-0.0285211553038998,-0.0193589433893464,-0.0294099188422102,,,,,
sentence-transformers/LaBSE,1.0,fr,affine,NT_minus_TN,4.0,10.96497051959752,0.9987010356862442,0.9998756279142657,9.016484510978238e-05,0.0033222591362126,-0.0454056184479438,0.0103870537252307,0.0355002621894931,0.0329056518739116,,,,,
sentence-transformers/LaBSE,1.0,fr,affine,QM_minus_MQ,4.0,8.285438990520275,0.9990812101798874,0.9998780361326384,9.02056411933568e-05,0.0033222591362126,0.0002805548458346,0.0192416262030901,-0.0372024334579003,0.010983085884998,,,,,
sentence-transformers/LaBSE,1.0,fr,affine,QT_minus_TQ,4.0,9.481851651427055,0.9984297576333644,0.999881503882852,8.164285257169329e-05,0.0033222591362126,0.0214616327532003,-0.0043635986401933,-0.0211006528191853,-0.0467575208397133,,,,,
sentence-transformers/LaBSE,1.0,fr,affine,MT_minus_TM,4.0,9.536631987206931,0.9933361539080348,0.99987761398158,8.754963139183184e-05,0.0033222591362126,0.0376565992639664,0.0165706938235767,-0.0290369174755378,-0.1084639448317233,,,,,
sentence-transformers/LaBSE,1.0,de,linear,NQ_minus_QN,4.0,10.47241037652953,0.9944554220308436,0.9998789459226872,8.65490046798076e-05,0.0033222591362126,-0.1012380427529653,0.0856356701458407,0.0118402966295642,0.0243961431418261,,,,,
sentence-transformers/LaBSE,1.0,de,linear,NM_minus_MN,4.0,12.084489769316562,0.999009984085886,0.9998824232350194,7.806094123821559e-05,0.0033222591362126,0.0466374167949027,-0.0246292364478561,-0.0210794826806023,0.0215115717577475,,,,,
sentence-transformers/LaBSE,1.0,de,linear,NT_minus_TN,4.0,11.889850087475484,0.9923139972633588,0.9998916574339082,7.127030953202665e-05,0.0033222591362126,-0.1304802104355314,-0.0335699690935712,0.0149517436890427,0.0942405339834767,,,,,
sentence-transformers/LaBSE,1.0,de,linear,QM_minus_MQ,4.0,9.351479805408626,0.9981708781260038,0.9998815244559924,8.741271786420312e-05,0.0033222591362126,0.0113823925480829,-0.0181440797854831,0.0325332430300315,0.0403463799948641,,,,,
sentence-transformers/LaBSE,1.0,de,linear,QT_minus_TQ,4.0,11.177812532469895,0.997437745708742,0.9998824026474484,7.719289261852487e-05,0.0033222591362126,-0.0500636613296713,-0.0207807520042745,0.0070536888927165,0.0769273523231292,,,,,
sentence-transformers/LaBSE,1.0,de,linear,MT_minus_TM,4.0,9.53757149785276,0.997861696876938,0.9998811219200952,8.601051670883431e-05,0.0033222591362126,0.0106229950078406,-0.0088341313167071,0.0320775715787504,-0.0580996044876695,,,,,
sentence-transformers/LaBSE,1.0,de,affine,NQ_minus_QN,4.0,10.548169392786376,0.992496802139298,0.999873360748142,8.892828384005466e-05,0.0033222591362126,-0.0875809393511733,0.1335932670283568,0.0014591734498423,0.0116648140140559,,,,,
sentence-transformers/LaBSE,1.0,de,affine,NM_minus_MN,4.0,13.028054950395,0.999062235576984,0.9998760950264663,8.552951833173567e-05,0.0033222591362126,0.0374357219593166,-0.0475814117617315,0.00744261008064,0.0315872261577176,,,,,
sentence-transformers/LaBSE,1.0,de,affine,NT_minus_TN,4.0,12.916904172876029,0.9895010122583988,0.9998759109091346,8.195359798565624e-05,0.0033222591362126,-0.1692242768647916,-0.0242542290392906,0.0121236158612447,0.1165355509115878,,,,,
sentence-transformers/LaBSE,1.0,de,affine,QM_minus_MQ,4.0,9.7849877230056,0.9982018823810428,0.9998788115816272,7.96711623672756e-05,0.0033222591362126,0.0130780632531133,-0.0266040906722448,0.0386264798042492,0.037720120547444,,,,,
sentence-transformers/LaBSE,1.0,de,affine,QT_minus_TQ,4.0,11.500748084432498,0.9985562310508364,0.9998783367241224,8.994746063938308e-05,0.0033222591362126,-0.0437667152696314,-0.0160859022486553,0.0186461801258846,0.0511111056772328,,,,,
sentence-transformers/LaBSE,1.0,de,affine,MT_minus_TM,4.0,9.979532577991575,0.9984293084479384,0.9998854614453933,7.916592143127929e-05,0.0033222591362126,0.0113616841845224,-0.0160716389223352,0.021094105129243,-0.0486407754588405,,,,,
sentence-transformers/LaBSE,1.0,ru,linear,NQ_minus_QN,4.0,12.020348579946935,0.9953730851930256,0.9998810277108824,8.563176936543037e-05,0.0033222591362126,-0.0905161034764492,0.0874476522744654,0.0266554463915362,0.0266470364058635,,,,,
sentence-transformers/LaBSE,1.0,ru,linear,NM_minus_MN,4.0,15.9099252878773,0.9995632442988782,0.9998820809341856,8.366139140958344e-05,0.0099667774086378,-0.0199807677320295,-0.0001040760522013,-0.0385478288145094,0.0058566376135863,,,,,
sentence-transformers/LaBSE,1.0,ru,linear,NT_minus_TN,4.0,14.808410593713027,0.9958514321617346,0.9998797599922602,9.077732912397088e-05,0.0033222591362126,-0.1093307600905992,-0.0181424771752163,-0.0329389085506063,0.0498112568728438,,,,,
sentence-transformers/LaBSE,1.0,ru,linear,QM_minus_MQ,4.0,10.979429465541944,0.9988830691725904,0.9998747641859028,9.463428678680696e-05,0.0033222591362126,0.0360069564203714,-0.0183271145016527,-0.0274323861832919,0.0229660380731258,,,,,
sentence-transformers/LaBSE,1.0,ru,linear,QT_minus_TQ,4.0,11.709761965602564,0.9980966809613132,0.999873534751531,9.05066350906174e-05,0.0033222591362126,0.016270577012411,-0.0782621136611063,-0.0050742767006927,0.0384571966884497,,,,,
sentence-transformers/LaBSE,1.0,ru,linear,MT_minus_TM,4.0,11.659300146685151,0.996681228054164,0.999880021228973,8.035256761004574e-05,0.0033222591362126,0.0012904648070145,-0.0068898364821687,0.0181480109653681,-0.0846983387773011,,,,,
sentence-transformers/LaBSE,1.0,ru,affine,NQ_minus_QN,4.0,12.045610745194727,0.9913629619833474,0.9998689766848828,9.715271804097911e-05,0.0033222591362126,-0.0866474010101075,0.1554359406664046,0.0237434965101785,0.0189282910700981,,,,,
sentence-transformers/LaBSE,1.0,ru,affine,NM_minus_MN,4.0,15.342783420747596,0.9998640171976336,0.9998795587774078,8.221778206201209e-05,0.335548172757475,-0.0177581618508978,-0.0001219724505465,-0.0128874750702504,0.0030134474706082,,,,,
sentence-transformers/LaBSE,1.0,ru,affine,NT_minus_TN,4.0,15.908232373084788,0.9943973020811558,0.9998774463023072,8.793306949442272e-05,0.0033222591362126,-0.1456439689147986,0.0110778938416238,-0.0312715110791501,0.0752774863786822,,,,,
sentence-transformers/LaBSE,1.0,ru,affine,QM_minus_MQ,4.0,11.214486715901506,0.9988258634112468,0.9998750580431778,8.180976068998274e-05,0.0033222591362126,0.0358020262923398,0.0056417002001541,-0.0367029056188383,0.0103068948650524,,,,,
sentence-transformers/LaBSE,1.0,ru,affine,QT_minus_TQ,4.0,11.856940990518298,0.99870875582601,0.999880187580072,9.16194763822752e-05,0.0033222591362126,0.0244719574814,-0.065500664604794,-0.010757245744076,0.0229690107436779,,,,,
sentence-transformers/LaBSE,1.0,ru,affine,MT_minus_TM,4.0,11.79060347800875,0.9975841723560596,0.99987413622744,9.51100515991185e-05,0.0033222591362126,-0.0051233160731589,-0.0269364475122478,0.0416819410323703,-0.0566754384753307,,,,,
sentence-transformers/LaBSE,1.0,zh,linear,NQ_minus_QN,4.0,12.454887737473378,0.9896077683892108,0.999872708123704,9.470206633564064e-05,0.0033222591362126,-0.1844928332996387,0.0818021092833955,0.0391565508939429,0.0098967942006432,,,,,
sentence-transformers/LaBSE,1.0,zh,linear,NM_minus_MN,4.0,12.542218126329187,0.9988344735194457,0.9998737414365388,9.010135666313072e-05,0.0033222591362126,0.019582094540068,0.006536401713965,-0.066058643123958,0.0054668006475592,,,,,
sentence-transformers/LaBSE,1.0,zh,linear,NT_minus_TN,4.0,13.38845532137125,0.989561225831508,0.9998801724999412,8.516047819659904e-05,0.0033222591362126,-0.1754024375211547,-0.0105120613389765,0.038515107367056,0.1172986645506216,,,,,
sentence-transformers/LaBSE,1.0,zh,linear,QM_minus_MQ,4.0,10.3962099291532,0.9973596438617012,0.9998815603123604,8.760595708131315e-05,0.0033222591362126,0.0254098363092682,0.0163133399054116,-0.0458530612281709,0.0473622435389339,,,,,
sentence-transformers/LaBSE,1.0,zh,linear,QT_minus_TQ,4.0,11.235558994129589,0.9988521996654172,0.9998781452127424,8.105397523022382e-05,0.0033222591362126,0.0136341200442863,-0.0275426086190766,-0.0018416357777143,0.0498583040144622,,,,,
sentence-transformers/LaBSE,1.0,zh,linear,MT_minus_TM,4.0,10.345010896906246,0.997312985066072,0.999878304466314,8.560596725143825e-05,0.0033222591362126,0.0159829644169049,-0.0063240407788641,0.0388334102124639,-0.0693852868971046,,,,,
sentence-transformers/LaBSE,1.0,zh,affine,NQ_minus_QN,4.0,12.22915237170158,0.988774230458623,0.9998695335728264,8.887364154572838e-05,0.0033222591362126,-0.1824437433715857,0.1268732504068783,0.0382723523385941,0.0026609591808633,,,,,
sentence-transformers/LaBSE,1.0,zh,affine,NM_minus_MN,4.0,13.082159605642442,0.9984240914106852,0.99987237489182,8.539632945747856e-05,0.0033222591362126,0.028222828901765,-0.000686251996511,-0.0784292578681445,0.0090613428014727,,,,,
sentence-transformers/LaBSE,1.0,zh,affine,NT_minus_TN,4.0,13.857756449570964,0.989635190535476,0.9998671529097366,9.886385030900853e-05,0.0033222591362126,-0.1874964920566737,0.0086421367086959,0.0401558863509263,0.1158680178910716,,,,,
sentence-transformers/LaBSE,1.0,zh,affine,QM_minus_MQ,4.0,10.853693239217742,0.996520385025264,0.9998808190352996,7.980693833905855e-05,0.0033222591362126,0.0302477823622211,0.0290426932286921,-0.0696842076686105,0.0422674972740771,,,,,
sentence-transformers/LaBSE,1.0,zh,affine,QT_minus_TQ,4.0,11.31160499770363,0.999384515133156,0.9998910382471504,6.97198758067959e-05,0.0033222591362126,0.0274830890458147,-0.0054013716417435,0.004527319959624,0.0178755030504091,,,,,
sentence-transformers/LaBSE,1.0,zh,affine,MT_minus_TM,4.0,10.401362128349232,0.9974484814536884,0.999884165416961,8.456151237420813e-05,0.0033222591362126,0.0153025661287775,-0.0232086667783816,0.0456210082667795,-0.0577580430911003,,,,,
sentence-transformers/LaBSE,1.0,ar,linear,NQ_minus_QN,4.0,12.015788868525204,0.9921284223484564,0.999872216850536,9.527483998792311e-05,0.0033222591362126,-0.1426768532509579,0.0786297761962569,0.0157978699195682,0.0101035855883332,,,,,
sentence-transformers/LaBSE,1.0,ar,linear,NM_minus_MN,4.0,15.175490921035095,0.9969031152984028,0.9998739829314532,9.203344211106352e-05,0.0033222591362126,0.1055212010241603,-0.0637411860855774,-0.0333961495916446,-0.0347497779030584,,,,,
sentence-transformers/LaBSE,1.0,ar,linear,NT_minus_TN,4.0,13.703235363463987,0.996355376178176,0.9998774142823696,8.185389423129568e-05,0.0033222591362126,-0.0927995274962056,-0.0346840075460298,0.0004991824070065,0.0653224081687723,,,,,
sentence-transformers/LaBSE,1.0,ar,linear,QM_minus_MQ,4.0,10.44963897151862,0.9985590683901416,0.999878127641276,8.853432611046679e-05,0.0033222591362126,0.0099424535448121,-0.0535056150002509,-0.0149085872425284,0.0431271805439044,,,,,
sentence-transformers/LaBSE,1.0,ar,linear,QT_minus_TQ,4.0,10.911569267991384,0.998066382689764,0.9998763662593516,9.26687369032766e-05,0.0033222591362126,-0.0066296654239518,-0.0469397614327833,0.0035087885632832,0.0652856994537806,,,,,
sentence-transformers/LaBSE,1.0,ar,linear,MT_minus_TM,4.0,11.2066214353403,0.9954062661437104,0.9998837217352397,8.124660603465966e-05,0.0033222591362126,0.0183577186448448,0.018731514854036,-0.065921147499911,-0.0780904800793011,,,,,
sentence-transformers/LaBSE,1.0,ar,affine,NQ_minus_QN,4.0,11.718695644420771,0.990754263994277,0.9998809391428232,8.083696502205113e-05,0.0033222591362126,-0.1330086084885244,0.1331970813379975,0.0163005008556911,0.0066160979952956,,,,,
sentence-transformers/LaBSE,1.0,ar,affine,NM_minus_MN,4.0,15.138130082538945,0.9977779202139432,0.9998800869307228,8.911345977065896e-05,0.0033222591362126,0.0805671809795094,-0.0735259077332683,-0.0353647685101495,-0.0158020469090177,,,,,
sentence-transformers/LaBSE,1.0,ar,affine,NT_minus_TN,4.0,14.137730833762108,0.9951048807686332,0.9998896145217632,7.765346225074855e-05,0.0033222591362126,-0.1244419547870066,0.003928629920156,0.0113088691337766,0.0723285478583466,,,,,
sentence-transformers/LaBSE,1.0,ar,affine,QM_minus_MQ,4.0,10.907632052827998,0.9991502261346044,0.9998810540905776,7.901279367732858e-05,0.0033222591362126,0.005303782575883,-0.0458217562459205,-0.0100501096289406,0.0313277029262546,,,,,
sentence-transformers/LaBSE,1.0,ar,affine,QT_minus_TQ,4.0,11.0761952337682,0.9990315214223696,0.9998776693127198,8.141854851503882e-05,0.0033222591362126,0.0059135998651519,-0.0264004766199372,0.0085908891971751,0.044944470756815,,,,,
sentence-transformers/LaBSE,1.0,ar,affine,MT_minus_TM,4.0,11.14421229891041,0.9977700071636882,0.9998795374393272,8.840080243682022e-05,0.0033222591362126,0.004696014689028,0.0117951889577934,-0.0298757238140887,-0.0622369775238193,,,,,
sentence-transformers/LaBSE,10.0,en,linear,NQ_minus_QN,4.0,5.46152681250394,0.9926097559807432,0.9998824648877096,8.410134267776286e-05,0.0033222591362126,-0.0839342228007762,0.0889186382364051,0.0248365286391843,-0.0204494880085509,,,,,
sentence-transformers/LaBSE,10.0,en,linear,NM_minus_MN,4.0,5.168272227490144,0.9991323429296364,0.999877627809192,8.449154405656438e-05,0.0033222591362126,-0.0034086092900082,-0.0062238424043416,-0.0300311382124254,0.0249097553910858,,,,,
sentence-transformers/LaBSE,10.0,en,linear,NT_minus_TN,4.0,5.22339658427121,0.9957584806299956,0.9998784192636369,7.84550467914998e-05,0.0033222591362126,-0.0683780667645931,-0.0159648748344959,0.011827467690762,0.0549511070564631,,,,,
sentence-transformers/LaBSE,10.0,en,linear,QM_minus_MQ,4.0,5.0399950607586605,0.992187171489302,0.9998775937053052,8.557902636028463e-05,0.0033222591362126,0.0284025780321879,-0.0940044846257437,-0.0182984047043525,0.064319723333574,,,,,
sentence-transformers/LaBSE,10.0,en,linear,QT_minus_TQ,4.0,5.646572300296244,0.9937454179923462,0.999873090445239,8.972805699017146e-05,0.0033222591362126,0.0455503326203718,-0.0995280824722391,-0.0055469601898336,0.0335280884840224,,,,,
sentence-transformers/LaBSE,10.0,en,linear,MT_minus_TM,4.0,4.439003628917387,0.9953774952549774,0.9998710320528844,8.356413157146815e-05,0.0033222591362126,0.0364974245920974,0.0043705508069418,0.0085601843614166,-0.0702664204484667,,,,,
sentence-transformers/LaBSE,10.0,en,affine,NQ_minus_QN,4.0,5.530981828168917,0.9879458726756802,0.9998743597481452,8.157695037138858e-05,0.0033222591362126,-0.0912527180884421,0.1307276884187018,0.016860537266337,-0.0292145637452395,,,,,
sentence-transformers/LaBSE,10.0,en,affine,NM_minus_MN,4.0,5.233189149793509,0.9991565140236603,0.9998782088536476,8.516326714179124e-05,0.0033222591362126,-0.0149766709401433,-0.0100222331081427,-0.019812379166989,0.0297623952458482,,,,,
sentence-transformers/LaBSE,10.0,en,affine,NT_minus_TN,4.0,5.248589788347281,0.9959492227409004,0.9998863649949564,8.41890778147615e-05,0.0033222591362126,-0.0717159272405903,-0.0090472035100941,0.0156601728810662,0.0496572513907603,,,,,
sentence-transformers/LaBSE,10.0,en,affine,QM_minus_MQ,4.0,5.0434669847696165,0.99119785501829,0.9998645837063732,8.979216494729346e-05,0.0033222591362126,0.0287419537504561,-0.1027685394036384,-0.0180826358123022,0.0684236684176221,,,,,
sentence-transformers/LaBSE,10.0,en,affine,QT_minus_TQ,4.0,5.560481060445321,0.994517408992633,0.9998840472920096,8.611635112715414e-05,0.0033222591362126,0.0460120030145149,-0.0939499440318621,-0.0026564010759995,0.0293239345734546,,,,,
sentence-transformers/LaBSE,10.0,en,affine,MT_minus_TM,4.0,4.440397108007843,0.9967652470068348,0.9998829427341852,8.031234025690987e-05,0.0033222591362126,0.0284697554680325,-0.0004636359520318,0.0116220208010994,-0.0581694594500983,,,,,
sentence-transformers/LaBSE,10.0,es,linear,NQ_minus_QN,4.0,5.051586629754392,0.9988979525214022,0.9998801193347292,7.561356501442057e-05,0.0033222591362126,-0.0228309585871313,0.0295566122200904,0.0031351576275981,-0.0236864184910218,,,,,
sentence-transformers/LaBSE,10.0,es,linear,NM_minus_MN,4.0,4.586387042308185,0.995021529667312,0.9998786234293748,7.278319071211148e-05,0.0033222591362126,0.0671500053497552,0.0005837196331897,-0.0504491530401739,-0.0152916026665458,,,,,
sentence-transformers/LaBSE,10.0,es,linear,NT_minus_TN,4.0,4.964283764187671,0.9975665993760656,0.999876946815416,8.731635676484784e-05,0.0033222591362126,-0.0060906563687345,-0.0514353610291704,0.0013914912233035,0.0224388798578629,,,,,
sentence-transformers/LaBSE,10.0,es,linear,QM_minus_MQ,4.0,4.642886399989274,0.9970252280752562,0.999875844815169,8.563134466576261e-05,0.0033222591362126,0.0453663988997921,-0.0319035782223828,-0.034357973903041,0.0236854817713527,,,,,
sentence-transformers/LaBSE,10.0,es,linear,QT_minus_TQ,4.0,5.167240332451104,0.992201174693264,0.999877025555122,8.296042160019415e-05,0.0033222591362126,0.0316796966112091,-0.1086208020907907,-0.0054198660138254,0.0549845940760195,,,,,
sentence-transformers/LaBSE,10.0,es,linear,MT_minus_TM,4.0,4.580988140555276,0.9944147265852396,0.9998722621561458,8.868116554075645e-05,0.0033222591362126,0.026370604411934,0.0067242376197618,0.0232031094655187,-0.0802860764812895,,,,,
sentence-transformers/LaBSE,10.0,es,affine,NQ_minus_QN,4.0,4.920992205875439,0.9969223137963746,0.9998827418511108,8.356929692230128e-05,0.0033222591362126,-0.0261883669803915,0.0668055458382776,-0.0049085036200336,-0.0328678557877178,,,,,
sentence-transformers/LaBSE,10.0,es,affine,NM_minus_MN,4.0,4.682427529770376,0.9959087783617429,0.9998709770051792,9.135180276308084e-05,0.0033222591362126,0.064215224783642,-0.0030009369865667,-0.0456849768534996,-0.0116633641168042,,,,,
sentence-transformers/LaBSE,10.0,es,affine,NT_minus_TN,4.0,4.936636783699127,0.9980683398828308,0.9998789549780852,8.903163159278111e-05,0.0033222591362126,-0.0005692836673843,-0.0496177391933984,8.317363225979011e-05,0.0249730419647779,,,,,
sentence-transformers/LaBSE,10.0,es,affine,QM_minus_MQ,4.0,4.640352543537628,0.9971654943471272,0.9998732822241904,8.101208324135003e-05,0.0033222591362126,0.0404165335540074,-0.0311596216463955,-0.0372885149657192,0.026411066861794,,,,,
sentence-transformers/LaBSE,10.0,es,affine,QT_minus_TQ,4.0,5.098961010769474,0.9922777930212848,0.9998651520342424,9.869962292250278e-05,0.0033222591362126,0.0322090944827022,-0.1080957551849593,-0.0082606718659717,0.0603851407540638,,,,,
sentence-transformers/LaBSE,10.0,es,affine,MT_minus_TM,4.0,4.500496607935293,0.9951514133149872,0.9998694442649912,8.859208150814527e-05,0.0033222591362126,0.0184720330940328,0.0044906331036267,0.0275150454598763,-0.0722137215954546,,,,,
sentence-transformers/LaBSE,10.0,fr,linear,NQ_minus_QN,4.0,4.611692452393746,0.9959069970327598,0.999870379660879,9.42410538387363e-05,0.0033222591362126,-0.0476044461067144,0.0707848454418086,-0.0025434940332662,-0.0148871813895113,,,,,
sentence-transformers/LaBSE,10.0,fr,linear,NM_minus_MN,4.0,4.753303925246634,0.9936359229101192,0.9998776429173232,8.413799550476164e-05,0.0033222591362126,0.0892790033551111,-0.0209202365890768,-0.0559331979531557,-0.0221607911281858,,,,,
sentence-transformers/LaBSE,10.0,fr,linear,NT_minus_TN,4.0,4.530944217200512,0.9995397417624124,0.9998746922750392,8.620892071722269e-05,0.0066445182724252,0.0023297525810976,-0.0053775788163331,0.0114836054965574,-0.0185112933877445,,,,,
sentence-transformers/LaBSE,10.0,fr,linear,QM_minus_MQ,4.0,4.185077884496886,0.9992236440239968,0.9998765013252264,8.905924959856102e-05,0.0033222591362126,0.0123033172972638,-0.0166422667975806,-0.019578800051592,0.0171434390070724,,,,,
sentence-transformers/LaBSE,10.0,fr,linear,QT_minus_TQ,4.0,4.984404107449728,0.9980937236992204,0.9998794700030874,8.619664474250048e-05,0.0033222591362126,0.036160760508528,-0.0173278054003626,0.0073191979393568,-0.042914470926826,,,,,
sentence-transformers/LaBSE,10.0,fr,linear,MT_minus_TM,4.0,4.30612504273966,0.993280205593756,0.9998820712838942,8.740653646580016e-05,0.0033222591362126,0.0440508333599549,0.0122618472939679,0.0155851611412323,-0.0855398205647464,,,,,
sentence-transformers/LaBSE,10.0,fr,affine,NQ_minus_QN,4.0,4.519033871312381,0.9942116752203004,0.9998786833670126,8.140280665243513e-05,0.0033222591362126,-0.0497948616613623,0.0873897437254171,-0.0048968217808617,-0.0172243914593406,,,,,
sentence-transformers/LaBSE,10.0,fr,affine,NM_minus_MN,4.0,4.796717115491049,0.9948951061690172,0.9998786316175232,8.408958699261713e-05,0.0033222591362126,0.0794077525639949,-0.0190260756879699,-0.0541725298806263,-0.0164296968655072,,,,,
sentence-transformers/LaBSE,10.0,fr,affine,NT_minus_TN,4.0,4.499787640810918,0.9994974207992534,0.9998850186546108,7.955936645216346e-05,0.0066445182724252,-0.0083776624179677,-0.0040651170184744,0.0153205641985592,-0.0134652450446845,,,,,
sentence-transformers/LaBSE,10.0,fr,affine,QM_minus_MQ,4.0,4.189996910166544,0.9987961295043724,0.999879639572374,8.578157037350968e-05,0.0033222591362126,0.0127801782606674,-0.0251663984975569,-0.0217318854594079,0.0214549902961325,,,,,
sentence-transformers/LaBSE,10.0,fr,affine,QT_minus_TQ,4.0,4.816123496477355,0.9985320722077912,0.9998812487373888,8.04665810753917e-05,0.0033222591362126,0.0323551483127053,-0.0253553143019633,0.0050682202710406,-0.0287733103436614,,,,,
sentence-transformers/LaBSE,10.0,fr,affine,MT_minus_TM,4.0,4.275207468370311,0.9936846581372968,0.9998769310928026,8.240626297318528e-05,0.0033222591362126,0.0390972729346813,0.0106549466753275,0.0203021196610288,-0.0830025871008431,,,,,
sentence-transformers/LaBSE,10.0,de,linear,NQ_minus_QN,4.0,5.286787910398952,0.983378700087502,0.9998806139775056,8.933278882894649e-05,0.0033222591362126,-0.0867025018994401,0.148343059931502,0.0012287412400791,-0.040596672810852,,,,,
sentence-transformers/LaBSE,10.0,de,linear,NM_minus_MN,4.0,4.833316941516261,0.9982375068202912,0.9998800155147448,8.311832273860078e-05,0.0033222591362126,0.0389529222576351,-0.0043175636920766,-0.0387935916999419,-0.0015005129537149,,,,,
sentence-transformers/LaBSE,10.0,de,linear,NT_minus_TN,4.0,4.875086877276166,0.9972741845893616,0.9998860749978244,7.845483414124992e-05,0.0033222591362126,-0.0467388040292701,-0.0197393132266684,0.0093883244315337,0.0330743357893037,,,,,
sentence-transformers/LaBSE,10.0,de,linear,QM_minus_MQ,4.0,4.772236471205955,0.9917985679031848,0.9998863165286104,8.406355658011011e-05,0.0033222591362126,0.0412921931683944,-0.0877488914746816,-0.0160802079993862,0.0617895410194703,,,,,
sentence-transformers/LaBSE,10.0,de,linear,QT_minus_TQ,4.0,5.602657896254521,0.9926056329678724,0.9998820748095966,8.033182475027698e-05,0.0033222591362126,0.0115383154218369,-0.1055410812637478,0.0159824305211517,0.0540460345125636,,,,,
sentence-transformers/LaBSE,10.0,de,linear,MT_minus_TM,4.0,4.128622115534537,0.9940499794011975,0.9998789831387062,9.62624987294046e-05,0.0033222591362126,0.0197942388647427,-0.0019466942995653,0.043971373964609,-0.0705572442434299,,,,,
sentence-transformers/LaBSE,10.0,de,affine,NQ_minus_QN,4.0,5.408485622812397,0.9759319737368136,0.9998744608523048,0.0001000090639651,0.0033222591362126,-0.0928095698361919,0.1904511459547078,-0.0083324348278324,-0.0498986238951025,,,,,
sentence-transformers/LaBSE,10.0,de,affine,NM_minus_MN,4.0,4.941919904592999,0.9989498800524808,0.99987903062654,8.053563923925249e-05,0.0033222591362126,0.0228444291183222,-0.0158002767322784,-0.0318727665215586,0.014271588657458,,,,,
sentence-transformers/LaBSE,10.0,de,affine,NT_minus_TN,4.0,4.945346331734172,0.9954402569051122,0.9998773592612284,8.199311152992726e-05,0.0033222591362126,-0.0706163331053107,-0.012517166397983,0.0170082840499065,0.0399479182808125,,,,,
sentence-transformers/LaBSE,10.0,de,affine,QM_minus_MQ,4.0,4.851682296520295,0.990941688953906,0.9998766161128086,8.389982969354843e-05,0.0033222591362126,0.0384333036692629,-0.0999423266722886,-0.0077598379836583,0.0649471737465455,,,,,
sentence-transformers/LaBSE,10.0,de,affine,QT_minus_TQ,4.0,5.64676982680886,0.993171908678528,0.9998703190034572,9.941907010099156e-05,0.0033222591362126,0.0011989168914011,-0.1017531896536638,0.0194420564311664,0.0618821498727081,,,,,
sentence-transformers/LaBSE,10.0,de,affine,MT_minus_TM,4.0,4.156966279968258,0.9947810933184036,0.999886846953438,7.628708345234273e-05,0.0033222591362126,0.0151560807366314,-0.0063540232167009,0.0438671737355393,-0.0636377270024101,,,,,
sentence-transformers/LaBSE,10.0,ru,linear,NQ_minus_QN,4.0,5.849198676529264,0.986719734864652,0.9998760312799336,9.287500958738532e-05,0.0033222591362126,-0.0743822102073027,0.1473696865044551,-0.0154683275670427,-0.0223405032986741,,,,,
sentence-transformers/LaBSE,10.0,ru,linear,NM_minus_MN,4.0,5.545437106130464,0.9962905500737018,0.9998801973173188,7.951425585303278e-05,0.0033222591362126,0.0346004753110452,-0.0084222753048289,-0.0736445077879949,0.0238021434407394,,,,,
sentence-transformers/LaBSE,10.0,ru,linear,NT_minus_TN,4.0,5.4237848884117765,0.9972427804680862,0.9998827928329914,9.31363966649156e-05,0.0033222591362126,-0.049337716506127,-0.0168338263471858,-7.722268897613056e-05,0.0321457812754918,,,,,
sentence-transformers/LaBSE,10.0,ru,linear,QM_minus_MQ,4.0,5.104521703458057,0.9896361176959448,0.9998729141644576,9.175508111911578e-05,0.0033222591362126,0.0551279561733008,-0.1076916764888611,-0.0189450826957501,0.0602147227408654,,,,,
sentence-transformers/LaBSE,10.0,ru,linear,QT_minus_TQ,4.0,5.894994296684977,0.986804797366547,0.9998800399261368,8.36776920305209e-05,0.0033222591362126,0.0543201534186073,-0.1502381646219308,0.0282782860021597,0.0298625360216177,,,,,
sentence-transformers/LaBSE,10.0,ru,linear,MT_minus_TM,4.0,4.411439713862219,0.99295319522111,0.9998793301780662,7.870725866791707e-05,0.0033222591362126,0.0051709974044383,0.0117227714270427,0.0484941508331759,-0.0791060242340279,,,,,
sentence-transformers/LaBSE,10.0,ru,affine,NQ_minus_QN,4.0,5.982135114293728,0.980428492799694,0.9998754949081324,8.684501202144302e-05,0.0033222591362126,-0.0713628801926216,0.1885899247928415,-0.0248114505080983,-0.0363228947406485,,,,,
sentence-transformers/LaBSE,10.0,ru,affine,NM_minus_MN,4.0,5.434312829412602,0.9971582596857096,0.9998805764444954,8.17644935806046e-05,0.0033222591362126,0.0280385125191942,-0.0123974954802875,-0.0617214175364966,0.0281135985715001,,,,,
sentence-transformers/LaBSE,10.0,ru,affine,NT_minus_TN,4.0,5.5190936956211925,0.9974873625154606,0.9998779777011314,8.394947058360853e-05,0.0033222591362126,-0.0543620189797019,-0.0067712750068312,0.0017926737215489,0.0302802910411399,,,,,
sentence-transformers/LaBSE,10.0,ru,affine,QM_minus_MQ,4.0,5.087859600008917,0.990176527562115,0.9998784419948816,7.673824404310599e-05,0.0033222591362126,0.051532738555946,-0.106385526203437,-0.020112057744297,0.0618974589335262,,,,,
sentence-transformers/LaBSE,10.0,ru,affine,QT_minus_TQ,4.0,5.788537208661499,0.9876746646432274,0.9998830166680056,8.779869706301196e-05,0.0033222591362126,0.0523052410661504,-0.1464852944304193,0.0228967358408067,0.0362348848681654,,,,,
sentence-transformers/LaBSE,10.0,ru,affine,MT_minus_TM,4.0,4.39495999058943,0.9939156824093996,0.9998854678819744,7.9346548643286e-05,0.0033222591362126,-0.0001053700509008,0.0052956714078032,0.0512524706522677,-0.0689272497294797,,,,,
sentence-transformers/LaBSE,10.0,zh,linear,NQ_minus_QN,4.0,5.795779313918592,0.9847429840905508,0.9998783927781616,9.049909422295076e-05,0.0033222591362126,-0.129705116942281,0.1378816787072928,0.0202121748878633,-0.0214586041099238,,,,,
sentence-transformers/LaBSE,10.0,zh,linear,NM_minus_MN,4.0,5.239175835359392,0.9974858551013592,0.9998752036293304,8.842832498989436e-05,0.0033222591362126,0.0264292268969941,0.0076514089964287,-0.0592121130392296,0.0027806754214596,,,,,
sentence-transformers/LaBSE,10.0,zh,linear,NT_minus_TN,4.0,5.468798351902084,0.9956202369700564,0.999882566473074,8.503296905824514e-05,0.0033222591362126,-0.0732840507514709,-0.0116266815026419,0.0196901348259045,0.0482172870963258,,,,,
sentence-transformers/LaBSE,10.0,zh,linear,QM_minus_MQ,4.0,5.100927242351893,0.9956429567061704,0.999879864579602,8.042133425883518e-05,0.0033222591362126,0.0417865746128066,-0.0543214875988563,-0.031593093354009,0.0483530931368171,,,,,
sentence-transformers/LaBSE,10.0,zh,linear,QT_minus_TQ,4.0,5.734971392585782,0.99276924466904,0.9998758297256496,7.669599779834611e-05,0.0033222591362126,0.0642096516143028,-0.1084846860819154,-4.800372480554589e-05,0.0216671650558589,,,,,
sentence-transformers/LaBSE,10.0,zh,linear,MT_minus_TM,4.0,4.579174284533194,0.9936723814757998,0.9998733303177612,9.163077499331886e-05,0.0033222591362126,0.029366020298764,-0.0019309578742997,0.0433380247531308,-0.0769959837025149,,,,,
sentence-transformers/LaBSE,10.0,zh,affine,NQ_minus_QN,4.0,5.938976152237643,0.982514434822119,0.999872418057696,8.529620538130249e-05,0.0033222591362126,-0.1230214426933868,0.1714952873734682,0.0094871330181674,-0.0298756156395528,,,,,
sentence-transformers/LaBSE,10.0,zh,affine,NM_minus_MN,4.0,5.3550174120004215,0.998147539349416,0.9998670742874436,9.420356791069372e-05,0.0033222591362126,0.0159918738289988,0.0050763347302218,-0.0537715046385786,0.0112993694923138,,,,,
sentence-transformers/LaBSE,10.0,zh,affine,NT_minus_TN,4.0,5.526106683212421,0.9953565706608214,0.9998730642587228,8.842962395418555e-05,0.0033222591362126,-0.0807063209192263,-0.0027107352426029,0.0225049231825461,0.050599526710853,,,,,
sentence-transformers/LaBSE,10.0,zh,affine,QM_minus_MQ,4.0,5.1720655191444544,0.9959956952601544,0.999879090806094,7.860413409488795e-05,0.0033222591362126,0.0404359488227115,-0.0519689613204389,-0.0369001532383072,0.0473853601882582,,,,,
sentence-transformers/LaBSE,10.0,zh,affine,QT_minus_TQ,4.0,5.656656228353727,0.994131146684398,0.999890147552292,7.355553667265937e-05,0.0033222591362126,0.0608643489819874,-0.0982632086565638,0.0012478426114783,0.0189268124405795,,,,,
sentence-transformers/LaBSE,10.0,zh,affine,MT_minus_TM,4.0,4.532330938519604,0.9948378370766418,0.9998824608266684,8.536503084111004e-05,0.0033222591362126,0.0236437117156093,-0.0098212784815681,0.0432241895255959,-0.0652040225026713,,,,,
sentence-transformers/LaBSE,10.0,ar,linear,NQ_minus_QN,4.0,5.574101609454264,0.9856140896341046,0.9998737826439849,9.400709462348234e-05,0.0033222591362126,-0.083467705870235,0.1443960241843257,-0.0073142076249183,-0.0352821287872629,,,,,
sentence-transformers/LaBSE,10.0,ar,linear,NM_minus_MN,4.0,5.87642452903174,0.9977460003932196,0.9998805466885076,8.546014409683144e-05,0.0033222591362126,0.0497155631046701,-0.0231614392862947,-0.0413959591923248,-0.009242536154095,,,,,
sentence-transformers/LaBSE,10.0,ar,linear,NT_minus_TN,4.0,5.615559727276749,0.9973868292415572,0.9998785724275971,8.004162160137035e-05,0.0033222591362126,-0.0405275027654001,-0.0279907197205049,-0.0045197177809741,0.0445760430681589,,,,,
sentence-transformers/LaBSE,10.0,ar,linear,QM_minus_MQ,4.0,5.263409915139857,0.9900597610557674,0.9998758709099278,8.345699226646337e-05,0.0033222591362126,0.0399701375240068,-0.1128295213381535,-0.0147523312166066,0.0609910218068809,,,,,
sentence-transformers/LaBSE,10.0,ar,linear,QT_minus_TQ,4.0,5.684890894869689,0.989520672140585,0.9998687865296888,9.080892092134056e-05,0.0033222591362126,0.0370561864004417,-0.1305894163286876,0.0133265163498218,0.0518663574275224,,,,,
sentence-transformers/LaBSE,10.0,ar,linear,MT_minus_TM,4.0,4.781775422309528,0.996027688235126,0.9998784974350456,9.263067436020238e-05,0.0033222591362126,0.0251495038809638,0.014450687195471,0.0129830487499498,-0.0686303841175376,,,,,
sentence-transformers/LaBSE,10.0,ar,affine,NQ_minus_QN,4.0,5.658559917603627,0.9799038897691418,0.9998816339372252,8.427638429055526e-05,0.0033222591362126,-0.0905959232791795,0.179741870493435,-0.0104381238364692,-0.0379258305542791,,,,,
sentence-transformers/LaBSE,10.0,ar,affine,NM_minus_MN,4.0,5.791998084402081,0.9985826591990518,0.9998821440320668,8.818438934720578e-05,0.0033222591362126,0.0332825983786225,-0.0251313160903492,-0.0342823953349465,0.0030513213673467,,,,,
sentence-transformers/LaBSE,10.0,ar,affine,NT_minus_TN,4.0,5.605424731538652,0.9971776873675332,0.9998843254905716,7.92287883185372e-05,0.0033222591362126,-0.0528654712159614,-0.0154414535690657,-0.0002851983637193,0.0467371585469587,,,,,
sentence-transformers/LaBSE,10.0,ar,affine,QM_minus_MQ,4.0,5.248856425270285,0.9907648341944392,0.9998814879782038,8.08271371735489e-05,0.0033222591362126,0.0385868197973906,-0.11028886318543,-0.0171531262551058,0.0585756474035731,,,,,
sentence-transformers/LaBSE,10.0,ar,affine,QT_minus_TQ,4.0,5.581223873976551,0.9909338240296994,0.999878309343182,8.402512284677875e-05,0.0033222591362126,0.0352605741970268,-0.1213841645187733,0.010584778305598,0.0536981460720467,,,,,
sentence-transformers/LaBSE,10.0,ar,affine,MT_minus_TM,4.0,4.698982826717382,0.9972161096905304,0.9998787602405016,8.603415193361772e-05,0.0033222591362126,0.0166947742741984,0.0100185251904001,0.0159232282760928,-0.0566383366843182,,,,,
sentence-transformers/LaBSE,100.0,en,linear,NQ_minus_QN,4.0,2.4135283494522257,0.9106389042706212,0.9998730408976754,9.105486825856784e-05,0.0033222591362126,-0.2382683803091264,0.2398542718625922,0.0362431970907012,-0.0309326930031738,,,,,
sentence-transformers/LaBSE,100.0,en,linear,NM_minus_MN,4.0,1.7561011210948771,0.9634549694122144,0.9998748993822436,9.0410746814748e-05,0.0033222591362126,-0.153807020181709,0.0174823984270943,0.10734552369081,0.0325935875619153,,,,,
sentence-transformers/LaBSE,100.0,en,linear,NT_minus_TN,4.0,1.9619571406445837,0.9270725888737176,0.9998700041254756,9.43609267921847e-05,0.0033222591362126,-0.2402015860665912,-0.0013889198553147,0.0339877891396502,0.2059461780110307,,,,,
sentence-transformers/LaBSE,100.0,en,linear,QM_minus_MQ,4.0,2.3701399659500706,0.9180303003799564,0.9998741749767244,8.975847177431662e-05,0.0033222591362126,0.0674647717630945,-0.24421823234035,0.0886324669934869,0.0817896982828542,,,,,
sentence-transformers/LaBSE,100.0,en,linear,QT_minus_TQ,4.0,2.504652368636798,0.9077624905593242,0.9998776763192674,8.927408053271897e-05,0.0033222591362126,0.0951595799994106,-0.274894321872503,-0.0064985995873231,0.1758896665972321,,,,,
sentence-transformers/LaBSE,100.0,en,linear,MT_minus_TM,4.0,1.6329972544743556,0.9746994448604612,0.9998801861049144,7.690904036365542e-05,0.0033222591362126,0.0281097650794874,-0.0102331866991249,-0.109660867961803,0.0888196078779276,,,,,
sentence-transformers/LaBSE,100.0,en,affine,NQ_minus_QN,4.0,2.435779958977085,0.8903245744473178,0.999876084403484,9.002577847567024e-05,0.0033222591362126,-0.2684520784934748,0.2866696839175819,0.020823254889997,-0.0281291660708424,,,,,
sentence-transformers/LaBSE,100.0,en,affine,NM_minus_MN,4.0,1.7918104188071398,0.9538902431262866,0.999882368235898,8.843603171040803e-05,0.0033222591362126,-0.1799482779721468,0.0034838638075953,0.1246048225204266,0.0543355471882824,,,,,
sentence-transformers/LaBSE,100.0,en,affine,NT_minus_TN,4.0,1.9310609468008069,0.9236723631261616,0.9998887613364112,7.39384560615327e-05,0.0033222591362126,-0.246559232591123,-0.0098791289157968,0.0331916698387751,0.2213626146063907,,,,,
sentence-transformers/LaBSE,100.0,en,affine,QM_minus_MQ,4.0,2.2989407503288177,0.9042523739197748,0.9998666814362472,9.480278342009242e-05,0.0033222591362126,0.049688440136271,-0.2684462280743642,0.1099489113655723,0.0998582081799452,,,,,
sentence-transformers/LaBSE,100.0,en,affine,QT_minus_TQ,4.0,2.4137347969971343,0.9096883932777752,0.9998833792113184,8.043696202805871e-05,0.0033222591362126,0.0686823657721676,-0.2763439909476972,0.0001367570586946,0.1968622725582588,,,,,
sentence-transformers/LaBSE,100.0,en,affine,MT_minus_TM,4.0,1.6113395802139083,0.9725564673654816,0.9998737840966664,8.733668832919627e-05,0.0033222591362126,0.0139382758358151,-0.0111164952596579,-0.1107832315157418,0.1049001180660975,,,,,
sentence-transformers/LaBSE,100.0,es,linear,NQ_minus_QN,4.0,2.3353676498654443,0.9276295219238856,0.9998786995331664,8.925592421142336e-05,0.0033222591362126,-0.2300836065506474,0.2156417086188087,0.0600992360286945,-0.0458490514299264,,,,,
sentence-transformers/LaBSE,100.0,es,linear,NM_minus_MN,4.0,1.7286960399568736,0.959827350642804,0.9998789443751014,8.025428510795201e-05,0.0033222591362126,-0.1524188742170226,0.0161084579286125,0.1264922118908955,0.0104613172100915,,,,,
sentence-transformers/LaBSE,100.0,es,linear,NT_minus_TN,4.0,1.9292144726970968,0.9245656304641158,0.999883106917954,8.386556979512739e-05,0.0033222591362126,-0.231601403102312,-0.0341291693868305,0.0463616321412816,0.2136328260556248,,,,,
sentence-transformers/LaBSE,100.0,es,linear,QM_minus_MQ,4.0,2.2936598579238527,0.9278349226600562,0.9998704858922028,9.02080055885044e-05,0.0033222591362126,0.0643010117105508,-0.2340646470679895,0.1000367963972104,0.0648628772598003,,,,,
sentence-transformers/LaBSE,100.0,es,linear,QT_minus_TQ,4.0,2.62797840262184,0.8849911637416011,0.9998771439178968,8.506382181624103e-05,0.0033222591362126,0.0907562953406038,-0.3350531831433795,-0.0047543302645812,0.2382718643918575,,,,,
sentence-transformers/LaBSE,100.0,es,linear,MT_minus_TM,4.0,1.645790628223267,0.9786990659825108,0.999886727236844,7.231043578219778e-05,0.0033222591362126,0.0195945427485144,-0.0170110227378363,-0.0971178061676059,0.093514690773202,,,,,
sentence-transformers/LaBSE,100.0,es,affine,NQ_minus_QN,4.0,2.2877274756207395,0.896449063157928,0.9998833462954584,8.593481849696796e-05,0.0033222591362126,-0.2687899884311052,0.279797907121174,0.0454267255164709,-0.0519698535574872,,,,,
sentence-transformers/LaBSE,100.0,es,affine,NM_minus_MN,4.0,1.757902803681682,0.9559234004173616,0.999871765784248,8.931357600072527e-05,0.0033222591362126,-0.1654958528496959,0.0033968197529995,0.1399254524665777,0.0217966556099061,,,,,
sentence-transformers/LaBSE,100.0,es,affine,NT_minus_TN,4.0,1.882874730231344,0.9256546287872418,0.9998740354156052,8.777871111047931e-05,0.0033222591362126,-0.2270167708912908,-0.0418043523905064,0.0358675842544446,0.2273102441867311,,,,,
sentence-transformers/LaBSE,100.0,es,affine,QM_minus_MQ,4.0,2.2121071980613336,0.9214187245216648,0.9998744859530152,9.106778491496306e-05,0.0033222591362126,0.0488187439737359,-0.2503956382801686,0.1204252641586607,0.0736818040357162,,,,,
sentence-transformers/LaBSE,100.0,es,affine,QT_minus_TQ,4.0,2.5043511121778304,0.8887150371246815,0.9998737710162888,8.972526955201832e-05,0.0033222591362126,0.058558328576841,-0.3290894876685445,-0.0148193212018694,0.2741814264712622,,,,,
sentence-transformers/LaBSE,100.0,es,affine,MT_minus_TM,4.0,1.6294819776519147,0.9741048738946988,0.999874637336084,9.019382175313695e-05,0.0033222591362126,0.0103015802623875,-0.0177670424381843,-0.1050456022726549,0.1114316607067504,,,,,
sentence-transformers/LaBSE,100.0,fr,linear,NQ_minus_QN,4.0,2.060907746821208,0.9298143372429172,0.9998765877630162,9.04850651187021e-05,0.0033222591362126,-0.1530809970196876,0.2231681291941585,-0.0049029238073227,-0.0573285833869871,,,,,
sentence-transformers/LaBSE,100.0,fr,linear,NM_minus_MN,4.0,1.5950894521698216,0.9757398167113394,0.9998788617025766,7.87779406529562e-05,0.0033222591362126,-0.1040779384286308,-0.0044304168995617,0.1023919054094229,0.0057170348606562,,,,,
sentence-transformers/LaBSE,100.0,fr,linear,NT_minus_TN,4.0,1.6378322928863978,0.9563233502616724,0.9998822967830744,8.432015775883832e-05,0.0033222591362126,-0.1668648725408824,0.0008140029017672,0.0138999184793858,0.1524930289176732,,,,,
sentence-transformers/LaBSE,100.0,fr,linear,QM_minus_MQ,4.0,2.042985674930676,0.9443319336714536,0.999873888067889,9.098806372321504e-05,0.0033222591362126,0.0275102565538824,-0.1872371153017408,0.1092440017623399,0.0437058924894248,,,,,
sentence-transformers/LaBSE,100.0,fr,linear,QT_minus_TQ,4.0,2.2034622338810967,0.9465390890080426,0.9998732210111734,8.803553187295255e-05,0.0033222591362126,0.0451516783474455,-0.2022809425292329,0.0020540140306183,0.1502826963554146,,,,,
sentence-transformers/LaBSE,100.0,fr,linear,MT_minus_TM,4.0,1.5855752213154015,0.972180160180213,0.9998789425808142,8.197780729836431e-05,0.0033222591362126,0.0245320524653068,-0.0088360511407933,-0.1134712994676515,0.0981087425886096,,,,,
sentence-transformers/LaBSE,100.0,fr,affine,NQ_minus_QN,4.0,2.0108837200342227,0.9206173383893026,0.999871768237084,8.775656798474815e-05,0.0033222591362126,-0.1786006159451673,0.2468902543603746,-0.0074294523853726,-0.0507653087743748,,,,,
sentence-transformers/LaBSE,100.0,fr,affine,NM_minus_MN,4.0,1.6024104792519014,0.9710791773303172,0.999883596592115,8.000641874266146e-05,0.0033222591362126,-0.1169393045650521,-0.0133891535987826,0.114310114256919,0.0153474366271552,,,,,
sentence-transformers/LaBSE,100.0,fr,affine,NT_minus_TN,4.0,1.6085643263603495,0.952329169265204,0.999883826193942,7.42704890978377e-05,0.0033222591362126,-0.1718342478148569,-0.0089560224237368,0.011608160401001,0.1688260774497227,,,,,
sentence-transformers/LaBSE,100.0,fr,affine,QM_minus_MQ,4.0,1.9855371373550856,0.9380064591652252,0.9998819589398158,8.492589816426367e-05,0.0033222591362126,0.0183997206543534,-0.2020355311044788,0.1261534390818264,0.0490976599999414,,,,,
sentence-transformers/LaBSE,100.0,fr,affine,QT_minus_TQ,4.0,2.115870146409424,0.9385952697210714,0.99987306702316,9.51170795429494e-05,0.0033222591362126,0.0210023628080097,-0.2132495894378004,-0.0048563178105179,0.1910842900758067,,,,,
sentence-transformers/LaBSE,100.0,fr,affine,MT_minus_TM,4.0,1.5657520401321956,0.9714576332738516,0.9998817395701316,8.024655525352655e-05,0.0033222591362126,0.0122310045767673,-0.0103771873679499,-0.1120990763672272,0.1104691930043783,,,,,
sentence-transformers/LaBSE,100.0,de,linear,NQ_minus_QN,4.0,2.510621307647029,0.8892965529529339,0.9998853099619324,8.04566913215864e-05,0.0033222591362126,-0.2344984897620716,0.2885122358035313,0.0242494693277802,-0.0694128535542454,,,,,
sentence-transformers/LaBSE,100.0,de,linear,NM_minus_MN,4.0,1.6311377136083292,0.9662253802880004,0.9998724804705826,8.771987475365796e-05,0.0033222591362126,-0.1344768524420256,0.0225224737735337,0.1133553152819412,0.0010219805607035,,,,,
sentence-transformers/LaBSE,100.0,de,linear,NT_minus_TN,4.0,1.8263867625436396,0.9379360031412528,0.9998754507609292,8.599243375338717e-05,0.0033222591362126,-0.2058787861440935,-0.0154222855293252,0.0158807568308899,0.2020361928333253,,,,,
sentence-transformers/LaBSE,100.0,de,linear,QM_minus_MQ,4.0,2.3106364660051537,0.9117164536740392,0.9998820178027094,8.2165944504286e-05,0.0033222591362126,0.0795604908943374,-0.2450290373881117,0.0890383616003664,0.0699215217717796,,,,,
sentence-transformers/LaBSE,100.0,de,linear,QT_minus_TQ,4.0,2.661907034787395,0.8861958623904216,0.9998752413281357,8.823505613195545e-05,0.0033222591362126,0.0866864333094818,-0.3149508507005885,-0.0054237380482564,0.2208411787195721,,,,,
sentence-transformers/LaBSE,100.0,de,linear,MT_minus_TM,4.0,1.5796233041692254,0.971678264382079,0.999877310413914,9.10245823773292e-05,0.0033222591362126,0.0166266176180749,-0.0145152207949718,-0.1111287868804449,0.106964532756896,,,,,
sentence-transformers/LaBSE,100.0,de,affine,NQ_minus_QN,4.0,2.550441911251927,0.8628491883189084,0.9998850827268136,8.102730353548163e-05,0.0033222591362126,-0.2735796065762697,0.3444827605926966,0.0070557319788331,-0.0649510399223179,,,,,
sentence-transformers/LaBSE,100.0,de,affine,NM_minus_MN,4.0,1.6377704939663082,0.958239486274192,0.9998813684350096,9.00992057861902e-05,0.0033222591362126,-0.1555408214794144,0.0072296532078477,0.1297249438890703,0.0196189316569907,,,,,
sentence-transformers/LaBSE,100.0,de,affine,NT_minus_TN,4.0,1.7743427203343194,0.9299591498220792,0.999880205801426,8.675796028162045e-05,0.0033222591362126,-0.2190098296043211,-0.0209617657290091,0.0190794625477498,0.2172197170799084,,,,,
sentence-transformers/LaBSE,100.0,de,affine,QM_minus_MQ,4.0,2.249555047430189,0.8999598329230099,0.9998742445705548,8.963647373559488e-05,0.0033222591362126,0.0587490033729322,-0.2652882693787445,0.113290288416846,0.0849427794445847,,,,,
sentence-transformers/LaBSE,100.0,de,affine,QT_minus_TQ,4.0,2.593158833884897,0.8838876667038,0.9998643311439626,0.0001007559626849,0.0033222591362126,0.0488726011257064,-0.3211791932976531,-0.0022500372852489,0.2616753919141502,,,,,
sentence-transformers/LaBSE,100.0,de,affine,MT_minus_TM,4.0,1.5472194397488268,0.9695075444263924,0.9998806103428232,8.164492384984896e-05,0.0033222591362126,0.0059776772156372,-0.0166407075679038,-0.110842515034174,0.1190620890985575,,,,,
sentence-transformers/LaBSE,100.0,ru,linear,NQ_minus_QN,4.0,2.496149779892016,0.886553291378806,0.9998745205798748,9.173533384928965e-05,0.0033222591362126,-0.2050713355935153,0.3095925269974626,-0.0182271879432496,-0.0785447938080102,,,,,
sentence-transformers/LaBSE,100.0,ru,linear,NM_minus_MN,4.0,1.7160322168639155,0.976394475968757,0.9998749846919944,9.063721001630508e-05,0.0033222591362126,-0.1206122124664572,0.0035516515252302,0.0906849620483226,0.0297355457523127,,,,,
sentence-transformers/LaBSE,100.0,ru,linear,NT_minus_TN,4.0,1.8797706943502568,0.933568337729307,0.9998831529316176,8.035072229483335e-05,0.0033222591362126,-0.2044388243651356,-0.0234393235527757,0.0134855347967955,0.2143610747936385,,,,,
sentence-transformers/LaBSE,100.0,ru,linear,QM_minus_MQ,4.0,2.2902569297679665,0.89421499232594,0.9998746858059772,8.615585767775486e-05,0.0033222591362126,0.0797429710698007,-0.2768865360125151,0.0999421806018746,0.0945842003151033,,,,,
sentence-transformers/LaBSE,100.0,ru,linear,QT_minus_TQ,4.0,2.6614137446371,0.8681387223765561,0.9998851299804682,7.959742128386043e-05,0.0033222591362126,0.1102354797509596,-0.3589914791603562,0.0301232464703778,0.2105764208164663,,,,,
sentence-transformers/LaBSE,100.0,ru,linear,MT_minus_TM,4.0,1.5944549442582368,0.9810868294581414,0.9998760393398304,8.87695718375507e-05,0.0033222591362126,0.0162838182900346,-0.0041124989179884,-0.0955537392245517,0.0817189817507819,,,,,
sentence-transformers/LaBSE,100.0,ru,affine,NQ_minus_QN,4.0,2.5163646145066907,0.8676069603147217,0.9998767840370744,8.862742539128015e-05,0.0033222591362126,-0.2381835378655002,0.3535109123072092,-0.0267098247990247,-0.0774643218916015,,,,,
sentence-transformers/LaBSE,100.0,ru,affine,NM_minus_MN,4.0,1.718134778224643,0.9711326671427196,0.999878971351824,9.145317624838417e-05,0.0033222591362126,-0.1397973744615703,-0.0087599335754913,0.0949735938821139,0.056328422935627,,,,,
sentence-transformers/LaBSE,100.0,ru,affine,NT_minus_TN,4.0,1.8167383875643013,0.9310484831497864,0.99987439650985,8.652040188537538e-05,0.0033222591362126,-0.2051538311421049,-0.033174996864095,0.0132112858160806,0.225405432250389,,,,,
sentence-transformers/LaBSE,100.0,ru,affine,QM_minus_MQ,4.0,2.2626448313966145,0.8843573625508142,0.9998769077547344,8.771066384796236e-05,0.0033222591362126,0.0597420554386487,-0.2992817060813384,0.1208619150699396,0.1144710618088717,,,,,
sentence-transformers/LaBSE,100.0,ru,affine,QT_minus_TQ,4.0,2.599044243360512,0.861520810315412,0.999888265753934,7.396071334685105e-05,0.0033222591362126,0.0855075782088321,-0.3748811920190181,0.0215568848614831,0.2591112207893302,,,,,
sentence-transformers/LaBSE,100.0,ru,affine,MT_minus_TM,4.0,1.5531156943286533,0.9791994210521444,0.9998845023306238,7.967191648578194e-05,0.0033222591362126,0.0013644000410139,-0.0087762385349009,-0.0938285803859522,0.0994415944504494,,,,,
sentence-transformers/LaBSE,100.0,zh,linear,NQ_minus_QN,4.0,2.407342307969917,0.8961833836078225,0.9998730969545556,9.431915493489056e-05,0.0033222591362126,-0.2123030634101399,0.2772564533166222,0.018467788710836,-0.0701566098787682,,,,,
sentence-transformers/LaBSE,100.0,zh,linear,NM_minus_MN,4.0,1.7485667407078502,0.9725633705232348,0.9998747850588456,8.417787541210736e-05,0.0033222591362126,-0.1303106683417452,0.0292119345481393,0.0964307960326986,0.008956941829986,,,,,
sentence-transformers/LaBSE,100.0,zh,linear,NT_minus_TN,4.0,1.9339863621689024,0.9383830018830868,0.9998901514635634,7.495484435942382e-05,0.0033222591362126,-0.2104773733099284,-5.200237188432433e-05,0.0153328246774989,0.195294235241069,,,,,
sentence-transformers/LaBSE,100.0,zh,linear,QM_minus_MQ,4.0,2.2470924342081364,0.9330433625360172,0.9998770421055504,8.517923612136769e-05,0.0033222591362126,0.0679297435669163,-0.2142309340789446,0.0751004554463068,0.0648201666668806,,,,,
sentence-transformers/LaBSE,100.0,zh,linear,QT_minus_TQ,4.0,2.5913001050104074,0.896688908377014,0.9998798937994134,8.6053755615732e-05,0.0033222591362126,0.1169454661466837,-0.3025580332193003,-0.0197403134426721,0.1914892625975329,,,,,
sentence-transformers/LaBSE,100.0,zh,linear,MT_minus_TM,4.0,1.6671028678378723,0.978703421702146,0.9998677877304618,9.658517977533914e-05,0.0033222591362126,0.0298599791277271,-0.0165761391905758,-0.0989784513194643,0.0837059661589588,,,,,
sentence-transformers/LaBSE,100.0,zh,affine,NQ_minus_QN,4.0,2.4303038229966725,0.8809163594416147,0.999876915396258,8.350325680405818e-05,0.0033222591362126,-0.2364650216813115,0.3200736057726307,0.0037142633489715,-0.0701510705737038,,,,,
sentence-transformers/LaBSE,100.0,zh,affine,NM_minus_MN,4.0,1.7550122982866507,0.9661291114885916,0.9998738361838332,9.103877632870325e-05,0.0033222591362126,-0.1562125737548889,0.0219897618667762,0.1051755023954572,0.0327382718696211,,,,,
sentence-transformers/LaBSE,100.0,zh,affine,NT_minus_TN,4.0,1.868300046020642,0.9351009621263042,0.9998854991846712,7.703808749516251e-05,0.0033222591362126,-0.215875494280159,-0.001798321259921,0.0131080324743296,0.2050304500697072,,,,,
sentence-transformers/LaBSE,100.0,zh,affine,QM_minus_MQ,4.0,2.175216438506699,0.9340703703810812,0.9998780686356432,8.631324120695423e-05,0.0033222591362126,0.0451063058429246,-0.2177703916030144,0.0852452167100827,0.0793811810369781,,,,,
sentence-transformers/LaBSE,100.0,zh,affine,QT_minus_TQ,4.0,2.472684780777415,0.902072921923052,0.9998812422282092,8.531575530344359e-05,0.0033222591362126,0.0845819240924822,-0.2961725265107487,-0.0189485283707037,0.2167206319102617,,,,,
sentence-transformers/LaBSE,100.0,zh,affine,MT_minus_TM,4.0,1.6444458440571326,0.9756707829788708,0.99987169852261,9.11145110819586e-05,0.0033222591362126,0.0163215812851198,-0.023769998571592,-0.0997525117829271,0.1044824688310249,,,,,
sentence-transformers/LaBSE,100.0,ar,linear,NQ_minus_QN,4.0,2.4878980510922077,0.8862970659212109,0.9998745728753604,9.39730908880286e-05,0.0033222591362126,-0.2132219373947383,0.2929619361262027,0.0103323631674924,-0.0789749589652404,,,,,
sentence-transformers/LaBSE,100.0,ar,linear,NM_minus_MN,4.0,1.8006983515045394,0.9650870836657496,0.9998759509508678,8.182271330504184e-05,0.0033222591362126,-0.1417301227958815,0.007820611175219,0.1183946253112069,0.0177858397984256,,,,,
sentence-transformers/LaBSE,100.0,ar,linear,NT_minus_TN,4.0,2.0053007685765,0.9308527162134272,0.9998713975738543,9.648202814899528e-05,0.0033222591362126,-0.2186522867933145,-0.0188560811677418,0.0235196303577536,0.2115855214114152,,,,,
sentence-transformers/LaBSE,100.0,ar,linear,QM_minus_MQ,4.0,2.4256817925259506,0.9020636654612798,0.9998796325739168,9.04416003933952e-05,0.0033222591362126,0.0652661373702817,-0.2687107695890374,0.1110030280000956,0.0844003382482071,,,,,
sentence-transformers/LaBSE,100.0,ar,linear,QT_minus_TQ,4.0,2.69295981128241,0.8765800429229641,0.9998754995118384,8.706567616846358e-05,0.0033222591362126,0.0962529758275026,-0.3343818832897431,0.0019616848200038,0.2216293117155897,,,,,
sentence-transformers/LaBSE,100.0,ar,linear,MT_minus_TM,4.0,1.6876294001916432,0.9745246292865032,0.9998720002971552,9.014627894603916e-05,0.0033222591362126,0.0295387815407795,-0.0091558648482358,-0.1123874492078967,0.090789563445977,,,,,
sentence-transformers/LaBSE,100.0,ar,affine,NQ_minus_QN,4.0,2.493784849163865,0.863580541465011,0.9998876698186346,7.62931812266717e-05,0.0033222591362126,-0.2467024583146116,0.3391631607813197,-0.0004133216525465,-0.0765295561452881,,,,,
sentence-transformers/LaBSE,100.0,ar,affine,NM_minus_MN,4.0,1.8071988693655268,0.9584357152095574,0.9998776074220784,8.824152014067116e-05,0.0033222591362126,-0.1627638147772581,-0.0007436634117914,0.1281100968289789,0.0368903412718249,,,,,
sentence-transformers/LaBSE,100.0,ar,affine,NT_minus_TN,4.0,1.9336122821026676,0.9275143297261365,0.9998826557010796,8.104743184500775e-05,0.0033222591362126,-0.2216671136406393,-0.0237060623639201,0.0214473747191665,0.2217697008568553,,,,,
sentence-transformers/LaBSE,100.0,ar,affine,QM_minus_MQ,4.0,2.3388418967232867,0.8982129115487802,0.9998796187782538,8.632553712667838e-05,0.0033222591362126,0.0490267555993765,-0.2787332598773969,0.1213689539419184,0.0983072401928098,,,,,
sentence-transformers/LaBSE,100.0,ar,affine,QT_minus_TQ,4.0,2.578644265196029,0.8783509023024595,0.9998731816268606,7.652803443683015e-05,0.0033222591362126,0.0703500933525479,-0.3332203319917538,-0.0009235457731998,0.2489808307552986,,,,,
sentence-transformers/LaBSE,100.0,ar,affine,MT_minus_TM,4.0,1.6517765673600993,0.9718120983915968,0.9998822922897848,8.575782072661819e-05,0.0033222591362126,0.0176566746870728,-0.0136797771957767,-0.1134612577757449,0.1076822826636886,,,,,
sentence-transformers/paraphrase-multilingual-mpnet-base-v2,0.1,en,linear,NQ_minus_QN,4.0,10.75129095966811,0.9912394160100012,0.9998761302027476,9.49762926204392e-05,0.0033222591362126,-0.1061956774074354,-0.0322732748943935,0.0355942271911345,0.0300211917747112,,,,,
sentence-transformers/paraphrase-multilingual-mpnet-base-v2,0.1,en,linear,NM_minus_MN,4.0,9.462397184305845,0.9977219660814908,0.9998799000980148,8.358041148230894e-05,0.0033222591362126,0.0122748316849159,-0.0077672309917437,0.058284402649409,0.0310959965287504,,,,,
sentence-transformers/paraphrase-multilingual-mpnet-base-v2,0.1,en,linear,NT_minus_TN,4.0,10.117935802487478,0.9871632099649392,0.9998751169368846,8.186030794342145e-05,0.0033222591362126,-0.0924087454485077,-0.0520104395131808,0.0312560016960449,0.1649106573283675,,,,,
sentence-transformers/paraphrase-multilingual-mpnet-base-v2,0.1,en,linear,QM_minus_MQ,4.0,6.32050752328646,0.9934283044473524,0.999874409612288,9.305492169134877e-05,0.0033222591362126,-0.0158807978048554,0.0434406418755124,0.0267086243998112,0.0422187999481037,,,,,
sentence-transformers/paraphrase-multilingual-mpnet-base-v2,0.1,en,linear,QT_minus_TQ,4.0,6.769232156970228,0.9899676891590402,0.9998783033332388,9.218388008568436e-05,0.0033222591362126,-0.0007897962228378,-0.0824095673434051,0.0178879097172012,0.1113625176194325,,,,,
sentence-transformers/paraphrase-multilingual-mpnet-base-v2,0.1,en,linear,MT_minus_TM,4.0,5.67422939934259,0.9873506350694424,0.999872180597985,7.611663973348936e-05,0.0033222591362126,0.004492380750892,0.0113495420707688,0.0649279928798173,-0.1042847625514069,,,,,
sentence-transformers/paraphrase-multilingual-mpnet-base-v2,0.1,en,affine,NQ_minus_QN,4.0,10.601004480542525,0.9854156828126148,0.9998720460198068,9.63865630560722e-05,0.0033222591362126,-0.1526160301943669,0.0116323591706756,0.03033025390282,0.0410959151856035,,,,,
sentence-transformers/paraphrase-multilingual-mpnet-base-v2,0.1,en,affine,NM_minus_MN,4.0,9.382559766012315,0.997925124859925,0.9998821560072932,8.98620921190307e-05,0.0033222591362126,0.0006669283414862,-0.0009449619212385,0.0555203030611024,0.0340948910061668,,,,,
sentence-transformers/paraphrase-multilingual-mpnet-base-v2,0.1,en,affine,NT_minus_TN,4.0,9.811451946501691,0.985773089828874,0.999869435051726,8.913064049552517e-05,0.0033222591362126,-0.098101449442403,-0.0516998929737774,0.0236211706454137,0.1693867444873788,,,,,
sentence-transformers/paraphrase-multilingual-mpnet-base-v2,0.1,en,affine,QM_minus_MQ,4.0,6.298218566613282,0.992957345500596,0.9998849059547196,8.431492301094989e-05,0.0033222591362126,-0.0205439381014011,0.0366673081838457,0.0401443241441834,0.0452872410164694,,,,,
sentence-transformers/paraphrase-multilingual-mpnet-base-v2,0.1,en,affine,QT_minus_TQ,4.0,6.841480054416604,0.9885859046349584,0.9998788033627576,7.83947620690413e-05,0.0033222591362126,-0.0118141172163328,-0.0845949139331095,0.010412712558768,0.1240587726601391,,,,,
sentence-transformers/paraphrase-multilingual-mpnet-base-v2,0.1,en,affine,MT_minus_TM,4.0,5.551809476190174,0.9864774866188604,0.9998747046865988,8.073040910391555e-05,0.0033222591362126,0.0073511930679233,0.0185872033873034,0.0532785867912076,-0.1116278589921365,,,,,
sentence-transformers/paraphrase-multilingual-mpnet-base-v2,0.1,es,linear,NQ_minus_QN,4.0,13.534918040427192,0.992384411144722,0.9998813976623442,8.148556926143097e-05,0.0033222591362126,-0.1385748305000498,0.0500907515427757,0.0351730777240159,0.0410089559452062,,,,,
sentence-transformers/paraphrase-multilingual-mpnet-base-v2,0.1,es,linear,NM_minus_MN,4.0,8.460819735492466,0.9980216794938898,0.9998766665285288,8.143002195723724e-05,0.0033222591362126,0.0219567289702309,0.0232576301437188,0.0153615746042256,0.0085891650440013,,,,,
sentence-transformers/paraphrase-multilingual-mpnet-base-v2,0.1,es,linear,NT_minus_TN,4.0,10.7318510776308,0.9952686207749246,0.9998761409668404,8.627017039480491e-05,0.0033222591362126,-0.048924070434172,-0.0587782278085295,0.0172921683064629,0.1119733393491681,,,,,
sentence-transformers/paraphrase-multilingual-mpnet-base-v2,0.1,es,linear,QM_minus_MQ,4.0,6.315182212733979,0.995108542438108,0.9998738660389708,8.656133485497907e-05,0.0033222591362126,-0.0057614077525594,0.0277010609133317,0.0272151774329398,0.0406931194985025,,,,,
sentence-transformers/paraphrase-multilingual-mpnet-base-v2,0.1,es,linear,QT_minus_TQ,4.0,8.71430355600456,0.96069964552578,0.9998736612150244,9.228775849971534e-05,0.0033222591362126,0.0126781957655493,-0.2349936510784943,-0.0349905481897098,0.2318008679032965,,,,,
sentence-transformers/paraphrase-multilingual-mpnet-base-v2,0.1,es,linear,MT_minus_TM,4.0,5.226718683531229,0.9851864666345485,0.9998803718637104,8.09665961190089e-05,0.0033222591362126,0.0193913887335231,-0.0253147969868922,0.0622833079833716,-0.0948897172574299,,,,,
sentence-transformers/paraphrase-multilingual-mpnet-base-v2,0.1,es,affine,NQ_minus_QN,4.0,13.438899607795197,0.985396798976912,0.9998678242966288,9.853033245765248e-05,0.0033222591362126,-0.1912162231616224,0.1005920912690724,0.0344605479377046,0.0576186975150205,,,,,
sentence-transformers/paraphrase-multilingual-mpnet-base-v2,0.1,es,affine,NM_minus_MN,4.0,8.383093486986553,0.9983951943739028,0.9998791291732952,8.498341799739537e-05,0.0033222591362126,0.0020614455216868,0.0306620510396292,0.0205648078347971,0.0126505404070613,,,,,
sentence-transformers/paraphrase-multilingual-mpnet-base-v2,0.1,es,affine,NT_minus_TN,4.0,10.44453640615263,0.9941177799904084,0.9998800451416464,8.181963501532065e-05,0.0033222591362126,-0.0626858239224213,-0.0528889908352347,0.0193725983376474,0.1173967792039357,,,,,
sentence-transformers/paraphrase-multilingual-mpnet-base-v2,0.1,es,affine,QM_minus_MQ,4.0,6.455837097522799,0.9954019032407044,0.9998793864696726,8.185283363136267e-05,0.0033222591362126,-0.0085950610830706,0.0205674445358526,0.0329147801353673,0.0458533064841507,,,,,
sentence-transformers/paraphrase-multilingual-mpnet-base-v2,0.1,es,affine,QT_minus_TQ,4.0,8.52727612213729,0.9611569800114969,0.9998716264844209,8.923242391192629e-05,0.0033222591362126,0.0075174803349701,-0.2307253812813467,-0.0354344249614089,0.2209576168759831,,,,,
sentence-transformers/paraphrase-multilingual-mpnet-base-v2,0.1,es,affine,MT_minus_TM,4.0,5.1421642552235,0.9837756025099532,0.9998784386102167,9.387492577405284e-05,0.0033222591362126,0.0217152413581731,-0.0252027263845539,0.0615394075957407,-0.1002627303572223,,,,,
sentence-transformers/paraphrase-multilingual-mpnet-base-v2,0.1,fr,linear,NQ_minus_QN,4.0,12.335194398586353,0.9854782651286882,0.9998842225456308,7.874216875511417e-05,0.0033222591362126,-0.1663578358255801,0.0034233329804667,0.0406596862678312,0.0513330426190155,,,,,
sentence-transformers/paraphrase-multilingual-mpnet-base-v2,0.1,fr,linear,NM_minus_MN,4.0,9.667163011394676,0.9943339797058668,0.999879990153172,8.935073650524976e-05,0.0033222591362126,0.0784131736584608,-0.0223936211881506,0.0174416894598139,0.0047732583464766,,,,,
sentence-transformers/paraphrase-multilingual-mpnet-base-v2,0.1,fr,linear,NT_minus_TN,4.0,11.636030709308518,0.9907202743437336,0.9998733022963012,8.764475724493638e-05,0.0033222591362126,-0.0736397507621597,-0.0808992372923125,0.0051038064989864,0.1651915209582096,,,,,
sentence-transformers/paraphrase-multilingual-mpnet-base-v2,0.1,fr,linear,QM_minus_MQ,4.0,6.254108332046696,0.9929548369709478,0.9998807836992712,7.580088623277064e-05,0.0033222591362126,-0.0262694895695541,0.0433644039033741,0.0493869055055911,0.0273226003307702,,,,,
sentence-transformers/paraphrase-multilingual-mpnet-base-v2,0.1,fr,linear,QT_minus_TQ,4.0,8.051722986971845,0.9601690232870423,0.9998729186497318,8.31120156306129e-05,0.0033222591362126,0.0079502478269275,-0.2296230025116386,-0.0038066421819767,0.2007661665993473,,,,,
sentence-transformers/paraphrase-multilingual-mpnet-base-v2,0.1,fr,linear,MT_minus_TM,4.0,5.797634579157481,0.9844243110369676,0.9998737485933664,8.60242582955606e-05,0.0033222591362126,0.0144883216240455,0.008179976685123,0.0620309298774628,-0.1210413852169592,,,,,
sentence-transformers/paraphrase-multilingual-mpnet-base-v2,0.1,fr,affine,NQ_minus_QN,4.0,12.212308263987,0.978054797965335,0.9998859693250608,8.406273965287108e-05,0.0033222591362126,-0.2134550367252577,0.0625155078177057,0.0237767927231427,0.0777775157780121,,,,,
sentence-transformers/paraphrase-multilingual-mpnet-base-v2,0.1,fr,affine,NM_minus_MN,4.0,9.503616027274512,0.9961223384685391,0.999871878039145,9.347977158452974e-05,0.0033222591362126,0.0616182617353672,-0.0094601880907551,0.019089509294366,0.0045318460868639,,,,,
sentence-transformers/paraphrase-multilingual-mpnet-base-v2,0.1,fr,affine,NT_minus_TN,4.0,11.549212346459283,0.9892933266803954,0.9998734473016244,9.134641825128192e-05,0.0033222591362126,-0.0781984755301302,-0.0875994136133543,-0.0032915073503444,0.178259797974146,,,,,
sentence-transformers/paraphrase-multilingual-mpnet-base-v2,0.1,fr,affine,QM_minus_MQ,4.0,6.32557607002525,0.9910718495143056,0.9998823277843754,8.369130211364582e-05,0.0033222591362126,-0.0321021497597409,0.0526090698180514,0.0553951128186956,0.0279022020568966,,,,,
sentence-transformers/paraphrase-multilingual-mpnet-base-v2,0.1,fr,affine,QT_minus_TQ,4.0,8.12631026823223,0.9545652728683696,0.9998831245412104,7.746365554798928e-05,0.0033222591362126,0.0044112004032171,-0.2462273142758081,-0.016500091147471,0.2183732248296488,,,,,
sentence-transformers/paraphrase-multilingual-mpnet-base-v2,0.1,fr,affine,MT_minus_TM,4.0,5.700671703879486,0.9832933239529488,0.9998797757656208,8.601570353729409e-05,0.0033222591362126,0.0189976291983765,0.0033937492059222,0.0573248246791646,-0.123387257980847,,,,,
sentence-transformers/paraphrase-multilingual-mpnet-base-v2,0.1,de,linear,NQ_minus_QN,4.0,12.561514555660384,0.9836507622737508,0.9998756150633826,8.481077725639218e-05,0.0033222591362126,-0.1813657302396879,-0.0095694367844644,0.0342887040845234,0.0572684865042023,,,,,
sentence-transformers/paraphrase-multilingual-mpnet-base-v2,0.1,de,linear,NM_minus_MN,4.0,10.040719730869824,0.9996909888621954,0.999885854777867,7.357222538196546e-05,0.0199335548172757,-0.0043040230067736,0.0034630227632936,0.0262684039449643,0.0110403164234793,,,,,
sentence-transformers/paraphrase-multilingual-mpnet-base-v2,0.1,de,linear,NT_minus_TN,4.0,9.821431436912867,0.9927176764898648,0.999881820254194,8.146479561987993e-05,0.0033222591362126,-0.0572006246250088,-0.0815240412132467,0.0210157533311567,0.0964158939484088,,,,,
sentence-transformers/paraphrase-multilingual-mpnet-base-v2,0.1,de,linear,QM_minus_MQ,4.0,6.452151839753982,0.9947394704171018,0.9998801907020785,8.902031097820677e-05,0.0033222591362126,-0.0145873310368985,0.0562370694903073,0.0270446782008251,0.0093929692325117,,,,,
sentence-transformers/paraphrase-multilingual-mpnet-base-v2,0.1,de,linear,QT_minus_TQ,4.0,7.898530022485255,0.9662138176930312,0.9998721799745204,9.312288255617322e-05,0.0033222591362126,0.0124597125152731,-0.1940121846783157,-0.0425159213743742,0.1999763665194899,,,,,
sentence-transformers/paraphrase-multilingual-mpnet-base-v2,0.1,de,linear,MT_minus_TM,4.0,5.598878651989053,0.9870324503974848,0.9998782232598884,8.808550549526286e-05,0.0033222591362126,0.0033106162244045,5.1397822993737297e-05,0.0651599995815273,-0.1047774660443881,,,,,
sentence-transformers/paraphrase-multilingual-mpnet-base-v2,0.1,de,affine,NQ_minus_QN,4.0,12.470266421468486,0.9791371240468152,0.999879512981666,8.916652590104052e-05,0.0033222591362126,-0.2139394790115661,0.0408840178829408,0.0426975976534564,0.0438384758328592,,,,,
sentence-transformers/paraphrase-multilingual-mpnet-base-v2,0.1,de,affine,NM_minus_MN,4.0,10.169706623369224,0.9994335860476816,0.9998733720815244,9.050782191402716e-05,0.0066445182724252,-0.0192913953865503,0.0057355897920914,0.0317092182648689,0.0166676547015098,,,,,
sentence-transformers/paraphrase-multilingual-mpnet-base-v2,0.1,de,affine,NT_minus_TN,4.0,9.57465244277046,0.990984973160569,0.9998766618576804,8.441754040939089e-05,0.0033222591362126,-0.064444749102733,-0.0814333181099243,0.0079621476582955,0.1168419394032072,,,,,
sentence-transformers/paraphrase-multilingual-mpnet-base-v2,0.1,de,affine,QM_minus_MQ,4.0,6.458725351180946,0.993441329747809,0.9998760034314956,8.769864671148237e-05,0.0033222591362126,-0.0185292425972107,0.0642070262802356,0.0325865440564297,0.0063589032177927,,,,,
sentence-transformers/paraphrase-multilingual-mpnet-base-v2,0.1,de,affine,QT_minus_TQ,4.0,8.122774487108407,0.9600316271342484,0.9998760883970028,8.29034759074095e-05,0.0033222591362126,0.0073679440340425,-0.2175680641886522,-0.0431747818008488,0.2232040459311277,,,,,
sentence-transformers/paraphrase-multilingual-mpnet-base-v2,0.1,de,affine,MT_minus_TM,4.0,5.46170057022823,0.9865073356495544,0.9998746135844948,8.761545426554266e-05,0.0033222591362126,0.003137824399905,8.111377555523186e-05,0.0608185193835564,-0.1058333529217238,,,,,
sentence-transformers/paraphrase-multilingual-mpnet-base-v2,0.1,ru,linear,NQ_minus_QN,4.0,13.885330138620915,0.9899908392660194,0.999882108201296,9.025175155931726e-05,0.0033222591362126,-0.1341433201442427,-0.0565973745136327,0.0663745893239482,0.093779723235716,,,,,
sentence-transformers/paraphrase-multilingual-mpnet-base-v2,0.1,ru,linear,NM_minus_MN,4.0,9.359618409747576,0.9926747372335568,0.9998808181600566,8.899245068304318e-05,0.0033222591362126,0.0863152923363947,-0.0156588102503723,0.0293667413020332,-0.0314239566158183,,,,,
sentence-transformers/paraphrase-multilingual-mpnet-base-v2,0.1,ru,linear,NT_minus_TN,4.0,10.240430080560872,0.9882041272136124,0.9998846339584496,8.335009450384897e-05,0.0033222591362126,-0.1023616782632005,0.0263953189083738,0.0239398692274112,0.1249235784540143,,,,,
sentence-transformers/paraphrase-multilingual-mpnet-base-v2,0.1,ru,linear,QM_minus_MQ,4.0,6.796309534555504,0.9899511548843732,0.9998771660033896,8.512756967800547e-05,0.0033222591362126,-0.0163402157185195,0.0915620582753433,0.0230299165256379,-0.0109657430978199,,,,,
sentence-transformers/paraphrase-multilingual-mpnet-base-v2,0.1,ru,linear,QT_minus_TQ,4.0,9.33660802915218,0.9534963646030165,0.9998866690287757,8.37587347371162e-05,0.0033222591362126,0.024849204182199,-0.2660310245851175,-0.005793107465757,0.2132580867682143,,,,,
sentence-transformers/paraphrase-multilingual-mpnet-base-v2,0.1,ru,linear,MT_minus_TM,4.0,6.11712646119316,0.9756863891458446,0.9998879443977654,7.568935051103765e-05,0.0033222591362126,0.0178701557119146,-0.0068530025822078,0.1065002795034739,-0.1410977615202319,,,,,
sentence-transformers/paraphrase-multilingual-mpnet-base-v2,0.1,ru,affine,NQ_minus_QN,4.0,13.127487404452308,0.9855203946581994,0.9998811178581362,8.961095317436316e-05,0.0033222591362126,-0.1603419659967112,-0.0462246778737582,0.0631100191422414,0.1280618495477136,,,,,
sentence-transformers/paraphrase-multilingual-mpnet-base-v2,0.1,ru,affine,NM_minus_MN,4.0,9.123682321929737,0.9940114352700068,0.9998801656427146,9.024057104807584e-05,0.0033222591362126,0.0718716246409177,-0.0072120620818454,0.0470611643885481,-0.0346920822351218,,,,,
sentence-transformers/paraphrase-multilingual-mpnet-base-v2,0.1,ru,affine,NT_minus_TN,4.0,10.019917898648934,0.9897915957271848,0.9998828135949938,8.964366849719119e-05,0.0033222591362126,-0.0880194592333724,0.0039654408313461,0.0234648230529724,0.1299322081966274,,,,,
sentence-transformers/paraphrase-multilingual-mpnet-base-v2,0.1,ru,affine,QM_minus_MQ,4.0,6.920225941874422,0.986772681419272,0.9998782329006568,8.937428758280673e-05,0.0033222591362126,-0.0246436746704381,0.1091010725679804,0.0316540659643852,-0.0195789557492404,,,,,
sentence-transformers/paraphrase-multilingual-mpnet-base-v2,0.1,ru,affine,QT_minus_TQ,4.0,9.48207326701716,0.9451037958435012,0.9998737918827528,8.45060292678773e-05,0.0033222591362126,0.0205529919083739,-0.2941271783872791,-0.0114193041160277,0.2368805570605151,,,,,
sentence-transformers/paraphrase-multilingual-mpnet-base-v2,0.1,ru,affine,MT_minus_TM,4.0,6.066755196567888,0.9770090840799616,0.9998799768532044,8.899278868277225e-05,0.0033222591362126,0.0235455487023398,-0.0089770162070096,0.0962275147781862,-0.1384968159373909,,,,,
sentence-transformers/paraphrase-multilingual-mpnet-base-v2,0.1,zh,linear,NQ_minus_QN,4.0,13.698036365130932,0.9797372455487944,0.9998795188040804,7.757141072060353e-05,0.0033222591362126,-0.2194926281561249,0.0214537159126331,0.0725668042146351,0.0514394414846168,,,,,
sentence-transformers/paraphrase-multilingual-mpnet-base-v2,0.1,zh,linear,NM_minus_MN,4.0,9.369197831171068,0.9993611876688088,0.9998787819411422,7.923647984961027e-05,0.0033222591362126,-0.0163941724190313,0.0004934339493038,0.0070687680044345,0.0354618240916282,,,,,
sentence-transformers/paraphrase-multilingual-mpnet-base-v2,0.1,zh,linear,NT_minus_TN,4.0,10.427945568735836,0.9803158036227008,0.999870516433053,0.0001040811402697,0.0033222591362126,-0.1379291650423679,-0.0337335432339659,-0.0047319581487483,0.1791316456985814,,,,,
sentence-transformers/paraphrase-multilingual-mpnet-base-v2,0.1,zh,linear,QM_minus_MQ,4.0,6.392471873195585,0.996622521406926,0.99987803304281,8.856458512091093e-05,0.0033222591362126,-0.0022422750668158,0.0372060034630052,0.0039979449874479,0.0240226121204425,,,,,
sentence-transformers/paraphrase-multilingual-mpnet-base-v2,0.1,zh,linear,QT_minus_TQ,4.0,8.032342162868845,0.9611789387789148,0.9998754949119556,8.94189502520377e-05,0.0033222591362126,0.0306044133063307,-0.2346078137269299,0.0233476697879961,0.1745287255719504,,,,,
sentence-transformers/paraphrase-multilingual-mpnet-base-v2,0.1,zh,linear,MT_minus_TM,4.0,5.524688770238049,0.9804538792783996,0.99988486552655,7.477037016122766e-05,0.0033222591362126,0.0155627824492299,0.0011444623731076,0.0942024531786274,-0.1223950527672478,,,,,
sentence-transformers/paraphrase-multilingual-mpnet-base-v2,0.1,zh,affine,NQ_minus_QN,4.0,13.288358852618217,0.973502561257367,0.9998795635465104,8.096676128213088e-05,0.0033222591362126,-0.2516605788627372,0.0493598762512166,0.0618842970148914,0.0709857511860859,,,,,
sentence-transformers/paraphrase-multilingual-mpnet-base-v2,0.1,zh,affine,NM_minus_MN,4.0,9.226923554144204,0.9987604693747156,0.9998742839421167,8.789989671196047e-05,0.0033222591362126,-0.0262986626293751,0.00854070324606,-0.0108464504729194,0.0467048753890396,,,,,
sentence-transformers/paraphrase-multilingual-mpnet-base-v2,0.1,zh,affine,NT_minus_TN,4.0,10.19012351789489,0.978682091164724,0.9998774447239084,8.724952456051338e-05,0.0033222591362126,-0.138252442702279,-0.0412278011829711,-0.0174700054975926,0.1900032741803485,,,,,
sentence-transformers/paraphrase-multilingual-mpnet-base-v2,0.1,zh,affine,QM_minus_MQ,4.0,6.421849495514831,0.995335192986954,0.9998703043987256,8.989600426593581e-05,0.0033222591362126,-0.0060555177394139,0.0461084974083046,0.0020903342720031,0.0291538389524055,,,,,
sentence-transformers/paraphrase-multilingual-mpnet-base-v2,0.1,zh,affine,QT_minus_TQ,4.0,8.165646571823272,0.9545090791036928,0.9998727640035792,8.811781492867864e-05,0.0033222591362126,0.0227247309128643,-0.256285395052874,0.0155514221605525,0.201168930915082,,,,,
sentence-transformers/paraphrase-multilingual-mpnet-base-v2,0.1,zh,affine,MT_minus_TM,4.0,5.466797985234837,0.9809352709389464,0.9998738225645284,8.923849342937868e-05,0.0033222591362126,0.0134584542006733,0.0012278304504961,0.0896771398889849,-0.1218035257251211,,,,,
sentence-transformers/paraphrase-multilingual-mpnet-base-v2,0.1,ar,linear,NQ_minus_QN,4.0,13.500175104721995,0.9872903726540664,0.9998794359049376,8.72144770524268e-05,0.0033222591362126,-0.1664139874837057,0.0595095997223089,0.0391319540842046,0.0302610632511438,,,,,
sentence-transformers/paraphrase-multilingual-mpnet-base-v2,0.1,ar,linear,NM_minus_MN,4.0,10.022468778001128,0.99819569631257,0.9998801566771855,8.2761941317637e-05,0.0033222591362126,0.0094026255318586,-0.0003952590104161,0.0506027271576108,0.0315486879135463,,,,,
sentence-transformers/paraphrase-multilingual-mpnet-base-v2,0.1,ar,linear,NT_minus_TN,4.0,10.594227785476038,0.9899524556176268,0.9998788109397584,8.341216883291974e-05,0.0033222591362126,-0.0782333832301816,-0.0445738062868106,0.016716872764382,0.1454758255395527,,,,,
sentence-transformers/paraphrase-multilingual-mpnet-base-v2,0.1,ar,linear,QM_minus_MQ,4.0,6.9349548088950685,0.9951259726551414,0.999878282623206,9.254198607892977e-05,0.0033222591362126,-0.0083607020250322,-0.0022898811725333,0.0577154235243262,0.0493802116034512,,,,,
sentence-transformers/paraphrase-multilingual-mpnet-base-v2,0.1,ar,linear,QT_minus_TQ,4.0,8.215907138073227,0.9592434450652676,0.999872824401968,9.08014517548631e-05,0.0033222591362126,-0.0011572880188486,-0.1927333195306699,-0.0412976270511291,0.2284135593992274,,,,,
sentence-transformers/paraphrase-multilingual-mpnet-base-v2,0.1,ar,linear,MT_minus_TM,4.0,5.8307775202662935,0.9881608172508972,0.9998800179751384,9.118828394792338e-05,0.0033222591362126,0.0166495860578048,-0.0006776001990897,0.0411123804533647,-0.104223367618032,,,,,
sentence-transformers/paraphrase-multilingual-mpnet-base-v2,0.1,ar,affine,NQ_minus_QN,4.0,13.385023305473236,0.9860479325067654,0.99987605751004,8.688254583252782e-05,0.0033222591362126,-0.1748418331059336,0.0691312068686389,0.0415504511374243,0.0317158849797257,,,,,
sentence-transformers/paraphrase-multilingual-mpnet-base-v2,0.1,ar,affine,NM_minus_MN,4.0,9.933558010668756,0.9982437225979228,0.9998799231032088,8.743426116365482e-05,0.0033222591362126,0.009738124735275,0.0031023684613694,0.0487153168114117,0.0278850075893299,,,,,
sentence-transformers/paraphrase-multilingual-mpnet-base-v2,0.1,ar,affine,NT_minus_TN,4.0,10.419425193177544,0.9898629065758984,0.9998782560763376,9.279828535203718e-05,0.0033222591362126,-0.0733820951683699,-0.0555781275288794,0.0176546499694856,0.1457681795008663,,,,,
sentence-transformers/paraphrase-multilingual-mpnet-base-v2,0.1,ar,affine,QM_minus_MQ,4.0,6.964480718508794,0.9947577619417448,0.999882562486991,7.780719921618746e-05,0.0033222591362126,-0.0104295708978151,0.0030986902554986,0.0550852820566052,0.0529765775463743,,,,,
sentence-transformers/paraphrase-multilingual-mpnet-base-v2,0.1,ar,affine,QT_minus_TQ,4.0,8.425527100258508,0.9531649458958896,0.9998849031626724,8.070062406705472e-05,0.0033222591362126,-0.0046915609006585,-0.213537726378671,-0.0446908983639093,0.2476028209029398,,,,,
sentence-transformers/paraphrase-multilingual-mpnet-base-v2,0.1,ar,affine,MT_minus_TM,4.0,5.768082349869208,0.9877536446739088,0.999878916401405,8.194777977949784e-05,0.0033222591362126,0.0188675012509612,-0.0007151820362156,0.038810301880421,-0.105657921787335,,,,,
sentence-transformers/paraphrase-multilingual-mpnet-base-v2,1.0,en,linear,NQ_minus_QN,4.0,3.9028738347112695,0.9843960100669124,0.9998731685174084,8.875798745099577e-05,0.0033222591362126,-0.1052047402913595,0.0120583794262687,0.0332036730202395,0.0628956544248747,,,,,
sentence-transformers/paraphrase-multilingual-mpnet-base-v2,1.0,en,linear,NM_minus_MN,4.0,3.516803152346855,0.9962745449012976,0.9998724607128208,0.0001058250296704,0.0033222591362126,-0.0450880013221056,0.01208777030893,0.0323948141073409,0.0132877833964058,,,,,
sentence-transformers/paraphrase-multilingual-mpnet-base-v2,1.0,en,linear,NT_minus_TN,4.0,3.680030732221085,0.9618764703569792,0.99987407136092,8.570893335904854e-05,0.0033222591362126,-0.1521814398008582,0.0160951446252295,0.0396633604365996,0.1097630685042204,,,,,
sentence-transformers/paraphrase-multilingual-mpnet-base-v2,1.0,en,linear,QM_minus_MQ,4.0,2.574799611251473,0.996851433971538,0.9998738526296778,9.650515181701622e-05,0.0033222591362126,-0.0219542305867952,-0.0042657462748369,-0.003953161764864,0.0409125065081803,,,,,
sentence-transformers/paraphrase-multilingual-mpnet-base-v2,1.0,en,linear,QT_minus_TQ,4.0,2.593488993600896,0.9899266596640842,0.9998832551988892,8.260208165921874e-05,0.0033222591362126,0.0076870351847185,-0.081846333088113,0.0136324069416164,0.0629015672354742,,,,,
sentence-transformers/paraphrase-multilingual-mpnet-base-v2,1.0,en,linear,MT_minus_TM,4.0,2.3450876545578505,0.9810900341314844,0.9998797278681412,8.181099646939023e-05,0.0033222591362126,0.0224012698222285,0.0011290559685892,0.0727815688284778,-0.0999055105251033,,,,,
sentence-transformers/paraphrase-multilingual-mpnet-base-v2,1.0,en,affine,NQ_minus_QN,4.0,3.830597995030486,0.96400114432991,0.9998777963421518,8.732930310011439e-05,0.0033222591362126,-0.1703317198363151,0.0596435523673696,0.0340161814512702,0.0834810367204883,,,,,
sentence-transformers/paraphrase-multilingual-mpnet-base-v2,1.0,en,affine,NM_minus_MN,4.0,3.390578712065034,0.9898719827614184,0.9998803158763612,8.988724107616245e-05,0.0033222591362126,-0.078866201758208,0.0242428389782246,0.0425971036498971,0.0258642297432911,,,,,
sentence-transformers/paraphrase-multilingual-mpnet-base-v2,1.0,en,affine,NT_minus_TN,4.0,3.471353734442964,0.959979020244478,0.999870902970442,8.908560722673446e-05,0.0033222591362126,-0.1490340461715827,0.0001371913338849,0.0166197699265707,0.1422414990667739,,,,,
sentence-transformers/paraphrase-multilingual-mpnet-base-v2,1.0,en,affine,QM_minus_MQ,4.0,2.5349689834301,0.9964575808640234,0.9998767099123032,8.987987825986532e-05,0.0033222591362126,-0.0260677055531859,-0.0056579191893958,0.0032618421093412,0.0406677265703669,,,,,
sentence-transformers/paraphrase-multilingual-mpnet-base-v2,1.0,en,affine,QT_minus_TQ,4.0,2.565298576825686,0.9879585730836566,0.999874740302178,8.243443247889744e-05,0.0033222591362126,-0.0085532558781815,-0.0780312604543266,0.0021536785717167,0.0869076853350511,,,,,
sentence-transformers/paraphrase-multilingual-mpnet-base-v2,1.0,en,affine,MT_minus_TM,4.0,2.267792203132724,0.9799085152095612,0.9998681313901828,9.127539849549167e-05,0.0033222591362126,0.0220866398326995,0.0091871128978919,0.0707024354775558,-0.1066288320187362,,,,,
sentence-transformers/paraphrase-multilingual-mpnet-base-v2,1.0,es,linear,NQ_minus_QN,4.0,4.792258064404945,0.9797511722790472,0.9998791366066412,9.633122955756872e-05,0.0033222591362126,-0.1473444449261577,0.0855972869992201,0.0201273974329438,0.0524053276910316,,,,,
sentence-transformers/paraphrase-multilingual-mpnet-base-v2,1.0,es,linear,NM_minus_MN,4.0,3.358556280456146,0.993449176248004,0.9998724867828752,9.119597942376628e-05,0.0033222591362126,-0.0571425931336215,0.0134955454159562,0.0458951422469809,0.0084518344450183,,,,,
sentence-transformers/paraphrase-multilingual-mpnet-base-v2,1.0,es,linear,NT_minus_TN,4.0,3.761010684672814,0.9813909290776132,0.999877370785797,9.01802219668187e-05,0.0033222591362126,-0.1026789839382369,-0.0153014886420764,0.0320945224523659,0.0945510753479997,,,,,
sentence-transformers/paraphrase-multilingual-mpnet-base-v2,1.0,es,linear,QM_minus_MQ,4.0,2.6854984143610867,0.9977536710208352,0.9998767187938924,8.05229761757848e-05,0.0033222591362126,-0.0030318981643511,-0.0318848518300413,0.0191111646203114,0.0245068140175633,,,,,
sentence-transformers/paraphrase-multilingual-mpnet-base-v2,1.0,es,linear,QT_minus_TQ,4.0,3.315617921157548,0.9516314086228186,0.999873887160956,8.244637725258669e-05,0.0033222591362126,0.028723415518341,-0.2062757047069828,0.0198858585265822,0.1525743604024814,,,,,
sentence-transformers/paraphrase-multilingual-mpnet-base-v2,1.0,es,linear,MT_minus_TM,4.0,2.1932484586343377,0.9904092887041408,0.9998826681305916,8.538158397235753e-05,0.0033222591362126,0.017967584703965,-0.0244285852130015,0.058963989651995,-0.0505732470325324,,,,,
sentence-transformers/paraphrase-multilingual-mpnet-base-v2,1.0,es,affine,NQ_minus_QN,4.0,4.710463260228546,0.9583880095900564,0.9998808131795976,7.959447932189441e-05,0.0033222591362126,-0.2177882051142192,0.1218102415997696,0.025472914198448,0.0862753075122632,,,,,
sentence-transformers/paraphrase-multilingual-mpnet-base-v2,1.0,es,affine,NM_minus_MN,4.0,3.228903854877185,0.98714370983554,0.9998762941895948,8.941975663074003e-05,0.0033222591362126,-0.0826617135200111,0.0241322314699197,0.0527016607361435,0.0166234936384868,,,,,
sentence-transformers/paraphrase-multilingual-mpnet-base-v2,1.0,es,affine,NT_minus_TN,4.0,3.526508082527535,0.9704468555081628,0.999883621905338,7.735729662561057e-05,0.0033222591362126,-0.1208258314503267,-0.0212837976111597,0.0085103348855825,0.1432512782020762,,,,,
sentence-transformers/paraphrase-multilingual-mpnet-base-v2,1.0,es,affine,QM_minus_MQ,4.0,2.6651492153304037,0.9974102868976824,0.999880058461811,7.840766669823467e-05,0.0033222591362126,-0.0081722501872821,-0.0307568990232999,0.0247394962361928,0.0245504702983757,,,,,
sentence-transformers/paraphrase-multilingual-mpnet-base-v2,1.0,es,affine,QT_minus_TQ,4.0,3.1794116144142057,0.9480513791585078,0.9998724160456796,9.313822179244696e-05,0.0033222591362126,0.0168503396717628,-0.1997786627551635,-0.002059422481484,0.1809608756313479,,,,,
sentence-transformers/paraphrase-multilingual-mpnet-base-v2,1.0,es,affine,MT_minus_TM,4.0,2.117945281232156,0.9895404654345532,0.9998808693151678,8.417423266327612e-05,0.0033222591362126,0.0212077699561763,-0.0277209780808151,0.0585003997285912,-0.0516800399240647,,,,,
sentence-transformers/paraphrase-multilingual-mpnet-base-v2,1.0,fr,linear,NQ_minus_QN,4.0,4.4031971903084814,0.9733778862927986,0.9998804769906235,8.546275978326026e-05,0.0033222591362126,-0.1540209530068516,0.0310630904802512,0.0491816042687647,0.0739568169530456,,,,,
sentence-transformers/paraphrase-multilingual-mpnet-base-v2,1.0,fr,linear,NM_minus_MN,4.0,3.584835157705635,0.9986416453869532,0.999870309975886,9.019292168734876e-05,0.0033222591362126,-0.0239956374291579,0.0048032301609344,0.0305613962382759,-0.0026137601575381,,,,,
sentence-transformers/paraphrase-multilingual-mpnet-base-v2,1.0,fr,linear,NT_minus_TN,4.0,3.9252374039460274,0.9629299249086324,0.9998831048895412,8.230371021278454e-05,0.0033222591362126,-0.1519084682588687,0.0003427826529802,0.0301967289226349,0.133750201404109,,,,,
sentence-transformers/paraphrase-multilingual-mpnet-base-v2,1.0,fr,linear,QM_minus_MQ,4.0,2.6676156374285527,0.9976545288009708,0.9998760475789716,8.669360132155062e-05,0.0033222591362126,-0.0224024008228712,-0.0065398041932825,0.0119621739074008,0.0264263295320811,,,,,
sentence-transformers/paraphrase-multilingual-mpnet-base-v2,1.0,fr,linear,QT_minus_TQ,4.0,3.259666823517696,0.9512092063916096,0.9998776196009788,8.639456628102253e-05,0.0033222591362126,0.0355653699294911,-0.2121919659995917,0.0340431550016046,0.1331907825560918,,,,,
sentence-transformers/paraphrase-multilingual-mpnet-base-v2,1.0,fr,linear,MT_minus_TM,4.0,2.399589436900836,0.9825596630673916,0.9998785296468008,7.979142185738173e-05,0.0033222591362126,0.0194387919632683,-0.0016409466609684,0.0773683311101241,-0.0939890220587897,,,,,
sentence-transformers/paraphrase-multilingual-mpnet-base-v2,1.0,fr,affine,NQ_minus_QN,4.0,4.283232411051377,0.9512533667587614,0.9998768680644068,9.12440304582822e-05,0.0033222591362126,-0.2139274617897419,0.0760373831904425,0.0331135380546763,0.1071321022693074,,,,,
sentence-transformers/paraphrase-multilingual-mpnet-base-v2,1.0,fr,affine,NM_minus_MN,4.0,3.4495091124449577,0.9952134287674036,0.9998847095517436,8.100496086648051e-05,0.0033222591362126,-0.0524976007177839,0.0214420707208646,0.0365500405783266,0.0047553381532432,,,,,
sentence-transformers/paraphrase-multilingual-mpnet-base-v2,1.0,fr,affine,NT_minus_TN,4.0,3.77861511833558,0.9594608285643602,0.9998802021868388,8.312779154450842e-05,0.0033222591362126,-0.1517522739332124,-0.0113500436663587,0.0027272273458242,0.168210758614867,,,,,
sentence-transformers/paraphrase-multilingual-mpnet-base-v2,1.0,fr,affine,QM_minus_MQ,4.0,2.6434081867882813,0.9969072264900464,0.9998762248272016,9.045097816951704e-05,0.0033222591362126,-0.0297540040180746,0.0040641720484467,0.0145441321185548,0.0233916326971425,,,,,
sentence-transformers/paraphrase-multilingual-mpnet-base-v2,1.0,fr,affine,QT_minus_TQ,4.0,3.1520664665249303,0.9472318482413988,0.999881899753611,7.446453431907924e-05,0.0033222591362126,0.0216090854633116,-0.20754177928932,0.0052592608239379,0.1713355849548111,,,,,
sentence-transformers/paraphrase-multilingual-mpnet-base-v2,1.0,fr,affine,MT_minus_TM,4.0,2.34062854952198,0.9803869806450868,0.9998779720027542,8.294631630665902e-05,0.0033222591362126,0.0228485123575654,-0.0073026312408488,0.0812600026848746,-0.0971775305135642,,,,,
sentence-transformers/paraphrase-multilingual-mpnet-base-v2,1.0,de,linear,NQ_minus_QN,4.0,4.414680199356629,0.9634569969829098,0.9998756682775533,8.833172844668149e-05,0.0033222591362126,-0.1897375999063497,0.1013515057576343,0.0358499076078171,0.0563273083379658,,,,,
sentence-transformers/paraphrase-multilingual-mpnet-base-v2,1.0,de,linear,NM_minus_MN,4.0,3.5452539028286623,0.989137038487244,0.9998849293273367,7.842992932486299e-05,0.0033222591362126,-0.083020167192982,0.0338249584227882,0.0404757180132278,0.0190136541583335,,,,,
sentence-transformers/paraphrase-multilingual-mpnet-base-v2,1.0,de,linear,NT_minus_TN,4.0,3.6725247833569337,0.9715567916634742,0.9998825172412928,7.904971877652708e-05,0.0033222591362126,-0.1322559985789062,0.0047723229411774,0.016448307226778,0.116253572440563,,,,,
sentence-transformers/paraphrase-multilingual-mpnet-base-v2,1.0,de,linear,QM_minus_MQ,4.0,2.6787211651419445,0.9984232176019832,0.9998787054107314,8.67489469255906e-05,0.0033222591362126,-0.0135383551617746,0.0295003574035548,-0.0013928797106473,-0.0077274450094256,,,,,
sentence-transformers/paraphrase-multilingual-mpnet-base-v2,1.0,de,linear,QT_minus_TQ,4.0,3.0183207723076912,0.9590493674285,0.9998693765897334,9.402680218030354e-05,0.0033222591362126,0.025774135952307,-0.1701916964749577,-0.0159794695088304,0.1488080431990562,,,,,
sentence-transformers/paraphrase-multilingual-mpnet-base-v2,1.0,de,linear,MT_minus_TM,4.0,2.281881266765532,0.9874323522644052,0.9998827609783374,8.867283533846983e-05,0.0033222591362126,0.0117167383619894,-0.0040644860961576,0.0668741769710696,-0.0771420129640038,,,,,
sentence-transformers/paraphrase-multilingual-mpnet-base-v2,1.0,de,affine,NQ_minus_QN,4.0,4.339037612469515,0.9414612598299728,0.9998758263487372,9.515893864632496e-05,0.0033222591362126,-0.240634914227552,0.1439393554228304,0.0478793631280634,0.056371055406296,,,,,
sentence-transformers/paraphrase-multilingual-mpnet-base-v2,1.0,de,affine,NM_minus_MN,4.0,3.478289088017802,0.9812922872379324,0.9998825844963756,8.001999805992639e-05,0.0033222591362126,-0.1103176878167999,0.0362942453069841,0.0558701654191546,0.0296725592244093,,,,,
sentence-transformers/paraphrase-multilingual-mpnet-base-v2,1.0,de,affine,NT_minus_TN,4.0,3.502231439028468,0.959976617918336,0.999874067640318,8.561699471495792e-05,0.0033222591362126,-0.1493968367012419,-0.000174034788778,0.0023707886004385,0.1521679145245116,,,,,
sentence-transformers/paraphrase-multilingual-mpnet-base-v2,1.0,de,affine,QM_minus_MQ,4.0,2.6616108637351896,0.9966512911160446,0.999872011567195,9.858269417904896e-05,0.0033222591362126,-0.025264481714545,0.0404566814933057,-0.0015853531865454,-0.0050259269622143,,,,,
sentence-transformers/paraphrase-multilingual-mpnet-base-v2,1.0,de,affine,QT_minus_TQ,4.0,3.055847096153149,0.9489605126830764,0.9998762784923608,8.965237672878531e-05,0.0033222591362126,0.0209206282765985,-0.187956392720727,-0.0270175325655516,0.1827635336276746,,,,,
sentence-transformers/paraphrase-multilingual-mpnet-base-v2,1.0,de,affine,MT_minus_TM,4.0,2.2255298820601617,0.9859194230609876,0.9998746761916968,8.811444785477073e-05,0.0033222591362126,0.0156782962147402,-0.0082325918616837,0.0684409844789293,-0.0795318218811178,,,,,
sentence-transformers/paraphrase-multilingual-mpnet-base-v2,1.0,ru,linear,NQ_minus_QN,4.0,4.658247326413329,0.974245296828957,0.9998804520800229,8.004653957052239e-05,0.0033222591362126,-0.1637380940428943,0.0465227900807674,0.0484720796066136,0.0784179447498725,,,,,
sentence-transformers/paraphrase-multilingual-mpnet-base-v2,1.0,ru,linear,NM_minus_MN,4.0,3.4485768468593623,0.9946163634312692,0.9998842483199968,7.848493698070323e-05,0.0033222591362126,-0.0476590968550864,0.0160385151905569,0.0588234378451849,-0.0167957545271388,,,,,
sentence-transformers/paraphrase-multilingual-mpnet-base-v2,1.0,ru,linear,NT_minus_TN,4.0,3.763954228650909,0.9646518281698852,0.999885180051724,8.7965751533892e-05,0.0033222591362126,-0.1501195008824798,0.0293176473829736,0.032532063694571,0.1066188142342079,,,,,
sentence-transformers/paraphrase-multilingual-mpnet-base-v2,1.0,ru,linear,QM_minus_MQ,4.0,2.757612022355595,0.9982755471508012,0.9998746894954008,8.995641484978361e-05,0.0033222591362126,-0.0153258662878508,0.0188176708602918,0.0247426276936226,-0.0178225190650741,,,,,
sentence-transformers/paraphrase-multilingual-mpnet-base-v2,1.0,ru,linear,QT_minus_TQ,4.0,3.426605095175092,0.945651063304681,0.9998801728700292,8.826894679937436e-05,0.0033222591362126,0.0414857362979256,-0.2226862687809271,0.0226175094151864,0.1478719890879406,,,,,
sentence-transformers/paraphrase-multilingual-mpnet-base-v2,1.0,ru,linear,MT_minus_TM,4.0,2.34318148224327,0.9818351325384098,0.9998852800788812,7.838460444287818e-05,0.0033222591362126,0.0207098900318594,-0.0029103659826967,0.0781444085037401,-0.0962704967189023,,,,,
sentence-transformers/paraphrase-multilingual-mpnet-base-v2,1.0,ru,affine,NQ_minus_QN,4.0,4.357999136798436,0.9611025903237972,0.9998797844002794,9.041220471378268e-05,0.0033222591362126,-0.1996459625951251,0.0574265417002671,0.0329682401776042,0.1219968179985848,,,,,
sentence-transformers/paraphrase-multilingual-mpnet-base-v2,1.0,ru,affine,NM_minus_MN,4.0,3.304344775991104,0.9912247808925796,0.9998780661162928,8.802694489525473e-05,0.0033222591362126,-0.0668799153036121,0.0256401056615351,0.0629863537736682,-0.0096866168663813,,,,,
sentence-transformers/paraphrase-multilingual-mpnet-base-v2,1.0,ru,affine,NT_minus_TN,4.0,3.436263490794448,0.971627911144726,0.9998862713629468,8.646391432715322e-05,0.0033222591362126,-0.1194348463160193,0.0001455419817012,-0.0013879555141031,0.1342326160011827,,,,,
sentence-transformers/paraphrase-multilingual-mpnet-base-v2,1.0,ru,affine,QM_minus_MQ,4.0,2.768228647155752,0.9971140346645434,0.9998748547445656,8.538160206790084e-05,0.0033222591362126,-0.0200783785140877,0.031474230458124,0.0259155018660568,-0.025693296532253,,,,,
sentence-transformers/paraphrase-multilingual-mpnet-base-v2,1.0,ru,affine,QT_minus_TQ,4.0,3.3301641394523345,0.937683767320136,0.9998795621629974,8.140907833496927e-05,0.0033222591362126,0.0246811369555168,-0.2234438131346549,-0.004652825192607,0.1945731307484793,,,,,
sentence-transformers/paraphrase-multilingual-mpnet-base-v2,1.0,ru,affine,MT_minus_TM,4.0,2.274646137305502,0.9818652938322104,0.9998769378949824,8.809037055365805e-05,0.0033222591362126,0.0221715027037737,-0.004314165883479,0.0775050465951547,-0.0958276846787293,,,,,
sentence-transformers/paraphrase-multilingual-mpnet-base-v2,1.0,zh,linear,NQ_minus_QN,4.0,4.779126656524785,0.9673648772513458,0.9998830833935376,8.118546065080147e-05,0.0033222591362126,-0.1846375678090241,0.0598199847995715,0.0716926972103509,0.0603747059796152,,,,,
sentence-transformers/paraphrase-multilingual-mpnet-base-v2,1.0,zh,linear,NM_minus_MN,4.0,3.544705310625007,0.9952252451903552,0.99988117341033,7.663598045114909e-05,0.0033222591362126,-0.0523228679261547,0.0117449151874601,0.0237570014419929,0.0207625228953482,,,,,
sentence-transformers/paraphrase-multilingual-mpnet-base-v2,1.0,zh,linear,NT_minus_TN,4.0,3.747795389642536,0.9622523309310445,0.9998735350116704,8.854776544947276e-05,0.0033222591362126,-0.1484531076917533,0.0076958338859007,0.0285156072599422,0.120672971125626,,,,,
sentence-transformers/paraphrase-multilingual-mpnet-base-v2,1.0,zh,linear,QM_minus_MQ,4.0,2.651203595095116,0.9985224444551788,0.9998763695710944,8.160142956048348e-05,0.0033222591362126,-0.0154887198749837,0.0248837110819528,-0.0061202959496722,0.0005373064786083,,,,,
sentence-transformers/paraphrase-multilingual-mpnet-base-v2,1.0,zh,linear,QT_minus_TQ,4.0,3.3009082462463413,0.9405057802629564,0.9998747389310618,8.920247156144594e-05,0.0033222591362126,0.0481850241589233,-0.2311133287233718,0.0366278815008905,0.1351615351499724,,,,,
sentence-transformers/paraphrase-multilingual-mpnet-base-v2,1.0,zh,linear,MT_minus_TM,4.0,2.2346657192154304,0.9826173437680108,0.999881030071166,9.003186195954801e-05,0.0033222591362126,0.0242003808817778,-0.0017359908186746,0.071748560007059,-0.0903918152301773,,,,,
sentence-transformers/paraphrase-multilingual-mpnet-base-v2,1.0,zh,affine,NQ_minus_QN,4.0,4.6652042461087095,0.9473052943891922,0.9998710397153932,9.20800170851506e-05,0.0033222591362126,-0.2403634608039316,0.0921916422099899,0.06396561732316,0.0932017837001688,,,,,
sentence-transformers/paraphrase-multilingual-mpnet-base-v2,1.0,zh,affine,NM_minus_MN,4.0,3.4309275469839475,0.9894782005250774,0.9998762865224105,8.998567887713551e-05,0.0033222591362126,-0.0794346460926661,0.0220747537318587,0.0277161610359098,0.035109035173568,,,,,
sentence-transformers/paraphrase-multilingual-mpnet-base-v2,1.0,zh,affine,NT_minus_TN,4.0,3.5454633051615234,0.9579338713609538,0.9998803508120632,7.788905832467557e-05,0.0033222591362126,-0.1473105592083647,-0.0032512789316144,-0.003880718436268,0.1591953727212805,,,,,
sentence-transformers/paraphrase-multilingual-mpnet-base-v2,1.0,zh,affine,QM_minus_MQ,4.0,2.628167758900414,0.997198900193111,0.999874979168558,8.992920576790559e-05,0.0033222591362126,-0.0202498668312958,0.036911209961781,-0.0083331539170922,-0.0023594007079458,,,,,
sentence-transformers/paraphrase-multilingual-mpnet-base-v2,1.0,zh,affine,QT_minus_TQ,4.0,3.248806973804109,0.9346033143988765,0.99987463298981,8.908846236910944e-05,0.0033222591362126,0.0365546071700005,-0.2367545494075615,0.0112183394142988,0.1781559366458353,,,,,
sentence-transformers/paraphrase-multilingual-mpnet-base-v2,1.0,zh,affine,MT_minus_TM,4.0,2.180170581651169,0.9846250906593712,0.9998780567767436,8.820461487462845e-05,0.0033222591362126,0.0207916225220289,-0.0058427266427704,0.0712702158690856,-0.0830363100793599,,,,,
sentence-transformers/paraphrase-multilingual-mpnet-base-v2,1.0,ar,linear,NQ_minus_QN,4.0,4.797968567628625,0.9638796427766064,0.9998852508934112,7.713232275415128e-05,0.0033222591362126,-0.1883280328745052,0.0876684860687565,0.036743243233621,0.0730990491839959,,,,,
sentence-transformers/paraphrase-multilingual-mpnet-base-v2,1.0,ar,linear,NM_minus_MN,4.0,3.7271216693040414,0.9934713893949018,0.9998749441586964,9.506341806450595e-05,0.0033222591362126,-0.0564447731458391,0.0145335337906636,0.0601769668963407,-0.0015473800324403,,,,,
sentence-transformers/paraphrase-multilingual-mpnet-base-v2,1.0,ar,linear,NT_minus_TN,4.0,3.878827650804945,0.9654390410271086,0.9998807317436308,8.509922816659107e-05,0.0033222591362126,-0.1397952780810159,0.0094154202022576,0.017419513708654,0.1247793220216447,,,,,
sentence-transformers/paraphrase-multilingual-mpnet-base-v2,1.0,ar,linear,QM_minus_MQ,4.0,2.863139030601005,0.9981984339493044,0.9998743906761351,9.003256184660962e-05,0.0033222591362126,-0.0197808429983528,0.0193152345956304,0.0126820315818848,0.0013995765882119,,,,,
sentence-transformers/paraphrase-multilingual-mpnet-base-v2,1.0,ar,linear,QT_minus_TQ,4.0,3.309198609023267,0.951166107977514,0.9998747882434396,9.119628554467644e-05,0.0033222591362126,0.026631281331562,-0.1927975997435318,0.0015930432781712,0.1548306927656475,,,,,
sentence-transformers/paraphrase-multilingual-mpnet-base-v2,1.0,ar,linear,MT_minus_TM,4.0,2.405508665487006,0.9774600541640645,0.9998775293313472,9.779972912713182e-05,0.0033222591362126,0.0222586006908784,0.0016935322260653,0.080368755374845,-0.1091961135277409,,,,,
sentence-transformers/paraphrase-multilingual-mpnet-base-v2,1.0,ar,affine,NQ_minus_QN,4.0,4.730581659694991,0.95515054636943,0.9998762363021754,8.618865037530314e-05,0.0033222591362126,-0.215471490530862,0.1007681169277521,0.0405579355566778,0.0854877359547252,,,,,
sentence-transformers/paraphrase-multilingual-mpnet-base-v2,1.0,ar,affine,NM_minus_MN,4.0,3.602489942448312,0.991406895746742,0.999880672696486,9.4240452373271e-05,0.0033222591362126,-0.0669992877194806,0.0216821638071904,0.0619955406207921,0.0001821945732641,,,,,
sentence-transformers/paraphrase-multilingual-mpnet-base-v2,1.0,ar,affine,NT_minus_TN,4.0,3.688655051984576,0.965598311222329,0.999881674139706,7.92920327379444e-05,0.0033222591362126,-0.1309380302751841,-0.0055889330059388,0.0011413304674246,0.1446723900597728,,,,,
sentence-transformers/paraphrase-multilingual-mpnet-base-v2,1.0,ar,affine,QM_minus_MQ,4.0,2.8359776145314104,0.9970740646958526,0.9998835646257168,8.170321687190501e-05,0.0033222591362126,-0.0257184054812265,0.0288202769533529,0.0094984801858742,0.003052362666381,,,,,
sentence-transformers/paraphrase-multilingual-mpnet-base-v2,1.0,ar,affine,QT_minus_TQ,4.0,3.3072778856037743,0.9442402728668238,0.9998830728208278,8.528083463265262e-05,0.0033222591362126,0.0202225782577696,-0.200955922474722,-0.0132247922585645,0.1846616152304116,,,,,
sentence-transformers/paraphrase-multilingual-mpnet-base-v2,1.0,ar,affine,MT_minus_TM,4.0,2.3405196087171825,0.9754505531528171,0.999875665241002,9.319411285915216e-05,0.0033222591362126,0.0255705774245846,-0.0010996177137065,0.0821096439161218,-0.1122333589450015,,,,,
sentence-transformers/paraphrase-multilingual-mpnet-base-v2,10.0,en,linear,NQ_minus_QN,4.0,1.5122971329331862,0.9424172344461014,0.9998767267173636,8.53093076868205e-05,0.0033222591362126,-0.1570263204497486,0.1129526655004483,0.0396364982484258,0.0080093045333883,,,,,
sentence-transformers/paraphrase-multilingual-mpnet-base-v2,10.0,en,linear,NM_minus_MN,4.0,1.669982684121082,0.9212498487472954,0.9998732547388282,9.1255597526905e-05,0.0033222591362126,-0.1876035250168028,0.04813057659904,0.1476390297963308,-0.0008849499759624,,,,,
sentence-transformers/paraphrase-multilingual-mpnet-base-v2,10.0,en,linear,NT_minus_TN,4.0,1.6803450748295414,0.8710625288505838,0.999877454671447,8.633438671700774e-05,0.0033222591362126,-0.2473562852262218,0.0749118317657758,0.1382307584153554,0.0420997343973282,,,,,
sentence-transformers/paraphrase-multilingual-mpnet-base-v2,10.0,en,linear,QM_minus_MQ,4.0,1.1779041399348358,0.928703921412752,0.9998751794222792,8.969903868653376e-05,0.0033222591362126,0.0083327343875564,-0.2009905326348019,0.1010134011417121,0.0942238777697906,,,,,
sentence-transformers/paraphrase-multilingual-mpnet-base-v2,10.0,en,linear,QT_minus_TQ,4.0,1.1100175811352744,0.9148289280864068,0.9998817808721048,8.916375232969928e-05,0.0033222591362126,0.0388836189633026,-0.22600506985853,0.0442147843478923,0.1429152454990404,,,,,
sentence-transformers/paraphrase-multilingual-mpnet-base-v2,10.0,en,linear,MT_minus_TM,4.0,0.9635035420786416,0.9793399667515392,0.9998855158195123,8.181639600004821e-05,0.0033222591362126,0.0226465106901998,-0.0377849588487807,-0.0790773732661668,0.0929924597944876,,,,,
sentence-transformers/paraphrase-multilingual-mpnet-base-v2,10.0,en,affine,NQ_minus_QN,4.0,1.5106662553805912,0.8484144094329154,0.9998792104081532,8.967466577202305e-05,0.0033222591362126,-0.2844350051363553,0.2112161595110531,0.0492060749482672,0.030520330586533,,,,,
sentence-transformers/paraphrase-multilingual-mpnet-base-v2,10.0,en,affine,NM_minus_MN,4.0,1.5511887848735135,0.8749191868104852,0.9998812307741628,9.310188105262112e-05,0.0033222591362126,-0.2462915616946382,0.0513892578010966,0.1691255443177552,0.0343384780515359,,,,,
sentence-transformers/paraphrase-multilingual-mpnet-base-v2,10.0,en,affine,NT_minus_TN,4.0,1.563033312255656,0.8360033463860109,0.9998827857965344,8.235467258964982e-05,0.0033222591362126,-0.2873172526368812,0.0437532037198991,0.0721725777488496,0.1787969309804121,,,,,
sentence-transformers/paraphrase-multilingual-mpnet-base-v2,10.0,en,affine,QM_minus_MQ,4.0,1.1212039535223468,0.929909055372489,0.9998815437691057,9.14508277702622e-05,0.0033222591362126,-0.0080000946306433,-0.1920685772718577,0.0990921020983317,0.1036746196365554,,,,,
sentence-transformers/paraphrase-multilingual-mpnet-base-v2,10.0,en,affine,QT_minus_TQ,4.0,1.0235470797802035,0.9057867590675664,0.999878543650836,7.82254293335136e-05,0.0033222591362126,0.0056311204042474,-0.2138718852683573,0.002077591904719,0.2065542153566327,,,,,
sentence-transformers/paraphrase-multilingual-mpnet-base-v2,10.0,en,affine,MT_minus_TM,4.0,0.8652587984111827,0.9881480593984736,0.9998737784667996,8.594343692790466e-05,0.0033222591362126,0.0229975675807598,-0.025822399213321,-0.0581558929726875,0.0596400445420806,,,,,
sentence-transformers/paraphrase-multilingual-mpnet-base-v2,10.0,es,linear,NQ_minus_QN,4.0,1.653782144965594,0.9482336478601524,0.999880678673258,8.880411548049099e-05,0.0033222591362126,-0.1573150919370257,0.1187441317573912,0.0070387356191648,0.0345834674799657,,,,,
sentence-transformers/paraphrase-multilingual-mpnet-base-v2,10.0,es,linear,NM_minus_MN,4.0,1.6978523212609935,0.8945953202055082,0.9998720326363452,8.552831010448719e-05,0.0033222591362126,-0.2148740686305384,0.0375704395644265,0.1821989268084498,0.0029804429093642,,,,,
sentence-transformers/paraphrase-multilingual-mpnet-base-v2,10.0,es,linear,NT_minus_TN,4.0,1.703876163335999,0.9055634943977496,0.9998754629714396,9.563502153903445e-05,0.0033222591362126,-0.2080863017531802,0.0326614560128556,0.1455313081222479,0.0358187894106739,,,,,
sentence-transformers/paraphrase-multilingual-mpnet-base-v2,10.0,es,linear,QM_minus_MQ,4.0,1.296746704722889,0.8840994914507171,0.9998742627341202,8.483826111190338e-05,0.0033222591362126,0.0300169347678879,-0.247401734804584,0.1660109191313833,0.0539931877559632,,,,,
sentence-transformers/paraphrase-multilingual-mpnet-base-v2,10.0,es,linear,QT_minus_TQ,4.0,1.3841977929469675,0.8567011587803519,0.999877346254114,8.448602804435143e-05,0.0033222591362126,0.0614618736439891,-0.3137885472621042,0.0907295932560161,0.1618773622679484,,,,,
sentence-transformers/paraphrase-multilingual-mpnet-base-v2,10.0,es,linear,MT_minus_TM,4.0,0.9760666395951652,0.9490596761174398,0.9998838234571096,8.733534122735475e-05,0.0033222591362126,0.0055593521172906,-0.028399738155381,-0.1393780565262192,0.1621016412041518,,,,,
sentence-transformers/paraphrase-multilingual-mpnet-base-v2,10.0,es,affine,NQ_minus_QN,4.0,1.6665262689334654,0.8641286314379212,0.9998850008829686,7.722312165315889e-05,0.0033222591362126,-0.2873532944222223,0.1846807584812422,0.0105319248251189,0.0986764624352712,,,,,
sentence-transformers/paraphrase-multilingual-mpnet-base-v2,10.0,es,affine,NM_minus_MN,4.0,1.6063291732571772,0.8553018925952677,0.999876729576902,8.068814657920987e-05,0.0033222591362126,-0.2612431961204131,0.0427228786703532,0.2159746890944407,0.0110330968485067,,,,,
sentence-transformers/paraphrase-multilingual-mpnet-base-v2,10.0,es,affine,NT_minus_TN,4.0,1.585535681101573,0.8478874970625474,0.9998805851198632,9.719733648544436e-05,0.0033222591362126,-0.2700812374431844,0.0240143041730784,0.057818484267801,0.1952250868200327,,,,,
sentence-transformers/paraphrase-multilingual-mpnet-base-v2,10.0,es,affine,QM_minus_MQ,4.0,1.2463489937115153,0.8904885308082704,0.9998783564412403,8.464755642558489e-05,0.0033222591362126,0.0125627787455442,-0.2402536632428779,0.1688865932984477,0.0616336859561624,,,,,
sentence-transformers/paraphrase-multilingual-mpnet-base-v2,10.0,es,affine,QT_minus_TQ,4.0,1.2729799590833248,0.8387348799745091,0.9998763618840936,8.635666987982128e-05,0.0033222591362126,0.0316239074177247,-0.3038788210629337,0.0079362080573614,0.2652684185566487,,,,,
sentence-transformers/paraphrase-multilingual-mpnet-base-v2,10.0,es,affine,MT_minus_TM,4.0,0.8714434433452234,0.9628061879687604,0.999877120942495,9.41119127468014e-05,0.0033222591362126,0.0188884963962493,-0.0372175570028062,-0.1119804424569892,0.1297441750503952,,,,,
sentence-transformers/paraphrase-multilingual-mpnet-base-v2,10.0,fr,linear,NQ_minus_QN,4.0,1.6995728508030206,0.936064873424558,0.9998832843470375,8.404781490998846e-05,0.0033222591362126,-0.1803222675472591,0.0958433743786708,0.0664134730096732,0.0224311829849063,,,,,
sentence-transformers/paraphrase-multilingual-mpnet-base-v2,10.0,fr,linear,NM_minus_MN,4.0,1.745794901701484,0.9163519460262776,0.9998731751967392,8.845784836804763e-05,0.0033222591362126,-0.1960780625883736,0.040533428452962,0.1544994765616996,0.0079295226421607,,,,,
sentence-transformers/paraphrase-multilingual-mpnet-base-v2,10.0,fr,linear,NT_minus_TN,4.0,1.7937313346831607,0.8826364400642946,0.999878833166038,9.030490032908685e-05,0.0033222591362126,-0.2431763998111756,0.0533000480363135,0.1470718988781957,0.0506673814171639,,,,,
sentence-transformers/paraphrase-multilingual-mpnet-base-v2,10.0,fr,linear,QM_minus_MQ,4.0,1.2474557744420494,0.9267593448024676,0.9998828180604004,8.315584357598585e-05,0.0033222591362126,0.0043315206723562,-0.1957004660811469,0.1097805398406386,0.0837632048060649,,,,,
sentence-transformers/paraphrase-multilingual-mpnet-base-v2,10.0,fr,linear,QT_minus_TQ,4.0,1.4044051843468093,0.8747849513211016,0.9998825243487752,8.195877812186554e-05,0.0033222591362126,0.0646694668333306,-0.309767220488286,0.1084262042661899,0.1358964308728272,,,,,
sentence-transformers/paraphrase-multilingual-mpnet-base-v2,10.0,fr,linear,MT_minus_TM,4.0,0.9996795885930988,0.981487778905492,0.9998770787593928,8.526630972243991e-05,0.0033222591362126,0.020150657726354,-0.0302686814973767,-0.0755787127436708,0.0846574336204521,,,,,
sentence-transformers/paraphrase-multilingual-mpnet-base-v2,10.0,fr,affine,NQ_minus_QN,4.0,1.67672879257107,0.8637320292828677,0.9998757848206123,9.339983866585426e-05,0.0033222591362126,-0.2893366958492159,0.1658522565262366,0.0535233780423423,0.0763130807241532,,,,,
sentence-transformers/paraphrase-multilingual-mpnet-base-v2,10.0,fr,affine,NM_minus_MN,4.0,1.649455887550883,0.8755090753284618,0.9998852057731104,8.635753684892072e-05,0.0033222591362126,-0.2517662311572829,0.0540120349742581,0.1775469294837041,0.0281358601824455,,,,,
sentence-transformers/paraphrase-multilingual-mpnet-base-v2,10.0,fr,affine,NT_minus_TN,4.0,1.6644493555622626,0.855513490988952,0.9998749486041064,9.276175301171336e-05,0.0033222591362126,-0.2765651969233065,0.0359662603221815,0.0795133480557157,0.1677097449420878,,,,,
sentence-transformers/paraphrase-multilingual-mpnet-base-v2,10.0,fr,affine,QM_minus_MQ,4.0,1.208286789472671,0.9304878335031632,0.9998747339495954,8.64192937496689e-05,0.0033222591362126,-0.0106540503578487,-0.1842108270922784,0.1188211215796768,0.0783817157933497,,,,,
sentence-transformers/paraphrase-multilingual-mpnet-base-v2,10.0,fr,affine,QT_minus_TQ,4.0,1.244983034779366,0.8597982561662437,0.9998836424558424,8.311785678936278e-05,0.0033222591362126,0.0339264511767623,-0.2938400755614987,0.0300528565386267,0.2292475324796725,,,,,
sentence-transformers/paraphrase-multilingual-mpnet-base-v2,10.0,fr,affine,MT_minus_TM,4.0,0.9165437868166952,0.9866273549470832,0.99987671345548,8.883660146462291e-05,0.0033222591362126,0.0259279651420752,-0.0341848492928234,-0.0557488380534805,0.0629865994560493,,,,,
sentence-transformers/paraphrase-multilingual-mpnet-base-v2,10.0,de,linear,NQ_minus_QN,4.0,1.6577369623589042,0.9227677760307142,0.9998746915376984,8.460444825465919e-05,0.0033222591362126,-0.2028026646736319,0.1381597017117745,0.0410814209656643,0.0277141423936995,,,,,
sentence-transformers/paraphrase-multilingual-mpnet-base-v2,10.0,de,linear,NM_minus_MN,4.0,1.726184341464218,0.87583081608318,0.9998741910416282,7.969915109513975e-05,0.0033222591362126,-0.2535344423778792,0.0705058335927715,0.1459794758468531,0.0449681127179253,,,,,
sentence-transformers/paraphrase-multilingual-mpnet-base-v2,10.0,de,linear,NT_minus_TN,4.0,1.7656374305585734,0.8777924837494439,0.999877237134542,8.52561834744121e-05,0.0033222591362126,-0.2598559952168646,0.0607040946530892,0.1026205084695056,0.1031976704104839,,,,,
sentence-transformers/paraphrase-multilingual-mpnet-base-v2,10.0,de,linear,QM_minus_MQ,4.0,1.2559581937872446,0.9247784922497494,0.9998785812920616,9.077557994924852e-05,0.0033222591362126,0.012311000983028,-0.2018590613046831,0.1381594701579103,0.0537041291316259,,,,,
sentence-transformers/paraphrase-multilingual-mpnet-base-v2,10.0,de,linear,QT_minus_TQ,4.0,1.31592043880604,0.890880581247135,0.9998748658679336,9.459126949945756e-05,0.0033222591362126,0.0463732944989592,-0.2740584156042387,0.0559778953583675,0.1704094826459324,,,,,
sentence-transformers/paraphrase-multilingual-mpnet-base-v2,10.0,de,linear,MT_minus_TM,4.0,0.9640806303342302,0.9748380093754194,0.9998764935601272,8.797004184221052e-05,0.0033222591362126,0.0129234772091249,-0.0261853861519474,-0.0907981233015061,0.1030128778034593,,,,,
sentence-transformers/paraphrase-multilingual-mpnet-base-v2,10.0,de,affine,NQ_minus_QN,4.0,1.6345715141340236,0.8418471108818155,0.99987334688965,8.518131195078982e-05,0.0033222591362126,-0.3067653675218073,0.201719670543661,0.0605497238178547,0.0508463869772937,,,,,
sentence-transformers/paraphrase-multilingual-mpnet-base-v2,10.0,de,affine,NM_minus_MN,4.0,1.6833401083262922,0.8347538431659774,0.9998796872660048,8.444038612404365e-05,0.0033222591362126,-0.3007061465190405,0.0447519182796606,0.18983998904204,0.0750283127346952,,,,,
sentence-transformers/paraphrase-multilingual-mpnet-base-v2,10.0,de,affine,NT_minus_TN,4.0,1.6742296592652517,0.8281762587247422,0.9998714258192232,9.205010419259328e-05,0.0033222591362126,-0.3073349964351968,0.0338336971932383,0.0705697029696657,0.2098154851271616,,,,,
sentence-transformers/paraphrase-multilingual-mpnet-base-v2,10.0,de,affine,QM_minus_MQ,4.0,1.2173943001541123,0.9271285539345252,0.9998758294149804,8.924095160860187e-05,0.0033222591362126,-0.0247645938466869,-0.181211218266428,0.1395291352604422,0.0692692936021495,,,,,
sentence-transformers/paraphrase-multilingual-mpnet-base-v2,10.0,de,affine,QT_minus_TQ,4.0,1.2405909472903214,0.862115118212962,0.9998748118809796,9.319508223362176e-05,0.0033222591362126,0.0153753600224967,-0.2770161280368057,0.0112522090356234,0.2498208153953198,,,,,
sentence-transformers/paraphrase-multilingual-mpnet-base-v2,10.0,de,affine,MT_minus_TM,4.0,0.8871821409496665,0.983052606361922,0.9998738492380476,9.226951664711904e-05,0.0033222591362126,0.0259732643685065,-0.0294521385394775,-0.0669959738453382,0.0692004360641224,,,,,
sentence-transformers/paraphrase-multilingual-mpnet-base-v2,10.0,ru,linear,NQ_minus_QN,4.0,1.750996161816175,0.9274708063191824,0.9998782441970064,8.968340831265973e-05,0.0033222591362126,-0.1945352101268309,0.114217464536101,0.0658812989482935,0.0199089064968809,,,,,
sentence-transformers/paraphrase-multilingual-mpnet-base-v2,10.0,ru,linear,NM_minus_MN,4.0,1.7299168087944152,0.8906975460028236,0.999884022066006,7.505397910644962e-05,0.0033222591362126,-0.221557610314685,0.0453707016223647,0.1643701468101652,0.019624278622484,,,,,
sentence-transformers/paraphrase-multilingual-mpnet-base-v2,10.0,ru,linear,NT_minus_TN,4.0,1.8263115955777325,0.854277497464163,0.9998805916447404,8.447034583846817e-05,0.0033222591362126,-0.2724736293914083,0.0576767447005919,0.1571540719059968,0.0667126753321969,,,,,
sentence-transformers/paraphrase-multilingual-mpnet-base-v2,10.0,ru,linear,QM_minus_MQ,4.0,1.236451786531486,0.9270900874803624,0.9998759931496904,8.964160826661117e-05,0.0033222591362126,0.0035189505453719,-0.1873740182166015,0.1106457822268119,0.0744436972112094,,,,,
sentence-transformers/paraphrase-multilingual-mpnet-base-v2,10.0,ru,linear,QT_minus_TQ,4.0,1.504837237709264,0.848010905296039,0.9998773769416384,8.360653050227187e-05,0.0033222591362126,0.0754816241694111,-0.3493949304380573,0.1209321101662382,0.1507686166997395,,,,,
sentence-transformers/paraphrase-multilingual-mpnet-base-v2,10.0,ru,linear,MT_minus_TM,4.0,0.9532828066107548,0.9839161048791356,0.9998749855954346,9.053046374635672e-05,0.0033222591362126,0.0193940331135596,-0.0317792361933587,-0.0658058421476358,0.0776215039707241,,,,,
sentence-transformers/paraphrase-multilingual-mpnet-base-v2,10.0,ru,affine,NQ_minus_QN,4.0,1.6465433578255504,0.867584081801563,0.9998762719283212,8.734527450508243e-05,0.0033222591362126,-0.2909232448372851,0.1756692349827593,0.0406401079394962,0.0822764475540994,,,,,
sentence-transformers/paraphrase-multilingual-mpnet-base-v2,10.0,ru,affine,NM_minus_MN,4.0,1.5818332417319825,0.8577573830909909,0.9998821909342894,8.19364480628536e-05,0.0033222591362126,-0.2705257979657693,0.0587744905739981,0.1769860796294511,0.0431715978584958,,,,,
sentence-transformers/paraphrase-multilingual-mpnet-base-v2,10.0,ru,affine,NT_minus_TN,4.0,1.5904460263089253,0.8560543841671162,0.9998862504716076,7.976132529264759e-05,0.0033222591362126,-0.2732048697122023,0.0348477878167749,0.0679363132227228,0.1776538499444326,,,,,
sentence-transformers/paraphrase-multilingual-mpnet-base-v2,10.0,ru,affine,QM_minus_MQ,4.0,1.209018763069843,0.9281873331145994,0.9998763749674686,8.54679056629412e-05,0.0033222591362126,0.0006952616842612,-0.1904305492494268,0.1252928684662078,0.065521565085661,,,,,
sentence-transformers/paraphrase-multilingual-mpnet-base-v2,10.0,ru,affine,QT_minus_TQ,4.0,1.3301174009942167,0.8417717504233843,0.99987830122785,8.48927617502603e-05,0.0033222591362126,0.0423930588480094,-0.3236737333143645,0.0348343564633508,0.2448891749073168,,,,,
sentence-transformers/paraphrase-multilingual-mpnet-base-v2,10.0,ru,affine,MT_minus_TM,4.0,0.876058151715762,0.9900428706967976,0.9998736224831386,8.809817665993086e-05,0.0033222591362126,0.0181336886862966,-0.0287189430051844,-0.0478829544027319,0.0580602533156103,,,,,
sentence-transformers/paraphrase-multilingual-mpnet-base-v2,10.0,zh,linear,NQ_minus_QN,4.0,1.759859815093935,0.9359423380113708,0.9998882897365116,7.695681343354689e-05,0.0033222591362126,-0.1834904235383395,0.0978107809397989,0.0806130820062925,0.0099822597994909,,,,,
sentence-transformers/paraphrase-multilingual-mpnet-base-v2,10.0,zh,linear,NM_minus_MN,4.0,1.7048196800293938,0.9115118744611216,0.9998844666310244,8.700361163193747e-05,0.0033222591362126,-0.1942209195441117,0.0220633825675399,0.1531185814728655,0.0257033461706817,,,,,
sentence-transformers/paraphrase-multilingual-mpnet-base-v2,10.0,zh,linear,NT_minus_TN,4.0,1.802035726136724,0.8809719385783757,0.9998764882556744,9.264146887958788e-05,0.0033222591362126,-0.2420991284960918,0.0366489508768293,0.1510600356414442,0.0621783198644938,,,,,
sentence-transformers/paraphrase-multilingual-mpnet-base-v2,10.0,zh,linear,QM_minus_MQ,4.0,1.2419596627775662,0.9369852739355544,0.9998817316522232,7.834641543458503e-05,0.0033222591362126,0.0007823577656666,-0.1727201975206943,0.1171321808242739,0.0566843012242095,,,,,
sentence-transformers/paraphrase-multilingual-mpnet-base-v2,10.0,zh,linear,QT_minus_TQ,4.0,1.442320871367354,0.8605076147387496,0.9998784398767432,8.57539158097458e-05,0.0033222591362126,0.0639189404253388,-0.3254587805331403,0.1098580102531497,0.1505952064370074,,,,,
sentence-transformers/paraphrase-multilingual-mpnet-base-v2,10.0,zh,linear,MT_minus_TM,4.0,0.935350099615506,0.9826030173274832,0.9998779828644918,8.271171783901691e-05,0.0033222591362126,0.021290032049853,-0.0188575154519455,-0.0756053491864052,0.0717340199776672,,,,,
sentence-transformers/paraphrase-multilingual-mpnet-base-v2,10.0,zh,affine,NQ_minus_QN,4.0,1.7347515433929226,0.8639573500650761,0.999873828035478,8.32775997236284e-05,0.0033222591362126,-0.2966470993381586,0.1667735012400667,0.0627184445347591,0.0742099842705048,,,,,
sentence-transformers/paraphrase-multilingual-mpnet-base-v2,10.0,zh,affine,NM_minus_MN,4.0,1.6212820470837574,0.8720602835757526,0.9998788818244,8.974837969887921e-05,0.0033222591362126,-0.2492865637739942,0.0309752331524648,0.1697652601414135,0.0561962231952813,,,,,
sentence-transformers/paraphrase-multilingual-mpnet-base-v2,10.0,zh,affine,NT_minus_TN,4.0,1.6513940602614592,0.8532206497963163,0.999886780694402,7.594672964417579e-05,0.0033222591362126,-0.2734471337429724,0.0224193911894818,0.0739548751242289,0.1834784823920579,,,,,
sentence-transformers/paraphrase-multilingual-mpnet-base-v2,10.0,zh,affine,QM_minus_MQ,4.0,1.1948987486958964,0.9409927980692516,0.999868988795622,9.829574154083916e-05,0.0033222591362126,-0.0112684201163361,-0.1607359734544754,0.1253155510720613,0.0485580962939363,,,,,
sentence-transformers/paraphrase-multilingual-mpnet-base-v2,10.0,zh,affine,QT_minus_TQ,4.0,1.2968950823547531,0.8478227166485433,0.9998839054465258,7.455372017250673e-05,0.0033222591362126,0.0323189358629329,-0.3081872044940767,0.0261139835981021,0.2485859569685539,,,,,
sentence-transformers/paraphrase-multilingual-mpnet-base-v2,10.0,zh,affine,MT_minus_TM,4.0,0.8675601702786949,0.9856553723026577,0.9998765658858758,9.207720869798536e-05,0.0033222591362126,0.0207113030418266,-0.0235253186024224,-0.0639901120565658,0.0655603430866246,,,,,
sentence-transformers/paraphrase-multilingual-mpnet-base-v2,10.0,ar,linear,NQ_minus_QN,4.0,1.7940501856592066,0.9040512803986344,0.9998866089952942,8.024176136668294e-05,0.0033222591362126,-0.2274077086988861,0.1415578812381694,0.0445725577086251,0.0480209008424976,,,,,
sentence-transformers/paraphrase-multilingual-mpnet-base-v2,10.0,ar,linear,NM_minus_MN,4.0,1.7852730614910657,0.9023790730269088,0.9998760200743124,9.361690247788683e-05,0.0033222591362126,-0.2110994452101146,0.0303172496663682,0.1686966848513964,0.0207377734275812,,,,,
sentence-transformers/paraphrase-multilingual-mpnet-base-v2,10.0,ar,linear,NT_minus_TN,4.0,1.834673559957152,0.8708748753187657,0.99988468744618,8.096325407876208e-05,0.0033222591362126,-0.2574243265928427,0.0480921702193515,0.1215778829622637,0.0963755219371993,,,,,
sentence-transformers/paraphrase-multilingual-mpnet-base-v2,10.0,ar,linear,QM_minus_MQ,4.0,1.2934282067017844,0.9365076952727353,0.9998810622762432,8.39605080543903e-05,0.0033222591362126,-0.0020799323424804,-0.1741425502890888,0.1188901802561436,0.0589641976241092,,,,,
sentence-transformers/paraphrase-multilingual-mpnet-base-v2,10.0,ar,linear,QT_minus_TQ,4.0,1.432739546844662,0.8740407256070839,0.999876832692036,8.888549975530131e-05,0.0033222591362126,0.0547379742404977,-0.3025681682594547,0.0806591641881026,0.1647269886464155,,,,,
sentence-transformers/paraphrase-multilingual-mpnet-base-v2,10.0,ar,linear,MT_minus_TM,4.0,0.9829038334515676,0.9864550393333053,0.9998788257027548,9.478802814455834e-05,0.0033222591362126,0.0176049679075771,-0.0207008878801899,-0.0667346265570501,0.068590318873891,,,,,
sentence-transformers/paraphrase-multilingual-mpnet-base-v2,10.0,ar,affine,NQ_minus_QN,4.0,1.7439011266860989,0.867611137466331,0.999876160109618,8.668704166369148e-05,0.0033222591362126,-0.2857650137308433,0.166729815648827,0.051308739509402,0.0760440573063339,,,,,
sentence-transformers/paraphrase-multilingual-mpnet-base-v2,10.0,ar,affine,NM_minus_MN,4.0,1.6609683740001022,0.8783881044508551,0.999885144247356,0.0001010707523346,0.0033222591362126,-0.241223503112271,0.041386565017625,0.1783177872249349,0.0306733223150214,,,,,
sentence-transformers/paraphrase-multilingual-mpnet-base-v2,10.0,ar,affine,NT_minus_TN,4.0,1.6677742862796956,0.8548273815836862,0.999877416416188,8.209717581747715e-05,0.0033222591362126,-0.2685157669263839,0.0332471483437992,0.070919022319317,0.17204210570903,,,,,
sentence-transformers/paraphrase-multilingual-mpnet-base-v2,10.0,ar,affine,QM_minus_MQ,4.0,1.2356923554730044,0.9447753177708678,0.9998863811874272,8.212295996706168e-05,0.0033222591362126,-0.0141065981512338,-0.1553459118385582,0.1104119913045731,0.0607294302678977,,,,,
sentence-transformers/paraphrase-multilingual-mpnet-base-v2,10.0,ar,affine,QT_minus_TQ,4.0,1.2986547138309483,0.8672920850654589,0.9998714616595368,8.79010372505232e-05,0.0033222591362126,0.0305274382021254,-0.2793914156213455,0.0177943972072167,0.2290512149907659,,,,,
sentence-transformers/paraphrase-multilingual-mpnet-base-v2,10.0,ar,affine,MT_minus_TM,4.0,0.9020854041369653,0.9909799631858078,0.9998743756016572,9.296558389352195e-05,0.0033222591362126,0.0253223385915333,-0.0283466579693012,-0.0415054980975033,0.0433308476733716,,,,,
sentence-transformers/paraphrase-multilingual-mpnet-base-v2,100.0,en,linear,NQ_minus_QN,4.0,0.5509644082382196,0.934561763215958,0.9998856971201876,7.8011449183757e-05,0.0033222591362126,-0.1081012264178284,0.109620781531371,0.0491116328455093,-0.0493764429692715,,,,,
sentence-transformers/paraphrase-multilingual-mpnet-base-v2,100.0,en,linear,NM_minus_MN,4.0,0.8401071649962354,0.7722876590050487,0.9998720093124752,9.079512059647631e-05,0.0033222591362126,-0.2955932325820501,0.2360453694863035,0.1340155246086044,-0.0704541588677098,,,,,
sentence-transformers/paraphrase-multilingual-mpnet-base-v2,100.0,en,linear,NT_minus_TN,4.0,0.7639637233001284,0.783858776808117,0.9998792492538682,8.667905297905722e-05,0.0033222591362126,-0.2482257822961438,0.223818707377037,0.2040470779430733,-0.1761707829543249,,,,,
sentence-transformers/paraphrase-multilingual-mpnet-base-v2,100.0,en,linear,QM_minus_MQ,4.0,0.5417143901119453,0.7278382082989926,0.999873150526145,9.102396294380636e-05,0.0033222591362126,0.091033485552861,-0.3567666910710385,0.2388331038850441,0.0280562472916198,,,,,
sentence-transformers/paraphrase-multilingual-mpnet-base-v2,100.0,en,linear,QT_minus_TQ,4.0,0.4574950227074703,0.755869297775423,0.999878180735304,9.177491526904288e-05,0.0033222591362126,0.0827599552041082,-0.3263328624959114,0.0774092704863178,0.1665260343558645,,,,,
sentence-transformers/paraphrase-multilingual-mpnet-base-v2,100.0,en,linear,MT_minus_TM,4.0,0.4873532694086305,0.7196950239161618,0.9998752186107516,9.0528949428975e-05,0.0033222591362126,-0.0122202882082621,-0.0503270693114343,-0.3370478283223399,0.3989057038962117,,,,,
sentence-transformers/paraphrase-multilingual-mpnet-base-v2,100.0,en,affine,NQ_minus_QN,4.0,0.6240449236514126,0.6930128740673864,0.9998792519172792,8.745199240710613e-05,0.0033222591362126,-0.3419812747079015,0.3186800707506232,0.0368589573714548,-0.0100002710688565,,,,,
sentence-transformers/paraphrase-multilingual-mpnet-base-v2,100.0,en,affine,NM_minus_MN,4.0,0.7363184664504661,0.7186315973264019,0.9998777882544412,8.752652234397073e-05,0.0033222591362126,-0.3383583234976995,0.1014650472475845,0.2677193791388585,-0.0257018221792609,,,,,
sentence-transformers/paraphrase-multilingual-mpnet-base-v2,100.0,en,affine,NT_minus_TN,4.0,0.7075263588278843,0.7197087941284557,0.9998890062116496,7.637643411878092e-05,0.0033222591362126,-0.3406293972482199,0.0821765737306842,0.0697075539099944,0.1931941997241416,,,,,
sentence-transformers/paraphrase-multilingual-mpnet-base-v2,100.0,en,affine,QM_minus_MQ,4.0,0.472957230733444,0.755007353873268,0.9998799393910748,8.458579335296995e-05,0.0033222591362126,0.0275666632231656,-0.3343989657201486,0.2619635093747056,0.046662227798028,,,,,
sentence-transformers/paraphrase-multilingual-mpnet-base-v2,100.0,en,affine,QT_minus_TQ,4.0,0.393270965141775,0.7267865860279071,0.9998731241355387,8.989881393098146e-05,0.0033222591362126,0.0273482092956856,-0.3369470315751398,0.002267306518979,0.3081796891891192,,,,,
sentence-transformers/paraphrase-multilingual-mpnet-base-v2,100.0,en,affine,MT_minus_TM,4.0,0.3490986289784834,0.8045694681565934,0.999882587305417,8.483370596980772e-05,0.0033222591362126,0.0064632778138921,-0.0238137939584745,-0.2770823258060288,0.2934699941566348,,,,,
sentence-transformers/paraphrase-multilingual-mpnet-base-v2,100.0,es,linear,NQ_minus_QN,4.0,0.5885746081548654,0.9345000447609147,0.9998742793002272,8.871693303697312e-05,0.0033222591362126,-0.1163682425737936,0.0912854613508459,-0.0047811583332486,0.031200691143151,,,,,
sentence-transformers/paraphrase-multilingual-mpnet-base-v2,100.0,es,linear,NM_minus_MN,4.0,0.8917590580826731,0.7659598582943975,0.9998796573159644,8.302898984014547e-05,0.0033222591362126,-0.3128513508314958,0.1924117262379283,0.090978432302337,0.0338846487971389,,,,,
sentence-transformers/paraphrase-multilingual-mpnet-base-v2,100.0,es,linear,NT_minus_TN,4.0,0.7679864018128484,0.8226498192372781,0.99988283863367,8.215198651826131e-05,0.0033222591362126,-0.2249521547170777,0.1747686600150001,0.176150076648363,-0.1229032109445813,,,,,
sentence-transformers/paraphrase-multilingual-mpnet-base-v2,100.0,es,linear,QM_minus_MQ,4.0,0.5745279007831307,0.7264390393083611,0.9998746463932214,8.334849151020709e-05,0.0033222591362126,0.0948814758179341,-0.3664617314417979,0.2350897466572177,0.0375148256132343,,,,,
sentence-transformers/paraphrase-multilingual-mpnet-base-v2,100.0,es,linear,QT_minus_TQ,4.0,0.5078347216190985,0.7653475728538734,0.999878394649549,8.266502410501705e-05,0.0033222591362126,0.0777639257592592,-0.3202689089199987,0.0715296297245414,0.1714627660977523,,,,,
sentence-transformers/paraphrase-multilingual-mpnet-base-v2,100.0,es,linear,MT_minus_TM,4.0,0.545158588729004,0.6280121748813695,0.9998782352286802,8.542754382881425e-05,0.0033222591362126,-0.0280531672468693,-0.0564862905932778,-0.3987518067659176,0.483238291477445,,,,,
sentence-transformers/paraphrase-multilingual-mpnet-base-v2,100.0,es,affine,NQ_minus_QN,4.0,0.6757674874643065,0.7310184992421084,0.9998835954424442,7.922308334446403e-05,0.0033222591362126,-0.3265380937432177,0.2394720396049076,-0.0331349467498942,0.123886022967,,,,,
sentence-transformers/paraphrase-multilingual-mpnet-base-v2,100.0,es,affine,NM_minus_MN,4.0,0.8086883763010098,0.724766871897768,0.999879751749921,8.315938792696042e-05,0.0033222591362126,-0.3390145230045714,0.0699498780218033,0.271392490704257,0.0029822779095852,,,,,
sentence-transformers/paraphrase-multilingual-mpnet-base-v2,100.0,es,affine,NT_minus_TN,4.0,0.7423170378449216,0.7264374053876238,0.999874667104995,8.334634807342736e-05,0.0033222591362126,-0.3249429327297262,0.059197771797702,0.0168983202409514,0.2533776717232501,,,,,
sentence-transformers/paraphrase-multilingual-mpnet-base-v2,100.0,es,affine,QM_minus_MQ,4.0,0.5300746840105889,0.7192752077193055,0.9998768167724676,8.713288297182404e-05,0.0033222591362126,0.0404290074039642,-0.3613555752815086,0.3195764231481265,0.0031262309120778,,,,,
sentence-transformers/paraphrase-multilingual-mpnet-base-v2,100.0,es,affine,QT_minus_TQ,4.0,0.4789824652962031,0.6781326151372978,0.9998794522850296,8.79089193501046e-05,0.0033222591362126,0.0319895980564837,-0.3569695362959997,-0.0269145013747579,0.3530105642339613,,,,,
sentence-transformers/paraphrase-multilingual-mpnet-base-v2,100.0,es,affine,MT_minus_TM,4.0,0.3903836151224944,0.6962818206434017,0.9998769047744552,8.771610446713362e-05,0.0033222591362126,-0.0074028800391545,-0.0238979001257116,-0.3775293898992775,0.408237674740885,,,,,
sentence-transformers/paraphrase-multilingual-mpnet-base-v2,100.0,fr,linear,NQ_minus_QN,4.0,0.6077026728015971,0.9263336772781534,0.9998769641064598,9.06068892832204e-05,0.0033222591362126,-0.1251780760442677,0.0903833225125081,0.0242401059536661,0.0121685604559882,,,,,
sentence-transformers/paraphrase-multilingual-mpnet-base-v2,100.0,fr,linear,NM_minus_MN,4.0,0.8911762610075444,0.7818972483062778,0.9998752810487956,9.200081594674772e-05,0.0033222591362126,-0.2998998710489549,0.1994732221655403,0.0983645279722309,0.0063622903216998,,,,,
sentence-transformers/paraphrase-multilingual-mpnet-base-v2,100.0,fr,linear,NT_minus_TN,4.0,0.8135547759686104,0.7974297531786741,0.9998736859132024,9.767567180321224e-05,0.0033222591362126,-0.2521193318001111,0.1915063448922776,0.1751941909831295,-0.1107016857972601,,,,,
sentence-transformers/paraphrase-multilingual-mpnet-base-v2,100.0,fr,linear,QM_minus_MQ,4.0,0.5691158891625832,0.739489587642164,0.9998886932835244,7.645161804609071e-05,0.0033222591362126,0.0875571894250059,-0.3649263562658245,0.2213831262079361,0.0570452034600805,,,,,
sentence-transformers/paraphrase-multilingual-mpnet-base-v2,100.0,fr,linear,QT_minus_TQ,4.0,0.5120356396691315,0.7773541827416647,0.999876528933492,8.6749360878463e-05,0.0033222591362126,0.0783288416804353,-0.320136961840342,0.0944539655036432,0.1475796458838099,,,,,
sentence-transformers/paraphrase-multilingual-mpnet-base-v2,100.0,fr,linear,MT_minus_TM,4.0,0.5219782511051838,0.7190126544985346,0.9998776120647074,8.591611770023318e-05,0.0033222591362126,-0.0122334060656285,-0.0497003046909564,-0.3337244051336299,0.394671798619283,,,,,
sentence-transformers/paraphrase-multilingual-mpnet-base-v2,100.0,fr,affine,NQ_minus_QN,4.0,0.6847696515857575,0.742417067574975,0.9998794911248636,8.914482425717761e-05,0.0033222591362126,-0.3211851011163207,0.235847126871403,0.0168839211210556,0.0721167298967723,,,,,
sentence-transformers/paraphrase-multilingual-mpnet-base-v2,100.0,fr,affine,NM_minus_MN,4.0,0.8123814308844953,0.7318140301247839,0.9998830582774074,8.792433316908968e-05,0.0033222591362126,-0.3346979256845031,0.0748838223673034,0.25910124330338,0.0061029600064738,,,,,
sentence-transformers/paraphrase-multilingual-mpnet-base-v2,100.0,fr,affine,NT_minus_TN,4.0,0.7714458844291958,0.7387658434974266,0.9998730204860564,8.518963882282583e-05,0.0033222591362126,-0.3269074811080458,0.0582163696832366,0.0679121383960821,0.2051915166309612,,,,,
sentence-transformers/paraphrase-multilingual-mpnet-base-v2,100.0,fr,affine,QM_minus_MQ,4.0,0.5182873283966914,0.7357870438842963,0.9998783579116252,8.189102295715113e-05,0.0033222591362126,0.0316490214898333,-0.3500041689934678,0.2842142831684421,0.0359998179078181,,,,,
sentence-transformers/paraphrase-multilingual-mpnet-base-v2,100.0,fr,affine,QT_minus_TQ,4.0,0.4741059485426284,0.7013096903689955,0.999885747923615,7.856590745417115e-05,0.0033222591362126,0.0350600535708353,-0.3545909474545781,0.0203158465334691,0.2998593636239353,,,,,
sentence-transformers/paraphrase-multilingual-mpnet-base-v2,100.0,fr,affine,MT_minus_TM,4.0,0.3887477274578024,0.795624238124833,0.9998810354273314,9.311636156450047e-05,0.0033222591362126,0.0058728271994406,-0.02133597458228,-0.2888133346504827,0.3030190496167644,,,,,
sentence-transformers/paraphrase-multilingual-mpnet-base-v2,100.0,de,linear,NQ_minus_QN,4.0,0.601915006431337,0.9242983218264994,0.9998684520507716,8.879076526815006e-05,0.0033222591362126,-0.1277696131260426,0.103837922245222,0.0228422981590177,0.0026253703027576,,,,,
sentence-transformers/paraphrase-multilingual-mpnet-base-v2,100.0,de,linear,NM_minus_MN,4.0,0.8906455143599047,0.759671173894592,0.9998749745942784,7.751260859472907e-05,0.0033222591362126,-0.318300572083152,0.2244071159008129,0.0889760041613862,0.009306726112045,,,,,
sentence-transformers/paraphrase-multilingual-mpnet-base-v2,100.0,de,linear,NT_minus_TN,4.0,0.8233298680097799,0.7926060532790651,0.9998744198589816,8.735803766145237e-05,0.0033222591362126,-0.2640715179009326,0.2048664646470507,0.1667011043087437,-0.103670290723632,,,,,
sentence-transformers/paraphrase-multilingual-mpnet-base-v2,100.0,de,linear,QM_minus_MQ,4.0,0.5706419930187988,0.7220011266611631,0.9998824494473848,8.318875736293074e-05,0.0033222591362126,0.0979887712520213,-0.3780905309919882,0.249372709088448,0.0316471424731168,,,,,
sentence-transformers/paraphrase-multilingual-mpnet-base-v2,100.0,de,linear,QT_minus_TQ,4.0,0.5150097224268126,0.7712441338027366,0.9998787191111878,9.237427720264682e-05,0.0033222591362126,0.082756546201386,-0.3267701395374775,0.0878455713673945,0.1562479053781156,,,,,
sentence-transformers/paraphrase-multilingual-mpnet-base-v2,100.0,de,linear,MT_minus_TM,4.0,0.5132387726763725,0.7015273722898784,0.9998761926282488,8.75809691841827e-05,0.0033222591362126,-0.0165933814782771,-0.0362020035287474,-0.3590478134081532,0.4109835078205952,,,,,
sentence-transformers/paraphrase-multilingual-mpnet-base-v2,100.0,de,affine,NQ_minus_QN,4.0,0.6664478182360474,0.7203905905691368,0.9998736009368568,9.619449308541163e-05,0.0033222591362126,-0.3250436878434948,0.2540304581202611,0.0361630503335479,0.0384817704442136,,,,,
sentence-transformers/paraphrase-multilingual-mpnet-base-v2,100.0,de,affine,NM_minus_MN,4.0,0.8453099500459823,0.7064816354719299,0.999874519620486,8.335182011247252e-05,0.0033222591362126,-0.3600585999110567,0.0614296428273181,0.2840472706637463,0.0202657089669564,,,,,
sentence-transformers/paraphrase-multilingual-mpnet-base-v2,100.0,de,affine,NT_minus_TN,4.0,0.7973257667261342,0.7196233769816922,0.9998714767716054,9.581011025976552e-05,0.0033222591362126,-0.3442222768197518,0.0504556587420604,0.095999596390412,0.2025168217905702,,,,,
sentence-transformers/paraphrase-multilingual-mpnet-base-v2,100.0,de,affine,QM_minus_MQ,4.0,0.5181002500969936,0.7167982377202052,0.9998817131969404,9.216532610551672e-05,0.0033222591362126,0.0194495397406485,-0.3592828306896138,0.3092154666657666,0.0325652491278825,,,,,
sentence-transformers/paraphrase-multilingual-mpnet-base-v2,100.0,de,affine,QT_minus_TQ,4.0,0.4826120829042183,0.6989313494514806,0.9998722105882392,8.765666419622497e-05,0.0033222591362126,0.0271806495234694,-0.3579636635785777,0.03445765204683,0.2971154982551719,,,,,
sentence-transformers/paraphrase-multilingual-mpnet-base-v2,100.0,de,affine,MT_minus_TM,4.0,0.3779622573052461,0.7885012824502015,0.9998802610912008,8.269881064959812e-05,0.0033222591362126,0.0094914917239799,-0.0129006642968082,-0.2979447146996217,0.3002207502677136,,,,,
sentence-transformers/paraphrase-multilingual-mpnet-base-v2,100.0,ru,linear,NQ_minus_QN,4.0,0.6188337154154746,0.9325087654919094,0.9998830526342825,8.548749457420761e-05,0.0033222591362126,-0.1157997566013514,0.0788109263652723,0.0468782789152455,-0.0082743781334339,,,,,
sentence-transformers/paraphrase-multilingual-mpnet-base-v2,100.0,ru,linear,NM_minus_MN,4.0,0.9281352391011624,0.7774047407361302,0.9998788035068328,8.150005175411532e-05,0.0033222591362126,-0.3045853330715094,0.1997973853743511,0.0904887465926864,0.0186545158444077,,,,,
sentence-transformers/paraphrase-multilingual-mpnet-base-v2,100.0,ru,linear,NT_minus_TN,4.0,0.8630040163136994,0.7897478504901847,0.9998899731590808,7.408375904743152e-05,0.0033222591362126,-0.2594488318235625,0.1743644145715484,0.2124482826138115,-0.1232132261867215,,,,,
sentence-transformers/paraphrase-multilingual-mpnet-base-v2,100.0,ru,linear,QM_minus_MQ,4.0,0.568561007075405,0.7600772134247487,0.9998736263655588,9.19346437271332e-05,0.0033222591362126,0.0793072156621127,-0.348014971035023,0.2151142196994208,0.0540675929726427,,,,,
sentence-transformers/paraphrase-multilingual-mpnet-base-v2,100.0,ru,linear,QT_minus_TQ,4.0,0.5225175414357831,0.7634918685314706,0.9998773325664418,8.441112032110337e-05,0.0033222591362126,0.0785944698266518,-0.3294254754641972,0.098257081795949,0.152529939743255,,,,,
sentence-transformers/paraphrase-multilingual-mpnet-base-v2,100.0,ru,linear,MT_minus_TM,4.0,0.5055982980022522,0.7232106755080528,0.9998921789218892,7.538706321800361e-05,0.0033222591362126,-0.0091586099416604,-0.0487193818895091,-0.3381882606567879,0.3955781899856027,,,,,
sentence-transformers/paraphrase-multilingual-mpnet-base-v2,100.0,ru,affine,NQ_minus_QN,4.0,0.6867314907232778,0.7454004131462802,0.9998753566723952,8.81716792736571e-05,0.0033222591362126,-0.3318993940817073,0.2571655440333753,0.0115559273580034,0.0671131979858793,,,,,
sentence-transformers/paraphrase-multilingual-mpnet-base-v2,100.0,ru,affine,NM_minus_MN,4.0,0.7981341023239988,0.738108314610512,0.9998798599258946,8.621575508918341e-05,0.0033222591362126,-0.3387153246375292,0.0729701696570429,0.2591871400785172,0.0117242400094202,,,,,
sentence-transformers/paraphrase-multilingual-mpnet-base-v2,100.0,ru,affine,NT_minus_TN,4.0,0.778160908676268,0.7428338150105266,0.9998794039072084,8.752123879197311e-05,0.0033222591362126,-0.3390074352685653,0.0698207350293106,0.0710033073601637,0.2027704493124685,,,,,
sentence-transformers/paraphrase-multilingual-mpnet-base-v2,100.0,ru,affine,QM_minus_MQ,4.0,0.5189950373126141,0.7490616949405854,0.999877690536072,8.635963877073438e-05,0.0033222591362126,0.0315052992747171,-0.3362310119460764,0.2873338201813769,0.0186063594346964,,,,,
sentence-transformers/paraphrase-multilingual-mpnet-base-v2,100.0,ru,affine,QT_minus_TQ,4.0,0.4808159522755037,0.7187478005544549,0.9998803951533612,8.329009338095412e-05,0.0033222591362126,0.0359753774764414,-0.3471129808912864,0.0360936294329485,0.2755008100461808,,,,,
sentence-transformers/paraphrase-multilingual-mpnet-base-v2,100.0,ru,affine,MT_minus_TM,4.0,0.361462680410866,0.8213554386872526,0.999869196975553,0.0001007934499042,0.0033222591362126,0.0007404025322755,-0.0080541258031309,-0.2763179006113893,0.2828879031167644,,,,,
sentence-transformers/paraphrase-multilingual-mpnet-base-v2,100.0,zh,linear,NQ_minus_QN,4.0,0.5983745594645895,0.9328821556455508,0.9998790272905632,8.288739654472583e-05,0.0033222591362126,-0.1162726540463394,0.0910691800063971,0.0430617641041573,-0.0162092711816823,,,,,
sentence-transformers/paraphrase-multilingual-mpnet-base-v2,100.0,zh,linear,NM_minus_MN,4.0,0.8583731414138411,0.7821968502550054,0.9998915145571774,7.365376784965443e-05,0.0033222591362126,-0.2841662485480352,0.1745216721233151,0.1336549559455742,-0.0193431457070263,,,,,
sentence-transformers/paraphrase-multilingual-mpnet-base-v2,100.0,zh,linear,NT_minus_TN,4.0,0.8102322081925565,0.8022172083344471,0.9998760339878732,8.989576590966557e-05,0.0033222591362126,-0.2453760067387472,0.1724367211208206,0.2038797405959248,-0.1267242235179534,,,,,
sentence-transformers/paraphrase-multilingual-mpnet-base-v2,100.0,zh,linear,QM_minus_MQ,4.0,0.5547548116811066,0.7517623049260812,0.9998883502388354,7.667770897755231e-05,0.0033222591362126,0.0795541106080898,-0.33823958448496,0.2296295311918547,0.0298558338201339,,,,,
sentence-transformers/paraphrase-multilingual-mpnet-base-v2,100.0,zh,linear,QT_minus_TQ,4.0,0.5126689787703769,0.776329558967739,0.99987812009348,8.66696539070823e-05,0.0033222591362126,0.0792811855420248,-0.3189284097566047,0.1131699562074819,0.1265086103310622,,,,,
sentence-transformers/paraphrase-multilingual-mpnet-base-v2,100.0,zh,linear,MT_minus_TM,4.0,0.4820499788752754,0.7323213621414011,0.9998771177217352,8.995583656622721e-05,0.0033222591362126,-0.0069145104697103,-0.0322676309186967,-0.3247100263542498,0.3627664903481588,,,,,
sentence-transformers/paraphrase-multilingual-mpnet-base-v2,100.0,zh,affine,NQ_minus_QN,4.0,0.682533505276717,0.741887880603729,0.9998727857074392,9.331605383407693e-05,0.0033222591362126,-0.3204885546657401,0.2358999756587526,0.0259484986052075,0.0626556795338371,,,,,
sentence-transformers/paraphrase-multilingual-mpnet-base-v2,100.0,zh,affine,NM_minus_MN,4.0,0.7851298373833001,0.7320454108227904,0.9998793102248298,8.820026478272154e-05,0.0033222591362126,-0.3224090543812126,0.0568605068756105,0.2717536624391672,-0.0006701462247749,,,,,
sentence-transformers/paraphrase-multilingual-mpnet-base-v2,100.0,zh,affine,NT_minus_TN,4.0,0.7598456829060413,0.7406419101430374,0.999883427247232,7.669085950953031e-05,0.0033222591362126,-0.3195194619198119,0.0485285633816172,0.085866065164554,0.1897383772964256,,,,,
sentence-transformers/paraphrase-multilingual-mpnet-base-v2,100.0,zh,affine,QM_minus_MQ,4.0,0.5076920261602971,0.7455660055980186,0.9998778387255356,9.167616280096837e-05,0.0033222591362126,0.0278134295981152,-0.3286983687067801,0.288430194933797,0.014029980646878,,,,,
sentence-transformers/paraphrase-multilingual-mpnet-base-v2,100.0,zh,affine,QT_minus_TQ,4.0,0.4704806238669932,0.7122444450345652,0.9998843174260298,7.786873657526349e-05,0.0033222591362126,0.0333331508635244,-0.3454898697084819,0.0291208215541038,0.2834394840788852,,,,,
sentence-transformers/paraphrase-multilingual-mpnet-base-v2,100.0,zh,affine,MT_minus_TM,4.0,0.3635963272016273,0.8022421659253098,0.9998769731442132,8.702046223770233e-05,0.0033222591362126,0.0059537684409918,-0.0118425340590514,-0.2794786804910276,0.2840969265209406,,,,,
sentence-transformers/paraphrase-multilingual-mpnet-base-v2,100.0,ar,linear,NQ_minus_QN,4.0,0.6315159100065108,0.8429447375416692,0.9998771629390688,8.63544167071454e-05,0.0033222591362126,-0.1816749403387078,0.128297714550739,0.0397431598085898,0.0163522313436913,,,,,
sentence-transformers/paraphrase-multilingual-mpnet-base-v2,100.0,ar,linear,NM_minus_MN,4.0,0.9795441434547412,0.7613954190790316,0.999878432972844,8.882386682857969e-05,0.0033222591362126,-0.3294017251256369,0.1795471333819617,0.1463183345949477,0.008951044388578,,,,,
sentence-transformers/paraphrase-multilingual-mpnet-base-v2,100.0,ar,linear,NT_minus_TN,4.0,0.8869863558244925,0.7744563715849379,0.9998846259191984,8.017659042278912e-05,0.0033222591362126,-0.2847592072353795,0.1557969600749552,0.1833450270042188,-0.0495425732710215,,,,,
sentence-transformers/paraphrase-multilingual-mpnet-base-v2,100.0,ar,linear,QM_minus_MQ,4.0,0.5764919750524335,0.757868575654361,0.9998799735943582,9.279324742932715e-05,0.0033222591362126,0.0653162478567846,-0.3439004808440878,0.2358212011413724,0.0436809854590307,,,,,
sentence-transformers/paraphrase-multilingual-mpnet-base-v2,100.0,ar,linear,QT_minus_TQ,4.0,0.5150094392424807,0.7526591360076819,0.9998836395179956,7.609276974787322e-05,0.0033222591362126,0.0665958017341067,-0.3334357803470754,0.0813726018107763,0.1855042533792519,,,,,
sentence-transformers/paraphrase-multilingual-mpnet-base-v2,100.0,ar,linear,MT_minus_TM,4.0,0.5123179146490281,0.7200913429266624,0.9998793867806648,8.545897107071155e-05,0.0033222591362126,-0.0078979351616411,-0.0471459555686598,-0.3362926397786254,0.390329563901289,,,,,
sentence-transformers/paraphrase-multilingual-mpnet-base-v2,100.0,ar,affine,NQ_minus_QN,4.0,0.6384284819935107,0.7436269572884632,0.9998809297054264,8.866508673116654e-05,0.0033222591362126,-0.2906469001839899,0.2055818704825515,0.0532513439377271,0.035884900528668,,,,,
sentence-transformers/paraphrase-multilingual-mpnet-base-v2,100.0,ar,affine,NM_minus_MN,4.0,0.7919625399118453,0.7398284499616637,0.999883078060958,8.584111210275187e-05,0.0033222591362126,-0.3134624563721739,0.0654277730155515,0.253564146427348,-8.482082698061136e-06,,,,,
sentence-transformers/paraphrase-multilingual-mpnet-base-v2,100.0,ar,affine,NT_minus_TN,4.0,0.7477343831107354,0.7464196819305726,0.9998772778248304,9.132262411681696e-05,0.0033222591362126,-0.2992592223856043,0.0390855924516657,0.1122935487593386,0.1525759729754912,,,,,
sentence-transformers/paraphrase-multilingual-mpnet-base-v2,100.0,ar,affine,QM_minus_MQ,4.0,0.5038177057878581,0.7612101638915904,0.999883876605932,8.114399022655916e-05,0.0033222591362126,0.0218490152805249,-0.3171022436558836,0.2468532355733293,0.049832286162495,,,,,
sentence-transformers/paraphrase-multilingual-mpnet-base-v2,100.0,ar,affine,QT_minus_TQ,4.0,0.4724058762063683,0.7235053738551617,0.99987971448939,8.058559824071077e-05,0.0033222591362126,0.0334089821714799,-0.3343099416318006,0.0244406744775839,0.2767455950099942,,,,,
sentence-transformers/paraphrase-multilingual-mpnet-base-v2,100.0,ar,affine,MT_minus_TM,4.0,0.3363110607910562,0.8292495183128357,0.9998678881786256,9.777182696482315e-05,0.0033222591362126,0.0151416747938557,-0.0269596749702407,-0.2349558909973758,0.2456300911265827,,,,,
xlm-roberta-base,0.1,en,linear,NQ_minus_QN,4.0,5.066067026308161,0.995269380907428,0.999875238283834,8.673049650048388e-05,0.0033222591362126,-0.0274460659605006,0.0613307697152623,-0.0154317478425778,-0.0475206746056293,,,,,
xlm-roberta-base,0.1,en,linear,NM_minus_MN,4.0,4.609824552526975,0.9910029273212302,0.9998742708750432,8.609424400328548e-05,0.0033222591362126,0.0776043342705114,-0.0106509599042026,-0.0835564460413625,-0.0149905660959704,,,,,
xlm-roberta-base,0.1,en,linear,NT_minus_TN,4.0,3.9646744311661553,0.9937387508766768,0.9998749173817488,9.363691557922415e-05,0.0033222591362126,0.0677362361374227,0.018011891997663,-0.0073386039254604,-0.0753895298207493,,,,,
xlm-roberta-base,0.1,en,linear,QM_minus_MQ,4.0,5.002351883865943,0.9953974015481936,0.9998785564944852,9.141970119172607e-05,0.0033222591362126,0.0676818066716868,-0.031793459736637,-0.0533299234756384,-0.0005939360448079,,,,,
xlm-roberta-base,0.1,en,linear,QT_minus_TQ,4.0,4.8694431292164815,0.9942285289344672,0.9998780724518826,8.073428791699239e-05,0.0033222591362126,0.0775025085588163,-0.0450328237911502,-0.0001572310075766,-0.0032745528484037,,,,,
xlm-roberta-base,0.1,en,linear,MT_minus_TM,4.0,4.397026856423554,0.9884052456994532,0.9998894014252608,8.792517169358935e-05,0.0033222591362126,0.0004715446920876,0.0250528892470897,0.0912023600743051,-0.0787716805373008,,,,,
xlm-roberta-base,0.1,en,affine,NQ_minus_QN,4.0,4.905262304841047,0.996459090966712,0.999869850815284,9.890016907121802e-05,0.0033222591362126,-0.0266129546364861,0.0495033453791219,-0.0154466520345543,-0.0377924428387202,,,,,
xlm-roberta-base,0.1,en,affine,NM_minus_MN,4.0,4.580813674990398,0.9892893744939808,0.9998839301161698,7.825049380122314e-05,0.0033222591362126,0.090967646596154,-0.0169561480200914,-0.0867825766271764,-0.0191776520572502,,,,,
xlm-roberta-base,0.1,en,affine,NT_minus_TN,4.0,3.981699950874975,0.9917202790669126,0.999885555085146,8.675742580183422e-05,0.0033222591362126,0.0855515723470953,0.0055810327751186,-0.0042677022962174,-0.0837012090732033,,,,,
xlm-roberta-base,0.1,en,affine,QM_minus_MQ,4.0,4.905754688093145,0.9967063131571948,0.9998815086082355,8.754685320203403e-05,0.0033222591362126,0.0463000975299486,-0.0171908415947928,-0.0536294152849726,0.0068754968869749,,,,,
xlm-roberta-base,0.1,en,affine,QT_minus_TQ,4.0,4.73060896840318,0.9964337248171804,0.9998778475080834,9.18700194728979e-05,0.0033222591362126,0.0571912951266467,-0.0234075247937873,-3.957211411047062e-05,-0.0015899844775999,,,,,
xlm-roberta-base,0.1,en,affine,MT_minus_TM,4.0,4.403481376969544,0.9872365416779144,0.99988062209951,8.258319112894057e-05,0.0033222591362126,0.0133486297860542,0.0210727917315549,0.0934269798085246,-0.0885026138214603,,,,,
xlm-roberta-base,0.1,es,linear,NQ_minus_QN,4.0,4.896288925711565,0.9991451987647134,0.9998777816233716,9.1101824963239e-05,0.0033222591362126,-0.0097672597032107,0.0118146006402917,-0.009832021925622,-0.0164798864359046,,,,,
xlm-roberta-base,0.1,es,linear,NM_minus_MN,4.0,4.70650023244314,0.99042702885802,0.9998811754687864,8.297885042691372e-05,0.0033222591362126,0.073224108323853,-0.0114872021473864,-0.0874437474096347,-0.0230501561503695,,,,,
xlm-roberta-base,0.1,es,linear,NT_minus_TN,4.0,4.125575454052155,0.9904478976707004,0.9998765326102708,8.975278552805175e-05,0.0033222591362126,0.0842888652260033,0.0227003610950282,-0.0180535816423171,-0.0922329497298225,,,,,
xlm-roberta-base,0.1,es,linear,QM_minus_MQ,4.0,4.945853654515894,0.997078203330695,0.9998913796579344,8.181694206041823e-05,0.0033222591362126,0.043527126987669,-0.0217369689423224,-0.0477919799072657,-0.0040742624094955,,,,,
xlm-roberta-base,0.1,es,linear,QT_minus_TQ,4.0,4.623519075391896,0.9976553045988285,0.9998756334117808,9.685980493008931e-05,0.0033222591362126,0.0519677858131844,-0.006687515876397,-0.0022951025473921,-0.0220118811453581,,,,,
xlm-roberta-base,0.1,es,linear,MT_minus_TM,4.0,4.5071516358125,0.9890328667727418,0.9998844219176696,7.744651425946031e-05,0.0033222591362126,0.0166192295117714,0.0272852761433033,0.083911432849188,-0.0810818840424961,,,,,
xlm-roberta-base,0.1,es,affine,NQ_minus_QN,4.0,4.790094669197074,0.9993272727880296,0.9998906220067764,8.19328623529259e-05,0.0033222591362126,-0.0102789281523705,-0.003049085851386,-0.0042044475099969,-0.004967009168346,,,,,
xlm-roberta-base,0.1,es,affine,NM_minus_MN,4.0,4.6474753438783925,0.989836303778014,0.999881021534332,8.221661778493756e-05,0.0033222591362126,0.0817963623587123,-0.0216576575300572,-0.084810723052137,-0.0231279744983724,,,,,
xlm-roberta-base,0.1,es,affine,NT_minus_TN,4.0,4.119248405944568,0.9897415002540728,0.999879416800882,8.677317851654029e-05,0.0033222591362126,0.0943237818701028,0.0077161494732575,-0.0122554643768265,-0.0934412716514275,,,,,
xlm-roberta-base,0.1,es,affine,QM_minus_MQ,4.0,4.845190231520316,0.9974970976855726,0.9998778118080308,8.53891935345913e-05,0.0033222591362126,0.0308288962281258,-0.0047686049336055,-0.0491035177843853,-0.0047574244538415,,,,,
xlm-roberta-base,0.1,es,affine,QT_minus_TQ,4.0,4.549942097661313,0.9979547470044916,0.9998667377254132,8.823386283080217e-05,0.0033222591362126,0.0473648548125069,-0.0090707888245563,-0.0024928013749948,-0.0151612673406814,,,,,
xlm-roberta-base,0.1,es,affine,MT_minus_TM,4.0,4.515047303374126,0.987790806296304,0.9998721499681088,9.218963646476554e-05,0.0033222591362126,0.0234260743777836,0.035884847050744,0.080874061680141,-0.0977461014065911,,,,,
xlm-roberta-base,0.1,fr,linear,NQ_minus_QN,4.0,5.040385615543555,0.9981411827373894,0.9998837491009572,8.32093165190868e-05,0.0033222591362126,-0.0161897804553408,0.0323294473323281,-0.0175706712363711,-0.0253700038526757,,,,,
xlm-roberta-base,0.1,fr,linear,NM_minus_MN,4.0,4.763022932491356,0.9906050313004696,0.999869724022668,0.0001096905404369,0.0033222591362126,0.0542660361153338,0.003172843449148,-0.0931449470413757,-0.0176675258255639,,,,,
xlm-roberta-base,0.1,fr,linear,NT_minus_TN,4.0,3.852677060035744,0.9943771852628288,0.9998684341727232,9.510036600834692e-05,0.0033222591362126,0.0440748387245886,0.0374702369961325,-0.0106442183886633,-0.0746974938048542,,,,,
xlm-roberta-base,0.1,fr,linear,QM_minus_MQ,4.0,5.496769475212963,0.9960253437917878,0.9998792130056082,7.842281921015306e-05,0.0033222591362126,0.0312742485137958,0.0097914150228744,-0.0720943937731378,0.0006586814001922,,,,,
xlm-roberta-base,0.1,fr,linear,QT_minus_TQ,4.0,4.734255153763085,0.9960547675131106,0.9998816716393674,8.741562439658194e-05,0.0033222591362126,0.0731827485061564,-0.0156350801759285,0.0100509257279098,-0.0414415159988199,,,,,
xlm-roberta-base,0.1,fr,linear,MT_minus_TM,4.0,4.827244871927612,0.9879714450417167,0.9998830854205516,8.231664908750257e-05,0.0033222591362126,0.0281271970700391,0.0100710680289836,0.097251308344641,-0.0895957463343068,,,,,
xlm-roberta-base,0.1,fr,affine,NQ_minus_QN,4.0,4.86529444822279,0.998826771641674,0.9998721475186312,9.149765310230598e-05,0.0033222591362126,-0.0108862147749086,0.0113699698599993,-0.00972494608683,-0.0193292779202589,,,,,
xlm-roberta-base,0.1,fr,affine,NM_minus_MN,4.0,4.772761019287261,0.989671442083192,0.9998762196691926,7.906250574334744e-05,0.0033222591362126,0.0685036571896428,-0.0062848581364401,-0.0959692818899863,-0.019496937484772,,,,,
xlm-roberta-base,0.1,fr,affine,NT_minus_TN,4.0,3.809460611902464,0.993875477475494,0.9998808250760002,8.898377437648133e-05,0.0033222591362126,0.0592725123566061,0.0219046412368023,-0.0050050867285633,-0.0812938872283463,,,,,
xlm-roberta-base,0.1,fr,affine,QM_minus_MQ,4.0,5.391483284429249,0.9967077107032768,0.999887261033651,7.819478869155432e-05,0.0033222591362126,0.0179399935955637,0.0135483690809785,-0.0648321033281317,0.0032212268421994,,,,,
xlm-roberta-base,0.1,fr,affine,QT_minus_TQ,4.0,4.646920654068128,0.996801846292282,0.9998817953488512,8.568012705659064e-05,0.0033222591362126,0.0624144414730699,-0.0118863299585407,0.0073743134768314,-0.0283374994974588,,,,,
xlm-roberta-base,0.1,fr,affine,MT_minus_TM,4.0,4.809582230162013,0.9878198155802504,0.9998678247948382,9.501488066719224e-05,0.0033222591362126,0.0311881450111883,0.0153760155914721,0.0953204635795214,-0.096562150683952,,,,,
xlm-roberta-base,0.1,de,linear,NQ_minus_QN,4.0,5.001287115854107,0.9952823296615628,0.9998782717561236,8.75623961756357e-05,0.0033222591362126,-0.0265586517793025,0.061291978223124,-0.0164433372888973,-0.0466536260842199,,,,,
xlm-roberta-base,0.1,de,linear,NM_minus_MN,4.0,4.690304703096731,0.9908021522173402,0.9998754522338876,8.770919968717046e-05,0.0033222591362126,0.0779917253421274,-0.0146683319994431,-0.0842162743201593,-0.0188476130333594,,,,,
xlm-roberta-base,0.1,de,linear,NT_minus_TN,4.0,4.140619941587226,0.9897729890707624,0.9998821321942254,8.30070441402635e-05,0.0033222591362126,0.0925522896997249,0.0054856109560504,-0.0057118385252811,-0.0974718064933581,,,,,
xlm-roberta-base,0.1,de,linear,QM_minus_MQ,4.0,5.145741527477927,0.9964303509129224,0.9998819974187464,8.320856865189389e-05,0.0033222591362126,0.0466008943037903,-0.0261479474452858,-0.0565224175605066,0.0106083805621894,,,,,
xlm-roberta-base,0.1,de,linear,QT_minus_TQ,4.0,4.922745201416619,0.9954726361681656,0.9998835752288484,8.230781987880993e-05,0.0033222591362126,0.069743944785732,-0.0408189821126509,0.0180334012322612,-0.0208814078135801,,,,,
xlm-roberta-base,0.1,de,linear,MT_minus_TM,4.0,4.572950432309692,0.986996466753016,0.9998741750813804,8.221346354963003e-05,0.0033222591362126,0.0104705341986179,0.0164384590195073,0.0963303885041694,-0.0837857415594538,,,,,
xlm-roberta-base,0.1,de,affine,NQ_minus_QN,4.0,4.883618269563809,0.9976201436735974,0.999888765831419,7.290000521557933e-05,0.0033222591362126,-0.0174184703032008,0.0375041585985652,-0.008862561745766,-0.0371896463496334,,,,,
xlm-roberta-base,0.1,de,affine,NM_minus_MN,4.0,4.673698309848644,0.9883128257138994,0.9998695429751956,8.40509226953548e-05,0.0033222591362126,0.0916833333042494,-0.0170559441968004,-0.0924663922686876,-0.0241177794936496,,,,,
xlm-roberta-base,0.1,de,affine,NT_minus_TN,4.0,4.121229347491416,0.987285670018899,0.9998840429227116,8.404674035419867e-05,0.0033222591362126,0.1073281338629934,-0.0073959973085207,-0.001223297251741,-0.1035002532543045,,,,,
xlm-roberta-base,0.1,de,affine,QM_minus_MQ,4.0,5.037115729202831,0.996546626911522,0.9998797860318848,8.928944925504415e-05,0.0033222591362126,0.0322365947787485,-0.0005996434059667,-0.0616939041718329,0.0061485432770709,,,,,
xlm-roberta-base,0.1,de,affine,QT_minus_TQ,4.0,4.848088121100281,0.9965535400837436,0.9998810805480928,8.406852929769421e-05,0.0033222591362126,0.0626732977714595,-0.0302016987836936,0.0145517372863967,-0.0201994351709282,,,,,
xlm-roberta-base,0.1,de,affine,MT_minus_TM,4.0,4.566309015085813,0.9851734667475388,0.999877163204009,8.721084018903327e-05,0.0033222591362126,0.0187135822678964,0.0156208894709677,0.1003412308471019,-0.0937632281849673,,,,,
xlm-roberta-base,0.1,ru,linear,NQ_minus_QN,4.0,5.159273158399531,0.9962981198738642,0.9998787614238276,7.85247654752505e-05,0.0033222591362126,-0.0137684644332134,0.0549791077081924,-0.0017961428542036,-0.0577391089965514,,,,,
xlm-roberta-base,0.1,ru,linear,NM_minus_MN,4.0,4.293589442304507,0.986658603921462,0.999875674530515,8.002974660047663e-05,0.0033222591362126,0.1001842598343116,-0.0066578423515618,-0.092577102515946,-0.0340728983943208,,,,,
xlm-roberta-base,0.1,ru,linear,NT_minus_TN,4.0,4.161595504973611,0.993419152450294,0.9998716536804416,9.10580035531666e-05,0.0033222591362126,0.0834184904308396,-5.353592338763757e-05,-0.0254945223133207,-0.0659325781540691,,,,,
xlm-roberta-base,0.1,ru,linear,QM_minus_MQ,4.0,4.68394380502929,0.996081250808734,0.9998797849521228,8.637981846198045e-05,0.0033222591362126,0.0527271284692263,0.0028515787305589,-0.0583358044642138,-0.0159208195405966,,,,,
xlm-roberta-base,0.1,ru,linear,QT_minus_TQ,4.0,5.057503896317514,0.994909617959258,0.999875452445785,9.386822733394602e-05,0.0033222591362126,0.0642129139150867,-0.0497511562142275,-0.0075935775029517,0.0186250899636515,,,,,
xlm-roberta-base,0.1,ru,linear,MT_minus_TM,4.0,4.144183417385319,0.9880649918308932,0.9998805308744044,8.129195863772869e-05,0.0033222591362126,0.008305699927345,0.0179088326207411,0.0848850901237986,-0.0882438887297717,,,,,
xlm-roberta-base,0.1,ru,affine,NQ_minus_QN,4.0,4.961616210501045,0.9966930147093216,0.9998826000965412,7.96014373836623e-05,0.0033222591362126,-0.0259702237134613,0.0475561319966272,0.0025109376776706,-0.0453364112338626,,,,,
xlm-roberta-base,0.1,ru,affine,NM_minus_MN,4.0,4.252538956788273,0.984183105365914,0.9998843291624911,7.507395195510539e-05,0.0033222591362126,0.1195372360797823,-0.0202770560855113,-0.0885545414562588,-0.036970281212728,,,,,
xlm-roberta-base,0.1,ru,affine,NT_minus_TN,4.0,4.106137949977403,0.9925900815096744,0.9998746779455008,8.526447412131869e-05,0.0033222591362126,0.0924162924883221,-0.0225320646094342,-0.0136827462545583,-0.0621002095179546,,,,,
xlm-roberta-base,0.1,ru,affine,QM_minus_MQ,4.0,4.627695756770206,0.9966562209181896,0.999882569072496,8.009752607915782e-05,0.0033222591362126,0.0418037097133027,0.0168420260238548,-0.0519282466723459,-0.0205684064926614,,,,,
xlm-roberta-base,0.1,ru,affine,QT_minus_TQ,4.0,4.952313670343242,0.9949616845690382,0.9998799096931172,7.751923369255322e-05,0.0033222591362126,0.0527774777624425,-0.0465466854421781,-0.0186073609753986,0.0366984634487124,,,,,
xlm-roberta-base,0.1,ru,affine,MT_minus_TM,4.0,4.142887635420914,0.986641367693406,0.9998852773028402,7.856831278841713e-05,0.0033222591362126,0.0126691247834691,0.0205037666233314,0.0853577466729723,-0.0986974878234752,,,,,
xlm-roberta-base,0.1,zh,linear,NQ_minus_QN,4.0,5.179593763033036,0.9960588642724278,0.9998722453271772,8.289497476047794e-05,0.0033222591362126,-0.0100860711888084,0.0607794880102842,-0.0123434446062239,-0.0573204607640773,,,,,
xlm-roberta-base,0.1,zh,linear,NM_minus_MN,4.0,4.762303886009339,0.9876415485075982,0.9998793539297416,8.78481797633508e-05,0.0033222591362126,0.0918298188306152,0.0027199602635765,-0.0956188774449938,-0.0396026545802103,,,,,
xlm-roberta-base,0.1,zh,linear,NT_minus_TN,4.0,4.140188010682279,0.994103640198786,0.9998842622096958,8.528252017647522e-05,0.0033222591362126,0.0677233566578885,0.0150453380172478,-0.0310901385130553,-0.0471737223278473,,,,,
xlm-roberta-base,0.1,zh,linear,QM_minus_MQ,4.0,5.141416749134279,0.99631181908624,0.9998711246104696,8.495712190607922e-05,0.0033222591362126,0.0524134282337037,-0.0209996530332122,-0.0569146951199824,0.0047188370444488,,,,,
xlm-roberta-base,0.1,zh,linear,QT_minus_TQ,4.0,4.886693060234319,0.9944351221198414,0.9998656987292476,0.0001050048475963,0.0033222591362126,0.0598872934088587,-0.0472877783468286,0.0016364222505646,0.0230660670847835,,,,,
xlm-roberta-base,0.1,zh,linear,MT_minus_TM,4.0,4.562608353791105,0.9886139911318368,0.9998678577526008,9.451937828195548e-05,0.0033222591362126,0.0178929826192433,0.0157921903696559,0.0905420490628291,-0.077354777076674,,,,,
xlm-roberta-base,0.1,zh,affine,NQ_minus_QN,4.0,5.036713559871624,0.9968295072157416,0.999870399413313,8.353023344025902e-05,0.0033222591362126,-0.0173224803344038,0.0505025294070159,-0.0067198171487907,-0.0498703733814406,,,,,
xlm-roberta-base,0.1,zh,affine,NM_minus_MN,4.0,4.761649368150122,0.9866529593529852,0.9998781468584558,8.307666698338043e-05,0.0033222591362126,0.0992824136729023,-0.0030451554343294,-0.0983547146769252,-0.0405472797793138,,,,,
xlm-roberta-base,0.1,zh,affine,NT_minus_TN,4.0,4.089804685704471,0.9932316541074296,0.9998734426452895,8.2071098245773e-05,0.0033222591362126,0.0831072001288788,-0.0037214069040434,-0.0273005700342572,-0.0514480618600269,,,,,
xlm-roberta-base,0.1,zh,affine,QM_minus_MQ,4.0,5.035895897054543,0.9971353894190532,0.9998779321909153,8.010588595013863e-05,0.0033222591362126,0.0389978243374125,-0.0031628996146876,-0.0525455957596702,0.0022668411883995,,,,,
xlm-roberta-base,0.1,zh,affine,QT_minus_TQ,4.0,4.764029246782632,0.9956695617446152,0.999875923772124,9.126597643942078e-05,0.0033222591362126,0.0368965038865914,-0.0308480023490235,-0.0027086501260436,0.0365055344197381,,,,,
xlm-roberta-base,0.1,zh,affine,MT_minus_TM,4.0,4.562905231002164,0.987988601411684,0.9998751525264185,8.535749085012526e-05,0.0033222591362126,0.0286900253737719,0.0117297143406073,0.0899478508170688,-0.08436351108121,,,,,
xlm-roberta-base,0.1,ar,linear,NQ_minus_QN,4.0,4.88102574424509,0.9957897981182748,0.9998780724482276,8.415201079018368e-05,0.0033222591362126,-0.0231087424499403,0.060146318295694,-0.0050549281756139,-0.049192290342958,,,,,
xlm-roberta-base,0.1,ar,linear,NM_minus_MN,4.0,4.465060779275345,0.986346440371348,0.999883410787117,7.751230145068395e-05,0.0033222591362126,0.0917572185584183,-0.0102814316614472,-0.0945367403588798,-0.0342174399793706,,,,,
xlm-roberta-base,0.1,ar,linear,NT_minus_TN,4.0,3.909829006802767,0.9887199183690836,0.9998770621283164,9.0140764658884e-05,0.0033222591362126,0.0952342840851672,0.0143846277614922,-0.0236167949659089,-0.0843149354837271,,,,,
xlm-roberta-base,0.1,ar,linear,QM_minus_MQ,4.0,4.924970602312732,0.9943450260263096,0.9998803331098394,8.265491707844937e-05,0.0033222591362126,0.0555712576324641,-0.0390686403173341,-0.0610175251425651,0.0052394849431401,,,,,
xlm-roberta-base,0.1,ar,linear,QT_minus_TQ,4.0,4.686749907325568,0.9956123958555244,0.9998742826469472,8.760488279610244e-05,0.0033222591362126,0.0739333029021804,-0.0123519377916586,-0.0130334543585214,-0.0236981983715212,,,,,
xlm-roberta-base,0.1,ar,linear,MT_minus_TM,4.0,4.27127387240101,0.9873349434346156,0.9998824081098824,8.065836302677859e-05,0.0033222591362126,0.0122761459685981,0.024239877248173,0.0862392351621521,-0.0759080014540808,,,,,
xlm-roberta-base,0.1,ar,affine,NQ_minus_QN,4.0,4.715606708069204,0.9978845974137832,0.9998778807772928,8.470246245942961e-05,0.0033222591362126,-0.0133508691843861,0.0297630008527364,-0.0009390193116133,-0.0390421205166428,,,,,
xlm-roberta-base,0.1,ar,affine,NM_minus_MN,4.0,4.466954881530315,0.98390755667261,0.99988225529747,7.6160306644407e-05,0.0033222591362126,0.0974135424799261,-0.0074986238015173,-0.1031555089293706,-0.0369207791034231,,,,,
xlm-roberta-base,0.1,ar,affine,NT_minus_TN,4.0,3.862099688388415,0.9873018721687852,0.9998797043180052,8.16776231617846e-05,0.0033222591362126,0.1040338416608057,0.0012549861637893,-0.0187772334401131,-0.0890768807197267,,,,,
xlm-roberta-base,0.1,ar,affine,QM_minus_MQ,4.0,4.840710771615758,0.995446997637409,0.9998844580194224,7.928908060799804e-05,0.0033222591362126,0.0323360567620898,-0.0095961815916787,-0.0667832631338096,0.0091587658222659,,,,,
xlm-roberta-base,0.1,ar,affine,QT_minus_TQ,4.0,4.614888231589603,0.9964015138824316,0.99988638712543,7.858386647569105e-05,0.0033222591362126,0.0569244119751122,-0.0032002637492456,-0.0105112491156566,-0.0111250030114807,,,,,
xlm-roberta-base,0.1,ar,affine,MT_minus_TM,4.0,4.321611976786221,0.9858049281115004,0.9998783485781948,7.86893063845508e-05,0.0033222591362126,0.0206862698787174,0.0150257258294167,0.0929312427498044,-0.0811882673315414,,,,,
xlm-roberta-base,1.0,en,linear,NQ_minus_QN,4.0,2.154559616941814,0.9784038530821132,0.9998781499028644,8.147566582557667e-05,0.0033222591362126,-0.0812198973184352,0.1056393802018359,0.0008176910713029,-0.0293836775384549,,,,,
xlm-roberta-base,1.0,en,linear,NM_minus_MN,4.0,1.8168416242005945,0.996779220466542,0.99987861283653,8.531922545979824e-05,0.0033222591362126,-0.0369694694420249,-0.0033668354017117,0.0300007742333466,0.0067446276876851,,,,,
xlm-roberta-base,1.0,en,linear,NT_minus_TN,4.0,1.4006422090740231,0.9939878825022188,0.9998705373465112,8.778172133045667e-05,0.0033222591362126,-0.0413065825066286,0.0323933307377666,0.0076400732121018,0.0040412757571482,,,,,
xlm-roberta-base,1.0,en,linear,QM_minus_MQ,4.0,2.212990007493617,0.9808350317118488,0.999879646590903,8.491554759735416e-05,0.0033222591362126,0.0427289780142588,-0.0994763739874447,0.0449646913347534,0.0113324298626876,,,,,
xlm-roberta-base,1.0,en,linear,QT_minus_TQ,4.0,2.050175749872494,0.9767007031801032,0.9998721308894598,9.03569248987525e-05,0.0033222591362126,0.070826251401398,-0.1058360858274367,0.0035736435794863,0.0366290991090363,,,,,
xlm-roberta-base,1.0,en,linear,MT_minus_TM,4.0,1.7657785293452712,0.9954929758647456,0.9998777269557012,8.683586066046559e-05,0.0033222591362126,0.0162588291686695,0.0249861626574301,-0.0298415528433096,-0.0054152032666398,,,,,
xlm-roberta-base,1.0,en,affine,NQ_minus_QN,4.0,2.0302741926797467,0.974505791667164,0.9998751545485708,8.646327747003317e-05,0.0033222591362126,-0.1088049307502852,0.1180115188117669,0.0095113494428926,-0.02195763894321,,,,,
xlm-roberta-base,1.0,en,affine,NM_minus_MN,4.0,1.775276587834398,0.9979906377598168,0.9998814962840143,7.899542820451668e-05,0.0033222591362126,-0.0244351796278169,-0.0036027933654644,0.0231426574123588,0.0007964830122168,,,,,
xlm-roberta-base,1.0,en,affine,NT_minus_TN,4.0,1.3635730586849537,0.9986015748058652,0.9998798288638276,8.887335988660206e-05,0.0033222591362126,-0.0140130943131638,0.0170895733980378,0.0092281106382308,-0.009979473772479,,,,,
xlm-roberta-base,1.0,en,affine,QM_minus_MQ,4.0,2.123757275900975,0.985719663599871,0.9998842090335988,8.17044343521827e-05,0.0033222591362126,0.0247534702163685,-0.0921508350618469,0.0434761190942415,0.022740621298915,,,,,
xlm-roberta-base,1.0,en,affine,QT_minus_TQ,4.0,1.9304634188392105,0.9848918768434154,0.9998751326342192,8.488494016770748e-05,0.0033222591362126,0.0531084725108323,-0.0908353972300207,-0.0008460348041136,0.0435549847956425,,,,,
xlm-roberta-base,1.0,en,affine,MT_minus_TM,4.0,1.7386664587374758,0.9964823186527676,0.9998847378362836,7.593953943686426e-05,0.0033222591362126,0.0334858897157654,0.0149043500469448,-0.0243226153875392,-0.0178548890732273,,,,,
xlm-roberta-base,1.0,es,linear,NQ_minus_QN,4.0,1.9931175795512492,0.980044792626596,0.9998738525440858,8.874739824528749e-05,0.0033222591362126,-0.0655260887009904,0.1086513532540101,0.0018540826723587,-0.0482337357779436,,,,,
xlm-roberta-base,1.0,es,linear,NM_minus_MN,4.0,1.7749440009707027,0.9948405158438,0.9998765133880806,8.367762297600149e-05,0.0033222591362126,-0.0501380746403386,0.0062203775680906,0.0367268369668444,0.0032312883345734,,,,,
xlm-roberta-base,1.0,es,linear,NT_minus_TN,4.0,1.447060766299063,0.993729188029459,0.9998834685888744,8.379827893269812e-05,0.0033222591362126,-0.0454685035508004,0.039177323141012,-1.0231163929825612e-05,0.0085620927610991,,,,,
xlm-roberta-base,1.0,es,linear,QM_minus_MQ,4.0,2.1283484934884105,0.9823834913529644,0.9998858407553408,7.592771960538238e-05,0.0033222591362126,0.0201635533091176,-0.0987175900696167,0.0563298017289293,0.0221942613456376,,,,,
xlm-roberta-base,1.0,es,linear,QT_minus_TQ,4.0,1.9267898579517388,0.976877892847794,0.9998711481505812,9.23926070116744e-05,0.0033222591362126,0.048525653569144,-0.1128352666790843,-0.0030283833264694,0.0726390415565316,,,,,
xlm-roberta-base,1.0,es,linear,MT_minus_TM,4.0,1.742831408049075,0.9952517525715364,0.999876301760656,9.136500380341071e-05,0.0033222591362126,0.0291932473180476,0.0161526927401395,-0.0362447179620708,-0.0045208715110497,,,,,
xlm-roberta-base,1.0,es,affine,NQ_minus_QN,4.0,1.9005508590720848,0.9751553334594776,0.9998822534372548,8.033803054092492e-05,0.0033222591362126,-0.0987038292553063,0.1246472845105822,0.0107111846435272,-0.039693869606997,,,,,
xlm-roberta-base,1.0,es,affine,NM_minus_MN,4.0,1.736083826825228,0.996831857290308,0.9998812390555968,8.387253414646772e-05,0.0033222591362126,-0.0295821914086381,-0.0003045386017583,0.0298084562268219,-0.0044406603613489,,,,,
xlm-roberta-base,1.0,es,affine,NT_minus_TN,4.0,1.4002850515897318,0.9980370380358032,0.999885756920496,7.684641803931409e-05,0.0033222591362126,-0.0195558805831326,0.026061257286803,0.0045128265805439,-0.0091635299056286,,,,,
xlm-roberta-base,1.0,es,affine,QM_minus_MQ,4.0,2.039497423030337,0.9850828444290944,0.9998801819639236,8.485924928531264e-05,0.0033222591362126,0.0184757822547948,-0.0964721483945872,0.0531459727618103,0.0246772382553508,,,,,
xlm-roberta-base,1.0,es,affine,QT_minus_TQ,4.0,1.831690251414061,0.9778142244608936,0.9998755981900028,8.690792554246114e-05,0.0033222591362126,0.0468319578668339,-0.1148505896827155,-0.0090016710526082,0.0824656070565957,,,,,
xlm-roberta-base,1.0,es,affine,MT_minus_TM,4.0,1.7211137773803222,0.995820375275886,0.99987716865422,8.352888779296591e-05,0.0033222591362126,0.0420421156051016,0.0122688686132731,-0.0295597510324082,-0.0203005641590429,,,,,
xlm-roberta-base,1.0,fr,linear,NQ_minus_QN,4.0,2.0873678363953814,0.9693574991007649,0.9998775780798718,8.512696366696851e-05,0.0033222591362126,-0.1013849756402199,0.128592063318183,0.0069934655354859,-0.0347032381536612,,,,,
xlm-roberta-base,1.0,fr,linear,NM_minus_MN,4.0,1.7424399993072075,0.9954955359074448,0.999874473311491,9.443794659162608e-05,0.0033222591362126,-0.040688036688159,-0.0013649077897753,0.0362949211871976,0.0015730516682132,,,,,
xlm-roberta-base,1.0,fr,linear,NT_minus_TN,4.0,1.3381612085473036,0.9927033205409556,0.9998685409134326,9.540645752628498e-05,0.0033222591362126,-0.058249511903604,0.0274484215077644,0.0032932078272392,0.0289960402099234,,,,,
xlm-roberta-base,1.0,fr,linear,QM_minus_MQ,4.0,2.2135227361368064,0.9861607296166552,0.9998743606756983,7.847971075595467e-05,0.0033222591362126,0.0263181665307957,-0.0893613342440815,0.0385874137169634,0.0223487841792597,,,,,
xlm-roberta-base,1.0,fr,linear,QT_minus_TQ,4.0,1.9700409908530376,0.9699784554560028,0.9998815812571912,8.4303402256751e-05,0.0033222591362126,0.0640127244807113,-0.1243755363278248,-0.002603390350593,0.0646275374130935,,,,,
xlm-roberta-base,1.0,fr,linear,MT_minus_TM,4.0,1.7441278005926066,0.9964735286962804,0.9998835458420576,8.410209619214237e-05,0.0033222591362126,0.0068566733804844,0.0089472103345542,-0.0318219534563619,0.0208060436694463,,,,,
xlm-roberta-base,1.0,fr,affine,NQ_minus_QN,4.0,1.9212590013822344,0.9743424786131096,0.9998771105639056,8.555718220158881e-05,0.0033222591362126,-0.1091176652669754,0.1194051886916083,0.0164742748563954,-0.0274416606905389,,,,,
xlm-roberta-base,1.0,fr,affine,NM_minus_MN,4.0,1.7130037047856363,0.9971680411947532,0.9998785201195646,8.265007234161197e-05,0.0033222591362126,-0.031779665033451,-0.0001665599854596,0.0270838134262221,0.0003358162520075,,,,,
xlm-roberta-base,1.0,fr,affine,NT_minus_TN,4.0,1.2849906003069211,0.9977777372478954,0.99988338201922,7.702885531698145e-05,0.0033222591362126,-0.0361787830704282,0.0128113709205258,0.00862255820651,0.0158908040366802,,,,,
xlm-roberta-base,1.0,fr,affine,QM_minus_MQ,4.0,2.111250027763539,0.9875228319407292,0.9998814471873834,7.203249736678176e-05,0.0033222591362126,0.0187408863053264,-0.0885394951726907,0.0441200410015169,0.0232707481919322,,,,,
xlm-roberta-base,1.0,fr,affine,QT_minus_TQ,4.0,1.844900533360227,0.9771830520686344,0.9998840429167516,7.942426347298574e-05,0.0033222591362126,0.0446220695848767,-0.1133503751361102,-0.0106294970342122,0.0821516695248603,,,,,
xlm-roberta-base,1.0,fr,affine,MT_minus_TM,4.0,1.7144203953648234,0.9975686102707964,0.9998753241621746,8.570066290161692e-05,0.0033222591362126,0.0210748778757213,0.0044514514272305,-0.0257856079989557,0.0049155158621872,,,,,
xlm-roberta-base,1.0,de,linear,NQ_minus_QN,4.0,2.0923122357023503,0.9612572901452284,0.9998815421707292,7.76082564816612e-05,0.0033222591362126,-0.1206854299418358,0.1430676088592373,0.007519581698847,-0.0323818562140428,,,,,
xlm-roberta-base,1.0,de,linear,NM_minus_MN,4.0,1.782284960916719,0.996908082486244,0.999877780604581,8.806516457859437e-05,0.0033222591362126,-0.0315068163980202,-0.0066546192356988,0.0299823121811085,0.0046836566618094,,,,,
xlm-roberta-base,1.0,de,linear,NT_minus_TN,4.0,1.429345795337801,0.9966511146763912,0.9998823974170312,8.482651516379058e-05,0.0033222591362126,-0.0324337462162981,0.0264050544811747,0.0072497770885964,-0.0004818205044706,,,,,
xlm-roberta-base,1.0,de,linear,QM_minus_MQ,4.0,2.228737930198575,0.9814078979338968,0.99987673813848,8.485572002561614e-05,0.0033222591362126,0.0421099910168192,-0.1062127826381476,0.0363357564183325,0.0268258679158393,,,,,
xlm-roberta-base,1.0,de,linear,QT_minus_TQ,4.0,2.025144456263827,0.973470642605372,0.9998795300137124,8.259250285875698e-05,0.0033222591362126,0.0754662294992027,-0.1179631581178776,-0.001087177026008,0.0469501386274155,,,,,
xlm-roberta-base,1.0,de,linear,MT_minus_TM,4.0,1.7869447695742309,0.9973078818255958,0.9998725379981548,9.214955549191205e-05,0.0033222591362126,0.0186007916239867,0.0208603654662221,-0.0215720143438254,-0.0137882179440369,,,,,
xlm-roberta-base,1.0,de,affine,NQ_minus_QN,4.0,1.982899619636178,0.9731373860129526,0.999881448651124,8.47839354379633e-05,0.0033222591362126,-0.1142660084259531,0.1234215342224865,0.015835782746587,-0.0272707848739806,,,,,
xlm-roberta-base,1.0,de,affine,NM_minus_MN,4.0,1.7456217709666473,0.9983610611390116,0.9998678526717192,9.763450501564342e-05,0.0033222591362126,-0.0134256356929501,-0.0088543241209951,0.0202094079084964,-0.0022457294678958,,,,,
xlm-roberta-base,1.0,de,affine,NT_minus_TN,4.0,1.38844173820378,0.9987588927095156,0.999878275149413,7.934807637200419e-05,0.0033222591362126,-0.0059602150185347,0.0147847188948205,0.0103038852525815,-0.0187265836851759,,,,,
xlm-roberta-base,1.0,de,affine,QM_minus_MQ,4.0,2.125988423617127,0.9881282818474552,0.9998766368204576,8.881158199361956e-05,0.0033222591362126,0.0260474212923591,-0.0885759468718722,0.0355555875984956,0.0255278960842861,,,,,
xlm-roberta-base,1.0,de,affine,QT_minus_TQ,4.0,1.9245008033907287,0.982820208706135,0.9998780821832876,8.630960882191464e-05,0.0033222591362126,0.0581745984966644,-0.1005587342700017,-0.0044846884713083,0.0505684730463614,,,,,
xlm-roberta-base,1.0,de,affine,MT_minus_TM,4.0,1.7560838374554706,0.9977016003104014,0.999876594254365,8.928251309522603e-05,0.0033222591362126,0.0316279818908479,0.0153859366099293,-0.0136813087955076,-0.0288886204718973,,,,,
xlm-roberta-base,1.0,ru,linear,NQ_minus_QN,4.0,2.031044431982233,0.9706286704461984,0.9998794833411684,8.066751763533289e-05,0.0033222591362126,-0.076937965164714,0.1255830618110442,0.0069521687986315,-0.0576042995718804,,,,,
xlm-roberta-base,1.0,ru,linear,NM_minus_MN,4.0,1.678538554371114,0.9962394466206936,0.9998716923000224,9.364763714536688e-05,0.0033222591362126,-0.0171970258733132,-0.014342754734122,0.0367533269609726,-0.0053279230079913,,,,,
xlm-roberta-base,1.0,ru,linear,NT_minus_TN,4.0,1.4380063207158742,0.9939882595638524,0.999878111741846,8.313990875392387e-05,0.0033222591362126,-0.0558099690523248,0.0269086937821373,0.0033914780460527,0.0277017985023433,,,,,
xlm-roberta-base,1.0,ru,linear,QM_minus_MQ,4.0,1.9954091157707463,0.984472607244536,0.9998782147806357,9.596991961034226e-05,0.0033222591362126,0.0336590416345508,-0.0863103211602221,0.0400845543537754,0.0136781281751976,,,,,
xlm-roberta-base,1.0,ru,linear,QT_minus_TQ,4.0,1.974449435854248,0.96394653019231,0.999886016456612,8.2793309447641e-05,0.0033222591362126,0.0542696819127618,-0.1355077152897552,-0.0074354800305738,0.0923792893296003,,,,,
xlm-roberta-base,1.0,ru,linear,MT_minus_TM,4.0,1.6628723251731787,0.9944589422944988,0.9998826782538756,8.142079516135891e-05,0.0033222591362126,-0.0008366997175279,0.0293747777869796,-0.0369921974062807,0.0097090383946321,,,,,
xlm-roberta-base,1.0,ru,affine,NQ_minus_QN,4.0,1.8835962037293352,0.9689631487998918,0.9998792677658224,8.808975333655419e-05,0.0033222591362126,-0.1061969875787238,0.1339528186223608,0.0099290305591296,-0.0395819437403666,,,,,
xlm-roberta-base,1.0,ru,affine,NM_minus_MN,4.0,1.632966162853838,0.9969724238654454,0.9998788753584504,8.254423234660486e-05,0.0033222591362126,0.0073993260053764,-0.0194834338619135,0.0291325287592245,-0.0176162805054519,,,,,
xlm-roberta-base,1.0,ru,affine,NT_minus_TN,4.0,1.3682393297074371,0.99928081634403,0.999881260187894,7.95883180817152e-05,0.0033222591362126,-0.021408704088535,0.0028247687166718,0.0035328442604309,0.0169209906332559,,,,,
xlm-roberta-base,1.0,ru,affine,QM_minus_MQ,4.0,1.902417529585207,0.9852697377881976,0.9998760302219116,8.05570768837704e-05,0.0033222591362126,0.0299978708680435,-0.0874252930073791,0.0493348648256249,0.0098180405957415,,,,,
xlm-roberta-base,1.0,ru,affine,QT_minus_TQ,4.0,1.8410484372210056,0.96870359432403,0.99988048329061,8.12855926410509e-05,0.0033222591362126,0.0411345001476833,-0.1296426700886563,-0.0151149801480844,0.1071443767146486,,,,,
xlm-roberta-base,1.0,ru,affine,MT_minus_TM,4.0,1.631161994220079,0.9966935723448094,0.9998833169419422,8.534072121523684e-05,0.0033222591362126,0.0109566918225299,0.0217076936032342,-0.0305583640978901,-0.0007082075784041,,,,,
xlm-roberta-base,1.0,zh,linear,NQ_minus_QN,4.0,2.142541890755756,0.96813121286055,0.9998754376342712,8.146151591364243e-05,0.0033222591362126,-0.1058307866408166,0.1303171820583643,0.0170792820380634,-0.0427712743665538,,,,,
xlm-roberta-base,1.0,zh,linear,NM_minus_MN,4.0,1.7843860134812697,0.9956263609625108,0.999880000899044,9.235110547338888e-05,0.0033222591362126,-0.0451855805233511,0.0013274694693314,0.0347571577069652,0.0059778506839417,,,,,
xlm-roberta-base,1.0,zh,linear,NT_minus_TN,4.0,1.4154889273223583,0.9915853592102828,0.9998822317177358,8.31533756647433e-05,0.0033222591362126,-0.0573170583803714,0.0361912233880325,0.0035239407013126,0.0199353966213886,,,,,
xlm-roberta-base,1.0,zh,linear,QM_minus_MQ,4.0,2.186681503835494,0.9857641378159666,0.9998758486818938,7.895095420644636e-05,0.0033222591362126,0.032578218295634,-0.086711142025742,0.0390925930728675,0.0157123471033131,,,,,
xlm-roberta-base,1.0,zh,linear,QT_minus_TQ,4.0,2.021376440134901,0.973198388795056,0.9998736576903132,9.849312842165851e-05,0.0033222591362126,0.0673127502519493,-0.115524341576129,-0.0109812436150842,0.0630756025324932,,,,,
xlm-roberta-base,1.0,zh,linear,MT_minus_TM,4.0,1.7863932456187677,0.9953815448429087,0.9998731162989664,8.894836524807197e-05,0.0033222591362126,0.0283977242324151,0.0214577523961742,-0.0326573337760305,-0.0126878792828605,,,,,
xlm-roberta-base,1.0,zh,affine,NQ_minus_QN,4.0,2.0137102429750207,0.9636476980397768,0.9998741504417216,9.740159029250572e-05,0.0033222591362126,-0.1378259347321058,0.145794359816843,0.0210178861642278,-0.0298339365872756,,,,,
xlm-roberta-base,1.0,zh,affine,NM_minus_MN,4.0,1.7573370743438073,0.9971616271554996,0.9998845866686796,8.000461788100109e-05,0.0033222591362126,-0.0313798451532543,-0.0010447445262651,0.0280641857415208,0.0007275667855798,,,,,
xlm-roberta-base,1.0,zh,affine,NT_minus_TN,4.0,1.3641221967350892,0.998134423104708,0.999870603179719,9.536728968682688e-05,0.0033222591362126,-0.0300154025407048,0.0178327602002244,0.0065629548958043,0.0074619085573862,,,,,
xlm-roberta-base,1.0,zh,affine,QM_minus_MQ,4.0,2.1032589422608576,0.9876455712353562,0.9998781433211024,8.014284073290302e-05,0.0033222591362126,0.0246661216806861,-0.0852396027386304,0.0455222426755301,0.0156720783208341,,,,,
xlm-roberta-base,1.0,zh,affine,QT_minus_TQ,4.0,1.907303807433897,0.9756513868482648,0.9998811991851152,8.599944036576291e-05,0.0033222591362126,0.058946731797542,-0.1186486424497531,-0.0119296709953168,0.075515625946061,,,,,
xlm-roberta-base,1.0,zh,affine,MT_minus_TM,4.0,1.7666654879049963,0.9959474725718962,0.9998705836190804,8.964939483821275e-05,0.0033222591362126,0.0409486224109255,0.0147236532687223,-0.028288171868988,-0.0228220772188365,,,,,
xlm-roberta-base,1.0,ar,linear,NQ_minus_QN,4.0,2.0376101172808725,0.9489567131988528,0.9998803298690848,8.616038104051575e-05,0.0033222591362126,-0.1388427067713845,0.1611531843488087,0.0091204544983982,-0.0326413733291383,,,,,
xlm-roberta-base,1.0,ar,linear,NM_minus_MN,4.0,1.6130241687692346,0.9969978803414684,0.9998851645827708,8.701721665460505e-05,0.0033222591362126,-0.0286974148375457,-0.0112212697630764,0.0301533307927503,0.0077424568576933,,,,,
xlm-roberta-base,1.0,ar,linear,NT_minus_TN,4.0,1.3780032503708364,0.9938296127085936,0.9998784095477772,9.365187916743663e-05,0.0033222591362126,-0.043428952919097,0.0346297433605446,0.0058460593303897,0.0046694155323795,,,,,
xlm-roberta-base,1.0,ar,linear,QM_minus_MQ,4.0,2.089651607091636,0.966678664990532,0.99987986191544,8.148401016598332e-05,0.0033222591362126,0.0630596385106594,-0.1375490065524905,0.0471941843725141,0.0272501763436128,,,,,
xlm-roberta-base,1.0,ar,linear,QT_minus_TQ,4.0,1.9459749312439127,0.9683830689617132,0.9998757218935488,9.404125145098977e-05,0.0033222591362126,0.0704576199915108,-0.1271999785102943,-0.001097681024797,0.0612401047858803,,,,,
xlm-roberta-base,1.0,ar,linear,MT_minus_TM,4.0,1.619991596894286,0.9960403676590264,0.999890226709828,7.51040647615497e-05,0.0033222591362126,0.0092854618227499,0.028106922940934,-0.0283680897382302,-0.006009893609218,,,,,
xlm-roberta-base,1.0,ar,affine,NQ_minus_QN,4.0,1.9118309365457429,0.9657632666002668,0.9998747039177238,8.84535445748848e-05,0.0033222591362126,-0.1282002278519746,0.1301754242779765,0.0200756285940918,-0.024847766136525,,,,,
xlm-roberta-base,1.0,ar,affine,NM_minus_MN,4.0,1.5719287272859044,0.9988924379971686,0.9998808524248894,8.617192262960114e-05,0.0033222591362126,-0.0108563094530622,-0.0087390217661516,0.0176744735153915,-0.0004395695655873,,,,,
xlm-roberta-base,1.0,ar,affine,NT_minus_TN,4.0,1.3176077732983695,0.9988964619962633,0.999873822150849,9.542177280744192e-05,0.0033222591362126,-0.0117488744045425,0.012708887828502,0.011127940720935,-0.0113479251058946,,,,,
xlm-roberta-base,1.0,ar,affine,QM_minus_MQ,4.0,1.9705771620549968,0.9811524176682233,0.999873578607902,7.823994479622069e-05,0.0033222591362126,0.0384723162981768,-0.107062373150854,0.0392856084828828,0.0297508099526569,,,,,
xlm-roberta-base,1.0,ar,affine,QT_minus_TQ,4.0,1.8415958087384163,0.9753618191436804,0.9998834949664396,8.151039350146153e-05,0.0033222591362126,0.0579963309275194,-0.1142228936929557,-0.0067089071245923,0.0677715083422966,,,,,
xlm-roberta-base,1.0,ar,affine,MT_minus_TM,4.0,1.5927765436632797,0.9980240783619144,0.9998759688156916,8.971721923855496e-05,0.0033222591362126,0.0209915615203569,0.0164707478445782,-0.0190915624140401,-0.0155984135175159,,,,,
xlm-roberta-base,10.0,en,linear,NQ_minus_QN,4.0,1.0759598666750256,0.9833465702668706,0.9998808114562104,9.069545135918886e-05,0.0033222591362126,-0.0574180358578751,0.084259860320729,-0.0110938804598771,-0.0149061681083904,,,,,
xlm-roberta-base,10.0,en,linear,NM_minus_MN,4.0,0.7360989992283344,0.9125021947013608,0.999884288409903,8.461368832372066e-05,0.0033222591362126,-0.2133588750247857,0.0028366428423534,0.1509463301933559,0.0614644395084623,,,,,
xlm-roberta-base,10.0,en,linear,NT_minus_TN,4.0,0.5821322618038265,0.8694903237811796,0.999873118021958,8.926700946484992e-05,0.0033222591362126,-0.2437423939814965,0.0182102866183951,0.0168642799180639,0.2109577434380045,,,,,
xlm-roberta-base,10.0,en,linear,QM_minus_MQ,4.0,1.06691932254013,0.9447942003172782,0.9998764640658916,8.376317256934349e-05,0.0033222591362126,-0.0143541329390057,-0.1327519432232818,0.1330998253741814,0.013736844957713,,,,,
xlm-roberta-base,10.0,en,linear,QT_minus_TQ,4.0,0.9918869554108186,0.9406107095421912,0.999871886082063,9.143551474773456e-05,0.0033222591362126,-0.0229627201236445,-0.1534788949086981,0.0196535116609861,0.1570295410165478,,,,,
xlm-roberta-base,10.0,en,linear,MT_minus_TM,4.0,0.7012423754913463,0.9310226699298174,0.9998805946602412,7.865873002751268e-05,0.0033222591362126,-0.0131051652815819,0.0080528068018113,-0.1513652306502542,0.156565199118224,,,,,
xlm-roberta-base,10.0,en,affine,NQ_minus_QN,4.0,0.8748522590933018,0.8834787879585023,0.9998842484538456,8.465623483561987e-05,0.0033222591362126,-0.2826859433333294,0.2197689641000474,0.0269038578022942,0.038135505642129,,,,,
xlm-roberta-base,10.0,en,affine,NM_minus_MN,4.0,0.6891020755834711,0.927694510263522,0.9998792721824512,8.295597972036867e-05,0.0033222591362126,-0.2093283484921894,0.0153240217489472,0.1381166202808186,0.0576415588668916,,,,,
xlm-roberta-base,10.0,en,affine,NT_minus_TN,4.0,0.5231178726137867,0.9093925030280368,0.9998812914703148,8.341670782666885e-05,0.0033222591362126,-0.2224835840565119,0.0171614759777476,0.0179755987153318,0.1893121548744426,,,,,
xlm-roberta-base,10.0,en,affine,QM_minus_MQ,4.0,0.9278210776511672,0.9156545332924786,0.9998768724533108,8.718468404165325e-05,0.0033222591362126,0.055284553083425,-0.2084074706681974,0.1248389412422502,0.0278239787079586,,,,,
xlm-roberta-base,10.0,en,affine,QT_minus_TQ,4.0,0.8195943624171497,0.9162098546490371,0.9998780013753084,8.972285598199921e-05,0.0033222591362126,0.041812893706907,-0.2010410708372575,-0.0056605848827449,0.1646935541897118,,,,,
xlm-roberta-base,10.0,en,affine,MT_minus_TM,4.0,0.6539834077642807,0.9504596017484828,0.9998795699072096,8.55585596938535e-05,0.0033222591362126,-0.0096781264819823,0.0018138609042942,-0.1280348539807125,0.1360113449827043,,,,,
xlm-roberta-base,10.0,es,linear,NQ_minus_QN,4.0,0.986448080525501,0.9666923064247982,0.9998744518789464,8.773223865606292e-05,0.0033222591362126,-0.0814548687907972,0.1256793693121259,-0.0130385449828155,-0.0301701279944809,,,,,
xlm-roberta-base,10.0,es,linear,NM_minus_MN,4.0,0.7370461081788954,0.9075291256581642,0.9998775401031136,9.083563334470054e-05,0.0033222591362126,-0.2205299506438978,0.0112381238106873,0.163300306260196,0.0479309386474905,,,,,
xlm-roberta-base,10.0,es,linear,NT_minus_TN,4.0,0.5954453539897155,0.8568083446354525,0.9998705224205628,9.19619893192136e-05,0.0033222591362126,-0.2662025394400603,0.0268523932281756,0.009388481306679,0.2320925472370699,,,,,
xlm-roberta-base,10.0,es,linear,QM_minus_MQ,4.0,1.0433364983783062,0.929776269672944,0.9998834404990332,7.983793988506043e-05,0.0033222591362126,-0.0093889806341477,-0.1632602658210864,0.1546188208608032,0.0180978699467805,,,,,
xlm-roberta-base,10.0,es,linear,QT_minus_TQ,4.0,0.9570249089618243,0.9161833508185232,0.999879449326642,8.217112462099787e-05,0.0033222591362126,-0.0141901697446999,-0.1955665781143856,0.0221018326776387,0.1879293933721574,,,,,
xlm-roberta-base,10.0,es,linear,MT_minus_TM,4.0,0.7185523258991825,0.9216508215261308,0.9998764393864178,8.019381736327767e-05,0.0033222591362126,-0.0193013414864357,0.0093261939783695,-0.1655580451746879,0.1754132107975509,,,,,
xlm-roberta-base,10.0,es,affine,NQ_minus_QN,4.0,0.8187149951176037,0.8709772533467887,0.9998765396740564,8.356574965607293e-05,0.0033222591362126,-0.2759184513527871,0.2573831354717097,0.015370104572181,0.0045929780658924,,,,,
xlm-roberta-base,10.0,es,affine,NM_minus_MN,4.0,0.6896002597902887,0.9277701677548286,0.9998695701141638,9.34347882105549e-05,0.0033222591362126,-0.2023665486297722,0.0152454921828545,0.1488441630176142,0.0400116678731692,,,,,
xlm-roberta-base,10.0,es,affine,NT_minus_TN,4.0,0.5207766388709968,0.9099078904685656,0.9998820216121403,7.990547388841542e-05,0.0033222591362126,-0.226903138352115,0.0213730390516629,0.0128347328762533,0.1944295627098315,,,,,
xlm-roberta-base,10.0,es,affine,QM_minus_MQ,4.0,0.906463359687102,0.9010088067435248,0.999884024183442,8.289235553512729e-05,0.0033222591362126,0.0596262068035244,-0.2448987236971851,0.1501674830577868,0.0353915664596243,,,,,
xlm-roberta-base,10.0,es,affine,QT_minus_TQ,4.0,0.8011474303454383,0.890135821555892,0.9998808486521176,8.379879066088023e-05,0.0033222591362126,0.0434513546226021,-0.2530762307717769,6.988121775017756e-06,0.2098295618637522,,,,,
xlm-roberta-base,10.0,es,affine,MT_minus_TM,4.0,0.6723229050977297,0.9426680342087486,0.9998812667719684,8.881506565426319e-05,0.0033222591362126,-0.0137925436363041,0.0014602474052424,-0.1421301165831666,0.1543101349045148,,,,,
xlm-roberta-base,10.0,fr,linear,NQ_minus_QN,4.0,0.9672149068514037,0.9726426759719368,0.9998741433586664,8.506824564531104e-05,0.0033222591362126,-0.0986944188275879,0.0970383248373756,0.017923714248149,-0.0149809033244648,,,,,
xlm-roberta-base,10.0,fr,linear,NM_minus_MN,4.0,0.69114124116882,0.922828793709594,0.9998829512510206,8.392914313607155e-05,0.0033222591362126,-0.1865483009412489,-0.0014384603276098,0.1538399955252089,0.0354361474442959,,,,,
xlm-roberta-base,10.0,fr,linear,NT_minus_TN,4.0,0.5339640699687344,0.8608409753155808,0.9998782574748968,8.83304638791024e-05,0.0033222591362126,-0.2524973043340602,0.0035793535757838,0.0033272727225017,0.2469832711118738,,,,,
xlm-roberta-base,10.0,fr,linear,QM_minus_MQ,4.0,1.024818885304923,0.9596748427745848,0.9998686472049864,9.48337693844547e-05,0.0033222591362126,-0.020538992404697,-0.1119279902469855,0.1208239989278952,0.0112603291562149,,,,,
xlm-roberta-base,10.0,fr,linear,QT_minus_TQ,4.0,0.9025375910969364,0.9326983877978824,0.999879360363468,8.099699996442423e-05,0.0033222591362126,-0.0441639434988365,-0.1539660112570189,-0.0091242235652689,0.206609132160297,,,,,
xlm-roberta-base,10.0,fr,linear,MT_minus_TM,4.0,0.7042327325805532,0.9174832043304134,0.999878202073934,8.968260936459038e-05,0.0033222591362126,-0.0559449032964869,-0.009175202230941,-0.1518296682413324,0.2167884902203966,,,,,
xlm-roberta-base,10.0,fr,affine,NQ_minus_QN,4.0,0.802243831974561,0.8861215653529777,0.99987716068234,8.832466141488805e-05,0.0033222591362126,-0.2596003260473575,0.2166288673372834,0.0377273460944643,0.0072631615815178,,,,,
xlm-roberta-base,10.0,fr,affine,NM_minus_MN,4.0,0.6542154046044973,0.9357532562654396,0.9998808932545,8.033390818022958e-05,0.0033222591362126,-0.1884782885944716,0.0175787057958122,0.134794253546978,0.0374763736168243,,,,,
xlm-roberta-base,10.0,fr,affine,NT_minus_TN,4.0,0.4869507397235648,0.8895140041055629,0.9998793793979588,7.868406566555883e-05,0.0033222591362126,-0.245057497384359,0.0113026323845362,0.011116021282816,0.2239390832330477,,,,,
xlm-roberta-base,10.0,fr,affine,QM_minus_MQ,4.0,0.8824308759971721,0.9249971505456598,0.9998742663782662,8.639648354267642e-05,0.0033222591362126,0.0474981944701695,-0.1986173876997256,0.1215928587036678,0.0288438969432675,,,,,
xlm-roberta-base,10.0,fr,affine,QT_minus_TQ,4.0,0.7648861861042582,0.8980080951442808,0.9998879577141884,8.176569599853814e-05,0.0033222591362126,-0.0022868919160348,-0.2114446393622712,-0.0238816067867974,0.2369120378450579,,,,,
xlm-roberta-base,10.0,fr,affine,MT_minus_TM,4.0,0.6639116103156023,0.9412404209749636,0.9998704390686264,8.142194408609e-05,0.0033222591362126,-0.0473969616323443,-0.0153781007182389,-0.1287070570166145,0.1912222575141473,,,,,
xlm-roberta-base,10.0,de,linear,NQ_minus_QN,4.0,0.9890777996847564,0.9085067684820552,0.999878921256106,8.02817026805742e-05,0.0033222591362126,-0.1877994264120927,0.1860072532274909,0.0117172939482644,-0.0084138230810763,,,,,
xlm-roberta-base,10.0,de,linear,NM_minus_MN,4.0,0.7283208119694787,0.9083734380676772,0.999873396124322,9.393438132243348e-05,0.0033222591362126,-0.2187127509031019,0.0030092170957579,0.1684328586197744,0.0487028278548741,,,,,
xlm-roberta-base,10.0,de,linear,NT_minus_TN,4.0,0.5888299816298413,0.850744713968998,0.9998717467467558,8.188854211552822e-05,0.0033222591362126,-0.2822160500315537,0.0149907409896141,0.0087894045626863,0.2604413723680566,,,,,
xlm-roberta-base,10.0,de,linear,QM_minus_MQ,4.0,1.0799945706851966,0.917913350351273,0.9998697500098646,9.82380252511354e-05,0.0033222591362126,0.0147504791557218,-0.1811814719456817,0.140957414429531,0.0251470668905223,,,,,
xlm-roberta-base,10.0,de,linear,QT_minus_TQ,4.0,0.9831939758296488,0.8995540711353968,0.9998723703944816,9.13721835895421e-05,0.0033222591362126,-0.0009209352893307,-0.2036872719826541,-0.0050225800628915,0.2095993276866057,,,,,
xlm-roberta-base,10.0,de,linear,MT_minus_TM,4.0,0.7225965817768571,0.9153074327828044,0.9998692912992488,9.13692756553992e-05,0.0033222591362126,-0.0427331794084373,0.0060179716614353,-0.1661401352308221,0.2031453717421368,,,,,
xlm-roberta-base,10.0,de,affine,NQ_minus_QN,4.0,0.8618693648166776,0.855001337754877,0.999879714734578,8.706869449178758e-05,0.0033222591362126,-0.3033355945671601,0.2594702265666359,0.03214049159636,0.0133216156418235,,,,,
xlm-roberta-base,10.0,de,affine,NM_minus_MN,4.0,0.6849858441658067,0.929798816348932,0.9998751752637316,9.633562407472153e-05,0.0033222591362126,-0.1970095727546869,0.0135771008792001,0.1477824005925902,0.036958188978233,,,,,
xlm-roberta-base,10.0,de,affine,NT_minus_TN,4.0,0.533379315377779,0.8964459889459664,0.9998729397789886,9.374888038593928e-05,0.0033222591362126,-0.2475202674659378,0.013460974482602,0.0079339845042502,0.2278241917871133,,,,,
xlm-roberta-base,10.0,de,affine,QM_minus_MQ,4.0,0.9594722199015476,0.8973467767403903,0.9998764765030737,8.005213780125347e-05,0.0033222591362126,0.0773960941147728,-0.2427111974514784,0.1363191842993546,0.0286731861945017,,,,,
xlm-roberta-base,10.0,de,affine,QT_minus_TQ,4.0,0.847188266320277,0.8860808673006585,0.9998851096195204,7.442540217914695e-05,0.0033222591362126,0.0428448760897027,-0.242064798196062,-0.0194754165278815,0.2187660253455585,,,,,
xlm-roberta-base,10.0,de,affine,MT_minus_TM,4.0,0.6844526057882319,0.9335240493981852,0.9998756748128876,9.475890093499138e-05,0.0033222591362126,-0.0398622692471777,-0.0010759288703909,-0.1470056483703345,0.1881716009893645,,,,,
xlm-roberta-base,10.0,ru,linear,NQ_minus_QN,4.0,0.9731035872692636,0.9506340617808968,0.9998764267387912,8.9456223865393e-05,0.0033222591362126,-0.1092559156704221,0.1347387168140758,-0.0040383428866993,-0.0203800260345155,,,,,
xlm-roberta-base,10.0,ru,linear,NM_minus_MN,4.0,0.724690180555358,0.917019142778914,0.9998746685016726,8.499564420460558e-05,0.0033222591362126,-0.2025369989418903,-0.0091918553003404,0.1615218508297035,0.0531072317813412,,,,,
xlm-roberta-base,10.0,ru,linear,NT_minus_TN,4.0,0.6180089383133662,0.8323684118036454,0.9998858458740048,8.979077677758311e-05,0.0033222591362126,-0.2945330997445981,0.0201824181895868,0.0153638243190783,0.261539890368701,,,,,
xlm-roberta-base,10.0,ru,linear,QM_minus_MQ,4.0,1.0199407661915156,0.9361417186104966,0.9998734961953684,8.71618682244871e-05,0.0033222591362126,-0.0104395140394116,-0.1479097221326431,0.138245801456054,0.0209374331071453,,,,,
xlm-roberta-base,10.0,ru,linear,QT_minus_TQ,4.0,0.952262951763053,0.910958130677918,0.999889296796052,7.026878362481938e-05,0.0033222591362126,-0.0306127933198745,-0.1848924616605172,0.0134505199008299,0.2026119567857311,,,,,
xlm-roberta-base,10.0,ru,linear,MT_minus_TM,4.0,0.721523109245335,0.9213236609368092,0.9998745798704248,8.705318757157017e-05,0.0033222591362126,-0.045291838333716,0.0181200719778837,-0.1623644810937214,0.1886737783275736,,,,,
xlm-roberta-base,10.0,ru,affine,NQ_minus_QN,4.0,0.825930225781845,0.8584492073712034,0.9998749257588392,8.971001578508809e-05,0.0033222591362126,-0.3024070427020028,0.2486951405329925,0.0263084202518328,0.0291090805154895,,,,,
xlm-roberta-base,10.0,ru,affine,NM_minus_MN,4.0,0.6707526438476906,0.9315728694667464,0.999879664867323,8.794141343536379e-05,0.0033222591362126,-0.2027742208155946,0.0113238620750066,0.1448426556999003,0.0490924010084597,,,,,
xlm-roberta-base,10.0,ru,affine,NT_minus_TN,4.0,0.5369624991622494,0.8771108312724788,0.9998772310322755,8.909816411356671e-05,0.0033222591362126,-0.2694731484911897,0.0184716683187308,0.0126857133147754,0.2404209962549505,,,,,
xlm-roberta-base,10.0,ru,affine,QM_minus_MQ,4.0,0.8872043358842293,0.9112950589495952,0.9998761056718948,8.476745510420467e-05,0.0033222591362126,0.0665220132807111,-0.2154403129648576,0.1324550612638268,0.0173158949335194,,,,,
xlm-roberta-base,10.0,ru,affine,QT_minus_TQ,4.0,0.7948044436993911,0.8910048347699717,0.999888708413676,7.713038973356964e-05,0.0033222591362126,0.0214279987354094,-0.2262301659039415,-0.0164733747801737,0.2216975644496394,,,,,
xlm-roberta-base,10.0,ru,affine,MT_minus_TM,4.0,0.6749301240760538,0.9429744309639512,0.999878970489652,8.941480056149898e-05,0.0033222591362126,-0.0399038556710044,0.0064892623386809,-0.1380084391000826,0.1707547997534497,,,,,
xlm-roberta-base,10.0,zh,linear,NQ_minus_QN,4.0,0.9941470024353138,0.9684007942877396,0.9998832141778242,8.307278064828391e-05,0.0033222591362126,-0.1144300742105417,0.102503272068965,0.0134022919962316,-0.0001209465210461,,,,,
xlm-roberta-base,10.0,zh,linear,NM_minus_MN,4.0,0.7142650600310074,0.9055655449734442,0.9998789079836332,8.221557487727961e-05,0.0033222591362126,-0.2137722095816074,0.0036401452564846,0.161115804393435,0.0512470638564327,,,,,
xlm-roberta-base,10.0,zh,linear,NT_minus_TN,4.0,0.5941079007231356,0.8370088770723166,0.9998772473370544,8.520054715392133e-05,0.0033222591362126,-0.2825249056259329,0.0138695310711116,0.0125066351534225,0.2587361828645385,,,,,
xlm-roberta-base,10.0,zh,linear,QM_minus_MQ,4.0,1.0372134989710229,0.9532119049985496,0.99987285551094,9.300503326488912e-05,0.0033222591362126,-0.0181310058028459,-0.1155167540199105,0.1298810500166971,0.004042677943871,,,,,
xlm-roberta-base,10.0,zh,linear,QT_minus_TQ,4.0,0.9438794668013486,0.9372577389429816,0.9998782212922552,8.616908048677742e-05,0.0033222591362126,-0.0384767974595943,-0.1502060643723519,-0.0110327804072123,0.2000465470052301,,,,,
xlm-roberta-base,10.0,zh,linear,MT_minus_TM,4.0,0.7153421882274007,0.9198410826538778,0.999873236449496,8.63165106557374e-05,0.0033222591362126,-0.0303735748957841,0.000353308086567,-0.1601929743047485,0.1900989974804608,,,,,
xlm-roberta-base,10.0,zh,affine,NQ_minus_QN,4.0,0.8255637842367489,0.867458209707682,0.9998791423542684,7.984694005061977e-05,0.0033222591362126,-0.2966029370159092,0.2385558241749567,0.0398615635042986,0.0206421996727222,,,,,
xlm-roberta-base,10.0,zh,affine,NM_minus_MN,4.0,0.6741905171659881,0.928029475364517,0.9998808072524684,8.491358637144003e-05,0.0033222591362126,-0.1950986982307333,0.0129814987941168,0.1443113689474071,0.0399185615312665,,,,,
xlm-roberta-base,10.0,zh,affine,NT_minus_TN,4.0,0.5330189419674605,0.8920908888813799,0.9998752200390294,9.089417247962732e-05,0.0033222591362126,-0.2456876049374938,0.0082845292751114,0.0104335536061123,0.2292086806115265,,,,,
xlm-roberta-base,10.0,zh,affine,QM_minus_MQ,4.0,0.8973389583025736,0.9161270585365968,0.9998874463659788,7.798434311368586e-05,0.0033222591362126,0.0567033263294428,-0.2055104019666501,0.1281267310970751,0.0205696579714597,,,,,
xlm-roberta-base,10.0,zh,affine,QT_minus_TQ,4.0,0.7939455420771474,0.8936014302787202,0.999876292461792,9.538431513989562e-05,0.0033222591362126,0.0224506666819235,-0.2242790206297771,-0.025572116664142,0.2272776281934769,,,,,
xlm-roberta-base,10.0,zh,affine,MT_minus_TM,4.0,0.6818957651235263,0.9378356287032782,0.999870002269164,8.904638414506214e-05,0.0033222591362126,-0.0274556444387439,-0.0024542499155028,-0.1425177566570148,0.1722851854501758,,,,,
xlm-roberta-base,10.0,ar,linear,NQ_minus_QN,4.0,1.0120301697218308,0.8740950706272148,0.999884461718148,8.1471497194553e-05,0.0033222591362126,-0.2296928147149228,0.2217597673355835,0.0094313222715435,0.0006198889295067,,,,,
xlm-roberta-base,10.0,ar,linear,NM_minus_MN,4.0,0.7111832271037893,0.8836281347453403,0.9998834862208082,7.495601587304682e-05,0.0033222591362126,-0.2531690386036241,-0.006935546118007,0.1992786471001026,0.0621041341585388,,,,,
xlm-roberta-base,10.0,ar,linear,NT_minus_TN,4.0,0.6236874436071159,0.8200898704731938,0.9998801174070072,8.945785253763025e-05,0.0033222591362126,-0.3204812798578136,0.0203423448208507,0.0314299710107963,0.271475372822078,,,,,
xlm-roberta-base,10.0,ar,linear,QM_minus_MQ,4.0,1.0653855263255454,0.8773547293110371,0.999878698114836,8.118175059936494e-05,0.0033222591362126,0.0159549838452488,-0.2310645472655698,0.179271882438275,0.0348317362945185,,,,,
xlm-roberta-base,10.0,ar,linear,QT_minus_TQ,4.0,0.9872379233531048,0.8733017075685043,0.999869775494965,8.93319350741066e-05,0.0033222591362126,-0.0142398141847235,-0.2392587904359176,0.0138436552798722,0.2397342904830129,,,,,
xlm-roberta-base,10.0,ar,linear,MT_minus_TM,4.0,0.7059247152976946,0.9143642541493364,0.999871559731489,8.634689818550914e-05,0.0033222591362126,-0.0267686954082808,0.0141207863720911,-0.1819811989326046,0.1956868164669316,,,,,
xlm-roberta-base,10.0,ar,affine,NQ_minus_QN,4.0,0.8788463222414491,0.8505059027448808,0.9998801947917374,8.104474462009211e-05,0.0033222591362126,-0.3196141626928501,0.2556114954527795,0.0509154085838421,0.0150539369512133,,,,,
xlm-roberta-base,10.0,ar,affine,NM_minus_MN,4.0,0.6549186320599251,0.9125907462128904,0.9998781401073048,9.348573059994094e-05,0.0033222591362126,-0.2282159373655174,0.0067175639864126,0.1703696907371873,0.0524277801921982,,,,,
xlm-roberta-base,10.0,ar,affine,NT_minus_TN,4.0,0.5420309843108412,0.8779833548949081,0.999871516592876,9.199809611446194e-05,0.0033222591362126,-0.2666740963114983,0.0073865740769087,0.0338971957212944,0.2276469678742569,,,,,
xlm-roberta-base,10.0,ar,affine,QM_minus_MQ,4.0,0.9254973713702462,0.8880269484455885,0.999875690486,8.41122158588002e-05,0.0033222591362126,0.040330376637591,-0.2466550756030398,0.1529568313363364,0.0526214435230933,,,,,
xlm-roberta-base,10.0,ar,affine,QT_minus_TQ,4.0,0.8451179222299546,0.8728088279930832,0.9998768727610486,8.383765641410428e-05,0.0033222591362126,0.0267739560181613,-0.2516490765448243,-0.0130951034687951,0.2383146439824546,,,,,
xlm-roberta-base,10.0,ar,affine,MT_minus_TM,4.0,0.658567205543114,0.9397897544709096,0.9998741093660316,9.6718129096059e-05,0.0033222591362126,-0.017291620187861,0.0003336649401443,-0.152707605127453,0.1704589007885869,,,,,
xlm-roberta-base,100.0,en,linear,NQ_minus_QN,4.0,0.5025741640856306,0.9930732362333908,0.9998794522903568,8.298035568638072e-05,0.0033222591362126,0.0135816731780792,0.058690410304265,-0.019664836111247,-0.052438267123789,,,,,
xlm-roberta-base,100.0,en,linear,NM_minus_MN,4.0,0.2946222460269674,0.760127009663986,0.999884388281165,8.286433601741673e-05,0.0033222591362126,-0.2762014939199705,-0.0113040946387549,0.2972483564104318,-0.0093172591977941,,,,,
xlm-roberta-base,100.0,en,linear,NT_minus_TN,4.0,0.2373687060276347,0.7498827406654478,0.999873974974292,9.05581390193717e-05,0.0033222591362126,-0.285933061240977,-0.0338747848147858,0.001804720477691,0.3186488575798594,,,,,
xlm-roberta-base,100.0,en,linear,QM_minus_MQ,4.0,0.4543723456336387,0.9068550918861868,0.9998695153851648,9.311570580766872e-05,0.0033222591362126,-0.1461605817236658,-0.1298263944534732,0.272111964341694,0.0040034369242293,,,,,
xlm-roberta-base,100.0,en,linear,QT_minus_TQ,4.0,0.4225802890013433,0.9027865207870364,0.9998790624379986,8.465909611431107e-05,0.0033222591362126,-0.1527534390029819,-0.1688698639324943,0.0122500148261341,0.3096790104911644,,,,,
xlm-roberta-base,100.0,en,linear,MT_minus_TM,4.0,0.2730097996573677,0.7127978997233804,0.9998829377392564,8.663227469712805e-05,0.0033222591362126,0.0079013882777982,-0.0162096514624838,-0.3301026788603669,0.3385922969270343,,,,,
xlm-roberta-base,100.0,en,affine,NQ_minus_QN,4.0,0.3759090416573579,0.742279536172073,0.9998820445946291,8.306540707202568e-05,0.0033222591362126,-0.3744384789530398,0.3215532063761114,0.0004908213093575,0.0528253656439733,,,,,
xlm-roberta-base,100.0,en,affine,NM_minus_MN,4.0,0.2772138259199717,0.6966571303683864,0.9998840732783828,7.379875970301873e-05,0.0033222591362126,-0.3663054384977722,0.0055907893067836,0.3467346971007616,0.0144734479782574,,,,,
xlm-roberta-base,100.0,en,affine,NT_minus_TN,4.0,0.2182446536536361,0.6497203941492554,0.999879065296308,8.323464554456046e-05,0.0033222591362126,-0.3978766413895566,-0.0074916788709457,-0.0026152497096334,0.4085187273914413,,,,,
xlm-roberta-base,100.0,en,affine,QM_minus_MQ,4.0,0.3675201374016371,0.751269473211917,0.999871897681182,9.125132190524498e-05,0.0033222591362126,0.0224882663412733,-0.3213364331688556,0.3244868422338212,-0.0256097974003447,,,,,
xlm-roberta-base,100.0,en,affine,QT_minus_TQ,4.0,0.3339697373931187,0.7476107907523055,0.9998798732101272,9.006375746237252e-05,0.0033222591362126,-0.0106767927933345,-0.3310597449410022,-0.0009460714828123,0.3427601207398185,,,,,
xlm-roberta-base,100.0,en,affine,MT_minus_TM,4.0,0.2505580747850512,0.6957863856414073,0.9998780726981654,8.987590359474889e-05,0.0033222591362126,-0.02857949675009,-0.0073431885394037,-0.3573250752284846,0.3932871604986353,,,,,
xlm-roberta-base,100.0,es,linear,NQ_minus_QN,4.0,0.4646593753379526,0.9631293481584536,0.9998752645468932,8.4521144954671e-05,0.0033222591362126,-0.0429125580191928,0.1314605130835682,-0.0113843419378113,-0.0769823859624531,,,,,
xlm-roberta-base,100.0,es,linear,NM_minus_MN,4.0,0.3044207139703686,0.7382209428697378,0.9998806638780688,9.33290637975226e-05,0.0033222591362126,-0.2906024487357567,-0.0018341180978123,0.3201011774938743,-0.0272063823664705,,,,,
xlm-roberta-base,100.0,es,linear,NT_minus_TN,4.0,0.2484561582497493,0.7186729680225461,0.999874801260449,9.52716426586817e-05,0.0033222591362126,-0.308311136664063,-0.0251761697151602,-0.0068330683317913,0.340900826841032,,,,,
xlm-roberta-base,100.0,es,linear,QM_minus_MQ,4.0,0.4504769022034788,0.8564707815422387,0.9998774868330452,8.43595003750179e-05,0.0033222591362126,-0.113420472688049,-0.191191299728915,0.2953915158240576,0.0094322311957938,,,,,
xlm-roberta-base,100.0,es,linear,QT_minus_TQ,4.0,0.4153053889362517,0.8233422415413935,0.9998814189362344,8.364375250098555e-05,0.0033222591362126,-0.1251126274450271,-0.2406128535650056,0.0081051506806264,0.3579518172029303,,,,,
xlm-roberta-base,100.0,es,linear,MT_minus_TM,4.0,0.2909376831974868,0.6766102835976018,0.9998767612114524,8.740731161208145e-05,0.0033222591362126,0.0022707139410215,-0.0147475409834378,-0.3568081955132316,0.3693611833146367,,,,,
xlm-roberta-base,100.0,es,affine,NQ_minus_QN,4.0,0.3704475122232536,0.6604353602455185,0.9998807908240812,8.495512033614554e-05,0.0033222591362126,-0.3793427554598194,0.4176854651417087,-0.0130746285844092,-0.0250846401442433,,,,,
xlm-roberta-base,100.0,es,affine,NM_minus_MN,4.0,0.2869429136657722,0.6821397274291001,0.9998733442990656,9.143146855407398e-05,0.0033222591362126,-0.377164807429043,0.0040919487309305,0.3684636897577666,0.0051480467149062,,,,,
xlm-roberta-base,100.0,es,affine,NT_minus_TN,4.0,0.2282242450848295,0.6419311439815386,0.9998778805265413,8.159292552874399e-05,0.0033222591362126,-0.4190809189306971,-0.0153698434699792,-0.0069706765801466,0.4418780897486128,,,,,
xlm-roberta-base,100.0,es,affine,QM_minus_MQ,4.0,0.3784948965008929,0.6778772545508097,0.9998827832763244,7.665894468468464e-05,0.0033222591362126,0.0140576467451158,-0.4057300521152558,0.361771151500753,0.0302151592720705,,,,,
xlm-roberta-base,100.0,es,affine,QT_minus_TQ,4.0,0.3405758693995565,0.6221275416992174,0.9998815284306136,8.18056443633083e-05,0.0033222591362126,-0.0204662533494293,-0.4372179532489382,0.0092525852734449,0.4486782243414483,,,,,
xlm-roberta-base,100.0,es,affine,MT_minus_TM,4.0,0.2681334362856888,0.6589597751771138,0.9998800996427342,9.840117203589923e-05,0.0033222591362126,-0.0372918412015226,-0.015615614628166,-0.3842185240140078,0.4370468630360526,,,,,
xlm-roberta-base,100.0,fr,linear,NQ_minus_QN,4.0,0.4712577081633297,0.988067968292542,0.9998762617588371,8.250239594720972e-05,0.0033222591362126,-0.0357457169309674,0.0697043961189807,0.0297371572208105,-0.0634404326262978,,,,,
xlm-roberta-base,100.0,fr,linear,NM_minus_MN,4.0,0.2817107194926578,0.7516802159971543,0.999879910822264,7.824100910113784e-05,0.0033222591362126,-0.2940449231966388,-0.0224749098995351,0.3211493855463244,-0.004365854025452,,,,,
xlm-roberta-base,100.0,fr,linear,NT_minus_TN,4.0,0.2297518272705927,0.7165044858677198,0.9998792293312332,8.667748335553958e-05,0.0033222591362126,-0.3166160387250596,-0.0516536684147849,-0.0020947060660469,0.3707320549533935,,,,,
xlm-roberta-base,100.0,fr,linear,QM_minus_MQ,4.0,0.4482512104941281,0.920227283937018,0.9998664446769548,9.774072632276648e-05,0.0033222591362126,-0.1622339178989371,-0.1362194757771934,0.2623558974013413,0.0360692360396139,,,,,
xlm-roberta-base,100.0,fr,linear,QT_minus_TQ,4.0,0.4053257854463527,0.881153851216041,0.9998778954267192,8.602685656486618e-05,0.0033222591362126,-0.178243990495964,-0.1798769534343233,-0.0327839566641956,0.3908965245516171,,,,,
xlm-roberta-base,100.0,fr,linear,MT_minus_TM,4.0,0.2806695113154113,0.6933512936309242,0.999871504889803,8.94835552256962e-05,0.0033222591362126,-0.0204933369206147,-0.0266972732942023,-0.3344348015726662,0.3817048079001492,,,,,
xlm-roberta-base,100.0,fr,affine,NQ_minus_QN,4.0,0.3517954440514007,0.7146930037291943,0.9998751964819949,9.001775890693479e-05,0.0033222591362126,-0.3733940525024559,0.3515574347114666,-0.0214427957544465,0.0437975090946636,,,,,
xlm-roberta-base,100.0,fr,affine,NM_minus_MN,4.0,0.2605566035591279,0.7213960186874031,0.9998757632935266,8.857813136559464e-05,0.0033222591362126,-0.3519793661501759,-0.0088478801894449,0.3467415664661629,0.0144346785910911,,,,,
xlm-roberta-base,100.0,fr,affine,NT_minus_TN,4.0,0.2088226203877257,0.6227686166812915,0.9998703565375312,9.309945972402816e-05,0.0033222591362126,-0.4189991951988007,-0.0047905817773718,-0.0198601190554725,0.4439452484253556,,,,,
xlm-roberta-base,100.0,fr,affine,QM_minus_MQ,4.0,0.3498344864898849,0.7118017575216987,0.9998757594850788,8.283369278769108e-05,0.0033222591362126,0.0130549269125913,-0.3656119038852729,0.3607135544253168,-0.0083391791694197,,,,,
xlm-roberta-base,100.0,fr,affine,QT_minus_TQ,4.0,0.3166138461460709,0.7055806499264798,0.9998877518672064,8.648557466841253e-05,0.0033222591362126,-0.0449099972975648,-0.3585473870139293,0.0004630035486261,0.4027678102922334,,,,,
xlm-roberta-base,100.0,fr,affine,MT_minus_TM,4.0,0.2561358580960876,0.6878386425724151,0.999871060941582,9.166814666606832e-05,0.0033222591362126,-0.0645609252294667,-0.0029039891729097,-0.3623575135006531,0.4297633784340586,,,,,
xlm-roberta-base,100.0,de,linear,NQ_minus_QN,4.0,0.4359559081987563,0.9206653565125512,0.9998773181067474,8.25121304110972e-05,0.0033222591362126,-0.1437661011076736,0.1608535651724338,0.0079114744112979,-0.0246728454770641,,,,,
xlm-roberta-base,100.0,de,linear,NM_minus_MN,4.0,0.2851811606381174,0.72225535288843,0.9998894575236806,7.701678237306532e-05,0.0033222591362126,-0.3191324478288377,-0.0016866751816825,0.3223130994285935,-0.0012202029703928,,,,,
xlm-roberta-base,100.0,de,linear,NT_minus_TN,4.0,0.2340032341735668,0.6317165293622337,0.999871056823318,8.958883690017992e-05,0.0033222591362126,-0.3598627335787619,-0.0217595113055988,-0.0025953183344292,0.3847481843333537,,,,,
xlm-roberta-base,100.0,de,linear,QM_minus_MQ,4.0,0.4514038046316003,0.8601210040798053,0.9998742311191832,9.237384425639706e-05,0.0033222591362126,-0.0990992947013844,-0.1892805999450641,0.2811773257411735,0.0071449009669923,,,,,
xlm-roberta-base,100.0,de,linear,QT_minus_TQ,4.0,0.4192195483079514,0.8274753833845164,0.999873099159854,9.84867530257189e-05,0.0033222591362126,-0.1377642172997275,-0.2201862990696949,-0.0159391911558961,0.3739997779790384,,,,,
xlm-roberta-base,100.0,de,linear,MT_minus_TM,4.0,0.2814292059667685,0.6854787491516279,0.9998788361484902,8.340457415562814e-05,0.0033222591362126,-0.0177764893338035,-0.0151798944234695,-0.3433039217423811,0.3764771501550925,,,,,
xlm-roberta-base,100.0,de,affine,NQ_minus_QN,4.0,0.3636320980551233,0.7105841226681593,0.9998875612066888,8.061468164528137e-05,0.0033222591362126,-0.3965821436462202,0.3411406994615154,0.019939382605759,0.0358107203878031,,,,,
xlm-roberta-base,100.0,de,affine,NM_minus_MN,4.0,0.2700535109309679,0.696035203993947,0.9998834356660166,8.034242665068592e-05,0.0033222591362126,-0.3844480254518547,0.0111342157948909,0.3489086421892959,0.0247603954343911,,,,,
xlm-roberta-base,100.0,de,affine,NT_minus_TN,4.0,0.2165167570152612,0.5740305469195653,0.9998679368843542,0.000102769117049,0.0033222591362126,-0.4504643446108382,-0.0051086597781948,-0.000736493437599,0.4567486873152067,,,,,
xlm-roberta-base,100.0,de,affine,QM_minus_MQ,4.0,0.3798141142832514,0.747838168361915,0.999872319358855,8.658750250462419e-05,0.0033222591362126,0.0291887003329697,-0.3292327243386785,0.3136953940314915,-0.0136375039358957,,,,,
xlm-roberta-base,100.0,de,affine,QT_minus_TQ,4.0,0.3462936302405835,0.7108120008642266,0.9998832411215532,8.774121487908044e-05,0.0033222591362126,-0.0249499139756823,-0.3477521994685294,-0.0186066561135971,0.3914067349565486,,,,,
xlm-roberta-base,100.0,de,affine,MT_minus_TM,4.0,0.2630068309119859,0.6746303633438223,0.9998758245963352,9.218868597774156e-05,0.0033222591362126,-0.0525053943059544,-0.0128211571342641,-0.3612287484058239,0.4266327711152244,,,,,
xlm-roberta-base,100.0,ru,linear,NQ_minus_QN,4.0,0.4202840113634969,0.9444172502431504,0.99987594947799,8.151411337771914e-05,0.0033222591362126,-0.0897954311973269,0.1223085414455539,-0.0069182916967908,-0.025426446773065,,,,,
xlm-roberta-base,100.0,ru,linear,NM_minus_MN,4.0,0.2867966756217168,0.6984529638986549,0.9998794305591636,7.931868216511994e-05,0.0033222591362126,-0.2886997561092449,-0.0210333550678064,0.3350043705706955,-0.024515368010355,,,,,
xlm-roberta-base,100.0,ru,linear,NT_minus_TN,4.0,0.2489619842371353,0.6297869336746486,0.999883844487039,8.726541136418406e-05,0.0033222591362126,-0.342911025882805,-0.0216854881110697,0.0011196930733747,0.3641514966616568,,,,,
xlm-roberta-base,100.0,ru,linear,QM_minus_MQ,4.0,0.4226461764391114,0.8624816240874984,0.9998848003005604,7.329297056781529e-05,0.0033222591362126,-0.1064380497722602,-0.1622614617545365,0.2877138545377651,-0.0185504794061323,,,,,
xlm-roberta-base,100.0,ru,linear,QT_minus_TQ,4.0,0.3935953603803084,0.833353724017004,0.9998805098949978,7.1736778147728e-05,0.0033222591362126,-0.1088524468305393,-0.2061381369563902,0.0052433319637457,0.3101503937193635,,,,,
xlm-roberta-base,100.0,ru,linear,MT_minus_TM,4.0,0.2795856632313516,0.643884627254561,0.9998768628267752,8.643531819068578e-05,0.0033222591362126,-0.0138857973374782,-0.0013298869465613,-0.3643252792133026,0.3793770735401017,,,,,
xlm-roberta-base,100.0,ru,affine,NQ_minus_QN,4.0,0.3424739007972955,0.6730054916596938,0.9998753134155672,9.49343628218146e-05,0.0033222591362126,-0.3935816250171573,0.3412728544701492,0.0267537206046848,0.0257406260024352,,,,,
xlm-roberta-base,100.0,ru,affine,NM_minus_MN,4.0,0.2657210864885953,0.6537691225450737,0.9998764302989068,8.058021601666234e-05,0.0033222591362126,-0.382079996673513,0.0155368306780294,0.3756785256599343,-0.0083274539748894,,,,,
xlm-roberta-base,100.0,ru,affine,NT_minus_TN,4.0,0.2133295296493601,0.5962363556000017,0.9998736890926386,9.362581835115684e-05,0.0033222591362126,-0.4121421546332093,-0.0004975116106396,-0.0014771714242644,0.4146420506157969,,,,,
xlm-roberta-base,100.0,ru,affine,QM_minus_MQ,4.0,0.3456980900808801,0.721007641019543,0.9998805952076452,8.583553879995903e-05,0.0033222591362126,0.0216796334835402,-0.3202016600059762,0.3249694116147194,-0.025886791504838,,,,,
xlm-roberta-base,100.0,ru,affine,QT_minus_TQ,4.0,0.3112705606601457,0.6857664224049581,0.9998869329216108,8.027061757252546e-05,0.0033222591362126,0.0078245846440886,-0.3416499423024064,-0.0298128899480564,0.3639364143292907,,,,,
xlm-roberta-base,100.0,ru,affine,MT_minus_TM,4.0,0.2540563035418116,0.6436508804545918,0.9998723292412453,9.065036895179824e-05,0.0033222591362126,-0.0209706338887151,-0.0124965233612021,-0.3853141345621858,0.4184795722836038,,,,,
xlm-roberta-base,100.0,zh,linear,NQ_minus_QN,4.0,0.4642341933215223,0.993198314056506,0.9998854184906348,7.773913811500901e-05,0.0033222591362126,-0.0185999043998809,0.0517351961544871,-0.0079570062192181,-0.0249426198715511,,,,,
xlm-roberta-base,100.0,zh,linear,NM_minus_MN,4.0,0.2823038606827429,0.7570514292932393,0.9998780703967304,8.737814032983128e-05,0.0033222591362126,-0.2722355822014053,-0.0140847129039635,0.2967950444490593,-0.0099362359623287,,,,,
xlm-roberta-base,100.0,zh,linear,NT_minus_TN,4.0,0.2385961332406873,0.6827132012563901,0.999870882687017,8.480246582669294e-05,0.0033222591362126,-0.3179551325702705,-0.0342856890960349,0.0020392473303429,0.3508424290150603,,,,,
xlm-roberta-base,100.0,zh,linear,QM_minus_MQ,4.0,0.4395226481529671,0.916561348165495,0.9998744335225912,9.443896030090308e-05,0.0033222591362126,-0.141940728512089,-0.1136765446717119,0.266056047216553,-0.0102609282173254,,,,,
xlm-roberta-base,100.0,zh,linear,QT_minus_TQ,4.0,0.4062605425889318,0.8964971202133557,0.9998757928575484,9.657678817244344e-05,0.0033222591362126,-0.1611616825827569,-0.1596514605286371,-0.011675161923109,0.3327160947775128,,,,,
xlm-roberta-base,100.0,zh,linear,MT_minus_TM,4.0,0.2745481685213863,0.6939384775001769,0.9998752922597992,8.348328059580004e-05,0.0033222591362126,-0.0149352621260701,-0.0180031665811124,-0.3282156624108815,0.361199313733003,,,,,
xlm-roberta-base,100.0,zh,affine,NQ_minus_QN,4.0,0.3412344700917667,0.7317563154411465,0.9998801388739502,7.922111459130299e-05,0.0033222591362126,-0.3792999147739571,0.3244560136132888,0.0368022361949862,0.0184883653208289,,,,,
xlm-roberta-base,100.0,zh,affine,NM_minus_MN,4.0,0.2632004821186202,0.7192887239789745,0.9998868500291296,8.455709894039163e-05,0.0033222591362126,-0.3500619569799701,0.0209812416167899,0.3337705123182891,-0.004096654564554,,,,,
xlm-roberta-base,100.0,zh,affine,NT_minus_TN,4.0,0.2173634598411128,0.6309890872466426,0.9998784198001998,9.562816313919714e-05,0.0033222591362126,-0.4048133474938611,-0.0069704880728812,-0.0077759511179537,0.4200828766716167,,,,,
xlm-roberta-base,100.0,zh,affine,QM_minus_MQ,4.0,0.3471810887932618,0.781003296437917,0.9998814116638088,8.949006951600542e-05,0.0033222591362126,0.0325828034380621,-0.298158274746218,0.2825854461996108,-0.0169082452186123,,,,,
xlm-roberta-base,100.0,zh,affine,QT_minus_TQ,4.0,0.3139522775412346,0.7221259752280189,0.9998773131642262,9.372449864709092e-05,0.0033222591362126,-0.0092987133324042,-0.3326457358644888,-0.0401304653724262,0.382111539414824,,,,,
xlm-roberta-base,100.0,zh,affine,MT_minus_TM,4.0,0.2572995712314289,0.684129002581762,0.9998708159944312,8.834209967444838e-05,0.0033222591362126,-0.0419967388880662,-0.022741319270795,-0.3509866568957477,0.4156430006895335,,,,,
xlm-roberta-base,100.0,ar,linear,NQ_minus_QN,4.0,0.4619057233025109,0.8941627794282169,0.9998853985815211,8.562709891763782e-05,0.0033222591362126,-0.1234293407268137,0.19227765629741,-0.0485744864350444,-0.0198890058220453,,,,,
xlm-roberta-base,100.0,ar,linear,NM_minus_MN,4.0,0.2960035217507223,0.6856553814388047,0.9998735626106058,8.862252596550397e-05,0.0033222591362126,-0.3204189812509772,-0.0201095774646613,0.3426767436613387,-0.0020657725864332,,,,,
xlm-roberta-base,100.0,ar,linear,NT_minus_TN,4.0,0.2593219206177734,0.6249529721581033,0.999880919404328,8.356286356273323e-05,0.0033222591362126,-0.3605207243448297,-0.0265374169989297,-0.0021151396947982,0.3899598817313164,,,,,
xlm-roberta-base,100.0,ar,linear,QM_minus_MQ,4.0,0.4709746155763301,0.7855526359104598,0.9998766535805936,8.784430981588666e-05,0.0033222591362126,-0.1129435348277231,-0.2448933059189189,0.3559244077670686,0.0016223288645446,,,,,
xlm-roberta-base,100.0,ar,linear,QT_minus_TQ,4.0,0.4424330086461219,0.7714280621435273,0.9998772818015212,9.063430374946026e-05,0.0033222591362126,-0.1342130852347717,-0.2824630887697621,0.0356701658037998,0.3813090554389183,,,,,
xlm-roberta-base,100.0,ar,linear,MT_minus_TM,4.0,0.2810893003285616,0.6390430347904296,0.9998727499829764,9.078317701652388e-05,0.0033222591362126,-0.0069454458237025,-0.002863399489272,-0.3747551309834758,0.3852348168848983,,,,,
xlm-roberta-base,100.0,ar,affine,NQ_minus_QN,4.0,0.3578477618972435,0.7381749721287967,0.9998788611828808,8.93875755707966e-05,0.0033222591362126,-0.3656763556007595,0.3125436604535385,0.0342874594387203,0.0191138179976066,,,,,
xlm-roberta-base,100.0,ar,affine,NM_minus_MN,4.0,0.2594155541220242,0.6657792152349158,0.9998792043632534,8.542259704136945e-05,0.0033222591362126,-0.3654556554706653,0.0072115302498073,0.3674981216592525,-0.0091611135087683,,,,,
xlm-roberta-base,100.0,ar,affine,NT_minus_TN,4.0,0.208411461041474,0.6257269372239761,0.9998732623498182,8.876591752805335e-05,0.0033222591362126,-0.3868711819289294,-0.0081124233626782,0.0005385432679645,0.3950652683576608,,,,,
xlm-roberta-base,100.0,ar,affine,QM_minus_MQ,4.0,0.3576442686786395,0.7499247192353088,0.9998784042630116,8.893598169108743e-05,0.0033222591362126,-0.0052447512790322,-0.3075019464408544,0.3204684701391436,-0.0079024514138798,,,,,
xlm-roberta-base,100.0,ar,affine,QT_minus_TQ,4.0,0.3259802088133146,0.7197621423598143,0.9998798897272574,8.356993169868412e-05,0.0033222591362126,-0.0109403221016086,-0.3268857768234769,-0.0246437742228705,0.3627774354702226,,,,,
xlm-roberta-base,100.0,ar,affine,MT_minus_TM,4.0,0.2418136801058145,0.649824162085765,0.9998730000064866,9.02501654328456e-05,0.0033222591362126,-0.0121167515957491,-0.0129607452954178,-0.3733786567318513,0.3989889580883535,,,,,
