model,language,template_id,triple,relative_signed_permutation_norm,null_mean,null_std,ratio_to_null_mean,null_percentile_smaller_is_better,p_smaller_or_equal_null
BAAI/bge-m3,en,0,NQM,0.5915107727050781,1.0964626951098442,0.6480308371489517,0.5394718628756273,19.580000000000002,0.39172165566886624
BAAI/bge-m3,en,0,NQT,0.7562903165817261,1.006795174908638,0.4610287128994544,0.7511858771567959,29.91,0.5982803439312138
BAAI/bge-m3,en,0,NMT,0.34286966919898987,0.5268072729885578,0.2570669818033108,0.6508446006321293,19.97,0.39952009598080385
BAAI/bge-m3,en,0,QMT,0.5492286682128906,0.7530713832259178,0.29323037983827294,0.7293182033546949,29.82,0.5964807038592281
BAAI/bge-m3,en,1,NQM,0.5799659490585327,0.960625208222866,0.5196225894233002,0.603738007386723,20.13,0.40271945610877824
BAAI/bge-m3,en,1,NQT,0.6039198637008667,0.8279042323589325,0.3979569733533931,0.729456185988323,30.03,0.6006798640271945
BAAI/bge-m3,en,1,NMT,0.663978099822998,0.76389199488163,0.3483354329674797,0.8692041601051423,59.300000000000004,0.6918616276744651
BAAI/bge-m3,en,1,QMT,0.43361085653305054,0.6138991074085236,0.23624542661967216,0.7063226697995421,20.5,0.41011797640471903
BAAI/bge-m3,en,2,NQM,0.5775823593139648,0.9135378491997719,0.46228779280862503,0.6322478699916759,15.08,0.3017396520695861
BAAI/bge-m3,en,2,NQT,0.6732804775238037,0.8941789077162743,0.41313758083402097,0.7529594712120907,19.67,0.3935212957408518
BAAI/bge-m3,en,2,NMT,0.5437217354774475,0.7010844942331315,0.31757032055143786,0.775543803848368,20.01,0.4003199360127974
BAAI/bge-m3,en,2,QMT,0.6588383913040161,0.8048158846855163,0.27310838608542953,0.8186200146392987,29.64,0.592881423715257
BAAI/bge-m3,en,3,NQM,0.6039319038391113,1.0853488493800163,0.6194845955497603,0.5564403594139697,19.52,0.3905218956208758
BAAI/bge-m3,en,3,NQT,0.7280274033546448,0.9886534843564033,0.46209749869141203,0.7363827821108039,29.97,0.5994801039792041
BAAI/bge-m3,en,3,NMT,0.4840507209300995,0.5896733855307102,0.2887601505335839,0.8208793762900279,55.13,0.6004799040191962
BAAI/bge-m3,en,3,QMT,0.6908416152000427,0.9152632650732994,0.3368046830824589,0.7548009862975998,44.67,0.5956808638272345
BAAI/bge-m3,en,4,NQM,0.6988610625267029,1.0578105861902236,0.5271413685575719,0.660667487780622,24.96,0.40351929614077187
BAAI/bge-m3,en,4,NQT,0.7316804528236389,0.9183295760393143,0.39658374244567723,0.796751484340213,14.9,0.2981403719256149
BAAI/bge-m3,en,4,NMT,0.44451168179512024,0.5594527478277683,0.26421797338851183,0.7945473206097683,4.95,0.09918016396720655
BAAI/bge-m3,en,4,QMT,0.68525230884552,0.8403929923892021,0.2920127677624831,0.81539507712524,29.82,0.5964807038592281
BAAI/bge-m3,en,5,NQM,0.565645158290863,1.0534898775815964,0.6284243820736207,0.5369251003994719,20.240000000000002,0.40491901619676063
BAAI/bge-m3,en,5,NQT,0.7801235318183899,1.0273339124917984,0.46214579585546606,0.7593670590757009,30.2,0.6040791841631674
BAAI/bge-m3,en,5,NMT,0.2933919131755829,0.4145741947591305,0.1794317576747101,0.7076945861170574,20.0,0.40011997600479904
BAAI/bge-m3,en,5,QMT,0.5641961097717285,0.7582748506426811,0.3011913072168546,0.7440522513608306,30.27,0.6054789042191562
BAAI/bge-m3,en,6,NQM,0.6075510382652283,1.0648223889350892,0.5989735183585956,0.5705656122353505,19.64,0.3929214157168566
BAAI/bge-m3,en,6,NQT,0.6524114608764648,0.8631550195217133,0.3966196843893717,0.7558450638880831,30.02,0.6004799040191962
BAAI/bge-m3,en,6,NMT,0.26677006483078003,0.3448891657590866,0.1447008247332853,0.7734950567172987,20.03,0.40071985602879423
BAAI/bge-m3,en,6,QMT,0.630156934261322,0.8024479028224945,0.23189312343118448,0.7852932658233025,30.0,0.6000799840031994
BAAI/bge-m3,en,7,NQM,0.6208378076553345,1.0220011557340622,0.5401689674991729,0.6074727060448422,19.61,0.39232153569286143
BAAI/bge-m3,en,7,NQT,0.7222753167152405,0.9578539877533913,0.42045349906738944,0.7540557600105154,55.15,0.6030793841231754
BAAI/bge-m3,en,7,NMT,0.31193020939826965,0.401562354683876,0.19183125515050842,0.7767914640381449,10.1,0.20215956808638272
BAAI/bge-m3,en,7,QMT,0.5349082350730896,0.76358321185112,0.2851084481429668,0.7005238286677825,30.16,0.6032793441311738
BAAI/bge-m3,en,8,NQM,0.6237900853157043,1.0598406798124314,0.5907802941080577,0.5885696757983596,19.76,0.39532093581283745
BAAI/bge-m3,en,8,NQT,0.6633873581886292,0.8772104891300201,0.4024313735446735,0.7562464954628988,29.900000000000002,0.5980803839232154
BAAI/bge-m3,en,8,NMT,0.27149394154548645,0.3356817257583141,0.14797211169124502,0.8087837993902275,19.7,0.394121175764847
BAAI/bge-m3,en,8,QMT,0.6235070824623108,0.8081785856842995,0.24187918610923978,0.7714966636162532,14.55,0.29114177164567084
BAAI/bge-m3,en,9,NQM,0.6223969459533691,0.982444507431984,0.524952463621279,0.6335186784031414,19.88,0.3977204559088182
BAAI/bge-m3,en,9,NQT,0.6894683837890625,0.8795775354981422,0.40335614635231654,0.7838631115081893,54.480000000000004,0.5924815036992601
BAAI/bge-m3,en,9,NMT,0.3924943804740906,0.49995997775197026,0.24045174117559612,0.7850516000063142,20.28,0.40571885622875425
BAAI/bge-m3,en,9,QMT,0.6069158911705017,0.790738351559639,0.23886664357682913,0.7675306123355008,29.91,0.5982803439312138
BAAI/bge-m3,en,10,NQM,0.5006888508796692,0.9807035998344421,0.5946579457594371,0.5105404435791636,19.28,0.3857228554289142
BAAI/bge-m3,en,10,NQT,0.6433690786361694,0.903557017493248,0.4316334498917145,0.7120403761794314,30.13,0.6026794641071785
BAAI/bge-m3,en,10,NMT,0.4623015522956848,0.5876696173489093,0.27972960180946743,0.7866691396782249,34.77,0.39812037592481503
BAAI/bge-m3,en,10,QMT,0.6110022068023682,0.8725507265329361,0.34178426981908777,0.7002483502930239,30.09,0.6018796240751849
BAAI/bge-m3,en,11,NQM,0.5577441453933716,1.0501721420526504,0.6341825152843108,0.5310978296402743,20.12,0.40251949610077986
BAAI/bge-m3,en,11,NQT,0.6871763467788696,0.9577405430555344,0.4570045560094449,0.7174973971403719,29.85,0.5970805838832234
BAAI/bge-m3,en,11,NMT,0.430391401052475,0.57408356949687,0.27008013825157406,0.7497016530692956,20.61,0.4123175364927015
BAAI/bge-m3,en,11,QMT,0.6545698046684265,0.8644496480107308,0.2983482387101263,0.7572098689310172,30.310000000000002,0.6062787442511498
BAAI/bge-m3,en,12,NQM,0.5010285973548889,0.9311373876094818,0.553666058193667,0.5380823539270038,20.42,0.40851829634073183
BAAI/bge-m3,en,12,NQT,0.6366745829582214,0.8405139590263366,0.35789899336867076,0.7574824619153225,30.87,0.6174765046990602
BAAI/bge-m3,en,12,NMT,0.4025903344154358,0.5184719844281673,0.23043758809435466,0.7764939022861262,20.61,0.4123175364927015
BAAI/bge-m3,en,12,QMT,0.5327963829040527,0.6668252005457879,0.19745611002929797,0.7990045704139057,49.47,0.5916816636672666
BAAI/bge-m3,en,13,NQM,0.6005680561065674,0.9765178277492523,0.5351146307454916,0.6150098226984594,36.410000000000004,0.4169166166766647
BAAI/bge-m3,en,13,NQT,0.7218940258026123,0.9595437640666962,0.44803561136446224,0.7523304854198213,30.26,0.6052789442111578
BAAI/bge-m3,en,13,NMT,0.47924333810806274,0.5733600094795227,0.26968881999624383,0.8358506526157418,45.37,0.5016996600679864
BAAI/bge-m3,en,13,QMT,0.6504426002502441,0.8653527089238167,0.3543786277990708,0.7516502733993934,38.410000000000004,0.5814837032593482
BAAI/bge-m3,en,14,NQM,0.6294373869895935,1.0195579412341118,0.55927191194132,0.6173630369913857,25.27,0.40531893621275744
BAAI/bge-m3,en,14,NQT,0.716556191444397,0.9749728894233703,0.4691287628088794,0.7349498629315282,40.25,0.6054789042191562
BAAI/bge-m3,en,14,NMT,0.2683708071708679,0.31215769191980364,0.14010204865028994,0.8597283171832116,15.1,0.20135972805438912
BAAI/bge-m3,en,14,QMT,0.5389631986618042,0.7949510441541672,0.3273616367726849,0.6779828803603704,30.29,0.6058788242351529
BAAI/bge-m3,en,15,NQM,0.5323324203491211,0.9840835403680801,0.5900109566257311,0.5409423067369565,20.57,0.41151769646070785
BAAI/bge-m3,en,15,NQT,0.6238236427307129,0.8746708639621734,0.3980390421626955,0.7132095836645794,30.53,0.6106778644271146
BAAI/bge-m3,en,15,NMT,0.4147808849811554,0.5413568596720696,0.2555918380458871,0.7661875481390324,5.0600000000000005,0.10137972405518897
BAAI/bge-m3,en,15,QMT,0.5656506419181824,0.8303558698654174,0.33500730227778247,0.6812147206343959,29.96,0.5992801439712058
BAAI/bge-m3,en,16,NQM,0.6222069263458252,0.979091303896904,0.47584341746055714,0.6354942831876144,35.050000000000004,0.40091981603679266
BAAI/bge-m3,en,16,NQT,0.7207399010658264,0.8937853081464767,0.38076959926837106,0.8063904099740501,35.6,0.609878024395121
BAAI/bge-m3,en,16,NMT,0.358322411775589,0.42605318481326104,0.1921839687676847,0.841027422273115,65.59,0.7058588282343531
BAAI/bge-m3,en,16,QMT,0.5459930300712585,0.6992990407943726,0.2692172613530464,0.7807718847293914,29.54,0.590881823635273
BAAI/bge-m3,en,17,NQM,0.6483761668205261,1.0391678823828696,0.5242569468749301,0.623937842779686,20.55,0.41111777644471104
BAAI/bge-m3,en,17,NQT,0.7518609762191772,0.919302141547203,0.4075041890769702,0.8178605729700172,30.36,0.6072785442911418
BAAI/bge-m3,en,17,NMT,0.33894556760787964,0.41003888292312624,0.18754982720806154,0.8266181128744278,20.32,0.3083383323335333
BAAI/bge-m3,en,17,QMT,0.5788454413414001,0.7382167027592659,0.30406907833386826,0.7841131732417315,29.59,0.591881623675265
BAAI/bge-m3,en,18,NQM,0.6738424301147461,1.025464755153656,0.4590437243094006,0.6571093026138379,34.94,0.3977204559088182
BAAI/bge-m3,en,18,NQT,0.7194565534591675,0.8800801763296128,0.37637656184042684,0.8174897842363114,30.16,0.6032793441311738
BAAI/bge-m3,en,18,NMT,0.41672271490097046,0.5534373446702957,0.2570438908954865,0.7529718023428208,20.29,0.40591881623675263
BAAI/bge-m3,en,18,QMT,0.551905632019043,0.6573674999833107,0.19440354256967368,0.8395693915993949,30.27,0.6054789042191562
BAAI/bge-m3,en,19,NQM,0.6885203719139099,1.158649117207527,0.6273997258410525,0.5942440741444883,19.29,0.3859228154369126
BAAI/bge-m3,en,19,NQT,0.7477699518203735,1.0336191773414611,0.4948399684579987,0.7234482178852033,30.2,0.6040791841631674
BAAI/bge-m3,en,19,NMT,0.5751404762268066,0.7182856509447098,0.32834028760427675,0.8007127463420226,29.990000000000002,0.40451909618076387
BAAI/bge-m3,en,19,QMT,0.4586739242076874,0.6793228309988976,0.2834563042481234,0.6751928586480211,29.740000000000002,0.594881023795241
BAAI/bge-m3,en,20,NQM,0.7899693846702576,1.129976442193985,0.47600309847826255,0.6991025256559666,29.650000000000002,0.39912017596480703
BAAI/bge-m3,en,20,NQT,0.7983043789863586,0.933551758980751,0.38138687414985756,0.8551259973598998,35.24,0.6040791841631674
BAAI/bge-m3,en,20,NMT,0.47056469321250916,0.5721817210197448,0.2664736614765051,0.8224042745948686,49.0,0.6908618276344731
BAAI/bge-m3,en,20,QMT,0.7406764626502991,0.8868853046655655,0.24476514461853993,0.8351434607756465,29.97,0.5994801039792041
BAAI/bge-m3,en,21,NQM,0.7122988700866699,1.1171606733083725,0.551268872439529,0.6375975158314714,19.71,0.39432113577284544
BAAI/bge-m3,en,21,NQT,0.7376614212989807,0.9811308457016945,0.43941433119329015,0.7518481602427464,30.57,0.6114777044591082
BAAI/bge-m3,en,21,NMT,0.47800377011299133,0.6973356806993485,0.35435711574547746,0.6854715502767941,4.91,0.09838032393521295
BAAI/bge-m3,en,21,QMT,0.43587997555732727,0.7703130737245083,0.4089607212235309,0.5658478226901389,34.81,0.5992801439712058
BAAI/bge-m3,en,22,NQM,0.6750918030738831,0.9843634637236596,0.48618977630463495,0.6858155833206705,35.29,0.40191961607678467
BAAI/bge-m3,en,22,NQT,0.7389363646507263,0.9639330435991287,0.45673125286512645,0.7665847431590503,30.02,0.6004799040191962
BAAI/bge-m3,en,22,NMT,0.46808287501335144,0.593749712663889,0.28151893014410834,0.7883504867943176,19.78,0.3957208558288342
BAAI/bge-m3,en,22,QMT,0.784177839756012,0.9853785345673561,0.37255113985284927,0.7958138037779767,29.37,0.5874825034993001
BAAI/bge-m3,en,23,NQM,0.7796607613563538,1.141784158194065,0.4991044000666971,0.6828442624294623,20.52,0.41051789642071584
BAAI/bge-m3,en,23,NQT,0.8045931458473206,1.0158489348053932,0.45207710302779,0.792040153096843,29.59,0.591881623675265
BAAI/bge-m3,en,23,NMT,0.31554949283599854,0.3714525683701038,0.17033740410880763,0.8495014429964725,49.69,0.7004599080183963
BAAI/bge-m3,en,23,QMT,0.5537971258163452,0.8131176913022995,0.339664698742422,0.6810786823844599,30.17,0.6034793041391722
BAAI/bge-m3,en,24,NQM,0.7397592067718506,1.0855714556097984,0.4745714332587497,0.6814468112148582,5.2700000000000005,0.10557888422315537
BAAI/bge-m3,en,24,NQT,0.7632988691329956,0.9810667613506318,0.4538597799857399,0.7780294870874906,20.990000000000002,0.41991601679664065
BAAI/bge-m3,en,24,NMT,0.6689162254333496,0.7535948238134385,0.3354797502451281,0.8876337844884937,54.78,0.6956608678264347
BAAI/bge-m3,en,24,QMT,0.4249812364578247,0.6197087922096253,0.2597563917084517,0.685775709171128,29.97,0.5994801039792041
BAAI/bge-m3,en,25,NQM,0.5546987056732178,0.9658255148649215,0.5405738446626268,0.5743260010585065,19.87,0.39752049590081984
BAAI/bge-m3,en,25,NQT,0.6663889288902283,0.8676361623764038,0.39724904995554017,0.7680511230240342,10.4,0.20815836832633472
BAAI/bge-m3,en,25,NMT,0.37069210410118103,0.43750909652709963,0.2060184834839961,0.8472786212740444,44.81,0.5984803039392121
BAAI/bge-m3,en,25,QMT,0.5449022054672241,0.73745991563797,0.2830169990717643,0.7388906080340587,30.22,0.6044791041791642
BAAI/bge-m3,en,26,NQM,0.6063967943191528,1.0103674507260323,0.5551401685214207,0.6001745146112996,19.62,0.3925214957008598
BAAI/bge-m3,en,26,NQT,0.6726290583610535,0.9138520380973816,0.43087797315386495,0.736037159539213,30.47,0.6094781043791242
BAAI/bge-m3,en,26,NMT,0.2799435257911682,0.37695584710240365,0.17454104248914365,0.7426427470015508,5.12,0.10257948410317937
BAAI/bge-m3,en,26,QMT,0.5958502888679504,0.827851886510849,0.29159125098779265,0.71975470319765,5.48,0.10977804439112178
BAAI/bge-m3,en,27,NQM,0.6610856652259827,1.020300174999237,0.5167279296598764,0.6479325216481796,14.86,0.29734053189362125
BAAI/bge-m3,en,27,NQT,0.7599323391914368,0.9691008137226105,0.4535881680490224,0.7841623166856313,30.04,0.6008798240351929
BAAI/bge-m3,en,27,NMT,0.3531915247440338,0.46172813967466353,0.20114408187755214,0.7649339392486015,19.98,0.3997200559888022
BAAI/bge-m3,en,27,QMT,0.6278530359268188,0.7376484364271164,0.24671905329900237,0.8511548387020853,29.94,0.598880223955209
BAAI/bge-m3,en,28,NQM,0.5670206546783447,0.9506326025724411,0.5313513789597288,0.5964666614035463,20.07,0.40151969606078786
BAAI/bge-m3,en,28,NQT,0.6776512861251831,0.9188941765546799,0.4451059770369457,0.737463903259508,30.34,0.6068786242751449
BAAI/bge-m3,en,28,NMT,0.28387451171875,0.3558909646332264,0.16808565000595815,0.7976446157055641,39.01,0.5874825034993001
BAAI/bge-m3,en,28,QMT,0.42185860872268677,0.5757388547897339,0.20380181633061403,0.732725618937116,29.8,0.5960807838432314
BAAI/bge-m3,en,29,NQM,0.7312296628952026,1.1106125341057778,0.5409043682617091,0.6584021343530956,45.11,0.6032793441311738
BAAI/bge-m3,en,29,NQT,0.6906553506851196,0.8801637454390526,0.38305162515173463,0.7846896151577056,44.77,0.6002799440111978
BAAI/bge-m3,en,29,NMT,0.7139571309089661,0.8817401122808456,0.4318712844377823,0.8097137931735058,34.94,0.4973005398920216
BAAI/bge-m3,en,29,QMT,0.6415111422538757,0.8187622251987458,0.22630210623293226,0.7835133601789852,29.68,0.5936812637472505
BAAI/bge-m3,en,30,NQM,0.6867625117301941,1.1365811951637268,0.6171988931103503,0.6042353284145796,19.76,0.39532093581283745
BAAI/bge-m3,en,30,NQT,0.77555251121521,1.0529197330951692,0.5062979236146723,0.7365732513480914,30.55,0.6110777844431113
BAAI/bge-m3,en,30,NMT,0.29430246353149414,0.3955545647025108,0.17820379011175927,0.7440249457166282,29.46,0.39852029594081184
BAAI/bge-m3,en,30,QMT,0.5655032992362976,0.8257845295786858,0.3331473571212482,0.6848073304595956,29.61,0.5922815436912617
BAAI/bge-m3,en,31,NQM,0.5431768894195557,1.0364007175207137,0.61846135028857,0.5240992988874262,19.95,0.39912017596480703
BAAI/bge-m3,en,31,NQT,0.5962767601013184,0.8638686838150025,0.4062643925708292,0.6902400460534819,29.64,0.592881423715257
BAAI/bge-m3,en,31,NMT,0.30848610401153564,0.4353218038737774,0.204317422032505,0.7086392210675331,14.97,0.2995400919816037
BAAI/bge-m3,en,31,QMT,0.5622437596321106,0.8411703571557999,0.3644892289481988,0.6684065300785492,10.36,0.20735852829434112
BAAI/bge-m3,en,32,NQM,0.5789110660552979,1.096962219953537,0.660568310176637,0.5277402042882484,19.990000000000002,0.39992001599680066
BAAI/bge-m3,en,32,NQT,0.6406852006912231,0.9152910538673401,0.42729915124527945,0.6999797474076289,54.74,0.5984803039392121
BAAI/bge-m3,en,32,NMT,0.2921143174171448,0.3795992864251137,0.1675695505573358,0.7695333681139644,19.900000000000002,0.39812037592481503
BAAI/bge-m3,en,32,QMT,0.5368624925613403,0.8415319313883781,0.38332438949884,0.6379585521787328,14.72,0.29454109178164367
BAAI/bge-m3,en,33,NQM,0.678784191608429,1.109894618320465,0.5428292195896355,0.6115753517527452,14.18,0.28374325134973005
BAAI/bge-m3,en,33,NQT,0.8150259256362915,1.0390675749063492,0.4672440331595837,0.7843820222269616,30.7,0.6140771845630874
BAAI/bge-m3,en,33,NMT,0.2745186686515808,0.3469065394639969,0.15284950615161322,0.7913332192438532,30.68,0.40511897620475906
BAAI/bge-m3,en,33,QMT,0.5236771702766418,0.7208353441357612,0.29295812643342123,0.7264865333480189,30.02,0.6004799040191962
BAAI/bge-m3,en,34,NQM,0.6857599020004272,1.0692773933291435,0.5247490406945219,0.641330216347982,25.1,0.40091981603679266
BAAI/bge-m3,en,34,NQT,0.7568292617797852,0.9895837841749191,0.43677554427169,0.7647955371560969,30.07,0.6014797040591882
BAAI/bge-m3,en,34,NMT,0.4063435196876526,0.518073281532526,0.24921905110527923,0.7843359890802571,20.43,0.40871825634873027
BAAI/bge-m3,en,34,QMT,0.47935837507247925,0.7604638182222844,0.34503857980816194,0.6303500095407983,24.82,0.496500699860028
BAAI/bge-m3,en,35,NQM,0.46182942390441895,0.9253080096364021,0.5928300118418489,0.499108857909265,19.98,0.3997200559888022
BAAI/bge-m3,en,35,NQT,0.5174776315689087,0.8125271232128143,0.4111328934410381,0.6368742861433512,29.35,0.5870825834833033
BAAI/bge-m3,en,35,NMT,0.6539456248283386,0.8650544047355652,0.4181082032743023,0.7559589561623983,14.65,0.29314137172565485
BAAI/bge-m3,en,35,QMT,0.38179445266723633,0.6718135117292404,0.35694103932693344,0.5683042183595466,25.19,0.5038992201559688
BAAI/bge-m3,en,36,NQM,0.6311521530151367,1.0125413478255272,0.5168537187134872,0.6233346957829798,15.18,0.3037392521495701
BAAI/bge-m3,en,36,NQT,0.692658543586731,0.9316321634531021,0.41613121131934844,0.7434892984143474,10.39,0.20795840831833634
BAAI/bge-m3,en,36,NMT,0.3659385144710541,0.45697647220492366,0.21515479486458514,0.800781958652248,20.26,0.40531893621275744
BAAI/bge-m3,en,36,QMT,0.47763746976852417,0.7765682976007462,0.3626453416557236,0.6150617675787158,4.75,0.09518096380723855
BAAI/bge-m3,en,37,NQM,0.5964878797531128,1.0224730245232583,0.5676870290546505,0.5833776201877304,19.66,0.39332133573285344
BAAI/bge-m3,en,37,NQT,0.7302032113075256,0.9688761575341225,0.4614104661999294,0.7536600066258264,29.95,0.5990801839632074
BAAI/bge-m3,en,37,NMT,0.39368441700935364,0.5008996628463268,0.23277777821658252,0.7859546456299928,19.85,0.397120575884823
BAAI/bge-m3,en,37,QMT,0.5299398899078369,0.6989467720985413,0.24524488975445446,0.7581977785174819,30.52,0.6104779044191162
BAAI/bge-m3,en,38,NQM,0.6858415603637695,1.078260917890072,0.5705549104712496,0.6360627089268709,29.34,0.3909218156368726
BAAI/bge-m3,en,38,NQT,0.6908366680145264,0.9650124848484993,0.4710901488836901,0.7158836583572982,9.81,0.19636072785442912
BAAI/bge-m3,en,38,NMT,0.3784472346305847,0.5010007627427578,0.22951661055428796,0.7553825518308553,29.8,0.40071985602879423
BAAI/bge-m3,en,38,QMT,0.548978865146637,0.8316434116244316,0.35678982299939505,0.6601132859017881,14.59,0.29194161167766447
BAAI/bge-m3,en,39,NQM,0.8082998991012573,1.1301669209480285,0.46622921431714204,0.715203996965783,19.72,0.3945210957808438
BAAI/bge-m3,en,39,NQT,0.8020199537277222,1.0306448618412019,0.471956323699416,0.7781729511503802,29.94,0.598880223955209
BAAI/bge-m3,en,39,NMT,0.5818939208984375,0.8854581062793732,0.4559839185986014,0.6571670830852222,29.95,0.39852029594081184
BAAI/bge-m3,en,39,QMT,0.514692485332489,0.7673538316011429,0.31430253929481905,0.6707368415140025,30.12,0.6024795040991802
BAAI/bge-m3,en,40,NQM,0.4987105429172516,0.9776798662066459,0.6071506814069081,0.5100959528313864,25.04,0.40111977604479104
BAAI/bge-m3,en,40,NQT,0.6763519644737244,0.9127346753358841,0.4194214989670365,0.7410170586803744,30.14,0.6028794241151769
BAAI/bge-m3,en,40,NMT,0.38930177688598633,0.5064054982066154,0.23254384397855604,0.7687550357646018,4.7,0.09418116376724656
BAAI/bge-m3,en,40,QMT,0.49650654196739197,0.693886549681425,0.2619551915842484,0.7155442661262579,30.27,0.6054789042191562
BAAI/bge-m3,en,41,NQM,0.6455588936805725,1.052467970919609,0.5113157468721332,0.6133762846159515,19.62,0.3925214957008598
BAAI/bge-m3,en,41,NQT,0.7775479555130005,0.9335050916433334,0.388954045012554,0.8329338130800975,29.67,0.5934813037392521
BAAI/bge-m3,en,41,NMT,0.46171146631240845,0.5854736108541488,0.26674679578622784,0.7886119164927483,19.400000000000002,0.38812237552489504
BAAI/bge-m3,en,41,QMT,0.5876855254173279,0.6954287377834321,0.243834318746552,0.8450693701408378,19.87,0.39752049590081984
BAAI/bge-m3,en,42,NQM,0.6321808695793152,1.0515605397582055,0.5304239980951132,0.6011835226567904,15.11,0.3023395320935813
BAAI/bge-m3,en,42,NQT,0.737034261226654,0.931133789563179,0.41331180965452663,0.7915449632341512,56.27,0.615876824635073
BAAI/bge-m3,en,42,NMT,0.5929610133171082,0.7789110131502152,0.37917173235330526,0.7612692635044213,24.34,0.3889222155568886
BAAI/bge-m3,en,42,QMT,0.7052857279777527,0.8944944008708,0.2882140709806011,0.788474167407153,30.07,0.6014797040591882
BAAI/bge-m3,en,43,NQM,0.7057538628578186,1.0788639821171762,0.5023992106345131,0.6541638932761331,34.63,0.3997200559888022
BAAI/bge-m3,en,43,NQT,0.7282496094703674,0.9556810494780541,0.41111099774229254,0.7620216073839065,30.11,0.6022795440911818
BAAI/bge-m3,en,43,NMT,0.5675114393234253,0.8790636853098869,0.47375543017065125,0.6455862627549231,20.02,0.40051989602079585
BAAI/bge-m3,en,43,QMT,0.46612516045570374,0.7360666007995605,0.3351173936583897,0.6332649245988567,10.01,0.20035992801439712
BAAI/bge-m3,en,44,NQM,0.5990127325057983,0.9619618991613388,0.5147951705121077,0.6226990206445902,19.91,0.39832033593281346
BAAI/bge-m3,en,44,NQT,0.6931058764457703,0.8788572088241577,0.40422417834928953,0.7886444686188592,29.82,0.5964807038592281
BAAI/bge-m3,en,44,NMT,0.4763756990432739,0.6037593519806862,0.27862266247068396,0.7890158512322701,20.0,0.40011997600479904
BAAI/bge-m3,en,44,QMT,0.549689769744873,0.7316125028014183,0.25580696131359487,0.751340043587697,29.92,0.5984803039392121
BAAI/bge-m3,en,45,NQM,0.5093631744384766,1.0176296349167824,0.6337828507383972,0.5005388571251953,19.78,0.3957208558288342
BAAI/bge-m3,en,45,NQT,0.740993082523346,1.0072571066260338,0.4690642429010336,0.7356543603893579,29.91,0.5982803439312138
BAAI/bge-m3,en,45,NMT,0.5791769027709961,0.7372378147244454,0.33899289400524096,0.7856039004004255,20.03,0.40071985602879423
BAAI/bge-m3,en,45,QMT,0.5311705470085144,0.7366259169697762,0.30671991393481124,0.7210858792381959,24.89,0.4979004199160168
BAAI/bge-m3,en,46,NQM,0.5279873609542847,0.9734724777579308,0.5783925707232893,0.5423752319837384,19.68,0.39372125574885025
BAAI/bge-m3,en,46,NQT,0.6405560970306396,0.8838807798385621,0.41580815058007553,0.7247087069218887,29.830000000000002,0.5966806638672265
BAAI/bge-m3,en,46,NMT,0.49308061599731445,0.5962216968774795,0.29241586825382265,0.8270088434869773,40.68,0.6076784643071386
BAAI/bge-m3,en,46,QMT,0.5997782945632935,0.8581859435558319,0.3423585636213904,0.6988908395276858,34.34,0.5940811837632474
BAAI/bge-m3,en,47,NQM,0.6340950727462769,1.0761204941630365,0.5892436462256212,0.5892417031225312,20.150000000000002,0.40311937612477505
BAAI/bge-m3,en,47,NQT,0.7630574703216553,0.9845117594480515,0.43551795146799616,0.7750618141409245,29.73,0.5946810637872425
BAAI/bge-m3,en,47,NMT,0.4836851954460144,0.6104322714567184,0.295010800238096,0.7923650469706808,4.9,0.09818036392721456
BAAI/bge-m3,en,47,QMT,0.5941994786262512,0.7823285784006119,0.2656743640184903,0.7595267449391531,29.87,0.5974805038992201
BAAI/bge-m3,en,48,NQM,0.5692313313484192,1.0274485514998435,0.6023030038910923,0.5540241703751644,40.17,0.6034793041391722
BAAI/bge-m3,en,48,NQT,0.6335632801055908,0.8493386647820472,0.37047579065744723,0.7459489440144899,29.93,0.5986802639472105
BAAI/bge-m3,en,48,NMT,0.5922921895980835,0.7835198932170868,0.3715808042814717,0.7559376535615586,15.14,0.30293941211757647
BAAI/bge-m3,en,48,QMT,0.5807410478591919,0.7894177890300751,0.2872864101269242,0.7356574122455344,10.700000000000001,0.21415716856628675
BAAI/bge-m3,en,49,NQM,0.7032570242881775,1.0672425332546234,0.5472253401449342,0.6589477109227383,4.8,0.09618076384723055
BAAI/bge-m3,en,49,NQT,0.7433679699897766,0.9501080599784851,0.4457336203266456,0.7824036036551754,29.32,0.5864827034593081
BAAI/bge-m3,en,49,NMT,0.28738677501678467,0.3512597815096378,0.16178495455205155,0.8181602054776693,49.79,0.7014597080583883
BAAI/bge-m3,en,49,QMT,0.6016022562980652,0.7242297180533409,0.20351624551422062,0.8306787767758038,29.95,0.5990801839632074
BAAI/bge-m3,en,50,NQM,0.5744959712028503,0.982164942908287,0.5554221572639183,0.5849281990264551,14.280000000000001,0.28574285142971406
BAAI/bge-m3,en,50,NQT,0.6399796605110168,0.8286845029592514,0.3589922372836215,0.7722838525697807,29.740000000000002,0.594881023795241
BAAI/bge-m3,en,50,NMT,0.3052483797073364,0.38439223225712776,0.174549184976124,0.7941065247706554,10.25,0.20515896820635873
BAAI/bge-m3,en,50,QMT,0.5363948345184326,0.6711348495960235,0.1835732623380376,0.7992355557761689,29.62,0.5924815036992601
BAAI/bge-m3,en,51,NQM,0.4683125615119934,1.01371140127182,0.6668474745862542,0.46197819312674027,20.36,0.40731853629274145
BAAI/bge-m3,en,51,NQT,0.64983069896698,0.9207275300741196,0.42064733751043915,0.7057795903137187,29.490000000000002,0.589882023595281
BAAI/bge-m3,en,51,NMT,0.43204253911972046,0.5968834969997406,0.28091541280448185,0.7238305989203524,19.86,0.39732053589282146
BAAI/bge-m3,en,51,QMT,0.5486385226249695,0.7548755836009979,0.28713401450372594,0.7267933081198116,34.83,0.5950809838032394
BAAI/bge-m3,en,52,NQM,0.5591422319412231,1.0228396637678145,0.6051408908983142,0.5466567750032054,19.97,0.39952009598080385
BAAI/bge-m3,en,52,NQT,0.6791638731956482,0.9305757692694664,0.4402407121020525,0.7298318907745525,53.69,0.588882223555289
BAAI/bge-m3,en,52,NMT,0.3700157105922699,0.4664903262257576,0.21710075218311056,0.7931905331996273,15.08,0.3017396520695861
BAAI/bge-m3,en,52,QMT,0.5399008989334106,0.7156434831619263,0.2699606173014542,0.754427185652852,44.52,0.595880823835233
BAAI/bge-m3,en,53,NQM,0.6586719751358032,0.986556202864647,0.48152989474060415,0.6676476953087525,35.7,0.40731853629274145
BAAI/bge-m3,en,53,NQT,0.7100622653961182,0.9351823950529099,0.4383790267784394,0.7592767669190197,29.8,0.5960807838432314
BAAI/bge-m3,en,53,NMT,0.7003475427627563,0.9250485685706139,0.45943477854312303,0.757092726324821,19.69,0.39392121575684863
BAAI/bge-m3,en,53,QMT,0.6563699245452881,0.8255688423156738,0.2766612292143917,0.7950517157399165,5.01,0.10037992401519696
BAAI/bge-m3,en,54,NQM,0.6677332520484924,1.0124206600785255,0.4635958564101203,0.659541313584061,19.75,0.395120975804839
BAAI/bge-m3,en,54,NQT,0.7646023631095886,0.893815512251854,0.35829764276856424,0.8554364436822262,30.16,0.6032793441311738
BAAI/bge-m3,en,54,NMT,0.6964169144630432,0.8130043148994446,0.3743275746093535,0.856596824517865,49.83,0.6980603879224155
BAAI/bge-m3,en,54,QMT,0.5830944776535034,0.6881904694080353,0.24698496144472776,0.8472864760161818,38.96,0.5824835032993402
BAAI/bge-m3,en,55,NQM,0.768339991569519,1.0831108058452605,0.4624042583144394,0.7093826295724162,20.02,0.40051989602079585
BAAI/bge-m3,en,55,NQT,0.7471680641174316,0.9312654318809509,0.4085697624746119,0.8023148272641395,29.62,0.5924815036992601
BAAI/bge-m3,en,55,NMT,0.5753205418586731,0.7075607755064964,0.3325205787505764,0.8131040636700441,20.12,0.40251949610077986
BAAI/bge-m3,en,55,QMT,0.7223362922668457,0.90370315721035,0.28800427453894173,0.7993070362792948,35.29,0.6086782643471306
BAAI/bge-m3,en,56,NQM,0.6474853754043579,0.9933295874714851,0.5195310236457615,0.6518333729008078,29.72,0.39632073585282945
BAAI/bge-m3,en,56,NQT,0.7162076234817505,0.9543487362027169,0.4481412930759092,0.7504674091472445,19.990000000000002,0.39992001599680066
BAAI/bge-m3,en,56,NMT,0.4000065326690674,0.5247033302307129,0.2541162831592086,0.7623479967097245,24.43,0.3925214957008598
BAAI/bge-m3,en,56,QMT,0.6450266242027283,0.8620648730278015,0.28682674338540914,0.74823443615847,5.38,0.10777844431113777
BAAI/bge-m3,en,57,NQM,0.6438087821006775,0.9949044503927231,0.5153899888748114,0.6471061435556921,30.2,0.40171965606878624
BAAI/bge-m3,en,57,NQT,0.707729160785675,0.9513361072301865,0.45729502989836657,0.7439317770093721,55.97,0.6092781443711258
BAAI/bge-m3,en,57,NMT,0.4086352586746216,0.5335920517683029,0.26184210802872854,0.7658196131663781,50.2,0.6042791441711658
BAAI/bge-m3,en,57,QMT,0.6134664416313171,0.8440697975039482,0.3041847884026614,0.7267958685936998,55.65,0.6060787842431514
BAAI/bge-m3,en,58,NQM,0.5865503549575806,0.9961031731843948,0.5603361691648099,0.5888449818725874,35.33,0.40771845630873826
BAAI/bge-m3,en,58,NQT,0.6541205644607544,0.9044365732312203,0.42200408340423456,0.7232354195088532,34.39,0.590881823635273
BAAI/bge-m3,en,58,NMT,0.44974076747894287,0.5860429972827434,0.2816742212776589,0.7674194036332673,20.07,0.40151969606078786
BAAI/bge-m3,en,58,QMT,0.611446738243103,0.8627163387537002,0.3306199108047541,0.7087459814725477,4.88,0.09778044391121776
BAAI/bge-m3,en,59,NQM,0.6958311796188354,1.0938695129156113,0.5448208113460515,0.6361189990234973,19.98,0.3997200559888022
BAAI/bge-m3,en,59,NQT,0.7495953440666199,0.9499233493328094,0.41237171902733716,0.7891113999801336,30.12,0.6024795040991802
BAAI/bge-m3,en,59,NMT,0.426401823759079,0.49582215650081635,0.22980674471198748,0.8599894501840741,34.33,0.39172165566886624
BAAI/bge-m3,en,59,QMT,0.536059558391571,0.7559739000797272,0.29585505778395266,0.7090979706234932,30.76,0.6152769446110777
BAAI/bge-m3,en,60,NQM,0.7848390340805054,1.1690967168331146,0.5378724634793314,0.6713208777164564,30.25,0.4003199360127974
BAAI/bge-m3,en,60,NQT,0.79734867811203,1.0360847710967065,0.47014928945982515,0.7695786101240139,24.79,0.4959008198360328
BAAI/bge-m3,en,60,NMT,0.4705997705459595,0.6122841540038586,0.2941762664253215,0.7685970108287747,19.72,0.3945210957808438
BAAI/bge-m3,en,60,QMT,0.6443538665771484,0.9081241432785988,0.33641084477156374,0.7095438122040555,54.72,0.595880823835233
BAAI/bge-m3,en,61,NQM,0.6781821846961975,1.0185198182463646,0.5028262913718023,0.665850749829484,19.89,0.39792041591681665
BAAI/bge-m3,en,61,NQT,0.7388405799865723,0.9661971428751945,0.44955272196981627,0.764689261848961,39.64,0.593881223755249
BAAI/bge-m3,en,61,NMT,0.507781982421875,0.6529171925842762,0.3193051912506815,0.7777126842245844,34.300000000000004,0.4923015396920616
BAAI/bge-m3,en,61,QMT,0.6415972113609314,0.8947314592123031,0.3488238420638258,0.7170835503258808,25.3,0.5060987802439512
BAAI/bge-m3,en,62,NQM,0.6084427237510681,1.0113848976731301,0.5534019852962391,0.6015936416989186,19.900000000000002,0.39812037592481503
BAAI/bge-m3,en,62,NQT,0.7150007486343384,0.9995339927911758,0.493826095473083,0.7153340994806988,30.47,0.6094781043791242
BAAI/bge-m3,en,62,NMT,0.5650337338447571,0.7841642217516899,0.3794072344940587,0.7205553609444805,20.62,0.41251749650069985
BAAI/bge-m3,en,62,QMT,0.5280506610870361,0.7868326387405395,0.3389024219871137,0.6711092487617196,29.8,0.5960807838432314
BAAI/bge-m3,en,63,NQM,0.5565550923347473,0.9914498301744461,0.552160854388997,0.561354770958264,20.22,0.40451909618076387
BAAI/bge-m3,en,63,NQT,0.6501641869544983,0.90829131783247,0.43198443456941327,0.7158101967828148,29.17,0.5834833033393322
BAAI/bge-m3,en,63,NMT,0.4722100794315338,0.5908737613976002,0.2824067681706199,0.7991725310560601,20.13,0.40271945610877824
BAAI/bge-m3,en,63,QMT,0.5776684880256653,0.8225518473982811,0.3192206497316072,0.7022882385494842,30.11,0.6022795440911818
BAAI/bge-m3,en,64,NQM,0.5809127688407898,0.9848567329883575,0.5551423847626139,0.5898449483891249,15.05,0.3011397720455909
BAAI/bge-m3,en,64,NQT,0.7019026279449463,0.9721957426428794,0.46934744733896283,0.7219766525989171,40.61,0.6052789442111578
BAAI/bge-m3,en,64,NMT,0.2937856912612915,0.3549971019744873,0.15964681012048126,0.8275720833393664,30.12,0.4973005398920216
BAAI/bge-m3,en,64,QMT,0.44371333718299866,0.6553484798908233,0.27069587800985273,0.6770647232694296,14.700000000000001,0.29414117176564686
BAAI/bge-m3,en,65,NQM,0.7865581512451172,1.1338986252307892,0.48596087375243524,0.6936759016568439,19.87,0.39752049590081984
BAAI/bge-m3,en,65,NQT,0.7714796662330627,1.0003626321434975,0.4599370411637906,0.771200004321659,30.79,0.615876824635073
BAAI/bge-m3,en,65,NMT,0.5397073030471802,0.7346209263443947,0.3561840707214811,0.7346745562124478,35.28,0.5100979804039192
BAAI/bge-m3,en,65,QMT,0.5430020689964294,0.8114420188426972,0.33591856218311067,0.669181600640063,30.16,0.6032793441311738
BAAI/bge-m3,en,66,NQM,0.5694336891174316,1.069836395072937,0.6471293531650838,0.5322624017460891,9.89,0.19796040791841632
BAAI/bge-m3,en,66,NQT,0.7483794093132019,1.0168237100601196,0.46943591972473775,0.7359972057184012,19.66,0.39332133573285344
BAAI/bge-m3,en,66,NMT,0.4347432553768158,0.5721122227072716,0.26248438409243435,0.7598915704314497,34.38,0.3929214157168566
BAAI/bge-m3,en,66,QMT,0.5427566766738892,0.7029159198880196,0.26138698836123697,0.772150212161339,55.04,0.6046790641871626
BAAI/bge-m3,en,67,NQM,0.6634339094161987,1.0276595816969871,0.5302712245132901,0.6455775056561205,15.0,0.3001399720055989
BAAI/bge-m3,en,67,NQT,0.6989367008209229,0.9156074263334274,0.43147399356164157,0.763358488275995,45.01,0.6054789042191562
BAAI/bge-m3,en,67,NMT,0.40930771827697754,0.5228526090443134,0.24573668913300695,0.7828357575270407,20.11,0.4023195360927814
BAAI/bge-m3,en,67,QMT,0.6044391393661499,0.7462738199472427,0.2336102704608552,0.8099428429742723,20.150000000000002,0.40311937612477505
BAAI/bge-m3,en,68,NQM,0.5403012037277222,0.9989851071357727,0.5809668227349125,0.5408501086430597,19.54,0.3909218156368726
BAAI/bge-m3,en,68,NQT,0.6323356032371521,0.8910708396434784,0.41020407254855024,0.7096356149298331,29.88,0.5976804639072185
BAAI/bge-m3,en,68,NMT,0.37537261843681335,0.4885205717623234,0.23012073967750987,0.7683865125308837,20.13,0.40271945610877824
BAAI/bge-m3,en,68,QMT,0.5526852011680603,0.8256829439997673,0.3373936771886813,0.6693673463691491,20.150000000000002,0.40311937612477505
BAAI/bge-m3,en,69,NQM,0.5988146662712097,0.9723607168674469,0.5022354814309642,0.6158359299003077,10.18,0.20375924815036991
BAAI/bge-m3,en,69,NQT,0.7332872748374939,0.956027516746521,0.40752484748541534,0.7670148212179013,24.88,0.4977004599080184
BAAI/bge-m3,en,69,NMT,0.3755272924900055,0.4779839287638664,0.21413442522717152,0.7856483657523511,5.26,0.10537892421515697
BAAI/bge-m3,en,69,QMT,0.5124014019966125,0.7015397546291351,0.2557592722147785,0.7303953890207693,30.09,0.6018796240751849
BAAI/bge-m3,en,70,NQM,0.7114657163619995,1.0925103468060493,0.5498441839409939,0.6512210327721986,20.04,0.40091981603679266
BAAI/bge-m3,en,70,NQT,0.6962020397186279,0.9309250251412392,0.4224846497697072,0.7478604838367653,54.730000000000004,0.5990801839632074
BAAI/bge-m3,en,70,NMT,0.36860427260398865,0.4865103951334953,0.2236780569895812,0.7576493252566338,19.48,0.38972205558888223
BAAI/bge-m3,en,70,QMT,0.560895562171936,0.8071699845314025,0.31226904915140224,0.6948915010719403,29.8,0.5960807838432314
BAAI/bge-m3,en,71,NQM,0.731211245059967,1.0948274958610535,0.5029279714001772,0.6678780427269232,31.38,0.41511697660467906
BAAI/bge-m3,en,71,NQT,0.7721655964851379,0.9882929046988487,0.4453172621727562,0.7813124963389775,40.25,0.6054789042191562
BAAI/bge-m3,en,71,NMT,0.44409745931625366,0.5406645402431488,0.2615842961696561,0.8213918728898179,40.45,0.6050789842031594
BAAI/bge-m3,en,71,QMT,0.546483039855957,0.7995093078136444,0.3215691798287658,0.683523049093322,29.740000000000002,0.594881023795241
BAAI/bge-m3,en,72,NQM,0.6432138681411743,1.026877879524231,0.49268790197121975,0.6263781516440486,24.93,0.4013197360527894
BAAI/bge-m3,en,72,NQT,0.7946707010269165,0.9437986380457878,0.3911420717370283,0.8419917861626768,30.44,0.608878224355129
BAAI/bge-m3,en,72,NMT,0.40444356203079224,0.5038177889585495,0.23106977806735116,0.8027576058122557,50.21,0.7010597880423916
BAAI/bge-m3,en,72,QMT,0.5899580121040344,0.7050893125772476,0.26482832180929705,0.836713876638945,30.52,0.6104779044191162
BAAI/bge-m3,en,73,NQM,0.6486055254936218,0.9265820811986923,0.46252074395880344,0.699997915623233,41.01,0.6116776644671066
BAAI/bge-m3,en,73,NQT,0.6351190805435181,0.8612909267425537,0.4150954738142894,0.7374036586508969,29.85,0.5970805838832234
BAAI/bge-m3,en,73,NMT,0.30169177055358887,0.39555937572717664,0.17523830418516342,0.762696548396081,19.8,0.396120775844831
BAAI/bge-m3,en,73,QMT,0.504459023475647,0.7024914295196533,0.27077522921569946,0.7180998974177747,15.26,0.3053389322135573
BAAI/bge-m3,en,74,NQM,0.5246220231056213,0.9430504622220993,0.5434877039832063,0.5563032352149047,14.4,0.2881423715256949
BAAI/bge-m3,en,74,NQT,0.6216200590133667,0.891370975637436,0.4433946933760492,0.6973752522827404,31.04,0.620875824835033
BAAI/bge-m3,en,74,NMT,0.26284369826316833,0.34228827053308486,0.1534377632909945,0.7679015639450448,19.69,0.39392121575684863
BAAI/bge-m3,en,74,QMT,0.4189178943634033,0.614202388548851,0.24989920020676823,0.6820518808995194,29.6,0.5920815836832634
BAAI/bge-m3,en,75,NQM,0.49788886308670044,0.92583704559803,0.5611658611749298,0.5377715932338386,26.04,0.3111377724455109
BAAI/bge-m3,en,75,NQT,0.6522306799888611,0.8717851651072502,0.3954235124863814,0.7481552865239145,5.2700000000000005,0.10557888422315537
BAAI/bge-m3,en,75,NMT,0.3448137938976288,0.4159056566298008,0.18646374061442123,0.8290673339019282,19.85,0.2997400519896021
BAAI/bge-m3,en,75,QMT,0.5435726046562195,0.7032048113942146,0.28703633114388183,0.7729932956199886,30.2,0.6040791841631674
BAAI/bge-m3,en,76,NQM,0.49360424280166626,0.9507870487809181,0.588723753776645,0.5191533092862777,29.67,0.39852029594081184
BAAI/bge-m3,en,76,NQT,0.6590009927749634,0.9009858078718186,0.4152797482718602,0.7314221678261847,49.47,0.595880823835233
BAAI/bge-m3,en,76,NMT,0.49093562364578247,0.6332643625676632,0.3143076944380936,0.7752459362381247,24.2,0.29574085182963405
BAAI/bge-m3,en,76,QMT,0.5806602835655212,0.7938895487427712,0.3264135491493701,0.731411925606455,4.87,0.09758048390321936
BAAI/bge-m3,en,77,NQM,0.5532881021499634,0.9664256928563117,0.5596235977655205,0.5725097193081908,20.28,0.40571885622875425
BAAI/bge-m3,en,77,NQT,0.5998430848121643,0.8507857729792595,0.4078352868676437,0.7050459749825674,29.5,0.5900819836032793
BAAI/bge-m3,en,77,NMT,0.2863036096096039,0.3719633523821831,0.1656377153723469,0.7697091871423515,20.650000000000002,0.41311737652469505
BAAI/bge-m3,en,77,QMT,0.4448501169681549,0.6130233792960644,0.21801852571762978,0.7256658261194724,29.830000000000002,0.5966806638672265
BAAI/bge-m3,en,78,NQM,0.4998035132884979,0.9071672924458981,0.5314254284813157,0.5509496621514872,5.47,0.10957808438312337
BAAI/bge-m3,en,78,NQT,0.6742799878120422,0.8659653980255126,0.3869623052075255,0.7786454162587664,29.44,0.588882223555289
BAAI/bge-m3,en,78,NMT,0.47659310698509216,0.5770178551316262,0.26837140836756906,0.825959028383183,35.44,0.5078984203159368
BAAI/bge-m3,en,78,QMT,0.5835310220718384,0.7344738196611404,0.28680021686929574,0.7944885255954581,29.8,0.5960807838432314
BAAI/bge-m3,en,79,NQM,0.6759663224220276,1.069310919380188,0.5484909922844934,0.6321513323862907,15.13,0.3027394521095781
BAAI/bge-m3,en,79,NQT,0.767781674861908,0.988468662238121,0.4228200046866171,0.7767385089606144,19.53,0.39072185562887424
BAAI/bge-m3,en,79,NMT,0.4202805161476135,0.546970741713047,0.25993817541183534,0.7683784233697342,35.54,0.40791841631673664
BAAI/bge-m3,en,79,QMT,0.6333286762237549,0.8652072490692139,0.2944141580196914,0.7319964978383562,30.240000000000002,0.6048790241951609
BAAI/bge-m3,en,80,NQM,0.5809769630432129,1.0571333277106285,0.6202232984866208,0.5495777569522389,24.94,0.397120575884823
BAAI/bge-m3,en,80,NQT,0.6517668962478638,0.8879822882413864,0.4050149659561318,0.7339863698609668,30.01,0.6002799440111978
BAAI/bge-m3,en,80,NMT,0.43163570761680603,0.536798033285141,0.26090496575933153,0.804093310428956,35.63,0.5082983403319337
BAAI/bge-m3,en,80,QMT,0.5518655180931091,0.8167583020925522,0.32428327957728226,0.6756778800760791,24.3,0.4861027794441112
BAAI/bge-m3,en,81,NQM,0.6285544633865356,1.0699665542125703,0.6013380473886831,0.5874524403695269,19.900000000000002,0.39812037592481503
BAAI/bge-m3,en,81,NQT,0.7289355397224426,1.033342408812046,0.5140675951655875,0.7054152945873363,29.97,0.5994801039792041
BAAI/bge-m3,en,81,NMT,0.5534953474998474,0.7334037842273712,0.3512027405061944,0.7546938799643514,19.89,0.39792041591681665
BAAI/bge-m3,en,81,QMT,0.5058354735374451,0.7598833875894546,0.3285254689957669,0.6656751309453145,55.18,0.6040791841631674
BAAI/bge-m3,en,82,NQM,0.5181306600570679,0.9662010103106499,0.5555792394287988,0.5362555560668932,29.41,0.39072185562887424
BAAI/bge-m3,en,82,NQT,0.5807065367698669,0.8378607281565666,0.39905354398936843,0.6930824148385916,29.73,0.5946810637872425
BAAI/bge-m3,en,82,NMT,0.6739366054534912,0.8330478484511376,0.3827150929387913,0.8090010756353475,39.88,0.5956808638272345
BAAI/bge-m3,en,82,QMT,0.5202913284301758,0.652918835234642,0.19218956710582738,0.796869841015384,4.73,0.09478104379124175
BAAI/bge-m3,en,83,NQM,0.6660400629043579,1.0277910959362984,0.550428316613014,0.648030582807258,30.060000000000002,0.3993201359728054
BAAI/bge-m3,en,83,NQT,0.6639522314071655,0.9004105780124664,0.4315989192309238,0.7373883066456329,14.950000000000001,0.2991401719656069
BAAI/bge-m3,en,83,NMT,0.45066455006599426,0.5165665647387505,0.24112972026742982,0.8724229960431952,49.96,0.7022595480903819
BAAI/bge-m3,en,83,QMT,0.5375505089759827,0.7602319388270378,0.2934795890101815,0.7070875104309121,25.45,0.5090981803639272
BAAI/bge-m3,en,84,NQM,0.46589094400405884,0.918011763203144,0.5531721004889,0.5074999718717719,19.740000000000002,0.39492101579684064
BAAI/bge-m3,en,84,NQT,0.5995033383369446,0.8575332417249679,0.41013588612421104,0.6991021562386511,29.78,0.5956808638272345
BAAI/bge-m3,en,84,NMT,0.3479997217655182,0.47943467551469804,0.2163285926490134,0.7258543020301912,20.57,0.41151769646070785
BAAI/bge-m3,en,84,QMT,0.4710952937602997,0.6316852547883988,0.22370041535788607,0.7457753528176955,29.88,0.5976804639072185
BAAI/bge-m3,en,85,NQM,0.4960891008377075,0.9295123981893063,0.5537936092763546,0.5337089659089618,38.96,0.5926814637072585
BAAI/bge-m3,en,85,NQT,0.6396459341049194,0.8766517673492432,0.41520872163322453,0.7296465460148507,30.16,0.6032793441311738
BAAI/bge-m3,en,85,NMT,0.7209638953208923,0.8459120573759079,0.39654752509524593,0.8522917826192621,35.32,0.3977204559088182
BAAI/bge-m3,en,85,QMT,0.5092501640319824,0.669003121984005,0.26897978360387625,0.7612074552372519,30.310000000000002,0.6062787442511498
BAAI/bge-m3,en,86,NQM,0.7279460430145264,1.0876340384244918,0.5443297069182287,0.6692931788603581,20.28,0.40571885622875425
BAAI/bge-m3,en,86,NQT,0.7321751117706299,0.9563661532640457,0.42928097147992655,0.7655803263958841,29.66,0.5932813437312537
BAAI/bge-m3,en,86,NMT,0.26583805680274963,0.3503844242751598,0.15437566105626846,0.7587039787853872,30.03,0.40471905618876225
BAAI/bge-m3,en,86,QMT,0.5887299180030823,0.8074742584943772,0.3028055370134306,0.72910054012137,30.060000000000002,0.6012797440511898
BAAI/bge-m3,en,87,NQM,0.6500976085662842,0.9854392105698585,0.512562192199485,0.6597034110198303,30.35,0.40271945610877824
BAAI/bge-m3,en,87,NQT,0.6917141079902649,0.9465913462638855,0.45685265442104095,0.7307420575094735,39.9,0.6012797440511898
BAAI/bge-m3,en,87,NMT,0.5103627443313599,0.631023514020443,0.2975265170263204,0.8087856204895989,19.64,0.3929214157168566
BAAI/bge-m3,en,87,QMT,0.7037985920906067,0.8517120963096618,0.3102232782113028,0.8263339162837208,15.120000000000001,0.3025394921015797
BAAI/bge-m3,en,88,NQM,0.6056805849075317,1.014708479499817,0.5365411252331799,0.596901077643004,20.02,0.40051989602079585
BAAI/bge-m3,en,88,NQT,0.7098064422607422,0.9620394060611724,0.4589765417631502,0.7378143117506254,29.93,0.5986802639472105
BAAI/bge-m3,en,88,NMT,0.34958305954933167,0.47838129010200503,0.20716547917059558,0.7307623997461512,29.88,0.39652069586082783
BAAI/bge-m3,en,88,QMT,0.4638437330722809,0.639974727165699,0.23669602318812993,0.7247844537952512,24.45,0.4891021795640872
BAAI/bge-m3,en,89,NQM,0.5235748291015625,1.0445722963571549,0.6538813183301265,0.5012336924183974,20.330000000000002,0.40671865626874626
BAAI/bge-m3,en,89,NQT,0.6719562411308289,0.922730267739296,0.42458331096280305,0.7282260749681532,30.22,0.6044791041791642
BAAI/bge-m3,en,89,NMT,0.30668994784355164,0.4382332644283772,0.19054939166431975,0.6998326524639614,19.900000000000002,0.39812037592481503
BAAI/bge-m3,en,89,QMT,0.7133901715278625,0.9293755858182907,0.31597768120919667,0.7676015837009251,39.68,0.597880423915217
BAAI/bge-m3,en,90,NQM,0.5396190881729126,0.9850166344404221,0.5746340035370613,0.5478273861627899,19.64,0.3929214157168566
BAAI/bge-m3,en,90,NQT,0.6525973081588745,0.8778244771718979,0.4081328998426772,0.7434257361569764,30.21,0.6042791441711658
BAAI/bge-m3,en,90,NMT,0.41084274649620056,0.5041786806643009,0.24110523202005613,0.8148752857896794,19.78,0.3957208558288342
BAAI/bge-m3,en,90,QMT,0.5553848743438721,0.7768378908038139,0.2860753961832546,0.7149302073415681,40.02,0.6014797040591882
BAAI/bge-m3,en,91,NQM,0.7029568552970886,1.1162378179550172,0.5674341736402588,0.6297554553242946,14.42,0.28854229154169164
BAAI/bge-m3,en,91,NQT,0.668423056602478,0.9215152264356613,0.4252915127983376,0.7253521563470562,29.73,0.5946810637872425
BAAI/bge-m3,en,91,NMT,0.30273035168647766,0.389082964938879,0.17308086251305188,0.7780611822294905,45.24,0.6050789842031594
BAAI/bge-m3,en,91,QMT,0.5293060541152954,0.7747650818824768,0.311858547643999,0.6831826401217473,30.26,0.6052789442111578
BAAI/bge-m3,en,92,NQM,0.6528453230857849,1.05970342618227,0.5526040735955654,0.6160641807464334,10.15,0.20315936812637472
BAAI/bge-m3,en,92,NQT,0.7070167660713196,0.8968588133692741,0.39263192880985065,0.7883256043551005,29.82,0.5964807038592281
BAAI/bge-m3,en,92,NMT,0.6782982349395752,0.7308113959550857,0.29216252080721894,0.9281440309947411,65.56,0.7054589082183563
BAAI/bge-m3,en,92,QMT,0.5470770597457886,0.6705657666563988,0.21492497554759796,0.8158440035983789,29.990000000000002,0.5998800239952009
BAAI/bge-m3,en,93,NQM,0.6455519795417786,0.9988791520237923,0.5297158268495968,0.6462763570880453,36.43,0.5120975804839032
BAAI/bge-m3,en,93,NQT,0.6822094917297363,0.9433075176000595,0.45354763055496167,0.7232100656471755,29.92,0.5984803039392121
BAAI/bge-m3,en,93,NMT,0.6694943904876709,0.856053770840168,0.4061866049473809,0.7820704882005464,34.99,0.4013197360527894
BAAI/bge-m3,en,93,QMT,0.5586078763008118,0.7413432683467865,0.266835216672112,0.7535077205810035,30.32,0.6064787042591482
BAAI/bge-m3,en,94,NQM,0.44782519340515137,0.9052206108927727,0.5777133201206741,0.4947138719731421,20.06,0.4013197360527894
BAAI/bge-m3,en,94,NQT,0.6222387552261353,0.8627962724328041,0.3930689340417208,0.7211885066110726,9.92,0.1985602879424115
BAAI/bge-m3,en,94,NMT,0.4044211506843567,0.5166658759713173,0.24033112502240003,0.7827518121324997,19.86,0.39732053589282146
BAAI/bge-m3,en,94,QMT,0.4984593093395233,0.7114764047801495,0.28414954411969967,0.7005985103509507,10.290000000000001,0.20595880823835233
BAAI/bge-m3,en,95,NQM,0.561337411403656,1.0135160816669464,0.5817476723546946,0.5538515091737483,14.76,0.2953409318136373
BAAI/bge-m3,en,95,NQT,0.6446241140365601,0.9323729443192482,0.46491324193386707,0.6913801156108481,4.98,0.09978004399120176
BAAI/bge-m3,en,95,NMT,0.5580123066902161,0.7375674641728401,0.3365334033186086,0.7565576490216439,19.32,0.38652269546090784
BAAI/bge-m3,en,95,QMT,0.44141849875450134,0.6328255161523819,0.258271210185373,0.6975358728226628,25.400000000000002,0.5080983803239352
BAAI/bge-m3,es,0,NQM,0.7925496101379395,1.1629354280233384,0.5455635506112015,0.6815078387321712,40.35,0.6140771845630874
BAAI/bge-m3,es,0,NQT,0.9226817488670349,1.0973892701983452,0.4543733349252041,0.8407971299914624,29.89,0.597880423915217
BAAI/bge-m3,es,0,NMT,0.6012926697731018,0.7115563865780831,0.31600154301136907,0.8450386801584467,64.51,0.6960607878424315
BAAI/bge-m3,es,0,QMT,0.356271892786026,0.5926944393455982,0.2858559139900199,0.6011055092380982,44.61,0.5930813837232554
BAAI/bge-m3,es,1,NQM,0.7862369418144226,1.1117661325097083,0.48417195143286584,0.7071963417691621,19.650000000000002,0.393121375724855
BAAI/bge-m3,es,1,NQT,0.7894873023033142,0.9733579409003258,0.4009922273890061,0.8110965854680878,29.53,0.5906818636272746
BAAI/bge-m3,es,1,NMT,0.3718956708908081,0.47683727672696113,0.22135033727780895,0.7799215561391126,20.150000000000002,0.40311937612477505
BAAI/bge-m3,es,1,QMT,0.5275704860687256,0.7371098055839539,0.27064199414893314,0.7157284872232265,29.86,0.5972805438912218
BAAI/bge-m3,es,2,NQM,0.7697919607162476,1.1512032966971397,0.547372179921918,0.6686846388680008,20.55,0.41111777644471104
BAAI/bge-m3,es,2,NQT,0.8001059889793396,0.9296780492424965,0.4052299201961677,0.8606269553534225,59.19,0.8940211957608478
BAAI/bge-m3,es,2,NMT,0.5333960652351379,0.6443857783794403,0.2655779129804599,0.8277589033323219,29.0,0.48730253949210156
BAAI/bge-m3,es,2,QMT,0.40167155861854553,0.6140287933766841,0.29320638746766714,0.6541575296640537,29.79,0.595880823835233
BAAI/bge-m3,es,3,NQM,0.7630332708358765,1.166807830762863,0.5865672091676357,0.6539493914232206,20.28,0.40571885622875425
BAAI/bge-m3,es,3,NQT,0.7399647831916809,1.0345280995488166,0.49837647048092953,0.7152679405360595,30.01,0.6002799440111978
BAAI/bge-m3,es,3,NMT,0.35644635558128357,0.5518460431218147,0.23457095098448086,0.6459163022429347,19.82,0.39652069586082783
BAAI/bge-m3,es,3,QMT,0.726457953453064,0.9886633760929108,0.44562707634689835,0.734787968300405,25.07,0.501499700059988
BAAI/bge-m3,es,4,NQM,0.688910722732544,1.1305501237750053,0.5729006624693355,0.6093588495055855,24.830000000000002,0.3957208558288342
BAAI/bge-m3,es,4,NQT,0.7292543053627014,0.9453291729450226,0.4326065734035653,0.7714289648864366,25.22,0.504499100179964
BAAI/bge-m3,es,4,NMT,0.46110036969184875,0.5962146114647389,0.27041417007736235,0.7733798548785576,20.27,0.4055188962207559
BAAI/bge-m3,es,4,QMT,0.6401936411857605,0.8386929545044899,0.32967277039576814,0.7633230227422519,24.95,0.4991001799640072
BAAI/bge-m3,es,5,NQM,0.7755444049835205,1.1534484736919404,0.5475354650902546,0.6723702208391653,34.62,0.3957208558288342
BAAI/bge-m3,es,5,NQT,0.7172423005104065,0.9865573827028274,0.4731566755725269,0.727015288806296,29.900000000000002,0.5980803839232154
BAAI/bge-m3,es,5,NMT,0.35821840167045593,0.44170646043419837,0.2085431728157227,0.8109874628447036,19.77,0.3955208958208358
BAAI/bge-m3,es,5,QMT,0.5998297929763794,0.938870793056488,0.47365099131362925,0.6388842824932262,30.12,0.6024795040991802
BAAI/bge-m3,es,6,NQM,0.7537574172019958,1.1992965558171271,0.6120638816715397,0.6284996096631023,4.79,0.09598080383923216
BAAI/bge-m3,es,6,NQT,0.8658328652381897,1.124284767127037,0.5236510276217344,0.7701188262560404,5.23,0.10477904419116177
BAAI/bge-m3,es,6,NMT,0.6999127864837646,0.8294184317111969,0.2610096869904616,0.8438596970155471,20.16,0.40331933613277343
BAAI/bge-m3,es,6,QMT,0.6901325583457947,0.9497938978910446,0.4370790866155,0.7266129629569766,29.38,0.5876824635072986
BAAI/bge-m3,es,7,NQM,0.9348408579826355,1.3053412496328354,0.6498230860260082,0.7161658748199906,24.560000000000002,0.3945210957808438
BAAI/bge-m3,es,7,NQT,0.8427345752716064,1.1395390026926995,0.5558355612803831,0.7395399133153917,20.32,0.4065186962607478
BAAI/bge-m3,es,7,NMT,0.4267803132534027,0.5348802680492402,0.2473633982378098,0.7978987798692102,19.740000000000002,0.39492101579684064
BAAI/bge-m3,es,7,QMT,0.6678863167762756,0.967369167637825,0.42841190480183755,0.6904151373838662,30.3,0.6060787842431514
BAAI/bge-m3,es,8,NQM,0.7217910885810852,1.1380447919368744,0.5394895249636895,0.634237855745565,20.080000000000002,0.40171965606878624
BAAI/bge-m3,es,8,NQT,0.7182974219322205,0.969112629032135,0.4544801649518618,0.7411908589498539,50.32,0.6030793841231754
BAAI/bge-m3,es,8,NMT,0.35365030169487,0.527503421664238,0.2182301943748158,0.6704227634741335,14.9,0.2981403719256149
BAAI/bge-m3,es,8,QMT,0.7350251078605652,1.0138060474395751,0.48043507635428745,0.7250155093434172,30.0,0.6000799840031994
BAAI/bge-m3,es,9,NQM,0.8189675807952881,1.1690939342021942,0.5388640547561775,0.7005147805795967,14.93,0.29874025194961007
BAAI/bge-m3,es,9,NQT,0.703120768070221,0.9495434362769127,0.4385744366321823,0.740482995518734,53.730000000000004,0.5864827034593081
BAAI/bge-m3,es,9,NMT,0.3920707106590271,0.46645006558895113,0.21619363122737095,0.8405416561859598,50.160000000000004,0.7074585082983403
BAAI/bge-m3,es,9,QMT,0.6509748697280884,0.9486288273334503,0.44309682364592956,0.6862271638500181,19.900000000000002,0.39812037592481503
BAAI/bge-m3,es,10,NQM,0.772389829158783,1.1703851669311522,0.5654336349135696,0.6599449915991277,20.0,0.40011997600479904
BAAI/bge-m3,es,10,NQT,0.8941202759742737,1.0442844876527786,0.3934641185854055,0.856203732359481,5.12,0.10257948410317937
BAAI/bge-m3,es,10,NMT,0.4758227467536926,0.6319180884957314,0.24779718501119843,0.7529816845180463,25.34,0.40351929614077187
BAAI/bge-m3,es,10,QMT,0.3413236439228058,0.604976575320959,0.3312009081800337,0.5641931569683648,44.99,0.594881023795241
BAAI/bge-m3,es,11,NQM,0.8046135902404785,1.1251242403149604,0.5379554082630047,0.7151331038912865,39.56,0.5906818636272746
BAAI/bge-m3,es,11,NQT,0.7270804047584534,0.9663842511653901,0.4520725346428281,0.7523719513029048,30.18,0.6036792641471705
BAAI/bge-m3,es,11,NMT,0.3620683550834656,0.44111962240338326,0.21722129548790728,0.8207940356630752,29.47,0.4871025794841032
BAAI/bge-m3,es,11,QMT,0.7463103532791138,1.0265510803818703,0.4688598512988217,0.7270075182238025,54.61,0.5932813437312537
BAAI/bge-m3,es,12,NQM,0.8472724556922913,1.205038400518894,0.6090536597817143,0.7031082622153363,39.27,0.592881423715257
BAAI/bge-m3,es,12,NQT,0.8536592721939087,1.112842839717865,0.5268225161278575,0.7670977803205048,19.28,0.3857228554289142
BAAI/bge-m3,es,12,NMT,0.43894830346107483,0.5252380001723767,0.24618726583563294,0.8357131496886777,44.800000000000004,0.5936812637472505
BAAI/bge-m3,es,12,QMT,0.4407537877559662,0.695560832720995,0.3136242832766557,0.6336667722233991,10.19,0.20395920815836832
BAAI/bge-m3,es,13,NQM,0.898384690284729,1.1949245629310608,0.4995945462959416,0.7518338129064035,40.46,0.6070785842831433
BAAI/bge-m3,es,13,NQT,0.8041186332702637,1.0553510174036027,0.48459176962004835,0.7619442441509287,29.45,0.5890821835632873
BAAI/bge-m3,es,13,NMT,0.46869033575057983,0.5664725501656532,0.2691402164727501,0.8273840199541772,34.75,0.498500299940012
BAAI/bge-m3,es,13,QMT,0.7492530345916748,1.0252780864953994,0.4645170574775284,0.7307803067868514,24.32,0.486502699460108
BAAI/bge-m3,es,14,NQM,0.8400976657867432,1.2850036597251893,0.6494130260115666,0.6537706405954926,20.14,0.4029194161167766
BAAI/bge-m3,es,14,NQT,0.8144148588180542,1.0688322283148766,0.4954707281215128,0.7619669740884409,44.82,0.595880823835233
BAAI/bge-m3,es,14,NMT,0.3686508238315582,0.5713029537796974,0.24807922544050398,0.6452807943525354,19.42,0.38852229554089185
BAAI/bge-m3,es,14,QMT,0.8250857591629028,1.0556218146562577,0.4753869649490694,0.7816111297688499,30.490000000000002,0.609878024395121
BAAI/bge-m3,es,15,NQM,0.859605073928833,1.2169752996206284,0.5880344060682241,0.7063455389736292,19.78,0.3957208558288342
BAAI/bge-m3,es,15,NQT,0.867726743221283,1.0991974422574042,0.5002316002091727,0.7894184519192994,29.79,0.595880823835233
BAAI/bge-m3,es,15,NMT,0.45359712839126587,0.5511357970058918,0.2649069707728686,0.8230224399406846,34.38,0.4931013797240552
BAAI/bge-m3,es,15,QMT,0.865829348564148,1.127153544974327,0.5028193137832876,0.7681556363140396,30.07,0.6014797040591882
BAAI/bge-m3,es,16,NQM,0.7797611951828003,1.191594314301014,0.5700656843461173,0.6543847900445477,30.51,0.40411917616476706
BAAI/bge-m3,es,16,NQT,0.7791690230369568,1.0145329481959342,0.46045618738112437,0.7680076082513879,35.21,0.598880223955209
BAAI/bge-m3,es,16,NMT,0.47963249683380127,0.591051210129261,0.28021806394896864,0.81149059271547,35.02,0.5036992601479704
BAAI/bge-m3,es,16,QMT,0.6863686442375183,0.8992940801739693,0.3228443454597423,0.7632304708421704,39.27,0.5880823835232953
BAAI/bge-m3,es,17,NQM,0.660115659236908,1.0848227467656135,0.5640014109596487,0.6085009382449129,20.12,0.40251949610077986
BAAI/bge-m3,es,17,NQT,0.85816490650177,1.0898841720819474,0.49656771833913627,0.7873909250940639,30.060000000000002,0.6012797440511898
BAAI/bge-m3,es,17,NMT,0.4870157241821289,0.5876955931544304,0.2634492719792618,0.8286870445416556,46.17,0.6106778644271146
BAAI/bge-m3,es,17,QMT,0.5154746174812317,0.7386648640751838,0.3258858397811415,0.6978464017317427,45.37,0.6086782643471306
BAAI/bge-m3,es,18,NQM,0.7175734043121338,1.1437824501037597,0.5780352765499897,0.6273687835011027,29.86,0.4013197360527894
BAAI/bge-m3,es,18,NQT,0.8152786493301392,1.0481361158132554,0.44365032378249875,0.7778366159024884,54.65,0.5992801439712058
BAAI/bge-m3,es,18,NMT,0.5041176080703735,0.6145798371076584,0.24751348312920982,0.8202638251883376,30.150000000000002,0.508498300339932
BAAI/bge-m3,es,18,QMT,0.5838836431503296,0.7309917351603508,0.26631703627087405,0.7987554647542626,54.15,0.5920815836832634
BAAI/bge-m3,es,19,NQM,0.7676125764846802,1.1063709542751312,0.5312855066408579,0.693811215413648,40.49,0.6102779444111178
BAAI/bge-m3,es,19,NQT,0.6820933222770691,0.9489543984293938,0.45419701974597054,0.7187840884717718,30.69,0.613877224555089
BAAI/bge-m3,es,19,NMT,0.3983726501464844,0.4700613646566868,0.22474863057294636,0.8474907322719272,49.44,0.6988602279544092
BAAI/bge-m3,es,19,QMT,0.7171272039413452,1.0020259142398835,0.4670590907421018,0.7156773031011154,30.240000000000002,0.6048790241951609
BAAI/bge-m3,es,20,NQM,0.9123806357383728,1.3783908309578896,0.624321183922207,0.6619172264107903,20.330000000000002,0.40671865626874626
BAAI/bge-m3,es,20,NQT,0.8323656916618347,1.0524960807919501,0.4755175199804984,0.7908492077564134,29.69,0.593881223755249
BAAI/bge-m3,es,20,NMT,0.4377789795398712,0.5889247270405292,0.29227793526144863,0.7433530287292562,9.43,0.1887622475504899
BAAI/bge-m3,es,20,QMT,0.6913408637046814,0.8747927626848221,0.28352744047259304,0.7902910188489676,25.09,0.39812037592481503
BAAI/bge-m3,es,21,NQM,0.7303910255432129,1.1733048515319824,0.5825736685229423,0.6225074622242632,20.330000000000002,0.40671865626874626
BAAI/bge-m3,es,21,NQT,0.7739206552505493,0.9975035847902298,0.4327982380089595,0.7758575177577184,30.29,0.6058788242351529
BAAI/bge-m3,es,21,NMT,0.7057650685310364,0.7957299271464348,0.30825140548777297,0.8869404611450168,49.83,0.6992601479704059
BAAI/bge-m3,es,21,QMT,0.3970692455768585,0.6627408248066902,0.36428274196236926,0.5991320146787057,10.5,0.21015796840631873
BAAI/bge-m3,es,22,NQM,0.8573129773139954,1.28354445374012,0.6276739791317645,0.6679262060735047,10.200000000000001,0.20415916816636673
BAAI/bge-m3,es,22,NQT,0.85670405626297,1.1205651473164557,0.4949935243366426,0.7645285580350697,39.730000000000004,0.5986802639472105
BAAI/bge-m3,es,22,NMT,0.505605161190033,0.6199030755579472,0.2901424194120652,0.8156197010865684,28.57,0.48050389922015596
BAAI/bge-m3,es,22,QMT,0.7624512910842896,0.9522403531551361,0.300483264222931,0.8006920611557748,50.620000000000005,0.6044791041791642
BAAI/bge-m3,es,23,NQM,0.774096667766571,1.049006865978241,0.4885050570806939,0.7379328895468733,24.810000000000002,0.39732053589282146
BAAI/bge-m3,es,23,NQT,0.8278957009315491,0.9955358802318574,0.39515147227113234,0.8316080990851912,29.52,0.5904819036192761
BAAI/bge-m3,es,23,NMT,0.3649095594882965,0.4481032710671425,0.2070134237363991,0.8143425479096875,29.66,0.4999000199960008
BAAI/bge-m3,es,23,QMT,0.49763771891593933,0.6664772449195385,0.21731236782093152,0.7466687313162068,34.59,0.5950809838032394
BAAI/bge-m3,es,24,NQM,0.7867942452430725,1.0570580465197563,0.521499185154212,0.7443245409585206,39.95,0.5950809838032394
BAAI/bge-m3,es,24,NQT,0.8468242883682251,1.0083271815538406,0.4435607695071373,0.8398308642859572,30.11,0.6022795440911818
BAAI/bge-m3,es,24,NMT,0.4321781098842621,0.5465021235346794,0.27392654684217216,0.790807741218313,19.6,0.39212157568486306
BAAI/bge-m3,es,24,QMT,0.5967060327529907,0.8058284084320069,0.3192992824390414,0.7404877099249081,29.92,0.5984803039392121
BAAI/bge-m3,es,25,NQM,0.7701406478881836,1.1894767943263054,0.5815379646114704,0.6474616836251333,15.21,0.3043391321735653
BAAI/bge-m3,es,25,NQT,0.7717442512512207,0.9840445119380951,0.43155125276742334,0.7842574618199648,30.39,0.607878424315137
BAAI/bge-m3,es,25,NMT,0.5403754711151123,0.6813303069114685,0.2741593066536649,0.7931182065918803,29.330000000000002,0.4931013797240552
BAAI/bge-m3,es,25,QMT,0.43337616324424744,0.6496792752146721,0.31444948217942315,0.6670617022535941,30.5,0.6100779844031193
BAAI/bge-m3,es,26,NQM,0.7618778944015503,1.3002782634735108,0.6827827571284283,0.5859345001782268,19.6,0.39212157568486306
BAAI/bge-m3,es,26,NQT,0.7412863969802856,1.0470443081378937,0.5231703199323603,0.7079799691551846,30.77,0.6154769046190762
BAAI/bge-m3,es,26,NMT,0.3831343352794647,0.5875520721971988,0.25007460740547904,0.6520857527504764,35.42,0.4023195360927814
BAAI/bge-m3,es,26,QMT,0.7746608257293701,1.0221809484958648,0.455093546287019,0.7578509723435195,30.01,0.6002799440111978
BAAI/bge-m3,es,27,NQM,0.8720871806144714,1.3139615546822547,0.637880756915165,0.66370829306699,20.09,0.40191961607678467
BAAI/bge-m3,es,27,NQT,0.7806414365768433,1.0073927381753922,0.4598172816026766,0.7749127098037057,4.92,0.09858028394321136
BAAI/bge-m3,es,27,NMT,0.5115410685539246,0.635319775235653,0.3033607787114199,0.8051710154360904,14.59,0.29194161167766447
BAAI/bge-m3,es,27,QMT,0.43116259574890137,0.7359536073029042,0.3950649620783021,0.5858556727895179,35.81,0.6196760647870426
BAAI/bge-m3,es,28,NQM,0.799484133720398,1.0858304720878602,0.45577777633733835,0.7362881722985678,20.0,0.40011997600479904
BAAI/bge-m3,es,28,NQT,0.8236557245254517,0.9827585870981217,0.43063122981969665,0.8381058536020477,49.620000000000005,0.594881023795241
BAAI/bge-m3,es,28,NMT,0.35211125016212463,0.4333998467624188,0.2053173212378466,0.812439720022173,19.81,0.39632073585282945
BAAI/bge-m3,es,28,QMT,0.48433563113212585,0.6884455649793148,0.25123621932591716,0.7035205915604597,29.91,0.5982803439312138
BAAI/bge-m3,es,29,NQM,0.7000450491905212,1.126006929576397,0.5551009529609058,0.6217058090870328,5.03,0.10077984403119376
BAAI/bge-m3,es,29,NQT,0.8243429660797119,0.9733069152116776,0.4088925137404545,0.8469506927314746,30.63,0.6126774645070986
BAAI/bge-m3,es,29,NMT,0.44598501920700073,0.5951971416056157,0.26667326182559575,0.7493063861213335,29.16,0.3859228154369126
BAAI/bge-m3,es,29,QMT,0.44193169474601746,0.6742306429028511,0.2941139393247575,0.655460708286199,30.26,0.6052789442111578
BAAI/bge-m3,es,30,NQM,0.8804881572723389,1.2225199759125709,0.6006780320925957,0.7202239428557093,19.94,0.39892021595680865
BAAI/bge-m3,es,30,NQT,0.749637246131897,1.0450736799716949,0.5022808829958252,0.71730564121707,29.8,0.5960807838432314
BAAI/bge-m3,es,30,NMT,0.3597729504108429,0.45293006009459497,0.20679049328898574,0.7943234112898349,34.62,0.39652069586082783
BAAI/bge-m3,es,30,QMT,0.71808922290802,0.9773504853487015,0.4078869211378887,0.7347305124129382,49.68,0.6016796640671865
BAAI/bge-m3,es,31,NQM,0.7648955583572388,1.1703357652783395,0.5707125052329078,0.6535693268971157,14.82,0.2965406918616277
BAAI/bge-m3,es,31,NQT,0.7345325946807861,0.9386122038722038,0.41472977183307347,0.78257302818962,29.53,0.5906818636272746
BAAI/bge-m3,es,31,NMT,0.557060956954956,0.6317558002948761,0.2396854305504448,0.8817662721799507,44.35,0.4921015796840632
BAAI/bge-m3,es,31,QMT,0.6404489278793335,0.8486678245186806,0.3635245306279744,0.7546520668929655,29.37,0.5874825034993001
BAAI/bge-m3,es,32,NQM,0.7591050267219543,1.1276544864177704,0.5158528526782147,0.6731716459823935,20.57,0.41151769646070785
BAAI/bge-m3,es,32,NQT,0.755693793296814,0.9401123998403549,0.4130934320869203,0.8038334495155454,30.05,0.6010797840431914
BAAI/bge-m3,es,32,NMT,0.4506714344024658,0.6180961200952529,0.2488132066206686,0.7291283988844406,20.19,0.4039192161567686
BAAI/bge-m3,es,32,QMT,0.6209396719932556,0.8553691909074783,0.39588782575945647,0.7259317714421797,49.84,0.6014797040591882
BAAI/bge-m3,es,33,NQM,0.6799511909484863,1.1765668624520302,0.6455777418163827,0.577911220048177,4.83,0.09678064387122576
BAAI/bge-m3,es,33,NQT,0.6874005794525146,0.9844129783391953,0.4681270370771016,0.6982847591175921,34.62,0.596880623875225
BAAI/bge-m3,es,33,NMT,0.3530366122722626,0.5617081161558628,0.2527837433372638,0.6285054499260136,25.150000000000002,0.40071985602879423
BAAI/bge-m3,es,33,QMT,0.7606357336044312,1.070845886874199,0.5201554976011027,0.7103129805391678,29.740000000000002,0.594881023795241
BAAI/bge-m3,es,34,NQM,0.7186267971992493,1.167382843530178,0.6025216187927495,0.6155879377372881,20.22,0.40451909618076387
BAAI/bge-m3,es,34,NQT,0.832837700843811,1.04819654109478,0.4757482061293746,0.794543454582636,30.01,0.6002799440111978
BAAI/bge-m3,es,34,NMT,0.5391408801078796,0.6618392745018006,0.30123222933774896,0.8146099829341547,25.53,0.3027394521095781
BAAI/bge-m3,es,34,QMT,0.6122086048126221,0.8191296146154403,0.3055149168788316,0.7473891724684993,30.400000000000002,0.6080783843231353
BAAI/bge-m3,es,35,NQM,0.8344556093215942,1.2098725102066994,0.5477925027434706,0.6897054047275963,19.830000000000002,0.3967206558688262
BAAI/bge-m3,es,35,NQT,0.8992974758148193,1.0730605650782585,0.4762484250396942,0.8380677708982766,29.560000000000002,0.5912817436512697
BAAI/bge-m3,es,35,NMT,0.6760106086730957,0.7825550628900528,0.3219031161287005,0.8638505336297464,33.72,0.38912217556488704
BAAI/bge-m3,es,35,QMT,0.4095606207847595,0.6159435802221298,0.2738767589826934,0.6649320391266897,29.82,0.5964807038592281
BAAI/bge-m3,es,36,NQM,0.8150919079780579,1.2468313992977142,0.6063079745902104,0.6537306555132553,19.59,0.3919216156768646
BAAI/bge-m3,es,36,NQT,0.8795502781867981,1.081693386244774,0.4803916662465307,0.8131234686008827,29.84,0.596880623875225
BAAI/bge-m3,es,36,NMT,0.7519615292549133,0.8862697527527809,0.33668906479936017,0.8484567220289866,24.76,0.396120775844831
BAAI/bge-m3,es,36,QMT,0.6911922693252563,0.9418552186369896,0.42128688536049924,0.7338625466499881,35.08,0.5930813837232554
BAAI/bge-m3,es,37,NQM,0.7034707069396973,1.1405065345048904,0.575109151076111,0.6168055032183282,34.53,0.396120775844831
BAAI/bge-m3,es,37,NQT,0.8000933527946472,1.0481002618432045,0.5062555319866695,0.7633748238807114,30.03,0.6006798640271945
BAAI/bge-m3,es,37,NMT,0.44399330019950867,0.5575975287973881,0.2522298810487566,0.7962612408923434,19.71,0.39432113577284544
BAAI/bge-m3,es,37,QMT,0.2942884862422943,0.5691488236427307,0.33848665863631083,0.5170677229168968,14.8,0.29614077184563087
BAAI/bge-m3,es,38,NQM,0.7698553800582886,1.1999762008190156,0.6113689388608675,0.6415588738611652,19.61,0.39232153569286143
BAAI/bge-m3,es,38,NQT,0.7982844710350037,1.0184104443788529,0.45882008668378116,0.7838533819447502,45.1,0.6030793841231754
BAAI/bge-m3,es,38,NMT,0.47973042726516724,0.649969647860527,0.2521728905410894,0.7380812763234932,20.38,0.40771845630873826
BAAI/bge-m3,es,38,QMT,0.47954168915748596,0.7540154304027558,0.383171998006184,0.6359839199851703,29.68,0.5936812637472505
BAAI/bge-m3,es,39,NQM,0.6847997903823853,1.2287761209845542,0.6801613877879146,0.5573023260194326,34.35,0.39592081583683264
BAAI/bge-m3,es,39,NQT,0.7733063101768494,1.0532146903634072,0.48313803586625803,0.7342342613064854,39.83,0.596880623875225
BAAI/bge-m3,es,39,NMT,0.5225425362586975,0.6558474397182464,0.2624531049649363,0.7967440362081557,5.12,0.10257948410317937
BAAI/bge-m3,es,39,QMT,0.35742881894111633,0.6904745685338974,0.43396231872297736,0.5176567468654734,30.52,0.6104779044191162
BAAI/bge-m3,es,40,NQM,0.690631628036499,1.1420967965245248,0.5946232830569218,0.6047049865979236,29.86,0.3993201359728054
BAAI/bge-m3,es,40,NQT,0.8180148005485535,1.028808618068695,0.47281405644650976,0.7951088143909174,30.46,0.6092781443711258
BAAI/bge-m3,es,40,NMT,0.452792227268219,0.5629151920437813,0.25499355099841364,0.8043702384784781,10.46,0.20935812837432513
BAAI/bge-m3,es,40,QMT,0.40979161858558655,0.7013958900630474,0.35775583900185376,0.5842515252665179,29.79,0.595880823835233
BAAI/bge-m3,es,41,NQM,0.7302854061126709,1.3105028895258903,0.7023734211252327,0.5572558534199905,24.75,0.39852029594081184
BAAI/bge-m3,es,41,NQT,0.7500522136688232,1.0155460340976714,0.4721585147545895,0.7385703734587648,30.22,0.6044791041791642
BAAI/bge-m3,es,41,NMT,0.5322405695915222,0.7058978404283524,0.2734243099682547,0.7539909305683588,20.080000000000002,0.40171965606878624
BAAI/bge-m3,es,41,QMT,0.4548110365867615,0.7126447586655617,0.3538346364947062,0.6382016159604738,54.53,0.5996800639872025
BAAI/bge-m3,es,42,NQM,0.7999039888381958,1.1192327821969985,0.5533045799153976,0.714689563745005,20.32,0.4065186962607478
BAAI/bge-m3,es,42,NQT,0.8137797713279724,1.0546778052926065,0.4947374665695954,0.7715908756621918,30.63,0.6126774645070986
BAAI/bge-m3,es,42,NMT,0.45050519704818726,0.5404190904319286,0.25902058655059973,0.8336219149610139,50.38,0.7044591081783643
BAAI/bge-m3,es,42,QMT,0.5141316652297974,0.7283790572881699,0.26901313057254755,0.7058572869231806,30.3,0.6060787842431514
BAAI/bge-m3,es,43,NQM,0.6489260792732239,1.0971543218970299,0.5790853043481924,0.5914629020925786,15.26,0.3053389322135573
BAAI/bge-m3,es,43,NQT,0.7807003259658813,0.9947388339757919,0.4327830928000885,0.7848294439705124,30.39,0.607878424315137
BAAI/bge-m3,es,43,NMT,0.5265294313430786,0.6485816517591476,0.29039588983509573,0.8118167233287611,19.900000000000002,0.39812037592481503
BAAI/bge-m3,es,43,QMT,0.6377771496772766,0.8044617656826973,0.2962190118799283,0.7927998282618708,20.13,0.40271945610877824
BAAI/bge-m3,es,44,NQM,0.947046160697937,1.2383986166715621,0.5949048529707636,0.7647345111241673,19.94,0.39892021595680865
BAAI/bge-m3,es,44,NQT,0.8619816899299622,1.0681474941492082,0.4609795717739698,0.806987513101581,30.26,0.6052789442111578
BAAI/bge-m3,es,44,NMT,0.5338951945304871,0.6697642176985741,0.3285252010523281,0.7971390235869069,19.51,0.3903219356128774
BAAI/bge-m3,es,44,QMT,0.5019742846488953,0.7102948906898499,0.2517614829909888,0.7067125094489459,24.86,0.4973005398920216
BAAI/bge-m3,es,45,NQM,0.6652295589447021,1.0279713865756988,0.5116976980509298,0.6471284781184599,20.1,0.40211957608478305
BAAI/bge-m3,es,45,NQT,0.7586166262626648,0.9652659049153328,0.4485962165364886,0.7859146608192072,29.95,0.5990801839632074
BAAI/bge-m3,es,45,NMT,0.35775864124298096,0.46803801283836366,0.20633715666518612,0.7643794551485887,19.64,0.3929214157168566
BAAI/bge-m3,es,45,QMT,0.6293140649795532,0.8858117489814759,0.404420642343445,0.7104377038376842,29.6,0.5920815836832634
BAAI/bge-m3,es,46,NQM,0.7386530041694641,1.150303150510788,0.5831286239785296,0.6421376867835455,50.29,0.6044791041791642
BAAI/bge-m3,es,46,NQT,0.8577063679695129,1.032447343158722,0.4493348198957309,0.8307507144573316,29.79,0.595880823835233
BAAI/bge-m3,es,46,NMT,0.5265326499938965,0.6004856835603714,0.27601867555315485,0.8768446349480427,70.76,0.904619076184763
BAAI/bge-m3,es,46,QMT,0.5485860109329224,0.7743429354906082,0.29951040368258186,0.7084535620960251,29.2,0.5840831833633273
BAAI/bge-m3,es,47,NQM,0.7777560949325562,1.0995562507867813,0.4965259713961091,0.7073363407968712,24.46,0.3945210957808438
BAAI/bge-m3,es,47,NQT,0.8435673117637634,1.0563573548197747,0.4232234272248389,0.7985624447201259,29.650000000000002,0.5930813837232554
BAAI/bge-m3,es,47,NMT,0.41378307342529297,0.5420478720486164,0.25035610953111875,0.7633699803315847,24.11,0.386122775444911
BAAI/bge-m3,es,47,QMT,0.4765852689743042,0.7490882474660874,0.3403489311890585,0.636220459452935,30.11,0.6022795440911818
BAAI/bge-m3,es,48,NQM,0.839024543762207,1.1135115292549134,0.5302726649557244,0.7534942582254823,20.080000000000002,0.40171965606878624
BAAI/bge-m3,es,48,NQT,0.8125489354133606,1.0579186069250106,0.4935696367302065,0.7680637528196809,29.6,0.5920815836832634
BAAI/bge-m3,es,48,NMT,0.37765783071517944,0.45486653172969815,0.21384564542602186,0.8302607564426617,54.67,0.6998600279944012
BAAI/bge-m3,es,48,QMT,0.6419370770454407,0.9703049791455269,0.4811615015497912,0.6615827918455945,51.17,0.6102779444111178
BAAI/bge-m3,es,49,NQM,0.627905011177063,1.1580890851259231,0.6352709551208852,0.5421905959058809,30.41,0.40431913617276544
BAAI/bge-m3,es,49,NQT,0.7368072271347046,1.0225612130403519,0.49403068133317407,0.7205507286387837,50.480000000000004,0.6012797440511898
BAAI/bge-m3,es,49,NMT,0.4317731559276581,0.6093720533311368,0.2555751106128069,0.7085542462386624,15.49,0.3099380123975205
BAAI/bge-m3,es,49,QMT,0.7815514206886292,1.0952316260933876,0.5348794870811805,0.7135946425101448,44.87,0.5942811437712457
BAAI/bge-m3,es,50,NQM,0.7532320022583008,1.1534202739596366,0.5566175338221694,0.6530421037874063,9.96,0.1993601279744051
BAAI/bge-m3,es,50,NQT,0.8124805092811584,1.0455692614197731,0.4747868193942138,0.777070003164705,30.29,0.6058788242351529
BAAI/bge-m3,es,50,NMT,0.47249072790145874,0.5743961594820023,0.2517192179606347,0.8225868507316175,30.19,0.499500099980004
BAAI/bge-m3,es,50,QMT,0.6785479187965393,0.9172175027132035,0.3926254253907075,0.7397895447792917,29.88,0.5976804639072185
BAAI/bge-m3,es,51,NQM,0.732246994972229,1.1169551513671876,0.5793291800435358,0.6555742135888629,20.29,0.40591881623675263
BAAI/bge-m3,es,51,NQT,0.8087304830551147,1.0051889038562776,0.46140461882389555,0.804555720772205,24.63,0.4927014597080584
BAAI/bge-m3,es,51,NMT,0.7088721394538879,0.7809316564559936,0.2597987745778245,0.9077262185400036,50.86,0.7068586282743451
BAAI/bge-m3,es,51,QMT,0.5378035306930542,0.7892714507699012,0.38123541200465155,0.6813923526155267,29.62,0.5924815036992601
BAAI/bge-m3,es,52,NQM,0.8339731693267822,1.2205445376873016,0.5972237130742378,0.683279588392832,14.84,0.2969406118776245
BAAI/bge-m3,es,52,NQT,0.9487392902374268,1.1428576909303665,0.5153798281492025,0.8301464808485963,30.48,0.6096780643871226
BAAI/bge-m3,es,52,NMT,0.780113697052002,0.9049437936663628,0.3590417031670477,0.8620576244746914,29.85,0.4947010597880424
BAAI/bge-m3,es,52,QMT,0.6256803870201111,0.8465141281247139,0.355722786752914,0.73912574667294,24.95,0.4991001799640072
BAAI/bge-m3,es,53,NQM,0.6572973132133484,1.0619265199780463,0.5432292954450219,0.6189668501981832,20.45,0.4091181763647271
BAAI/bge-m3,es,53,NQT,0.7308028936386108,0.9661730428099632,0.4484120271654343,0.7563892400810817,34.56,0.5944811037792441
BAAI/bge-m3,es,53,NMT,0.46416717767715454,0.6269613354086876,0.25701919525439565,0.740344183064885,34.97,0.4013197360527894
BAAI/bge-m3,es,53,QMT,0.6611939668655396,0.9321748464941978,0.4519483189912374,0.7093025191051922,4.84,0.09698060387922415
BAAI/bge-m3,es,54,NQM,0.7460212111473083,1.2004455951571464,0.6264472738750093,0.6214535787013552,20.01,0.4003199360127974
BAAI/bge-m3,es,54,NQT,0.7880456447601318,1.041482109427452,0.4906755453589653,0.7566578797907514,29.900000000000002,0.5980803839232154
BAAI/bge-m3,es,54,NMT,0.42406025528907776,0.5777434905290604,0.24090706784805332,0.7339939994823942,5.16,0.10337932413517296
BAAI/bge-m3,es,54,QMT,0.4483485221862793,0.7439511713504792,0.40059243596569416,0.6026585338548481,29.650000000000002,0.5930813837232554
BAAI/bge-m3,es,55,NQM,0.8366835117340088,1.1473135095953941,0.57549602307897,0.7292544755516216,29.55,0.3919216156768646
BAAI/bge-m3,es,55,NQT,0.797801673412323,0.9938621314883233,0.43566823771176066,0.8027287167253273,29.95,0.5990801839632074
BAAI/bge-m3,es,55,NMT,0.4119132161140442,0.5113279231786728,0.24463017863337522,0.8055754388545375,4.6000000000000005,0.09218156368726255
BAAI/bge-m3,es,55,QMT,0.5417172312736511,0.7884156224131584,0.32696569533921543,0.687096013667122,29.47,0.5894821035792841
BAAI/bge-m3,es,56,NQM,0.914873480796814,1.2687424365639686,0.5718847191177459,0.7210868450761132,25.330000000000002,0.40511897620475906
BAAI/bge-m3,es,56,NQT,0.7391687631607056,0.9897336103200912,0.46537077708241753,0.74683607331563,30.650000000000002,0.6130773845230953
BAAI/bge-m3,es,56,NMT,0.39507851004600525,0.4946285536289215,0.23086081599825742,0.7987377743291402,19.86,0.39732053589282146
BAAI/bge-m3,es,56,QMT,0.6895164251327515,0.9502879509925842,0.4063655356018674,0.7255868333506911,30.11,0.6022795440911818
BAAI/bge-m3,es,57,NQM,0.6461175680160522,1.1360343221306801,0.6118941778458807,0.5687482811290973,19.76,0.39532093581283745
BAAI/bge-m3,es,57,NQT,0.8219039440155029,1.022460197544098,0.42317167720664667,0.8038493292833053,29.740000000000002,0.594881023795241
BAAI/bge-m3,es,57,NMT,0.5498550534248352,0.6869850420236587,0.310143775268953,0.8003886835793707,24.89,0.40111977604479104
BAAI/bge-m3,es,57,QMT,0.5958860516548157,0.7713647858381272,0.27675763031180944,0.772508756679348,25.36,0.5072985402919417
BAAI/bge-m3,es,58,NQM,0.842684805393219,1.2094641256332397,0.5886747170844979,0.6967422906829231,39.5,0.5934813037392521
BAAI/bge-m3,es,58,NQT,0.8641282916069031,1.0500773726582526,0.4537228544261273,0.822918685904596,30.330000000000002,0.6066786642671466
BAAI/bge-m3,es,58,NMT,0.46072641015052795,0.5523654724419117,0.2565845695445702,0.8340970483055404,25.45,0.4091181763647271
BAAI/bge-m3,es,58,QMT,0.6761153340339661,0.8505971912741661,0.28234049140640843,0.7948713456487825,10.23,0.20475904819036192
BAAI/bge-m3,es,59,NQM,0.7829978466033936,1.1102612707853317,0.5555217253570662,0.7052374672574527,45.63,0.6058788242351529
BAAI/bge-m3,es,59,NQT,0.7673729658126831,1.0240191361188888,0.46683796265051714,0.7493736579184801,15.35,0.30713857228554287
BAAI/bge-m3,es,59,NMT,0.3535563349723816,0.4181479791820049,0.19654243515773226,0.8455292206916193,30.16,0.504499100179964
BAAI/bge-m3,es,59,QMT,0.7922340035438538,1.1190652293562888,0.5284055953087076,0.7079426495976971,30.310000000000002,0.6062787442511498
BAAI/bge-m3,es,60,NQM,0.6641578674316406,1.1622041476488114,0.5604430175625796,0.5714640313190147,25.04,0.3977204559088182
BAAI/bge-m3,es,60,NQT,0.7849873304367065,0.9553100341796875,0.4039293604863051,0.821709499900672,10.34,0.20695860827834434
BAAI/bge-m3,es,60,NMT,0.5417935848236084,0.6762503833174706,0.24983048508354017,0.8011730539285452,30.48,0.5070985802839432
BAAI/bge-m3,es,60,QMT,0.5188033580780029,0.7074467421293259,0.28685449703973814,0.7333461689508055,30.12,0.6024795040991802
BAAI/bge-m3,es,61,NQM,0.7995703816413879,1.1624094878077507,0.5552685892378337,0.6878560352674443,44.77,0.5994801039792041
BAAI/bge-m3,es,61,NQT,0.6782114505767822,0.9460059238433838,0.4536322768646133,0.71692093408957,30.61,0.6122775444911018
BAAI/bge-m3,es,61,NMT,0.3815619945526123,0.4554091300845146,0.22080191030588764,0.8378444114218009,39.910000000000004,0.5006998600279944
BAAI/bge-m3,es,61,QMT,0.7143653631210327,0.9952290173768997,0.4375791103558646,0.7177899263861396,29.75,0.5950809838032394
BAAI/bge-m3,es,62,NQM,0.7811506986618042,1.2004379384756088,0.5713097088767178,0.6507214355896711,19.82,0.39652069586082783
BAAI/bge-m3,es,62,NQT,0.666368305683136,0.9411474676847458,0.44812517553286474,0.7080381433971408,40.52,0.6044791041791642
BAAI/bge-m3,es,62,NMT,0.40415889024734497,0.49921405817866327,0.2274366928534705,0.8095903623409005,60.19,0.7024595080983803
BAAI/bge-m3,es,62,QMT,0.6674153804779053,0.9640891517162323,0.4378318558158284,0.6922755839427374,29.830000000000002,0.5966806638672265
BAAI/bge-m3,es,63,NQM,0.826437771320343,1.330769025182724,0.6792980504859278,0.6210226986657179,35.36,0.40451909618076387
BAAI/bge-m3,es,63,NQT,0.7814105153083801,1.0701341903567314,0.49627595614993053,0.7301986258818299,30.23,0.6046790641871626
BAAI/bge-m3,es,63,NMT,0.3662107288837433,0.6317034108161926,0.2756536419586769,0.5797194104271194,29.69,0.39852029594081184
BAAI/bge-m3,es,63,QMT,0.7406896948814392,0.9839042783617973,0.44596639769955354,0.752806661349147,29.91,0.5982803439312138
BAAI/bge-m3,es,64,NQM,0.7694679498672485,1.1938659374713898,0.5916057713239651,0.6445178857320768,20.04,0.40091981603679266
BAAI/bge-m3,es,64,NQT,0.804884135723114,1.0458634486556053,0.44163134820047856,0.7695881682804525,29.650000000000002,0.5930813837232554
BAAI/bge-m3,es,64,NMT,0.42335349321365356,0.5610650502085686,0.19890796664459115,0.7545533143715206,30.53,0.5026994601079784
BAAI/bge-m3,es,64,QMT,0.3854319453239441,0.6384194438576698,0.3261158849318149,0.6037283936628803,35.21,0.5964807038592281
BAAI/bge-m3,es,65,NQM,0.7683861255645752,1.037080023241043,0.5110492491578498,0.7409130523626355,40.02,0.5962807438512298
BAAI/bge-m3,es,65,NQT,0.7873406410217285,0.9555056856870652,0.44082806045679396,0.8240041402315257,29.41,0.5882823435312937
BAAI/bge-m3,es,65,NMT,0.34332597255706787,0.42683847022652627,0.20495143483431244,0.8043463663761562,19.91,0.39832033593281346
BAAI/bge-m3,es,65,QMT,0.4031881093978882,0.572572106730938,0.2093367740278626,0.7041700157193467,15.32,0.3065386922615477
BAAI/bge-m3,es,66,NQM,0.9432342648506165,1.3717282900691032,0.5911352046260954,0.6876247079532141,10.09,0.2019596080783843
BAAI/bge-m3,es,66,NQT,0.8636578917503357,1.0685003336548806,0.43973605998592086,0.8082897726342534,15.02,0.3005398920215957
BAAI/bge-m3,es,66,NMT,0.42502135038375854,0.5366936688303947,0.2558585200297119,0.7919254037581751,29.650000000000002,0.3945210957808438
BAAI/bge-m3,es,66,QMT,0.5927213430404663,0.7708503897190094,0.2740451257268684,0.7689187823538058,29.79,0.595880823835233
BAAI/bge-m3,es,67,NQM,0.7061851620674133,1.1004995417118073,0.4983626552736903,0.6416950987260869,19.97,0.39952009598080385
BAAI/bge-m3,es,67,NQT,0.739141047000885,0.9136156410336495,0.4005676583576426,0.8090284511370932,15.23,0.3047390521895621
BAAI/bge-m3,es,67,NMT,0.7016614675521851,0.8465005261540413,0.349649601019868,0.8288966703178067,29.62,0.4959008198360328
BAAI/bge-m3,es,67,QMT,0.4712582528591156,0.6627448205828667,0.2888621721318582,0.7110704425331387,5.09,0.10197960407918416
BAAI/bge-m3,es,68,NQM,0.648849606513977,1.1100810815811157,0.5922162005971372,0.5845064989209798,20.06,0.4013197360527894
BAAI/bge-m3,es,68,NQT,0.8058471083641052,1.004453866326809,0.4334871711963536,0.8022738877099533,29.97,0.5994801039792041
BAAI/bge-m3,es,68,NMT,0.4074612259864807,0.5131127357840538,0.228174376416348,0.7940968866482566,9.76,0.19536092781443712
BAAI/bge-m3,es,68,QMT,0.6233715415000916,0.8128403823614121,0.3113785123719807,0.7669052313670064,34.17,0.591881623675265
BAAI/bge-m3,es,69,NQM,0.8068422675132751,1.2248359516739846,0.6234366036679251,0.6587349648007181,19.75,0.395120975804839
BAAI/bge-m3,es,69,NQT,0.8424736857414246,1.0564501596093179,0.47760051701206035,0.7974571048881087,35.17,0.6028794241151769
BAAI/bge-m3,es,69,NMT,0.5003673434257507,0.6127199309110641,0.25501312941811355,0.8166330458369928,29.77,0.4993001399720056
BAAI/bge-m3,es,69,QMT,0.3969239890575409,0.7197085438072681,0.42192680187314635,0.5515065681411201,30.27,0.6054789042191562
BAAI/bge-m3,es,70,NQM,0.7272177934646606,1.1675392440676688,0.5866061178886034,0.6228636828775318,5.0,0.10017996400719856
BAAI/bge-m3,es,70,NQT,0.7574385404586792,1.0259838082790376,0.4659516931697411,0.7382558421935054,30.1,0.6020795840831834
BAAI/bge-m3,es,70,NMT,0.384802907705307,0.5175019498407841,0.22152129809736149,0.7435776963216328,30.14,0.4013197360527894
BAAI/bge-m3,es,70,QMT,0.6863660216331482,0.9386709882855415,0.41563246834631007,0.7312104349640622,34.71,0.593881223755249
BAAI/bge-m3,es,71,NQM,0.69452303647995,1.2068724011540413,0.6494748414912498,0.5754734600072504,15.21,0.3043391321735653
BAAI/bge-m3,es,71,NQT,0.7034821510314941,1.0218104351520538,0.5063514556228071,0.6884663992750492,30.03,0.6006798640271945
BAAI/bge-m3,es,71,NMT,0.35288989543914795,0.5246676861763,0.22910450833060683,0.6725969689696051,10.11,0.20235952809438112
BAAI/bge-m3,es,71,QMT,0.5989253520965576,0.8772009207487106,0.3952794135198315,0.682768722568917,29.44,0.588882223555289
BAAI/bge-m3,es,72,NQM,0.8696243762969971,1.3737222042560577,0.6184123622366924,0.6330423819328966,19.400000000000002,0.38812237552489504
BAAI/bge-m3,es,72,NQT,0.6923457384109497,0.9477392291665078,0.43373871485227977,0.7305234574062158,10.03,0.20075984803039393
BAAI/bge-m3,es,72,NMT,0.4238075315952301,0.5186473040759564,0.2443040727901793,0.8171401417953692,40.300000000000004,0.6008798240351929
BAAI/bge-m3,es,72,QMT,0.453218549489975,0.7165689709186553,0.32062074397444856,0.6324841960548578,29.68,0.5936812637472505
BAAI/bge-m3,es,73,NQM,0.7157271504402161,1.108764884829521,0.5542398656258853,0.6455175125334327,31.470000000000002,0.41811637672465507
BAAI/bge-m3,es,73,NQT,0.789082944393158,1.0296617148756981,0.4177379192313226,0.7663516405362809,19.7,0.394121175764847
BAAI/bge-m3,es,73,NMT,0.4599526524543762,0.5748819174528121,0.25548775735993007,0.8000819620341082,9.77,0.19556088782243553
BAAI/bge-m3,es,73,QMT,0.4879102408885956,0.7682088205635548,0.3498512914851056,0.6351271006365581,54.95,0.5980803839232154
BAAI/bge-m3,es,74,NQM,0.6638850569725037,1.114071768963337,0.6025891148092712,0.595908697686204,20.41,0.40831833633273346
BAAI/bge-m3,es,74,NQT,0.8386210799217224,1.1085606229305267,0.5211738872118138,0.7564954613885126,9.76,0.19536092781443712
BAAI/bge-m3,es,74,NMT,0.4496297836303711,0.567350762617588,0.27329885968629053,0.7925075865856253,40.63,0.6060787842431514
BAAI/bge-m3,es,74,QMT,0.4275614023208618,0.7333788848221302,0.37390198633108945,0.5830020623295928,34.99,0.5952809438112378
BAAI/bge-m3,es,75,NQM,0.7369735836982727,1.0898744067311288,0.5086748483956324,0.6762004678208828,19.84,0.39692061587682465
BAAI/bge-m3,es,75,NQT,0.754705548286438,0.9964893592119217,0.47194947887040667,0.7573643825785988,24.75,0.49510097980403917
BAAI/bge-m3,es,75,NMT,0.37095969915390015,0.4664220671594143,0.20291159681271528,0.7953305070069032,14.8,0.29614077184563087
BAAI/bge-m3,es,75,QMT,0.6240058541297913,0.87075416431427,0.39689782274278745,0.7166268962038065,30.32,0.6064787042591482
BAAI/bge-m3,es,76,NQM,0.730536699295044,1.1445363697052002,0.5891894626100527,0.6382817694841545,19.86,0.39732053589282146
BAAI/bge-m3,es,76,NQT,0.7898812890052795,1.0105713200569153,0.45571187692061416,0.7816185491589172,29.84,0.596880623875225
BAAI/bge-m3,es,76,NMT,0.36274203658103943,0.5680929573595523,0.22248587036559292,0.6385258466614249,19.77,0.3955208958208358
BAAI/bge-m3,es,76,QMT,0.7588463425636292,1.035254192531109,0.500252708457159,0.7330048485073806,34.730000000000004,0.5904819036192761
BAAI/bge-m3,es,77,NQM,0.6983901858329773,1.1664752510666847,0.5878613049561061,0.5987183913192626,30.39,0.4013197360527894
BAAI/bge-m3,es,77,NQT,0.8053811192512512,1.0419379697561264,0.46191571981457613,0.7729645551154872,29.560000000000002,0.5912817436512697
BAAI/bge-m3,es,77,NMT,0.5027328729629517,0.6307361937642098,0.27837519388469967,0.797057276770283,25.26,0.40251949610077986
BAAI/bge-m3,es,77,QMT,0.6681928038597107,0.8924230097651482,0.33293946244892525,0.748739999470436,20.150000000000002,0.40311937612477505
BAAI/bge-m3,es,78,NQM,0.7231367230415344,1.1118595303297043,0.5618805767229639,0.6503849661894333,34.94,0.39792041591681665
BAAI/bge-m3,es,78,NQT,0.7376262545585632,0.9602447075605393,0.44517636916916997,0.7681648737556733,39.94,0.6030793841231754
BAAI/bge-m3,es,78,NMT,0.35558101534843445,0.5473733355641365,0.21881228191257093,0.6496133301438849,34.25,0.39112177564487105
BAAI/bge-m3,es,78,QMT,0.733066737651825,1.0216482340574264,0.5009000150262094,0.7175334065226818,29.7,0.5940811837632474
BAAI/bge-m3,es,79,NQM,0.8918394446372986,1.2024104506850242,0.6029323187401487,0.7417096584019772,40.26,0.6026794641071785
BAAI/bge-m3,es,79,NQT,0.9222685098648071,1.1128664536714554,0.4907269722986401,0.828732420517596,30.240000000000002,0.6048790241951609
BAAI/bge-m3,es,79,NMT,0.4608030617237091,0.5769901274502277,0.2855527107297164,0.7986324891887517,10.4,0.20815836832633472
BAAI/bge-m3,es,79,QMT,0.595951497554779,0.7917717131733895,0.27689913686895345,0.752680965534215,20.05,0.40111977604479104
BAAI/bge-m3,es,80,NQM,0.7879974842071533,1.2676467757940293,0.6807021468962283,0.6216222841042965,20.150000000000002,0.40311937612477505
BAAI/bge-m3,es,80,NQT,0.8486307263374329,1.1533170168161393,0.5300480257923514,0.7358173979600484,55.06,0.6016796640671865
BAAI/bge-m3,es,80,NMT,0.45058363676071167,0.6099465235471725,0.2737054192578626,0.7387264610339653,30.09,0.3987202559488102
BAAI/bge-m3,es,80,QMT,0.6516120433807373,0.921163247346878,0.37560965056560974,0.7073795499948508,29.54,0.590881823635273
BAAI/bge-m3,es,81,NQM,0.827981173992157,1.0974597963094712,0.5038182669711632,0.7544523970497423,39.660000000000004,0.5980803839232154
BAAI/bge-m3,es,81,NQT,0.8442465662956238,1.033170764684677,0.4700098153215844,0.817141362446962,55.64,0.6070785842831433
BAAI/bge-m3,es,81,NMT,0.3907986879348755,0.4995893179178238,0.2431225974850717,0.7822398796732775,20.44,0.40891821635672865
BAAI/bge-m3,es,81,QMT,0.7149747610092163,0.9103205312490463,0.3523150271593977,0.7854099039460503,30.2,0.6040791841631674
BAAI/bge-m3,es,82,NQM,0.7492396235466003,1.0962701338410377,0.5047126244476513,0.6834443449816345,25.03,0.39892021595680865
BAAI/bge-m3,es,82,NQT,0.7789289951324463,0.9812066016197205,0.4476292327928435,0.7938480987040246,29.97,0.5994801039792041
BAAI/bge-m3,es,82,NMT,0.4901847243309021,0.5939190368950367,0.2421265055463358,0.8253393036409896,14.0,0.1835632873425315
BAAI/bge-m3,es,82,QMT,0.5701647400856018,0.7689253844022751,0.31882077086936644,0.7415085412066067,25.650000000000002,0.5130973805238952
BAAI/bge-m3,es,83,NQM,0.8555247187614441,1.1130825793862342,0.5240081808703232,0.768608488358897,20.61,0.4123175364927015
BAAI/bge-m3,es,83,NQT,0.7797178626060486,0.9690798452377319,0.42987042038136997,0.8045960984917252,44.74,0.5912817436512697
BAAI/bge-m3,es,83,NMT,0.46732276678085327,0.6032416435301304,0.2885009452705061,0.7746858523316402,5.07,0.10157968406318736
BAAI/bge-m3,es,83,QMT,0.5117860436439514,0.7247647428870201,0.28549523671075133,0.7061409218177505,35.09,0.6076784643071386
BAAI/bge-m3,es,84,NQM,0.825266420841217,1.108250253713131,0.5245878916640323,0.744657100754512,24.91,0.2997400519896021
BAAI/bge-m3,es,84,NQT,0.7766366004943848,1.0163563791751862,0.4809001976960125,0.7641380685029913,29.63,0.5926814637072585
BAAI/bge-m3,es,84,NMT,0.36819538474082947,0.4319367067575455,0.20709703912643074,0.852429022538833,50.050000000000004,0.6988602279544092
BAAI/bge-m3,es,84,QMT,0.77773118019104,1.0350303589105605,0.4524984706276588,0.7514090514300501,34.300000000000004,0.5916816636672666
BAAI/bge-m3,es,85,NQM,0.8537390232086182,1.3393133095502854,0.6456709159107995,0.6374453364423364,19.3,0.386122775444911
BAAI/bge-m3,es,85,NQT,0.856481671333313,1.0909199207305909,0.4762920845721309,0.7851004047656777,30.48,0.6096780643871226
BAAI/bge-m3,es,85,NMT,0.4574536085128784,0.5741504853844642,0.27369248331680285,0.7967486228035849,40.28,0.6060787842431514
BAAI/bge-m3,es,85,QMT,0.7743094563484192,0.9614606026887894,0.3008599258809756,0.805347046131901,30.1,0.6020795840831834
BAAI/bge-m3,es,86,NQM,0.6732944846153259,1.2327545187592506,0.6950498148002575,0.5461707699051396,20.05,0.40111977604479104
BAAI/bge-m3,es,86,NQT,0.8180170059204102,1.0835170327305794,0.4799376430781832,0.7549646025020615,29.93,0.4999000199960008
BAAI/bge-m3,es,86,NMT,0.816497266292572,0.9014787726998329,0.3275127308461102,0.9057309955800112,49.89,0.6996600679864027
BAAI/bge-m3,es,86,QMT,0.5601260662078857,0.8601687701225281,0.4284867618690685,0.6511815886171344,29.48,0.5896820635872826
BAAI/bge-m3,es,87,NQM,0.852675199508667,1.193439146053791,0.5371081925623995,0.7144689382172491,40.08,0.595880823835233
BAAI/bge-m3,es,87,NQT,0.8608735799789429,1.0612328760623932,0.46857096862641656,0.8112013860448082,30.32,0.6064787042591482
BAAI/bge-m3,es,87,NMT,0.6176561117172241,0.7035805473923683,0.24987219907649524,0.8778754813582073,30.05,0.4997000599880024
BAAI/bge-m3,es,87,QMT,0.6665511131286621,0.8976858269929886,0.3951254017376053,0.7425215961810275,30.13,0.6026794641071785
BAAI/bge-m3,es,88,NQM,0.6711254119873047,1.2298999295711517,0.6062941033278129,0.5456748113001118,25.060000000000002,0.40051989602079585
BAAI/bge-m3,es,88,NQT,0.7445793151855469,1.0250303495049478,0.49029731401597354,0.7263973359856369,50.050000000000004,0.5992801439712058
BAAI/bge-m3,es,88,NMT,0.3490123748779297,0.5474114053249359,0.23103323084804947,0.637568694189196,19.64,0.3929214157168566
BAAI/bge-m3,es,88,QMT,0.7199859023094177,1.0061386214613914,0.48476505903023664,0.715593146859764,30.05,0.6010797840431914
BAAI/bge-m3,es,89,NQM,0.7473849654197693,1.2324307611823082,0.6457210353848238,0.6064316057010568,19.89,0.39792041591681665
BAAI/bge-m3,es,89,NQT,0.7629995942115784,1.0719420670866966,0.5260305790296395,0.7117918193886467,29.490000000000002,0.589882023595281
BAAI/bge-m3,es,89,NMT,0.44570061564445496,0.6628442197978497,0.2999982674966792,0.6724062793814657,19.87,0.39752049590081984
BAAI/bge-m3,es,89,QMT,0.5498084425926208,0.8492116354823113,0.4101897029083264,0.6474339488762524,30.19,0.6038792241551689
BAAI/bge-m3,es,90,NQM,0.8273277282714844,1.2271565461039544,0.5647771785489047,0.6741827119754661,48.64,0.5854829034193162
BAAI/bge-m3,es,90,NQT,0.8703649044036865,1.118772557926178,0.5087127255246907,0.7779641163314441,24.89,0.4979004199160168
BAAI/bge-m3,es,90,NMT,0.605171799659729,0.7029067630767822,0.2524600694390903,0.8609560064693274,29.38,0.4907018596280744
BAAI/bge-m3,es,90,QMT,0.6409067511558533,0.892960254085064,0.4032966685979451,0.7177326742407085,30.17,0.6034793041391722
BAAI/bge-m3,es,91,NQM,0.8111716508865356,1.1368293971538543,0.5054980862369951,0.7135385950756171,39.88,0.597880423915217
BAAI/bge-m3,es,91,NQT,0.7823747396469116,0.9860453732252121,0.4314267344727839,0.7934469963456989,29.25,0.5850829834033193
BAAI/bge-m3,es,91,NMT,0.5062124729156494,0.6260890653967858,0.3011610230929533,0.8085310874963568,40.43,0.6014797040591882
BAAI/bge-m3,es,91,QMT,0.39523574709892273,0.6080841940641403,0.2642930640667649,0.649968788790099,9.9,0.19816036792641473
BAAI/bge-m3,es,92,NQM,0.8454028964042664,1.224677322292328,0.5917751823908969,0.6903066473225509,9.89,0.19796040791841632
BAAI/bge-m3,es,92,NQT,0.7512117028236389,0.9899125825405121,0.44463968383013697,0.7588667081036288,29.72,0.5944811037792441
BAAI/bge-m3,es,92,NMT,0.3660259544849396,0.5664284633219242,0.2500942363755971,0.6461997907691055,24.650000000000002,0.39392121575684863
BAAI/bge-m3,es,92,QMT,0.8414586186408997,1.1468992496609687,0.5552370518835922,0.7336813751416325,24.830000000000002,0.4967006598680264
BAAI/bge-m3,es,93,NQM,0.7604319453239441,1.1589973014593125,0.5512058906009947,0.6561119205073348,15.06,0.30133973205358927
BAAI/bge-m3,es,93,NQT,0.8781992197036743,1.0634436886429786,0.433489234217257,0.8258069788570434,4.68,0.09378124375124974
BAAI/bge-m3,es,93,NMT,0.5074344277381897,0.5960884685397149,0.2690171428170784,0.8512736859017601,51.02,0.7156568686262748
BAAI/bge-m3,es,93,QMT,0.31093040108680725,0.5951460965335369,0.35074902374183214,0.5224438216050094,29.87,0.5974805038992201
BAAI/bge-m3,es,94,NQM,0.7476115822792053,1.1947969284653663,0.6014180394941289,0.6257227186203389,24.47,0.3909218156368726
BAAI/bge-m3,es,94,NQT,0.7567996382713318,0.9900672204017639,0.44985235544419994,0.764392177294247,55.480000000000004,0.6018796240751849
BAAI/bge-m3,es,94,NMT,0.5872682929039001,0.6855067275643348,0.20696886906571502,0.8566922384404,49.27,0.6918616276744651
BAAI/bge-m3,es,94,QMT,0.35530826449394226,0.6140128671526909,0.3391692349842523,0.5786658285208323,5.12,0.10257948410317937
BAAI/bge-m3,es,95,NQM,0.8069857954978943,1.224621437072754,0.5658265617950614,0.6589675560687517,19.78,0.3957208558288342
BAAI/bge-m3,es,95,NQT,0.782522976398468,1.0280617645025254,0.46336729261881815,0.7611633886378084,29.5,0.5900819836032793
BAAI/bge-m3,es,95,NMT,0.44739603996276855,0.585419689142704,0.2868484068990985,0.7642312827181756,10.38,0.20775844831033793
BAAI/bge-m3,es,95,QMT,0.6648613214492798,0.8882678647518158,0.34714044615518386,0.7484919221233959,30.03,0.6006798640271945
BAAI/bge-m3,fr,0,NQM,0.5851247906684875,1.0280811518788338,0.5847129642452081,0.569142610579519,19.650000000000002,0.393121375724855
BAAI/bge-m3,fr,0,NQT,0.6555125117301941,0.9521152125120163,0.4800871790363355,0.6884802417976623,55.02,0.5998800239952009
BAAI/bge-m3,fr,0,NMT,0.3414921462535858,0.43748712836503983,0.18511374503209532,0.7805764423950406,9.78,0.1957608478304339
BAAI/bge-m3,fr,0,QMT,0.3710479438304901,0.6962470108866692,0.4037120085041104,0.5329257261118125,44.38,0.5932813437312537
BAAI/bge-m3,fr,1,NQM,0.714110255241394,1.0666366102099418,0.4916877183060186,0.6694972293330238,10.43,0.20875824835032994
BAAI/bge-m3,fr,1,NQT,0.7575896978378296,0.9362088590860367,0.3832686595899869,0.8092101356278649,30.080000000000002,0.6016796640671865
BAAI/bge-m3,fr,1,NMT,0.5951675772666931,0.7377840485453606,0.3554109219344618,0.8066961849328926,9.540000000000001,0.19096180763847231
BAAI/bge-m3,fr,1,QMT,0.6589580178260803,0.7937527782440186,0.17697263521312498,0.8301804237876579,4.96,0.09938012397520496
BAAI/bge-m3,fr,2,NQM,0.6700477004051208,1.0419299203395844,0.5404828910184477,0.6430832701167624,14.84,0.2969406118776245
BAAI/bge-m3,fr,2,NQT,0.6958924531936646,0.8940370815038681,0.4140064388885112,0.7783709060728432,4.93,0.09878024395120975
BAAI/bge-m3,fr,2,NMT,0.5100874304771423,0.6783770623803139,0.3085203374459729,0.75192316893289,19.64,0.3929214157168566
BAAI/bge-m3,fr,2,QMT,0.49776917695999146,0.7650650586485863,0.37342601131788816,0.6506233310910867,30.03,0.6006798640271945
BAAI/bge-m3,fr,3,NQM,0.644521176815033,1.0401067599773406,0.5359858939717804,0.619668289463338,40.050000000000004,0.596880623875225
BAAI/bge-m3,fr,3,NQT,0.6458215117454529,0.9109813762426376,0.44048623495375017,0.7089294343298749,20.52,0.41051789642071584
BAAI/bge-m3,fr,3,NMT,0.463009238243103,0.5395602578103542,0.2648000617305199,0.8581233171642979,45.31,0.5998800239952009
BAAI/bge-m3,fr,3,QMT,0.5923947691917419,0.9320384735465049,0.4477070600743389,0.6355904675661956,50.410000000000004,0.6006798640271945
BAAI/bge-m3,fr,4,NQM,0.7257002592086792,1.1391825964450837,0.5513313202965268,0.637035942677365,39.63,0.5970805838832234
BAAI/bge-m3,fr,4,NQT,0.7598103284835815,0.976899265909195,0.4310267719490464,0.7777775611036541,29.96,0.5992801439712058
BAAI/bge-m3,fr,4,NMT,0.48988407850265503,0.6342690836846828,0.2897464210914097,0.7723600142324154,10.07,0.20155968806238753
BAAI/bge-m3,fr,4,QMT,0.2830025255680084,0.5810631558179855,0.3601366882080852,0.4870426264923433,5.16,0.10337932413517296
BAAI/bge-m3,fr,5,NQM,0.7393767833709717,1.0482929784536361,0.5310129329847645,0.705315020292266,49.93,0.5974805038992201
BAAI/bge-m3,fr,5,NQT,0.7197276949882507,0.9292105000138283,0.4331611280422709,0.7745582889740972,30.150000000000002,0.6030793841231754
BAAI/bge-m3,fr,5,NMT,0.46188220381736755,0.5550137550652027,0.26131348334840493,0.8321995619050445,19.740000000000002,0.29574085182963405
BAAI/bge-m3,fr,5,QMT,0.5039847493171692,0.6915363459825515,0.23231017563441111,0.7287899649010736,29.68,0.5936812637472505
BAAI/bge-m3,fr,6,NQM,0.7332548499107361,1.1662333759903907,0.6079922794492749,0.6287376652099426,10.13,0.20275944811037794
BAAI/bge-m3,fr,6,NQT,0.7738410830497742,1.075918498802185,0.5216220835209608,0.7192376410579133,34.08,0.586882623475305
BAAI/bge-m3,fr,6,NMT,0.6147960424423218,0.791735364484787,0.3837043856637575,0.77651709146732,39.95,0.6016796640671865
BAAI/bge-m3,fr,6,QMT,0.47281673550605774,0.7519091107785701,0.3371918600258556,0.6288216603943623,24.85,0.4971005798840232
BAAI/bge-m3,fr,7,NQM,0.7571914792060852,1.1460397690296174,0.5762977744819121,0.6607026210325657,30.42,0.40351929614077187
BAAI/bge-m3,fr,7,NQT,0.7876427173614502,1.0950056477546692,0.5278363190492966,0.7193047076750771,30.23,0.6046790641871626
BAAI/bge-m3,fr,7,NMT,0.625737190246582,0.7897330582261085,0.376389034276668,0.7923401252206854,20.43,0.40871825634873027
BAAI/bge-m3,fr,7,QMT,0.5800424814224243,1.016882347202301,0.5524538401344334,0.5704125782276549,29.66,0.5932813437312537
BAAI/bge-m3,fr,8,NQM,0.7376272678375244,1.061884283530712,0.5356058661559199,0.6946399709243798,39.550000000000004,0.590881823635273
BAAI/bge-m3,fr,8,NQT,0.7790827751159668,0.9952362535476684,0.44917706525241397,0.7828118924908803,29.62,0.5924815036992601
BAAI/bge-m3,fr,8,NMT,0.4916127920150757,0.6015453551650047,0.2881657525536469,0.8172497514828426,20.14,0.4029194161167766
BAAI/bge-m3,fr,8,QMT,0.440015971660614,0.6748326688170433,0.28941708782442543,0.6520371523081325,4.92,0.09858028394321136
BAAI/bge-m3,fr,9,NQM,0.8571344017982483,1.1894824837803841,0.49770074864451574,0.7205943874628603,39.99,0.6062787442511498
BAAI/bge-m3,fr,9,NQT,0.7762163281440735,0.9843536477088928,0.4187721853857955,0.7885543269433171,50.32,0.6042791441711658
BAAI/bge-m3,fr,9,NMT,0.6190285086631775,0.7821013334035873,0.3832001050131245,0.7914939947339906,30.66,0.40451909618076387
BAAI/bge-m3,fr,9,QMT,0.5274732112884521,0.7706002485275268,0.3162792045466749,0.68449654966459,29.560000000000002,0.5912817436512697
BAAI/bge-m3,fr,10,NQM,0.6064246892929077,0.959087556540966,0.5059237620722129,0.6322933554465034,39.5,0.585882823435313
BAAI/bge-m3,fr,10,NQT,0.6143332123756409,0.7984986358642578,0.36874365115776814,0.7693603780674538,29.8,0.5960807838432314
BAAI/bge-m3,fr,10,NMT,0.4296976625919342,0.528189125174284,0.23194548315993938,0.8135299310627334,30.88,0.5134973005398921
BAAI/bge-m3,fr,10,QMT,0.43630316853523254,0.6047436756134034,0.21946543290935536,0.7214679311725918,29.88,0.5976804639072185
BAAI/bge-m3,fr,11,NQM,0.6694759130477905,1.08502468842268,0.5547542555821589,0.6170144515516994,25.02,0.2955408918216357
BAAI/bge-m3,fr,11,NQT,0.736494243144989,0.9531521068930626,0.45416846308423187,0.7726932960835874,30.61,0.6122775444911018
BAAI/bge-m3,fr,11,NMT,0.6492681503295898,0.8339168638229371,0.37426655795095437,0.7785765925782601,19.93,0.3987202559488102
BAAI/bge-m3,fr,11,QMT,0.6956213712692261,0.9516461209774018,0.40880606420037463,0.7309664337769246,29.830000000000002,0.5966806638672265
BAAI/bge-m3,fr,12,NQM,0.6957401633262634,1.146928764939308,0.5693758493258213,0.606611486775705,39.21,0.5924815036992601
BAAI/bge-m3,fr,12,NQT,0.6965317726135254,0.9027805154561996,0.3888156700521503,0.7715405468856152,29.94,0.598880223955209
BAAI/bge-m3,fr,12,NMT,0.5269109010696411,0.6475250205039979,0.3013292169295642,0.8137305654362343,20.45,0.4091181763647271
BAAI/bge-m3,fr,12,QMT,0.4618147015571594,0.7587239358663559,0.3922770610290285,0.6086729042352188,29.8,0.5960807838432314
BAAI/bge-m3,fr,13,NQM,0.5900275707244873,1.0555804724216462,0.6167026451346348,0.5589602935438207,25.21,0.30093981203759246
BAAI/bge-m3,fr,13,NQT,0.6282857060432434,0.8764564108133316,0.41940297979293867,0.7168476358789957,30.48,0.6096780643871226
BAAI/bge-m3,fr,13,NMT,0.4689200222492218,0.5560361492335797,0.24380981449164435,0.8433265047510329,35.550000000000004,0.5030993801239753
BAAI/bge-m3,fr,13,QMT,0.5638668537139893,0.7834789342164993,0.33344694915681106,0.7196962535784732,30.19,0.6038792241551689
BAAI/bge-m3,fr,14,NQM,0.8475867509841919,1.2174010894298553,0.602248892450778,0.6962263779314058,19.96,0.3993201359728054
BAAI/bge-m3,fr,14,NQT,0.8290424942970276,1.0219376115322114,0.44860172556664685,0.8112457012451243,25.11,0.5022995400919816
BAAI/bge-m3,fr,14,NMT,0.6380007863044739,0.8093481001377105,0.3929610210347419,0.7882897188430168,53.88,0.5876824635072986
BAAI/bge-m3,fr,14,QMT,0.5399701595306396,0.796102948987484,0.32742657251079366,0.6782667495663938,15.200000000000001,0.3041391721655669
BAAI/bge-m3,fr,15,NQM,0.6224668622016907,1.0322921344041824,0.5609325751493132,0.6029948707885511,20.07,0.40151969606078786
BAAI/bge-m3,fr,15,NQT,0.684058666229248,0.8950617556929589,0.40858619607932023,0.7642586244776864,30.67,0.6134773045390922
BAAI/bge-m3,fr,15,NMT,0.5493439435958862,0.6870468248844147,0.31873345116526997,0.799572785577614,19.25,0.385122975404919
BAAI/bge-m3,fr,15,QMT,0.43971553444862366,0.7405320560157299,0.39236713318592675,0.5937832547233981,29.95,0.5990801839632074
BAAI/bge-m3,fr,16,NQM,0.7572072744369507,1.0337112572550773,0.5039244877125761,0.7325133291543235,34.96,0.40311937612477505
BAAI/bge-m3,fr,16,NQT,0.8430013656616211,1.0434282044649124,0.48981074543815034,0.8079150650265569,30.1,0.6020795840831834
BAAI/bge-m3,fr,16,NMT,0.5391080975532532,0.6797301703214645,0.32713943274420476,0.7931207427463458,20.11,0.4023195360927814
BAAI/bge-m3,fr,16,QMT,0.8055252432823181,0.9634211381912231,0.261703132145622,0.8361091648807052,29.6,0.5920815836832634
BAAI/bge-m3,fr,17,NQM,0.7107337117195129,1.2065697241187097,0.6247764414264788,0.5890531624585978,19.59,0.3919216156768646
BAAI/bge-m3,fr,17,NQT,0.8219672441482544,1.074161309325695,0.47088987290469453,0.7652176977622469,5.26,0.10537892421515697
BAAI/bge-m3,fr,17,NMT,0.4989471435546875,0.7489540978550911,0.3405806808635381,0.6661918867697529,19.53,0.39072185562887424
BAAI/bge-m3,fr,17,QMT,0.39511221647262573,0.65946007168293,0.34343339217278546,0.5991450179291484,15.08,0.3017396520695861
BAAI/bge-m3,fr,18,NQM,0.7133763432502747,1.1398859512448312,0.6140160680787397,0.6258313320473811,20.91,0.41831633673265345
BAAI/bge-m3,fr,18,NQT,0.8447743058204651,1.0737677270174026,0.5041091466257545,0.7867384021367472,30.04,0.6008798240351929
BAAI/bge-m3,fr,18,NMT,0.6175431609153748,0.890028670656681,0.421709613429696,0.69384636840861,19.39,0.3879224155168966
BAAI/bge-m3,fr,18,QMT,0.4077647030353546,0.7180130738437176,0.38558614486222065,0.567907072850237,29.55,0.5910817836432714
BAAI/bge-m3,fr,19,NQM,0.604284405708313,1.0846821311831474,0.6305227620490257,0.5571073666057499,40.84,0.6150769846030794
BAAI/bge-m3,fr,19,NQT,0.6782150268554688,0.9325356630325318,0.4152937295684007,0.7272805252822613,30.09,0.6018796240751849
BAAI/bge-m3,fr,19,NMT,0.3458944857120514,0.44019180572628974,0.19741480714685034,0.7857812917270478,4.7700000000000005,0.09558088382323535
BAAI/bge-m3,fr,19,QMT,0.361892968416214,0.7079263612031936,0.4319191958276793,0.5112014303304492,45.2,0.6036792641471705
BAAI/bge-m3,fr,20,NQM,0.7666472792625427,1.2082308364748955,0.5729720999341757,0.6345205370677837,20.19,0.4039192161567686
BAAI/bge-m3,fr,20,NQT,0.7438666224479675,0.9656433860778808,0.407061040183861,0.7703326436776351,39.57,0.5912817436512697
BAAI/bge-m3,fr,20,NMT,0.6233054399490356,0.7700440824151039,0.38062462017961,0.8094412439263756,24.57,0.2917416516696661
BAAI/bge-m3,fr,20,QMT,0.6123311519622803,0.7906965069055557,0.22486072151470976,0.7744199533116761,44.04,0.5922815436912617
BAAI/bge-m3,fr,21,NQM,0.6249430179595947,1.016402905035019,0.5517449017802872,0.6148575676664837,39.43,0.5924815036992601
BAAI/bge-m3,fr,21,NQT,0.7154368758201599,0.9666603153467178,0.45393409250888334,0.7401119756972849,30.240000000000002,0.6048790241951609
BAAI/bge-m3,fr,21,NMT,0.47628405690193176,0.5916193555772304,0.26093667513637125,0.8050515122792534,30.060000000000002,0.5002999400119976
BAAI/bge-m3,fr,21,QMT,0.366629034280777,0.5892549816787243,0.28374814468664317,0.6221908098861855,55.63,0.6080783843231353
BAAI/bge-m3,fr,22,NQM,0.7116344571113586,1.250251081931591,0.722505211736584,0.5691932343792423,44.61,0.5984803039392121
BAAI/bge-m3,fr,22,NQT,0.8882326483726501,1.2377270998597145,0.5998039817899367,0.7176320599852793,54.68,0.5966806638672265
BAAI/bge-m3,fr,22,NMT,0.668587327003479,0.867283812904358,0.39075568937588867,0.7708979656425784,20.18,0.40371925614877024
BAAI/bge-m3,fr,22,QMT,0.36242642998695374,0.7952278431534767,0.519256973779752,0.4557516856418101,29.5,0.5900819836032793
BAAI/bge-m3,fr,23,NQM,0.706821858882904,1.0592099016666412,0.48666809383475895,0.6673104714845184,24.7,0.2939412117576485
BAAI/bge-m3,fr,23,NQT,0.7114007472991943,0.8979942221760749,0.3915307595727276,0.7922108291237019,30.13,0.6026794641071785
BAAI/bge-m3,fr,23,NMT,0.49362313747406006,0.5805095239758492,0.28786380094714437,0.8503273711901165,69.87,0.8934213157368527
BAAI/bge-m3,fr,23,QMT,0.58479243516922,0.7517152611136436,0.23438090667464062,0.7779440772588407,24.91,0.4983003399320136
BAAI/bge-m3,fr,24,NQM,0.6096141338348389,1.0417172111392021,0.5823653237627132,0.5852011729436545,34.69,0.39892021595680865
BAAI/bge-m3,fr,24,NQT,0.7849044799804688,0.9940348642230034,0.46379586169930054,0.7896146385098948,30.990000000000002,0.619876024795041
BAAI/bge-m3,fr,24,NMT,0.4271141588687897,0.5584058347582818,0.24950129852732558,0.7648812606926118,20.22,0.40451909618076387
BAAI/bge-m3,fr,24,QMT,0.4700177311897278,0.735047571015358,0.3504825464668614,0.6394385203393426,5.0,0.10017996400719856
BAAI/bge-m3,fr,25,NQM,0.7835595011711121,1.2051043603420257,0.6247768951753606,0.6502005361162883,51.15,0.6086782643471306
BAAI/bge-m3,fr,25,NQT,0.8299360871315002,1.0566356882810592,0.48434767419943964,0.7854515007730425,34.9,0.5984803039392121
BAAI/bge-m3,fr,25,NMT,0.5684305429458618,0.8547477851986885,0.41532570815486725,0.665027219477455,20.05,0.40111977604479104
BAAI/bge-m3,fr,25,QMT,0.5093892216682434,0.7756500695705414,0.37973591587181754,0.6567255540241531,19.86,0.39732053589282146
BAAI/bge-m3,fr,26,NQM,0.5954018235206604,0.9419772316813468,0.5028701339707419,0.6320766611919996,24.68,0.29834033193361326
BAAI/bge-m3,fr,26,NQT,0.72211754322052,0.9148439682126045,0.4305926013980697,0.789334103202957,29.76,0.5952809438112378
BAAI/bge-m3,fr,26,NMT,0.3920166790485382,0.5078782608687877,0.2089468857260316,0.7718713503845862,19.72,0.3945210957808438
BAAI/bge-m3,fr,26,QMT,0.37563008069992065,0.551603811275959,0.22096471123578018,0.6809780371718963,29.990000000000002,0.5998800239952009
BAAI/bge-m3,fr,27,NQM,0.6982160806655884,1.1060721640348434,0.5576873579469102,0.6312572573184854,25.6,0.3085382923415317
BAAI/bge-m3,fr,27,NQT,0.761185348033905,1.0011066000938416,0.45456723102596863,0.7603439513452341,30.32,0.6064787042591482
BAAI/bge-m3,fr,27,NMT,0.48714780807495117,0.5892059971570969,0.2658567289917732,0.8267869139564082,29.42,0.49090181963607277
BAAI/bge-m3,fr,27,QMT,0.3579660952091217,0.580211769759655,0.2757619624206074,0.6169576590229933,30.060000000000002,0.6012797440511898
BAAI/bge-m3,fr,28,NQM,0.6043272614479065,0.9709304022431373,0.523970652425129,0.6224207832519291,40.62,0.5998800239952009
BAAI/bge-m3,fr,28,NQT,0.7164855599403381,0.9557055399894714,0.4574664799858981,0.749692797582278,30.09,0.6018796240751849
BAAI/bge-m3,fr,28,NMT,0.5218465924263,0.6153802120923996,0.2799563181692843,0.8480067804765496,50.24,0.7038592281543691
BAAI/bge-m3,fr,28,QMT,0.6142268180847168,0.7401192182779313,0.21007866603295453,0.8299025385572829,29.86,0.5972805438912218
BAAI/bge-m3,fr,29,NQM,0.5793451070785522,1.0461705949783324,0.5806031757765228,0.5537768982027232,14.97,0.2995400919816037
BAAI/bge-m3,fr,29,NQT,0.7614622116088867,0.9684679509162902,0.41001078849784,0.7862544247206769,30.37,0.6074785042991402
BAAI/bge-m3,fr,29,NMT,0.4897591769695282,0.5961949622571469,0.2753731162777723,0.821474866400275,20.41,0.40831833633273346
BAAI/bge-m3,fr,29,QMT,0.4938875734806061,0.6914452438533306,0.29008862275125663,0.7142829860648449,30.23,0.6046790641871626
BAAI/bge-m3,fr,30,NQM,0.6417819857597351,1.0192591514348983,0.53915908748326,0.6296553578700902,44.42,0.5940811837632474
BAAI/bge-m3,fr,30,NQT,0.800113320350647,1.0036595203876495,0.4793756231753756,0.7971959654612922,30.18,0.6036792641471705
BAAI/bge-m3,fr,30,NMT,0.4866926670074463,0.6001133268892765,0.2806200139531519,0.8110012645935326,5.24,0.10497900419916016
BAAI/bge-m3,fr,30,QMT,0.5373892188072205,0.7103063341259956,0.27181723448413136,0.7565598010155724,28.61,0.5722855428914218
BAAI/bge-m3,fr,31,NQM,0.6055209636688232,1.0362528849005699,0.596672198867545,0.5843370595068014,40.22,0.597880423915217
BAAI/bge-m3,fr,31,NQT,0.7511348724365234,1.0006556652665137,0.4854649447542598,0.7506427020884513,15.21,0.3043391321735653
BAAI/bge-m3,fr,31,NMT,0.41877418756484985,0.5223624257802963,0.2456876011194946,0.8016927843508083,20.13,0.40271945610877824
BAAI/bge-m3,fr,31,QMT,0.4990840554237366,0.7874275100708008,0.3838737213595319,0.6338158738932401,29.7,0.5940811837632474
BAAI/bge-m3,fr,32,NQM,0.6795943379402161,0.9480347271442413,0.47025499746802535,0.7168454050060347,25.26,0.40591881623675263
BAAI/bge-m3,fr,32,NQT,0.7719990015029907,0.9750964500665664,0.4735586658338066,0.7917155287043629,9.82,0.1965606878624275
BAAI/bge-m3,fr,32,NMT,0.49201616644859314,0.597445487087965,0.2920482757065739,0.8235331542061302,29.64,0.499500099980004
BAAI/bge-m3,fr,32,QMT,0.6600651741027832,0.7870273808002471,0.24745046498486337,0.83868133460718,30.09,0.6018796240751849
BAAI/bge-m3,fr,33,NQM,0.7137188911437988,0.9948847477912903,0.504608706246609,0.7173885143254879,40.87,0.5070985802839432
BAAI/bge-m3,fr,33,NQT,0.7171834707260132,0.8869013504624367,0.4000681075333501,0.8086395069206513,25.39,0.5078984203159368
BAAI/bge-m3,fr,33,NMT,0.4372987747192383,0.5193288285374641,0.2428024476369858,0.842046023036924,65.68,0.7078584283143371
BAAI/bge-m3,fr,33,QMT,0.450008362531662,0.5933523788034916,0.1782355330512753,0.7584167159460211,29.97,0.5994801039792041
BAAI/bge-m3,fr,34,NQM,0.5952644944190979,1.0005502961993218,0.520318672380777,0.594937102792001,19.92,0.39852029594081184
BAAI/bge-m3,fr,34,NQT,0.7264455556869507,0.9399404442429543,0.43297046431078495,0.7728633873939436,45.25,0.6004799040191962
BAAI/bge-m3,fr,34,NMT,0.46057799458503723,0.5715678651869297,0.25509110998675555,0.8058150617575407,15.43,0.3087382523495301
BAAI/bge-m3,fr,34,QMT,0.4419466555118561,0.6395409010469914,0.2574220203032991,0.6910373594365191,43.76,0.5894821035792841
BAAI/bge-m3,fr,35,NQM,0.7467501163482666,1.0837715504169465,0.5051269432042155,0.6890290818764243,40.12,0.5952809438112378
BAAI/bge-m3,fr,35,NQT,0.7435731291770935,0.9748783629179001,0.42903819064332926,0.7627342625091693,29.1,0.5820835832833433
BAAI/bge-m3,fr,35,NMT,0.40185827016830444,0.48500458627939225,0.23041728657333332,0.8285659177993443,19.93,0.3987202559488102
BAAI/bge-m3,fr,35,QMT,0.5766153335571289,0.7507512091636658,0.23525536605142047,0.7680511553204268,5.18,0.10377924415116976
BAAI/bge-m3,fr,36,NQM,0.5959535837173462,0.987986290705204,0.5333403457886813,0.6032002562417782,49.13,0.5942811437712457
BAAI/bge-m3,fr,36,NQT,0.7694180607795715,0.9976052137255669,0.4695822677632026,0.7712650757962668,29.91,0.5982803439312138
BAAI/bge-m3,fr,36,NMT,0.5083264112472534,0.594788280570507,0.2654209946616729,0.8546342082578089,35.160000000000004,0.5016996600679864
BAAI/bge-m3,fr,36,QMT,0.6642187833786011,0.7704349626064301,0.19282364394101406,0.8621347882897797,29.3,0.5860827834433113
BAAI/bge-m3,fr,37,NQM,0.7018280029296875,1.1420573909401894,0.5973989081513773,0.6145295398432636,43.980000000000004,0.585882823435313
BAAI/bge-m3,fr,37,NQT,0.6548408269882202,0.9641399453997612,0.4681901545323622,0.6791968636005683,14.6,0.29214157168566285
BAAI/bge-m3,fr,37,NMT,0.5011220574378967,0.6093776437819004,0.2935293880261192,0.8223505777583608,56.36,0.6110777844431113
BAAI/bge-m3,fr,37,QMT,0.5993727445602417,0.9261819068551064,0.4172119986633221,0.6471436551754639,34.4,0.5894821035792841
BAAI/bge-m3,fr,38,NQM,0.5740865468978882,0.9876397993564606,0.5586282371460051,0.5812711752517242,39.58,0.5890821835632873
BAAI/bge-m3,fr,38,NQT,0.6197535395622253,0.8190841948390007,0.38030360242387684,0.7566420442080286,46.19,0.6092781443711258
BAAI/bge-m3,fr,38,NMT,0.5224106907844543,0.6259382568180561,0.2898286659477136,0.834604188341648,35.38,0.5006998600279944
BAAI/bge-m3,fr,38,QMT,0.4809263348579407,0.7498776990652084,0.3694358620941733,0.6413396950687003,29.240000000000002,0.584883023395321
BAAI/bge-m3,fr,39,NQM,0.589797854423523,0.9909777707576751,0.5582237258716438,0.5951675928835256,19.94,0.39892021595680865
BAAI/bge-m3,fr,39,NQT,0.818381667137146,1.0494309929609298,0.5015598519797148,0.77983371238859,30.13,0.6026794641071785
BAAI/bge-m3,fr,39,NMT,0.552772045135498,0.6899540508031845,0.3109530215657903,0.8011722584876598,20.01,0.4003199360127974
BAAI/bge-m3,fr,39,QMT,0.5664576292037964,0.8180850781798362,0.34891276995123516,0.6924189724416193,15.030000000000001,0.3007398520295941
BAAI/bge-m3,fr,40,NQM,0.8085584044456482,1.1730245334982872,0.5382573441462224,0.6892936859842237,35.51,0.506498700259948
BAAI/bge-m3,fr,40,NQT,0.7799707651138306,0.9798499476909638,0.3928775970002268,0.7960104166470096,30.12,0.6024795040991802
BAAI/bge-m3,fr,40,NMT,0.6594277024269104,0.8050666416764259,0.3952396973842637,0.8190970390388251,40.77,0.6064787042591482
BAAI/bge-m3,fr,40,QMT,0.5486825108528137,0.7401841846585274,0.2289632520558078,0.7412783496653589,48.84,0.5860827834433113
BAAI/bge-m3,fr,41,NQM,0.6339271664619446,0.9872017436742783,0.47079081734402,0.642145509287576,40.57,0.6096780643871226
BAAI/bge-m3,fr,41,NQT,0.7775933146476746,0.969450004863739,0.3987257578882912,0.8020973858844501,29.98,0.5996800639872025
BAAI/bge-m3,fr,41,NMT,0.48747718334198,0.5762441002190113,0.26111472197722224,0.8459560508400175,50.4,0.7074585082983403
BAAI/bge-m3,fr,41,QMT,0.6311501264572144,0.7563166112184525,0.18267151807187074,0.8345051756030784,36.06,0.6136772645470906
BAAI/bge-m3,fr,42,NQM,0.721583902835846,1.1818389816522599,0.644290402280769,0.6105602489320763,24.830000000000002,0.40251949610077986
BAAI/bge-m3,fr,42,NQT,0.9064177870750427,1.1512739179611207,0.530445782323712,0.7873172256690225,34.52,0.5910817836432714
BAAI/bge-m3,fr,42,NMT,0.585978090763092,0.8116638810276985,0.37107272814767167,0.7219467373864493,25.27,0.40411917616476706
BAAI/bge-m3,fr,42,QMT,0.4600110352039337,0.7057517107725143,0.3055354636865376,0.6518029332153582,29.88,0.5976804639072185
BAAI/bge-m3,fr,43,NQM,0.8192418813705444,1.1566057568311692,0.5734847973697663,0.7083155833621029,19.94,0.39892021595680865
BAAI/bge-m3,fr,43,NQT,0.7946645021438599,1.0293146939754485,0.47914183640594415,0.7720326026571251,29.61,0.5922815436912617
BAAI/bge-m3,fr,43,NMT,0.6880016326904297,0.8484627115488053,0.41209934203734283,0.8108802229313334,39.77,0.5934813037392521
BAAI/bge-m3,fr,43,QMT,0.4154388904571533,0.6879971160411835,0.33105660802932474,0.6038381277628514,54.68,0.5944811037792441
BAAI/bge-m3,fr,44,NQM,0.626926839351654,1.0638231369614601,0.5441245983875164,0.5893149129485203,20.07,0.40151969606078786
BAAI/bge-m3,fr,44,NQT,0.7162032127380371,0.8848190814495087,0.36008160718716087,0.8094346378289504,30.37,0.6074785042991402
BAAI/bge-m3,fr,44,NMT,0.575799286365509,0.7460470272898674,0.3429365795894778,0.7718002556171536,19.85,0.397120575884823
BAAI/bge-m3,fr,44,QMT,0.41283077001571655,0.6495315534353256,0.3025085990976985,0.6355823174896565,29.42,0.5884823035392921
BAAI/bge-m3,fr,45,NQM,0.5560814142227173,0.9486913107872009,0.5268689933276013,0.5861563270361445,40.25,0.6000799840031994
BAAI/bge-m3,fr,45,NQT,0.7124980092048645,0.9259211549997329,0.4259565139642203,0.7695018148756959,55.58,0.6052789442111578
BAAI/bge-m3,fr,45,NMT,0.49482256174087524,0.582772216385603,0.2687859820691304,0.8490839951309842,44.230000000000004,0.4947010597880424
BAAI/bge-m3,fr,45,QMT,0.6852082014083862,0.8086572640538215,0.20946553405308968,0.8473406866743161,15.09,0.30193961207758446
BAAI/bge-m3,fr,46,NQM,0.6573688983917236,1.0034104424118995,0.4951691282098971,0.6551345995672017,30.61,0.40511897620475906
BAAI/bge-m3,fr,46,NQT,0.7478060722351074,0.9518875255942345,0.4439793699605079,0.7856033954930643,30.36,0.6072785442911418
BAAI/bge-m3,fr,46,NMT,0.496351420879364,0.5925783012032508,0.2939941032793892,0.837613223215679,49.410000000000004,0.6958608278344331
BAAI/bge-m3,fr,46,QMT,0.6828578114509583,0.8402598604679108,0.27452608200477596,0.8126745588797808,30.68,0.6136772645470906
BAAI/bge-m3,fr,47,NQM,0.6152898669242859,0.9508866110682488,0.4825358294997248,0.6470696503260336,55.870000000000005,0.6084783043391322
BAAI/bge-m3,fr,47,NQT,0.7012131810188293,0.9099202806949616,0.42764955913368263,0.7706314452981524,45.1,0.5932813437312537
BAAI/bge-m3,fr,47,NMT,0.49793997406959534,0.5982572633385659,0.2558436746723276,0.8323174737403376,35.0,0.4993001399720056
BAAI/bge-m3,fr,47,QMT,0.5367289781570435,0.677582804954052,0.18366198025203695,0.7921230796177713,29.830000000000002,0.5966806638672265
BAAI/bge-m3,fr,48,NQM,0.6051981449127197,1.017810238814354,0.5427881648288105,0.5946080338287024,40.33,0.608878224355129
BAAI/bge-m3,fr,48,NQT,0.7036362290382385,0.9195819660186768,0.40176445190621063,0.7651696695226213,29.95,0.5990801839632074
BAAI/bge-m3,fr,48,NMT,0.4944992959499359,0.6204376654148102,0.2817273047567283,0.7970168858438473,29.69,0.4953009398120376
BAAI/bge-m3,fr,48,QMT,0.5783554315567017,0.6987205269694329,0.16786943690500644,0.8277349945111537,29.740000000000002,0.594881023795241
BAAI/bge-m3,fr,49,NQM,0.7093807458877563,1.0813595833063125,0.5545742320464507,0.6560081926847424,44.79,0.6002799440111978
BAAI/bge-m3,fr,49,NQT,0.7107726335525513,1.0066871920347213,0.4876028082743514,0.7060511340322388,45.49,0.6034793041391722
BAAI/bge-m3,fr,49,NMT,0.3473067283630371,0.41695106194019316,0.19282761292895492,0.8329676071481533,49.59,0.6924615076984603
BAAI/bge-m3,fr,49,QMT,0.5334432721138,0.8188449548840523,0.36172503094312586,0.6514582143193197,39.67,0.596880623875225
BAAI/bge-m3,fr,50,NQM,0.6252568960189819,1.0863580028295516,0.5871757150872807,0.5755532654887695,48.99,0.588882223555289
BAAI/bge-m3,fr,50,NQT,0.7399904727935791,0.98774667096138,0.4277486901456454,0.7491703030217177,29.6,0.5920815836832634
BAAI/bge-m3,fr,50,NMT,0.4249570965766907,0.6007330917716026,0.26011328869936845,0.7073975154635747,19.89,0.39792041591681665
BAAI/bge-m3,fr,50,QMT,0.4936954975128174,0.7140821712732315,0.28128455389132273,0.691370709664759,14.71,0.2943411317736453
BAAI/bge-m3,fr,51,NQM,0.6862338185310364,1.0658067549109458,0.5076637509813289,0.6438632663645777,24.490000000000002,0.39652069586082783
BAAI/bge-m3,fr,51,NQT,0.7095879912376404,0.9069833497285843,0.4252937494406477,0.7823605487897909,29.29,0.585882823435313
BAAI/bge-m3,fr,51,NMT,0.6246197819709778,0.7699285582304001,0.3535198488617869,0.8112697928828481,29.82,0.4953009398120376
BAAI/bge-m3,fr,51,QMT,0.5355356335639954,0.6791148379921913,0.1994860830913171,0.7885789024232225,29.57,0.5914817036592681
BAAI/bge-m3,fr,52,NQM,0.7113009095191956,1.1946084888577462,0.6304323785008533,0.5954259626923694,20.330000000000002,0.40671865626874626
BAAI/bge-m3,fr,52,NQT,0.7945330142974854,1.0870638574957847,0.5239987173358459,0.7308981977628074,34.26,0.5930813837232554
BAAI/bge-m3,fr,52,NMT,0.6039284467697144,0.8514068569421768,0.40434274271607773,0.7093300245877874,20.5,0.41011797640471903
BAAI/bge-m3,fr,52,QMT,0.3324912190437317,0.6558317265868187,0.4025633053138252,0.5069764172185252,34.81,0.5994801039792041
BAAI/bge-m3,fr,53,NQM,0.6117326021194458,1.066810636639595,0.5683492579969804,0.5734219186694671,14.56,0.2913417316536693
BAAI/bge-m3,fr,53,NQT,0.6308854222297668,0.8614008701324463,0.4103190884407592,0.7323946888189601,30.04,0.6008798240351929
BAAI/bge-m3,fr,53,NMT,0.47086724638938904,0.6447866065263748,0.29532652422694206,0.7302683424603642,20.04,0.40091981603679266
BAAI/bge-m3,fr,53,QMT,0.547328770160675,0.8270315262198448,0.40031493808166585,0.6617991609844873,29.89,0.597880423915217
BAAI/bge-m3,fr,54,NQM,0.7580040097236633,1.1881303302168846,0.610628333530122,0.6379805232180691,20.490000000000002,0.40991801639672065
BAAI/bge-m3,fr,54,NQT,0.8189440965652466,1.1224791085720063,0.5190349964091795,0.7295851569178512,30.52,0.6104779044191162
BAAI/bge-m3,fr,54,NMT,0.6222072243690491,0.767879533469677,0.3663883496222689,0.8102927571943279,39.63,0.5952809438112378
BAAI/bge-m3,fr,54,QMT,0.7372804284095764,0.9640915223002434,0.3411170179932577,0.7647411177828024,5.11,0.10237952409518096
BAAI/bge-m3,fr,55,NQM,0.8190668821334839,1.3198511033296585,0.6199467899113181,0.620575214936412,14.8,0.29614077184563087
BAAI/bge-m3,fr,55,NQT,0.7932961583137512,1.036522745013237,0.4273877346462405,0.765343705316235,30.400000000000002,0.6080783843231353
BAAI/bge-m3,fr,55,NMT,0.647940456867218,0.8177642761588096,0.39452666805836006,0.7923315749495956,20.63,0.41271745650869823
BAAI/bge-m3,fr,55,QMT,0.624253511428833,1.0319067903399468,0.493203590294481,0.6049514522746543,9.67,0.19356128774245152
BAAI/bge-m3,fr,56,NQM,0.6800349354743958,1.0650201276183129,0.5219119768431191,0.6385183883749768,55.64,0.6074785042991402
BAAI/bge-m3,fr,56,NQT,0.7107635140419006,0.9273799213767052,0.4023523968740416,0.7664210725912616,29.59,0.591881623675265
BAAI/bge-m3,fr,56,NMT,0.44409382343292236,0.5879778237402439,0.25272447984609414,0.755290090036386,15.59,0.3119376124775045
BAAI/bge-m3,fr,56,QMT,0.26985013484954834,0.5433674657344818,0.34158446331032855,0.49662549170898435,30.3,0.6060787842431514
BAAI/bge-m3,fr,57,NQM,0.6574767827987671,1.2380959027528762,0.7246303419386746,0.5310386548702345,34.410000000000004,0.49610077984403117
BAAI/bge-m3,fr,57,NQT,0.7749517560005188,1.0448554576277733,0.43069096956551195,0.7416832159342095,29.29,0.585882823435313
BAAI/bge-m3,fr,57,NMT,0.6150920987129211,0.7982039449572563,0.37480530763324804,0.7705951625497023,20.1,0.40211957608478305
BAAI/bge-m3,fr,57,QMT,0.4326182007789612,0.8844831548094749,0.5500984369852904,0.4891197739901125,29.67,0.5934813037392521
BAAI/bge-m3,fr,58,NQM,0.6993560194969177,1.1645865077495574,0.6022581369436197,0.6005187376313934,39.61,0.5972805438912218
BAAI/bge-m3,fr,58,NQT,0.7120773792266846,0.9659997880220413,0.4582938877746527,0.7371403058834831,30.22,0.6044791041791642
BAAI/bge-m3,fr,58,NMT,0.5985680818557739,0.8192331323862075,0.3933405988617838,0.7306443772746034,20.13,0.40271945610877824
BAAI/bge-m3,fr,58,QMT,0.4998243749141693,0.812542230206728,0.42034698023350947,0.6151364893199314,29.91,0.5982803439312138
BAAI/bge-m3,fr,59,NQM,0.6923703551292419,1.1347519705891609,0.5952943023967122,0.6101512692409378,19.830000000000002,0.3967206558688262
BAAI/bge-m3,fr,59,NQT,0.7071897983551025,0.9581498425722123,0.4506548454155356,0.7380784997635338,29.94,0.598880223955209
BAAI/bge-m3,fr,59,NMT,0.5174614787101746,0.6719017332792282,0.2983614783067025,0.7701445807914866,15.02,0.3005398920215957
BAAI/bge-m3,fr,59,QMT,0.46363118290901184,0.7089094134330749,0.3081699796469208,0.6540062441308339,29.76,0.5952809438112378
BAAI/bge-m3,fr,60,NQM,0.6117338538169861,1.0047425592184067,0.5327629004372151,0.6088463638807611,19.93,0.3987202559488102
BAAI/bge-m3,fr,60,NQT,0.6852512359619141,0.8895489242196083,0.39286293514687226,0.7703356356282565,9.950000000000001,0.19916016796640673
BAAI/bge-m3,fr,60,NMT,0.3767051100730896,0.4654131700158119,0.19542926794078208,0.8093993344869937,40.71,0.5096980603879224
BAAI/bge-m3,fr,60,QMT,0.34662750363349915,0.5548558062434197,0.25482226900160476,0.624716367266068,4.5600000000000005,0.09138172365526895
BAAI/bge-m3,fr,61,NQM,0.7349225282669067,1.0503994344711303,0.5287190819969779,0.6996600570679439,39.24,0.5900819836032793
BAAI/bge-m3,fr,61,NQT,0.7779804468154907,0.9962216467857361,0.4598824825461709,0.780931080271974,29.97,0.5994801039792041
BAAI/bge-m3,fr,61,NMT,0.4599060118198395,0.5652828636288643,0.2760061960727387,0.8135856248438774,34.13,0.39432113577284544
BAAI/bge-m3,fr,61,QMT,0.6043866872787476,0.8012176193237305,0.2661784214294299,0.7543352426374836,30.51,0.6102779444111178
BAAI/bge-m3,fr,62,NQM,0.5744926929473877,1.033607672405243,0.5938026168362768,0.555813108091551,28.84,0.3843231353729254
BAAI/bge-m3,fr,62,NQT,0.5741373300552368,0.8070374610185623,0.3897021925109105,0.7114134817606935,29.62,0.5924815036992601
BAAI/bge-m3,fr,62,NMT,0.4851960837841034,0.6430143069505692,0.29904020737913306,0.7545649895168626,19.900000000000002,0.39812037592481503
BAAI/bge-m3,fr,62,QMT,0.47289395332336426,0.7039192010521889,0.29493136320742275,0.6718014689979055,30.14,0.6028794241151769
BAAI/bge-m3,fr,63,NQM,0.5901331901550293,1.0752868837833405,0.6428503300230707,0.5488146457047144,25.09,0.2989402119576085
BAAI/bge-m3,fr,63,NQT,0.6267319917678833,0.8488240405082703,0.3901043436159291,0.7383532532748035,29.71,0.5942811437712457
BAAI/bge-m3,fr,63,NMT,0.4723605215549469,0.5652128138840199,0.26136094053142533,0.8357215370050656,29.740000000000002,0.5006998600279944
BAAI/bge-m3,fr,63,QMT,0.5204000473022461,0.7649288589000702,0.331569112168334,0.6803247664755063,24.330000000000002,0.48670265946810637
BAAI/bge-m3,fr,64,NQM,0.6018106341362,1.0111530490279197,0.5650626162276625,0.5951726444519555,44.13,0.5884823035392921
BAAI/bge-m3,fr,64,NQT,0.753964364528656,0.9535607307076455,0.44004168010005124,0.7906831104174582,29.89,0.597880423915217
BAAI/bge-m3,fr,64,NMT,0.5070736408233643,0.617443878275156,0.28925737205674,0.8212465272780178,30.07,0.5000999800039992
BAAI/bge-m3,fr,64,QMT,0.326345294713974,0.519886163008213,0.2363268858632322,0.6277245249710383,54.56,0.5942811437712457
BAAI/bge-m3,fr,65,NQM,0.6146029233932495,1.1415990227937698,0.6697335700985954,0.5383702255531269,19.69,0.39392121575684863
BAAI/bge-m3,fr,65,NQT,0.8069958686828613,1.0880649803161622,0.5128156339806289,0.7416798475102364,29.77,0.5954809038192361
BAAI/bge-m3,fr,65,NMT,0.4552089273929596,0.6644827085256576,0.30407901192843495,0.6850575967616734,19.86,0.39732053589282146
BAAI/bge-m3,fr,65,QMT,0.3943401277065277,0.6332048190474511,0.30921741002726927,0.6227686774385618,30.14,0.6028794241151769
BAAI/bge-m3,fr,66,NQM,0.652670681476593,0.9979874249100685,0.5133564571551725,0.6539868791781149,40.11,0.6000799840031994
BAAI/bge-m3,fr,66,NQT,0.7615775465965271,1.0046936806678772,0.48347384590216974,0.7580196444447674,54.5,0.5932813437312537
BAAI/bge-m3,fr,66,NMT,0.40618520975112915,0.5149188439488411,0.22256573716689632,0.7888334531231413,20.42,0.40851829634073183
BAAI/bge-m3,fr,66,QMT,0.46379736065864563,0.6264424897015095,0.21719555859424527,0.7403670221649521,30.53,0.6106778644271146
BAAI/bge-m3,fr,67,NQM,0.5439540147781372,1.0375386325001716,0.6277443068574213,0.5242735043675811,40.07,0.5964807038592281
BAAI/bge-m3,fr,67,NQT,0.7149850726127625,0.9354781866192817,0.4079031660376808,0.7642990321301643,4.97,0.09958008398320337
BAAI/bge-m3,fr,67,NMT,0.505302369594574,0.61582844196558,0.2931104025753677,0.820524573338878,29.94,0.495500899820036
BAAI/bge-m3,fr,67,QMT,0.6093077659606934,0.8289912427425384,0.35157593816109545,0.734999038040734,30.1,0.6020795840831834
BAAI/bge-m3,fr,68,NQM,0.747179388999939,1.0543162746071815,0.46429816912194943,0.7086861950201948,19.81,0.39632073585282945
BAAI/bge-m3,fr,68,NQT,0.6597186923027039,0.8795058148503303,0.4009678252796438,0.7501015697255182,40.39,0.6062787442511498
BAAI/bge-m3,fr,68,NMT,0.41372552514076233,0.48723930264115334,0.2362553393949245,0.8491218235007978,49.81,0.6986602679464107
BAAI/bge-m3,fr,68,QMT,0.5096535682678223,0.6581501880884171,0.20081881999465975,0.7743727457517343,20.57,0.41151769646070785
BAAI/bge-m3,fr,69,NQM,0.6071599721908569,1.009775714802742,0.5372511776779296,0.6012820107372688,20.330000000000002,0.40671865626874626
BAAI/bge-m3,fr,69,NQT,0.6349619030952454,0.8800219497919083,0.42148895532289177,0.7215296200789857,20.34,0.40691861627674464
BAAI/bge-m3,fr,69,NMT,0.392108291387558,0.47924645800590515,0.21227231344788217,0.8181767122875812,31.12,0.5170965806838632
BAAI/bge-m3,fr,69,QMT,0.29559507966041565,0.5397011984229088,0.3097449534078418,0.5477013586844776,55.36,0.6062787442511498
BAAI/bge-m3,fr,70,NQM,0.7197268605232239,1.152001985490322,0.6120994155381234,0.6247618229722621,40.050000000000004,0.596880623875225
BAAI/bge-m3,fr,70,NQT,0.8744454979896545,1.0891089996218681,0.4962972772510918,0.8028998918312618,30.67,0.6134773045390922
BAAI/bge-m3,fr,70,NMT,0.532821774482727,0.7472207595825195,0.3430518936173622,0.7130714285557422,9.6,0.1921615676864627
BAAI/bge-m3,fr,70,QMT,0.31614774465560913,0.5689275911688805,0.31109086914064393,0.5556906530152941,29.830000000000002,0.5966806638672265
BAAI/bge-m3,fr,71,NQM,0.6586741805076599,1.1682090066552162,0.644269862662771,0.563832479252145,20.67,0.41351729654069186
BAAI/bge-m3,fr,71,NQT,0.8186758756637573,1.0610370256900787,0.43649126333869637,0.7715808740326796,29.810000000000002,0.5962807438512298
BAAI/bge-m3,fr,71,NMT,0.5591614246368408,0.7455538932681084,0.3396561627653537,0.7499946411452928,15.19,0.3039392121575685
BAAI/bge-m3,fr,71,QMT,0.5238663554191589,0.744725831580162,0.28203920404457467,0.7034351880972276,30.3,0.6060787842431514
BAAI/bge-m3,fr,72,NQM,0.7438693046569824,1.1634923748493196,0.5574092419748624,0.6393417960755259,35.34,0.5012997400519896
BAAI/bge-m3,fr,72,NQT,0.7187519073486328,0.9359693515896798,0.4175148157199078,0.7679224817854495,5.08,0.10177964407118577
BAAI/bge-m3,fr,72,NMT,0.5645876526832581,0.7370071642994881,0.3343815676198891,0.7660544972030527,15.22,0.30453909218156366
BAAI/bge-m3,fr,72,QMT,0.43556538224220276,0.6385915143728256,0.2533148669806352,0.6820719856719343,44.31,0.588882223555289
BAAI/bge-m3,fr,73,NQM,0.74736088514328,1.0309986310482024,0.48262205738074426,0.7248902788384145,20.06,0.4013197360527894
BAAI/bge-m3,fr,73,NQT,0.6669968962669373,0.8707873136281967,0.40129459114669774,0.7659699283939746,30.23,0.6046790641871626
BAAI/bge-m3,fr,73,NMT,0.482486367225647,0.5829035888135433,0.2816002883698357,0.8277292788793499,20.51,0.41031793641271747
BAAI/bge-m3,fr,73,QMT,0.6606102585792542,0.8239891414284706,0.2740235181659804,0.8017220438526849,25.21,0.5042991401719656
BAAI/bge-m3,fr,74,NQM,0.6715461611747742,1.049570176780224,0.5213117059323505,0.6398296903159374,35.46,0.505498900219956
BAAI/bge-m3,fr,74,NQT,0.8035505414009094,0.9743011446714401,0.3909122962505413,0.8247455581826941,30.42,0.6084783043391322
BAAI/bge-m3,fr,74,NMT,0.5351257920265198,0.6126555297493934,0.2865451642793397,0.8734529699659112,44.92,0.594881023795241
BAAI/bge-m3,fr,74,QMT,0.7008361220359802,0.8083692975997925,0.2382646521102026,0.8669751858662045,39.480000000000004,0.5936812637472505
BAAI/bge-m3,fr,75,NQM,0.7743074297904968,1.1188378973007203,0.496331132529146,0.6920639993138229,20.240000000000002,0.40491901619676063
BAAI/bge-m3,fr,75,NQT,0.7310994267463684,0.9721614800214767,0.4678139724396202,0.7520349672046923,29.650000000000002,0.5930813837232554
BAAI/bge-m3,fr,75,NMT,0.5864683389663696,0.7195290733218193,0.34901341775511036,0.8150724699115092,24.86,0.39492101579684064
BAAI/bge-m3,fr,75,QMT,0.6922177076339722,0.8390707065105438,0.20485709366451926,0.8249813779244941,14.67,0.29354129174165167
BAAI/bge-m3,fr,76,NQM,0.7066146731376648,1.1924490666508674,0.6641966031179397,0.5925743018288253,40.22,0.6036792641471705
BAAI/bge-m3,fr,76,NQT,0.8096604943275452,1.1372782568216324,0.5512687097210238,0.711928228180149,25.48,0.5096980603879224
BAAI/bge-m3,fr,76,NMT,0.664812445640564,0.8375782572984696,0.3797493883363822,0.7937317377173336,19.92,0.39852029594081184
BAAI/bge-m3,fr,76,QMT,0.4476141929626465,0.9373657178640366,0.5945349622194523,0.477523536898855,29.39,0.587882423515297
BAAI/bge-m3,fr,77,NQM,0.5923694372177124,1.0064572293043137,0.565210370495001,0.5885689127858748,20.22,0.40451909618076387
BAAI/bge-m3,fr,77,NQT,0.8291727304458618,1.0372852124929428,0.48599455956710474,0.7993681202224828,30.6,0.6120775844831033
BAAI/bge-m3,fr,77,NMT,0.5179043412208557,0.6552555176973343,0.30035939303405224,0.7903853187532988,19.63,0.39272145570885825
BAAI/bge-m3,fr,77,QMT,0.514854907989502,0.717560210621357,0.2695068722579065,0.7175076047527162,15.1,0.3021395720855829
BAAI/bge-m3,fr,78,NQM,0.6897284388542175,1.1049208452939987,0.5983737541461669,0.6242333482902745,31.12,0.41111777644471104
BAAI/bge-m3,fr,78,NQT,0.7003483176231384,1.02274278806448,0.4985276129464792,0.6847746332661496,29.93,0.5986802639472105
BAAI/bge-m3,fr,78,NMT,0.4435144066810608,0.5274706959784031,0.259728136216691,0.8408323155422824,39.88,0.49870025994801037
BAAI/bge-m3,fr,78,QMT,0.5575197339057922,0.9008885139226913,0.42277129658680795,0.6188554136156034,29.580000000000002,0.5916816636672666
BAAI/bge-m3,fr,79,NQM,0.6883306503295898,1.0820084625005721,0.5342959411150667,0.6361601356963413,19.52,0.3905218956208758
BAAI/bge-m3,fr,79,NQT,0.7015671730041504,0.9237600940942764,0.3932449784970713,0.7594690195956776,10.19,0.20395920815836832
BAAI/bge-m3,fr,79,NMT,0.41629278659820557,0.49620193427205084,0.23780643559107456,0.8389584115750893,54.870000000000005,0.6962607478504299
BAAI/bge-m3,fr,79,QMT,0.5818246603012085,0.8621066068649292,0.3678213776294144,0.6748871377013946,30.12,0.6024795040991802
BAAI/bge-m3,fr,80,NQM,0.7294347882270813,1.1297459122538567,0.5481063897708528,0.6456626931016767,40.58,0.6046790641871626
BAAI/bge-m3,fr,80,NQT,0.761091411113739,0.9481104432463646,0.39946813464594344,0.8027455203498567,5.43,0.10877824435112977
BAAI/bge-m3,fr,80,NMT,0.5137436389923096,0.6478513726592063,0.29105011369288875,0.7929961418199613,20.21,0.40431913617276544
BAAI/bge-m3,fr,80,QMT,0.2665541172027588,0.5474073619663715,0.3422612606942879,0.48693922610899576,54.85,0.5972805438912218
BAAI/bge-m3,fr,81,NQM,0.8034636378288269,1.1229707389593124,0.46762016052819266,0.71548047509475,20.07,0.40151969606078786
BAAI/bge-m3,fr,81,NQT,0.7474502325057983,0.9598195604324341,0.4431853219483234,0.7787403625825939,29.7,0.5940811837632474
BAAI/bge-m3,fr,81,NMT,0.6612248420715332,0.7849094119429588,0.37473643440364446,0.8424218540505201,50.25,0.7032593481303739
BAAI/bge-m3,fr,81,QMT,0.535429060459137,0.6968077377915383,0.193723440537981,0.7684028626825484,29.490000000000002,0.589882023595281
BAAI/bge-m3,fr,82,NQM,0.661491870880127,1.1392330603122711,0.6157094717497755,0.580646659515154,19.87,0.39752049590081984
BAAI/bge-m3,fr,82,NQT,0.7998534440994263,1.0673803642988204,0.4970276055591161,0.7493612126021388,29.84,0.596880623875225
BAAI/bge-m3,fr,82,NMT,0.5561675429344177,0.7879274183392525,0.3738740572773256,0.7058613902610084,34.550000000000004,0.3957208558288342
BAAI/bge-m3,fr,82,QMT,0.29881805181503296,0.5938876054048539,0.36937048891494806,0.5031558986835989,30.17,0.6034793041391722
BAAI/bge-m3,fr,83,NQM,0.5723403096199036,1.0337804726243018,0.5948853116142417,0.5536381512086761,30.01,0.39592081583683264
BAAI/bge-m3,fr,83,NQT,0.7133585214614868,0.958840842461586,0.4583228182078632,0.7439801162718224,30.23,0.6046790641871626
BAAI/bge-m3,fr,83,NMT,0.43341124057769775,0.5992181209027767,0.2675871155534136,0.7232946158637542,9.94,0.19896020795840832
BAAI/bge-m3,fr,83,QMT,0.4223114550113678,0.6584264763832093,0.2966778902838664,0.6413950078838232,24.78,0.4957008598280344
BAAI/bge-m3,fr,84,NQM,0.5869374871253967,0.9327816918492318,0.4763867779482393,0.6292334983131679,15.030000000000001,0.3007398520295941
BAAI/bge-m3,fr,84,NQT,0.6343541741371155,0.8726207998156548,0.42076640456217385,0.7269528462654097,9.63,0.19276144771045792
BAAI/bge-m3,fr,84,NMT,0.36343666911125183,0.47867903695106506,0.2024808634650376,0.7592491858958227,15.15,0.3031393721255749
BAAI/bge-m3,fr,84,QMT,0.2564959228038788,0.46297739154696466,0.24944029861389083,0.5540139270003764,53.97,0.5904819036192761
BAAI/bge-m3,fr,85,NQM,0.584175705909729,1.050572802734375,0.6193347941407413,0.5560544727492578,30.740000000000002,0.40891821635672865
BAAI/bge-m3,fr,85,NQT,0.6849449872970581,0.9520376040577888,0.4358923593752735,0.7194516102903457,44.08,0.5926814637072585
BAAI/bge-m3,fr,85,NMT,0.3593326210975647,0.44432687723636627,0.1895499105911885,0.8087123230801176,29.97,0.4997000599880024
BAAI/bge-m3,fr,85,QMT,0.38580915331840515,0.7069878228604793,0.3917448803138495,0.545708342976647,29.45,0.5890821835632873
BAAI/bge-m3,fr,86,NQM,0.6413119435310364,1.0966083017587662,0.5818784160663787,0.5848140511994121,24.36,0.3909218156368726
BAAI/bge-m3,fr,86,NQT,0.7470963001251221,1.031417336845398,0.49028354425352916,0.724339482608854,29.44,0.588882223555289
BAAI/bge-m3,fr,86,NMT,0.48792120814323425,0.645277775490284,0.2895451969790574,0.7561413497803394,19.580000000000002,0.39172165566886624
BAAI/bge-m3,fr,86,QMT,0.4305136501789093,0.7464559079885483,0.3942685621141676,0.5767435766412841,29.44,0.588882223555289
BAAI/bge-m3,fr,87,NQM,0.5800396203994751,1.046641192507744,0.5676852146505402,0.5541914693889991,19.54,0.3909218156368726
BAAI/bge-m3,fr,87,NQT,0.6688235402107239,0.9007279962420464,0.40241957073462425,0.7425366403624619,29.85,0.5970805838832234
BAAI/bge-m3,fr,87,NMT,0.5475082397460938,0.6709008396267891,0.3229227606447526,0.8160792287126176,25.05,0.39912017596480703
BAAI/bge-m3,fr,87,QMT,0.41215944290161133,0.6659352115273476,0.3312999239699477,0.61891823073252,30.1,0.6020795840831834
BAAI/bge-m3,fr,88,NQM,0.575427770614624,1.0009180999994278,0.5638625298303295,0.574899954965724,39.12,0.5874825034993001
BAAI/bge-m3,fr,88,NQT,0.6772549152374268,0.8742644655704498,0.40882941667339373,0.7746568022694933,30.8,0.6160767846430714
BAAI/bge-m3,fr,88,NMT,0.5162385106086731,0.6256408955693245,0.2942974042988925,0.8251354958791147,20.22,0.40451909618076387
BAAI/bge-m3,fr,88,QMT,0.4008655548095703,0.6459251690864563,0.30898871015541046,0.6206068039985208,4.84,0.09698060387922415
BAAI/bge-m3,fr,89,NQM,0.6282652616500854,1.0037400291085243,0.5139638843031427,0.6259242865978512,49.95,0.6072785442911418
BAAI/bge-m3,fr,89,NQT,0.673068642616272,0.9497920989155769,0.46021133507673256,0.7086483909310659,9.85,0.19716056788642272
BAAI/bge-m3,fr,89,NMT,0.45522594451904297,0.5323870693922043,0.2577268598968907,0.8550657419946229,35.0,0.40191961607678467
BAAI/bge-m3,fr,89,QMT,0.6649938225746155,0.9532580938100815,0.40256848503579334,0.6976010242053137,30.060000000000002,0.6012797440511898
BAAI/bge-m3,fr,90,NQM,0.6722009778022766,1.0141204968452453,0.4956176923094937,0.662841328907872,54.02,0.595880823835233
BAAI/bge-m3,fr,90,NQT,0.6043950915336609,0.834741599714756,0.36954935337032463,0.7240505226281617,49.81,0.5942811437712457
BAAI/bge-m3,fr,90,NMT,0.39729249477386475,0.48590365355014803,0.23723867359376988,0.8176363603572787,64.98,0.6956608678264347
BAAI/bge-m3,fr,90,QMT,0.45230069756507874,0.6332485576152802,0.2271648753499021,0.7142546037019991,5.26,0.10537892421515697
BAAI/bge-m3,fr,91,NQM,0.611942708492279,1.0254727680444717,0.5638938223560674,0.5967420370007759,15.17,0.30353929214157166
BAAI/bge-m3,fr,91,NQT,0.713007926940918,0.9242999830961227,0.43367320234756046,0.7714031591256637,30.11,0.6022795440911818
BAAI/bge-m3,fr,91,NMT,0.5159591436386108,0.6247989481091499,0.2838122097907078,0.825800275751503,19.67,0.3935212957408518
BAAI/bge-m3,fr,91,QMT,0.3939288258552551,0.6393997404932976,0.32061751397137184,0.6160916261097049,30.61,0.6122775444911018
BAAI/bge-m3,fr,92,NQM,0.7155176997184753,1.2571968562841416,0.6926572685213056,0.5691373599459515,39.39,0.5996800639872025
BAAI/bge-m3,fr,92,NQT,0.8366902470588684,1.1027409821271896,0.4903882790682476,0.7587368753123988,30.04,0.6008798240351929
BAAI/bge-m3,fr,92,NMT,0.6152048110961914,0.8395684489488602,0.3988004421153348,0.732763137854567,29.12,0.3925214957008598
BAAI/bge-m3,fr,92,QMT,0.35434314608573914,0.8049744860172272,0.549510107327949,0.4401917728330531,29.64,0.592881423715257
BAAI/bge-m3,fr,93,NQM,0.5421578884124756,1.0341803210020066,0.6327974779385583,0.524239223471841,20.63,0.41271745650869823
BAAI/bge-m3,fr,93,NQT,0.6373617053031921,0.9533082545995712,0.4668016919677866,0.6685788172160974,4.76,0.09538092381523695
BAAI/bge-m3,fr,93,NMT,0.4408571422100067,0.5784390539109707,0.25561166732241947,0.7621496840998191,20.34,0.40691861627674464
BAAI/bge-m3,fr,93,QMT,0.30326125025749207,0.6245909653007984,0.3842397011403644,0.485535761970169,4.87,0.09758048390321936
BAAI/bge-m3,fr,94,NQM,0.6259630918502808,1.0426015273571014,0.5458179329525774,0.6003857422273675,20.44,0.40891821635672865
BAAI/bge-m3,fr,94,NQT,0.7099359631538391,0.9277028824090958,0.40610497097568854,0.7652622155376771,29.96,0.5992801439712058
BAAI/bge-m3,fr,94,NMT,0.4456210732460022,0.6047196439862251,0.26896179055952285,0.7369052381162866,35.550000000000004,0.40451909618076387
BAAI/bge-m3,fr,94,QMT,0.38696804642677307,0.6370238158583641,0.3050552880723736,0.6074624477025897,34.800000000000004,0.5954809038192361
BAAI/bge-m3,fr,95,NQM,0.5821388363838196,0.9496568972945213,0.5064236710918057,0.6129991137237698,9.97,0.19956008798240352
BAAI/bge-m3,fr,95,NQT,0.7434290051460266,0.948973499250412,0.45189339155170727,0.7834033360599353,34.22,0.589882023595281
BAAI/bge-m3,fr,95,NMT,0.36451923847198486,0.4690410524427891,0.20352087017659254,0.777158495131233,20.21,0.40431913617276544
BAAI/bge-m3,fr,95,QMT,0.39671528339385986,0.5646372995555401,0.21340568060339518,0.7026019777748224,34.18,0.5890821835632873
BAAI/bge-m3,de,0,NQM,0.7970955967903137,1.2215861404538155,0.520169036935574,0.6525087101049972,14.67,0.29354129174165167
BAAI/bge-m3,de,0,NQT,0.8989633321762085,1.0900405911207198,0.48572096402226284,0.8247062902961431,30.21,0.6042791441711658
BAAI/bge-m3,de,0,NMT,0.6909052729606628,0.8764749542713165,0.42053118690002494,0.788277257202722,4.79,0.09598080383923216
BAAI/bge-m3,de,0,QMT,0.589773416519165,0.9459173058629036,0.4647505668693192,0.6234936319095322,44.7,0.5962807438512298
BAAI/bge-m3,de,1,NQM,0.7124735116958618,1.129310779619217,0.5539342300756462,0.6308923323440373,30.43,0.40191961607678467
BAAI/bge-m3,de,1,NQT,0.816892147064209,0.9827867202758789,0.37192144760862983,0.8311998221079618,29.7,0.5940811837632474
BAAI/bge-m3,de,1,NMT,0.8902967572212219,1.1073609680891037,0.5082589478361924,0.8039806195776807,20.5,0.41011797640471903
BAAI/bge-m3,de,1,QMT,0.44329938292503357,0.7954432915806771,0.4328235858191996,0.5572985373269882,29.62,0.5924815036992601
BAAI/bge-m3,de,2,NQM,0.7092010974884033,1.000589857149124,0.38134492963102123,0.708783016758082,15.030000000000001,0.3007398520295941
BAAI/bge-m3,de,2,NQT,0.8665213584899902,1.062881122493744,0.46736791059534816,0.8152570782856059,30.07,0.6014797040591882
BAAI/bge-m3,de,2,NMT,0.7477434277534485,0.9238812731981277,0.4405892433857182,0.8093501291180349,20.17,0.40351929614077187
BAAI/bge-m3,de,2,QMT,0.6940243244171143,0.918550996696949,0.3441460408779245,0.7555642821269871,35.59,0.6104779044191162
BAAI/bge-m3,de,3,NQM,0.6071593165397644,1.0220646175503731,0.5512681441912295,0.5940517909663828,20.03,0.40071985602879423
BAAI/bge-m3,de,3,NQT,0.7414202690124512,0.9058296138644218,0.34825778592359485,0.8184985980405397,14.17,0.2835432913417317
BAAI/bge-m3,de,3,NMT,0.8606809973716736,1.0277204326629639,0.4836908342353646,0.837466075419649,39.49,0.6002799440111978
BAAI/bge-m3,de,3,QMT,0.47895100712776184,0.6710341802001,0.2495260617527567,0.7137505379893266,29.98,0.5996800639872025
BAAI/bge-m3,de,4,NQM,0.865816056728363,1.2484534117102624,0.5085244796943774,0.6935109060590285,10.06,0.20135972805438912
BAAI/bge-m3,de,4,NQT,0.8999220728874207,1.125736032450199,0.5100534603330477,0.7994077181023629,29.63,0.5926814637072585
BAAI/bge-m3,de,4,NMT,0.7100682258605957,0.9148478323101997,0.4159785591894792,0.7761599260357158,15.280000000000001,0.3057388522295541
BAAI/bge-m3,de,4,QMT,0.7490091919898987,1.0571239825606347,0.47404061518620544,0.7085348590568262,29.91,0.5982803439312138
BAAI/bge-m3,de,5,NQM,0.5950658917427063,0.9714840618252755,0.5061041446370543,0.6125328403474295,20.37,0.40751849630073983
BAAI/bge-m3,de,5,NQT,0.7718083262443542,0.9434172684669495,0.3959794206062768,0.8180985784770747,29.42,0.5884823035392921
BAAI/bge-m3,de,5,NMT,0.6497039794921875,0.7577944967269897,0.34774421541831224,0.8573617020148389,60.44,0.7066586682663467
BAAI/bge-m3,de,5,QMT,0.6075489521026611,0.7782216402888298,0.30696395575008634,0.78068884318919,29.64,0.592881423715257
BAAI/bge-m3,de,6,NQM,0.7047745585441589,1.007860057926178,0.4203798263313377,0.6992781914521328,20.02,0.40051989602079585
BAAI/bge-m3,de,6,NQT,0.7911638021469116,0.9846508952975274,0.4041145863678189,0.8034967580129462,29.69,0.593881223755249
BAAI/bge-m3,de,6,NMT,0.6634632349014282,0.814977742421627,0.399145966141785,0.8140875515559453,19.98,0.3997200559888022
BAAI/bge-m3,de,6,QMT,0.5840606689453125,0.8002987115383148,0.2702103346537432,0.7298033353345221,30.150000000000002,0.6030793841231754
BAAI/bge-m3,de,7,NQM,0.5831378102302551,0.9584467189073562,0.4909223979575237,0.6084196426635303,19.82,0.39652069586082783
BAAI/bge-m3,de,7,NQT,0.6572195291519165,0.8010311052083969,0.3125841362358027,0.8204669267869608,50.61,0.607878424315137
BAAI/bge-m3,de,7,NMT,0.7076846361160278,0.8262268754959107,0.3833796043910928,0.8565258007256312,50.84,0.71125774845031
BAAI/bge-m3,de,7,QMT,0.44335123896598816,0.6043759632110596,0.2043406576934589,0.7335686161470123,30.240000000000002,0.6048790241951609
BAAI/bge-m3,de,8,NQM,0.5660263299942017,0.9949275059223175,0.5365450735333787,0.5689121334211332,29.35,0.3837232553489302
BAAI/bge-m3,de,8,NQT,0.6690412163734436,0.8097056261539459,0.30468421139221735,0.8262770996794523,30.64,0.612877424515097
BAAI/bge-m3,de,8,NMT,0.5339366793632507,0.6904705751180649,0.3242371155599534,0.7732938934742855,20.03,0.40071985602879423
BAAI/bge-m3,de,8,QMT,0.4693155884742737,0.6737687382221222,0.28112861758326546,0.6965529295882191,30.12,0.6024795040991802
BAAI/bge-m3,de,9,NQM,0.6882369518280029,1.0662322269678115,0.45987698508097435,0.6454850401441998,19.86,0.39732053589282146
BAAI/bge-m3,de,9,NQT,0.8400794267654419,1.0574492930650712,0.469987497681737,0.7944394424149019,30.09,0.6018796240751849
BAAI/bge-m3,de,9,NMT,0.7963768243789673,0.9688263035535812,0.46234606282112417,0.822001654431858,19.71,0.39432113577284544
BAAI/bge-m3,de,9,QMT,0.6462725400924683,0.8439839187383652,0.3110997255620608,0.7657403485338763,30.68,0.6136772645470906
BAAI/bge-m3,de,10,NQM,0.6873863339424133,1.040987490594387,0.5194523035601123,0.660321416109685,20.43,0.40871825634873027
BAAI/bge-m3,de,10,NQT,0.801884651184082,0.9518035230159759,0.3866239924181416,0.8424896859409713,30.05,0.6010797840431914
BAAI/bge-m3,de,10,NMT,0.8433620929718018,1.065390451002121,0.5336936718685639,0.7915990726007841,24.0,0.3919216156768646
BAAI/bge-m3,de,10,QMT,0.6118313670158386,0.827254311966896,0.29535801409807927,0.7395928412393485,44.78,0.5984803039392121
BAAI/bge-m3,de,11,NQM,0.6090872883796692,0.9948944256663322,0.48815173909810217,0.6122129872937219,20.13,0.40271945610877824
BAAI/bge-m3,de,11,NQT,0.6851854920387268,0.8197911835432052,0.3020247497696372,0.8358049047032473,29.67,0.5934813037392521
BAAI/bge-m3,de,11,NMT,0.5422564148902893,0.6909494958162308,0.3117888527881714,0.7847989153663504,19.93,0.3987202559488102
BAAI/bge-m3,de,11,QMT,0.5867705345153809,0.8807012158036231,0.4081315408418738,0.6662538032030507,50.17,0.6040791841631674
BAAI/bge-m3,de,12,NQM,0.614987850189209,0.9854045644760132,0.494158068574874,0.6240968150128302,35.06,0.40211957608478305
BAAI/bge-m3,de,12,NQT,0.6719347238540649,0.7697517876029014,0.28560561784482374,0.8729238888105433,35.31,0.6048790241951609
BAAI/bge-m3,de,12,NMT,0.7098212242126465,0.8221134018182754,0.3771641996684948,0.8634103551187284,49.93,0.6972605478904219
BAAI/bge-m3,de,12,QMT,0.47926053404808044,0.6208979145050049,0.18660809794390165,0.7718829824535437,29.64,0.592881423715257
BAAI/bge-m3,de,13,NQM,0.6364939212799072,1.0619244333982467,0.5658875808519704,0.5993777911696355,40.38,0.6020795840831834
BAAI/bge-m3,de,13,NQT,0.8059366941452026,0.9532151781201362,0.35889144306615683,0.8454929302885931,30.07,0.6014797040591882
BAAI/bge-m3,de,13,NMT,0.7843106389045715,0.9558698362469673,0.4508167468443827,0.8205203356800029,15.39,0.3079384123175365
BAAI/bge-m3,de,13,QMT,0.5118624567985535,0.7006381045103073,0.26342599978561093,0.730566113236984,30.32,0.6064787042591482
BAAI/bge-m3,de,14,NQM,0.6950426697731018,1.1022848865509034,0.5335418669290214,0.6305472190109487,19.51,0.3903219356128774
BAAI/bge-m3,de,14,NQT,0.8263134956359863,1.0005244172215462,0.3943125161213486,0.8258803897358457,30.150000000000002,0.6030793841231754
BAAI/bge-m3,de,14,NMT,0.7078980803489685,0.8369991770267486,0.39857394410421393,0.8457571999804964,39.13,0.48930213957208557
BAAI/bge-m3,de,14,QMT,0.6197584271430969,0.8642248683452606,0.3774466125452345,0.7171263519979899,30.52,0.6104779044191162
BAAI/bge-m3,de,15,NQM,0.5973383784294128,0.9647619716763497,0.4932996584999366,0.6191562229498654,20.57,0.41151769646070785
BAAI/bge-m3,de,15,NQT,0.693260908126831,0.8368490695118904,0.31643175963605824,0.8284180904094945,30.44,0.608878224355129
BAAI/bge-m3,de,15,NMT,0.5100553631782532,0.6519733409523963,0.30854183668125906,0.7823254896164725,10.27,0.20555888822235552
BAAI/bge-m3,de,15,QMT,0.5727577805519104,0.7613120932817459,0.2765146689724488,0.752329807454132,19.62,0.3925214957008598
BAAI/bge-m3,de,16,NQM,0.653980553150177,1.0508585310459138,0.5217418883088467,0.6223297749685215,20.28,0.40571885622875425
BAAI/bge-m3,de,16,NQT,0.8909120559692383,1.0274314584493638,0.4362618394288046,0.8671255378076191,59.44,0.8952209558088382
BAAI/bge-m3,de,16,NMT,0.7324846386909485,0.9451817829847335,0.4090050699742531,0.7749669448527707,20.03,0.40071985602879423
BAAI/bge-m3,de,16,QMT,0.5434688925743103,0.8219966734409332,0.3629288803876738,0.6611570461698487,24.44,0.48890221955608876
BAAI/bge-m3,de,17,NQM,0.7125087380409241,0.9890045850992203,0.4419799428684767,0.720430166629331,20.26,0.40531893621275744
BAAI/bge-m3,de,17,NQT,0.7441340088844299,0.8727645641684533,0.32179249063406357,0.8526171197069261,29.96,0.5992801439712058
BAAI/bge-m3,de,17,NMT,0.5795327425003052,0.7176084942817688,0.35751605848511764,0.807589022590282,14.870000000000001,0.2975404919016197
BAAI/bge-m3,de,17,QMT,0.6469171047210693,0.9064275069713592,0.354813852214125,0.7136997716253073,30.490000000000002,0.609878024395121
BAAI/bge-m3,de,18,NQM,0.6833007335662842,1.0782954595446586,0.4688701530031887,0.6336859972072905,10.15,0.20315936812637472
BAAI/bge-m3,de,18,NQT,0.7217974066734314,0.8810908279299736,0.33174679956963976,0.8192088531535349,19.61,0.39232153569286143
BAAI/bge-m3,de,18,NMT,0.6207082867622375,0.7912082623958587,0.3578703166056861,0.784506831212664,24.6,0.39532093581283745
BAAI/bge-m3,de,18,QMT,0.5864452719688416,0.9209711334228515,0.44737625108391244,0.636768353193266,30.34,0.6068786242751449
BAAI/bge-m3,de,19,NQM,0.6393596529960632,0.9940442267179489,0.4191493366327086,0.6431903488906159,20.19,0.4039192161567686
BAAI/bge-m3,de,19,NQT,0.6645127534866333,0.8330253456830978,0.3624920679062275,0.7977101260237425,30.42,0.6084783043391322
BAAI/bge-m3,de,19,NMT,0.788280189037323,1.0421456256866455,0.4526010978772797,0.7564011877103903,20.27,0.4055188962207559
BAAI/bge-m3,de,19,QMT,0.6453061103820801,0.9213980441331864,0.4017646317193236,0.7003554158707351,29.63,0.5926814637072585
BAAI/bge-m3,de,20,NQM,0.7287853956222534,1.0950041035413742,0.5178777932155773,0.6655549447391189,20.2,0.40411917616476706
BAAI/bge-m3,de,20,NQT,0.8878076672554016,1.0270647557973862,0.431790680572552,0.8644125526099534,75.22,0.901619676064787
BAAI/bge-m3,de,20,NMT,0.7637074589729309,0.9357056251406669,0.42545066463849557,0.8161834645990342,39.32,0.5966806638672265
BAAI/bge-m3,de,20,QMT,0.6896685361862183,0.8320676455378533,0.22967799017132165,0.8288611387354015,54.26,0.594881023795241
BAAI/bge-m3,de,21,NQM,0.7281371355056763,1.1366719970822334,0.5545786780590548,0.6405868512412715,14.67,0.29354129174165167
BAAI/bge-m3,de,21,NQT,0.8515013456344604,1.0543839611172676,0.4442102523992941,0.8075818459258122,14.69,0.2939412117576485
BAAI/bge-m3,de,21,NMT,0.9538600444793701,1.117026629793644,0.5419443012223643,0.853927756990654,48.36,0.6792641471705659
BAAI/bge-m3,de,21,QMT,0.5148726105690002,0.7475336378455162,0.3059440132495461,0.6887617954587805,5.17,0.10357928414317137
BAAI/bge-m3,de,22,NQM,0.7212117910385132,1.06913150537014,0.4579980108551657,0.6745772502402785,19.95,0.39912017596480703
BAAI/bge-m3,de,22,NQT,0.7438439726829529,0.9354143317937851,0.39290016795768856,0.7952026683787654,29.650000000000002,0.5930813837232554
BAAI/bge-m3,de,22,NMT,0.8139156699180603,0.9937925480127334,0.48151904265305145,0.8189995704282668,38.800000000000004,0.5900819836032793
BAAI/bge-m3,de,22,QMT,0.542320191860199,0.7791697036027908,0.31390526592631945,0.6960232018158264,30.34,0.6068786242751449
BAAI/bge-m3,de,23,NQM,0.723831832408905,1.1015261237502099,0.46374865352129263,0.657117263768489,19.8,0.396120775844831
BAAI/bge-m3,de,23,NQT,0.7768863439559937,0.956853999531269,0.3945589234056033,0.8119173294313997,29.97,0.5994801039792041
BAAI/bge-m3,de,23,NMT,0.6189738512039185,0.9330694053888321,0.37927825286406436,0.6633738579664543,20.66,0.4133173365326935
BAAI/bge-m3,de,23,QMT,0.49285730719566345,0.7438768946945667,0.3147407654477813,0.6625522458220273,35.45,0.6054789042191562
BAAI/bge-m3,de,24,NQM,0.8144921064376831,1.1934717892169953,0.4948638274470496,0.6824561031068584,19.82,0.39652069586082783
BAAI/bge-m3,de,24,NQT,0.8406179547309875,1.0278146295189858,0.43912059215584265,0.8178692252352706,29.59,0.591881623675265
BAAI/bge-m3,de,24,NMT,0.7087790966033936,0.8929730879664421,0.40286589199592554,0.7937295156528118,20.12,0.40251949610077986
BAAI/bge-m3,de,24,QMT,0.543129563331604,0.8019467397928238,0.3334300990032122,0.6772638834734084,29.85,0.5970805838832234
BAAI/bge-m3,de,25,NQM,0.7468754649162292,1.1162315670251846,0.45268569881368387,0.6691044107505598,19.59,0.3919216156768646
BAAI/bge-m3,de,25,NQT,0.8669289946556091,1.0871410005927087,0.4678889072929044,0.7974393332439512,29.93,0.5986802639472105
BAAI/bge-m3,de,25,NMT,0.6659363508224487,0.879014178943634,0.39212450998492954,0.7575945494098721,19.77,0.3955208958208358
BAAI/bge-m3,de,25,QMT,0.5779705047607422,0.9092967353105545,0.4248650917859312,0.6356236444230835,5.23,0.10477904419116177
BAAI/bge-m3,de,26,NQM,0.60842365026474,1.0817082168102263,0.5689650211258748,0.5624655898966131,19.62,0.3925214957008598
BAAI/bge-m3,de,26,NQT,0.8200787901878357,0.9801892300486564,0.3917542284906085,0.8366535410170651,30.560000000000002,0.6112777444511098
BAAI/bge-m3,de,26,NMT,0.8536903262138367,1.036327814936638,0.4905728268308306,0.8237647527247044,40.4,0.6102779444111178
BAAI/bge-m3,de,26,QMT,0.4779706597328186,0.729671868634224,0.315093447343939,0.6550487695610542,30.22,0.6044791041791642
BAAI/bge-m3,de,27,NQM,0.6881109476089478,1.0323101763367653,0.45549774461881365,0.6665738296314171,34.83,0.40171965606878624
BAAI/bge-m3,de,27,NQT,0.801369845867157,1.0091767550706863,0.41623389924347626,0.7940827430277385,29.740000000000002,0.594881023795241
BAAI/bge-m3,de,27,NMT,0.688315212726593,0.7858609776377677,0.3501252632537448,0.8758740188305761,50.910000000000004,0.7116576684663067
BAAI/bge-m3,de,27,QMT,0.46593111753463745,0.6336336483955384,0.21633797942592806,0.7353320309199396,5.0200000000000005,0.10057988402319536
BAAI/bge-m3,de,28,NQM,0.7635833621025085,1.1708123711585998,0.5208420474656892,0.6521825195152642,20.18,0.40371925614877024
BAAI/bge-m3,de,28,NQT,0.8883209228515625,1.0736512222886085,0.47738477718923905,0.8273831430631439,35.27,0.6056788642271546
BAAI/bge-m3,de,28,NMT,0.711693525314331,0.8757649653434754,0.42586185992958214,0.8126535697102155,19.35,0.38712257548490303
BAAI/bge-m3,de,28,QMT,0.5843299031257629,0.8139319771289826,0.3417222037464932,0.7179099968355798,29.92,0.5984803039392121
BAAI/bge-m3,de,29,NQM,0.8126727938652039,1.2071114293575287,0.4979966764619817,0.6732375935642216,10.28,0.20575884823035392
BAAI/bge-m3,de,29,NQT,0.9345426559448242,1.1159505468845368,0.49738688079011695,0.8374409229450204,30.59,0.611877624475105
BAAI/bge-m3,de,29,NMT,0.7019385099411011,0.8757393807530404,0.4227516868072171,0.8015381349377129,49.88,0.6022795440911818
BAAI/bge-m3,de,29,QMT,0.5914016366004944,0.8871479246139526,0.3903916467484899,0.6666324974577148,25.16,0.5032993401319736
BAAI/bge-m3,de,30,NQM,0.717149555683136,0.9481141161441803,0.4091156833036382,0.7563958214216929,14.61,0.2923415316936613
BAAI/bge-m3,de,30,NQT,0.7665139436721802,0.9261216558098793,0.3844730771713401,0.8276601015241867,35.27,0.6056788642271546
BAAI/bge-m3,de,30,NMT,0.6335628032684326,0.7713092404842377,0.3826753707317961,0.821412178168451,29.92,0.39592081583683264
BAAI/bge-m3,de,30,QMT,0.6661628484725952,0.951577512049675,0.39223325080241295,0.7000615714814408,14.56,0.2913417316536693
BAAI/bge-m3,de,31,NQM,0.6989853382110596,1.0525428349018098,0.5079723535692929,0.6640920588050013,36.03,0.41151769646070785
BAAI/bge-m3,de,31,NQT,0.8608419895172119,1.0316062669873238,0.45088289242957535,0.8344675842561116,29.88,0.5976804639072185
BAAI/bge-m3,de,31,NMT,0.7430603504180908,0.87984459015131,0.4114802273787386,0.8445359086534356,50.24,0.7006598680263947
BAAI/bge-m3,de,31,QMT,0.6789443492889404,0.8958116142272949,0.3747219455425732,0.7579097418532837,30.09,0.6018796240751849
BAAI/bge-m3,de,32,NQM,0.6237137317657471,1.076340664565563,0.5834176112211885,0.5794761382697674,14.94,0.2989402119576085
BAAI/bge-m3,de,32,NQT,0.7682910561561584,0.9340139178276062,0.37426763981431427,0.8225691732113372,25.28,0.5056988602279544
BAAI/bge-m3,de,32,NMT,0.6912827491760254,0.8462133410811424,0.40429268702908344,0.8169130828072376,30.400000000000002,0.505498900219956
BAAI/bge-m3,de,32,QMT,0.5721843838691711,0.8165925306916237,0.3534257249508995,0.7006975478747661,46.230000000000004,0.612877424515097
BAAI/bge-m3,de,33,NQM,0.6785398721694946,1.0228050702691078,0.5103552938989534,0.6634107435450062,40.24,0.5982803439312138
BAAI/bge-m3,de,33,NQT,0.8114371299743652,0.9626502908706666,0.3996766763878086,0.8429199447284436,29.7,0.5940811837632474
BAAI/bge-m3,de,33,NMT,0.749506413936615,1.0048491811037064,0.4074939246914686,0.7458894608568284,25.6,0.40671865626874626
BAAI/bge-m3,de,33,QMT,0.5267565846443176,0.827582593178749,0.41754956504038393,0.6365003191045939,55.28,0.5982803439312138
BAAI/bge-m3,de,34,NQM,0.5814437866210938,0.8838073876857757,0.3878678846662534,0.657885184851113,19.85,0.397120575884823
BAAI/bge-m3,de,34,NQT,0.6527932286262512,0.8132507849812508,0.339961104718041,0.8026960940966057,45.03,0.6072785442911418
BAAI/bge-m3,de,34,NMT,0.7466738224029541,0.911755602145195,0.4183112883727563,0.8189407563225798,19.67,0.3935212957408518
BAAI/bge-m3,de,34,QMT,0.5596414804458618,0.741942500770092,0.27979155362433233,0.7542922529228789,55.550000000000004,0.6042791441711658
BAAI/bge-m3,de,35,NQM,0.5976539254188538,1.076696465420723,0.5988671964913419,0.5550811622519475,19.740000000000002,0.39492101579684064
BAAI/bge-m3,de,35,NQT,0.900915265083313,1.0616614520549774,0.43310238937470136,0.8485899750232346,54.72,0.5986802639472105
BAAI/bge-m3,de,35,NMT,0.729576587677002,0.9146027364492416,0.4470925856436715,0.7976977966506381,20.26,0.40531893621275744
BAAI/bge-m3,de,35,QMT,0.5804014801979065,0.7951957269906997,0.31158392273740815,0.7298850591081769,30.12,0.6024795040991802
BAAI/bge-m3,de,36,NQM,0.8184642791748047,1.1092122411251069,0.3949276574945329,0.7378788736985756,19.580000000000002,0.39172165566886624
BAAI/bge-m3,de,36,NQT,0.902001678943634,1.1044021493077278,0.4772941754377169,0.816732998489924,51.01,0.6100779844031193
BAAI/bge-m3,de,36,NMT,0.9564541578292847,1.2008915352463723,0.5951469038106532,0.7964534096181002,24.86,0.39912017596480703
BAAI/bge-m3,de,36,QMT,0.795714259147644,1.003757006764412,0.39509636576671203,0.792735944839696,40.0,0.598880223955209
BAAI/bge-m3,de,37,NQM,0.6217313408851624,1.0599894065141677,0.5604476483533405,0.5865448626785552,20.0,0.40011997600479904
BAAI/bge-m3,de,37,NQT,0.754607081413269,0.9110219842553139,0.35642611077952574,0.8283083113842422,30.05,0.6010797840431914
BAAI/bge-m3,de,37,NMT,0.9169641733169556,1.097688547861576,0.5379123456490539,0.835359150919878,50.300000000000004,0.7054589082183563
BAAI/bge-m3,de,37,QMT,0.45979827642440796,0.6889685569882393,0.2928564376438559,0.6673719312151271,14.51,0.2903419316136773
BAAI/bge-m3,de,38,NQM,0.6901151537895203,1.1184489120006562,0.5402361953298466,0.6170287675942576,20.26,0.40531893621275744
BAAI/bge-m3,de,38,NQT,0.8204864859580994,1.0056439169049263,0.43534018158612775,0.8158817173403659,4.95,0.09918016396720655
BAAI/bge-m3,de,38,NMT,0.8446784019470215,1.0421782860398292,0.5106755545856639,0.8104931884120349,40.74,0.6104779044191162
BAAI/bge-m3,de,38,QMT,0.46567943692207336,0.6486287202894687,0.23588907110561347,0.7179445225822454,29.77,0.5954809038192361
BAAI/bge-m3,de,39,NQM,0.7321351766586304,1.1071249991893768,0.5205672622069798,0.6612940518857666,19.64,0.3929214157168566
BAAI/bge-m3,de,39,NQT,0.8053068518638611,0.9900449219703674,0.3986094319535267,0.8134043556936207,29.71,0.5942811437712457
BAAI/bge-m3,de,39,NMT,0.7144871950149536,0.8779611756205559,0.3876584876603626,0.8138027225510625,35.11,0.5022995400919816
BAAI/bge-m3,de,39,QMT,0.6634847521781921,1.0109505195021629,0.4786175125678878,0.6562979486911638,29.810000000000002,0.5962807438512298
BAAI/bge-m3,de,40,NQM,0.5746862292289734,0.8984165681600571,0.4338566307073362,0.6396656624501951,19.900000000000002,0.39812037592481503
BAAI/bge-m3,de,40,NQT,0.6521902084350586,0.759668339085579,0.30754480416322655,0.858519665594131,29.71,0.5942811437712457
BAAI/bge-m3,de,40,NMT,0.6947101354598999,0.8011239116430282,0.3656077876962612,0.8671693921034624,50.51,0.7094581083783243
BAAI/bge-m3,de,40,QMT,0.4761839807033539,0.6010161498606205,0.168427307252428,0.7922981450881008,39.9,0.5990801839632074
BAAI/bge-m3,de,41,NQM,0.808636486530304,1.1369777835130692,0.4664949362444122,0.7112157319653535,29.76,0.397120575884823
BAAI/bge-m3,de,41,NQT,0.8338466286659241,0.9963811022162438,0.4302874128984321,0.8368751944515685,29.87,0.5974805038992201
BAAI/bge-m3,de,41,NMT,0.6330505609512329,0.80354172976017,0.3965860608310236,0.7878253704874658,30.18,0.3993201359728054
BAAI/bge-m3,de,41,QMT,0.663410484790802,0.9282410766601562,0.3588108218524633,0.7146963234777989,35.160000000000004,0.6024795040991802
BAAI/bge-m3,de,42,NQM,0.5826889276504517,0.9134055603265763,0.4115887326448018,0.6379301297897517,19.75,0.395120975804839
BAAI/bge-m3,de,42,NQT,0.6520968079566956,0.7865902480602265,0.301675445589354,0.8290171529128058,30.080000000000002,0.6016796640671865
BAAI/bge-m3,de,42,NMT,0.714704155921936,0.9618093482732772,0.4075438992845225,0.7430829791832355,20.41,0.40831833633273346
BAAI/bge-m3,de,42,QMT,0.6560162901878357,0.9570988288402558,0.42371869544728324,0.6854216831317871,34.96,0.6012797440511898
BAAI/bge-m3,de,43,NQM,0.6421313285827637,0.9380927726149559,0.4298658694115579,0.6845072761749595,19.53,0.39072185562887424
BAAI/bge-m3,de,43,NQT,0.7133145332336426,0.8629584315061569,0.3426309028565794,0.8265919970071314,30.39,0.607878424315137
BAAI/bge-m3,de,43,NMT,0.6315555572509766,0.765616147339344,0.3396805055973396,0.8248984291213327,49.45,0.6986602679464107
BAAI/bge-m3,de,43,QMT,0.5184906721115112,0.8142374870061875,0.3798597161931654,0.6367806449409206,29.54,0.590881823635273
BAAI/bge-m3,de,44,NQM,0.6814571022987366,0.9540459623456001,0.3798338419276543,0.714281207817917,20.37,0.40751849630073983
BAAI/bge-m3,de,44,NQT,0.7984040379524231,0.9357495676517487,0.37898479588841283,0.8532240521950274,29.84,0.596880623875225
BAAI/bge-m3,de,44,NMT,0.9112779498100281,1.1372400256872177,0.561248441666558,0.8013066100611035,19.85,0.397120575884823
BAAI/bge-m3,de,44,QMT,0.6924225091934204,0.8265014516353607,0.2373516999379832,0.8377753091933691,29.73,0.5946810637872425
BAAI/bge-m3,de,45,NQM,0.6816372871398926,1.0492605948328972,0.47525650820443,0.6496358392719388,20.04,0.40091981603679266
BAAI/bge-m3,de,45,NQT,0.6915619373321533,0.8516873795747757,0.34226565261641234,0.8119903545789529,30.14,0.6028794241151769
BAAI/bge-m3,de,45,NMT,0.5842559933662415,0.7232276076555252,0.33795803014178283,0.8078452580915799,28.89,0.48570285942811436
BAAI/bge-m3,de,45,QMT,0.606645941734314,0.9486319877147674,0.4658496091386556,0.6394955573816044,29.82,0.5964807038592281
BAAI/bge-m3,de,46,NQM,0.7550908923149109,1.1094115414261818,0.472514189154812,0.6806228925142948,5.05,0.10117976404719056
BAAI/bge-m3,de,46,NQT,0.759211540222168,0.929560910320282,0.3676663304963597,0.8167421110250467,55.03,0.6018796240751849
BAAI/bge-m3,de,46,NMT,0.6821543574333191,0.8511341067910194,0.4228250150905621,0.8014651886109979,40.29,0.6042791441711658
BAAI/bge-m3,de,46,QMT,0.6405458450317383,0.919064578819275,0.38800710515118925,0.696954120301266,29.52,0.5904819036192761
BAAI/bge-m3,de,47,NQM,0.7196260690689087,1.0886711089253425,0.44687148561590523,0.6610132878226286,20.46,0.40931813637272546
BAAI/bge-m3,de,47,NQT,0.7711083292961121,0.9529677597284317,0.39258235254049595,0.8091651804831744,29.82,0.5964807038592281
BAAI/bge-m3,de,47,NMT,0.6713589429855347,0.9267384896039963,0.3874332564005304,0.7244319195932911,20.29,0.40591881623675263
BAAI/bge-m3,de,47,QMT,0.4957224726676941,0.7394500169157981,0.30538848089653076,0.6703934834360442,30.43,0.6086782643471306
BAAI/bge-m3,de,48,NQM,0.6233864426612854,0.9477056232452392,0.3999284885418521,0.6577848937162136,20.38,0.40771845630873826
BAAI/bge-m3,de,48,NQT,0.6764590740203857,0.7986191343307495,0.29373669902395066,0.8470358960112043,40.2,0.6024795040991802
BAAI/bge-m3,de,48,NMT,0.6013479232788086,0.8422366132616996,0.3921919857316012,0.7139892920936742,20.09,0.40191961607678467
BAAI/bge-m3,de,48,QMT,0.5032656788825989,0.7088248287558555,0.257637668806363,0.7100000711956318,29.69,0.593881223755249
BAAI/bge-m3,de,49,NQM,0.7584248185157776,1.1643574483633041,0.5199550155072549,0.6513676874581916,5.22,0.10457908418316336
BAAI/bge-m3,de,49,NQT,0.8544321656227112,1.0261529067873956,0.4458058310630423,0.8326557961979294,30.34,0.6068786242751449
BAAI/bge-m3,de,49,NMT,0.821597158908844,1.02323129748106,0.5050806784365298,0.8029437341592346,39.49,0.5992801439712058
BAAI/bge-m3,de,49,QMT,0.472581148147583,0.6459088396430016,0.22368961640838453,0.7316530122239081,5.26,0.10537892421515697
BAAI/bge-m3,de,50,NQM,0.7112920880317688,1.0420547876358033,0.4348849547790304,0.6825860755794366,29.560000000000002,0.39692061587682465
BAAI/bge-m3,de,50,NQT,0.7923048734664917,0.9692831235408783,0.423023457657943,0.8174132554493608,24.78,0.4957008598280344
BAAI/bge-m3,de,50,NMT,0.9119465947151184,1.1823404161453248,0.5230180502197475,0.7713062856190624,19.66,0.39332133573285344
BAAI/bge-m3,de,50,QMT,0.750363826751709,1.008886132621765,0.4199398477392705,0.7437547236386479,30.21,0.6042791441711658
BAAI/bge-m3,de,51,NQM,0.6253325939178467,0.9576604943275452,0.4390404498566508,0.6529794197643005,19.98,0.3997200559888022
BAAI/bge-m3,de,51,NQT,0.599852979183197,0.7476565244793892,0.2949007598705489,0.8023109001825222,29.85,0.5970805838832234
BAAI/bge-m3,de,51,NMT,0.5491496920585632,0.7201464798927307,0.3022891365163757,0.7625527686250708,29.990000000000002,0.4055188962207559
BAAI/bge-m3,de,51,QMT,0.5869337916374207,0.8698372357368469,0.3962444797060906,0.674762780348842,5.2,0.10417916416716656
BAAI/bge-m3,de,52,NQM,0.647831916809082,0.9893024725198746,0.4676071834522117,0.6548370541906359,19.64,0.3929214157168566
BAAI/bge-m3,de,52,NQT,0.7159664034843445,0.872331154036522,0.3396834856682297,0.8207506979093266,29.900000000000002,0.5980803839232154
BAAI/bge-m3,de,52,NMT,0.678559422492981,0.7842340311646462,0.3541762928329585,0.8652511820794161,55.050000000000004,0.7004599080183963
BAAI/bge-m3,de,52,QMT,0.447844922542572,0.6407378824591636,0.2407798235159437,0.6989518409978136,49.78,0.5998800239952009
BAAI/bge-m3,de,53,NQM,0.6552099585533142,1.01685135730505,0.49266119492293325,0.644351756867558,20.07,0.40151969606078786
BAAI/bge-m3,de,53,NQT,0.7988863587379456,0.9635767767310143,0.40928639837913766,0.8290842805981493,30.13,0.6026794641071785
BAAI/bge-m3,de,53,NMT,0.6277223825454712,0.7442916410803795,0.3468102507130923,0.8433822817537692,30.68,0.5070985802839432
BAAI/bge-m3,de,53,QMT,0.5983121395111084,0.7929464945435524,0.32349857412926264,0.7545428898765272,54.5,0.5924815036992601
BAAI/bge-m3,de,54,NQM,0.6965766549110413,1.0878243703246118,0.5439972756910738,0.6403392623963179,40.01,0.6006798640271945
BAAI/bge-m3,de,54,NQT,0.8549939393997192,1.0284439657211304,0.42361445359947847,0.8313471301271899,29.69,0.593881223755249
BAAI/bge-m3,de,54,NMT,0.6852102875709534,0.8445864000439643,0.40855726749953597,0.8112968519673937,19.84,0.39692061587682465
BAAI/bge-m3,de,54,QMT,0.5983579754829407,0.8085808270812035,0.3357772982792915,0.7400100960124661,5.17,0.10357928414317137
BAAI/bge-m3,de,55,NQM,0.7384477257728577,1.0895699408769608,0.4808086200219824,0.6777423807945971,15.19,0.3039392121575685
BAAI/bge-m3,de,55,NQT,0.8560794591903687,1.0299669729232788,0.4327337949804936,0.8311717576339275,29.92,0.5984803039392121
BAAI/bge-m3,de,55,NMT,0.772819459438324,0.9665327837705612,0.41419537690885944,0.7995791476649786,29.080000000000002,0.4911017796440712
BAAI/bge-m3,de,55,QMT,0.7227142453193665,0.9994275862574578,0.4304334274391628,0.7231281738229591,30.63,0.6126774645070986
BAAI/bge-m3,de,56,NQM,0.5991905331611633,0.9471853963732719,0.48510887173153544,0.632601110041184,20.32,0.4065186962607478
BAAI/bge-m3,de,56,NQT,0.7135491371154785,0.8581068203091622,0.3349704974555374,0.8315388250352871,39.230000000000004,0.5920815836832634
BAAI/bge-m3,de,56,NMT,0.7378225922584534,0.8537814409375191,0.3959148313554122,0.8641820457556468,80.56,0.9052189562087583
BAAI/bge-m3,de,56,QMT,0.42945924401283264,0.5847695225954056,0.19462146185687954,0.734407706656825,30.12,0.6024795040991802
BAAI/bge-m3,de,57,NQM,0.6971200704574585,1.078970241689682,0.49919517190737944,0.6460975877936289,14.92,0.2985402919416117
BAAI/bge-m3,de,57,NQT,0.8206466436386108,0.9560301842689514,0.39481070215550984,0.8583898888770727,19.78,0.3957208558288342
BAAI/bge-m3,de,57,NMT,0.7677682042121887,0.9766487765073776,0.433422664331664,0.7861251891975343,19.87,0.39752049590081984
BAAI/bge-m3,de,57,QMT,0.5764445066452026,0.7943771095871925,0.2914189968997475,0.7256559884310276,29.8,0.5960807838432314
BAAI/bge-m3,de,58,NQM,0.8664131164550781,1.1740132365822793,0.4367317516228297,0.7379926302846403,9.88,0.1977604479104179
BAAI/bge-m3,de,58,NQT,0.9546189904212952,1.147640742468834,0.5135343733526762,0.8318099515767126,29.66,0.5932813437312537
BAAI/bge-m3,de,58,NMT,0.7340269088745117,0.9088991700053215,0.4500177927399407,0.8075999330810331,9.68,0.19376124775044992
BAAI/bge-m3,de,58,QMT,0.6905456185340881,0.9285002388000488,0.34797678917963015,0.7437215303528343,29.76,0.5952809438112378
BAAI/bge-m3,de,59,NQM,0.6871771216392517,1.1264551620006562,0.5351801865177676,0.6100350416240015,9.92,0.1985602879424115
BAAI/bge-m3,de,59,NQT,0.8257122039794922,1.014818685400486,0.4219202398759799,0.8136549078743275,29.490000000000002,0.589882023595281
BAAI/bge-m3,de,59,NMT,0.7394790053367615,0.9014592540979386,0.43729988519203655,0.8203132886753868,39.34,0.5916816636672666
BAAI/bge-m3,de,59,QMT,0.5766391754150391,0.8258846588730812,0.35063111465171365,0.6982078783266957,24.86,0.3993201359728054
BAAI/bge-m3,de,60,NQM,0.6376548409461975,0.9358183337330818,0.4502553912428881,0.6813874209985192,20.29,0.40591881623675263
BAAI/bge-m3,de,60,NQT,0.7016849517822266,0.8068334095001221,0.30418174597796543,0.8696776106682166,29.91,0.5982803439312138
BAAI/bge-m3,de,60,NMT,0.6902247071266174,0.8388752508044243,0.40166372257805355,0.8227977955767751,19.45,0.38912217556488704
BAAI/bge-m3,de,60,QMT,0.6590732336044312,0.794963699388504,0.24849535298620667,0.8290607912167178,29.310000000000002,0.5862827434513097
BAAI/bge-m3,de,61,NQM,0.6554919481277466,1.0519730185747147,0.5015517317830485,0.6231071867368129,19.61,0.39232153569286143
BAAI/bge-m3,de,61,NQT,0.837656557559967,1.0052451586604119,0.40108288538691217,0.8332858411130212,29.830000000000002,0.5966806638672265
BAAI/bge-m3,de,61,NMT,0.6416952610015869,0.7610505755424499,0.340702349141751,0.8431703248412448,14.96,0.20255948810237953
BAAI/bge-m3,de,61,QMT,0.6067730188369751,0.8068564074516297,0.3189716993316307,0.7520210699604546,29.78,0.5956808638272345
BAAI/bge-m3,de,62,NQM,0.6175920963287354,1.0213310847997665,0.5302829900668926,0.6046933315940447,19.82,0.39652069586082783
BAAI/bge-m3,de,62,NQT,0.7618247866630554,0.9126008669495582,0.32230667793339585,0.8347842022204968,49.230000000000004,0.5980803839232154
BAAI/bge-m3,de,62,NMT,0.7166097164154053,0.853369541144371,0.3740195591051393,0.8397413803328273,30.580000000000002,0.509498100379924
BAAI/bge-m3,de,62,QMT,0.5665350556373596,0.9053916559934616,0.4596889350533089,0.6257347876870927,30.240000000000002,0.6048790241951609
BAAI/bge-m3,de,63,NQM,0.7428039312362671,1.0743650714278221,0.5013581905450426,0.6913887569412467,20.09,0.40191961607678467
BAAI/bge-m3,de,63,NQT,0.7986093163490295,0.9864700553655624,0.3824657581886356,0.8095626542381708,29.5,0.5900819836032793
BAAI/bge-m3,de,63,NMT,0.728336751461029,0.9017004370212555,0.44893934525914836,0.8077369396273815,40.08,0.6000799840031994
BAAI/bge-m3,de,63,QMT,0.7059374451637268,1.0308943518996239,0.458508541555107,0.684781562593892,30.19,0.6038792241551689
BAAI/bge-m3,de,64,NQM,0.6795386672019958,1.0303571346521379,0.47095320099909627,0.6595176025357048,15.5,0.3101379724055189
BAAI/bge-m3,de,64,NQT,0.7541388273239136,0.9442051995515823,0.4036274940618813,0.7987022605692778,30.490000000000002,0.609878024395121
BAAI/bge-m3,de,64,NMT,0.6933696269989014,0.7790067904353142,0.3390080623136439,0.8900687843947441,49.92,0.7030593881223756
BAAI/bge-m3,de,64,QMT,0.40062859654426575,0.6011853358030319,0.2464621007744195,0.6663978189162925,29.96,0.5992801439712058
BAAI/bge-m3,de,65,NQM,0.6317561864852905,0.9837184893846512,0.4913655046036188,0.6422123740703836,10.370000000000001,0.20755848830233953
BAAI/bge-m3,de,65,NQT,0.7147153615951538,0.863896967113018,0.35058827486428773,0.8273155119212555,29.95,0.5990801839632074
BAAI/bge-m3,de,65,NMT,0.5891285538673401,0.7221477894425392,0.34322364223416474,0.815800536232758,30.29,0.501499700059988
BAAI/bge-m3,de,65,QMT,0.497599720954895,0.7264301007390023,0.31121359299355017,0.6849932573663983,56.25,0.6140771845630874
BAAI/bge-m3,de,66,NQM,0.676536500453949,1.137277115213871,0.5665689666678313,0.59487392422042,9.57,0.1915616876624675
BAAI/bge-m3,de,66,NQT,0.9073557257652283,1.0596196183919906,0.44271196065745,0.8563032526156089,29.78,0.5956808638272345
BAAI/bge-m3,de,66,NMT,0.7178290486335754,0.9043488932967186,0.43555239930945905,0.7937523382330945,39.6,0.5984803039392121
BAAI/bge-m3,de,66,QMT,0.5879579782485962,0.8864186787724495,0.3968428780905667,0.6632960161243018,25.0,0.5000999800039992
BAAI/bge-m3,de,67,NQM,0.719309389591217,1.0296492301225662,0.411276738321081,0.698596540012849,10.040000000000001,0.20095980803839233
BAAI/bge-m3,de,67,NQT,0.81358402967453,0.9807993774175644,0.42295334022039666,0.8295111603923115,29.96,0.5992801439712058
BAAI/bge-m3,de,67,NMT,0.6328233480453491,0.8469684255003929,0.35690636230939043,0.7471628563611766,24.990000000000002,0.39652069586082783
BAAI/bge-m3,de,67,QMT,0.5031489133834839,0.8487255069732667,0.438214560213568,0.5928287876927674,19.67,0.3935212957408518
BAAI/bge-m3,de,68,NQM,0.5867704749107361,0.9218106636166573,0.45175622779927066,0.6365412096752582,19.51,0.3903219356128774
BAAI/bge-m3,de,68,NQT,0.6454759240150452,0.7715002903103828,0.30174150470965483,0.836650267175566,9.47,0.1895620875824835
BAAI/bge-m3,de,68,NMT,0.7075284123420715,0.8215967768549919,0.3725074922559807,0.8611625949283465,50.21,0.7134573085382924
BAAI/bge-m3,de,68,QMT,0.5121314525604248,0.641653721511364,0.16597631618124242,0.7981430410055785,29.95,0.5990801839632074
BAAI/bge-m3,de,69,NQM,0.7415778040885925,1.1623091810107231,0.5127254277604045,0.6380211188240738,15.15,0.3031393721255749
BAAI/bge-m3,de,69,NQT,0.823829710483551,0.9931031091094017,0.41357882311593247,0.8295510334485996,29.11,0.5822835432913417
BAAI/bge-m3,de,69,NMT,0.6867344975471497,0.8390445009112358,0.39621516908594295,0.8184720796102115,40.25,0.6046790641871626
BAAI/bge-m3,de,69,QMT,0.5588392019271851,0.9282111431121827,0.4627478049995023,0.6020604321263167,33.9,0.5836832633473306
BAAI/bge-m3,de,70,NQM,0.9241139888763428,1.282206375169754,0.48248169607270586,0.7207217237188331,20.330000000000002,0.40671865626874626
BAAI/bge-m3,de,70,NQT,0.9134820699691772,1.1044261647462845,0.4773014597442586,0.8271101311496009,34.99,0.6014797040591882
BAAI/bge-m3,de,70,NMT,0.7934547662734985,0.9765576194405555,0.49380788046258944,0.8125017412973908,40.51,0.6024795040991802
BAAI/bge-m3,de,70,QMT,0.7550610303878784,1.0566909028053284,0.43273442317234284,0.7145524092074699,29.240000000000002,0.584883023395321
BAAI/bge-m3,de,71,NQM,0.5596600770950317,0.9643940625548363,0.5088389081369971,0.5803230223253564,20.080000000000002,0.40171965606878624
BAAI/bge-m3,de,71,NQT,0.6727786064147949,0.8041675926208496,0.3040410891368444,0.8366149203069928,39.97,0.5970805838832234
BAAI/bge-m3,de,71,NMT,0.6406638622283936,0.7959857539415359,0.3683353515137993,0.8048685030544461,19.97,0.39952009598080385
BAAI/bge-m3,de,71,QMT,0.4921873211860657,0.6813829333543777,0.2469633915378808,0.7223358512405881,30.240000000000002,0.6048790241951609
BAAI/bge-m3,de,72,NQM,0.7045904397964478,1.0484749231100083,0.5114562420202295,0.6720145844841046,20.41,0.40831833633273346
BAAI/bge-m3,de,72,NQT,0.8803149461746216,1.0216504202842713,0.4348242846851012,0.8616596525539673,60.19,0.8960207958408318
BAAI/bge-m3,de,72,NMT,0.7177919149398804,0.8990350147128106,0.44527351033908996,0.7984026241384767,25.11,0.40211957608478305
BAAI/bge-m3,de,72,QMT,0.6198190450668335,0.8338724269390106,0.31230973714107185,0.7433020028511192,30.5,0.6100779844031193
BAAI/bge-m3,de,73,NQM,0.7453994750976562,1.021210420382023,0.4649446218840044,0.7299176156252705,20.3,0.40611877624475107
BAAI/bge-m3,de,73,NQT,0.8006747364997864,0.970254125738144,0.39374876519677954,0.8252216767332258,30.04,0.6008798240351929
BAAI/bge-m3,de,73,NMT,0.9003533124923706,1.105029143357277,0.5477440790146806,0.8147778888040189,19.900000000000002,0.39812037592481503
BAAI/bge-m3,de,73,QMT,0.5485643148422241,0.7948910425186158,0.32845082577502727,0.6901125883912411,29.85,0.5970805838832234
BAAI/bge-m3,de,74,NQM,0.7824661731719971,1.0375284735441208,0.4025839301597237,0.7541635657461969,9.950000000000001,0.19916016796640673
BAAI/bge-m3,de,74,NQT,0.8575634956359863,1.0525850614190102,0.4536458691524918,0.814721324734624,10.1,0.20215956808638272
BAAI/bge-m3,de,74,NMT,0.9502666592597961,1.178231461918354,0.570167146048531,0.8065195082397474,20.48,0.4097180563887223
BAAI/bge-m3,de,74,QMT,0.8319827318191528,1.0285708758831025,0.4044775055915349,0.8088725350151749,35.49,0.6046790641871626
BAAI/bge-m3,de,75,NQM,0.588241696357727,1.0575644083499909,0.6060142003823036,0.556223045814244,19.94,0.39892021595680865
BAAI/bge-m3,de,75,NQT,0.8797406554222107,1.024957757461071,0.41958167006987446,0.8583189395049442,30.490000000000002,0.609878024395121
BAAI/bge-m3,de,75,NMT,0.6918087601661682,0.8554537855505944,0.4099765941636195,0.8087038386534133,20.22,0.40451909618076387
BAAI/bge-m3,de,75,QMT,0.6147217154502869,0.8372220301628113,0.3502445754998539,0.7342397754751032,29.45,0.5890821835632873
BAAI/bge-m3,de,76,NQM,0.6962801218032837,1.113356092774868,0.5400802784995383,0.6253885224333642,20.03,0.40071985602879423
BAAI/bge-m3,de,76,NQT,0.8051856756210327,0.935697514629364,0.3692093625719082,0.8605191988129963,14.9,0.2981403719256149
BAAI/bge-m3,de,76,NMT,0.7526150941848755,1.0228257717728615,0.448374214890289,0.7358194474114919,20.29,0.40591881623675263
BAAI/bge-m3,de,76,QMT,0.5138397216796875,0.7455710485458374,0.2971171101930341,0.6891894778924046,14.700000000000001,0.29414117176564686
BAAI/bge-m3,de,77,NQM,0.7658053040504456,1.1786506606817246,0.5143097694776919,0.6497305177828165,35.480000000000004,0.40271945610877824
BAAI/bge-m3,de,77,NQT,0.8490132093429565,1.0599407221794128,0.4655930217802807,0.8010006518066826,45.410000000000004,0.6022795440911818
BAAI/bge-m3,de,77,NMT,0.8776278495788574,1.067243030834198,0.5115612411055068,0.8223317690742356,20.01,0.4003199360127974
BAAI/bge-m3,de,77,QMT,0.3895949125289917,0.5888656804382801,0.25690382482846,0.6616023406872055,19.78,0.3957208558288342
BAAI/bge-m3,de,78,NQM,0.6954945921897888,1.1724159096717834,0.574641359348358,0.5932149047550016,14.76,0.2953409318136373
BAAI/bge-m3,de,78,NQT,0.8646233081817627,1.0015279537558555,0.40856294169198054,0.8633042192566402,69.60000000000001,0.8894221155768847
BAAI/bge-m3,de,78,NMT,0.816094160079956,1.0232719510793686,0.48242613266444967,0.7975339881234166,14.5,0.29014197160567884
BAAI/bge-m3,de,78,QMT,0.5440146923065186,0.7751893056392669,0.28888568493754235,0.7017830204161423,14.620000000000001,0.29254149170165966
BAAI/bge-m3,de,79,NQM,0.7776257395744324,1.2132168184041976,0.5483720073924652,0.6409618856064325,15.200000000000001,0.3041391721655669
BAAI/bge-m3,de,79,NQT,0.8970004916191101,1.094304475224018,0.4841604909503695,0.8196991896927616,30.59,0.611877624475105
BAAI/bge-m3,de,79,NMT,0.9030621647834778,1.1041261186122895,0.5308968792495486,0.8178976563996738,20.1,0.40211957608478305
BAAI/bge-m3,de,79,QMT,0.4094397723674774,0.6181308490514755,0.2608133791171311,0.6623836571093356,54.74,0.5962807438512298
BAAI/bge-m3,de,80,NQM,0.9257152676582336,1.2571021404385567,0.46201659947997564,0.7363882678097654,19.69,0.39392121575684863
BAAI/bge-m3,de,80,NQT,0.9330236911773682,1.1522272902011872,0.5186716435053017,0.8097566331844525,30.11,0.6022795440911818
BAAI/bge-m3,de,80,NMT,0.940278947353363,1.1824077902913093,0.5822288380572087,0.7952239109663779,14.780000000000001,0.29574085182963405
BAAI/bge-m3,de,80,QMT,0.6471969485282898,0.8500127310037613,0.2873180671834596,0.7613967708027947,30.18,0.6036792641471705
BAAI/bge-m3,de,81,NQM,0.746389627456665,1.0762479187369347,0.4486049735441673,0.6935108672097791,20.01,0.4003199360127974
BAAI/bge-m3,de,81,NQT,0.7792067527770996,0.9602252450823784,0.39550686974161614,0.8114833022427352,30.23,0.6046790641871626
BAAI/bge-m3,de,81,NMT,0.6926398277282715,0.8624426578640938,0.428985612224332,0.8031140637718972,49.9,0.5964807038592281
BAAI/bge-m3,de,81,QMT,0.6829245686531067,0.9623634484171867,0.4099629862796728,0.7096326962288657,35.230000000000004,0.6038792241551689
BAAI/bge-m3,de,82,NQM,0.7256179451942444,1.097428254067898,0.5045976090056253,0.6611985271054349,15.11,0.3023395320935813
BAAI/bge-m3,de,82,NQT,0.8084948062896729,0.9530757666349411,0.3797606112354749,0.8483006646401328,20.03,0.40071985602879423
BAAI/bge-m3,de,82,NMT,0.6981428265571594,0.9456127427577973,0.38517901303860097,0.7382967624995708,20.1,0.40211957608478305
BAAI/bge-m3,de,82,QMT,0.5894193649291992,0.8247421412706375,0.31717918188955246,0.7146710898274177,29.86,0.5972805438912218
BAAI/bge-m3,de,83,NQM,0.6991099119186401,1.1403153710484504,0.5828468552184554,0.6130847041684951,34.75,0.39792041591681665
BAAI/bge-m3,de,83,NQT,0.8981518149375916,1.0884699431777,0.44546054258962353,0.8251507729415887,30.61,0.6122775444911018
BAAI/bge-m3,de,83,NMT,0.7541257739067078,0.9193698712587357,0.44034814153108676,0.820263745290448,15.18,0.3037392521495701
BAAI/bge-m3,de,83,QMT,0.6202672123908997,0.8695147672414779,0.36574118892198526,0.7133486810787291,30.3,0.6060787842431514
BAAI/bge-m3,de,84,NQM,0.6880974173545837,1.0690424594759942,0.4686826698273604,0.64365770625352,19.73,0.39472105578884226
BAAI/bge-m3,de,84,NQT,0.8398141264915466,1.0107248930335044,0.41153945545034104,0.8309027830215682,40.0,0.6014797040591882
BAAI/bge-m3,de,84,NMT,0.65842205286026,0.8357363222002983,0.3744959939732376,0.787834673890924,9.97,0.19956008798240352
BAAI/bge-m3,de,84,QMT,0.663205087184906,0.9969839254736901,0.4577480810633157,0.6652114143857804,29.990000000000002,0.5998800239952009
BAAI/bge-m3,de,85,NQM,0.8133736848831177,1.1411494614958764,0.5270630417129644,0.712767005836548,10.370000000000001,0.20755848830233953
BAAI/bge-m3,de,85,NQT,0.8662250638008118,1.038341044318676,0.4262227779691569,0.8342394519985145,30.39,0.607878424315137
BAAI/bge-m3,de,85,NMT,0.8110637664794922,0.9917522758722306,0.4837133573637691,0.8178088280819488,25.07,0.40331933613277343
BAAI/bge-m3,de,85,QMT,0.7440112233161926,1.049792685365677,0.43845227632865547,0.7087220493028302,29.32,0.5864827034593081
BAAI/bge-m3,de,86,NQM,0.7023469805717468,1.1312181605935097,0.5454923678926251,0.6208766841248637,19.73,0.39472105578884226
BAAI/bge-m3,de,86,NQT,0.8397455811500549,1.008563379073143,0.41240214019496724,0.8326155783297802,29.92,0.5984803039392121
BAAI/bge-m3,de,86,NMT,0.6948935389518738,0.8555145440816879,0.3911108105898425,0.8122521630499719,20.56,0.3101379724055189
BAAI/bge-m3,de,86,QMT,0.7232885956764221,1.0679868553876877,0.5008035217290749,0.677244848124264,29.66,0.5932813437312537
BAAI/bge-m3,de,87,NQM,0.639316976070404,0.9408324038982392,0.41473803059865216,0.6795227007709158,19.68,0.39372125574885025
BAAI/bge-m3,de,87,NQT,0.7313797473907471,0.8816112506985664,0.3391158811963051,0.8295943896024361,55.47,0.6058788242351529
BAAI/bge-m3,de,87,NMT,0.5835141539573669,0.7109893689632416,0.3422802531077218,0.8207072840026025,19.82,0.39652069586082783
BAAI/bge-m3,de,87,QMT,0.6742770671844482,0.9849389047384262,0.42263041543094426,0.6845877078668487,29.89,0.597880423915217
BAAI/bge-m3,de,88,NQM,0.736988365650177,1.11049626404047,0.540408936701314,0.6636567717643893,19.87,0.39752049590081984
BAAI/bge-m3,de,88,NQT,0.7633341550827026,0.9305406312823296,0.35123041300725405,0.820312546728853,29.810000000000002,0.5962807438512298
BAAI/bge-m3,de,88,NMT,0.8517618179321289,1.0891746089816094,0.529010083898139,0.7820250407120248,24.12,0.38812237552489504
BAAI/bge-m3,de,88,QMT,0.6126708388328552,0.8545627099990845,0.3174252342540513,0.716940760067561,19.84,0.39692061587682465
BAAI/bge-m3,de,89,NQM,0.6956079006195068,1.017553091788292,0.4635545448051498,0.6836084585978031,39.69,0.6006798640271945
BAAI/bge-m3,de,89,NQT,0.7403217554092407,0.9183451220989227,0.38483828527170133,0.8061476427471983,30.02,0.6004799040191962
BAAI/bge-m3,de,89,NMT,0.6513016223907471,0.7985067008256912,0.36481920961485975,0.8156495389662438,29.19,0.48990201959608076
BAAI/bge-m3,de,89,QMT,0.521227240562439,0.8096229581475258,0.37888453088440327,0.6437900942858633,4.8500000000000005,0.09718056388722256
BAAI/bge-m3,de,90,NQM,0.7321916222572327,1.1247418543577195,0.48581409120432634,0.6509863747132425,20.2,0.40411917616476706
BAAI/bge-m3,de,90,NQT,0.827671468257904,0.9832598896026611,0.37774232713321204,0.8417626682519587,30.64,0.612877424515097
BAAI/bge-m3,de,90,NMT,0.877591609954834,1.2266328154563904,0.5634417650968655,0.7154476864599412,14.68,0.29374125174965005
BAAI/bge-m3,de,90,QMT,0.6782146096229553,0.9156842616319656,0.3265359147294235,0.7406642639172111,30.060000000000002,0.6012797440511898
BAAI/bge-m3,de,91,NQM,0.6834124326705933,0.9874271232128143,0.4732072405685661,0.6921143004926443,15.1,0.3021395720855829
BAAI/bge-m3,de,91,NQT,0.6132000088691711,0.7614070662856102,0.30187835327945606,0.8053510875066523,29.79,0.595880823835233
BAAI/bge-m3,de,91,NMT,0.4907258450984955,0.6086378100335598,0.2914562200881128,0.8062690766297136,5.05,0.10117976404719056
BAAI/bge-m3,de,91,QMT,0.6369206309318542,0.880898434138298,0.3496192625706658,0.7230352629178779,29.46,0.5892821435712857
BAAI/bge-m3,de,92,NQM,0.6090173125267029,0.9640198325395584,0.48580090136389104,0.6317477005859008,20.150000000000002,0.40311937612477505
BAAI/bge-m3,de,92,NQT,0.6830011010169983,0.8137828956842422,0.31758062732207465,0.8392915415626674,25.810000000000002,0.5162967406518696
BAAI/bge-m3,de,92,NMT,0.5427877306938171,0.6649434714794159,0.31586654758463706,0.816291540520529,20.59,0.41191761647670466
BAAI/bge-m3,de,92,QMT,0.4373815357685089,0.6916743890285492,0.31795605787394216,0.6323517867737958,5.12,0.10257948410317937
BAAI/bge-m3,de,93,NQM,0.6271148920059204,1.0853207616090774,0.5826787068099715,0.5778152544281868,39.43,0.5864827034593081
BAAI/bge-m3,de,93,NQT,0.8446097373962402,0.9733874094486237,0.3811950399133242,0.8677015227408814,30.740000000000002,0.614877024595081
BAAI/bge-m3,de,93,NMT,0.9082538485527039,1.0964685819387436,0.5352211365184533,0.8283446179059026,39.97,0.5956808638272345
BAAI/bge-m3,de,93,QMT,0.5133219361305237,0.7060759723424912,0.24824771227768405,0.7270066625079876,29.560000000000002,0.5912817436512697
BAAI/bge-m3,de,94,NQM,0.7195028066635132,1.06314967982769,0.5233451918230769,0.6767652949671675,20.2,0.40411917616476706
BAAI/bge-m3,de,94,NQT,0.8377326726913452,0.9977494577646255,0.4143617290574843,0.8396222780891065,29.91,0.5982803439312138
BAAI/bge-m3,de,94,NMT,0.719250500202179,0.8896746317148209,0.4350711209983799,0.8084421816265988,15.44,0.3089382123575285
BAAI/bge-m3,de,94,QMT,0.7115289568901062,1.008037452363968,0.4268732035332348,0.7058556755215594,44.72,0.5990801839632074
BAAI/bge-m3,de,95,NQM,0.694926917552948,1.0173336582660675,0.4172350033796636,0.6830865290908499,30.84,0.40691861627674464
BAAI/bge-m3,de,95,NQT,0.7043578624725342,0.8580841347694397,0.3583555077520636,0.8208494178265732,4.87,0.09758048390321936
BAAI/bge-m3,de,95,NMT,0.6521378755569458,0.8265573338627815,0.3629791833262891,0.7889808109360017,35.83,0.4065186962607478
BAAI/bge-m3,de,95,QMT,0.47642838954925537,0.6884916746377945,0.2652764957807622,0.6919885992800211,4.89,0.09798040391921616
BAAI/bge-m3,ru,0,NQM,0.5697243809700012,1.3422277138233185,0.9048772730327953,0.42446179221461916,10.06,0.20135972805438912
BAAI/bge-m3,ru,0,NQT,0.6206914186477661,0.9805058025121689,0.4942060163919903,0.6330318668761064,30.05,0.6010797840431914
BAAI/bge-m3,ru,0,NMT,1.1558809280395508,1.4153082695245742,0.6470154420207375,0.8166990562607352,20.19,0.4039192161567686
BAAI/bge-m3,ru,0,QMT,0.6092742085456848,1.003944193994999,0.5103358766972813,0.6068805539086697,5.07,0.10157968406318736
BAAI/bge-m3,ru,1,NQM,0.5903921723365784,1.3850006004810334,0.895136110884457,0.42627575188855454,19.68,0.39372125574885025
BAAI/bge-m3,ru,1,NQT,0.7117936015129089,1.0118848534464837,0.467186310270447,0.7034333986597721,29.93,0.5986802639472105
BAAI/bge-m3,ru,1,NMT,1.2365076541900635,1.5311899285793305,0.7034057905901158,0.8075468830548755,20.06,0.4013197360527894
BAAI/bge-m3,ru,1,QMT,0.5042494535446167,0.7685639147281647,0.34155466093683423,0.6560930638049925,30.0,0.6000799840031994
BAAI/bge-m3,ru,2,NQM,0.5043598413467407,1.3124467680931091,0.9363561696314475,0.38428975072197025,20.75,0.41511697660467906
BAAI/bge-m3,ru,2,NQT,0.6365327835083008,0.8977235904693603,0.3486649753791944,0.7090520849238136,30.32,0.6064787042591482
BAAI/bge-m3,ru,2,NMT,1.2156134843826294,1.468621018910408,0.6668918694222375,0.8277244222499849,20.240000000000002,0.40491901619676063
BAAI/bge-m3,ru,2,QMT,0.6042841672897339,0.8393447267532349,0.29867610995428806,0.7199475352951993,29.94,0.598880223955209
BAAI/bge-m3,ru,3,NQM,0.6455260515213013,1.4191744629621506,0.8769771818630665,0.45486025035532407,20.17,0.40351929614077187
BAAI/bge-m3,ru,3,NQT,0.7916485071182251,1.1437579688310624,0.513578969470814,0.6921468778281907,30.25,0.6050789842031594
BAAI/bge-m3,ru,3,NMT,1.0220909118652344,1.2450324149370193,0.5777727114220086,0.8209351817688348,19.87,0.39752049590081984
BAAI/bge-m3,ru,3,QMT,0.6832097768783569,1.0209755997896195,0.47724241655823346,0.6691734621458816,29.64,0.592881423715257
BAAI/bge-m3,ru,4,NQM,0.42391130328178406,1.3073201224267483,0.9956416441814531,0.3242597555176944,20.07,0.40151969606078786
BAAI/bge-m3,ru,4,NQT,0.7483440637588501,1.1323859070301057,0.5638717111624646,0.6608560377803198,49.1,0.5946810637872425
BAAI/bge-m3,ru,4,NMT,1.1011556386947632,1.3659205085039139,0.6674618027705186,0.8061637788131957,20.07,0.40151969606078786
BAAI/bge-m3,ru,4,QMT,0.5716898441314697,0.887207095170021,0.44588264808106165,0.6443702346871661,29.68,0.5936812637472505
BAAI/bge-m3,ru,5,NQM,0.7249882817268372,1.460601638007164,0.8657624638538981,0.496362774668328,20.34,0.40691861627674464
BAAI/bge-m3,ru,5,NQT,0.8159226775169373,1.0457549833774566,0.46588582420610103,0.7802235614321298,29.82,0.5964807038592281
BAAI/bge-m3,ru,5,NMT,1.16891610622406,1.417631955909729,0.6569351852885973,0.8245554153532844,35.36,0.40471905618876225
BAAI/bge-m3,ru,5,QMT,0.7314561605453491,0.9324874833345413,0.33172190347678526,0.7844139182747033,19.54,0.3909218156368726
BAAI/bge-m3,ru,6,NQM,0.8506755828857422,1.5600117194414138,0.8478243290328917,0.5453007642723314,10.03,0.20075984803039393
BAAI/bge-m3,ru,6,NQT,1.0033769607543945,1.2861528051614761,0.5997859949786134,0.7801382205340994,10.15,0.20315936812637472
BAAI/bge-m3,ru,6,NMT,1.1370331048965454,1.3887456217765808,0.6666614344946831,0.8187482913113736,29.77,0.500499900019996
BAAI/bge-m3,ru,6,QMT,0.6845327615737915,0.9550517253875732,0.4149804932421583,0.7167494109235621,30.240000000000002,0.6048790241951609
BAAI/bge-m3,ru,7,NQM,0.9686022400856018,1.3971710497021674,0.6925469386014339,0.6932595978791457,24.75,0.39652069586082783
BAAI/bge-m3,ru,7,NQT,0.9677921533584595,1.2857615207076072,0.6222966348805494,0.7526995774652605,5.16,0.10337932413517296
BAAI/bge-m3,ru,7,NMT,1.0751875638961792,1.3186630408525466,0.6466538210722504,0.8153618707628522,19.57,0.3915216956608678
BAAI/bge-m3,ru,7,QMT,0.6542544960975647,0.9159711893439293,0.3838956057847457,0.7142740991291056,24.69,0.4939012197560488
BAAI/bge-m3,ru,8,NQM,0.5614798665046692,1.4447124806165694,0.9753950229776677,0.38864471238225484,20.1,0.40211957608478305
BAAI/bge-m3,ru,8,NQT,0.745083749294281,1.2232067076921462,0.6235029096145565,0.6091233350898144,30.22,0.6044791041791642
BAAI/bge-m3,ru,8,NMT,1.185883641242981,1.4874616316795348,0.7255583929279447,0.7972532642090197,19.68,0.39372125574885025
BAAI/bge-m3,ru,8,QMT,0.573895275592804,0.9186586540937424,0.46962372690342896,0.6247100302541944,30.34,0.6068786242751449
BAAI/bge-m3,ru,9,NQM,0.6050176620483398,1.440335307431221,0.9802776801200409,0.4200533437779457,19.86,0.39732053589282146
BAAI/bge-m3,ru,9,NQT,0.7204784154891968,1.0380239854216575,0.48580821524490897,0.6940864812442998,30.400000000000002,0.5002999400119976
BAAI/bge-m3,ru,9,NMT,1.1879148483276367,1.4895899017095566,0.6855523849534325,0.7974777802692579,20.36,0.40731853629274145
BAAI/bge-m3,ru,9,QMT,0.5385757088661194,0.8109176164031029,0.36201396219278575,0.66415588707316,29.87,0.5974805038992201
BAAI/bge-m3,ru,10,NQM,0.9764232635498047,1.491329720211029,0.7235316012708823,0.6547333230983838,19.82,0.39652069586082783
BAAI/bge-m3,ru,10,NQT,1.0186357498168945,1.307250896382332,0.6167725566920449,0.7792197753584057,30.69,0.613877224555089
BAAI/bge-m3,ru,10,NMT,0.9346257448196411,1.190846324276924,0.5641761265464232,0.7848416086654643,20.36,0.40731853629274145
BAAI/bge-m3,ru,10,QMT,0.6586570143699646,1.0390010651350021,0.517494895314352,0.6339329539414363,29.96,0.5992801439712058
BAAI/bge-m3,ru,11,NQM,0.4931908845901489,1.4137513221144675,1.0412345791695616,0.3488526425228466,19.69,0.39392121575684863
BAAI/bge-m3,ru,11,NQT,0.631654679775238,0.9560197446227073,0.42595000244897,0.6607130065329974,30.11,0.6022795440911818
BAAI/bge-m3,ru,11,NMT,1.1647400856018066,1.4310456442594528,0.6700774135070579,0.8139084104502692,29.26,0.49190161967606477
BAAI/bge-m3,ru,11,QMT,0.5526136159896851,0.8375219754219055,0.38170628182635313,0.6598198402025733,30.54,0.610877824435113
BAAI/bge-m3,ru,12,NQM,0.5936881899833679,1.471644265639782,1.0262196053356427,0.40341827426947147,19.39,0.3879224155168966
BAAI/bge-m3,ru,12,NQT,0.8220230340957642,1.2455123191356658,0.6031879833051701,0.6599878792572315,30.01,0.6002799440111978
BAAI/bge-m3,ru,12,NMT,1.0170905590057373,1.2670751417160033,0.5714436791780857,0.8027073734770662,19.650000000000002,0.393121375724855
BAAI/bge-m3,ru,12,QMT,0.7160077691078186,0.9305445772647858,0.41280491101858674,0.7694502623524608,55.36,0.6058788242351529
BAAI/bge-m3,ru,13,NQM,0.9294568300247192,1.473543226671219,0.7395619277622857,0.6307631925557834,20.5,0.41011797640471903
BAAI/bge-m3,ru,13,NQT,0.8604004979133606,1.1901245065808297,0.5700324799880835,0.7229499881357176,30.29,0.6058788242351529
BAAI/bge-m3,ru,13,NMT,1.245278239250183,1.5148482105731964,0.7175243521692657,0.8220481963524028,19.63,0.39272145570885825
BAAI/bge-m3,ru,13,QMT,0.5996965765953064,0.853111864233017,0.35658455107980114,0.702951865677962,29.900000000000002,0.5980803839232154
BAAI/bge-m3,ru,14,NQM,0.5292560458183289,1.2978129762887956,0.8361502559060928,0.40780609801835455,34.6,0.39732053589282146
BAAI/bge-m3,ru,14,NQT,0.7232654094696045,0.9934928560972214,0.4063438997488798,0.7280026273264909,39.03,0.5882823435312937
BAAI/bge-m3,ru,14,NMT,1.2240374088287354,1.5069939086437225,0.7332653665846383,0.8122377945970218,10.3,0.20615876824635074
BAAI/bge-m3,ru,14,QMT,0.5400168299674988,0.7946563297629357,0.3501006655517709,0.6795602196082912,44.15,0.5932813437312537
BAAI/bge-m3,ru,15,NQM,0.5235977172851562,1.258837972021103,0.8690724224733934,0.4159373397706522,20.11,0.4023195360927814
BAAI/bge-m3,ru,15,NQT,0.6860079765319824,1.0439062270402908,0.5048039024490127,0.6571547891579421,30.63,0.6126774645070986
BAAI/bge-m3,ru,15,NMT,1.1084846258163452,1.4273578210353852,0.6376407612661189,0.7765989785318789,20.37,0.40751849630073983
BAAI/bge-m3,ru,15,QMT,0.578994631767273,0.8257900091171264,0.34331102367043437,0.7011402721929151,30.11,0.6022795440911818
BAAI/bge-m3,ru,16,NQM,1.0004833936691284,1.4533060056447982,0.7216897070615168,0.6884189494727565,19.23,0.3847230553889222
BAAI/bge-m3,ru,16,NQT,0.9679756164550781,1.293550708758831,0.6415708627040396,0.7483089838689878,34.87,0.5940811837632474
BAAI/bge-m3,ru,16,NMT,1.0995783805847168,1.3722652983903885,0.6522828177433964,0.8012870265492221,20.27,0.4055188962207559
BAAI/bge-m3,ru,16,QMT,0.7562589645385742,0.9768405265808106,0.37227059471420776,0.7741887687490794,29.93,0.5986802639472105
BAAI/bge-m3,ru,17,NQM,0.5232424139976501,1.2762562409877778,0.8976417796207156,0.40998225684856887,30.87,0.40591881623675263
BAAI/bge-m3,ru,17,NQT,0.7137507200241089,1.0536071547031403,0.4554143828098547,0.6774353390040662,29.740000000000002,0.594881023795241
BAAI/bge-m3,ru,17,NMT,1.093026041984558,1.2992392703294755,0.5822464667585496,0.8412815614067262,30.17,0.5046990601879624
BAAI/bge-m3,ru,17,QMT,0.5710347294807434,0.8697446352005005,0.400061380832149,0.6565544717024295,29.68,0.5936812637472505
BAAI/bge-m3,ru,18,NQM,0.4850407838821411,1.3073214604854584,0.9476809864917519,0.37101875746892116,19.92,0.39852029594081184
BAAI/bge-m3,ru,18,NQT,0.7686364650726318,1.0161080910205842,0.4340600409731568,0.756451475846288,30.5,0.6100779844031193
BAAI/bge-m3,ru,18,NMT,1.265493631362915,1.5254567211151122,0.7094788759160763,0.8295834380912536,4.84,0.09698060387922415
BAAI/bge-m3,ru,18,QMT,0.6391664147377014,0.9656627756357193,0.4517954003509623,0.6618940181434049,4.42,0.08858228354329134
BAAI/bge-m3,ru,19,NQM,0.6395003199577332,1.4284430482268333,0.9636421940429952,0.44769045622862963,20.52,0.41051789642071584
BAAI/bge-m3,ru,19,NQT,0.8860974907875061,1.2137929084658623,0.4961245430457004,0.7300236182024928,29.71,0.5942811437712457
BAAI/bge-m3,ru,19,NMT,1.1744842529296875,1.3789605884075165,0.6453511694316916,0.851717056167052,49.93,0.7008598280343932
BAAI/bge-m3,ru,19,QMT,0.7528803944587708,1.0183049099087715,0.4335763689195398,0.7393467193686425,30.21,0.6042791441711658
BAAI/bge-m3,ru,20,NQM,0.5995520353317261,1.3622206798672676,0.9194364168351011,0.4401284198605069,20.2,0.40411917616476706
BAAI/bge-m3,ru,20,NQT,0.7179090976715088,0.941016396677494,0.34058537091176255,0.762908170575468,24.63,0.4927014597080584
BAAI/bge-m3,ru,20,NMT,1.2302074432373047,1.5421722284555435,0.7421516453100244,0.7977108007375652,19.76,0.39532093581283745
BAAI/bge-m3,ru,20,QMT,0.6249316334724426,0.8980648173928261,0.35700418671062684,0.6958647319978386,30.57,0.6114777044591082
BAAI/bge-m3,ru,21,NQM,0.5612282752990723,1.3479644067287444,0.8861529555510298,0.4163524440980242,20.080000000000002,0.40171965606878624
BAAI/bge-m3,ru,21,NQT,0.7867644429206848,0.9584331818461418,0.3729161144901433,0.820886064696124,29.77,0.5954809038192361
BAAI/bge-m3,ru,21,NMT,1.0788999795913696,1.341516672682762,0.6244510605176131,0.8042389644200124,20.12,0.40251949610077986
BAAI/bge-m3,ru,21,QMT,0.5923386216163635,0.8577386332511902,0.3496662985666428,0.6905817211129461,30.32,0.6064787042591482
BAAI/bge-m3,ru,22,NQM,0.5903490781784058,1.282068322944641,0.8204002303821764,0.4604661605101027,19.53,0.39072185562887424
BAAI/bge-m3,ru,22,NQT,0.6837734580039978,0.9300421595692635,0.39707139614282855,0.7352069483817196,29.85,0.5970805838832234
BAAI/bge-m3,ru,22,NMT,1.1543505191802979,1.3360430718421936,0.6346646275719268,0.8640069646764947,50.480000000000004,0.7074585082983403
BAAI/bge-m3,ru,22,QMT,0.6406505107879639,0.8866805489301681,0.3452004693262419,0.7225268576831009,30.05,0.6010797840431914
BAAI/bge-m3,ru,23,NQM,0.5846863985061646,1.4219786724448205,0.9440219950718716,0.411178036517592,19.52,0.3905218956208758
BAAI/bge-m3,ru,23,NQT,0.5668696761131287,0.9401170314669609,0.48957517839875875,0.6029777752541946,20.19,0.4039192161567686
BAAI/bge-m3,ru,23,NMT,1.0862724781036377,1.3195760511159897,0.5915516967398444,0.8231980848577343,19.59,0.3919216156768646
BAAI/bge-m3,ru,23,QMT,0.4808802902698517,0.6826475182533264,0.27681507147554,0.7044342466805769,29.92,0.5984803039392121
BAAI/bge-m3,ru,24,NQM,0.6381232142448425,1.4149985664725304,0.8787927575306812,0.45097092630643276,20.37,0.40751849630073983
BAAI/bge-m3,ru,24,NQT,0.7702503204345703,1.0702918219566344,0.5112434688531835,0.7196638380602886,30.46,0.6092781443711258
BAAI/bge-m3,ru,24,NMT,1.221000075340271,1.463022952246666,0.7292344980555914,0.834573424473231,63.77,0.6844631073785243
BAAI/bge-m3,ru,24,QMT,0.6117185950279236,0.9580981058478355,0.4734373713238033,0.6384717716208885,19.29,0.3859228154369126
BAAI/bge-m3,ru,25,NQM,0.8600338697433472,1.3917525765657426,0.7320813924489584,0.6179502622980081,24.45,0.38812237552489504
BAAI/bge-m3,ru,25,NQT,1.0002098083496094,1.3933209075927735,0.6793116618038914,0.7178603313122918,30.490000000000002,0.609878024395121
BAAI/bge-m3,ru,25,NMT,1.030972957611084,1.278366711473465,0.6058815256896143,0.8064766927652256,19.57,0.3915216956608678
BAAI/bge-m3,ru,25,QMT,0.5607152581214905,0.9030567491531372,0.4601150357870407,0.6209081086506397,24.82,0.496500699860028
BAAI/bge-m3,ru,26,NQM,0.7238665819168091,1.5625948018670082,0.9497214850742722,0.4632465057809362,19.5,0.39012197560487905
BAAI/bge-m3,ru,26,NQT,0.7284630537033081,1.0314769082069397,0.4587870232234107,0.706233021705663,29.8,0.5960807838432314
BAAI/bge-m3,ru,26,NMT,1.090564250946045,1.3719279808044433,0.560653689124567,0.7949136297269679,20.05,0.40111977604479104
BAAI/bge-m3,ru,26,QMT,0.7174261808395386,0.9407515832662582,0.4050288405555055,0.7626095917350425,44.92,0.6012797440511898
BAAI/bge-m3,ru,27,NQM,0.48385676741600037,1.3976991873681546,1.0157842064792522,0.3461809034365605,4.8100000000000005,0.09638072385522896
BAAI/bge-m3,ru,27,NQT,0.6992883682250977,0.9390211829185486,0.34014170177393893,0.7446992474130477,30.0,0.6000799840031994
BAAI/bge-m3,ru,27,NMT,1.2397390604019165,1.5050897880315781,0.7063975164535785,0.8236977423270391,35.42,0.5070985802839432
BAAI/bge-m3,ru,27,QMT,0.5933772921562195,0.85148208745718,0.3332960001689407,0.6968758367278781,29.69,0.593881223755249
BAAI/bge-m3,ru,28,NQM,0.8745149970054626,1.4477369455218314,0.7571557248343518,0.6040565585550094,19.39,0.3879224155168966
BAAI/bge-m3,ru,28,NQT,0.8407343626022339,1.1988043670415878,0.5985404935136707,0.7013107273510345,29.72,0.5944811037792441
BAAI/bge-m3,ru,28,NMT,1.1399121284484863,1.3898517381668092,0.626063347628765,0.820168149698608,19.7,0.394121175764847
BAAI/bge-m3,ru,28,QMT,0.5758985280990601,0.7752150277614593,0.27871196895230327,0.7428887566347931,33.74,0.5828834233153369
BAAI/bge-m3,ru,29,NQM,0.8783706426620483,1.31998124730587,0.6571675901260388,0.6654417587023826,30.45,0.40371925614877024
BAAI/bge-m3,ru,29,NQT,0.812389612197876,1.1610838490247726,0.5706451712366712,0.6996821227678995,34.21,0.5864827034593081
BAAI/bge-m3,ru,29,NMT,1.0659669637680054,1.3058608597517014,0.5832861567091676,0.8162944434752978,24.98,0.39812037592481503
BAAI/bge-m3,ru,29,QMT,0.6033347845077515,0.8141929880976677,0.3022703131218634,0.7410218379756379,33.9,0.5864827034593081
BAAI/bge-m3,ru,30,NQM,0.6623863577842712,1.412485517168045,0.9201223587718675,0.4689509023156925,39.78,0.5914817036592681
BAAI/bge-m3,ru,30,NQT,0.8764305114746094,1.2218421882987023,0.5762442165523881,0.717302545179126,25.400000000000002,0.5080983803239352
BAAI/bge-m3,ru,30,NMT,1.1546906232833862,1.4588856353282929,0.6579876036995383,0.791488102508292,36.24,0.41671665666866625
BAAI/bge-m3,ru,30,QMT,0.68648761510849,0.9725652503013611,0.42249027932237476,0.7058525018193562,15.24,0.3049390121975605
BAAI/bge-m3,ru,31,NQM,1.0311377048492432,1.539872327017784,0.792746162673567,0.6696254531994488,30.19,0.397120575884823
BAAI/bge-m3,ru,31,NQT,1.091074824333191,1.3841990624189378,0.6496424714982533,0.788235488633918,29.810000000000002,0.5962807438512298
BAAI/bge-m3,ru,31,NMT,1.0815781354904175,1.322461590909958,0.6168158559270723,0.8178522105472934,20.38,0.40771845630873826
BAAI/bge-m3,ru,31,QMT,0.8651572465896606,1.0989528880119324,0.41732118610351526,0.7872559925239302,5.0600000000000005,0.10137972405518897
BAAI/bge-m3,ru,32,NQM,0.5360358357429504,1.3112450861215592,0.8735350883038943,0.4087991188039795,34.230000000000004,0.3929214157168566
BAAI/bge-m3,ru,32,NQT,0.6479729413986206,0.944607161450386,0.43464872962121803,0.6859708118272279,56.32,0.6124775044991002
BAAI/bge-m3,ru,32,NMT,1.0128389596939087,1.222345221877098,0.5600464529457909,0.8286030342047813,25.86,0.41091781643671266
BAAI/bge-m3,ru,32,QMT,0.5488426685333252,0.8549682054758072,0.415483720405358,0.6419451214881624,5.33,0.10677864427114576
BAAI/bge-m3,ru,33,NQM,0.94051194190979,1.387883502805233,0.6945195374113253,0.6776591407046201,53.64,0.5846830633873226
BAAI/bge-m3,ru,33,NQT,1.0024166107177734,1.3329072816610337,0.6477278429673401,0.7520527680423775,34.45,0.590881823635273
BAAI/bge-m3,ru,33,NMT,1.1695387363433838,1.406491365838051,0.6790344162975791,0.8315292683262854,29.580000000000002,0.39432113577284544
BAAI/bge-m3,ru,33,QMT,0.6276370882987976,0.8784838264465332,0.36045238617490727,0.714454915848451,34.480000000000004,0.5932813437312537
BAAI/bge-m3,ru,34,NQM,0.5417227745056152,1.2629384209275245,0.8298239483012437,0.4289383912379001,20.23,0.40471905618876225
BAAI/bge-m3,ru,34,NQT,0.7087002992630005,1.020022172474861,0.4389146352035296,0.6947891118315587,29.57,0.5914817036592681
BAAI/bge-m3,ru,34,NMT,1.2458243370056152,1.511952758026123,0.7206194571847525,0.8239836399592495,40.7,0.6100779844031193
BAAI/bge-m3,ru,34,QMT,0.6986336708068848,0.9870062930822372,0.400144307891174,0.7078310196224523,29.79,0.595880823835233
BAAI/bge-m3,ru,35,NQM,0.6686835885047913,1.342796356666088,0.8009902383879577,0.49797840542590494,25.16,0.39892021595680865
BAAI/bge-m3,ru,35,NQT,0.6884433627128601,0.923977362716198,0.39268266974705635,0.7450868284135357,5.05,0.10117976404719056
BAAI/bge-m3,ru,35,NMT,1.116619348526001,1.418169881105423,0.6495304191065527,0.787366424433468,19.92,0.39852029594081184
BAAI/bge-m3,ru,35,QMT,0.5411086678504944,0.6937438141345977,0.19551239781215182,0.7799834129327896,15.31,0.3063387322535493
BAAI/bge-m3,ru,36,NQM,0.579730212688446,1.3293068085551263,0.8957967025602024,0.43611467943818066,19.6,0.39212157568486306
BAAI/bge-m3,ru,36,NQT,0.6733749508857727,0.9712434109568596,0.44449893637616766,0.6933122462284474,29.95,0.5990801839632074
BAAI/bge-m3,ru,36,NMT,1.1341115236282349,1.4482680909633636,0.6479633930925583,0.7830812062379001,20.13,0.40271945610877824
BAAI/bge-m3,ru,36,QMT,0.4619823396205902,0.6242108669042588,0.2040861196522029,0.7401062110806039,30.240000000000002,0.6048790241951609
BAAI/bge-m3,ru,37,NQM,0.5670557022094727,1.4494343149542808,1.0165847488840853,0.39122552595766846,15.27,0.30553889222155567
BAAI/bge-m3,ru,37,NQT,0.7749344110488892,1.1124141871213913,0.49271950573241036,0.6966239913332105,30.47,0.6094781043791242
BAAI/bge-m3,ru,37,NMT,1.1999683380126953,1.4718295661449432,0.6825624689114543,0.8152902792643786,15.16,0.3033393321335733
BAAI/bge-m3,ru,37,QMT,0.6721781492233276,0.941052145767212,0.3915175150458487,0.714283636933431,30.150000000000002,0.6030793841231754
BAAI/bge-m3,ru,38,NQM,0.7293955087661743,1.3951997759222985,0.8187252726014157,0.5227892960945207,20.740000000000002,0.4149170165966807
BAAI/bge-m3,ru,38,NQT,0.7341980338096619,1.0858088861107826,0.49867683480710717,0.6761761146004077,29.79,0.595880823835233
BAAI/bge-m3,ru,38,NMT,0.9807707667350769,1.1972523639798165,0.5588855817818793,0.8191846566700883,20.41,0.40831833633273346
BAAI/bge-m3,ru,38,QMT,0.6002674102783203,0.871338602590561,0.3828630354890703,0.6889025787368852,30.17,0.6034793041391722
BAAI/bge-m3,ru,39,NQM,0.5805013179779053,1.3110389815449714,0.8799973787969321,0.44277960163578095,5.28,0.10577884423115377
BAAI/bge-m3,ru,39,NQT,0.6607864499092102,0.8892565335988999,0.34219133762291043,0.7430774191044803,29.900000000000002,0.5980803839232154
BAAI/bge-m3,ru,39,NMT,1.2156519889831543,1.4131193700551987,0.6607039935064393,0.860261358482977,70.18,0.9004199160167966
BAAI/bge-m3,ru,39,QMT,0.5377483367919922,0.7537928289651871,0.2808852198999361,0.7133900935745224,30.59,0.611877624475105
BAAI/bge-m3,ru,40,NQM,0.6250338554382324,1.3535321214914322,0.8789776063811644,0.46177984660538185,19.990000000000002,0.39992001599680066
BAAI/bge-m3,ru,40,NQT,0.629037082195282,0.9975837011575699,0.4992135889926341,0.6305607052969423,29.76,0.5952809438112378
BAAI/bge-m3,ru,40,NMT,1.1587183475494385,1.3774865497350692,0.6193318619830606,0.8411830574835395,29.67,0.496500699860028
BAAI/bge-m3,ru,40,QMT,0.5282394289970398,0.8460955211877823,0.42006504204739364,0.6243259960233002,30.3,0.6060787842431514
BAAI/bge-m3,ru,41,NQM,0.9330502152442932,1.395835187125206,0.6875686328407368,0.6684529977821303,14.92,0.2985402919416117
BAAI/bge-m3,ru,41,NQT,0.916090726852417,1.2310524173498154,0.5892332081237908,0.7441524941917699,5.33,0.10677864427114576
BAAI/bge-m3,ru,41,NMT,1.233228087425232,1.5250256826400757,0.711764385360849,0.808660536975022,19.78,0.3957208558288342
BAAI/bge-m3,ru,41,QMT,0.5699477195739746,0.7942848400354385,0.2980307014827238,0.7175608684005952,30.03,0.6006798640271945
BAAI/bge-m3,ru,42,NQM,0.8989307284355164,1.3913834858298302,0.6828274879802984,0.6460697123329318,9.9,0.19816036792641473
BAAI/bge-m3,ru,42,NQT,0.7305324077606201,1.1074709545135497,0.566169261794461,0.6596402413829829,30.11,0.6022795440911818
BAAI/bge-m3,ru,42,NMT,1.1295994520187378,1.4367582073926926,0.6562098098405621,0.7862140241870295,38.83,0.585882823435313
BAAI/bge-m3,ru,42,QMT,0.4612720012664795,0.7560807338535785,0.37366033640105134,0.6100829985640114,19.41,0.3883223355328934
BAAI/bge-m3,ru,43,NQM,0.7016608119010925,1.4401388494133949,0.8156412246148268,0.4872174736390241,19.39,0.3879224155168966
BAAI/bge-m3,ru,43,NQT,0.7369925379753113,0.9818302710294724,0.4098242710519338,0.7506313053495555,29.82,0.5964807038592281
BAAI/bge-m3,ru,43,NMT,1.2160154581069946,1.4364688003063202,0.6847808424998737,0.8465310613407255,50.14,0.6968606278744252
BAAI/bge-m3,ru,43,QMT,0.6544000506401062,0.9497608895659446,0.4129956585790499,0.6890155804778275,29.55,0.5910817836432714
BAAI/bge-m3,ru,44,NQM,0.9711480140686035,1.4850551864624024,0.7374954354535573,0.6539474242579175,15.030000000000001,0.3007398520295941
BAAI/bge-m3,ru,44,NQT,1.083796501159668,1.3962543051958085,0.6311022494802767,0.7762171240051444,45.480000000000004,0.5990801839632074
BAAI/bge-m3,ru,44,NMT,1.134803295135498,1.3769145962715148,0.6246624767904178,0.8241638938301306,35.17,0.503499300139972
BAAI/bge-m3,ru,44,QMT,0.664314329624176,0.9016392741680145,0.37120869277620844,0.736785041042532,30.36,0.6072785442911418
BAAI/bge-m3,ru,45,NQM,0.6772637963294983,1.4326452434420585,0.9121154146285947,0.4727365685463336,15.77,0.3155368926214757
BAAI/bge-m3,ru,45,NQT,0.6943638324737549,0.9871846206426621,0.41718018053913053,0.7033778869255654,29.330000000000002,0.5866826634673066
BAAI/bge-m3,ru,45,NMT,1.1181141138076782,1.3504054091453552,0.5842981541614366,0.8279840307470943,25.0,0.4023195360927814
BAAI/bge-m3,ru,45,QMT,0.6849923729896545,0.8411628632903099,0.25687329794845354,0.8143397704332904,29.87,0.5974805038992201
BAAI/bge-m3,ru,46,NQM,0.6534297466278076,1.4559884321689607,0.9944735907099262,0.44878773223078144,39.83,0.5954809038192361
BAAI/bge-m3,ru,46,NQT,0.8766747713088989,1.2655497957468034,0.5809813497179478,0.6927224628019308,29.830000000000002,0.5966806638672265
BAAI/bge-m3,ru,46,NMT,1.0742052793502808,1.3383136853456497,0.6210526281020761,0.8026558280856556,20.23,0.40471905618876225
BAAI/bge-m3,ru,46,QMT,0.677541196346283,0.9039343202233314,0.3564527774815374,0.749546931881219,30.11,0.6022795440911818
BAAI/bge-m3,ru,47,NQM,0.6086258888244629,1.434706103849411,0.9934307425173715,0.4242164211827462,20.14,0.4029194161167766
BAAI/bge-m3,ru,47,NQT,0.7552139163017273,1.1445923481464386,0.527227399699853,0.6598103836043169,29.84,0.596880623875225
BAAI/bge-m3,ru,47,NMT,1.2808442115783691,1.555988494706154,0.7330647944961568,0.8231707470429794,14.98,0.2997400519896021
BAAI/bge-m3,ru,47,QMT,0.8995459675788879,1.1586646236538887,0.4150652502210301,0.7763644019279388,29.45,0.5890821835632873
BAAI/bge-m3,ru,48,NQM,0.9367976784706116,1.4408167827248572,0.7401173092873161,0.6501851517153344,19.82,0.39652069586082783
BAAI/bge-m3,ru,48,NQT,1.0043843984603882,1.3560115844964982,0.6639356762025099,0.7406901312222832,55.53,0.6010797840431914
BAAI/bge-m3,ru,48,NMT,1.1080681085586548,1.3725951492786408,0.6414600768820152,0.8072796331388655,20.09,0.40191961607678467
BAAI/bge-m3,ru,48,QMT,0.7241241931915283,1.0018908081769944,0.4230672664896349,0.7227575972160046,19.23,0.3847230553889222
BAAI/bge-m3,ru,49,NQM,0.7053228616714478,1.5405153601169586,0.9978263767323196,0.4578486394432578,20.39,0.40791841631673664
BAAI/bge-m3,ru,49,NQT,0.9147496819496155,1.2385495540738105,0.5935453634140816,0.7385652668802002,39.800000000000004,0.6014797040591882
BAAI/bge-m3,ru,49,NMT,1.1868394613265991,1.5066824934244156,0.7312815242642109,0.7877170316277724,25.32,0.40531893621275744
BAAI/bge-m3,ru,49,QMT,0.7082146406173706,1.0375257358312606,0.4722384433441594,0.6825995887699786,30.560000000000002,0.6112777444511098
BAAI/bge-m3,ru,50,NQM,0.9333181381225586,1.4612717727661133,0.7248557547242805,0.6387026393832244,14.96,0.29934013197360526
BAAI/bge-m3,ru,50,NQT,0.913804829120636,1.2515857524871825,0.5987448593734639,0.7301176346119074,40.52,0.6054789042191562
BAAI/bge-m3,ru,50,NMT,1.062276840209961,1.3470946056604385,0.6187383696280482,0.7885688471659873,19.76,0.39532093581283745
BAAI/bge-m3,ru,50,QMT,0.5560715794563293,0.8203032588720321,0.35019294881575,0.6778853715884103,30.02,0.6004799040191962
BAAI/bge-m3,ru,51,NQM,0.6168237924575806,1.3150246562957764,0.7786701033077833,0.4690587279135966,20.14,0.4029194161167766
BAAI/bge-m3,ru,51,NQT,0.7148615717887878,0.9483189566612243,0.3593098918162414,0.7538197636635559,35.78,0.6038792241551689
BAAI/bge-m3,ru,51,NMT,1.0207818746566772,1.2473632883787156,0.5952458619385568,0.818351705686833,38.64,0.5828834233153369
BAAI/bge-m3,ru,51,QMT,0.5041117668151855,0.7349347325563431,0.3053099369957733,0.6859272592289035,30.09,0.6018796240751849
BAAI/bge-m3,ru,52,NQM,0.7314625978469849,1.4713535573601724,0.8808110807418742,0.49713584759249885,20.17,0.40351929614077187
BAAI/bge-m3,ru,52,NQT,0.7750166058540344,1.012187357890606,0.4705019555895766,0.7656849295849731,29.67,0.5934813037392521
BAAI/bge-m3,ru,52,NMT,1.135805368423462,1.3712204279184341,0.6602753618975898,0.828317129250204,49.550000000000004,0.6966606678664267
BAAI/bge-m3,ru,52,QMT,0.6701792478561401,0.9169795757770538,0.3710608090427815,0.7308551526761057,30.02,0.6004799040191962
BAAI/bge-m3,ru,53,NQM,0.39974692463874817,1.3534325391590596,1.0838284141591537,0.29535784981705193,19.85,0.397120575884823
BAAI/bge-m3,ru,53,NQT,0.7486618161201477,1.1062782573580743,0.5390563114417332,0.6767391577480385,35.31,0.6046790641871626
BAAI/bge-m3,ru,53,NMT,1.0828534364700317,1.4141337175130844,0.6763495574956964,0.7657362405399593,30.310000000000002,0.40351929614077187
BAAI/bge-m3,ru,53,QMT,0.5536648631095886,0.8547329356789589,0.3923126653617294,0.6477635761972084,29.89,0.597880423915217
BAAI/bge-m3,ru,54,NQM,0.9696604013442993,1.4738304971694947,0.7371946962134892,0.6579185348694326,19.78,0.3957208558288342
BAAI/bge-m3,ru,54,NQT,1.0332443714141846,1.3152826586723327,0.6005628805921335,0.7855683070104279,45.76,0.6102779444111178
BAAI/bge-m3,ru,54,NMT,1.1930664777755737,1.4935681338071822,0.7016467926357667,0.7988028472016117,19.79,0.39592081583683264
BAAI/bge-m3,ru,54,QMT,0.656664252281189,0.9240875159978866,0.3887180891556476,0.7106082929508812,20.29,0.40591881623675263
BAAI/bge-m3,ru,55,NQM,0.5321437120437622,1.3225591997385024,0.941733413818276,0.4023590869494354,20.19,0.4039192161567686
BAAI/bge-m3,ru,55,NQT,0.6865834593772888,1.0109259782910347,0.4480647935833725,0.6791629398398441,34.07,0.5872825434913017
BAAI/bge-m3,ru,55,NMT,1.0634092092514038,1.2802104068040847,0.5732808470729126,0.8306519019051456,19.72,0.3945210957808438
BAAI/bge-m3,ru,55,QMT,0.6058173179626465,0.8324390851259231,0.31662858485343415,0.7277617411131971,29.75,0.5950809838032394
BAAI/bge-m3,ru,56,NQM,0.5617191791534424,1.4747951469898224,1.0611184577653094,0.38087945997081446,19.53,0.39072185562887424
BAAI/bge-m3,ru,56,NQT,0.8398770093917847,1.2924234065771103,0.6454058201729239,0.649846640905002,30.29,0.6058788242351529
BAAI/bge-m3,ru,56,NMT,1.1207741498947144,1.3533577561855317,0.6420783278609262,0.8281432937975044,54.59,0.598880223955209
BAAI/bge-m3,ru,56,QMT,0.6926112771034241,1.034712389934063,0.4970708734590711,0.6693756485769841,40.410000000000004,0.6046790641871626
BAAI/bge-m3,ru,57,NQM,0.6235861778259277,1.3655226197600365,0.8121932664055811,0.45666484670539836,19.92,0.39852029594081184
BAAI/bge-m3,ru,57,NQT,0.6603848338127136,0.9605183535933495,0.4685338823780686,0.6875296357862313,5.11,0.10237952409518096
BAAI/bge-m3,ru,57,NMT,1.0343421697616577,1.292984201645851,0.5595019335761912,0.7999650486403734,9.71,0.1943611277744451
BAAI/bge-m3,ru,57,QMT,0.5372015833854675,0.7233896806955338,0.2880404824932174,0.7426171505076069,35.36,0.6054789042191562
BAAI/bge-m3,ru,58,NQM,0.9472479820251465,1.4184986625671387,0.6752642627747415,0.667782076234171,5.17,0.10357928414317137
BAAI/bge-m3,ru,58,NQT,0.8631591796875,1.169863881444931,0.5715915397202829,0.7378287280915542,29.91,0.5982803439312138
BAAI/bge-m3,ru,58,NMT,1.1104544401168823,1.3302140921115875,0.6315667408375847,0.8347937724470408,19.73,0.39472105578884226
BAAI/bge-m3,ru,58,QMT,0.5389782190322876,0.7872297408819199,0.32101662280897936,0.6846517490914342,29.47,0.5894821035792841
BAAI/bge-m3,ru,59,NQM,0.8923889994621277,1.3055965471982955,0.6319199905612876,0.6835105388233744,20.51,0.41031793641271747
BAAI/bge-m3,ru,59,NQT,0.8199148178100586,1.1454602981090545,0.558813180107472,0.715795055632109,35.82,0.6084783043391322
BAAI/bge-m3,ru,59,NMT,1.13249671459198,1.4074343112945558,0.6280992270011876,0.8046533365734893,19.81,0.39632073585282945
BAAI/bge-m3,ru,59,QMT,0.4215258061885834,0.6152037629723549,0.23603483388868718,0.685180799531033,54.42,0.5962807438512298
BAAI/bge-m3,ru,60,NQM,0.6293577551841736,1.4511881853938102,0.9503992923350116,0.4336844535520736,29.73,0.3977204559088182
BAAI/bge-m3,ru,60,NQT,0.688410222530365,1.051800058567524,0.5204705168367935,0.6545067353079211,30.51,0.6102779444111178
BAAI/bge-m3,ru,60,NMT,1.1162947416305542,1.3699608777284622,0.6157367355196657,0.8148369488336573,20.23,0.40471905618876225
BAAI/bge-m3,ru,60,QMT,0.6316154599189758,0.902271139216423,0.4177640626088366,0.7000284420787326,15.120000000000001,0.3025394921015797
BAAI/bge-m3,ru,61,NQM,0.9379315972328186,1.3766941840171814,0.6607065663115769,0.6812926270199393,20.240000000000002,0.40491901619676063
BAAI/bge-m3,ru,61,NQT,0.8509853482246399,1.1356885877847671,0.5323824973428898,0.7493122299342565,5.64,0.11297740451909619
BAAI/bge-m3,ru,61,NMT,1.135329008102417,1.4444638272762298,0.6809479680594086,0.7859864585480673,20.17,0.40351929614077187
BAAI/bge-m3,ru,61,QMT,0.560602605342865,0.7300461755752563,0.2241657054266872,0.7679002015185652,30.060000000000002,0.6012797440511898
BAAI/bge-m3,ru,62,NQM,0.5494877696037292,1.335544464278221,0.9525044764526294,0.4114335271497545,19.87,0.39752049590081984
BAAI/bge-m3,ru,62,NQT,0.7025656700134277,0.9916367764472962,0.41588035276548074,0.7084909381132249,48.92,0.5932813437312537
BAAI/bge-m3,ru,62,NMT,1.0116961002349854,1.3120058491945266,0.6110373725651344,0.7711063947278283,20.53,0.4107178564287143
BAAI/bge-m3,ru,62,QMT,0.6434544324874878,0.8388081518173218,0.31286697691357784,0.7671056022675066,49.9,0.596880623875225
BAAI/bge-m3,ru,63,NQM,0.95017009973526,1.4611163985490798,0.7375448763382095,0.6503041788307551,20.1,0.40211957608478305
BAAI/bge-m3,ru,63,NQT,1.0056867599487305,1.2873236617803574,0.6116939483872339,0.7812229276956606,4.99,0.09998000399920016
BAAI/bge-m3,ru,63,NMT,0.9890541434288025,1.2157962581753732,0.5008413494353502,0.8135031974126394,5.05,0.10117976404719056
BAAI/bge-m3,ru,63,QMT,0.6650078296661377,0.9400752915382385,0.409658316151332,0.7073984771765277,29.27,0.5854829034193162
BAAI/bge-m3,ru,64,NQM,0.6956195831298828,1.473302524125576,0.9107236269947183,0.4721498617823042,19.78,0.3957208558288342
BAAI/bge-m3,ru,64,NQT,0.7365572452545166,1.0783554278850556,0.5048681484416684,0.6830375460699631,30.29,0.6058788242351529
BAAI/bge-m3,ru,64,NMT,1.3055602312088013,1.5151988877296447,0.6869161960058409,0.861642812557878,45.57,0.6066786642671466
BAAI/bge-m3,ru,64,QMT,0.6766151785850525,0.8852724896550178,0.2855953738249223,0.7643015980853066,29.490000000000002,0.589882023595281
BAAI/bge-m3,ru,65,NQM,1.1814191341400146,1.5637479527711868,0.7168216669124337,0.7555048318660396,20.330000000000002,0.40671865626874626
BAAI/bge-m3,ru,65,NQT,1.1377413272857666,1.3911996072769166,0.6731445495308667,0.8178131458158776,29.77,0.5954809038192361
BAAI/bge-m3,ru,65,NMT,1.1037651300430298,1.3588304176568986,0.6116934296410514,0.8122905667253877,20.150000000000002,0.40311937612477505
BAAI/bge-m3,ru,65,QMT,0.6208123564720154,0.8010149125218391,0.31489079291060984,0.775032208222858,29.71,0.5942811437712457
BAAI/bge-m3,ru,66,NQM,0.6680371761322021,1.476517857503891,0.9604599539410473,0.4524409730208693,24.36,0.39172165566886624
BAAI/bge-m3,ru,66,NQT,1.0491588115692139,1.3363636919021606,0.6064816443361042,0.7850847923554937,30.560000000000002,0.6112777444511098
BAAI/bge-m3,ru,66,NMT,1.1615805625915527,1.450121396780014,0.680727859164045,0.801022979986389,19.72,0.3945210957808438
BAAI/bge-m3,ru,66,QMT,0.7849762439727783,1.0270197389125824,0.4291931453869151,0.7643243982858146,30.400000000000002,0.6080783843231353
BAAI/bge-m3,ru,67,NQM,0.5805450677871704,1.3403784747838974,0.9037476313509567,0.4331202557399586,14.88,0.29774045190961806
BAAI/bge-m3,ru,67,NQT,0.8104904294013977,1.032452109503746,0.37681878027280247,0.7850150355062759,30.3,0.6060787842431514
BAAI/bge-m3,ru,67,NMT,1.1673842668533325,1.4060246447086335,0.6362491164942531,0.830272976541187,54.85,0.5982803439312138
BAAI/bge-m3,ru,67,QMT,0.4623451232910156,0.7138053027629853,0.3159951379134806,0.6477188128201491,35.03,0.6046790641871626
BAAI/bge-m3,ru,68,NQM,0.6387659907341003,1.445900946545601,0.9740368678086482,0.4417771440427735,34.35,0.39632073585282945
BAAI/bge-m3,ru,68,NQT,0.7281826138496399,1.0668357576966285,0.4857855183247964,0.6825629986579691,29.57,0.5914817036592681
BAAI/bge-m3,ru,68,NMT,1.0350655317306519,1.285095719051361,0.6224715961352333,0.8054384715357364,39.910000000000004,0.5970805838832234
BAAI/bge-m3,ru,68,QMT,0.6474977731704712,0.9158046842575073,0.40324053659593934,0.7070260551186478,30.5,0.6100779844031193
BAAI/bge-m3,ru,69,NQM,0.7202181220054626,1.4012935131192208,0.8397106185501448,0.5139666424357971,19.96,0.3993201359728054
BAAI/bge-m3,ru,69,NQT,0.6599137783050537,0.9890573679447174,0.46385337924559866,0.6672148650747141,9.93,0.19876024795040992
BAAI/bge-m3,ru,69,NMT,1.0511990785598755,1.287904777598381,0.5948358718171484,0.816208695583288,19.95,0.39912017596480703
BAAI/bge-m3,ru,69,QMT,0.7368239760398865,0.9406107639551162,0.3617519170658516,0.7833463152610304,29.86,0.5972805438912218
BAAI/bge-m3,ru,70,NQM,1.0090014934539795,1.5626480388879775,0.8071612147449608,0.6456997790566879,20.01,0.4003199360127974
BAAI/bge-m3,ru,70,NQT,1.0021145343780518,1.3540921566724777,0.6592435540146858,0.7400637611253065,29.35,0.5870825834833033
BAAI/bge-m3,ru,70,NMT,1.1450122594833374,1.3954179666996003,0.6421944998313329,0.820551466877458,19.71,0.39432113577284544
BAAI/bge-m3,ru,70,QMT,0.5786099433898926,0.7250054413080216,0.19622484451758412,0.7980766907696486,29.900000000000002,0.5980803839232154
BAAI/bge-m3,ru,71,NQM,0.5538487434387207,1.269763944542408,0.8436683967258698,0.436182446208833,19.85,0.397120575884823
BAAI/bge-m3,ru,71,NQT,0.7213229537010193,0.9888541470170021,0.44597442840755946,0.7294533333113358,19.91,0.39832033593281346
BAAI/bge-m3,ru,71,NMT,1.1957556009292603,1.3757351699829101,0.6557195381003385,0.8691757156599007,79.62,0.9002199560087982
BAAI/bge-m3,ru,71,QMT,0.5783923268318176,0.8497430225968361,0.35959735974827867,0.6806673446562179,29.71,0.5942811437712457
BAAI/bge-m3,ru,72,NQM,0.5046207308769226,1.2926136592507362,0.9048248507501324,0.3903878991724687,20.12,0.40251949610077986
BAAI/bge-m3,ru,72,NQT,0.7037462592124939,0.956692953157425,0.40816805549860485,0.7356030551799789,19.28,0.3857228554289142
BAAI/bge-m3,ru,72,NMT,1.155085563659668,1.430361817264557,0.6547879342415776,0.8075478174241686,4.8100000000000005,0.09638072385522896
BAAI/bge-m3,ru,72,QMT,0.5546205639839172,0.7966632999658585,0.33782843311209093,0.6961793821894264,40.58,0.6048790241951609
BAAI/bge-m3,ru,73,NQM,0.6406392455101013,1.4183698804855347,0.9333224066348108,0.4516729058645455,19.88,0.3977204559088182
BAAI/bge-m3,ru,73,NQT,0.7389683127403259,1.0127811924934387,0.46124260199590267,0.7296426100886383,15.19,0.3039392121575685
BAAI/bge-m3,ru,73,NMT,1.0916142463684082,1.345231814622879,0.6601435065666303,0.8114692460448676,20.07,0.40151969606078786
BAAI/bge-m3,ru,73,QMT,0.7025111317634583,0.9412043570876122,0.38297875911039314,0.7463959622291872,30.150000000000002,0.6030793841231754
BAAI/bge-m3,ru,74,NQM,0.629257082939148,1.355450803089142,0.8617339940279735,0.46424191973959844,24.27,0.3879224155168966
BAAI/bge-m3,ru,74,NQT,0.7111309766769409,1.0687614545583726,0.5128021266198464,0.6653785778325294,30.12,0.6024795040991802
BAAI/bge-m3,ru,74,NMT,1.0395114421844482,1.3851788342952729,0.6330586912047657,0.7504528775972542,20.0,0.40011997600479904
BAAI/bge-m3,ru,74,QMT,0.5758439302444458,0.815574131989479,0.31869530607968855,0.7060595814129723,29.71,0.5942811437712457
BAAI/bge-m3,ru,75,NQM,0.5566034317016602,1.3748032797813416,0.9773884365386636,0.404860418859185,20.04,0.40091981603679266
BAAI/bge-m3,ru,75,NQT,0.7287189960479736,1.0629736346244811,0.47423351658649693,0.6855475736279424,30.11,0.6022795440911818
BAAI/bge-m3,ru,75,NMT,1.0555908679962158,1.364400148510933,0.6403333524941228,0.7736666322907423,19.900000000000002,0.39812037592481503
BAAI/bge-m3,ru,75,QMT,0.6100581884384155,1.0180645909190178,0.5188886736066681,0.5992332842920214,20.240000000000002,0.40491901619676063
BAAI/bge-m3,ru,76,NQM,0.7770496606826782,1.4942163110256195,0.8196865398496216,0.5200382668482563,19.82,0.39652069586082783
BAAI/bge-m3,ru,76,NQT,0.7735676765441895,1.1837433957457542,0.5870373497559233,0.6534927073922056,15.14,0.30293941211757647
BAAI/bge-m3,ru,76,NMT,1.23818838596344,1.466446028113365,0.6859079399304814,0.8443463736306537,65.35,0.7014597080583883
BAAI/bge-m3,ru,76,QMT,0.6335995197296143,1.010210528755188,0.5023006334857543,0.6271955218183358,29.7,0.5940811837632474
BAAI/bge-m3,ru,77,NQM,0.5839120149612427,1.3852819645404815,0.9862114662291962,0.4215113095437674,25.25,0.40071985602879423
BAAI/bge-m3,ru,77,NQT,0.813265323638916,1.080220240020752,0.44223277787368565,0.7528699181034968,25.11,0.5022995400919816
BAAI/bge-m3,ru,77,NMT,1.1550235748291016,1.4464757402896882,0.6689930629680068,0.7985087773383496,19.71,0.39432113577284544
BAAI/bge-m3,ru,77,QMT,0.6613307595252991,0.9596786923885345,0.40738509131803885,0.6891168520983108,29.400000000000002,0.5880823835232953
BAAI/bge-m3,ru,78,NQM,0.6450016498565674,1.4062324099063874,0.8728570971882138,0.45867357722116947,19.91,0.39832033593281346
BAAI/bge-m3,ru,78,NQT,0.6703749895095825,0.9469123669862747,0.4058942417409414,0.7079588490775214,24.41,0.48830233953209357
BAAI/bge-m3,ru,78,NMT,1.2586413621902466,1.439044902086258,0.6824104960674942,0.8746366151359518,70.0,0.9034193161367726
BAAI/bge-m3,ru,78,QMT,0.6449844241142273,0.9129177403330803,0.37534966382313856,0.7065088075495134,29.830000000000002,0.5966806638672265
BAAI/bge-m3,ru,79,NQM,0.6799547672271729,1.4138419672966003,0.8000548754680481,0.48092699393188176,19.490000000000002,0.3899220155968806
BAAI/bge-m3,ru,79,NQT,0.7773039937019348,1.0533032846093178,0.4728215116774272,0.737967881671904,24.89,0.4979004199160168
BAAI/bge-m3,ru,79,NMT,1.1202369928359985,1.3632834629058839,0.6634305851527137,0.8217197841213114,39.17,0.593881223755249
BAAI/bge-m3,ru,79,QMT,0.48405221104621887,0.7012173427939415,0.27162292212341316,0.6903026800747158,30.5,0.6100779844031193
BAAI/bge-m3,ru,80,NQM,0.6408418416976929,1.3655080729246138,0.8294374561570838,0.4693065199714881,29.240000000000002,0.38492301539692064
BAAI/bge-m3,ru,80,NQT,0.737454891204834,0.9865851154327393,0.436116711193143,0.7474822797023667,30.22,0.6044791041791642
BAAI/bge-m3,ru,80,NMT,1.2635914087295532,1.520695786857605,0.7395808044050585,0.8309297754679993,50.86,0.7046590681863627
BAAI/bge-m3,ru,80,QMT,0.5338518023490906,0.7261867149114609,0.24853885187851155,0.7351439944938188,45.550000000000004,0.6008798240351929
BAAI/bge-m3,ru,81,NQM,0.6450086832046509,1.3947973399162292,0.9052441788672758,0.4624389972258818,20.32,0.4065186962607478
BAAI/bge-m3,ru,81,NQT,0.8238106369972229,1.1745197461605072,0.526731372945203,0.7014021174948738,30.52,0.6104779044191162
BAAI/bge-m3,ru,81,NMT,1.2790223360061646,1.4720962267875672,0.7025530774645617,0.8688442458659101,69.94,0.9032193561287742
BAAI/bge-m3,ru,81,QMT,0.741131067276001,1.0884992795944213,0.4924133012101711,0.6808741918060507,30.32,0.6064787042591482
BAAI/bge-m3,ru,82,NQM,0.9560546278953552,1.412219454050064,0.7009302482857676,0.6769872948236453,19.78,0.3957208558288342
BAAI/bge-m3,ru,82,NQT,0.8417102694511414,1.1567822414398192,0.5621636837073012,0.7276306977212557,29.6,0.5920815836832634
BAAI/bge-m3,ru,82,NMT,1.3053778409957886,1.5709313371896745,0.7501509761648526,0.830957922916109,20.71,0.4143171365726855
BAAI/bge-m3,ru,82,QMT,0.6080144643783569,0.8674230553388595,0.3222629412211922,0.7009433985359481,29.91,0.5982803439312138
BAAI/bge-m3,ru,83,NQM,0.6201494932174683,1.3751734744668007,0.8762215691189496,0.45096091855427134,20.61,0.4123175364927015
BAAI/bge-m3,ru,83,NQT,0.6830236911773682,1.0200344140052795,0.4831151494128124,0.6696084777127562,34.9,0.5972805438912218
BAAI/bge-m3,ru,83,NMT,1.2171533107757568,1.460344794368744,0.6474572067519037,0.8334698185445008,39.1,0.5866826634673066
BAAI/bge-m3,ru,83,QMT,0.5950018763542175,0.8496643869042396,0.344203104160229,0.7002787047735546,30.07,0.6014797040591882
BAAI/bge-m3,ru,84,NQM,0.9215134978294373,1.4543652790784836,0.7355351360966995,0.6336190165463067,14.61,0.2923415316936613
BAAI/bge-m3,ru,84,NQT,0.8330485820770264,1.2017116246938706,0.5899632299312119,0.6932183769866981,24.76,0.4953009398120376
BAAI/bge-m3,ru,84,NMT,1.1282825469970703,1.4123825988769532,0.6235826184372378,0.7988505011980591,20.14,0.4029194161167766
BAAI/bge-m3,ru,84,QMT,0.5537288188934326,0.7014419377207756,0.19733072117034237,0.789415045088261,30.18,0.6036792641471705
BAAI/bge-m3,ru,85,NQM,0.7150543928146362,1.4689285018086433,0.916672875191131,0.48678638336292507,5.29,0.10597880423915217
BAAI/bge-m3,ru,85,NQT,0.8242350816726685,1.0801683033466338,0.47233680366884684,0.7630617183620526,30.09,0.6018796240751849
BAAI/bge-m3,ru,85,NMT,1.1493985652923584,1.3997103971481324,0.6571396791196108,0.8211688415213618,40.46,0.6048790241951609
BAAI/bge-m3,ru,85,QMT,0.6382096409797668,0.8408418177366257,0.25120256236862276,0.7590127269085376,29.64,0.592881423715257
BAAI/bge-m3,ru,86,NQM,0.6444218158721924,1.497218720316887,0.9710378940260389,0.43041260914462104,33.97,0.38752249550089984
BAAI/bge-m3,ru,86,NQT,0.6923916339874268,1.0120715495586394,0.4690882160504906,0.6841330875160871,29.71,0.5942811437712457
BAAI/bge-m3,ru,86,NMT,1.0663142204284668,1.3371011984586716,0.5920798799324712,0.797482061684524,19.75,0.395120975804839
BAAI/bge-m3,ru,86,QMT,0.6688801050186157,0.9287637095928192,0.3874042861836294,0.720183291088258,30.0,0.6000799840031994
BAAI/bge-m3,ru,87,NQM,0.7079476118087769,1.4806768055319786,0.9003114338754453,0.4781243341986078,24.78,0.39432113577284544
BAAI/bge-m3,ru,87,NQT,0.7196983695030212,1.0316747729301452,0.48430823185029903,0.6976019850308528,29.68,0.5936812637472505
BAAI/bge-m3,ru,87,NMT,1.1552376747131348,1.384776394367218,0.6308251784000408,0.8342413110242202,35.32,0.4993001399720056
BAAI/bge-m3,ru,87,QMT,0.5974631309509277,0.8612383460044861,0.39901159740475994,0.693725649492994,29.91,0.5982803439312138
BAAI/bge-m3,ru,88,NQM,0.5579196810722351,1.3710289296269418,0.9622867942579293,0.40693501720903774,20.05,0.40111977604479104
BAAI/bge-m3,ru,88,NQT,0.748828113079071,1.1825604488134385,0.6072443963213885,0.6332260763750381,30.18,0.6036792641471705
BAAI/bge-m3,ru,88,NMT,1.1453660726547241,1.4215005364179611,0.652987934407261,0.8057443830025741,19.75,0.395120975804839
BAAI/bge-m3,ru,88,QMT,0.6960453987121582,0.9375612513780593,0.36711368267797373,0.7423999207394126,29.91,0.5982803439312138
BAAI/bge-m3,ru,89,NQM,0.5902413725852966,1.2981871689677238,0.8075090769295101,0.4546658499592032,20.41,0.40831833633273346
BAAI/bge-m3,ru,89,NQT,0.740466833114624,1.0584924973130225,0.47921131384072885,0.6995484946691597,20.27,0.4055188962207559
BAAI/bge-m3,ru,89,NMT,1.2732175588607788,1.4941251214742661,0.7048121760939637,0.8521492213474277,50.29,0.7058588282343531
BAAI/bge-m3,ru,89,QMT,0.5448843836784363,0.8044967254042625,0.34906015933878587,0.6772984481744815,29.61,0.5922815436912617
BAAI/bge-m3,ru,90,NQM,0.5462034344673157,1.3568554038167,0.9074964074707489,0.4025509519514731,19.61,0.39232153569286143
BAAI/bge-m3,ru,90,NQT,0.7268157601356506,1.0338089303970337,0.4532707762810606,0.7030465096251532,29.76,0.5952809438112378
BAAI/bge-m3,ru,90,NMT,1.0987025499343872,1.3141951135396956,0.6353433783306279,0.8360269632826971,50.09,0.6938612277544491
BAAI/bge-m3,ru,90,QMT,0.6582413911819458,0.9233306932330132,0.38879216874718775,0.7128988519556536,50.61,0.6044791041791642
BAAI/bge-m3,ru,91,NQM,0.5675392746925354,1.335362062895298,0.8587238454299845,0.4250077866234916,19.96,0.3993201359728054
BAAI/bge-m3,ru,91,NQT,0.7459666132926941,1.0168887978434562,0.43574475799344586,0.7335773733312356,20.03,0.40071985602879423
BAAI/bge-m3,ru,91,NMT,0.9394882321357727,1.199436621260643,0.5435923422982479,0.7832745936567783,19.78,0.3957208558288342
BAAI/bge-m3,ru,91,QMT,0.5923383831977844,0.908542652630806,0.4203525212701108,0.6519654101895359,29.76,0.5952809438112378
BAAI/bge-m3,ru,92,NQM,0.6591721773147583,1.3703901062250137,0.8249696412572378,0.48101060735915974,20.080000000000002,0.40171965606878624
BAAI/bge-m3,ru,92,NQT,0.7408012747764587,0.9222259263157845,0.39029273787829366,0.8032752643759373,30.27,0.6054789042191562
BAAI/bge-m3,ru,92,NMT,1.1998295783996582,1.3826596443891526,0.6637507563171288,0.8677692903439479,84.71000000000001,0.9006198760247951
BAAI/bge-m3,ru,92,QMT,0.551381528377533,0.7256250893354416,0.23698905952320354,0.7598710911191782,30.12,0.6024795040991802
BAAI/bge-m3,ru,93,NQM,0.47234001755714417,1.3065855416357517,0.9464326332986136,0.3615071516599263,20.21,0.40431913617276544
BAAI/bge-m3,ru,93,NQT,0.6774278283119202,1.003356316113472,0.45537016039906125,0.6751617719767591,29.580000000000002,0.5916816636672666
BAAI/bge-m3,ru,93,NMT,1.0595123767852783,1.3859511651039123,0.6626733184467439,0.764465879795322,4.8100000000000005,0.09638072385522896
BAAI/bge-m3,ru,93,QMT,0.6292778253555298,0.885527801334858,0.34409550964268004,0.7106245838992703,45.21,0.6028794241151769
BAAI/bge-m3,ru,94,NQM,0.6089706420898438,1.268351371216774,0.7974287915938446,0.48012771216950445,20.21,0.40431913617276544
BAAI/bge-m3,ru,94,NQT,0.7048023343086243,1.0147891209840774,0.4741883933171443,0.6945308337799854,30.42,0.6084783043391322
BAAI/bge-m3,ru,94,NMT,1.2117286920547485,1.4935590833425523,0.7036918048922467,0.8113028172558899,20.23,0.40471905618876225
BAAI/bge-m3,ru,94,QMT,0.5960434675216675,0.9046910178661346,0.41603112846197593,0.6588365041214591,45.78,0.6100779844031193
BAAI/bge-m3,ru,95,NQM,0.8912057280540466,1.3657881481289864,0.6501095484713626,0.6525212048986295,20.37,0.40751849630073983
BAAI/bge-m3,ru,95,NQT,0.903167724609375,1.2042264219760894,0.5729987159300769,0.7499982628902638,14.73,0.29474105178964205
BAAI/bge-m3,ru,95,NMT,1.0132455825805664,1.2104705244779588,0.5568924010967027,0.8370675386884889,60.29,0.7000599880023995
BAAI/bge-m3,ru,95,QMT,0.612078070640564,0.9018274988651276,0.395132326186317,0.678708590512191,29.35,0.5870825834833033
BAAI/bge-m3,zh,0,NQM,0.7881300449371338,1.374401187157631,0.7542104319484766,0.5734352184069884,24.69,0.4939012197560488
BAAI/bge-m3,zh,0,NQT,0.6832187175750732,1.0359145105242729,0.4949317960674601,0.6595319504006552,25.07,0.501499700059988
BAAI/bge-m3,zh,0,NMT,0.3971625566482544,0.4764361822605133,0.2381093460541671,0.8336112399420034,59.77,0.9002199560087982
BAAI/bge-m3,zh,0,QMT,0.5487979650497437,0.9071549566984176,0.436243302117038,0.604966065606348,29.84,0.596880623875225
BAAI/bge-m3,zh,1,NQM,0.6667017936706543,1.21417301633358,0.7275789794574724,0.549099497930974,30.1,0.6020795840831834
BAAI/bge-m3,zh,1,NQT,0.7966771125793457,1.172448608148098,0.5564487026668405,0.6794985358352131,19.490000000000002,0.3899220155968806
BAAI/bge-m3,zh,1,NMT,0.4943646192550659,0.5965992348432541,0.30107902434164413,0.8286377024672565,44.83,0.8966206758648271
BAAI/bge-m3,zh,1,QMT,0.45415106415748596,0.9157084531605244,0.5561084213989724,0.4959559591150536,29.490000000000002,0.589882023595281
BAAI/bge-m3,zh,2,NQM,0.7553659081459045,1.2498079984903336,0.6666375810013002,0.6043855608683258,30.42,0.6084783043391322
BAAI/bge-m3,zh,2,NQT,0.7630717158317566,1.097978011059761,0.5199197828783787,0.6949790507139118,30.26,0.6052789442111578
BAAI/bge-m3,zh,2,NMT,0.6858793497085571,0.8216834491491318,0.40973315885150413,0.8347245528895135,45.050000000000004,0.9010197960407919
BAAI/bge-m3,zh,2,QMT,0.7606655955314636,1.1879685737609864,0.5967219850999145,0.6403078434327889,29.44,0.588882223555289
BAAI/bge-m3,zh,3,NQM,0.7872369885444641,1.1760363272070884,0.5369079341426101,0.6693985299020189,25.23,0.5046990601879624
BAAI/bge-m3,zh,3,NQT,0.8405287265777588,1.1459590467453002,0.4808171478893222,0.7334718714113353,29.92,0.5984803039392121
BAAI/bge-m3,zh,3,NMT,0.321524441242218,0.3851862566888332,0.19207349208180088,0.8347245927341637,85.18,0.9010197960407919
BAAI/bge-m3,zh,3,QMT,0.6124281287193298,0.9701174726963043,0.4405590803138878,0.6312927516051651,30.12,0.6024795040991802
BAAI/bge-m3,zh,4,NQM,0.578709065914154,1.10207720669508,0.6937821123225533,0.5251075536250925,4.97,0.09958008398320337
BAAI/bge-m3,zh,4,NQT,0.582226037979126,0.9810786461353302,0.522636026468054,0.5934550102298528,29.59,0.591881623675265
BAAI/bge-m3,zh,4,NMT,0.3868948221206665,0.4633452389717102,0.23091673635403315,0.835003340011558,45.06,0.9012197560487902
BAAI/bge-m3,zh,4,QMT,0.19165214896202087,0.7268480319738388,0.6520891945795675,0.26367567982719015,34.7,0.5972805438912218
BAAI/bge-m3,zh,5,NQM,0.8331028819084167,1.2548729605674744,0.6356796587367417,0.6638942013150159,29.88,0.5976804639072185
BAAI/bge-m3,zh,5,NQT,0.8744402527809143,1.1904124370217324,0.549621037812001,0.7345691506449001,30.25,0.6050789842031594
BAAI/bge-m3,zh,5,NMT,0.49631237983703613,0.6001409328401088,0.30381060072271066,0.8269930489284557,39.5,0.7900419916016796
BAAI/bge-m3,zh,5,QMT,0.5656130909919739,1.0637663516879081,0.6390895341623725,0.5317080109687319,30.490000000000002,0.609878024395121
BAAI/bge-m3,zh,6,NQM,0.8746192455291748,1.3582013404846192,0.6531267077010612,0.6439540438212632,29.48,0.5896820635872826
BAAI/bge-m3,zh,6,NQT,0.8233540058135986,1.2101357450962067,0.6030706528124381,0.680381526741416,30.12,0.6024795040991802
BAAI/bge-m3,zh,6,NMT,0.31330379843711853,0.3808521211922169,0.19434778003550662,0.8226389745592905,10.05,0.2011597680463907
BAAI/bge-m3,zh,6,QMT,0.3768971860408783,0.9336317528545857,0.6836356627111756,0.4036893399224146,14.83,0.29674065186962606
BAAI/bge-m3,zh,7,NQM,0.6414164304733276,1.1810894555330276,0.7029111819590235,0.543071845631974,29.44,0.490501899620076
BAAI/bge-m3,zh,7,NQT,0.7279325127601624,1.0909705778360368,0.5252671158065805,0.6672338627164122,20.02,0.40051989602079585
BAAI/bge-m3,zh,7,NMT,0.6026149988174438,0.7243432285785675,0.3632067399891087,0.8319467554065054,44.95,0.8990201959608078
BAAI/bge-m3,zh,7,QMT,0.4946339428424835,0.9383938479185104,0.5598139513995453,0.5271069753271764,29.76,0.5952809438112378
BAAI/bge-m3,zh,8,NQM,0.6993615031242371,1.1128120102524757,0.5983969022628434,0.6284632953996757,30.13,0.6026794641071785
BAAI/bge-m3,zh,8,NQT,0.8325874209403992,1.1370496831655503,0.46061911456491467,0.7322348647261749,29.8,0.5960807838432314
BAAI/bge-m3,zh,8,NMT,0.3203124701976776,0.3871937108635902,0.19590907212747458,0.8272667174330671,44.78,0.8956208758248351
BAAI/bge-m3,zh,8,QMT,0.5769432187080383,0.9569482963800431,0.4705373368376799,0.6028990499172254,30.26,0.6052789442111578
BAAI/bge-m3,zh,9,NQM,1.036251425743103,1.4785251460313797,0.6367559138236326,0.7008683136190699,30.37,0.6074785042991402
BAAI/bge-m3,zh,9,NQT,0.8915956020355225,1.2587851847290992,0.5967593785657714,0.7082984554085714,35.29,0.5010997800439912
BAAI/bge-m3,zh,9,NMT,0.4685184061527252,0.5674694966316223,0.28800362549948066,0.8256274723715104,44.800000000000004,0.792241551689662
BAAI/bge-m3,zh,9,QMT,0.5284124612808228,0.9841685718178749,0.5631846492776617,0.5369125538161069,15.51,0.3103379324135173
BAAI/bge-m3,zh,10,NQM,0.7298551797866821,1.148676252770424,0.61986016209532,0.6353880634563066,35.410000000000004,0.6058788242351529
BAAI/bge-m3,zh,10,NQT,0.7780091166496277,1.093109436893463,0.475162206288011,0.7117394566274725,40.24,0.6042791441711658
BAAI/bge-m3,zh,10,NMT,0.3781648874282837,0.4515288581311703,0.22386402564999275,0.8375209704040408,55.04,0.9030193961207759
BAAI/bge-m3,zh,10,QMT,0.5958091616630554,1.0552839741706848,0.5634473161750122,0.5645960483108056,30.02,0.6004799040191962
BAAI/bge-m3,zh,11,NQM,0.7445685863494873,1.3500209515094757,0.80423272727055,0.5515237267365548,29.990000000000002,0.5998800239952009
BAAI/bge-m3,zh,11,NQT,0.82511305809021,1.2194597993135452,0.5579586098697671,0.6766217783923698,24.8,0.49610077984403117
BAAI/bge-m3,zh,11,NMT,0.7423116564750671,0.8958217255234718,0.4520842725313876,0.8286377024853578,44.83,0.8966206758648271
BAAI/bge-m3,zh,11,QMT,0.6850042939186096,1.111817057621479,0.5665700686684099,0.6161124163569048,30.85,0.5078984203159368
BAAI/bge-m3,zh,12,NQM,0.7668942213058472,1.3609002806425095,0.7481139146204242,0.5635197759994706,29.23,0.5846830633873226
BAAI/bge-m3,zh,12,NQT,0.8359543085098267,1.2322830991983413,0.6132843674890305,0.6783784578827513,29.95,0.5990801839632074
BAAI/bge-m3,zh,12,NMT,0.6885262727737427,0.829536441230774,0.4175277151069241,0.830013292425531,44.88,0.8976204759048191
BAAI/bge-m3,zh,12,QMT,0.7429680824279785,1.1838332996368408,0.5997526401619894,0.6275951881529839,29.98,0.5996800639872025
BAAI/bge-m3,zh,13,NQM,0.7877664566040039,1.375678130531311,0.7546737630046542,0.5726386420776944,29.71,0.5942811437712457
BAAI/bge-m3,zh,13,NQT,0.6581816077232361,1.0159171984553337,0.5087779333270179,0.6478693428197988,34.81,0.5986802639472105
BAAI/bge-m3,zh,13,NMT,0.3833097219467163,0.46165823214650153,0.23224079551255405,0.830288935093109,39.800000000000004,0.7960407918416317
BAAI/bge-m3,zh,13,QMT,0.604612410068512,1.0779745941519738,0.5725803503370903,0.5608781629437105,29.69,0.593881223755249
BAAI/bge-m3,zh,14,NQM,0.789644181728363,1.3391690581560134,0.756046537768599,0.5896523496556024,39.82,0.5970805838832234
BAAI/bge-m3,zh,14,NQT,0.7330418825149536,1.1273735028505325,0.5472962871425565,0.6502209610753024,29.77,0.5954809038192361
BAAI/bge-m3,zh,14,NMT,0.3560222089290619,0.42993241640925406,0.21719591271348912,0.8280887770726624,44.81,0.8962207558488302
BAAI/bge-m3,zh,14,QMT,0.5298488140106201,1.0118586240291596,0.6004827271032833,0.5236391739196437,30.39,0.607878424315137
BAAI/bge-m3,zh,15,NQM,0.8038190007209778,1.1764946707606316,0.5051708350449389,0.6832321647497192,10.0,0.2001599680063987
BAAI/bge-m3,zh,15,NQT,0.8353170156478882,1.1882716911315918,0.5663677998785237,0.7029680349043006,29.92,0.5984803039392121
BAAI/bge-m3,zh,15,NMT,0.6202952861785889,0.7321965558052063,0.3554251417609767,0.8471704506935228,45.49,0.9098180363927214
BAAI/bge-m3,zh,15,QMT,0.9494075775146484,1.2932023758411408,0.517282223322719,0.7341523610304139,29.98,0.5996800639872025
BAAI/bge-m3,zh,16,NQM,0.6796444058418274,1.1895743050575256,0.688136357695277,0.5713341343636282,29.8,0.5960807838432314
BAAI/bge-m3,zh,16,NQT,0.7736061811447144,1.1626048342466355,0.5785482109286557,0.6654076762422405,24.830000000000002,0.4967006598680264
BAAI/bge-m3,zh,16,NMT,0.5473580956459045,0.6588002163529396,0.33105900886311174,0.8308407952189213,39.57,0.7914417116576684
BAAI/bge-m3,zh,16,QMT,0.47034984827041626,0.9417970003843308,0.5835207135565569,0.4994174414210019,49.56,0.595880823835233
BAAI/bge-m3,zh,17,NQM,0.6827824115753174,1.1926334254741668,0.6852176153973407,0.5724998117533763,29.830000000000002,0.5966806638672265
BAAI/bge-m3,zh,17,NQT,0.6693286299705505,1.0019459633350372,0.4522637425438801,0.668028670670005,29.8,0.5960807838432314
BAAI/bge-m3,zh,17,NMT,0.3550518751144409,0.4264883686542511,0.21361941176704174,0.8325007226667057,5.25,0.10517896420715857
BAAI/bge-m3,zh,17,QMT,0.4362187385559082,0.8625472912669182,0.5285062084990407,0.5057331267189767,40.27,0.6010797840431914
BAAI/bge-m3,zh,18,NQM,0.7439659833908081,1.3200631003141403,0.7711993573703935,0.5635836523369224,29.740000000000002,0.594881023795241
BAAI/bge-m3,zh,18,NQT,0.833995521068573,1.2555142463445663,0.6009383116896339,0.6642660754317119,30.32,0.6064787042591482
BAAI/bge-m3,zh,18,NMT,0.43819332122802734,0.5274094394028187,0.2650327173704756,0.8308408771055732,74.7,0.8982203559288142
BAAI/bge-m3,zh,18,QMT,0.590589165687561,1.0096688461303711,0.5278487436128758,0.5849335333564581,30.35,0.6070785842831433
BAAI/bge-m3,zh,19,NQM,0.6564833521842957,1.2123245561242104,0.7235264754355074,0.5415079228309331,29.67,0.5934813037392521
BAAI/bge-m3,zh,19,NQT,0.7477569580078125,1.1734667544603348,0.5823669832376075,0.6372204028490445,29.560000000000002,0.5912817436512697
BAAI/bge-m3,zh,19,NMT,0.3456319272518158,0.4129609946429729,0.2049813476404381,0.8369602256256582,69.81,0.902619476104779
BAAI/bge-m3,zh,19,QMT,0.3435073792934418,0.7496013050734996,0.4915841930896241,0.458253443487938,24.73,0.4947010597880424
BAAI/bge-m3,zh,20,NQM,0.9098300933837891,1.2914516427874565,0.5519107935736621,0.7045018669218742,35.24,0.6050789842031594
BAAI/bge-m3,zh,20,NQT,0.6735084056854248,1.0522371450901031,0.5560626972713459,0.6400728284754784,30.5,0.6100779844031193
BAAI/bge-m3,zh,20,NMT,0.3899260461330414,0.46525972591638565,0.23040092049590247,0.8380825255489212,75.26,0.9034193161367726
BAAI/bge-m3,zh,20,QMT,0.4833871126174927,0.9769517532706261,0.5977935926165727,0.4947911818559319,9.5,0.19016196760647872
BAAI/bge-m3,zh,21,NQM,0.8545477390289307,1.3321969875574111,0.6735260957960713,0.641457492405163,29.21,0.5842831433713257
BAAI/bge-m3,zh,21,NQT,0.920368492603302,1.2623103889226914,0.5764122215579914,0.7291142500918921,29.8,0.5960807838432314
BAAI/bge-m3,zh,21,NMT,0.29528895020484924,0.35635469586253166,0.17983747498371017,0.8286377410834852,44.83,0.8966206758648271
BAAI/bge-m3,zh,21,QMT,0.22934183478355408,0.7356633683800697,0.6087340024768987,0.3117483412124392,19.990000000000002,0.39992001599680066
BAAI/bge-m3,zh,22,NQM,0.9813960790634155,1.3422382540225983,0.6072609622907559,0.7311638422772603,20.580000000000002,0.4117176564687063
BAAI/bge-m3,zh,22,NQT,0.9215663075447083,1.2521467964410782,0.5747136128654283,0.7359890311290175,24.68,0.4937012597480504
BAAI/bge-m3,zh,22,NMT,0.5570919513702393,0.6711844011902809,0.3378249783505075,0.8300132577298583,39.87,0.7974405118976204
BAAI/bge-m3,zh,22,QMT,0.6617201566696167,1.1452717516422273,0.6151695032539829,0.5777844041994273,34.910000000000004,0.5994801039792041
BAAI/bge-m3,zh,23,NQM,0.9497013688087463,1.426754769742489,0.6585026741052034,0.6656374234371683,14.59,0.29194161167766447
BAAI/bge-m3,zh,23,NQT,0.9809615015983582,1.3094607038378716,0.6051608116654354,0.7491339745610761,24.57,0.49150169966006796
BAAI/bge-m3,zh,23,NMT,0.6978225111961365,0.8365495904922485,0.41761641426316054,0.8341675366605399,70.2,0.9006198760247951
BAAI/bge-m3,zh,23,QMT,0.7846984267234802,1.220654253911972,0.6093659381089466,0.6428506878241922,25.22,0.504499100179964
BAAI/bge-m3,zh,24,NQM,0.6406527161598206,1.2292096714496612,0.7584904407495519,0.521190754546984,25.66,0.5132973405318936
BAAI/bge-m3,zh,24,NQT,0.7481597065925598,1.1413703120708465,0.5595946319984499,0.6554925239245797,39.74,0.5964807038592281
BAAI/bge-m3,zh,24,NMT,0.46307605504989624,0.5532833116173744,0.2746331567762116,0.8369600986073147,5.49,0.10997800439912017
BAAI/bge-m3,zh,24,QMT,0.4534481465816498,0.9005152991592884,0.5486698168466974,0.5035429681255618,29.71,0.5942811437712457
BAAI/bge-m3,zh,25,NQM,0.7150654792785645,1.2418866708278655,0.7191939761884611,0.5757896401298133,10.34,0.20695860827834434
BAAI/bge-m3,zh,25,NQT,0.7887366414070129,1.0560552504181862,0.41993305931634384,0.746870621678113,9.99,0.19996000799840033
BAAI/bge-m3,zh,25,NMT,0.37460604310035706,0.4525241002976894,0.22872777334003508,0.8278145691093527,49.61,0.8960207958408318
BAAI/bge-m3,zh,25,QMT,0.40361297130584717,0.7830188668251038,0.4603938026980702,0.5154575303426032,19.94,0.39892021595680865
BAAI/bge-m3,zh,26,NQM,0.8164385557174683,1.2871575002193452,0.6282813192156391,0.6342957684492412,29.89,0.597880423915217
BAAI/bge-m3,zh,26,NQT,0.7924149632453918,1.1930908230781556,0.5966037352972842,0.6641698585865488,54.94,0.5996800639872025
BAAI/bge-m3,zh,26,NMT,0.4334835112094879,0.5163656138181686,0.25495015881895344,0.83948950047881,10.81,0.21635672865426914
BAAI/bge-m3,zh,26,QMT,0.4062340259552002,0.9299924787938595,0.6635052179335625,0.4368143132529661,46.09,0.6160767846430714
BAAI/bge-m3,zh,27,NQM,0.650109052658081,1.1395746597528458,0.6567024390558174,0.570483949510169,29.810000000000002,0.5962807438512298
BAAI/bge-m3,zh,27,NQT,0.8570586442947388,1.1287198479652405,0.45192832237716996,0.7593191931895336,30.12,0.6024795040991802
BAAI/bge-m3,zh,27,NMT,0.29569241404533386,0.35270190860033035,0.1745581853724627,0.8383635212463905,45.18,0.903619276144771
BAAI/bge-m3,zh,27,QMT,0.6211760640144348,1.011748641371727,0.5046045305121988,0.6139628348515808,30.16,0.6032793441311738
BAAI/bge-m3,zh,28,NQM,1.0419021844863892,1.4156619024276733,0.5811036285895078,0.7359823575805271,30.5,0.6100779844031193
BAAI/bge-m3,zh,28,NQT,0.9210630655288696,1.2345649515867234,0.5749445430749068,0.7460628655821859,54.86,0.5976804639072185
BAAI/bge-m3,zh,28,NMT,0.639950692653656,0.7730603821635246,0.39074242759058764,0.8278146279619594,74.97,0.8960207958408318
BAAI/bge-m3,zh,28,QMT,0.7415982484817505,1.1440417206287383,0.5501278984146574,0.6482265769761765,30.26,0.6052789442111578
BAAI/bge-m3,zh,29,NQM,0.8649857640266418,1.271127386903763,0.6446608503522366,0.6804870801603218,55.69,0.6076784643071386
BAAI/bge-m3,zh,29,NQT,0.8680763244628906,1.1904562332630158,0.5402275390935992,0.7291963368386776,30.02,0.6004799040191962
BAAI/bge-m3,zh,29,NMT,0.29367291927337646,0.351467755651474,0.17496125072966032,0.8355614833804437,45.08,0.901619676064787
BAAI/bge-m3,zh,29,QMT,0.23599565029144287,0.7888731105446816,0.6695550989219103,0.2991553991847932,49.26,0.5924815036992601
BAAI/bge-m3,zh,30,NQM,0.7777021527290344,1.2476970690965652,0.6319137755172103,0.6233100742085826,29.52,0.5904819036192761
BAAI/bge-m3,zh,30,NQT,0.7814245223999023,1.1545000891208648,0.5337948071418662,0.6768509849092077,14.74,0.2949410117976405
BAAI/bge-m3,zh,30,NMT,0.6308997869491577,0.755060840523243,0.3758705286523838,0.8355615244344025,55.79,0.901619676064787
BAAI/bge-m3,zh,30,QMT,0.6165753602981567,1.0350433532953263,0.5264350470708753,0.5957000335633623,30.45,0.6090781843631273
BAAI/bge-m3,zh,31,NQM,0.7814257740974426,1.301973485648632,0.732587995058298,0.6001856279796226,30.01,0.6002799440111978
BAAI/bge-m3,zh,31,NQT,0.8319985866546631,1.1707529676914215,0.5283171031807129,0.7106525540520726,40.64,0.6024795040991802
BAAI/bge-m3,zh,31,NMT,0.5102641582489014,0.6117046492695808,0.30537091333482747,0.8341675330690378,64.86,0.9006198760247951
BAAI/bge-m3,zh,31,QMT,0.27453088760375977,0.7815291263580322,0.6103100077793675,0.351274032335477,29.57,0.5914817036592681
BAAI/bge-m3,zh,32,NQM,0.6937969923019409,1.220388748550415,0.712632364325086,0.5685049072481769,29.560000000000002,0.5912817436512697
BAAI/bge-m3,zh,32,NQT,0.7262486219406128,1.1485957840442658,0.5813840537876236,0.6322926063534912,29.740000000000002,0.594881023795241
BAAI/bge-m3,zh,32,NMT,0.5316584706306458,0.6428814289212227,0.3254472294641624,0.8269930452369111,44.77,0.8954209158168366
BAAI/bge-m3,zh,32,QMT,0.6421911716461182,1.100673973107338,0.5704416445735669,0.5834526729405166,29.44,0.588882223555289
BAAI/bge-m3,zh,33,NQM,0.7590332627296448,1.2702730563163758,0.6981603118423246,0.5975355132936091,15.34,0.3069386122775445
BAAI/bge-m3,zh,33,NQT,0.7696318030357361,1.1270683655500413,0.5026779385590597,0.6828616848450458,40.22,0.6028794241151769
BAAI/bge-m3,zh,33,NMT,0.5455882549285889,0.6472859580874443,0.3172504417741517,0.8428859735190493,25.02,0.500499900019996
BAAI/bge-m3,zh,33,QMT,0.45338356494903564,0.937516925996542,0.5917202548417209,0.483600404831757,34.9,0.5954809038192361
BAAI/bge-m3,zh,34,NQM,0.7044519782066345,1.0651912042737006,0.5410174459792456,0.6613385234309205,30.21,0.6042791441711658
BAAI/bge-m3,zh,34,NQT,0.9328047037124634,1.2160455185890198,0.5163358314878677,0.7670804171821064,29.64,0.592881423715257
BAAI/bge-m3,zh,34,NMT,0.6600322127342224,0.7896625159740448,0.39287044956576017,0.8358408806061158,49.94,0.9018196360727855
BAAI/bge-m3,zh,34,QMT,1.051169753074646,1.408783315873146,0.5795177228233873,0.7461543171544434,29.96,0.5992801439712058
BAAI/bge-m3,zh,35,NQM,0.8219516277313232,1.2281548623323442,0.5739755691821858,0.6692573167602948,30.18,0.6036792641471705
BAAI/bge-m3,zh,35,NQT,0.9879394769668579,1.31351829457283,0.561591432329973,0.7521322550649315,29.7,0.5940811837632474
BAAI/bge-m3,zh,35,NMT,0.5916298627853394,0.7127957186818122,0.3587690255570208,0.8300132103467492,4.79,0.09598080383923216
BAAI/bge-m3,zh,35,QMT,1.031704068183899,1.3682276386499406,0.5568376418801664,0.7540441656339798,30.21,0.6042791441711658
BAAI/bge-m3,zh,36,NQM,0.7067846655845642,1.274820400738716,0.7425834566077906,0.5544190108461172,24.2,0.48410317936412717
BAAI/bge-m3,zh,36,NQT,0.7519212365150452,1.1106197152733803,0.5091484348685946,0.6770285329657432,29.89,0.597880423915217
BAAI/bge-m3,zh,36,NMT,0.3619638681411743,0.43537014060020446,0.2185449797993556,0.8313934153622408,44.93,0.8986202759448111
BAAI/bge-m3,zh,36,QMT,0.5189535021781921,0.9212274857640267,0.49279552219067874,0.5633282877434241,29.830000000000002,0.5966806638672265
BAAI/bge-m3,zh,37,NQM,0.8878347873687744,1.3945300067424775,0.7411912023105534,0.6366552050335986,30.27,0.6054789042191562
BAAI/bge-m3,zh,37,NQT,0.7761642932891846,1.1573673668503761,0.5575837906722811,0.6706291498443951,45.49,0.6068786242751449
BAAI/bge-m3,zh,37,NMT,0.3462725579738617,0.415942593640089,0.20833724550367846,0.832500838499496,44.97,0.8994201159768046
BAAI/bge-m3,zh,37,QMT,0.6242947578430176,1.1162518837928772,0.5992661964666707,0.5592776746061889,29.8,0.5960807838432314
BAAI/bge-m3,zh,38,NQM,0.7006909251213074,1.2166476217389106,0.6967532757613275,0.5759193644904834,29.95,0.5990801839632074
BAAI/bge-m3,zh,38,NQT,0.7266008853912354,1.0691160235524177,0.5047256664752896,0.67962771989539,45.03,0.6048790241951609
BAAI/bge-m3,zh,38,NMT,0.658722996711731,0.7833533876895905,0.38560447748943266,0.8409014463494142,45.27,0.9054189162167566
BAAI/bge-m3,zh,38,QMT,0.5849324464797974,1.0503662356853485,0.5848757688411922,0.5568842815073741,20.330000000000002,0.40671865626874626
BAAI/bge-m3,zh,39,NQM,0.6804125308990479,1.1692123337984086,0.6767527341179467,0.5819409453952785,45.17,0.5986802639472105
BAAI/bge-m3,zh,39,NQT,0.6954506635665894,1.0500687304496765,0.49423627200587117,0.6622906133659561,29.98,0.5996800639872025
BAAI/bge-m3,zh,39,NMT,0.36118078231811523,0.433416948145628,0.2167301403673692,0.8333333153274045,29.29,0.48830233953209357
BAAI/bge-m3,zh,39,QMT,0.3784356415271759,0.8258757830679416,0.5367987883975784,0.4582234390272529,54.25,0.589882023595281
BAAI/bge-m3,zh,40,NQM,0.7588584423065186,1.2245223419666291,0.67627212127261,0.6197179228981183,30.3,0.6060787842431514
BAAI/bge-m3,zh,40,NQT,0.7844666838645935,1.1383208417415618,0.5121354866132035,0.6891437414637142,24.86,0.4973005398920216
BAAI/bge-m3,zh,40,NMT,0.314480721950531,0.3775026586294174,0.18887492828838692,0.8330556481150876,44.99,0.8998200359928015
BAAI/bge-m3,zh,40,QMT,0.34224241971969604,0.8506073574066162,0.6297930379814921,0.4023506459698907,4.63,0.09278144371125775
BAAI/bge-m3,zh,41,NQM,0.775812566280365,1.2714247441887856,0.7025165492742518,0.6101914956631986,30.29,0.6058788242351529
BAAI/bge-m3,zh,41,NQT,0.8782637119293213,1.248748162126541,0.5939502375164227,0.7033153189454862,29.55,0.5910817836432714
BAAI/bge-m3,zh,41,NMT,0.9678043723106384,1.147428775238991,0.5616768511644094,0.8434548559305712,80.19,0.9072185562887423
BAAI/bge-m3,zh,41,QMT,0.7822423577308655,1.1967673714876175,0.5816895647060955,0.6536294156798921,30.1,0.6020795840831834
BAAI/bge-m3,zh,42,NQM,0.9049898982048035,1.3117543034553527,0.6272202933372583,0.6899080840217088,19.63,0.39272145570885825
BAAI/bge-m3,zh,42,NQT,0.8759864568710327,1.2088091770648957,0.5505427526535448,0.7246689332697547,29.650000000000002,0.5930813837232554
BAAI/bge-m3,zh,42,NMT,0.27598288655281067,0.33570557352900504,0.17147581520587515,0.8220980177683693,44.59,0.8918216356728654
BAAI/bge-m3,zh,42,QMT,0.24100470542907715,0.8340259265899658,0.7390280213415648,0.2889654838599207,30.310000000000002,0.6062787442511498
BAAI/bge-m3,zh,43,NQM,0.786902129650116,1.273086589860916,0.6653176471340926,0.6181057407379229,20.44,0.40891821635672865
BAAI/bge-m3,zh,43,NQT,0.760744035243988,1.1191706618785857,0.5237687039294214,0.6797390792628178,29.48,0.5896820635872826
BAAI/bge-m3,zh,43,NMT,0.6712111830711365,0.8046479840397834,0.40169075317542097,0.8341674824069606,45.03,0.9006198760247951
BAAI/bge-m3,zh,43,QMT,0.6232240200042725,1.0603756657600403,0.5783134847805421,0.5877388930431362,35.69,0.6070785842831433
BAAI/bge-m3,zh,44,NQM,0.9316457509994507,1.474762105512619,0.709460751977739,0.6317261255333002,29.86,0.5972805438912218
BAAI/bge-m3,zh,44,NQT,0.8467791676521301,1.21543197504282,0.567311779813349,0.6966898888945234,30.25,0.6050789842031594
BAAI/bge-m3,zh,44,NMT,0.5661729574203491,0.6735193501472473,0.33174088027863036,0.8406186953585367,45.26,0.9052189562087583
BAAI/bge-m3,zh,44,QMT,0.30865228176116943,0.818915476256609,0.6006300208934463,0.37690371071223433,53.160000000000004,0.5802839432113577
BAAI/bge-m3,zh,45,NQM,0.6360485553741455,1.1280843927502633,0.6389181939073486,0.5638306490730706,48.68,0.5894821035792841
BAAI/bge-m3,zh,45,NQT,0.730587899684906,1.0677505980849267,0.46387743974929185,0.6842308503451779,19.77,0.3955208958208358
BAAI/bge-m3,zh,45,NMT,0.3757849335670471,0.4531966597497463,0.22846919229060678,0.8291873417022206,5.04,0.10097980403919216
BAAI/bge-m3,zh,45,QMT,0.7144230008125305,1.0308573150873184,0.38878035370237063,0.693037717592684,29.98,0.5996800639872025
BAAI/bge-m3,zh,46,NQM,0.7469207048416138,1.1752996106863023,0.6146979072045019,0.6355151469886242,29.88,0.5976804639072185
BAAI/bge-m3,zh,46,NQT,0.7850176692008972,1.121622395658493,0.5013653058962361,0.699894788334109,29.94,0.598880223955209
BAAI/bge-m3,zh,46,NMT,0.438173770904541,0.5258085162222386,0.2629305598678996,0.8333333473787041,59.870000000000005,0.9000199960007998
BAAI/bge-m3,zh,46,QMT,0.6152580976486206,1.0450422158241273,0.5291459488970444,0.5887399459387725,30.1,0.6020795840831834
BAAI/bge-m3,zh,47,NQM,0.796246349811554,1.2708279269695282,0.6740903204821993,0.6265571702611944,50.38,0.6054789042191562
BAAI/bge-m3,zh,47,NQT,0.7877956628799438,1.16486176071167,0.5681353936232324,0.6762997030634479,30.34,0.6068786242751449
BAAI/bge-m3,zh,47,NMT,0.573692798614502,0.6856776329040527,0.34054717343786073,0.8366800535463033,45.12,0.9024195160967806
BAAI/bge-m3,zh,47,QMT,0.47969263792037964,1.0079830826044083,0.6502268358572478,0.4758935404753844,44.44,0.5986802639472105
BAAI/bge-m3,zh,48,NQM,0.9859510064125061,1.4105877211928368,0.5969936178412175,0.6989646879798842,30.23,0.6046790641871626
BAAI/bge-m3,zh,48,NQT,0.8618927001953125,1.2205781107783318,0.5871858682283813,0.7061348164313704,24.990000000000002,0.4999000199960008
BAAI/bge-m3,zh,48,NMT,0.7713345885276794,0.9348575149774552,0.47493908512718874,0.8250825138261372,44.7,0.8940211957608478
BAAI/bge-m3,zh,48,QMT,0.7648046612739563,1.2040553513646126,0.5908909353120192,0.6351906167823032,15.63,0.3127374525094981
BAAI/bge-m3,zh,49,NQM,0.9338427186012268,1.4194169678211213,0.6528759296301915,0.6579058442806034,30.64,0.612877424515097
BAAI/bge-m3,zh,49,NQT,0.8348934054374695,1.1240348649024963,0.5131195275785663,0.7427646877387108,30.6,0.6120775844831033
BAAI/bge-m3,zh,49,NMT,0.5044931769371033,0.6001450359106064,0.29560049835834157,0.8406187617144742,80.26,0.9052189562087583
BAAI/bge-m3,zh,49,QMT,0.2916540205478668,0.8039539714574814,0.6133274763929474,0.3627745255350464,29.400000000000002,0.5880823835232953
BAAI/bge-m3,zh,50,NQM,0.7459440231323242,1.2013743270397186,0.5895070433490552,0.6209089093569765,25.09,0.5018996200759848
BAAI/bge-m3,zh,50,NQT,0.9402900338172913,1.2681069613814353,0.5749174894785256,0.7414911063907635,14.97,0.2995400919816037
BAAI/bge-m3,zh,50,NMT,0.6548890471458435,0.7905820457339287,0.39918291064223205,0.8283631669589153,49.69,0.8964207158568286
BAAI/bge-m3,zh,50,QMT,0.9609147310256958,1.3634262649536133,0.5910650238845035,0.7047793897807032,29.96,0.5992801439712058
BAAI/bge-m3,zh,51,NQM,0.6606326103210449,1.157416170835495,0.6784473644138141,0.5707822535809123,30.25,0.6050789842031594
BAAI/bge-m3,zh,51,NQT,0.7034728527069092,1.1221640241622926,0.5655518647800435,0.6268895077361193,24.6,0.4921015796840632
BAAI/bge-m3,zh,51,NMT,0.4284050464630127,0.511687017583847,0.25383815253583447,0.8372404062254234,19.900000000000002,0.39812037592481503
BAAI/bge-m3,zh,51,QMT,0.4416453540325165,0.8578841563105584,0.5023485083842205,0.5148076821133457,49.26,0.590881823635273
BAAI/bge-m3,zh,52,NQM,0.6796852946281433,1.1843650138497352,0.6915368074669417,0.5738816046400064,30.07,0.6014797040591882
BAAI/bge-m3,zh,52,NQT,0.813712477684021,1.1751219282865524,0.5643463756099649,0.6924494029907213,30.240000000000002,0.6048790241951609
BAAI/bge-m3,zh,52,NMT,0.6377689242362976,0.7653227150440216,0.3826996443012917,0.8333333268421017,45.0,0.9000199960007998
BAAI/bge-m3,zh,52,QMT,0.653518557548523,1.107709650683403,0.600549569725024,0.5899727939941155,24.86,0.4973005398920216
BAAI/bge-m3,zh,53,NQM,0.8593875765800476,1.3006188005566597,0.6345370691647713,0.6607528479609647,5.14,0.10297940411917617
BAAI/bge-m3,zh,53,NQT,0.818117618560791,1.1794236992835998,0.5492233054280177,0.6936587920499093,29.46,0.5892821435712857
BAAI/bge-m3,zh,53,NMT,0.35215526819229126,0.4223046243369579,0.21093811179090302,0.8338892067411315,10.15,0.20315936812637472
BAAI/bge-m3,zh,53,QMT,0.23674437403678894,0.7872811195522547,0.6830286231112845,0.3007113572990679,15.4,0.30813837232553487
BAAI/bge-m3,zh,54,NQM,0.811738133430481,1.2779831173658371,0.6732657584629982,0.6351712494473246,29.71,0.5942811437712457
BAAI/bge-m3,zh,54,NQT,0.8009828329086304,1.1611732907414436,0.5492573550303365,0.6898047339656678,40.02,0.6002799440111978
BAAI/bge-m3,zh,54,NMT,0.7113499641418457,0.8533354111552238,0.4264729795116176,0.8336112094281949,49.9,0.9002199560087982
BAAI/bge-m3,zh,54,QMT,0.7201830148696899,1.2256054877519607,0.6513814984509632,0.5876140585744943,29.84,0.596880623875225
BAAI/bge-m3,zh,55,NQM,0.771357536315918,1.3236397382259368,0.746238272621512,0.5827548947338036,29.32,0.5864827034593081
BAAI/bge-m3,zh,55,NQT,0.82113116979599,1.222918616437912,0.6020646835616612,0.6714520154964111,25.560000000000002,0.5112977404519096
BAAI/bge-m3,zh,55,NMT,0.4631488621234894,0.5583721989274025,0.2813423740311428,0.8294626111621235,84.96000000000001,0.8972205558888222
BAAI/bge-m3,zh,55,QMT,0.44126415252685547,0.8914299248933792,0.5488907950876785,0.49500711183679247,29.67,0.5934813037392521
BAAI/bge-m3,zh,56,NQM,0.7323137521743774,1.3079054007530213,0.760129450025379,0.5599133941584695,29.94,0.598880223955209
BAAI/bge-m3,zh,56,NQT,0.8088423609733582,1.2168431299567222,0.568668219215484,0.6647055327513419,29.63,0.5926814637072585
BAAI/bge-m3,zh,56,NMT,0.5317829847335815,0.6338853886127472,0.313348611188793,0.8389260807802261,5.0,0.10017996400719856
BAAI/bge-m3,zh,56,QMT,0.4068414568901062,0.8104093821883201,0.4944092473725602,0.5020196777473435,4.71,0.09438112377524495
BAAI/bge-m3,zh,57,NQM,0.718513548374176,1.3041308871030808,0.7723260514334281,0.5509520213647332,29.66,0.5932813437312537
BAAI/bge-m3,zh,57,NQT,0.7191529870033264,1.2175959591150285,0.6529049671620791,0.5906335197805925,10.0,0.2001599680063987
BAAI/bge-m3,zh,57,NMT,0.4159882664680481,0.5030130326867104,0.2546413454126819,0.8269930189389535,20.21,0.40431913617276544
BAAI/bge-m3,zh,57,QMT,0.37975233793258667,0.8352254576444625,0.541660949864449,0.4546704538953174,53.24,0.5824835032993402
BAAI/bge-m3,zh,58,NQM,0.7529087662696838,1.1686843745112419,0.6198874574885039,0.6442361878791399,45.71,0.6018796240751849
BAAI/bge-m3,zh,58,NQT,0.6350712180137634,0.9912959911823273,0.4857149700145034,0.6406474187953367,30.32,0.6064787042591482
BAAI/bge-m3,zh,58,NMT,0.3270125091075897,0.38966814750432965,0.19250979712116315,0.8392076981429873,5.01,0.10037992401519696
BAAI/bge-m3,zh,58,QMT,0.28760766983032227,0.7793568646669388,0.5879429050768173,0.3690320607528921,29.35,0.5870825834833033
BAAI/bge-m3,zh,59,NQM,0.7592626810073853,1.2209627551078797,0.6268145469251759,0.6218557264178609,45.31,0.6042791441711658
BAAI/bge-m3,zh,59,NQT,0.7430226802825928,1.150887209200859,0.575206683667016,0.6456086003404967,29.44,0.588882223555289
BAAI/bge-m3,zh,59,NMT,0.32143884897232056,0.38611235138177874,0.1933959014117962,0.8325008195701488,44.97,0.8994201159768046
BAAI/bge-m3,zh,59,QMT,0.4284057915210724,0.8849679747462272,0.5618796423573584,0.48409185840135927,55.26,0.6020795840831834
BAAI/bge-m3,zh,60,NQM,0.712994396686554,1.29449890614748,0.7885974692130716,0.5507879483714085,40.65,0.607878424315137
BAAI/bge-m3,zh,60,NQT,0.918001115322113,1.3104149787902832,0.5999650775459824,0.7005422939906183,54.46,0.5966806638672265
BAAI/bge-m3,zh,60,NMT,0.6618334650993347,0.8016126992225647,0.40683660968775687,0.8256274703985865,44.72,0.8944211157768446
BAAI/bge-m3,zh,60,QMT,0.7526655793190002,1.160674956893921,0.5623795105912178,0.6484723176353852,30.080000000000002,0.6016796640671865
BAAI/bge-m3,zh,61,NQM,0.851686954498291,1.2250525970458985,0.6134809313946423,0.6952248063073866,30.240000000000002,0.6048790241951609
BAAI/bge-m3,zh,61,NQT,0.7575282454490662,1.0962204333424568,0.5137459617544937,0.6910364215148004,34.47,0.5920815836832634
BAAI/bge-m3,zh,61,NMT,0.34125998616218567,0.409375479388237,0.2045943302494178,0.8336112037568165,45.03,0.8008398320335933
BAAI/bge-m3,zh,61,QMT,0.4616871476173401,1.006404766213894,0.6589546726439037,0.45874896772772006,49.28,0.5940811837632474
BAAI/bge-m3,zh,62,NQM,0.6797101497650146,1.2032147506952287,0.6948513491416786,0.5649117494376684,24.45,0.4891021795640872
BAAI/bge-m3,zh,62,NQT,0.7172078490257263,1.1430061098456383,0.5946547503068541,0.6274750789582016,15.47,0.3095380923815237
BAAI/bge-m3,zh,62,NMT,0.43489789962768555,0.5227472153484821,0.26212061203429027,0.8319468509017978,85.26,0.8990201959608078
BAAI/bge-m3,zh,62,QMT,0.3993894159793854,0.833242861700058,0.5414902272745821,0.4793193369386152,30.28,0.6056788642271546
BAAI/bge-m3,zh,63,NQM,0.6631342172622681,1.1397227982521057,0.6330357300469001,0.58183816124296,29.88,0.5976804639072185
BAAI/bge-m3,zh,63,NQT,0.8583070635795593,1.1666652692198753,0.5071253150699994,0.7356926500029914,30.89,0.617876424715057
BAAI/bge-m3,zh,63,NMT,0.3813702166080475,0.4600849963605404,0.2320640223314528,0.8289125262158346,84.65,0.8968206358728255
BAAI/bge-m3,zh,63,QMT,0.7001137733459473,1.1298275621414184,0.5287447092168731,0.6196642716153667,29.88,0.5976804639072185
BAAI/bge-m3,zh,64,NQM,0.7902839183807373,1.2493678186178208,0.6659648722425479,0.6325470422748667,30.03,0.6006798640271945
BAAI/bge-m3,zh,64,NQT,0.7869080901145935,1.1348469282150269,0.5306604176075128,0.6934046086300014,30.28,0.6056788642271546
BAAI/bge-m3,zh,64,NMT,0.6632269024848938,0.7892400196194649,0.38897498740718145,0.840336128423684,45.25,0.9050189962007599
BAAI/bge-m3,zh,64,QMT,0.6003953218460083,1.0335601921081543,0.5685654902657977,0.5809001995527712,30.400000000000002,0.6080783843231353
BAAI/bge-m3,zh,65,NQM,0.8340829014778137,1.2719448318719864,0.5828638150940035,0.6557539922935143,29.66,0.5932813437312537
BAAI/bge-m3,zh,65,NQT,0.7134515643119812,1.0836215727686882,0.5204740514372239,0.6583954973214781,40.050000000000004,0.592881423715257
BAAI/bge-m3,zh,65,NMT,0.36195364594459534,0.4295665544748306,0.2106724000507852,0.8426020186470559,85.9,0.906618676264747
BAAI/bge-m3,zh,65,QMT,0.6095913052558899,0.9028365968465805,0.36100180632175355,0.67519560835747,45.660000000000004,0.6008798240351929
BAAI/bge-m3,zh,66,NQM,0.6896244883537292,1.175199344432354,0.6635753662751132,0.5868149021868673,29.93,0.5986802639472105
BAAI/bge-m3,zh,66,NQT,0.6760158538818359,1.0496410033226014,0.5237223998134465,0.6440448226977487,20.12,0.40251949610077986
BAAI/bge-m3,zh,66,NMT,0.5956920385360718,0.7145921149134636,0.3571329537260162,0.8336112673274821,70.78,0.9002199560087982
BAAI/bge-m3,zh,66,QMT,0.4265405535697937,0.8210799266457558,0.47487367518270057,0.5194872505430274,29.09,0.5818836232753449
BAAI/bge-m3,zh,67,NQM,0.8827996850013733,1.2787662383317948,0.5782239286509907,0.6903526684848458,4.73,0.09478104379124175
BAAI/bge-m3,zh,67,NQT,0.7998591065406799,1.1353849859118461,0.5448447650262117,0.7044827230101124,35.07,0.5998800239952009
BAAI/bge-m3,zh,67,NMT,0.592971920967102,0.7044506421089173,0.3461270841310968,0.8417508417496469,45.300000000000004,0.9060187962407519
BAAI/bge-m3,zh,67,QMT,0.47703197598457336,0.9290747961521149,0.5772215688504182,0.5134484090621664,45.56,0.6068786242751449
BAAI/bge-m3,zh,68,NQM,0.8580115437507629,1.234497297668457,0.6154576232088288,0.6950290983792011,46.12,0.6124775044991002
BAAI/bge-m3,zh,68,NQT,0.8079245686531067,1.1269934232592582,0.5006284771207413,0.7168849009924803,30.27,0.6054789042191562
BAAI/bge-m3,zh,68,NMT,0.34492427110671997,0.41294334324598314,0.20568113327008022,0.8352823135362164,45.07,0.9014197160567886
BAAI/bge-m3,zh,68,QMT,0.35755613446235657,0.8485052397251129,0.6092539112507115,0.421395316990348,30.0,0.6000799840031994
BAAI/bge-m3,zh,69,NQM,0.8381030559539795,1.3127991939544679,0.6307885540380385,0.6384091792658498,29.92,0.5984803039392121
BAAI/bge-m3,zh,69,NQT,0.9645230174064636,1.3432001974225045,0.6441766174460523,0.7180783767427887,29.650000000000002,0.5930813837232554
BAAI/bge-m3,zh,69,NMT,0.5931265950202942,0.7131753703355789,0.35780183354494327,0.8316700487572526,69.62,0.8988202359528095
BAAI/bge-m3,zh,69,QMT,0.9280306100845337,1.3433357784986495,0.6031875811661898,0.6908403877406112,29.650000000000002,0.5930813837232554
BAAI/bge-m3,zh,70,NQM,0.8739164471626282,1.3160096402168273,0.6798350706413254,0.6640653840635822,29.400000000000002,0.5880823835232953
BAAI/bge-m3,zh,70,NQT,0.8300049304962158,1.2179107065200805,0.5848549427189065,0.6814990015705633,19.85,0.397120575884823
BAAI/bge-m3,zh,70,NMT,0.27433785796165466,0.32964436111450196,0.16520284311323208,0.8322237244808541,44.96,0.8992201559688062
BAAI/bge-m3,zh,70,QMT,0.33374279737472534,0.9157470684409141,0.6953156159531353,0.36444866587732316,29.17,0.5834833033393322
BAAI/bge-m3,zh,71,NQM,0.7709867358207703,1.245302289402485,0.6222667408822601,0.619116131385322,34.67,0.5950809838032394
BAAI/bge-m3,zh,71,NQT,0.8203367590904236,1.2226898112654685,0.6077096814454321,0.6709279422560285,30.23,0.6046790641871626
BAAI/bge-m3,zh,71,NMT,0.5816758275032043,0.6973129642367363,0.3481076300716758,0.8341675220954196,45.03,0.9006198760247951
BAAI/bge-m3,zh,71,QMT,0.6979689598083496,1.1339527574896813,0.5565034748540801,0.6155185524244253,53.63,0.5884823035392921
BAAI/bge-m3,zh,72,NQM,0.7210360765457153,1.1590374411582947,0.621224692343246,0.6220990374776152,29.84,0.596880623875225
BAAI/bge-m3,zh,72,NQT,0.7247586846351624,1.0549434866070748,0.4823687861022885,0.6870118578251572,29.93,0.5986802639472105
BAAI/bge-m3,zh,72,NMT,0.406666100025177,0.48734864835739133,0.24315398598101137,0.8344459380261148,45.04,0.9008198360327935
BAAI/bge-m3,zh,72,QMT,0.6044506430625916,1.002220594418049,0.4711539733410218,0.6031113773040852,38.89,0.5838832233553289
BAAI/bge-m3,zh,73,NQM,0.7776941657066345,1.2964030269026756,0.7019459104242728,0.599886107612751,56.33,0.6126774645070986
BAAI/bge-m3,zh,73,NQT,0.8533549904823303,1.2895662415742875,0.6515016905523382,0.6617380038111905,29.5,0.5900819836032793
BAAI/bge-m3,zh,73,NMT,0.6219578981399536,0.7458519233226776,0.37254768639539293,0.8338892462305046,45.02,0.9004199160167966
BAAI/bge-m3,zh,73,QMT,0.7006404995918274,1.1842829803347588,0.6375102702402405,0.5916157803713324,30.27,0.6054789042191562
BAAI/bge-m3,zh,74,NQM,0.7099447846412659,1.1317286668300628,0.5767564333594846,0.6273100659623406,53.84,0.589882023595281
BAAI/bge-m3,zh,74,NQT,0.9296786785125732,1.2219969368219377,0.5339984894760773,0.7607864230246264,30.34,0.6068786242751449
BAAI/bge-m3,zh,74,NMT,0.6089120507240295,0.7214389557600022,0.35270467878087364,0.844024356962711,75.94,0.907618476304739
BAAI/bge-m3,zh,74,QMT,0.9531905055046082,1.3292132730007171,0.5810671799764762,0.7171087776997971,50.800000000000004,0.6064787042591482
BAAI/bge-m3,zh,75,NQM,0.7275599241256714,1.1617090216875077,0.6212878530202928,0.6262841301414581,5.58,0.11177764447110577
BAAI/bge-m3,zh,75,NQT,0.8889886736869812,1.1608925213336945,0.49651915678763286,0.7657803434420426,29.26,0.5852829434113177
BAAI/bge-m3,zh,75,NMT,0.27698028087615967,0.3301604948043823,0.16320825167563743,0.8389261744941034,45.2,0.9040191961607679
BAAI/bge-m3,zh,75,QMT,0.6321955323219299,1.0120322987914085,0.48742128340507623,0.624679205472283,50.21,0.5986802639472105
BAAI/bge-m3,zh,76,NQM,0.7141101956367493,1.2651410204529763,0.7341139595560062,0.564451064420077,54.370000000000005,0.5940811837632474
BAAI/bge-m3,zh,76,NQT,0.7776214480400085,1.0558395577430726,0.42328987928036665,0.7364958457338818,24.82,0.496500699860028
BAAI/bge-m3,zh,76,NMT,0.34296855330467224,0.4104647616624832,0.20433003662361254,0.8355615032938022,45.08,0.901619676064787
BAAI/bge-m3,zh,76,QMT,0.4493292570114136,0.8157376981973649,0.4567702405472317,0.5508256612435596,30.27,0.6054789042191562
BAAI/bge-m3,zh,77,NQM,0.824604868888855,1.3003332368016243,0.6895898677088081,0.6341488824176079,45.45,0.504499100179964
BAAI/bge-m3,zh,77,NQT,0.7913808822631836,1.126321034359932,0.4866235341048645,0.7026246142266255,30.16,0.6032793441311738
BAAI/bge-m3,zh,77,NMT,0.36138466000556946,0.43120417669415473,0.21353632743089748,0.8380824665830057,44.56,0.7950409918016397
BAAI/bge-m3,zh,77,QMT,0.4771566689014435,0.8453641823828221,0.4628880103518245,0.5644391835432641,30.490000000000002,0.609878024395121
BAAI/bge-m3,zh,78,NQM,0.8280841708183289,1.1742910182118416,0.49406420133910195,0.705177982267627,4.55,0.09118176364727054
BAAI/bge-m3,zh,78,NQT,0.9133533835411072,1.2227026218056678,0.5572732640341379,0.7469955222566992,29.41,0.5882823435312937
BAAI/bge-m3,zh,78,NMT,0.6662996411323547,0.7979604325532913,0.3976784105696698,0.8350033584992591,45.06,0.9012197560487902
BAAI/bge-m3,zh,78,QMT,1.0688024759292603,1.4078841919898988,0.576089488647418,0.7591551080759414,5.18,0.10377924415116976
BAAI/bge-m3,zh,79,NQM,0.7004871368408203,1.1997775875926018,0.6692186655932134,0.583847493138949,15.05,0.3011397720455909
BAAI/bge-m3,zh,79,NQT,0.7391170263290405,1.1785222275495528,0.5950069599777037,0.6271557795436964,24.88,0.4977004599080184
BAAI/bge-m3,zh,79,NMT,0.49018433690071106,0.5872408385574818,0.292828178050003,0.8347245367062375,45.050000000000004,0.9010197960407919
BAAI/bge-m3,zh,79,QMT,0.5659896731376648,0.978857619380951,0.5054726939786001,0.5782145042657274,29.84,0.596880623875225
BAAI/bge-m3,zh,80,NQM,0.781440019607544,1.2446972587823868,0.6517468513168982,0.6278153294652166,39.02,0.5900819836032793
BAAI/bge-m3,zh,80,NQT,0.7302754521369934,1.1146612746238709,0.5357627624429601,0.6551545915890555,40.44,0.6028794241151769
BAAI/bge-m3,zh,80,NMT,0.34110337495803833,0.4105520160317421,0.2063097830250622,0.8308408231780182,44.910000000000004,0.8982203559288142
BAAI/bge-m3,zh,80,QMT,0.3856164216995239,0.9486964297056198,0.6761388338179186,0.4064697722313281,29.51,0.5902819436112777
BAAI/bge-m3,zh,81,NQM,0.7957743406295776,1.2636235095739365,0.6125479905837428,0.6297558842485163,10.17,0.20355928814237154
BAAI/bge-m3,zh,81,NQT,0.8908729553222656,1.2425978063941001,0.5697350206436123,0.7169439304796269,24.93,0.49870025994801037
BAAI/bge-m3,zh,81,NMT,0.725010335445404,0.8679823677182198,0.432329473174695,0.8352823310806411,45.07,0.9014197160567886
BAAI/bge-m3,zh,81,QMT,0.967226505279541,1.3292871248960496,0.5780476263391402,0.7276279798124506,4.8,0.09618076384723055
BAAI/bge-m3,zh,82,NQM,0.7515972852706909,1.2825967910766602,0.7328132736359886,0.5859965427164259,44.61,0.6014797040591882
BAAI/bge-m3,zh,82,NQT,0.8983643651008606,1.2463406792402267,0.5827757892992308,0.7208016075089401,30.3,0.6060787842431514
BAAI/bge-m3,zh,82,NMT,0.7074093818664551,0.8537016173839569,0.4308278882349153,0.8286377435167319,44.83,0.8966206758648271
BAAI/bge-m3,zh,82,QMT,0.7250351905822754,1.1607975210666657,0.572609155118737,0.6246009122378298,29.47,0.5894821035792841
BAAI/bge-m3,zh,83,NQM,0.7022334337234497,1.1857998611927032,0.6678811363379453,0.5922023241059717,29.98,0.5996800639872025
BAAI/bge-m3,zh,83,NQT,0.9864317774772644,1.295665430533886,0.5845688648758693,0.7613321728202924,20.81,0.41631673665266944
BAAI/bge-m3,zh,83,NMT,0.6103859543800354,0.7361254548430443,0.37110155454831706,0.829187403265863,44.85,0.8970205958808238
BAAI/bge-m3,zh,83,QMT,0.9771866202354431,1.3701277542829513,0.6057343703165777,0.7132083976695552,29.62,0.5924815036992601
BAAI/bge-m3,zh,84,NQM,0.8342651724815369,1.3504174826025963,0.7491792792155967,0.6177831546382818,56.29,0.612877424515097
BAAI/bge-m3,zh,84,NQT,0.7060763835906982,1.0987663370251655,0.5377602651246207,0.6426083142496966,9.64,0.1929614077184563
BAAI/bge-m3,zh,84,NMT,0.3566488027572632,0.4218442039012909,0.2055765928878382,0.8454514710835556,45.43,0.908618276344731
BAAI/bge-m3,zh,84,QMT,0.5704788565635681,0.9976226874947548,0.522883985047188,0.5718382948924221,34.43,0.5984803039392121
BAAI/bge-m3,zh,85,NQM,0.8544808030128479,1.3187352576255797,0.7099276527485809,0.6479547718703729,29.900000000000002,0.5980803839232154
BAAI/bge-m3,zh,85,NQT,0.839575469493866,1.2118055192112922,0.5534285275652749,0.69283020763894,29.35,0.5870825834833033
BAAI/bge-m3,zh,85,NMT,0.45713135600090027,0.5492889954090119,0.2752788212347929,0.8322237653053265,80.0,0.8992201559688062
BAAI/bge-m3,zh,85,QMT,0.3503275215625763,0.7818889033734798,0.5352514209705379,0.4480528116598549,30.27,0.6054789042191562
BAAI/bge-m3,zh,86,NQM,0.659153938293457,1.1748841304063797,0.6921262307620393,0.5610374003987114,29.6,0.5920815836832634
BAAI/bge-m3,zh,86,NQT,0.6904808878898621,1.0507380509734154,0.5311655145761729,0.6571389389101648,30.490000000000002,0.609878024395121
BAAI/bge-m3,zh,86,NMT,0.6339190602302551,0.758167184150219,0.3769845292950387,0.8361204144438648,50.17,0.9020195960807839
BAAI/bge-m3,zh,86,QMT,0.5713000893592834,1.0018337833046913,0.5651622669130764,0.5702543664221409,30.69,0.613877224555089
BAAI/bge-m3,zh,87,NQM,0.8606546521186829,1.3063424320220947,0.5862449281006594,0.6588277552814479,29.72,0.5944811037792441
BAAI/bge-m3,zh,87,NQT,0.7333325147628784,1.0849497940301895,0.5108407476015616,0.6759137784967374,34.78,0.596880623875225
BAAI/bge-m3,zh,87,NMT,0.3808257579803467,0.4560769484162331,0.2272944706167292,0.8350033021882871,30.16,0.6032793441311738
BAAI/bge-m3,zh,87,QMT,0.5398008227348328,0.9116054717183113,0.4607795270312507,0.5921430262114976,45.15,0.6046790641871626
BAAI/bge-m3,zh,88,NQM,0.731909990310669,1.243460744524002,0.6978996639396994,0.5886072347143183,30.17,0.6034793041391722
BAAI/bge-m3,zh,88,NQT,0.7903090119361877,1.2354702739238739,0.6177668080425,0.6396827415567949,30.18,0.6036792641471705
BAAI/bge-m3,zh,88,NMT,0.7283889055252075,0.8813505337953568,0.4466248600244845,0.8264463202713709,69.39,0.8950209958008398
BAAI/bge-m3,zh,88,QMT,0.7032182216644287,1.1933652571678162,0.6154860484517934,0.5892732484375903,29.77,0.5954809038192361
BAAI/bge-m3,zh,89,NQM,0.9278503656387329,1.4355085149765014,0.7132220100920635,0.6463565739652021,34.97,0.5992801439712058
BAAI/bge-m3,zh,89,NQT,0.8357954025268555,1.1869460971593857,0.5391776144846508,0.70415615715523,30.12,0.6024795040991802
BAAI/bge-m3,zh,89,NMT,0.5959049463272095,0.7174695917844772,0.3607353539931854,0.8305647419066988,24.560000000000002,0.4913017396520696
BAAI/bge-m3,zh,89,QMT,0.6766307353973389,1.1530091970920562,0.5999825068391995,0.5868389750083925,29.94,0.598880223955209
BAAI/bge-m3,zh,90,NQM,0.624165415763855,1.1579925704240799,0.7057436999767163,0.5390064079035793,30.11,0.6022795440911818
BAAI/bge-m3,zh,90,NQT,0.6562710404396057,1.0849457906842233,0.5689658616695651,0.6048883235217882,29.61,0.5922815436912617
BAAI/bge-m3,zh,90,NMT,0.6038858890533447,0.7157255446672439,0.35013308392491155,0.8437394662688202,45.37,0.9074185162967406
BAAI/bge-m3,zh,90,QMT,0.43544086813926697,0.9200630197703838,0.5933459919404513,0.4732728723815732,29.69,0.593881223755249
BAAI/bge-m3,zh,91,NQM,0.6799100041389465,1.20914129114151,0.7275716464325357,0.562308151346402,30.64,0.612877424515097
BAAI/bge-m3,zh,91,NQT,0.702531635761261,1.120202013218403,0.5774913537110858,0.6271472711803303,30.21,0.6042791441711658
BAAI/bge-m3,zh,91,NMT,0.32120031118392944,0.3844125382900238,0.19136121856174837,0.8355614845756181,45.08,0.901619676064787
BAAI/bge-m3,zh,91,QMT,0.36227351427078247,0.8018372167527675,0.5300718820265096,0.45180431476783317,14.84,0.2969406118776245
BAAI/bge-m3,zh,92,NQM,0.857582688331604,1.3126561638593675,0.6862306081348192,0.6533186008204571,29.79,0.595880823835233
BAAI/bge-m3,zh,92,NQT,0.7734465599060059,1.0840678941011428,0.4758579421461377,0.7134669001027811,30.12,0.6024795040991802
BAAI/bge-m3,zh,92,NMT,0.37773725390434265,0.4561555407345295,0.2304434831557735,0.8280887113532787,5.15,0.10317936412717456
BAAI/bge-m3,zh,92,QMT,0.6833299398422241,1.012596913433075,0.4092075286573088,0.6748291751401948,30.1,0.6020795840831834
BAAI/bge-m3,zh,93,NQM,0.9011968970298767,1.4501711773991586,0.7356671658545115,0.6214417381026195,29.69,0.593881223755249
BAAI/bge-m3,zh,93,NQT,0.8508122563362122,1.2762840668201447,0.6362138122404719,0.6666323575247162,34.02,0.5826834633073386
BAAI/bge-m3,zh,93,NMT,0.7077759504318237,0.8569751807093621,0.43471437723185613,0.8259001734975984,5.0,0.10017996400719856
BAAI/bge-m3,zh,93,QMT,0.7350143790245056,1.249746298611164,0.6423615656631763,0.5881308709141485,34.11,0.5828834233153369
BAAI/bge-m3,zh,94,NQM,0.7338408827781677,1.1472645637750625,0.5734173354493036,0.6396439896677641,20.0,0.40011997600479904
BAAI/bge-m3,zh,94,NQT,0.7847151160240173,1.0872475012302398,0.47753420863624235,0.7217446948697297,30.400000000000002,0.6080783843231353
BAAI/bge-m3,zh,94,NMT,0.6922690272331238,0.8199233847260475,0.40059801701533504,0.8443094075961501,65.23,0.9078184363127374
BAAI/bge-m3,zh,94,QMT,0.9554673433303833,1.2124351762771606,0.4219496794082172,0.7880564355311784,29.810000000000002,0.5962807438512298
BAAI/bge-m3,zh,95,NQM,0.9490180015563965,1.328502545297146,0.5835666113786756,0.7143516622645352,9.81,0.19636072785442912
BAAI/bge-m3,zh,95,NQT,0.8257989287376404,1.1374009255886077,0.5277380145849732,0.7260403171463583,30.54,0.610877824435113
BAAI/bge-m3,zh,95,NMT,0.3759273290634155,0.45637582012414935,0.23243150610619728,0.8237231520292357,4.72,0.09458108378324336
BAAI/bge-m3,zh,95,QMT,0.33301588892936707,0.7957680970132351,0.5657824264910407,0.41848358859680435,29.85,0.5970805838832234
BAAI/bge-m3,ar,0,NQM,0.6286187171936035,1.181834060060978,0.6708029675825655,0.5319009989952712,19.92,0.39852029594081184
BAAI/bge-m3,ar,0,NQT,0.5068817138671875,0.9487310493946075,0.5377368028057478,0.5342733477418056,24.42,0.488502299540092
BAAI/bge-m3,ar,0,NMT,0.5527893304824829,0.7257553279995919,0.33739745778772245,0.7616745053810092,20.0,0.40011997600479904
BAAI/bge-m3,ar,0,QMT,0.7237074971199036,1.1289222327828408,0.5547097121326985,0.641060540844601,30.23,0.6046790641871626
BAAI/bge-m3,ar,1,NQM,0.7443937659263611,1.2288367126822473,0.58786726782557,0.6057710989940457,19.76,0.39532093581283745
BAAI/bge-m3,ar,1,NQT,0.4930146038532257,0.9481076664745808,0.5619292968914509,0.5199985416064808,29.93,0.5986802639472105
BAAI/bge-m3,ar,1,NMT,0.6318475008010864,0.9010127176642417,0.42208926961074666,0.7012636874187166,19.95,0.39912017596480703
BAAI/bge-m3,ar,1,QMT,0.6084936857223511,1.135734303689003,0.6736832501255052,0.5357711603368445,45.37,0.6026794641071785
BAAI/bge-m3,ar,2,NQM,0.7501966953277588,1.31120433729887,0.6793248185517329,0.5721432380803589,33.71,0.38752249550089984
BAAI/bge-m3,ar,2,NQT,0.5097557306289673,0.9629539375782012,0.5720989584948212,0.5293666817651294,30.5,0.6100779844031193
BAAI/bge-m3,ar,2,NMT,0.5353531837463379,0.7161425472378731,0.33756767385696074,0.7475511485952364,20.490000000000002,0.40991801639672065
BAAI/bge-m3,ar,2,QMT,0.7540826201438904,1.235018702995777,0.6230906730485581,0.6105839679302882,35.11,0.591881623675265
BAAI/bge-m3,ar,3,NQM,0.6763855814933777,1.202935198187828,0.6689583202143493,0.5622793168840368,24.63,0.39432113577284544
BAAI/bge-m3,ar,3,NQT,0.49475669860839844,0.9772360323429108,0.584646117765155,0.5062816783594434,29.53,0.5906818636272746
BAAI/bge-m3,ar,3,NMT,0.3981524407863617,0.6016857919991017,0.25188505052390353,0.6617281745391362,19.91,0.39832033593281346
BAAI/bge-m3,ar,3,QMT,0.7189863324165344,1.1741035692691804,0.6003344161713211,0.6123704511548792,30.14,0.6028794241151769
BAAI/bge-m3,ar,4,NQM,0.6556311845779419,1.1402686325788498,0.5830839086575658,0.5749795844989447,19.98,0.3997200559888022
BAAI/bge-m3,ar,4,NQT,0.6798394322395325,0.998909401166439,0.42100504203664146,0.6805816738184614,30.01,0.6002799440111978
BAAI/bge-m3,ar,4,NMT,0.7646669149398804,1.027070015013218,0.477916017655371,0.7445129385159734,20.32,0.4065186962607478
BAAI/bge-m3,ar,4,QMT,0.6303297281265259,0.9837561030983925,0.43815559363108575,0.6407378070038173,49.870000000000005,0.5984803039392121
BAAI/bge-m3,ar,5,NQM,0.6663956046104431,1.1311897516131402,0.5809426805692037,0.5891103624829843,19.89,0.39792041591681665
BAAI/bge-m3,ar,5,NQT,0.6617481708526611,1.0746628920793533,0.5427237395983019,0.6157727932446203,44.2,0.5920815836832634
BAAI/bge-m3,ar,5,NMT,0.7536875009536743,1.0936205172538758,0.49017529812208516,0.6891673016939405,20.57,0.41151769646070785
BAAI/bge-m3,ar,5,QMT,0.569431483745575,1.0225613040447235,0.575159816307321,0.5568678195553085,30.48,0.6096780643871226
BAAI/bge-m3,ar,6,NQM,0.7079137563705444,1.223552279305458,0.6295106139819784,0.578572545156639,19.69,0.39392121575684863
BAAI/bge-m3,ar,6,NQT,0.4710043668746948,0.9661526165962219,0.596913010939336,0.48750514026817693,29.400000000000002,0.5880823835232953
BAAI/bge-m3,ar,6,NMT,0.5001402497291565,0.6994006827235222,0.2824534796672284,0.715098315004291,25.080000000000002,0.40051989602079585
BAAI/bge-m3,ar,6,QMT,0.744725227355957,1.2318028872966766,0.6313220501986263,0.6045814919217568,55.13,0.5974805038992201
BAAI/bge-m3,ar,7,NQM,0.8512220978736877,1.2668813921570778,0.581037231946744,0.6719035445170345,44.67,0.5964807038592281
BAAI/bge-m3,ar,7,NQT,0.5750460624694824,0.8964297549724579,0.40113237900653864,0.6414848004309147,29.59,0.591881623675265
BAAI/bge-m3,ar,7,NMT,0.4946677088737488,0.7288622533798218,0.34115358014680386,0.6786847673606865,24.5,0.39732053589282146
BAAI/bge-m3,ar,7,QMT,0.738710343837738,1.178396640765667,0.5766025898741728,0.6268775031106094,30.29,0.6058788242351529
BAAI/bge-m3,ar,8,NQM,0.7251559495925903,1.2666011607646943,0.6793466425906692,0.5725211471890758,39.54,0.5922815436912617
BAAI/bge-m3,ar,8,NQT,0.5912123322486877,1.062200776875019,0.5631086526344024,0.5565918846222935,29.25,0.5850829834033193
BAAI/bge-m3,ar,8,NMT,0.8476714491844177,1.1008298015713691,0.5178166074909024,0.7700295249762016,19.61,0.39232153569286143
BAAI/bge-m3,ar,8,QMT,0.6501870155334473,1.1452231214761734,0.6186069997705766,0.5677382890198718,34.800000000000004,0.5972805438912218
BAAI/bge-m3,ar,9,NQM,0.7548292875289917,1.2059764140605926,0.5914226481890646,0.6259071725845878,30.03,0.39632073585282945
BAAI/bge-m3,ar,9,NQT,0.5076864361763,0.9168159704327583,0.50694044896939,0.5537495555799563,34.65,0.5986802639472105
BAAI/bge-m3,ar,9,NMT,0.5647868514060974,0.8103631535410881,0.3776204472247884,0.6969552464687228,25.26,0.39912017596480703
BAAI/bge-m3,ar,9,QMT,0.7339152097702026,1.155086090886593,0.5321945650437927,0.6353770645842046,10.4,0.20815836832633472
BAAI/bge-m3,ar,10,NQM,0.7738524675369263,1.28438039727211,0.6019583809698953,0.6025103381987966,20.6,0.41211757648470304
BAAI/bge-m3,ar,10,NQT,0.5277847051620483,0.9591278327703476,0.5202307094696187,0.5502756641281519,29.42,0.5884823035392921
BAAI/bge-m3,ar,10,NMT,0.5727708339691162,0.8062644702434539,0.36831600264630454,0.7104006875007849,30.43,0.40531893621275744
BAAI/bge-m3,ar,10,QMT,0.6593940854072571,1.1789014629483223,0.6479457305620793,0.5593292621400391,29.41,0.5882823435312937
BAAI/bge-m3,ar,11,NQM,0.7445102334022522,1.1995764645934104,0.6099395830248183,0.6206442485131441,35.63,0.5096980603879224
BAAI/bge-m3,ar,11,NQT,0.6273449063301086,1.006846626842022,0.4923152725950295,0.623078917488312,29.87,0.5974805038992201
BAAI/bge-m3,ar,11,NMT,0.4819967448711395,0.6612881583988667,0.29801756085916875,0.7288755117548718,15.17,0.30353929214157166
BAAI/bge-m3,ar,11,QMT,0.6973785161972046,1.1563245534420012,0.5869815836520142,0.6030992891405211,29.82,0.5964807038592281
BAAI/bge-m3,ar,12,NQM,0.5870743989944458,1.0752938745856284,0.5803910380938668,0.5459664682086399,19.87,0.39752049590081984
BAAI/bge-m3,ar,12,NQT,0.621613085269928,0.9856481896519661,0.47908785651153507,0.6306642591093176,25.03,0.5006998600279944
BAAI/bge-m3,ar,12,NMT,0.6992083787918091,0.9320440030694008,0.4305102549469227,0.7501881633146404,19.69,0.39392121575684863
BAAI/bge-m3,ar,12,QMT,0.5725223422050476,0.9531077170729637,0.473393319210153,0.6006900709635303,44.69,0.5924815036992601
BAAI/bge-m3,ar,13,NQM,0.6471301317214966,1.2114067538022995,0.696528780348719,0.5341972295348235,19.87,0.39752049590081984
BAAI/bge-m3,ar,13,NQT,0.5301833748817444,0.9421088055610657,0.5349719387929924,0.5627623600921923,30.060000000000002,0.6012797440511898
BAAI/bge-m3,ar,13,NMT,0.6008381247520447,0.8526315950274468,0.396765519183241,0.7046866762332431,24.17,0.3883223355328934
BAAI/bge-m3,ar,13,QMT,0.5585375428199768,0.9844660927653313,0.5531133166346541,0.5673507162146101,30.59,0.611877624475105
BAAI/bge-m3,ar,14,NQM,0.647471010684967,1.1219161769151689,0.5838505732896261,0.5771117522029874,20.09,0.40191961607678467
BAAI/bge-m3,ar,14,NQT,0.6084184646606445,1.01785261220932,0.5255955689215992,0.5977471171778319,29.68,0.5936812637472505
BAAI/bge-m3,ar,14,NMT,0.6941497921943665,1.079997348678112,0.5191488924931716,0.6427328669309647,19.91,0.39832033593281346
BAAI/bge-m3,ar,14,QMT,0.5591268539428711,1.0190927420139313,0.5679320845682528,0.5486515906661996,29.85,0.5970805838832234
BAAI/bge-m3,ar,15,NQM,0.7684835195541382,1.2918739094257354,0.6789641849026405,0.5948595400422244,9.66,0.1933613277344531
BAAI/bge-m3,ar,15,NQT,0.5464189648628235,0.9221949116826057,0.4854934866996116,0.5925200388118097,30.17,0.6034793041391722
BAAI/bge-m3,ar,15,NMT,0.4436935782432556,0.5431053063631057,0.23829713368506608,0.816956809377585,40.300000000000004,0.504499100179964
BAAI/bge-m3,ar,15,QMT,0.8116113543510437,1.280351827132702,0.6223376221468718,0.6338971344837159,30.01,0.6002799440111978
BAAI/bge-m3,ar,16,NQM,0.7503499388694763,1.282968198645115,0.6136074792940012,0.5848546672172407,15.040000000000001,0.30093981203759246
BAAI/bge-m3,ar,16,NQT,0.51357102394104,1.0428590660095214,0.6499712485576667,0.4924644572595187,29.810000000000002,0.5962807438512298
BAAI/bge-m3,ar,16,NMT,0.49519193172454834,0.7276292286753655,0.328924436495262,0.6805553051041597,20.07,0.40151969606078786
BAAI/bge-m3,ar,16,QMT,0.6767841577529907,1.1588294961452483,0.6293044534507756,0.5840239310473835,30.18,0.6036792641471705
BAAI/bge-m3,ar,17,NQM,0.6406444311141968,1.213318712067604,0.7183431101225974,0.5280100147981341,40.37,0.5994801039792041
BAAI/bge-m3,ar,17,NQT,0.5955654978752136,1.0052009909510613,0.5125267824968356,0.5924839939832655,30.29,0.6058788242351529
BAAI/bge-m3,ar,17,NMT,0.4979512393474579,0.7427958078026772,0.3363576840042293,0.6703743264515942,25.18,0.40311937612477505
BAAI/bge-m3,ar,17,QMT,0.5767825245857239,0.9888737874627114,0.5144608993160927,0.5832721343186479,29.91,0.5982803439312138
BAAI/bge-m3,ar,18,NQM,0.7514984607696533,1.2577713449716568,0.6736235106089286,0.5974841641713426,19.900000000000002,0.39812037592481503
BAAI/bge-m3,ar,18,NQT,0.5320912599563599,0.9134288922905922,0.48937281942210004,0.5825207243242109,25.16,0.4055188962207559
BAAI/bge-m3,ar,18,NMT,0.43406760692596436,0.5581716290473938,0.24290570180194393,0.7776597453833155,10.17,0.20355928814237154
BAAI/bge-m3,ar,18,QMT,0.809054970741272,1.2469586149930953,0.5916222550861043,0.648822632132906,30.330000000000002,0.6066786642671466
BAAI/bge-m3,ar,19,NQM,0.7599875926971436,1.1995339197278023,0.6070557031053674,0.6335690722851471,41.37,0.6160767846430714
BAAI/bge-m3,ar,19,NQT,0.5518733263015747,0.9684945772886276,0.5161198708393718,0.5698259331983202,29.87,0.5974805038992201
BAAI/bge-m3,ar,19,NMT,0.48005443811416626,0.7087101155042649,0.34173552757194287,0.6773636041188974,4.66,0.09338132373525294
BAAI/bge-m3,ar,19,QMT,0.7445644736289978,1.1912965507864952,0.5917145458694716,0.6250034662962891,20.05,0.40111977604479104
BAAI/bge-m3,ar,20,NQM,0.737563967704773,1.2690311702013015,0.6863821049026383,0.5812024046558247,20.84,0.4169166166766647
BAAI/bge-m3,ar,20,NQT,0.47292232513427734,0.9813797382831574,0.62129583359073,0.48189534253186633,29.6,0.5920815836832634
BAAI/bge-m3,ar,20,NMT,0.4195038974285126,0.6001177221059799,0.2372959173433598,0.6990360090611185,14.98,0.2997400519896021
BAAI/bge-m3,ar,20,QMT,0.8116426467895508,1.3139955228090285,0.6564739898245228,0.6176905725324106,55.14,0.6012797440511898
BAAI/bge-m3,ar,21,NQM,0.7174667119979858,1.20568399143219,0.6237709904876396,0.5950702813472185,20.37,0.40751849630073983
BAAI/bge-m3,ar,21,NQT,0.5656428933143616,0.8651443778991699,0.38073346692124965,0.6538132914731046,30.18,0.6036792641471705
BAAI/bge-m3,ar,21,NMT,0.5955466032028198,0.7815077392816544,0.3394015153905583,0.7620482475956947,20.13,0.40271945610877824
BAAI/bge-m3,ar,21,QMT,0.6845097541809082,1.040706873869896,0.4524267398609271,0.6577354021261365,29.61,0.5922815436912617
BAAI/bge-m3,ar,22,NQM,0.6087414622306824,1.2081609099745751,0.7295560205992496,0.5038579358133587,20.47,0.40951809638072384
BAAI/bge-m3,ar,22,NQT,0.5663726925849915,1.0289765744328498,0.5648829314176058,0.5504233105565243,29.89,0.597880423915217
BAAI/bge-m3,ar,22,NMT,0.5165334939956665,0.7460047504544258,0.3165447357592632,0.6923997383131003,4.72,0.09458108378324336
BAAI/bge-m3,ar,22,QMT,0.5740532875061035,1.0297355884552002,0.5593154877235887,0.5574763987391514,29.560000000000002,0.5912817436512697
BAAI/bge-m3,ar,23,NQM,0.7446537017822266,1.2726830714344979,0.6782647834698585,0.585105371867883,19.55,0.39112177564487105
BAAI/bge-m3,ar,23,NQT,0.4949040114879608,0.863109591782093,0.47039389521260117,0.5733964912445725,30.26,0.6052789442111578
BAAI/bge-m3,ar,23,NMT,0.4800774157047272,0.6287644691586495,0.2742888462790825,0.7635250387897329,34.56,0.3967206558688262
BAAI/bge-m3,ar,23,QMT,0.7791199088096619,1.2102974153876305,0.5719673929588615,0.6437425205601086,30.330000000000002,0.6066786642671466
BAAI/bge-m3,ar,24,NQM,0.7748579382896423,1.268261531472206,0.637166582956016,0.6109606883602086,20.3,0.40611877624475107
BAAI/bge-m3,ar,24,NQT,0.5159304141998291,0.8745148572683334,0.4676512386345463,0.5899618627530449,29.96,0.5992801439712058
BAAI/bge-m3,ar,24,NMT,0.6002057790756226,0.8442668745040893,0.38445625614342405,0.7109194938241112,19.94,0.39892021595680865
BAAI/bge-m3,ar,24,QMT,0.7683207392692566,1.2675791333913804,0.6533863217681937,0.6061323660425246,29.900000000000002,0.5980803839232154
BAAI/bge-m3,ar,25,NQM,0.72245854139328,1.2403301065325738,0.6622367979056853,0.5824727929989372,10.52,0.21055788842231554
BAAI/bge-m3,ar,25,NQT,0.5849059820175171,0.9659930396318436,0.49396542230239754,0.605497097825704,10.41,0.20835832833433313
BAAI/bge-m3,ar,25,NMT,0.48174241185188293,0.6620843366742134,0.2959388385850105,0.7276148749735527,20.64,0.41291741651669667
BAAI/bge-m3,ar,25,QMT,0.7112932801246643,1.1262339957952499,0.5506552929486317,0.6315679359525801,30.04,0.6008798240351929
BAAI/bge-m3,ar,26,NQM,0.7227821946144104,1.1892749837636947,0.6074624133623957,0.6077502717886288,25.43,0.40371925614877024
BAAI/bge-m3,ar,26,NQT,0.5446557402610779,0.9319872428059578,0.5118485589572256,0.584402570383565,30.23,0.6046790641871626
BAAI/bge-m3,ar,26,NMT,0.8612424731254578,1.0884125031113625,0.5276010210068682,0.7912831492312866,28.89,0.38712257548490303
BAAI/bge-m3,ar,26,QMT,0.6298673748970032,1.0595975877285004,0.5566135255725471,0.594440174450264,29.72,0.5944811037792441
BAAI/bge-m3,ar,27,NQM,0.69232177734375,1.2231569832921028,0.6868335352060816,0.5660122018678367,20.44,0.40891821635672865
BAAI/bge-m3,ar,27,NQT,0.5162113904953003,0.8117160071849823,0.3772588411833984,0.6359507339086202,29.8,0.5960807838432314
BAAI/bge-m3,ar,27,NMT,0.42224666476249695,0.6107524539351463,0.24853816553337052,0.6913548394954833,19.84,0.39692061587682465
BAAI/bge-m3,ar,27,QMT,0.6517204642295837,1.0537958055853844,0.5119554376971062,0.6184504253809722,29.53,0.5906818636272746
BAAI/bge-m3,ar,28,NQM,0.6384737491607666,1.1831022667050362,0.6549605515102036,0.5396606592077532,34.99,0.40171965606878624
BAAI/bge-m3,ar,28,NQT,0.535293698310852,0.9938493831038475,0.5784961133528629,0.538606460305445,15.15,0.3031393721255749
BAAI/bge-m3,ar,28,NMT,0.5567302703857422,0.8028235562562942,0.3728160047948544,0.6934652901581249,24.580000000000002,0.394121175764847
BAAI/bge-m3,ar,28,QMT,0.5531353950500488,0.96549769718647,0.5381613278377771,0.5729018273801713,9.88,0.1977604479104179
BAAI/bge-m3,ar,29,NQM,0.7407506704330444,1.209539674115181,0.6006710222748731,0.6124236238669195,19.85,0.397120575884823
BAAI/bge-m3,ar,29,NQT,0.48809537291526794,0.8779670008480549,0.49284913260212915,0.555938175857687,30.19,0.6038792241551689
BAAI/bge-m3,ar,29,NMT,0.528209388256073,0.7287851118087768,0.3362167586595397,0.7247807065437735,20.35,0.4071185762847431
BAAI/bge-m3,ar,29,QMT,0.7110244035720825,1.1393842356204986,0.5399493026607162,0.6240426902029593,29.560000000000002,0.5912817436512697
BAAI/bge-m3,ar,30,NQM,0.8167712092399597,1.281400547862053,0.6418716155522994,0.6374050725997118,15.27,0.30553889222155567
BAAI/bge-m3,ar,30,NQT,0.5002499222755432,0.8004344002127647,0.3947810372946552,0.6249730423154553,26.330000000000002,0.5266946610677864
BAAI/bge-m3,ar,30,NMT,0.4871858060359955,0.6352435114026069,0.299932699500466,0.7669276384414073,35.02,0.40071985602879423
BAAI/bge-m3,ar,30,QMT,0.8224133849143982,1.2223857425808906,0.5424487880856532,0.6727936659154078,5.15,0.10317936412717456
BAAI/bge-m3,ar,31,NQM,0.7586359977722168,1.2053134303331374,0.6262853639212249,0.6294097275278078,41.02,0.6132773445310937
BAAI/bge-m3,ar,31,NQT,0.5189290046691895,0.8255889492988586,0.3963857050165578,0.6285561417812916,30.62,0.6124775044991002
BAAI/bge-m3,ar,31,NMT,0.48225921392440796,0.6962848643660545,0.31620700514731603,0.6926176894033123,20.04,0.40091981603679266
BAAI/bge-m3,ar,31,QMT,0.6946713328361511,1.0920469791889191,0.5125530989134752,0.6361185425845494,29.900000000000002,0.5980803839232154
BAAI/bge-m3,ar,32,NQM,0.7642063498497009,1.2673516661286355,0.6142001788395942,0.6029947095769481,19.55,0.39112177564487105
BAAI/bge-m3,ar,32,NQT,0.509070098400116,0.9086760117292404,0.4899314835105481,0.5602327912572255,29.78,0.5956808638272345
BAAI/bge-m3,ar,32,NMT,0.8024372458457947,1.0166346775770188,0.4760859226779664,0.7893073721993059,10.25,0.20515896820635873
BAAI/bge-m3,ar,32,QMT,0.7517940998077393,1.2079058636665345,0.595635933781648,0.6223946107232938,30.0,0.6000799840031994
BAAI/bge-m3,ar,33,NQM,0.7654252648353577,1.3413010470032691,0.7337612894928145,0.5706588141006061,39.54,0.5950809838032394
BAAI/bge-m3,ar,33,NQT,0.4463716745376587,0.8989179536104203,0.5513150298934828,0.4965655349794182,29.830000000000002,0.5966806638672265
BAAI/bge-m3,ar,33,NMT,0.4256390631198883,0.6631250702798367,0.28239908105678685,0.641868453170724,19.45,0.38912217556488704
BAAI/bge-m3,ar,33,QMT,0.7163714170455933,1.1657886829614639,0.5954029984374662,0.6144950860435304,30.35,0.6070785842831433
BAAI/bge-m3,ar,34,NQM,0.7692070007324219,1.311037554037571,0.7008957428287214,0.5867162220967101,15.32,0.3065386922615477
BAAI/bge-m3,ar,34,NQT,0.5037747621536255,0.8997931384325027,0.49744899970938183,0.5598784216455279,30.39,0.607878424315137
BAAI/bge-m3,ar,34,NMT,0.5538859367370605,0.6831965623736381,0.3093701235033464,0.8107270546149664,24.77,0.39732053589282146
BAAI/bge-m3,ar,34,QMT,0.7832939624786377,1.2895507197141647,0.6494762171408273,0.6074161725501198,29.93,0.5986802639472105
BAAI/bge-m3,ar,35,NQM,0.7230199575424194,1.2115726214885711,0.6444212368433206,0.596761551654659,39.9,0.6008798240351929
BAAI/bge-m3,ar,35,NQT,0.4944450259208679,0.8139299627661705,0.4130023804686936,0.6074785897300932,30.13,0.6026794641071785
BAAI/bge-m3,ar,35,NMT,0.5542189478874207,0.7221209319472313,0.31993659977604894,0.7674877203630937,20.05,0.40111977604479104
BAAI/bge-m3,ar,35,QMT,0.7594371438026428,1.1484588897466659,0.5462159923613258,0.6612662852646845,30.76,0.6152769446110777
BAAI/bge-m3,ar,36,NQM,0.7696955800056458,1.2373120869994163,0.6245298133539262,0.6220706870096119,29.34,0.39212157568486306
BAAI/bge-m3,ar,36,NQT,0.5391513109207153,0.8842245715618133,0.4337368145356425,0.6097447732851374,24.94,0.4989002199560088
BAAI/bge-m3,ar,36,NMT,0.5032873153686523,0.7201015679955483,0.30984234579621667,0.6989115671125227,20.150000000000002,0.40311937612477505
BAAI/bge-m3,ar,36,QMT,0.7098137140274048,1.1761972402215004,0.5959823403428907,0.6034818734085193,24.45,0.4891021795640872
BAAI/bge-m3,ar,37,NQM,0.6625409126281738,1.188454766345024,0.6296115516085401,0.5574809672102169,20.31,0.40631873625274945
BAAI/bge-m3,ar,37,NQT,0.5034626722335815,0.8638164581775666,0.45543663334104945,0.5828352394386849,30.04,0.6008798240351929
BAAI/bge-m3,ar,37,NMT,0.6154152750968933,0.8418184912443161,0.38045748965994314,0.7310545937123564,19.96,0.3993201359728054
BAAI/bge-m3,ar,37,QMT,0.6394885778427124,1.093753512597084,0.5767798161413044,0.5846733934812074,29.55,0.5910817836432714
BAAI/bge-m3,ar,38,NQM,0.7415636777877808,1.2514084687948226,0.6681253205506102,0.5925832342347468,39.33,0.595880823835233
BAAI/bge-m3,ar,38,NQT,0.5308027267456055,0.9519417690992356,0.5383251691790111,0.5575999961082853,30.21,0.6042791441711658
BAAI/bge-m3,ar,38,NMT,0.4716736078262329,0.6884379552841187,0.31906668781487,0.6851359722473289,19.77,0.3955208958208358
BAAI/bge-m3,ar,38,QMT,0.7396921515464783,1.2103829768896104,0.6231424059424004,0.6111224014788244,45.08,0.6026794641071785
BAAI/bge-m3,ar,39,NQM,0.7081079483032227,1.2219999442100524,0.6437384749768865,0.5794664325949632,20.34,0.40691861627674464
BAAI/bge-m3,ar,39,NQT,0.47289082407951355,0.8858594395756721,0.5076524909314609,0.5338215104480853,30.060000000000002,0.6012797440511898
BAAI/bge-m3,ar,39,NMT,0.6180194020271301,0.8292032351374626,0.3821125206025795,0.745317162111568,10.23,0.20475904819036192
BAAI/bge-m3,ar,39,QMT,0.6428635120391846,1.1221494286775588,0.6040851723536248,0.5728858346398834,40.33,0.6022795440911818
BAAI/bge-m3,ar,40,NQM,0.6587231755256653,1.241333273112774,0.7091008638875519,0.5306577933525594,19.81,0.39632073585282945
BAAI/bge-m3,ar,40,NQT,0.5250853300094604,0.9671899469017983,0.5435223811359475,0.5428978368633013,54.93,0.6004799040191962
BAAI/bge-m3,ar,40,NMT,0.45451533794403076,0.6696613932371139,0.28321431154298055,0.6787241171933844,19.490000000000002,0.3899220155968806
BAAI/bge-m3,ar,40,QMT,0.6232683658599854,1.076532290482521,0.5546697413684459,0.5789592856337327,29.490000000000002,0.589882023595281
BAAI/bge-m3,ar,41,NQM,0.7267051935195923,1.2102635571241378,0.5825030286870839,0.6004520166217423,20.04,0.40091981603679266
BAAI/bge-m3,ar,41,NQT,0.7038214802742004,1.102224896967411,0.5269093221839053,0.6385461644080168,30.19,0.6038792241551689
BAAI/bge-m3,ar,41,NMT,0.7558269500732422,1.0446948701024055,0.47655643694110716,0.7234906303296285,20.13,0.40271945610877824
BAAI/bge-m3,ar,41,QMT,0.6682072877883911,1.0325621481180192,0.46775022588203646,0.6471351763239045,45.22,0.6032793441311738
BAAI/bge-m3,ar,42,NQM,0.6927496194839478,1.2871947862505912,0.715564033357876,0.538185538725873,20.22,0.40451909618076387
BAAI/bge-m3,ar,42,NQT,0.4632428288459778,0.9172872232079506,0.5486223160002999,0.5050139336133049,19.66,0.39332133573285344
BAAI/bge-m3,ar,42,NMT,0.585822582244873,0.8146901417970658,0.3680982750832444,0.7190741021511939,35.2,0.40071985602879423
BAAI/bge-m3,ar,42,QMT,0.7541403770446777,1.2384568245887757,0.6128820773802298,0.6089355414505289,29.11,0.5822835432913417
BAAI/bge-m3,ar,43,NQM,0.7683060765266418,1.2747622710108757,0.6626684223057279,0.6027053780912255,20.26,0.40531893621275744
BAAI/bge-m3,ar,43,NQT,0.5222297310829163,0.9361599754095078,0.5158092979744537,0.5578424038625638,30.18,0.6036792641471705
BAAI/bge-m3,ar,43,NMT,0.6106820702552795,0.7674186355113983,0.36162865339773376,0.7957613250394067,15.290000000000001,0.3059388122375525
BAAI/bge-m3,ar,43,QMT,0.8126615285873413,1.2709433151483536,0.6151127689656095,0.6394160297320909,24.85,0.4971005798840232
BAAI/bge-m3,ar,44,NQM,0.7785683274269104,1.2886540032863616,0.679971713417585,0.6041717368981739,29.5,0.3997200559888022
BAAI/bge-m3,ar,44,NQT,0.5196934938430786,0.8683571643829345,0.43501706323943634,0.5984789613750476,29.92,0.5984803039392121
BAAI/bge-m3,ar,44,NMT,0.5022607445716858,0.638603026497364,0.3012907451955515,0.7864991610292228,20.01,0.4003199360127974
BAAI/bge-m3,ar,44,QMT,0.8131995797157288,1.1989596286535262,0.5263609150339352,0.6782543467525275,10.38,0.20775844831033793
BAAI/bge-m3,ar,45,NQM,0.5935887098312378,1.1432750692009925,0.6992166902789592,0.5192002570698611,30.19,0.40091981603679266
BAAI/bge-m3,ar,45,NQT,0.5588110089302063,1.016260124719143,0.5814643468172636,0.5498700532839378,29.95,0.5990801839632074
BAAI/bge-m3,ar,45,NMT,0.4555617868900299,0.6837932191431523,0.29256325371691116,0.6662274122288301,31.03,0.40991801639672065
BAAI/bge-m3,ar,45,QMT,0.6261980533599854,1.0893540132164956,0.5825217154694444,0.5748343015788397,34.800000000000004,0.5930813837232554
BAAI/bge-m3,ar,46,NQM,0.5624299049377441,1.0993869215726852,0.6305001735976836,0.5115850424459027,20.23,0.40471905618876225
BAAI/bge-m3,ar,46,NQT,0.6621552109718323,1.0598157278895377,0.5211331620750813,0.6247833406754485,25.330000000000002,0.5066986602679464
BAAI/bge-m3,ar,46,NMT,0.5817325115203857,0.8983729597568512,0.3897148543777015,0.6475400947922418,20.69,0.41391721655668867
BAAI/bge-m3,ar,46,QMT,0.5610597133636475,0.9563832027435303,0.5037147563896798,0.5866473937994476,30.23,0.6046790641871626
BAAI/bge-m3,ar,47,NQM,0.6740849018096924,1.2015507949233055,0.6678570023759322,0.5610124055156219,20.3,0.40611877624475107
BAAI/bge-m3,ar,47,NQT,0.5218204259872437,0.9750640626430511,0.5666374715326582,0.5351652737280044,30.27,0.6054789042191562
BAAI/bge-m3,ar,47,NMT,0.5512376427650452,0.7970368742585182,0.36674363292559126,0.6916087079122517,20.51,0.41031793641271747
BAAI/bge-m3,ar,47,QMT,0.6672574281692505,1.1698452832221984,0.6232578744438049,0.5703809193732009,29.64,0.592881423715257
BAAI/bge-m3,ar,48,NQM,0.73212730884552,1.1794263860940932,0.6088587702416361,0.6207486261770736,50.21,0.6054789042191562
BAAI/bge-m3,ar,48,NQT,0.4755321145057678,0.860950443136692,0.4916082467230688,0.5523338983051268,25.18,0.5036992601479704
BAAI/bge-m3,ar,48,NMT,0.48340481519699097,0.6577699189066887,0.2889222403744209,0.7349147495217578,19.37,0.38752249550089984
BAAI/bge-m3,ar,48,QMT,0.7171984910964966,1.1765951059103013,0.605449829350277,0.6095542022002625,20.36,0.40731853629274145
BAAI/bge-m3,ar,49,NQM,0.6917616128921509,1.214979969072342,0.6553435949958447,0.5693605084038985,20.12,0.40251949610077986
BAAI/bge-m3,ar,49,NQT,0.5131779313087463,0.8647873520255088,0.4408213318117189,0.5934151674468704,29.990000000000002,0.5998800239952009
BAAI/bge-m3,ar,49,NMT,0.40491411089897156,0.5852784236133098,0.23559261418038016,0.6918316045182015,20.31,0.40631873625274945
BAAI/bge-m3,ar,49,QMT,0.6069412231445312,1.0299908878326416,0.5333967518855854,0.5892685365606467,29.82,0.5964807038592281
BAAI/bge-m3,ar,50,NQM,0.6314544677734375,1.160000817990303,0.6185413416203055,0.5443569159432884,20.13,0.40271945610877824
BAAI/bge-m3,ar,50,NQT,0.6396573185920715,1.0673692933321,0.5448860133750032,0.5992839803313041,30.2,0.6040791841631674
BAAI/bge-m3,ar,50,NMT,0.5191454291343689,0.8198823632955551,0.3450654437842122,0.6331950196452655,20.46,0.40931813637272546
BAAI/bge-m3,ar,50,QMT,0.6238570809364319,1.0171483867287636,0.5039110516014818,0.6133393013994707,25.39,0.5078984203159368
BAAI/bge-m3,ar,51,NQM,0.7846149802207947,1.271394032239914,0.6477914971139253,0.6171296705222535,34.78,0.40171965606878624
BAAI/bge-m3,ar,51,NQT,0.47970014810562134,0.8807660423636436,0.49911326165740766,0.5446396943480502,29.89,0.597880423915217
BAAI/bge-m3,ar,51,NMT,0.5383914113044739,0.6963419751524925,0.3081475434641672,0.7731709856867353,20.12,0.40251949610077986
BAAI/bge-m3,ar,51,QMT,0.7762268781661987,1.209140165424347,0.5802657896818326,0.6419660022567693,30.04,0.6008798240351929
BAAI/bge-m3,ar,52,NQM,0.69365394115448,1.234891744196415,0.6572283505186268,0.561712347996384,20.17,0.40351929614077187
BAAI/bge-m3,ar,52,NQT,0.47680073976516724,0.879315584897995,0.49111633380631287,0.542240747182863,10.200000000000001,0.20415916816636673
BAAI/bge-m3,ar,52,NMT,0.5130200386047363,0.7510783147573471,0.33002863502428925,0.6830446686106176,10.4,0.20815836832633472
BAAI/bge-m3,ar,52,QMT,0.6498461961746216,1.1001878541231156,0.5715871242656896,0.5906683969820579,29.830000000000002,0.5966806638672265
BAAI/bge-m3,ar,53,NQM,0.6516574621200562,1.1771556385517121,0.6496415971148433,0.5535864933894851,20.18,0.40371925614877024
BAAI/bge-m3,ar,53,NQT,0.5925355553627014,1.0057823800444603,0.5103387873696897,0.5891289876602525,30.01,0.6002799440111978
BAAI/bge-m3,ar,53,NMT,0.4565683901309967,0.6987999217510223,0.3015529859865214,0.6533606772397659,20.02,0.40051989602079585
BAAI/bge-m3,ar,53,QMT,0.5858154892921448,0.998705091559887,0.5098002233434812,0.586575050274919,29.55,0.5910817836432714
BAAI/bge-m3,ar,54,NQM,0.6628495454788208,1.2228538749217988,0.6686826409794671,0.5420513105220096,30.35,0.40731853629274145
BAAI/bge-m3,ar,54,NQT,0.5475431084632874,0.863428826713562,0.40021532296746354,0.6341496733978026,29.8,0.5960807838432314
BAAI/bge-m3,ar,54,NMT,0.5695916414260864,0.7586124178051948,0.3238452670269608,0.7508335324555706,20.0,0.40011997600479904
BAAI/bge-m3,ar,54,QMT,0.6473267078399658,1.0935049438476563,0.5637979966837329,0.5919741940641444,29.61,0.5922815436912617
BAAI/bge-m3,ar,55,NQM,0.9277114868164062,1.371629170846939,0.5184584539959808,0.6763573614017675,19.55,0.39112177564487105
BAAI/bge-m3,ar,55,NQT,0.5155683159828186,0.9818081230163574,0.5885383453396036,0.5251212572965276,30.36,0.6072785442911418
BAAI/bge-m3,ar,55,NMT,0.7647653222084045,1.046000008034706,0.4560162524483089,0.7311331896111215,20.22,0.40451909618076387
BAAI/bge-m3,ar,55,QMT,0.6370301246643066,1.1890371648550033,0.698226832463438,0.5357529129389772,29.77,0.5954809038192361
BAAI/bge-m3,ar,56,NQM,0.5874552130699158,1.2130391782045364,0.720374288132692,0.4842837920032767,19.03,0.3807238552289542
BAAI/bge-m3,ar,56,NQT,0.5019209980964661,0.9140500452876091,0.516737254113094,0.5491176338577672,30.35,0.6070785842831433
BAAI/bge-m3,ar,56,NMT,0.5491959452629089,0.7733560985922814,0.33623870126142996,0.7101462654291922,20.06,0.4013197360527894
BAAI/bge-m3,ar,56,QMT,0.647365152835846,1.0757867342114449,0.5494897813550621,0.6017597468421703,15.19,0.3039392121575685
BAAI/bge-m3,ar,57,NQM,0.8185818791389465,1.3238791015863418,0.6556999997932794,0.6183207198885912,39.87,0.6008798240351929
BAAI/bge-m3,ar,57,NQT,0.5660198330879211,0.93500902479887,0.4676603341243737,0.6053629623618578,14.950000000000001,0.2991401719656069
BAAI/bge-m3,ar,57,NMT,0.5269638895988464,0.7695948774695397,0.36513217112528895,0.6847289463916927,20.16,0.40331933613277343
BAAI/bge-m3,ar,57,QMT,0.7517695426940918,1.2389473406672478,0.6327740365490913,0.606780867933105,14.540000000000001,0.29094181163767247
BAAI/bge-m3,ar,58,NQM,0.7106219530105591,1.1488177407979965,0.5916184694730527,0.6185680528543417,40.59,0.6014797040591882
BAAI/bge-m3,ar,58,NQT,0.5863197445869446,0.9432244595885276,0.4498506000604383,0.621612107940987,44.37,0.5974805038992201
BAAI/bge-m3,ar,58,NMT,0.5450977683067322,0.8153044567108154,0.3903526291465014,0.6685818577579629,20.48,0.4097180563887223
BAAI/bge-m3,ar,58,QMT,0.5951662063598633,1.0340686273574828,0.554513344173537,0.5755577440543853,30.21,0.6042791441711658
BAAI/bge-m3,ar,59,NQM,0.6634216904640198,1.1939825022935868,0.6577252163889609,0.5556376992033475,19.7,0.394121175764847
BAAI/bge-m3,ar,59,NQT,0.5302728414535522,0.9644959900856018,0.5307443490112751,0.5497926864433508,14.86,0.29734053189362125
BAAI/bge-m3,ar,59,NMT,0.4066447913646698,0.6140260164260865,0.24605324653564986,0.6622598725227753,25.060000000000002,0.4039192161567686
BAAI/bge-m3,ar,59,QMT,0.6358604431152344,1.070507686138153,0.5649108631811153,0.5939802687531383,30.23,0.6046790641871626
BAAI/bge-m3,ar,60,NQM,0.7666481733322144,1.315598011493683,0.724330636004891,0.5827374065891197,40.34,0.6014797040591882
BAAI/bge-m3,ar,60,NQT,0.5047667026519775,0.9418329362869262,0.5434854961944081,0.5359408056395112,30.17,0.6034793041391722
BAAI/bge-m3,ar,60,NMT,0.4494608938694,0.6266167940020562,0.26501929077714736,0.7172819148335943,14.6,0.29214157168566285
BAAI/bge-m3,ar,60,QMT,0.7645926475524902,1.2136844814300538,0.5903786629322135,0.629976455372454,30.0,0.6000799840031994
BAAI/bge-m3,ar,61,NQM,0.6913731098175049,1.2570371649265288,0.7178876206323221,0.5500021233321006,39.42,0.6006798640271945
BAAI/bge-m3,ar,61,NQT,0.4539990723133087,0.8753688368856907,0.5251635921943513,0.518637462498651,54.95,0.6006798640271945
BAAI/bge-m3,ar,61,NMT,0.5508450269699097,0.7685791285037994,0.3372112712793085,0.7167056800534364,20.17,0.40351929614077187
BAAI/bge-m3,ar,61,QMT,0.6445367932319641,1.0807428524255753,0.5546231466908617,0.5963831190600016,44.52,0.5930813837232554
BAAI/bge-m3,ar,62,NQM,0.6100007891654968,1.097134856212139,0.5692632992647322,0.5559943572214724,20.13,0.40271945610877824
BAAI/bge-m3,ar,62,NQT,0.6549949645996094,0.9559855872869492,0.39299272107680033,0.6851515057436954,25.22,0.504499100179964
BAAI/bge-m3,ar,62,NMT,0.641010046005249,1.0043915430665016,0.49697159005841857,0.6382073310250572,20.11,0.4023195360927814
BAAI/bge-m3,ar,62,QMT,0.6087244153022766,0.9729148470401764,0.45398374635384353,0.6256708047508229,44.980000000000004,0.5998800239952009
BAAI/bge-m3,ar,63,NQM,0.6145586967468262,1.1135828357934952,0.6641593375150712,0.551875151980377,50.81,0.612877424515097
BAAI/bge-m3,ar,63,NQT,0.5613659620285034,0.9043258067369461,0.45277804038897973,0.6207563223850086,29.89,0.597880423915217
BAAI/bge-m3,ar,63,NMT,0.4379102885723114,0.7201919364452362,0.3101373299134154,0.6080466420287425,24.76,0.39492101579684064
BAAI/bge-m3,ar,63,QMT,0.5684000253677368,0.9553180166482925,0.494649448587216,0.5949851415566912,29.63,0.5926814637072585
BAAI/bge-m3,ar,64,NQM,0.7690058946609497,1.2933834946751595,0.6590259139382734,0.5945691265014135,19.44,0.3889222155568886
BAAI/bge-m3,ar,64,NQT,0.5597133636474609,0.9216974723339081,0.47183960616879084,0.6072636417560701,30.62,0.6124775044991002
BAAI/bge-m3,ar,64,NMT,0.527169406414032,0.6946933317422866,0.30905830392909056,0.7588519744260903,20.76,0.4153169366126775
BAAI/bge-m3,ar,64,QMT,0.768431544303894,1.2231779067397117,0.5759927432174569,0.6282254936662991,4.8100000000000005,0.09638072385522896
BAAI/bge-m3,ar,65,NQM,0.7401740550994873,1.3335609349370003,0.7161049631415372,0.5550357960462446,19.080000000000002,0.3817236552689462
BAAI/bge-m3,ar,65,NQT,0.5439674854278564,0.9365940476179123,0.48450339355982686,0.5807932335367453,30.17,0.6034793041391722
BAAI/bge-m3,ar,65,NMT,0.6938470005989075,0.9279096539616585,0.41373478459439517,0.7477527554927559,20.37,0.40751849630073983
BAAI/bge-m3,ar,65,QMT,0.7958014011383057,1.2097561953544618,0.5409210016542529,0.6578196534091532,30.09,0.6018796240751849
BAAI/bge-m3,ar,66,NQM,0.8054025769233704,1.2837663417696952,0.6452553904702926,0.6273747415845791,39.82,0.5990801839632074
BAAI/bge-m3,ar,66,NQT,0.6013018488883972,1.003449722146988,0.5166738587651816,0.5992346558243579,30.04,0.6008798240351929
BAAI/bge-m3,ar,66,NMT,0.48121318221092224,0.6639974577367306,0.29827042031533296,0.7247214226548959,28.8,0.3823235352929414
BAAI/bge-m3,ar,66,QMT,0.7516912221908569,1.2128976366758346,0.6097619091023242,0.6197482783875999,20.14,0.4029194161167766
BAAI/bge-m3,ar,67,NQM,0.6593946814537048,1.1532567008256913,0.6365389213981909,0.5717674833200879,56.13,0.6114777044591082
BAAI/bge-m3,ar,67,NQT,0.5471391081809998,1.0009191625595093,0.5627882643317937,0.5466366602287156,30.02,0.6004799040191962
BAAI/bge-m3,ar,67,NMT,0.4625696539878845,0.7093740625739098,0.326817276525933,0.652081431211107,5.05,0.10117976404719056
BAAI/bge-m3,ar,67,QMT,0.6433507800102234,1.1220708257079124,0.6023212626655975,0.5733602240337736,44.57,0.5966806638672265
BAAI/bge-m3,ar,68,NQM,0.7854176759719849,1.2864839403986932,0.633521876164486,0.6105149479969149,19.900000000000002,0.39812037592481503
BAAI/bge-m3,ar,68,NQT,0.5639271140098572,0.9153583544969559,0.43035424161283475,0.6160725045429369,4.88,0.09778044391121776
BAAI/bge-m3,ar,68,NMT,0.6453405618667603,0.8350890908956528,0.361162056627603,0.7727804959993484,25.54,0.40671865626874626
BAAI/bge-m3,ar,68,QMT,0.7134055495262146,1.0845798086285592,0.4909085258950114,0.6577713727011489,56.43,0.613877224555089
BAAI/bge-m3,ar,69,NQM,0.7658733129501343,1.2355650625705719,0.6418281771918796,0.6198567247896506,40.76,0.6130773845230953
BAAI/bge-m3,ar,69,NQT,0.5544297695159912,0.9129199974060058,0.4545140337194071,0.6073147385211791,35.660000000000004,0.6072785442911418
BAAI/bge-m3,ar,69,NMT,0.4235037565231323,0.6839106009483338,0.32222213907057656,0.6192384734719251,14.34,0.28694261147770445
BAAI/bge-m3,ar,69,QMT,0.6770778894424438,1.1085404154777527,0.5618521573206209,0.6107832244889598,30.37,0.6074785042991402
BAAI/bge-m3,ar,70,NQM,0.6420037746429443,1.1859828558206558,0.6694269053029404,0.5413263534894527,54.25,0.5922815436912617
BAAI/bge-m3,ar,70,NQT,0.5651543140411377,0.9956939868688583,0.5340552862169973,0.5675984002050681,30.07,0.6014797040591882
BAAI/bge-m3,ar,70,NMT,0.6564925312995911,1.005792910706997,0.46229030212824657,0.6527114322544522,20.3,0.40611877624475107
BAAI/bge-m3,ar,70,QMT,0.5790969133377075,1.0717782827615738,0.6075044947504825,0.5403140954163111,29.95,0.5990801839632074
BAAI/bge-m3,ar,71,NQM,0.7129690051078796,1.2167164541363715,0.652486361691435,0.5859779430807163,20.41,0.40831833633273346
BAAI/bge-m3,ar,71,NQT,0.4576769173145294,0.8185230175673962,0.45511942716037157,0.5591497214997814,30.11,0.6022795440911818
BAAI/bge-m3,ar,71,NMT,0.5671515464782715,0.8083188900113106,0.3639031530522178,0.7016433161293977,20.04,0.40091981603679266
BAAI/bge-m3,ar,71,QMT,0.6862882375717163,1.159653032398224,0.6139146945275807,0.5918048057459429,30.080000000000002,0.6016796640671865
BAAI/bge-m3,ar,72,NQM,0.5618689060211182,1.0713663814663887,0.605672154258444,0.5244414196118032,20.53,0.4107178564287143
BAAI/bge-m3,ar,72,NQT,0.6183931827545166,1.0094955842971802,0.48892437102536307,0.6125764117972193,30.42,0.6084783043391322
BAAI/bge-m3,ar,72,NMT,0.5930927395820618,0.9823955893158912,0.48471452427622175,0.603720890068805,26.01,0.4191161767646471
BAAI/bge-m3,ar,72,QMT,0.573722243309021,0.9857746325016021,0.5086133095359237,0.5820014274992074,30.02,0.6004799040191962
BAAI/bge-m3,ar,73,NQM,0.7478330135345459,1.303521427977085,0.6824362816125288,0.5737021252458602,20.21,0.40431913617276544
BAAI/bge-m3,ar,73,NQT,0.5664113163948059,1.015624973988533,0.5544629954290163,0.5576973104253768,29.86,0.5972805438912218
BAAI/bge-m3,ar,73,NMT,0.5783493518829346,0.7257787621855736,0.3304480780648631,0.796867285204827,20.05,0.40111977604479104
BAAI/bge-m3,ar,73,QMT,0.8032142519950867,1.254177580153942,0.5966546439590438,0.6404310399934409,15.01,0.30033993201359727
BAAI/bge-m3,ar,74,NQM,0.7645578980445862,1.2908905524492265,0.6781338401471352,0.5922716659389802,19.66,0.39332133573285344
BAAI/bge-m3,ar,74,NQT,0.5151318907737732,0.9353792791247368,0.5178311728455514,0.5507198013358252,29.71,0.5942811437712457
BAAI/bge-m3,ar,74,NMT,0.6865194439888,0.8676523315668107,0.4139712166431667,0.7912379406026476,19.97,0.39952009598080385
BAAI/bge-m3,ar,74,QMT,0.7207031846046448,1.1920032227635384,0.6081916881984304,0.6046151309332561,30.11,0.6022795440911818
BAAI/bge-m3,ar,75,NQM,0.5605836510658264,1.1394200331687927,0.6844956893879633,0.49199034135490755,20.35,0.4071185762847431
BAAI/bge-m3,ar,75,NQT,0.6068277955055237,1.0513070007681846,0.550282678357218,0.5772127409610518,29.95,0.5990801839632074
BAAI/bge-m3,ar,75,NMT,0.5833392143249512,0.9108735341191292,0.39127635069687977,0.6404173493617155,35.1,0.40271945610877824
BAAI/bge-m3,ar,75,QMT,0.5481559038162231,0.9368267528891563,0.48723583533440923,0.5851198229823555,55.160000000000004,0.5982803439312138
BAAI/bge-m3,ar,76,NQM,0.7555860877037048,1.3021986224412918,0.6933598521207747,0.5802387398372396,20.080000000000002,0.40171965606878624
BAAI/bge-m3,ar,76,NQT,0.4741264283657074,0.9340390716552734,0.571056234981966,0.507608774357767,30.080000000000002,0.6016796640671865
BAAI/bge-m3,ar,76,NMT,0.42706361413002014,0.5766694099605083,0.24228998482413167,0.7405692182606425,19.650000000000002,0.393121375724855
BAAI/bge-m3,ar,76,QMT,0.8374278545379639,1.327231455230713,0.6448836275048523,0.6309584144023791,30.1,0.6020795840831834
BAAI/bge-m3,ar,77,NQM,0.792610228061676,1.3165979516744615,0.6654333484717808,0.6020138699540166,19.63,0.39272145570885825
BAAI/bge-m3,ar,77,NQT,0.4918023645877838,0.9612753519535064,0.5757920941286655,0.5116144542641503,35.11,0.5956808638272345
BAAI/bge-m3,ar,77,NMT,0.6464486122131348,0.8299337263941765,0.38155498842737207,0.7789159443139988,19.57,0.3915216956608678
BAAI/bge-m3,ar,77,QMT,0.7929186224937439,1.3549733449220658,0.7083436241223703,0.5851913068730995,29.42,0.5884823035392921
BAAI/bge-m3,ar,78,NQM,0.6514583826065063,1.135147103524208,0.5721733913371513,0.5738977623106268,19.81,0.39632073585282945
BAAI/bge-m3,ar,78,NQT,0.6220028400421143,1.09934888920784,0.5878634675444767,0.5657920303078181,29.44,0.588882223555289
BAAI/bge-m3,ar,78,NMT,0.6827154159545898,1.0192033253192903,0.4636614832424559,0.6698520295153498,20.21,0.40431913617276544
BAAI/bge-m3,ar,78,QMT,0.556016206741333,1.0498614032268525,0.6141471985823149,0.5296091512954307,19.64,0.3929214157168566
BAAI/bge-m3,ar,79,NQM,0.7020590305328369,1.2197289872884751,0.6588709344713913,0.5755860833421507,40.26,0.5984803039392121
BAAI/bge-m3,ar,79,NQT,0.46305131912231445,0.9796626374959946,0.6431148980939146,0.47266405944131457,55.29,0.6042791441711658
BAAI/bge-m3,ar,79,NMT,0.4899708330631256,0.6930451765477658,0.2981154166372951,0.7069825310711892,19.91,0.39832033593281346
BAAI/bge-m3,ar,79,QMT,0.7212601900100708,1.2265773375034332,0.6457591682345463,0.5880266722337546,29.55,0.5910817836432714
BAAI/bge-m3,ar,80,NQM,0.7585992217063904,1.3175020638465882,0.6880335194453243,0.5757859835839672,19.94,0.39892021595680865
BAAI/bge-m3,ar,80,NQT,0.5331346988677979,0.9543666394233704,0.5184223179235082,0.5586267130935758,29.93,0.5986802639472105
BAAI/bge-m3,ar,80,NMT,0.6122244596481323,0.7987121357917786,0.3807381952331387,0.7665145328491297,19.580000000000002,0.39172165566886624
BAAI/bge-m3,ar,80,QMT,0.8401066660881042,1.2889093483924865,0.5938975991305655,0.6517965496450345,29.84,0.596880623875225
BAAI/bge-m3,ar,81,NQM,0.7500964999198914,1.2588993353962898,0.6602415718085776,0.5958351703181828,20.77,0.41551689662067587
BAAI/bge-m3,ar,81,NQT,0.5232914090156555,0.9207784331798553,0.5097738655395018,0.568314146116488,24.52,0.490501899620076
BAAI/bge-m3,ar,81,NMT,0.5445330142974854,0.7465105255842209,0.32734991840851435,0.7294378252344172,20.47,0.40951809638072384
BAAI/bge-m3,ar,81,QMT,0.7288080453872681,1.165419645190239,0.5913343252631169,0.6253610434614517,41.050000000000004,0.6180763847230554
BAAI/bge-m3,ar,82,NQM,0.770103394985199,1.2295537461042405,0.5906873625664083,0.6263275578026533,19.400000000000002,0.38812237552489504
BAAI/bge-m3,ar,82,NQT,0.6105307340621948,1.0187627185344696,0.5283466937900784,0.5992864903221704,29.82,0.5964807038592281
BAAI/bge-m3,ar,82,NMT,0.5857086777687073,0.7872960254788399,0.35342609303341443,0.7439497454743665,25.39,0.4107178564287143
BAAI/bge-m3,ar,82,QMT,0.7064908146858215,1.1561466371178628,0.5764058815281127,0.6110737098595111,29.69,0.593881223755249
BAAI/bge-m3,ar,83,NQM,0.6995298266410828,1.218684535264969,0.6570290610005303,0.5740040235173867,49.800000000000004,0.597880423915217
BAAI/bge-m3,ar,83,NQT,0.5282038450241089,1.0499006171941758,0.6492462661405143,0.5030988994322271,30.14,0.6028794241151769
BAAI/bge-m3,ar,83,NMT,0.7622230648994446,0.9864692580938339,0.4551329799075074,0.7726779711022363,20.240000000000002,0.40491901619676063
BAAI/bge-m3,ar,83,QMT,0.6614340543746948,1.199815364408493,0.6922676442268203,0.5512798668820427,30.25,0.6050789842031594
BAAI/bge-m3,ar,84,NQM,0.7614297270774841,1.254895636355877,0.6375708117669142,0.6067673717377903,4.95,0.09918016396720655
BAAI/bge-m3,ar,84,NQT,0.550541341304779,0.9037788943171501,0.44117763870289284,0.6091548992412921,29.87,0.5974805038992201
BAAI/bge-m3,ar,84,NMT,0.632799506187439,0.8103981768250466,0.3602119923549167,0.7808501108255461,19.43,0.3887222555488902
BAAI/bge-m3,ar,84,QMT,0.7374645471572876,1.1423197751283645,0.5261343827002746,0.6455850307535574,30.25,0.6050789842031594
BAAI/bge-m3,ar,85,NQM,0.6682959794998169,1.2565813935518264,0.7329540620837798,0.5318366028087474,19.66,0.39332133573285344
BAAI/bge-m3,ar,85,NQT,0.481009304523468,0.9011337562024594,0.5170176745834191,0.5337823616218689,20.3,0.40611877624475107
BAAI/bge-m3,ar,85,NMT,0.4506952166557312,0.6375342436432838,0.2705170170961254,0.7069349154948286,20.29,0.40591881623675263
BAAI/bge-m3,ar,85,QMT,0.712626039981842,1.1892266654610635,0.6064765468066879,0.5992348310697839,29.05,0.5810837832433513
BAAI/bge-m3,ar,86,NQM,0.6607786417007446,1.2176244600057602,0.705178961361373,0.5426785215016755,20.12,0.40251949610077986
BAAI/bge-m3,ar,86,NQT,0.5185699462890625,1.0122373289823532,0.6029528030714043,0.5123007534309088,29.560000000000002,0.5912817436512697
BAAI/bge-m3,ar,86,NMT,0.6778574585914612,0.8786631261587143,0.39685212593872976,0.7714645561082157,19.64,0.3929214157168566
BAAI/bge-m3,ar,86,QMT,0.6245253086090088,1.095900069141388,0.6097033776287435,0.5698743217506499,30.580000000000002,0.6116776644671066
BAAI/bge-m3,ar,87,NQM,0.6727784276008606,1.2464410757303237,0.6927867694829937,0.5397595126637829,20.42,0.40851829634073183
BAAI/bge-m3,ar,87,NQT,0.5235350728034973,0.8790777143478393,0.4489117776183601,0.5955503867952066,29.52,0.5904819036192761
BAAI/bge-m3,ar,87,NMT,0.4604355990886688,0.684028027677536,0.2890542348659622,0.6731238786388647,35.68,0.41051789642071584
BAAI/bge-m3,ar,87,QMT,0.6865824460983276,1.1726393680572509,0.6236536861009648,0.585501787506269,29.68,0.5936812637472505
BAAI/bge-m3,ar,88,NQM,0.656654417514801,1.185875582432747,0.6487537085068839,0.5537296047256183,10.08,0.20175964807038593
BAAI/bge-m3,ar,88,NQT,0.5112029314041138,0.9560893311262131,0.5502353375122884,0.5346811377985091,30.21,0.6042791441711658
BAAI/bge-m3,ar,88,NMT,0.5250676274299622,0.7806542316913605,0.34964696205124557,0.6725994763285679,19.7,0.394121175764847
BAAI/bge-m3,ar,88,QMT,0.6253441572189331,1.0846967272996904,0.5713234470477294,0.5765152060291784,30.18,0.6036792641471705
BAAI/bge-m3,ar,89,NQM,0.6736395359039307,1.2047687267184257,0.6391038978900249,0.5591442747175592,15.06,0.30133973205358927
BAAI/bge-m3,ar,89,NQT,0.4965345859527588,0.8616379032611847,0.46055219557317706,0.5762682724063847,44.53,0.5986802639472105
BAAI/bge-m3,ar,89,NMT,0.5185708403587341,0.7699599895238877,0.3437280242853173,0.673503620205933,29.900000000000002,0.40071985602879423
BAAI/bge-m3,ar,89,QMT,0.656091034412384,1.1146635940313339,0.5746651644322743,0.5886000385452189,34.32,0.584883023395321
BAAI/bge-m3,ar,90,NQM,0.6936545968055725,1.2520930970311164,0.6954280207165632,0.553996023498387,39.46,0.5930813837232554
BAAI/bge-m3,ar,90,NQT,0.5530186295509338,0.8992126942515373,0.427588522335535,0.6150031389521539,38.99,0.588882223555289
BAAI/bge-m3,ar,90,NMT,0.45230305194854736,0.6520876440048218,0.27285006170985143,0.6936230982234487,5.14,0.10297940411917617
BAAI/bge-m3,ar,90,QMT,0.6928508281707764,1.0986426038742065,0.5213961432319342,0.6306425999928512,29.88,0.5976804639072185
BAAI/bge-m3,ar,91,NQM,0.8145008087158203,1.3196828341960907,0.5828790009256399,0.6171943648955405,19.53,0.39072185562887424
BAAI/bge-m3,ar,91,NQT,0.513948380947113,0.9296677849292755,0.5169799864262637,0.5528301499504567,50.300000000000004,0.6050789842031594
BAAI/bge-m3,ar,91,NMT,0.6586862802505493,0.9328251744627952,0.4363249282640071,0.7061197513555251,19.59,0.3919216156768646
BAAI/bge-m3,ar,91,QMT,0.6859806180000305,1.1815951264500617,0.6473637081525347,0.5805547117144798,40.85,0.6106778644271146
BAAI/bge-m3,ar,92,NQM,0.6795751452445984,1.2043020585894584,0.6348762776668708,0.5642896152149637,30.21,0.40771845630873826
BAAI/bge-m3,ar,92,NQT,0.5032781958580017,0.8993330538034439,0.4836026400174759,0.5596126971303753,40.08,0.5950809838032394
BAAI/bge-m3,ar,92,NMT,0.6391293406486511,0.824259132027626,0.3673005118556226,0.7753985558833391,29.48,0.39012197560487905
BAAI/bge-m3,ar,92,QMT,0.6892512440681458,1.1318179961442947,0.5722687221373004,0.6089771026928119,30.060000000000002,0.6012797440511898
BAAI/bge-m3,ar,93,NQM,0.634623646736145,1.082775286078453,0.5369353982461298,0.5861083595969486,20.71,0.4143171365726855
BAAI/bge-m3,ar,93,NQT,0.6124334931373596,0.992438220012188,0.49294950634464363,0.6170998665581635,4.99,0.09998000399920016
BAAI/bge-m3,ar,93,NMT,0.7768808007240295,1.1260675357818604,0.5408661510909181,0.6899060456297849,20.16,0.40331933613277343
BAAI/bge-m3,ar,93,QMT,0.5781410336494446,0.9866876713871956,0.5036454538112025,0.5859412764690203,29.650000000000002,0.5930813837232554
BAAI/bge-m3,ar,94,NQM,0.727983832359314,1.2336759995460511,0.6502968688737552,0.5900932113671629,20.37,0.40751849630073983
BAAI/bge-m3,ar,94,NQT,0.47230473160743713,0.8810166784524918,0.5072925607387809,0.5360905680429406,39.5,0.5946810637872425
BAAI/bge-m3,ar,94,NMT,0.46533265709877014,0.6912739747405052,0.2982164788505579,0.6731522870838245,19.62,0.3925214957008598
BAAI/bge-m3,ar,94,QMT,0.6461846232414246,1.0651086968898773,0.5471888816900218,0.6066842052155617,55.45,0.6032793441311738
BAAI/bge-m3,ar,95,NQM,0.6955674290657043,1.1559575461626053,0.6008728815851789,0.6017240264351881,16.2,0.3241351729654069
BAAI/bge-m3,ar,95,NQT,0.5824652910232544,0.9345767921686172,0.49080239583098745,0.623239626645407,30.28,0.6056788642271546
BAAI/bge-m3,ar,95,NMT,0.6120377779006958,0.8532527463436127,0.3895166584267573,0.7172995112206827,24.76,0.39432113577284544
BAAI/bge-m3,ar,95,QMT,0.6747980713844299,1.0757681738615037,0.5376212606415836,0.6272709007198026,29.98,0.5996800639872025
