model,language,template_id,representation,cv_adjacent_norm,cos_step_12,cos_step_23,cos_step_34
sentence-transformers/paraphrase-multilingual-mpnet-base-v2,en,0,mean_pool,0.4488377869129181,0.032545287162065506,-0.16321727633476257,-0.0429287850856781
sentence-transformers/paraphrase-multilingual-mpnet-base-v2,en,1,mean_pool,0.38540545105934143,0.1887923926115036,-0.30936741828918457,0.0011669176165014505
sentence-transformers/paraphrase-multilingual-mpnet-base-v2,en,2,mean_pool,0.3693654239177704,0.23821185529232025,-0.16511701047420502,-0.0434517040848732
sentence-transformers/paraphrase-multilingual-mpnet-base-v2,en,3,mean_pool,0.393679141998291,0.19011199474334717,-0.21131174266338348,-0.004907684866338968
sentence-transformers/paraphrase-multilingual-mpnet-base-v2,en,4,mean_pool,0.41899168491363525,0.12014947831630707,-0.20103523135185242,-0.0727447122335434
sentence-transformers/paraphrase-multilingual-mpnet-base-v2,en,5,mean_pool,0.4383058249950409,0.171735942363739,-0.1612386703491211,-0.03665905445814133
sentence-transformers/paraphrase-multilingual-mpnet-base-v2,en,6,mean_pool,0.3901466429233551,0.1752418726682663,-0.2546452283859253,-0.05915826931595802
sentence-transformers/paraphrase-multilingual-mpnet-base-v2,en,7,mean_pool,0.32717055082321167,0.1599739044904709,-0.1689525693655014,-0.06166941672563553
sentence-transformers/paraphrase-multilingual-mpnet-base-v2,en,8,mean_pool,0.35957494378089905,0.218055859208107,-0.20859304070472717,-0.0010589997982606292
sentence-transformers/paraphrase-multilingual-mpnet-base-v2,en,9,mean_pool,0.3966008722782135,0.09395541995763779,-0.2540673613548279,-0.056306470185518265
sentence-transformers/paraphrase-multilingual-mpnet-base-v2,en,10,mean_pool,0.4651931822299957,0.1488325595855713,-0.27922552824020386,-0.04291590675711632
sentence-transformers/paraphrase-multilingual-mpnet-base-v2,en,11,mean_pool,0.4078897535800934,0.12768928706645966,-0.2373925894498825,-0.05308747664093971
sentence-transformers/paraphrase-multilingual-mpnet-base-v2,en,12,mean_pool,0.347048819065094,0.15573865175247192,-0.24818819761276245,-0.14834840595722198
sentence-transformers/paraphrase-multilingual-mpnet-base-v2,en,13,mean_pool,0.3871259391307831,0.08835481107234955,-0.21752320230007172,-0.09168911725282669
sentence-transformers/paraphrase-multilingual-mpnet-base-v2,en,14,mean_pool,0.427295058965683,0.11174218356609344,-0.13696497678756714,-0.013272663578391075
sentence-transformers/paraphrase-multilingual-mpnet-base-v2,en,15,mean_pool,0.39700618386268616,0.28048914670944214,-0.16369041800498962,-0.03772447630763054
sentence-transformers/paraphrase-multilingual-mpnet-base-v2,en,16,mean_pool,0.37746819853782654,0.09126335382461548,-0.10414339601993561,0.005320901982486248
sentence-transformers/paraphrase-multilingual-mpnet-base-v2,en,17,mean_pool,0.38034817576408386,0.11369752138853073,-0.2035313993692398,-0.030679984018206596
sentence-transformers/paraphrase-multilingual-mpnet-base-v2,en,18,mean_pool,0.3742888569831848,0.05680788308382034,-0.17176982760429382,-0.04180602356791496
sentence-transformers/paraphrase-multilingual-mpnet-base-v2,en,19,mean_pool,0.3975803256034851,0.24861499667167664,-0.16568320989608765,0.09056125581264496
sentence-transformers/paraphrase-multilingual-mpnet-base-v2,en,20,mean_pool,0.4130495488643646,0.03810156509280205,-0.17942923307418823,-0.061269570142030716
sentence-transformers/paraphrase-multilingual-mpnet-base-v2,en,21,mean_pool,0.40090078115463257,0.09641803056001663,-0.1951984167098999,-0.0651450976729393
sentence-transformers/paraphrase-multilingual-mpnet-base-v2,en,22,mean_pool,0.3808137774467468,0.21153642237186432,-0.24317847192287445,-0.0643305554986
sentence-transformers/paraphrase-multilingual-mpnet-base-v2,en,23,mean_pool,0.4018312096595764,0.14557822048664093,-0.18507635593414307,0.021517165005207062
sentence-transformers/paraphrase-multilingual-mpnet-base-v2,en,24,mean_pool,0.4283847510814667,0.11822690069675446,-0.20702767372131348,-0.17454613745212555
sentence-transformers/paraphrase-multilingual-mpnet-base-v2,en,25,mean_pool,0.363452672958374,0.20087642967700958,-0.2548683285713196,0.0104497279971838
sentence-transformers/paraphrase-multilingual-mpnet-base-v2,en,26,mean_pool,0.34990471601486206,0.19745232164859772,-0.17528760433197021,0.034602273255586624
sentence-transformers/paraphrase-multilingual-mpnet-base-v2,en,27,mean_pool,0.3890649378299713,0.19918467104434967,-0.23763059079647064,-0.029606368392705917
sentence-transformers/paraphrase-multilingual-mpnet-base-v2,en,28,mean_pool,0.3489606976509094,0.32199981808662415,-0.2813706696033478,0.014386997558176517
sentence-transformers/paraphrase-multilingual-mpnet-base-v2,en,29,mean_pool,0.44943422079086304,0.11433272808790207,-0.18817691504955292,-0.15938502550125122
sentence-transformers/paraphrase-multilingual-mpnet-base-v2,en,30,mean_pool,0.4236299991607666,0.07359730452299118,-0.20628902316093445,-0.04568270593881607
sentence-transformers/paraphrase-multilingual-mpnet-base-v2,en,31,mean_pool,0.4055146276950836,0.21087127923965454,-0.2384825050830841,-0.017040053382515907
sentence-transformers/paraphrase-multilingual-mpnet-base-v2,en,32,mean_pool,0.424420028924942,0.1252434402704239,-0.28803399205207825,-0.07426101714372635
sentence-transformers/paraphrase-multilingual-mpnet-base-v2,en,33,mean_pool,0.36605963110923767,0.12432582676410675,-0.18635903298854828,-0.05183713883161545
sentence-transformers/paraphrase-multilingual-mpnet-base-v2,en,34,mean_pool,0.4598827660083771,0.11159858852624893,-0.22246384620666504,-0.10897228121757507
sentence-transformers/paraphrase-multilingual-mpnet-base-v2,en,35,mean_pool,0.34886258840560913,0.1770864576101303,-0.30249595642089844,-0.04760507121682167
sentence-transformers/paraphrase-multilingual-mpnet-base-v2,en,36,mean_pool,0.3909972608089447,0.27831554412841797,-0.23062829673290253,0.06683255732059479
sentence-transformers/paraphrase-multilingual-mpnet-base-v2,en,37,mean_pool,0.40253907442092896,0.15131884813308716,-0.2059284746646881,-0.09456218034029007
sentence-transformers/paraphrase-multilingual-mpnet-base-v2,en,38,mean_pool,0.3549431264400482,0.11882660537958145,-0.24903932213783264,-0.037779148668050766
sentence-transformers/paraphrase-multilingual-mpnet-base-v2,en,39,mean_pool,0.3591425120830536,0.15941861271858215,-0.32538530230522156,-0.03520777076482773
sentence-transformers/paraphrase-multilingual-mpnet-base-v2,en,40,mean_pool,0.39800935983657837,0.18650077283382416,-0.1918567419052124,0.02715170755982399
sentence-transformers/paraphrase-multilingual-mpnet-base-v2,en,41,mean_pool,0.3830653131008148,0.16371431946754456,-0.15734292566776276,-0.007023755460977554
sentence-transformers/paraphrase-multilingual-mpnet-base-v2,en,42,mean_pool,0.38870346546173096,0.2250441163778305,-0.20119301974773407,-0.07550553977489471
sentence-transformers/paraphrase-multilingual-mpnet-base-v2,en,43,mean_pool,0.42902669310569763,0.13102053105831146,-0.23429110646247864,-0.07093121856451035
sentence-transformers/paraphrase-multilingual-mpnet-base-v2,en,44,mean_pool,0.3949165940284729,0.07729566097259521,-0.22805927693843842,-0.10941865295171738
sentence-transformers/paraphrase-multilingual-mpnet-base-v2,en,45,mean_pool,0.3867068588733673,0.2309299260377884,-0.26637616753578186,-0.005059065762907267
sentence-transformers/paraphrase-multilingual-mpnet-base-v2,en,46,mean_pool,0.3596745729446411,0.183970108628273,-0.29064399003982544,-0.04728742316365242
sentence-transformers/paraphrase-multilingual-mpnet-base-v2,en,47,mean_pool,0.4101802706718445,0.23418296873569489,-0.24872878193855286,0.03824223205447197
sentence-transformers/paraphrase-multilingual-mpnet-base-v2,en,48,mean_pool,0.4180890917778015,0.05611710995435715,-0.21153146028518677,-0.05757097527384758
sentence-transformers/paraphrase-multilingual-mpnet-base-v2,en,49,mean_pool,0.3972707688808441,0.09417661279439926,-0.26079028844833374,-0.06690622121095657
sentence-transformers/paraphrase-multilingual-mpnet-base-v2,en,50,mean_pool,0.37224280834198,0.3069204092025757,-0.17598623037338257,0.017159152776002884
sentence-transformers/paraphrase-multilingual-mpnet-base-v2,en,51,mean_pool,0.3965194523334503,0.20421919226646423,-0.1634828746318817,-0.08210311084985733
sentence-transformers/paraphrase-multilingual-mpnet-base-v2,en,52,mean_pool,0.4324016571044922,0.0854962095618248,-0.22248797118663788,-0.06305137276649475
sentence-transformers/paraphrase-multilingual-mpnet-base-v2,en,53,mean_pool,0.43274030089378357,0.13448908925056458,-0.2499786913394928,-0.07337445020675659
sentence-transformers/paraphrase-multilingual-mpnet-base-v2,en,54,mean_pool,0.38965871930122375,0.15077291429042816,-0.19258174300193787,-0.06930971890687943
sentence-transformers/paraphrase-multilingual-mpnet-base-v2,en,55,mean_pool,0.38984906673431396,0.07850769907236099,-0.19873622059822083,-0.092137910425663
sentence-transformers/paraphrase-multilingual-mpnet-base-v2,en,56,mean_pool,0.43019160628318787,0.20915910601615906,-0.18705080449581146,0.019293248653411865
sentence-transformers/paraphrase-multilingual-mpnet-base-v2,en,57,mean_pool,0.41490229964256287,0.15936385095119476,-0.22433768212795258,-0.06540512293577194
sentence-transformers/paraphrase-multilingual-mpnet-base-v2,en,58,mean_pool,0.3456009328365326,0.15093755722045898,-0.2243252992630005,-0.0013611167669296265
sentence-transformers/paraphrase-multilingual-mpnet-base-v2,en,59,mean_pool,0.46872425079345703,0.1325247436761856,-0.18467818200588226,-0.16959157586097717
sentence-transformers/paraphrase-multilingual-mpnet-base-v2,en,60,mean_pool,0.31390756368637085,0.17239414155483246,-0.21746131777763367,-0.05469292774796486
sentence-transformers/paraphrase-multilingual-mpnet-base-v2,en,61,mean_pool,0.3902336359024048,0.228986456990242,-0.29757043719291687,-0.09363548457622528
sentence-transformers/paraphrase-multilingual-mpnet-base-v2,en,62,mean_pool,0.4020194411277771,0.18478526175022125,-0.23726868629455566,-0.010555685497820377
sentence-transformers/paraphrase-multilingual-mpnet-base-v2,en,63,mean_pool,0.41305121779441833,0.16605864465236664,-0.2912299335002899,-0.03373577445745468
sentence-transformers/paraphrase-multilingual-mpnet-base-v2,en,64,mean_pool,0.48540571331977844,0.13177822530269623,-0.2755580246448517,-0.048343196511268616
sentence-transformers/paraphrase-multilingual-mpnet-base-v2,en,65,mean_pool,0.33315330743789673,0.24307537078857422,-0.220429465174675,0.03050256334245205
sentence-transformers/paraphrase-multilingual-mpnet-base-v2,en,66,mean_pool,0.38866564631462097,0.2276165783405304,-0.3284074366092682,-0.039972834289073944
sentence-transformers/paraphrase-multilingual-mpnet-base-v2,en,67,mean_pool,0.38204336166381836,0.1935899257659912,-0.2031192183494568,-0.1279640942811966
sentence-transformers/paraphrase-multilingual-mpnet-base-v2,en,68,mean_pool,0.42132478952407837,0.09090034663677216,-0.1886456459760666,-0.03427302464842796
sentence-transformers/paraphrase-multilingual-mpnet-base-v2,en,69,mean_pool,0.40124237537384033,0.2524314820766449,-0.23592261970043182,0.08434387296438217
sentence-transformers/paraphrase-multilingual-mpnet-base-v2,en,70,mean_pool,0.4106941521167755,0.21014510095119476,-0.21682506799697876,-0.09746852517127991
sentence-transformers/paraphrase-multilingual-mpnet-base-v2,en,71,mean_pool,0.4521986246109009,0.0699969232082367,-0.27549508213996887,-0.18597730994224548
sentence-transformers/paraphrase-multilingual-mpnet-base-v2,en,72,mean_pool,0.3691045939922333,0.29188334941864014,-0.28297001123428345,0.08283509314060211
sentence-transformers/paraphrase-multilingual-mpnet-base-v2,en,73,mean_pool,0.3912256360054016,0.16846902668476105,-0.2869085669517517,-0.03480014577507973
sentence-transformers/paraphrase-multilingual-mpnet-base-v2,en,74,mean_pool,0.3891340494155884,0.11611135303974152,-0.20574481785297394,-0.03409679979085922
sentence-transformers/paraphrase-multilingual-mpnet-base-v2,en,75,mean_pool,0.4197234809398651,0.13394080102443695,-0.13438813388347626,0.02295636013150215
sentence-transformers/paraphrase-multilingual-mpnet-base-v2,en,76,mean_pool,0.4195798933506012,0.10352484881877899,-0.15123002231121063,-0.13953515887260437
sentence-transformers/paraphrase-multilingual-mpnet-base-v2,en,77,mean_pool,0.41195014119148254,0.15686218440532684,-0.2259305864572525,-0.022471267729997635
sentence-transformers/paraphrase-multilingual-mpnet-base-v2,en,78,mean_pool,0.37147626280784607,0.21169447898864746,-0.11534713208675385,0.022962357848882675
sentence-transformers/paraphrase-multilingual-mpnet-base-v2,en,79,mean_pool,0.3852742910385132,0.03752162680029869,-0.23406456410884857,-0.08680619299411774
sentence-transformers/paraphrase-multilingual-mpnet-base-v2,en,80,mean_pool,0.36503317952156067,0.18075472116470337,-0.19859325885772705,0.008730854839086533
sentence-transformers/paraphrase-multilingual-mpnet-base-v2,en,81,mean_pool,0.4088621139526367,0.1646910011768341,-0.25884029269218445,-0.04732663556933403
sentence-transformers/paraphrase-multilingual-mpnet-base-v2,en,82,mean_pool,0.3565967381000519,0.2748066484928131,-0.18472148478031158,0.09066451340913773
sentence-transformers/paraphrase-multilingual-mpnet-base-v2,en,83,mean_pool,0.435785174369812,0.10612744092941284,-0.23294217884540558,-0.10264825075864792
sentence-transformers/paraphrase-multilingual-mpnet-base-v2,en,84,mean_pool,0.35224366188049316,0.18618202209472656,-0.14851021766662598,0.06305678188800812
sentence-transformers/paraphrase-multilingual-mpnet-base-v2,en,85,mean_pool,0.3691173791885376,0.16552643477916718,-0.15218961238861084,0.022866349667310715
sentence-transformers/paraphrase-multilingual-mpnet-base-v2,en,86,mean_pool,0.36693963408470154,0.30821701884269714,-0.3237600028514862,0.04565480351448059
sentence-transformers/paraphrase-multilingual-mpnet-base-v2,en,87,mean_pool,0.40715208649635315,0.27410683035850525,-0.2854715585708618,-0.046671975404024124
sentence-transformers/paraphrase-multilingual-mpnet-base-v2,en,88,mean_pool,0.4473471939563751,0.15980826318264008,-0.2670908570289612,-0.03364464268088341
sentence-transformers/paraphrase-multilingual-mpnet-base-v2,en,89,mean_pool,0.4421912431716919,0.1339399516582489,-0.20700503885746002,-0.007151126395910978
sentence-transformers/paraphrase-multilingual-mpnet-base-v2,en,90,mean_pool,0.42467430233955383,0.1584639549255371,-0.3024306893348694,-0.023096201941370964
sentence-transformers/paraphrase-multilingual-mpnet-base-v2,en,91,mean_pool,0.40249568223953247,0.17749060690402985,-0.1944124549627304,-0.035218674689531326
sentence-transformers/paraphrase-multilingual-mpnet-base-v2,en,92,mean_pool,0.4378649890422821,0.11161662638187408,-0.3256518840789795,-0.06053410470485687
sentence-transformers/paraphrase-multilingual-mpnet-base-v2,en,93,mean_pool,0.4237532913684845,0.17467302083969116,-0.22264963388442993,-0.015071418136358261
sentence-transformers/paraphrase-multilingual-mpnet-base-v2,en,94,mean_pool,0.3675035834312439,0.19096603989601135,-0.2306152582168579,-0.08664985001087189
sentence-transformers/paraphrase-multilingual-mpnet-base-v2,en,95,mean_pool,0.36191385984420776,0.2928386330604553,-0.19600486755371094,-0.035510554909706116
sentence-transformers/paraphrase-multilingual-mpnet-base-v2,en,96,mean_pool,0.40235719084739685,0.13314875960350037,-0.1471814215183258,-0.012648436240851879
sentence-transformers/paraphrase-multilingual-mpnet-base-v2,en,97,mean_pool,0.4472333788871765,0.08720895648002625,-0.273211807012558,-0.14677779376506805
sentence-transformers/paraphrase-multilingual-mpnet-base-v2,en,98,mean_pool,0.40093863010406494,0.14943501353263855,-0.1786966472864151,-0.0020134078804403543
sentence-transformers/paraphrase-multilingual-mpnet-base-v2,en,99,mean_pool,0.35460376739501953,0.18766342103481293,-0.2152228057384491,-0.13282081484794617
sentence-transformers/paraphrase-multilingual-mpnet-base-v2,en,100,mean_pool,0.40950673818588257,0.11991109699010849,-0.15308894217014313,-0.01463145762681961
sentence-transformers/paraphrase-multilingual-mpnet-base-v2,en,101,mean_pool,0.3996257781982422,0.2077423483133316,-0.15077295899391174,-0.004491097759455442
sentence-transformers/paraphrase-multilingual-mpnet-base-v2,en,102,mean_pool,0.38604891300201416,0.21413923799991608,-0.22127725183963776,-0.01441960223019123
sentence-transformers/paraphrase-multilingual-mpnet-base-v2,en,103,mean_pool,0.4276694357395172,0.13456255197525024,-0.20876209437847137,-0.11677701026201248
sentence-transformers/paraphrase-multilingual-mpnet-base-v2,en,104,mean_pool,0.3779160976409912,0.20915241539478302,-0.25258946418762207,0.04305129498243332
sentence-transformers/paraphrase-multilingual-mpnet-base-v2,en,105,mean_pool,0.336662620306015,0.18593838810920715,-0.14479774236679077,-0.10609781742095947
sentence-transformers/paraphrase-multilingual-mpnet-base-v2,en,106,mean_pool,0.4377574026584625,0.16135863959789276,-0.20777440071105957,-0.0010513525921851397
sentence-transformers/paraphrase-multilingual-mpnet-base-v2,en,107,mean_pool,0.3826540410518646,0.2103896588087082,-0.2126908302307129,-0.0525955967605114
sentence-transformers/paraphrase-multilingual-mpnet-base-v2,en,108,mean_pool,0.34164637327194214,0.23442478477954865,-0.2884557247161865,-0.0032035005278885365
sentence-transformers/paraphrase-multilingual-mpnet-base-v2,en,109,mean_pool,0.34521007537841797,0.23326925933361053,-0.3403930068016052,0.0019439862808212638
sentence-transformers/paraphrase-multilingual-mpnet-base-v2,en,110,mean_pool,0.39892691373825073,0.1756030023097992,-0.29571211338043213,-0.2865446209907532
sentence-transformers/paraphrase-multilingual-mpnet-base-v2,en,111,mean_pool,0.3834570050239563,0.13985931873321533,-0.1728999763727188,-0.17182810604572296
sentence-transformers/paraphrase-multilingual-mpnet-base-v2,en,112,mean_pool,0.3797589838504791,0.25269338488578796,-0.2429513782262802,-0.017679646611213684
sentence-transformers/paraphrase-multilingual-mpnet-base-v2,en,113,mean_pool,0.37200990319252014,0.16478662192821503,-0.22235961258411407,-0.0027462621219456196
sentence-transformers/paraphrase-multilingual-mpnet-base-v2,en,114,mean_pool,0.4085453748703003,0.2583201229572296,-0.15815509855747223,0.05770915746688843
sentence-transformers/paraphrase-multilingual-mpnet-base-v2,en,115,mean_pool,0.39536648988723755,0.254528284072876,-0.14977094531059265,0.021942846477031708
sentence-transformers/paraphrase-multilingual-mpnet-base-v2,en,116,mean_pool,0.43731689453125,0.14223980903625488,-0.25622761249542236,-0.08455786854028702
sentence-transformers/paraphrase-multilingual-mpnet-base-v2,en,117,mean_pool,0.48557716608047485,0.17694008350372314,-0.2513481676578522,-0.07010964304208755
sentence-transformers/paraphrase-multilingual-mpnet-base-v2,en,118,mean_pool,0.37093621492385864,0.15098293125629425,-0.14445486664772034,-0.015785453841090202
sentence-transformers/paraphrase-multilingual-mpnet-base-v2,en,119,mean_pool,0.3893665373325348,0.16840910911560059,-0.25599849224090576,-0.043651144951581955
sentence-transformers/paraphrase-multilingual-mpnet-base-v2,en,120,mean_pool,0.3620324432849884,0.17746107280254364,-0.15628597140312195,-0.020941654220223427
sentence-transformers/paraphrase-multilingual-mpnet-base-v2,en,121,mean_pool,0.48084595799446106,0.14638634026050568,-0.2552216649055481,-0.02419479750096798
sentence-transformers/paraphrase-multilingual-mpnet-base-v2,en,122,mean_pool,0.36026474833488464,0.19874562323093414,-0.24839818477630615,-0.029971493408083916
sentence-transformers/paraphrase-multilingual-mpnet-base-v2,en,123,mean_pool,0.37303322553634644,0.29899469017982483,-0.3596380650997162,0.051302459090948105
sentence-transformers/paraphrase-multilingual-mpnet-base-v2,en,124,mean_pool,0.43009504675865173,0.17702504992485046,-0.21720367670059204,0.0035313046537339687
sentence-transformers/paraphrase-multilingual-mpnet-base-v2,en,125,mean_pool,0.4451008439064026,0.10935277491807938,-0.2968921959400177,-0.1454411745071411
sentence-transformers/paraphrase-multilingual-mpnet-base-v2,en,126,mean_pool,0.4001825749874115,0.23229140043258667,-0.1804194301366806,0.018478065729141235
sentence-transformers/paraphrase-multilingual-mpnet-base-v2,en,127,mean_pool,0.42662128806114197,0.13557618856430054,-0.27592137455940247,-0.19570986926555634
sentence-transformers/paraphrase-multilingual-mpnet-base-v2,en,128,mean_pool,0.41550999879837036,0.12184000760316849,-0.33080023527145386,-0.2109403759241104
sentence-transformers/paraphrase-multilingual-mpnet-base-v2,en,129,mean_pool,0.3663386404514313,0.23944827914237976,-0.2198084592819214,-0.015578973107039928
sentence-transformers/paraphrase-multilingual-mpnet-base-v2,en,130,mean_pool,0.3822557330131531,0.20096001029014587,-0.2955872714519501,-0.00306318374350667
sentence-transformers/paraphrase-multilingual-mpnet-base-v2,en,131,mean_pool,0.42599084973335266,0.11930758506059647,-0.2518440783023834,-0.025217916816473007
sentence-transformers/paraphrase-multilingual-mpnet-base-v2,en,132,mean_pool,0.4240712821483612,0.18782760202884674,-0.2123766541481018,-0.1632736772298813
sentence-transformers/paraphrase-multilingual-mpnet-base-v2,en,133,mean_pool,0.40741872787475586,0.13488006591796875,-0.2314167320728302,-0.03514336794614792
sentence-transformers/paraphrase-multilingual-mpnet-base-v2,en,134,mean_pool,0.41610684990882874,0.20258276164531708,-0.1885204315185547,-0.07370317727327347
sentence-transformers/paraphrase-multilingual-mpnet-base-v2,en,135,mean_pool,0.3646292984485626,0.13302357494831085,-0.14050161838531494,-0.13893617689609528
sentence-transformers/paraphrase-multilingual-mpnet-base-v2,en,136,mean_pool,0.4131922423839569,0.17317995429039001,-0.16349779069423676,0.0468226857483387
sentence-transformers/paraphrase-multilingual-mpnet-base-v2,en,137,mean_pool,0.4255252480506897,0.09241221100091934,-0.30780693888664246,-0.1531938910484314
sentence-transformers/paraphrase-multilingual-mpnet-base-v2,en,138,mean_pool,0.4079052209854126,0.25171875953674316,-0.1280735582113266,-0.007852991111576557
sentence-transformers/paraphrase-multilingual-mpnet-base-v2,en,139,mean_pool,0.4048841595649719,0.23652073740959167,-0.3214583098888397,0.019184114411473274
sentence-transformers/paraphrase-multilingual-mpnet-base-v2,en,140,mean_pool,0.31552979350090027,0.3020538091659546,-0.19770710170269012,0.04049341753125191
sentence-transformers/paraphrase-multilingual-mpnet-base-v2,en,141,mean_pool,0.4795333743095398,0.08226998150348663,-0.23361028730869293,-0.1541447639465332
sentence-transformers/paraphrase-multilingual-mpnet-base-v2,en,142,mean_pool,0.44516709446907043,0.13578875362873077,-0.20978151261806488,-0.07551808655261993
sentence-transformers/paraphrase-multilingual-mpnet-base-v2,en,143,mean_pool,0.40458783507347107,0.15972256660461426,-0.2505030035972595,-0.07459553331136703
sentence-transformers/paraphrase-multilingual-mpnet-base-v2,en,144,mean_pool,0.39730730652809143,0.17556488513946533,-0.18700340390205383,-0.014265277422964573
sentence-transformers/paraphrase-multilingual-mpnet-base-v2,en,145,mean_pool,0.3861040771007538,0.15138112008571625,-0.23409536480903625,-0.07282690703868866
sentence-transformers/paraphrase-multilingual-mpnet-base-v2,en,146,mean_pool,0.4138403832912445,0.24652667343616486,-0.14576129615306854,0.04156786948442459
sentence-transformers/paraphrase-multilingual-mpnet-base-v2,en,147,mean_pool,0.380006343126297,0.262927383184433,-0.2476147711277008,0.09156927466392517
sentence-transformers/paraphrase-multilingual-mpnet-base-v2,en,148,mean_pool,0.3639010190963745,0.23355422914028168,-0.2401724010705948,0.04437310993671417
sentence-transformers/paraphrase-multilingual-mpnet-base-v2,en,149,mean_pool,0.4191432297229767,0.20876732468605042,-0.21102070808410645,-0.012416067533195019
sentence-transformers/paraphrase-multilingual-mpnet-base-v2,en,150,mean_pool,0.40854689478874207,0.10530359297990799,-0.18830685317516327,-0.03175584226846695
sentence-transformers/paraphrase-multilingual-mpnet-base-v2,en,151,mean_pool,0.3296695053577423,0.24360910058021545,-0.1604812741279602,0.027541503310203552
sentence-transformers/paraphrase-multilingual-mpnet-base-v2,en,152,mean_pool,0.3871987760066986,0.20871609449386597,-0.32039716839790344,2.5881407054839656e-05
sentence-transformers/paraphrase-multilingual-mpnet-base-v2,en,153,mean_pool,0.3688727617263794,0.16189657151699066,-0.319607138633728,-0.03525695577263832
sentence-transformers/paraphrase-multilingual-mpnet-base-v2,en,154,mean_pool,0.334992378950119,0.11733400821685791,-0.1703137904405594,-0.1665477156639099
sentence-transformers/paraphrase-multilingual-mpnet-base-v2,en,155,mean_pool,0.4077431261539459,0.19099922478199005,-0.19036632776260376,0.06413095444440842
sentence-transformers/paraphrase-multilingual-mpnet-base-v2,en,156,mean_pool,0.38503211736679077,0.10295876115560532,-0.1412513256072998,-0.16840913891792297
sentence-transformers/paraphrase-multilingual-mpnet-base-v2,en,157,mean_pool,0.381975919008255,0.18371853232383728,-0.2167772352695465,-0.23464184999465942
sentence-transformers/paraphrase-multilingual-mpnet-base-v2,en,158,mean_pool,0.42881664633750916,0.17651991546154022,-0.13948048651218414,0.022448714822530746
sentence-transformers/paraphrase-multilingual-mpnet-base-v2,en,159,mean_pool,0.37995678186416626,0.17033953964710236,-0.16824887692928314,-0.09498414397239685
sentence-transformers/paraphrase-multilingual-mpnet-base-v2,ru,0,mean_pool,0.4140060544013977,-0.44594043493270874,-0.3216172456741333,-0.30521005392074585
sentence-transformers/paraphrase-multilingual-mpnet-base-v2,ru,1,mean_pool,0.33615222573280334,-0.35949569940567017,-0.570671796798706,-0.7327133417129517
sentence-transformers/paraphrase-multilingual-mpnet-base-v2,ru,2,mean_pool,0.2436833381652832,-0.2602287530899048,-0.7058324217796326,0.009290018118917942
sentence-transformers/paraphrase-multilingual-mpnet-base-v2,ru,3,mean_pool,0.2896158695220947,-0.6411080360412598,-0.7608951926231384,-0.7672840356826782
sentence-transformers/paraphrase-multilingual-mpnet-base-v2,ru,4,mean_pool,0.25527551770210266,-0.380257248878479,-0.6052048802375793,0.35012826323509216
sentence-transformers/paraphrase-multilingual-mpnet-base-v2,ru,5,mean_pool,0.1438339203596115,0.03286421298980713,-0.6255267262458801,-0.19170281291007996
sentence-transformers/paraphrase-multilingual-mpnet-base-v2,ru,6,mean_pool,0.26519227027893066,-0.33539775013923645,-0.5387333631515503,-0.19949205219745636
sentence-transformers/paraphrase-multilingual-mpnet-base-v2,ru,7,mean_pool,0.2793736159801483,-0.6011083722114563,-0.5777049660682678,-0.7657992243766785
sentence-transformers/paraphrase-multilingual-mpnet-base-v2,ru,8,mean_pool,0.23046617209911346,-0.112043097615242,-0.40980222821235657,-0.6622670888900757
sentence-transformers/paraphrase-multilingual-mpnet-base-v2,ru,9,mean_pool,0.41488251090049744,-0.48685213923454285,-0.6984847187995911,-0.8375257849693298
sentence-transformers/paraphrase-multilingual-mpnet-base-v2,ru,10,mean_pool,0.19746248424053192,-0.2092774361371994,-0.38680723309516907,-0.6960767507553101
sentence-transformers/paraphrase-multilingual-mpnet-base-v2,ru,11,mean_pool,0.09567979723215103,-0.6062831878662109,-0.1733982264995575,-0.563112199306488
sentence-transformers/paraphrase-multilingual-mpnet-base-v2,ru,12,mean_pool,0.3313506841659546,-0.49331071972846985,-0.4502004384994507,-0.039282020181417465
sentence-transformers/paraphrase-multilingual-mpnet-base-v2,ru,13,mean_pool,0.2857216000556946,-0.5379080176353455,-0.5578484535217285,-0.16482381522655487
sentence-transformers/paraphrase-multilingual-mpnet-base-v2,ru,14,mean_pool,0.12694157660007477,-0.6379753947257996,-0.5336875319480896,-0.17369897663593292
sentence-transformers/paraphrase-multilingual-mpnet-base-v2,ru,15,mean_pool,0.27313995361328125,-0.2256297469139099,-0.6864164471626282,-0.1826038956642151
sentence-transformers/paraphrase-multilingual-mpnet-base-v2,ru,16,mean_pool,0.07309257984161377,-0.057740092277526855,-0.48469194769859314,-0.23133179545402527
sentence-transformers/paraphrase-multilingual-mpnet-base-v2,ru,17,mean_pool,0.05680232495069504,-0.3723372519016266,-0.4050219655036926,-0.4787658154964447
sentence-transformers/paraphrase-multilingual-mpnet-base-v2,ru,18,mean_pool,0.5865116715431213,-0.2675749659538269,-0.6959152817726135,-0.3297612965106964
sentence-transformers/paraphrase-multilingual-mpnet-base-v2,ru,19,mean_pool,0.17020146548748016,-0.526178240776062,-0.4623745083808899,-0.6469084024429321
sentence-transformers/paraphrase-multilingual-mpnet-base-v2,ru,20,mean_pool,0.10268310457468033,-0.38415005803108215,-0.29074785113334656,-0.24783028662204742
sentence-transformers/paraphrase-multilingual-mpnet-base-v2,ru,21,mean_pool,0.10012859851121902,-0.4038694500923157,-0.478522390127182,-0.16616638004779816
sentence-transformers/paraphrase-multilingual-mpnet-base-v2,ru,22,mean_pool,0.29075372219085693,-0.48007896542549133,-0.44399839639663696,-0.8769979476928711
sentence-transformers/paraphrase-multilingual-mpnet-base-v2,ru,23,mean_pool,0.2982179820537567,-0.7292196750640869,-0.3305816948413849,-0.020060934126377106
sentence-transformers/paraphrase-multilingual-mpnet-base-v2,ru,24,mean_pool,0.28166988492012024,-0.4964774549007416,-0.3967718183994293,0.0931122824549675
sentence-transformers/paraphrase-multilingual-mpnet-base-v2,ru,25,mean_pool,0.18432722985744476,-0.31510329246520996,-0.5583879351615906,0.11149656772613525
sentence-transformers/paraphrase-multilingual-mpnet-base-v2,ru,26,mean_pool,0.18170763552188873,-0.3919467031955719,-0.3622767925262451,-0.5217681527137756
sentence-transformers/paraphrase-multilingual-mpnet-base-v2,ru,27,mean_pool,0.25427401065826416,-0.26205214858055115,-0.27891814708709717,-0.43775713443756104
sentence-transformers/paraphrase-multilingual-mpnet-base-v2,ru,28,mean_pool,0.27379828691482544,-0.2524605393409729,-0.0022540476638823748,-0.5395514369010925
sentence-transformers/paraphrase-multilingual-mpnet-base-v2,ru,29,mean_pool,0.44789043068885803,-0.31443360447883606,-0.7171998620033264,-0.5523906946182251
sentence-transformers/paraphrase-multilingual-mpnet-base-v2,ru,30,mean_pool,0.23958706855773926,-0.5442818999290466,-0.088968925178051,-0.34812766313552856
sentence-transformers/paraphrase-multilingual-mpnet-base-v2,ru,31,mean_pool,0.2303132265806198,0.2961527109146118,-0.8345423340797424,0.14902108907699585
sentence-transformers/paraphrase-multilingual-mpnet-base-v2,ru,32,mean_pool,0.48583269119262695,-0.23767277598381042,-0.5945487022399902,-0.7018302083015442
sentence-transformers/paraphrase-multilingual-mpnet-base-v2,ru,33,mean_pool,0.5167505741119385,-0.3080882728099823,-0.4684416651725769,-0.8581946492195129
sentence-transformers/paraphrase-multilingual-mpnet-base-v2,ru,34,mean_pool,0.12370404601097107,-0.047579288482666016,-0.532610297203064,-0.24686379730701447
sentence-transformers/paraphrase-multilingual-mpnet-base-v2,ru,35,mean_pool,0.1372634619474411,0.14323553442955017,-0.6579152941703796,-0.2640378177165985
sentence-transformers/paraphrase-multilingual-mpnet-base-v2,ru,36,mean_pool,0.10597067326307297,-0.5510849356651306,-0.7119569182395935,-0.41934362053871155
sentence-transformers/paraphrase-multilingual-mpnet-base-v2,ru,37,mean_pool,0.3738020658493042,-0.09655798226594925,-0.5008663535118103,-0.8818141222000122
sentence-transformers/paraphrase-multilingual-mpnet-base-v2,ru,38,mean_pool,0.22039636969566345,-0.4902505576610565,-0.40542072057724,-0.7130667567253113
sentence-transformers/paraphrase-multilingual-mpnet-base-v2,ru,39,mean_pool,0.29353368282318115,-0.28792765736579895,-0.6149982213973999,0.014278125949203968
sentence-transformers/paraphrase-multilingual-mpnet-base-v2,ru,40,mean_pool,0.3486027717590332,-0.5679396986961365,-0.2947453260421753,-0.18478117883205414
sentence-transformers/paraphrase-multilingual-mpnet-base-v2,ru,41,mean_pool,0.4962349832057953,-0.31196606159210205,-0.6811919212341309,-0.6992597579956055
sentence-transformers/paraphrase-multilingual-mpnet-base-v2,ru,42,mean_pool,0.20385122299194336,-0.6741165518760681,-0.6984174251556396,-0.4043422341346741
sentence-transformers/paraphrase-multilingual-mpnet-base-v2,ru,43,mean_pool,0.15158332884311676,-0.07221321016550064,-0.792452871799469,-0.23935827612876892
sentence-transformers/paraphrase-multilingual-mpnet-base-v2,ru,44,mean_pool,0.1718851625919342,-0.4492204487323761,-0.37210679054260254,-0.7277778387069702
sentence-transformers/paraphrase-multilingual-mpnet-base-v2,ru,45,mean_pool,0.061829205602407455,-0.4619956314563751,-0.38707879185676575,-0.12446829676628113
sentence-transformers/paraphrase-multilingual-mpnet-base-v2,ru,46,mean_pool,0.06690368056297302,-0.3163469135761261,-0.5210692286491394,0.03261341154575348
sentence-transformers/paraphrase-multilingual-mpnet-base-v2,ru,47,mean_pool,0.07804708927869797,-0.6393114924430847,-0.27223601937294006,-0.5028496384620667
sentence-transformers/paraphrase-multilingual-mpnet-base-v2,ru,48,mean_pool,0.13457761704921722,-0.5646860003471375,-0.15798693895339966,-0.24224163591861725
sentence-transformers/paraphrase-multilingual-mpnet-base-v2,ru,49,mean_pool,0.29237261414527893,-0.5937528014183044,-0.2768530547618866,0.26416078209877014
sentence-transformers/paraphrase-multilingual-mpnet-base-v2,ru,50,mean_pool,0.15093138813972473,-0.49386751651763916,-0.30075252056121826,-0.2589856684207916
sentence-transformers/paraphrase-multilingual-mpnet-base-v2,ru,51,mean_pool,0.34020698070526123,-0.48963692784309387,-0.30447572469711304,0.01357998326420784
sentence-transformers/paraphrase-multilingual-mpnet-base-v2,ru,52,mean_pool,0.25395339727401733,-0.41248801350593567,-0.2430548220872879,-0.26586195826530457
sentence-transformers/paraphrase-multilingual-mpnet-base-v2,ru,53,mean_pool,0.2882603704929352,-0.45960602164268494,-0.2137334942817688,-0.28313061594963074
sentence-transformers/paraphrase-multilingual-mpnet-base-v2,ru,54,mean_pool,0.24442705512046814,-0.481099933385849,-0.5598984360694885,-0.40670228004455566
sentence-transformers/paraphrase-multilingual-mpnet-base-v2,ru,55,mean_pool,0.20721209049224854,-0.5535067319869995,-0.35103702545166016,-0.023024501278996468
sentence-transformers/paraphrase-multilingual-mpnet-base-v2,ru,56,mean_pool,0.40490078926086426,-0.3102075755596161,-0.5155685544013977,-0.6327617764472961
sentence-transformers/paraphrase-multilingual-mpnet-base-v2,ru,57,mean_pool,0.156287282705307,-0.43623223900794983,-0.27620312571525574,-0.7886644005775452
sentence-transformers/paraphrase-multilingual-mpnet-base-v2,ru,58,mean_pool,0.22273801267147064,-0.3871294856071472,-0.6548367738723755,0.07633058726787567
sentence-transformers/paraphrase-multilingual-mpnet-base-v2,ru,59,mean_pool,0.1530756801366806,-0.29749882221221924,-0.4634992778301239,-0.47982242703437805
sentence-transformers/paraphrase-multilingual-mpnet-base-v2,ru,60,mean_pool,0.15264511108398438,-0.2860943675041199,-0.6829971671104431,-0.46130916476249695
sentence-transformers/paraphrase-multilingual-mpnet-base-v2,ru,61,mean_pool,0.3003440797328949,-0.4461714029312134,-0.6299235224723816,-0.2813311815261841
sentence-transformers/paraphrase-multilingual-mpnet-base-v2,ru,62,mean_pool,0.20173701643943787,-0.263368159532547,-0.48996400833129883,-0.502147912979126
sentence-transformers/paraphrase-multilingual-mpnet-base-v2,ru,63,mean_pool,0.2105720490217209,-0.5432952642440796,-0.6108102202415466,-0.3609646260738373
sentence-transformers/paraphrase-multilingual-mpnet-base-v2,ru,64,mean_pool,0.4578779339790344,-0.13678555190563202,-0.6072410345077515,-0.528644323348999
sentence-transformers/paraphrase-multilingual-mpnet-base-v2,ru,65,mean_pool,0.5065414905548096,-0.3809891939163208,-0.6503041386604309,-0.7630495429039001
sentence-transformers/paraphrase-multilingual-mpnet-base-v2,ru,66,mean_pool,0.13191117346286774,-0.07377097010612488,-0.5317714810371399,-0.32050827145576477
sentence-transformers/paraphrase-multilingual-mpnet-base-v2,ru,67,mean_pool,0.1183980256319046,-0.08173620700836182,-0.3739798963069916,-0.5380514860153198
sentence-transformers/paraphrase-multilingual-mpnet-base-v2,ru,68,mean_pool,0.25137948989868164,-0.2130654752254486,-0.5130661725997925,-0.8373268246650696
sentence-transformers/paraphrase-multilingual-mpnet-base-v2,ru,69,mean_pool,0.36838164925575256,-0.21306127309799194,-0.6010679602622986,-0.46945348381996155
sentence-transformers/paraphrase-multilingual-mpnet-base-v2,ru,70,mean_pool,0.4747099280357361,-0.6013389825820923,-0.7747865319252014,-0.5022026896476746
sentence-transformers/paraphrase-multilingual-mpnet-base-v2,ru,71,mean_pool,0.26030704379081726,-0.48433393239974976,-0.7778167724609375,-0.16405579447746277
sentence-transformers/paraphrase-multilingual-mpnet-base-v2,ru,72,mean_pool,0.24861635267734528,-0.4972892701625824,-0.6137688755989075,-0.4122532904148102
sentence-transformers/paraphrase-multilingual-mpnet-base-v2,ru,73,mean_pool,0.07286771386861801,-0.5735493302345276,-0.05265061929821968,-0.06311209499835968
sentence-transformers/paraphrase-multilingual-mpnet-base-v2,ru,74,mean_pool,0.05814624950289726,-0.1475907266139984,-0.33355745673179626,-0.4014039635658264
sentence-transformers/paraphrase-multilingual-mpnet-base-v2,ru,75,mean_pool,0.3062230348587036,-0.12678758800029755,-0.549461841583252,-0.33538252115249634
sentence-transformers/paraphrase-multilingual-mpnet-base-v2,ru,76,mean_pool,0.1837611049413681,-0.5186951756477356,-0.48504945635795593,-0.6061210036277771
sentence-transformers/paraphrase-multilingual-mpnet-base-v2,ru,77,mean_pool,0.3792591094970703,-0.6055556535720825,-0.5640310645103455,-0.6725209951400757
sentence-transformers/paraphrase-multilingual-mpnet-base-v2,ru,78,mean_pool,0.22478137910366058,-0.3240455389022827,-0.6152791380882263,-0.06318312883377075
sentence-transformers/paraphrase-multilingual-mpnet-base-v2,ru,79,mean_pool,0.27030327916145325,-0.5637723207473755,-0.5849997401237488,-0.48728686571121216
sentence-transformers/paraphrase-multilingual-mpnet-base-v2,ru,80,mean_pool,0.3070720136165619,-0.1496545672416687,-0.5869360566139221,-0.5316318869590759
sentence-transformers/paraphrase-multilingual-mpnet-base-v2,ru,81,mean_pool,0.27509328722953796,-0.4894896149635315,-0.6433143019676208,-0.48180580139160156
sentence-transformers/paraphrase-multilingual-mpnet-base-v2,ru,82,mean_pool,0.07990001887083054,-0.04535795375704765,-0.5322520136833191,-0.06948241591453552
sentence-transformers/paraphrase-multilingual-mpnet-base-v2,ru,83,mean_pool,0.3520437479019165,-0.06561858206987381,-0.4179689288139343,-0.3713417053222656
sentence-transformers/paraphrase-multilingual-mpnet-base-v2,ru,84,mean_pool,0.2220434993505478,-0.5435479879379272,-0.33892011642456055,-0.08156032860279083
sentence-transformers/paraphrase-multilingual-mpnet-base-v2,ru,85,mean_pool,0.28016397356987,-0.4186288118362427,-0.5402771830558777,-0.3862796127796173
sentence-transformers/paraphrase-multilingual-mpnet-base-v2,ru,86,mean_pool,0.3734672963619232,-0.6215912699699402,-0.6414999961853027,-0.35243433713912964
sentence-transformers/paraphrase-multilingual-mpnet-base-v2,ru,87,mean_pool,0.41960379481315613,-0.23257134854793549,-0.7282113432884216,-0.046286605298519135
sentence-transformers/paraphrase-multilingual-mpnet-base-v2,ru,88,mean_pool,0.21473366022109985,-0.2463276982307434,-0.5369359254837036,-0.11786851286888123
sentence-transformers/paraphrase-multilingual-mpnet-base-v2,ru,89,mean_pool,0.08005394786596298,-0.4737620949745178,-0.315115362405777,-0.732771098613739
sentence-transformers/paraphrase-multilingual-mpnet-base-v2,ru,90,mean_pool,0.1900319755077362,-0.40125778317451477,-0.6098884344100952,-0.10864384472370148
sentence-transformers/paraphrase-multilingual-mpnet-base-v2,ru,91,mean_pool,0.11948103457689285,-0.529405415058136,-0.22227419912815094,-0.25500813126564026
sentence-transformers/paraphrase-multilingual-mpnet-base-v2,ru,92,mean_pool,0.18695327639579773,-0.2907129228115082,-0.7863449454307556,-0.4638214409351349
sentence-transformers/paraphrase-multilingual-mpnet-base-v2,ru,93,mean_pool,0.2843471169471741,-0.34103190898895264,-0.5123475193977356,-0.11873447149991989
sentence-transformers/paraphrase-multilingual-mpnet-base-v2,ru,94,mean_pool,0.3614504933357239,0.058832887560129166,-0.5912083387374878,-0.5761126279830933
sentence-transformers/paraphrase-multilingual-mpnet-base-v2,ru,95,mean_pool,0.34261900186538696,-0.4408218562602997,-0.5274814367294312,0.019031887874007225
sentence-transformers/paraphrase-multilingual-mpnet-base-v2,ru,96,mean_pool,0.5790849924087524,-0.2502485513687134,-0.46553102135658264,-0.8831201195716858
sentence-transformers/paraphrase-multilingual-mpnet-base-v2,ru,97,mean_pool,0.26569080352783203,-0.567896842956543,-0.6659343242645264,-0.6635282635688782
sentence-transformers/paraphrase-multilingual-mpnet-base-v2,ru,98,mean_pool,0.07516389340162277,-0.08093641698360443,-0.43136635422706604,-0.0678216740489006
sentence-transformers/paraphrase-multilingual-mpnet-base-v2,ru,99,mean_pool,0.21227243542671204,-0.32640931010246277,-0.3395322859287262,-0.3449539840221405
sentence-transformers/paraphrase-multilingual-mpnet-base-v2,ru,100,mean_pool,0.4673204720020294,-0.3671987056732178,-0.5996622443199158,-0.476179838180542
sentence-transformers/paraphrase-multilingual-mpnet-base-v2,ru,101,mean_pool,0.23992104828357697,-0.5106063485145569,-0.7741936445236206,-0.026995627209544182
sentence-transformers/paraphrase-multilingual-mpnet-base-v2,ru,102,mean_pool,0.3160501718521118,-0.5392720699310303,-0.21552281081676483,-0.35284873843193054
sentence-transformers/paraphrase-multilingual-mpnet-base-v2,ru,103,mean_pool,0.19839736819267273,-0.3568257987499237,-0.6503688097000122,-0.058347925543785095
sentence-transformers/paraphrase-multilingual-mpnet-base-v2,ru,104,mean_pool,0.4290972352027893,-0.216380774974823,-0.4077542722225189,-0.45117783546447754
sentence-transformers/paraphrase-multilingual-mpnet-base-v2,ru,105,mean_pool,0.3993925154209137,-0.1693439781665802,-0.6473308801651001,-0.07731004804372787
sentence-transformers/paraphrase-multilingual-mpnet-base-v2,ru,106,mean_pool,0.14523224532604218,-0.3461560010910034,-0.42547184228897095,-0.6166201233863831
sentence-transformers/paraphrase-multilingual-mpnet-base-v2,ru,107,mean_pool,0.06619744002819061,-0.15385395288467407,-0.4035869538784027,-0.3371132016181946
sentence-transformers/paraphrase-multilingual-mpnet-base-v2,ru,108,mean_pool,0.23906444013118744,-0.19402141869068146,-0.19165197014808655,-0.3235502243041992
sentence-transformers/paraphrase-multilingual-mpnet-base-v2,ru,109,mean_pool,0.27798423171043396,-0.22641980648040771,-0.6900962591171265,-0.20372705161571503
sentence-transformers/paraphrase-multilingual-mpnet-base-v2,ru,110,mean_pool,0.177215576171875,-0.3463585376739502,-0.181301549077034,0.17060597240924835
sentence-transformers/paraphrase-multilingual-mpnet-base-v2,ru,111,mean_pool,0.08953657746315002,-0.6160232424736023,-0.4225086569786072,-0.6836967468261719
sentence-transformers/paraphrase-multilingual-mpnet-base-v2,ru,112,mean_pool,0.30145972967147827,-0.21988077461719513,-0.3665083050727844,-0.3794559836387634
sentence-transformers/paraphrase-multilingual-mpnet-base-v2,ru,113,mean_pool,0.15515543520450592,-0.28192153573036194,-0.5978642106056213,-0.6385921835899353
sentence-transformers/paraphrase-multilingual-mpnet-base-v2,ru,114,mean_pool,0.13887377083301544,-0.32320359349250793,-0.3061515986919403,-0.312727689743042
sentence-transformers/paraphrase-multilingual-mpnet-base-v2,ru,115,mean_pool,0.2975563406944275,-0.5179907083511353,-0.2993119955062866,-0.288665771484375
sentence-transformers/paraphrase-multilingual-mpnet-base-v2,ru,116,mean_pool,0.28994759917259216,-0.18459174036979675,-0.39118969440460205,-0.5957054495811462
sentence-transformers/paraphrase-multilingual-mpnet-base-v2,ru,117,mean_pool,0.09785197675228119,-0.03132073953747749,-0.39856988191604614,-0.2583746612071991
sentence-transformers/paraphrase-multilingual-mpnet-base-v2,ru,118,mean_pool,0.35709378123283386,-0.5806623101234436,-0.4158177375793457,0.10656902194023132
sentence-transformers/paraphrase-multilingual-mpnet-base-v2,ru,119,mean_pool,0.15453054010868073,-0.49428796768188477,-0.333651065826416,-0.600049614906311
sentence-transformers/paraphrase-multilingual-mpnet-base-v2,ru,120,mean_pool,0.1941905915737152,-0.34884393215179443,-0.6904289126396179,-0.44352248311042786
sentence-transformers/paraphrase-multilingual-mpnet-base-v2,ru,121,mean_pool,0.3541790246963501,-0.5852493047714233,-0.6367489695549011,-0.1466105729341507
sentence-transformers/paraphrase-multilingual-mpnet-base-v2,ru,122,mean_pool,0.2609550654888153,-0.38834160566329956,-0.5964613556861877,-0.9062584042549133
sentence-transformers/paraphrase-multilingual-mpnet-base-v2,ru,123,mean_pool,0.3469807803630829,-0.5260036587715149,-0.43582287430763245,-0.7531915307044983
sentence-transformers/paraphrase-multilingual-mpnet-base-v2,ru,124,mean_pool,0.22021563351154327,-0.48152032494544983,-0.5531458258628845,-0.7496148943901062
sentence-transformers/paraphrase-multilingual-mpnet-base-v2,ru,125,mean_pool,0.1244310662150383,-0.4445452094078064,-0.5905235409736633,-0.49730393290519714
sentence-transformers/paraphrase-multilingual-mpnet-base-v2,ru,126,mean_pool,0.26490652561187744,-0.555828869342804,-0.14621049165725708,-0.261057049036026
sentence-transformers/paraphrase-multilingual-mpnet-base-v2,ru,127,mean_pool,0.2514682412147522,-0.2489994615316391,-0.4343273937702179,-0.44249236583709717
sentence-transformers/paraphrase-multilingual-mpnet-base-v2,ru,128,mean_pool,0.22362120449543,-0.6103579998016357,-0.07651159912347794,-0.3859572410583496
sentence-transformers/paraphrase-multilingual-mpnet-base-v2,ru,129,mean_pool,0.26766958832740784,-0.3006261885166168,-0.7668542265892029,-0.11540916562080383
sentence-transformers/paraphrase-multilingual-mpnet-base-v2,ru,130,mean_pool,0.41367533802986145,-0.04951988905668259,-0.5872836709022522,0.010170440189540386
sentence-transformers/paraphrase-multilingual-mpnet-base-v2,ru,131,mean_pool,0.13382525742053986,-0.6090453267097473,-0.32902419567108154,-0.794925332069397
sentence-transformers/paraphrase-multilingual-mpnet-base-v2,ru,132,mean_pool,0.07593872398138046,-0.455228328704834,-0.5132583975791931,-0.39425399899482727
sentence-transformers/paraphrase-multilingual-mpnet-base-v2,ru,133,mean_pool,0.15427906811237335,-0.2646457850933075,-0.44518595933914185,-0.6032658219337463
sentence-transformers/paraphrase-multilingual-mpnet-base-v2,ru,134,mean_pool,0.2660931944847107,-0.3108903765678406,-0.46431171894073486,-0.4430030882358551
sentence-transformers/paraphrase-multilingual-mpnet-base-v2,ru,135,mean_pool,0.37617000937461853,-0.15415790677070618,-0.8748295307159424,-0.19618915021419525
sentence-transformers/paraphrase-multilingual-mpnet-base-v2,ru,136,mean_pool,0.11806531250476837,-0.44156569242477417,-0.5296265482902527,-0.4078434407711029
sentence-transformers/paraphrase-multilingual-mpnet-base-v2,ru,137,mean_pool,0.3941391408443451,-0.2713581919670105,-0.6244025826454163,-0.5216164588928223
sentence-transformers/paraphrase-multilingual-mpnet-base-v2,ru,138,mean_pool,0.21198387444019318,-0.4123050570487976,-0.36904194951057434,-0.003849223954603076
sentence-transformers/paraphrase-multilingual-mpnet-base-v2,ru,139,mean_pool,0.2637302875518799,-0.41370779275894165,-0.545630156993866,-0.2625824213027954
sentence-transformers/paraphrase-multilingual-mpnet-base-v2,ru,140,mean_pool,0.0986311212182045,-0.6509368419647217,-0.31502944231033325,-0.28094249963760376
sentence-transformers/paraphrase-multilingual-mpnet-base-v2,ru,141,mean_pool,0.3256864547729492,-0.30851924419403076,-0.6489524841308594,-0.011376971378922462
sentence-transformers/paraphrase-multilingual-mpnet-base-v2,ru,142,mean_pool,0.2271406054496765,-0.24479657411575317,-0.5354141592979431,-0.7875909209251404
sentence-transformers/paraphrase-multilingual-mpnet-base-v2,ru,143,mean_pool,0.15070919692516327,-0.03410746157169342,-0.3986679017543793,-0.3012670874595642
sentence-transformers/paraphrase-multilingual-mpnet-base-v2,ru,144,mean_pool,0.1314186453819275,-0.6525311470031738,-0.3623136281967163,-0.3325537145137787
sentence-transformers/paraphrase-multilingual-mpnet-base-v2,ru,145,mean_pool,0.3110065758228302,-0.2697511911392212,-0.6547353267669678,-0.1947563737630844
sentence-transformers/paraphrase-multilingual-mpnet-base-v2,ru,146,mean_pool,0.19927433133125305,-0.5345620512962341,-0.42473918199539185,-0.23150871694087982
sentence-transformers/paraphrase-multilingual-mpnet-base-v2,ru,147,mean_pool,0.2502882480621338,-0.22312486171722412,-0.493282288312912,-0.2668319344520569
sentence-transformers/paraphrase-multilingual-mpnet-base-v2,ru,148,mean_pool,0.10257384926080704,-0.5731585621833801,-0.09331528842449188,-0.3910038471221924
sentence-transformers/paraphrase-multilingual-mpnet-base-v2,ru,149,mean_pool,0.3760634958744049,-0.5895987153053284,-0.5777769088745117,0.03015964664518833
sentence-transformers/paraphrase-multilingual-mpnet-base-v2,ru,150,mean_pool,0.1321798712015152,-0.21365197002887726,-0.36649060249328613,-0.6518452167510986
sentence-transformers/paraphrase-multilingual-mpnet-base-v2,ru,151,mean_pool,0.13660308718681335,-0.6557704210281372,-0.4113079607486725,-0.34600743651390076
sentence-transformers/paraphrase-multilingual-mpnet-base-v2,ru,152,mean_pool,0.05568042770028114,-0.09270676970481873,-0.4754984378814697,-0.14962133765220642
sentence-transformers/paraphrase-multilingual-mpnet-base-v2,ru,153,mean_pool,0.17246302962303162,-0.3190559148788452,-0.10669220983982086,-0.3629049062728882
sentence-transformers/paraphrase-multilingual-mpnet-base-v2,ru,154,mean_pool,0.11246101558208466,-0.22764898836612701,-0.26715973019599915,-0.21492600440979004
sentence-transformers/paraphrase-multilingual-mpnet-base-v2,ru,155,mean_pool,0.4122515022754669,-0.5166347622871399,-0.5807307958602905,-0.8123847246170044
sentence-transformers/paraphrase-multilingual-mpnet-base-v2,ru,156,mean_pool,0.20895184576511383,0.051472682505846024,-0.6689467430114746,-0.2506214678287506
sentence-transformers/paraphrase-multilingual-mpnet-base-v2,ru,157,mean_pool,0.2659754157066345,-0.46744266152381897,-0.4934646785259247,-0.10819429159164429
sentence-transformers/paraphrase-multilingual-mpnet-base-v2,ru,158,mean_pool,0.16764213144779205,-0.16337943077087402,-0.2807967960834503,-0.12930049002170563
sentence-transformers/paraphrase-multilingual-mpnet-base-v2,ru,159,mean_pool,0.3283332586288452,-0.30097848176956177,-0.6325311064720154,-0.1970432996749878
sentence-transformers/paraphrase-multilingual-mpnet-base-v2,zh,0,mean_pool,0.05682748556137085,-0.4534984827041626,-0.9045031070709229,-0.6566610336303711
sentence-transformers/paraphrase-multilingual-mpnet-base-v2,zh,1,mean_pool,0.16268599033355713,-0.5576909184455872,-0.9316672086715698,-0.28996652364730835
sentence-transformers/paraphrase-multilingual-mpnet-base-v2,zh,2,mean_pool,0.17587964236736298,-0.4809674322605133,-0.9075125455856323,-0.5407243967056274
sentence-transformers/paraphrase-multilingual-mpnet-base-v2,zh,3,mean_pool,0.3409601151943207,-0.4265778362751007,-0.9182557463645935,-0.264357328414917
sentence-transformers/paraphrase-multilingual-mpnet-base-v2,zh,4,mean_pool,0.4273136258125305,-0.7637311220169067,-0.9708417057991028,0.18082329630851746
sentence-transformers/paraphrase-multilingual-mpnet-base-v2,zh,5,mean_pool,0.05132129415869713,-0.4419553577899933,-0.815600574016571,-0.49293431639671326
sentence-transformers/paraphrase-multilingual-mpnet-base-v2,zh,6,mean_pool,0.34046825766563416,-0.6747166514396667,-0.9643828868865967,-0.6368449330329895
sentence-transformers/paraphrase-multilingual-mpnet-base-v2,zh,7,mean_pool,0.41261032223701477,-0.49558761715888977,-0.6329063773155212,-0.23769904673099518
sentence-transformers/paraphrase-multilingual-mpnet-base-v2,zh,8,mean_pool,0.21298496425151825,-0.6185660362243652,-0.9544515609741211,-0.1807365119457245
sentence-transformers/paraphrase-multilingual-mpnet-base-v2,zh,9,mean_pool,0.05842471122741699,-0.4602929949760437,-0.8840174078941345,-0.5141021013259888
sentence-transformers/paraphrase-multilingual-mpnet-base-v2,zh,10,mean_pool,0.06324833631515503,-0.5608907341957092,-0.9312076568603516,-0.6847336292266846
sentence-transformers/paraphrase-multilingual-mpnet-base-v2,zh,11,mean_pool,0.3317108154296875,-0.8259710073471069,-0.8969054818153381,0.3086644411087036
sentence-transformers/paraphrase-multilingual-mpnet-base-v2,zh,12,mean_pool,0.1870255172252655,-0.5272283554077148,-0.8700370192527771,-0.8249977231025696
sentence-transformers/paraphrase-multilingual-mpnet-base-v2,zh,13,mean_pool,0.07628031820058823,-0.4670277237892151,-0.8691940307617188,-0.4314468502998352
sentence-transformers/paraphrase-multilingual-mpnet-base-v2,zh,14,mean_pool,0.1631745547056198,-0.5433409810066223,-0.8917468786239624,-0.6438970565795898
sentence-transformers/paraphrase-multilingual-mpnet-base-v2,zh,15,mean_pool,0.18979279696941376,-0.560635507106781,-0.839299201965332,-0.5538268685340881
sentence-transformers/paraphrase-multilingual-mpnet-base-v2,zh,16,mean_pool,0.3035604953765869,-0.6745290160179138,-0.8678101301193237,-0.07132323831319809
sentence-transformers/paraphrase-multilingual-mpnet-base-v2,zh,17,mean_pool,0.17956003546714783,-0.4072161912918091,-0.9267054200172424,-0.5864892601966858
sentence-transformers/paraphrase-multilingual-mpnet-base-v2,zh,18,mean_pool,0.16540995240211487,-0.47252193093299866,-0.8639163970947266,-0.8503471612930298
sentence-transformers/paraphrase-multilingual-mpnet-base-v2,zh,19,mean_pool,0.23349077999591827,-0.4637225866317749,-0.8653988242149353,-0.5737854242324829
sentence-transformers/paraphrase-multilingual-mpnet-base-v2,zh,20,mean_pool,0.1710643321275711,-0.47794920206069946,-0.9526801109313965,-0.4806135296821594
sentence-transformers/paraphrase-multilingual-mpnet-base-v2,zh,21,mean_pool,0.33388760685920715,-0.5667505860328674,-0.7726196646690369,-0.04162188619375229
sentence-transformers/paraphrase-multilingual-mpnet-base-v2,zh,22,mean_pool,0.20200417935848236,-0.5392960906028748,-0.8826821446418762,-0.7160522937774658
sentence-transformers/paraphrase-multilingual-mpnet-base-v2,zh,23,mean_pool,0.12374772131443024,-0.5835021734237671,-0.918463945388794,-0.4805361330509186
sentence-transformers/paraphrase-multilingual-mpnet-base-v2,zh,24,mean_pool,0.19367918372154236,-0.6028417348861694,-0.869384765625,-0.5749317407608032
sentence-transformers/paraphrase-multilingual-mpnet-base-v2,zh,25,mean_pool,0.22261333465576172,-0.43125346302986145,-0.9186688661575317,-0.5532618165016174
sentence-transformers/paraphrase-multilingual-mpnet-base-v2,zh,26,mean_pool,0.14587895572185516,-0.6354716420173645,-0.8107184767723083,-0.17175467312335968
sentence-transformers/paraphrase-multilingual-mpnet-base-v2,zh,27,mean_pool,0.16392140090465546,-0.5697399973869324,-0.7415329217910767,-0.4524618089199066
sentence-transformers/paraphrase-multilingual-mpnet-base-v2,zh,28,mean_pool,0.0918470099568367,-0.6193886995315552,-0.9425938725471497,-0.7385443449020386
sentence-transformers/paraphrase-multilingual-mpnet-base-v2,zh,29,mean_pool,0.11816132813692093,-0.3438369929790497,-0.8787341117858887,-0.4148920178413391
sentence-transformers/paraphrase-multilingual-mpnet-base-v2,zh,30,mean_pool,0.07049918919801712,-0.5914089679718018,-0.9201778769493103,-0.5601133108139038
sentence-transformers/paraphrase-multilingual-mpnet-base-v2,zh,31,mean_pool,0.3318495452404022,-0.6545348167419434,-0.9239692687988281,0.5015150904655457
sentence-transformers/paraphrase-multilingual-mpnet-base-v2,zh,32,mean_pool,0.1084388718008995,-0.5163674354553223,-0.9674190282821655,-0.5742479562759399
sentence-transformers/paraphrase-multilingual-mpnet-base-v2,zh,33,mean_pool,0.11585856229066849,-0.5575939416885376,-0.9008427858352661,-0.5688180923461914
sentence-transformers/paraphrase-multilingual-mpnet-base-v2,zh,34,mean_pool,0.18231159448623657,-0.5021854639053345,-0.9367948174476624,-0.6138628125190735
sentence-transformers/paraphrase-multilingual-mpnet-base-v2,zh,35,mean_pool,0.22156564891338348,-0.6453140377998352,-0.9398118853569031,-0.3889051079750061
sentence-transformers/paraphrase-multilingual-mpnet-base-v2,zh,36,mean_pool,0.07435312867164612,-0.48419392108917236,-0.8126052021980286,-0.4636824429035187
sentence-transformers/paraphrase-multilingual-mpnet-base-v2,zh,37,mean_pool,0.08183111250400543,-0.5947734117507935,-0.9207283854484558,-0.4294164776802063
sentence-transformers/paraphrase-multilingual-mpnet-base-v2,zh,38,mean_pool,0.18038448691368103,-0.466049462556839,-0.9185563325881958,-0.6056004762649536
sentence-transformers/paraphrase-multilingual-mpnet-base-v2,zh,39,mean_pool,0.2497742772102356,-0.47580593824386597,-0.862109363079071,-0.5460362434387207
sentence-transformers/paraphrase-multilingual-mpnet-base-v2,zh,40,mean_pool,0.23170331120491028,-0.458421528339386,-0.8765673637390137,-0.6223289966583252
sentence-transformers/paraphrase-multilingual-mpnet-base-v2,zh,41,mean_pool,0.11295134574174881,-0.4864519536495209,-0.9130359292030334,-0.5861815214157104
sentence-transformers/paraphrase-multilingual-mpnet-base-v2,zh,42,mean_pool,0.5207745432853699,-0.544188380241394,-0.7500472068786621,-0.09095561504364014
sentence-transformers/paraphrase-multilingual-mpnet-base-v2,zh,43,mean_pool,0.2316923588514328,-0.4557187855243683,-0.9023430943489075,-0.6137699484825134
sentence-transformers/paraphrase-multilingual-mpnet-base-v2,zh,44,mean_pool,0.20351766049861908,-0.677897036075592,-0.8779993057250977,-0.34264853596687317
sentence-transformers/paraphrase-multilingual-mpnet-base-v2,zh,45,mean_pool,0.201280876994133,-0.5871855020523071,-0.8592143654823303,-0.4324491620063782
sentence-transformers/paraphrase-multilingual-mpnet-base-v2,zh,46,mean_pool,0.09113959968090057,-0.4526698589324951,-0.9560696482658386,-0.7103955745697021
sentence-transformers/paraphrase-multilingual-mpnet-base-v2,zh,47,mean_pool,0.153604194521904,-0.46180450916290283,-0.9201965928077698,-0.6383950710296631
sentence-transformers/paraphrase-multilingual-mpnet-base-v2,zh,48,mean_pool,0.36188316345214844,-0.5216584205627441,-0.937126100063324,-0.508955180644989
sentence-transformers/paraphrase-multilingual-mpnet-base-v2,zh,49,mean_pool,0.18172654509544373,-0.6218018531799316,-0.9656844735145569,-0.21555562317371368
sentence-transformers/paraphrase-multilingual-mpnet-base-v2,zh,50,mean_pool,0.19491906464099884,-0.5951993465423584,-0.9035314917564392,-0.6875584125518799
sentence-transformers/paraphrase-multilingual-mpnet-base-v2,zh,51,mean_pool,0.11587297916412354,-0.4675168991088867,-0.8890472650527954,-0.45984750986099243
sentence-transformers/paraphrase-multilingual-mpnet-base-v2,zh,52,mean_pool,0.2636300325393677,-0.5164783596992493,-0.9279897809028625,-0.6495664119720459
sentence-transformers/paraphrase-multilingual-mpnet-base-v2,zh,53,mean_pool,0.086495041847229,-0.39451178908348083,-0.8670482635498047,-0.527086615562439
sentence-transformers/paraphrase-multilingual-mpnet-base-v2,zh,54,mean_pool,0.17281728982925415,-0.6113585233688354,-0.9361664056777954,-0.579918622970581
sentence-transformers/paraphrase-multilingual-mpnet-base-v2,zh,55,mean_pool,0.04029373452067375,-0.3944871723651886,-0.8877829909324646,-0.5739502310752869
sentence-transformers/paraphrase-multilingual-mpnet-base-v2,zh,56,mean_pool,0.21444429457187653,-0.4038037657737732,-0.8870368599891663,-0.5759115219116211
sentence-transformers/paraphrase-multilingual-mpnet-base-v2,zh,57,mean_pool,0.20328691601753235,-0.594658374786377,-0.8664191365242004,-0.3054005205631256
sentence-transformers/paraphrase-multilingual-mpnet-base-v2,zh,58,mean_pool,0.1943426877260208,-0.5882867574691772,-0.9360746145248413,-0.33397457003593445
sentence-transformers/paraphrase-multilingual-mpnet-base-v2,zh,59,mean_pool,0.1367071270942688,-0.6375188827514648,-0.929445743560791,-0.5614733099937439
sentence-transformers/paraphrase-multilingual-mpnet-base-v2,zh,60,mean_pool,0.10181812196969986,-0.38307321071624756,-0.858474612236023,-0.6045811772346497
sentence-transformers/paraphrase-multilingual-mpnet-base-v2,zh,61,mean_pool,0.38144397735595703,-0.6099996566772461,-0.7356474995613098,-0.5412093997001648
sentence-transformers/paraphrase-multilingual-mpnet-base-v2,zh,62,mean_pool,0.2523297965526581,-0.6697562336921692,-0.8666396141052246,-0.5872396230697632
sentence-transformers/paraphrase-multilingual-mpnet-base-v2,zh,63,mean_pool,0.09701355546712875,-0.3970368802547455,-0.7652758359909058,-0.5070121884346008
sentence-transformers/paraphrase-multilingual-mpnet-base-v2,zh,64,mean_pool,0.24740342795848846,-0.6305369138717651,-0.8777921199798584,-0.4860905408859253
sentence-transformers/paraphrase-multilingual-mpnet-base-v2,zh,65,mean_pool,0.24185629189014435,-0.546317458152771,-0.9263430237770081,-0.6415627598762512
sentence-transformers/paraphrase-multilingual-mpnet-base-v2,zh,66,mean_pool,0.12137993425130844,-0.5301709771156311,-0.912505567073822,-0.5555930733680725
sentence-transformers/paraphrase-multilingual-mpnet-base-v2,zh,67,mean_pool,0.154636412858963,-0.6994315981864929,-0.7607213258743286,-0.043151382356882095
sentence-transformers/paraphrase-multilingual-mpnet-base-v2,zh,68,mean_pool,0.036518167704343796,-0.4879952073097229,-0.890119731426239,-0.6558522582054138
sentence-transformers/paraphrase-multilingual-mpnet-base-v2,zh,69,mean_pool,0.14544813334941864,-0.6129599809646606,-0.8576356768608093,-0.499011367559433
sentence-transformers/paraphrase-multilingual-mpnet-base-v2,zh,70,mean_pool,0.44377201795578003,-0.7072344422340393,-0.8974429965019226,0.0951569452881813
sentence-transformers/paraphrase-multilingual-mpnet-base-v2,zh,71,mean_pool,0.1669074445962906,-0.7183111310005188,-0.979263424873352,-0.18539629876613617
sentence-transformers/paraphrase-multilingual-mpnet-base-v2,zh,72,mean_pool,0.2392132580280304,-0.47136303782463074,-0.920031726360321,-0.4621904492378235
sentence-transformers/paraphrase-multilingual-mpnet-base-v2,zh,73,mean_pool,0.11856777220964432,-0.4288169741630554,-0.8611801862716675,-0.43325862288475037
sentence-transformers/paraphrase-multilingual-mpnet-base-v2,zh,74,mean_pool,0.11917958408594131,-0.6651455163955688,-0.9020484089851379,-0.6986243724822998
sentence-transformers/paraphrase-multilingual-mpnet-base-v2,zh,75,mean_pool,0.12075147032737732,-0.6626055836677551,-0.8910509347915649,-0.6711328029632568
sentence-transformers/paraphrase-multilingual-mpnet-base-v2,zh,76,mean_pool,0.2769429385662079,-0.5648608207702637,-0.9593583941459656,-0.5222222208976746
sentence-transformers/paraphrase-multilingual-mpnet-base-v2,zh,77,mean_pool,0.46081316471099854,-0.6457506418228149,-0.7295660376548767,-0.24235689640045166
sentence-transformers/paraphrase-multilingual-mpnet-base-v2,zh,78,mean_pool,0.13721942901611328,-0.49169257283210754,-0.9579035639762878,-0.5534180402755737
sentence-transformers/paraphrase-multilingual-mpnet-base-v2,zh,79,mean_pool,0.16140969097614288,-0.6322317123413086,-0.8688124418258667,-0.5166311264038086
sentence-transformers/paraphrase-multilingual-mpnet-base-v2,zh,80,mean_pool,0.18842275440692902,-0.7689033150672913,-0.698785126209259,-0.019827494397759438
sentence-transformers/paraphrase-multilingual-mpnet-base-v2,zh,81,mean_pool,0.18768751621246338,-0.6231222748756409,-0.8195853233337402,-0.6399747133255005
sentence-transformers/paraphrase-multilingual-mpnet-base-v2,zh,82,mean_pool,0.19499711692333221,-0.6322073340415955,-0.9279003739356995,-0.4018801748752594
sentence-transformers/paraphrase-multilingual-mpnet-base-v2,zh,83,mean_pool,0.1973988264799118,-0.6000291705131531,-0.906900942325592,-0.6358004212379456
sentence-transformers/paraphrase-multilingual-mpnet-base-v2,zh,84,mean_pool,0.22881151735782623,-0.5249179005622864,-0.8820839524269104,-0.5325032472610474
sentence-transformers/paraphrase-multilingual-mpnet-base-v2,zh,85,mean_pool,0.18370139598846436,-0.6732439398765564,-0.9377572536468506,-0.5733663439750671
sentence-transformers/paraphrase-multilingual-mpnet-base-v2,zh,86,mean_pool,0.2762697637081146,-0.7043593525886536,-0.8508909344673157,-0.24397100508213043
sentence-transformers/paraphrase-multilingual-mpnet-base-v2,zh,87,mean_pool,0.3345577120780945,-0.7185111045837402,-0.9722939133644104,-0.09949959069490433
sentence-transformers/paraphrase-multilingual-mpnet-base-v2,zh,88,mean_pool,0.11820198595523834,-0.5007708072662354,-0.836478590965271,-0.0930364653468132
sentence-transformers/paraphrase-multilingual-mpnet-base-v2,zh,89,mean_pool,0.2192120999097824,-0.3444426357746124,-0.912519097328186,-0.33266550302505493
sentence-transformers/paraphrase-multilingual-mpnet-base-v2,zh,90,mean_pool,0.19111517071723938,-0.5299570560455322,-0.8494877815246582,0.515466570854187
sentence-transformers/paraphrase-multilingual-mpnet-base-v2,zh,91,mean_pool,0.19525735080242157,-0.4851362109184265,-0.8628087639808655,-0.5031312704086304
sentence-transformers/paraphrase-multilingual-mpnet-base-v2,zh,92,mean_pool,0.423025906085968,-0.6854830980300903,-0.8625254034996033,0.169420063495636
sentence-transformers/paraphrase-multilingual-mpnet-base-v2,zh,93,mean_pool,0.13304303586483002,-0.5175530910491943,-0.9163733720779419,-0.6423482894897461
sentence-transformers/paraphrase-multilingual-mpnet-base-v2,zh,94,mean_pool,0.21328330039978027,-0.590017557144165,-0.8787757754325867,-0.49913448095321655
sentence-transformers/paraphrase-multilingual-mpnet-base-v2,zh,95,mean_pool,0.19911187887191772,-0.7109076976776123,-0.8637513518333435,-0.10415428131818771
sentence-transformers/paraphrase-multilingual-mpnet-base-v2,zh,96,mean_pool,0.2723124921321869,-0.5036724209785461,-0.8982338905334473,-0.6117259860038757
sentence-transformers/paraphrase-multilingual-mpnet-base-v2,zh,97,mean_pool,0.08199877291917801,-0.5656172037124634,-0.8526706099510193,-0.6144680976867676
sentence-transformers/paraphrase-multilingual-mpnet-base-v2,zh,98,mean_pool,0.09466142952442169,-0.45368555188179016,-0.9329897165298462,-0.6168112754821777
sentence-transformers/paraphrase-multilingual-mpnet-base-v2,zh,99,mean_pool,0.12178805470466614,-0.7153741121292114,-0.8400335907936096,-0.12468846142292023
sentence-transformers/paraphrase-multilingual-mpnet-base-v2,zh,100,mean_pool,0.1398669183254242,-0.47763094305992126,-0.901664137840271,-0.641621470451355
sentence-transformers/paraphrase-multilingual-mpnet-base-v2,zh,101,mean_pool,0.06889351457357407,-0.4092525839805603,-0.9121036529541016,-0.41516992449760437
sentence-transformers/paraphrase-multilingual-mpnet-base-v2,zh,102,mean_pool,0.21053437888622284,-0.538257896900177,-0.8919202089309692,-0.15780355036258698
sentence-transformers/paraphrase-multilingual-mpnet-base-v2,zh,103,mean_pool,0.13850902020931244,-0.5749221444129944,-0.7792803645133972,-0.3777196705341339
sentence-transformers/paraphrase-multilingual-mpnet-base-v2,zh,104,mean_pool,0.10370518267154694,-0.48540881276130676,-0.8440290689468384,-0.5041978359222412
sentence-transformers/paraphrase-multilingual-mpnet-base-v2,zh,105,mean_pool,0.15434908866882324,-0.5173964500427246,-0.9599381685256958,-0.2884523868560791
sentence-transformers/paraphrase-multilingual-mpnet-base-v2,zh,106,mean_pool,0.337717741727829,-0.5905531048774719,-0.8188849687576294,0.0870324969291687
sentence-transformers/paraphrase-multilingual-mpnet-base-v2,zh,107,mean_pool,0.13571840524673462,-0.4268636107444763,-0.8554204106330872,-0.5226348638534546
sentence-transformers/paraphrase-multilingual-mpnet-base-v2,zh,108,mean_pool,0.15878485143184662,-0.6067062616348267,-0.8578703999519348,-0.48182621598243713
sentence-transformers/paraphrase-multilingual-mpnet-base-v2,zh,109,mean_pool,0.1607767939567566,-0.5294457674026489,-0.9529454708099365,-0.5573931932449341
sentence-transformers/paraphrase-multilingual-mpnet-base-v2,zh,110,mean_pool,0.19851520657539368,-0.5931091904640198,-0.8812887668609619,-0.5278114676475525
sentence-transformers/paraphrase-multilingual-mpnet-base-v2,zh,111,mean_pool,0.034093648195266724,-0.5847246050834656,-0.965948224067688,-0.7833881974220276
sentence-transformers/paraphrase-multilingual-mpnet-base-v2,zh,112,mean_pool,0.14337225258350372,-0.47440192103385925,-0.9737064242362976,-0.2955220341682434
sentence-transformers/paraphrase-multilingual-mpnet-base-v2,zh,113,mean_pool,0.164955735206604,-0.5048583745956421,-0.9575145244598389,-0.5376105904579163
sentence-transformers/paraphrase-multilingual-mpnet-base-v2,zh,114,mean_pool,0.20099732279777527,-0.7778407335281372,-0.9779092669487,0.4511508643627167
sentence-transformers/paraphrase-multilingual-mpnet-base-v2,zh,115,mean_pool,0.15442602336406708,-0.529985249042511,-0.9388558864593506,-0.6347514986991882
sentence-transformers/paraphrase-multilingual-mpnet-base-v2,zh,116,mean_pool,0.1766890287399292,-0.5274035930633545,-0.9669300317764282,-0.6002895832061768
sentence-transformers/paraphrase-multilingual-mpnet-base-v2,zh,117,mean_pool,0.26156166195869446,-0.6619921922683716,-0.8825581669807434,-0.6319801807403564
sentence-transformers/paraphrase-multilingual-mpnet-base-v2,zh,118,mean_pool,0.08467020839452744,-0.5706537365913391,-0.925489068031311,-0.38024210929870605
sentence-transformers/paraphrase-multilingual-mpnet-base-v2,zh,119,mean_pool,0.13619941473007202,-0.4730370044708252,-0.8719449043273926,-0.5964667201042175
sentence-transformers/paraphrase-multilingual-mpnet-base-v2,zh,120,mean_pool,0.37501856684684753,-0.34888261556625366,-0.8188416957855225,-0.17067106068134308
sentence-transformers/paraphrase-multilingual-mpnet-base-v2,zh,121,mean_pool,0.06600437313318253,-0.35941845178604126,-0.9194854497909546,-0.5168293118476868
sentence-transformers/paraphrase-multilingual-mpnet-base-v2,zh,122,mean_pool,0.213772714138031,-0.5422136187553406,-0.8695265054702759,-0.21305666863918304
sentence-transformers/paraphrase-multilingual-mpnet-base-v2,zh,123,mean_pool,0.09384703636169434,-0.5402950048446655,-0.856244683265686,-0.532831609249115
sentence-transformers/paraphrase-multilingual-mpnet-base-v2,zh,124,mean_pool,0.3341223895549774,-0.465957373380661,-0.5944240689277649,-0.0756518617272377
sentence-transformers/paraphrase-multilingual-mpnet-base-v2,zh,125,mean_pool,0.03743678331375122,-0.5438553690910339,-0.950830340385437,-0.5007582306861877
sentence-transformers/paraphrase-multilingual-mpnet-base-v2,zh,126,mean_pool,0.11884025484323502,-0.6040356755256653,-0.9278324842453003,-0.6917203068733215
sentence-transformers/paraphrase-multilingual-mpnet-base-v2,zh,127,mean_pool,0.13024355471134186,-0.501649022102356,-0.7998759746551514,-0.507983922958374
sentence-transformers/paraphrase-multilingual-mpnet-base-v2,zh,128,mean_pool,0.2079603523015976,-0.5656192302703857,-0.8969284892082214,-0.5158353447914124
sentence-transformers/paraphrase-multilingual-mpnet-base-v2,zh,129,mean_pool,0.4495461881160736,-0.813485324382782,-0.9727603793144226,0.558122992515564
sentence-transformers/paraphrase-multilingual-mpnet-base-v2,zh,130,mean_pool,0.1290477067232132,-0.34376049041748047,-0.8946666717529297,-0.6121540069580078
sentence-transformers/paraphrase-multilingual-mpnet-base-v2,zh,131,mean_pool,0.17819733917713165,-0.6139108538627625,-0.8999332189559937,-0.6315085887908936
sentence-transformers/paraphrase-multilingual-mpnet-base-v2,zh,132,mean_pool,0.1935504674911499,-0.7322956323623657,-0.9080333709716797,-0.48834842443466187
sentence-transformers/paraphrase-multilingual-mpnet-base-v2,zh,133,mean_pool,0.20210550725460052,-0.4685137867927551,-0.8800553679466248,-0.6981776356697083
sentence-transformers/paraphrase-multilingual-mpnet-base-v2,zh,134,mean_pool,0.044142697006464005,-0.5991098284721375,-0.9455857872962952,-0.37669968605041504
sentence-transformers/paraphrase-multilingual-mpnet-base-v2,zh,135,mean_pool,0.07358850538730621,-0.46357107162475586,-0.919495165348053,-0.5388801097869873
sentence-transformers/paraphrase-multilingual-mpnet-base-v2,zh,136,mean_pool,0.1446460336446762,-0.4040493667125702,-0.8874267935752869,-0.540362536907196
sentence-transformers/paraphrase-multilingual-mpnet-base-v2,zh,137,mean_pool,0.07887207716703415,-0.5099111199378967,-0.9018173217773438,-0.59306401014328
sentence-transformers/paraphrase-multilingual-mpnet-base-v2,zh,138,mean_pool,0.2591429352760315,-0.5698987245559692,-0.9125126600265503,-0.5361354947090149
sentence-transformers/paraphrase-multilingual-mpnet-base-v2,zh,139,mean_pool,0.1494779735803604,-0.6139360070228577,-0.9529597759246826,-0.5833224654197693
sentence-transformers/paraphrase-multilingual-mpnet-base-v2,zh,140,mean_pool,0.18291766941547394,-0.6022312641143799,-0.9134200215339661,-0.5925843119621277
sentence-transformers/paraphrase-multilingual-mpnet-base-v2,zh,141,mean_pool,0.2694774866104126,-0.388478547334671,-0.9075995087623596,-0.6135432720184326
sentence-transformers/paraphrase-multilingual-mpnet-base-v2,zh,142,mean_pool,0.12926514446735382,-0.5510106682777405,-0.8569019436836243,-0.43253451585769653
sentence-transformers/paraphrase-multilingual-mpnet-base-v2,zh,143,mean_pool,0.08393954485654831,-0.33271029591560364,-0.9052968621253967,-0.4800105392932892
sentence-transformers/paraphrase-multilingual-mpnet-base-v2,zh,144,mean_pool,0.18464036285877228,-0.6612286567687988,-0.8971007466316223,-0.6445147395133972
sentence-transformers/paraphrase-multilingual-mpnet-base-v2,zh,145,mean_pool,0.2731011211872101,-0.8293799161911011,-0.9770082831382751,-0.10970122367143631
sentence-transformers/paraphrase-multilingual-mpnet-base-v2,zh,146,mean_pool,0.18475130200386047,-0.43867066502571106,-0.8956693410873413,-0.733125627040863
sentence-transformers/paraphrase-multilingual-mpnet-base-v2,zh,147,mean_pool,0.3039708733558655,-0.37832993268966675,-0.5502218008041382,-0.01812681555747986
sentence-transformers/paraphrase-multilingual-mpnet-base-v2,zh,148,mean_pool,0.04379093647003174,-0.5700994729995728,-0.9285016059875488,-0.5275372862815857
sentence-transformers/paraphrase-multilingual-mpnet-base-v2,zh,149,mean_pool,0.418023943901062,-0.5466967225074768,-0.6776027679443359,-0.24875833094120026
sentence-transformers/paraphrase-multilingual-mpnet-base-v2,zh,150,mean_pool,0.34532439708709717,-0.6040518283843994,-0.9103926420211792,0.1303045153617859
sentence-transformers/paraphrase-multilingual-mpnet-base-v2,zh,151,mean_pool,0.09666252881288528,-0.49751198291778564,-0.8604613542556763,-0.5444415211677551
sentence-transformers/paraphrase-multilingual-mpnet-base-v2,zh,152,mean_pool,0.20988082885742188,-0.6057191491127014,-0.9237688779830933,-0.1619657427072525
sentence-transformers/paraphrase-multilingual-mpnet-base-v2,zh,153,mean_pool,0.030435776337981224,-0.5640541315078735,-0.9459726214408875,-0.5792960524559021
sentence-transformers/paraphrase-multilingual-mpnet-base-v2,zh,154,mean_pool,0.26986953616142273,-0.5778509974479675,-0.874293327331543,0.008081769570708275
sentence-transformers/paraphrase-multilingual-mpnet-base-v2,zh,155,mean_pool,0.15133728086948395,-0.6067508459091187,-0.9249343872070312,-0.43930962681770325
sentence-transformers/paraphrase-multilingual-mpnet-base-v2,zh,156,mean_pool,0.1419687271118164,-0.4806186556816101,-0.834870457649231,-0.23797260224819183
sentence-transformers/paraphrase-multilingual-mpnet-base-v2,zh,157,mean_pool,0.07518244534730911,-0.3612453043460846,-0.8384455442428589,-0.45427557826042175
sentence-transformers/paraphrase-multilingual-mpnet-base-v2,zh,158,mean_pool,0.34331566095352173,-0.5955992341041565,-0.9376312494277954,-0.07457306236028671
sentence-transformers/paraphrase-multilingual-mpnet-base-v2,zh,159,mean_pool,0.17239215970039368,-0.5377814769744873,-0.9186407923698425,-0.6409436464309692
sentence-transformers/paraphrase-multilingual-mpnet-base-v2,en,0,marker_pool,0.37909919023513794,-0.00989850889891386,-0.24542368948459625,-0.22087925672531128
sentence-transformers/paraphrase-multilingual-mpnet-base-v2,en,1,marker_pool,0.34270697832107544,0.061213891953229904,-0.32779812812805176,-0.2265259027481079
sentence-transformers/paraphrase-multilingual-mpnet-base-v2,en,2,marker_pool,0.3252864480018616,0.08050316572189331,-0.30450868606567383,-0.2289886772632599
sentence-transformers/paraphrase-multilingual-mpnet-base-v2,en,3,marker_pool,0.33918997645378113,0.08898286521434784,-0.28954318165779114,-0.2111145555973053
sentence-transformers/paraphrase-multilingual-mpnet-base-v2,en,4,marker_pool,0.3562401533126831,0.03943837434053421,-0.24093809723854065,-0.2534221112728119
sentence-transformers/paraphrase-multilingual-mpnet-base-v2,en,5,marker_pool,0.3825763463973999,0.05888773873448372,-0.21720042824745178,-0.274626761674881
sentence-transformers/paraphrase-multilingual-mpnet-base-v2,en,6,marker_pool,0.33736303448677063,0.030782096087932587,-0.2888989746570587,-0.2490132451057434
sentence-transformers/paraphrase-multilingual-mpnet-base-v2,en,7,marker_pool,0.27919870615005493,0.04128190875053406,-0.308784544467926,-0.24004186689853668
sentence-transformers/paraphrase-multilingual-mpnet-base-v2,en,8,marker_pool,0.32399943470954895,0.11381795257329941,-0.24181225895881653,-0.21473422646522522
sentence-transformers/paraphrase-multilingual-mpnet-base-v2,en,9,marker_pool,0.34608736634254456,-0.003809931455180049,-0.2978269159793854,-0.27490419149398804
sentence-transformers/paraphrase-multilingual-mpnet-base-v2,en,10,marker_pool,0.39014196395874023,0.02829631231725216,-0.3359956443309784,-0.22892387211322784
sentence-transformers/paraphrase-multilingual-mpnet-base-v2,en,11,marker_pool,0.36122679710388184,0.025884080678224564,-0.2988966107368469,-0.2775953710079193
sentence-transformers/paraphrase-multilingual-mpnet-base-v2,en,12,marker_pool,0.30872783064842224,0.05721456557512283,-0.3339393734931946,-0.2795828878879547
sentence-transformers/paraphrase-multilingual-mpnet-base-v2,en,13,marker_pool,0.3538762331008911,0.0328950472176075,-0.28939616680145264,-0.29590028524398804
sentence-transformers/paraphrase-multilingual-mpnet-base-v2,en,14,marker_pool,0.37578004598617554,0.016902608796954155,-0.21159149706363678,-0.29646918177604675
sentence-transformers/paraphrase-multilingual-mpnet-base-v2,en,15,marker_pool,0.34652090072631836,0.12786470353603363,-0.33902275562286377,-0.21009068191051483
sentence-transformers/paraphrase-multilingual-mpnet-base-v2,en,16,marker_pool,0.3298419713973999,0.039949916303157806,-0.17360472679138184,-0.23017989099025726
sentence-transformers/paraphrase-multilingual-mpnet-base-v2,en,17,marker_pool,0.3421117067337036,0.0387473963201046,-0.26132428646087646,-0.25761741399765015
sentence-transformers/paraphrase-multilingual-mpnet-base-v2,en,18,marker_pool,0.33059802651405334,0.01517950464040041,-0.2656106948852539,-0.24504396319389343
sentence-transformers/paraphrase-multilingual-mpnet-base-v2,en,19,marker_pool,0.3448750972747803,0.12343808263540268,-0.23854659497737885,-0.22125893831253052
sentence-transformers/paraphrase-multilingual-mpnet-base-v2,en,20,marker_pool,0.3434038460254669,0.005048322957009077,-0.23794634640216827,-0.2513633370399475
sentence-transformers/paraphrase-multilingual-mpnet-base-v2,en,21,marker_pool,0.35505589842796326,0.03623455762863159,-0.23378540575504303,-0.26764777302742004
sentence-transformers/paraphrase-multilingual-mpnet-base-v2,en,22,marker_pool,0.32944297790527344,0.04037126898765564,-0.3321746289730072,-0.24145233631134033
sentence-transformers/paraphrase-multilingual-mpnet-base-v2,en,23,marker_pool,0.33754292130470276,0.05623209476470947,-0.23417340219020844,-0.21750426292419434
sentence-transformers/paraphrase-multilingual-mpnet-base-v2,en,24,marker_pool,0.38505950570106506,0.07237235456705093,-0.3298339545726776,-0.32689806818962097
sentence-transformers/paraphrase-multilingual-mpnet-base-v2,en,25,marker_pool,0.3224549889564514,0.07571572810411453,-0.2934894561767578,-0.24110378324985504
sentence-transformers/paraphrase-multilingual-mpnet-base-v2,en,26,marker_pool,0.3078002333641052,0.07587353140115738,-0.2200010120868683,-0.22957491874694824
sentence-transformers/paraphrase-multilingual-mpnet-base-v2,en,27,marker_pool,0.3369416296482086,0.07396778464317322,-0.2924666702747345,-0.261178195476532
sentence-transformers/paraphrase-multilingual-mpnet-base-v2,en,28,marker_pool,0.3113105893135071,0.11309444904327393,-0.381674587726593,-0.2227645367383957
sentence-transformers/paraphrase-multilingual-mpnet-base-v2,en,29,marker_pool,0.39262181520462036,0.07007038593292236,-0.29623132944107056,-0.2917354702949524
sentence-transformers/paraphrase-multilingual-mpnet-base-v2,en,30,marker_pool,0.3635464906692505,-0.0015484545147046447,-0.26365259289741516,-0.25049906969070435
sentence-transformers/paraphrase-multilingual-mpnet-base-v2,en,31,marker_pool,0.3585982620716095,0.11087007075548172,-0.30923664569854736,-0.20791839063167572
sentence-transformers/paraphrase-multilingual-mpnet-base-v2,en,32,marker_pool,0.3770610988140106,0.0016706926980987191,-0.3260048031806946,-0.3043064475059509
sentence-transformers/paraphrase-multilingual-mpnet-base-v2,en,33,marker_pool,0.3289041221141815,0.054179348051548004,-0.26452818512916565,-0.24759173393249512
sentence-transformers/paraphrase-multilingual-mpnet-base-v2,en,34,marker_pool,0.4010038673877716,0.045305196195840836,-0.2764412462711334,-0.3124801516532898
sentence-transformers/paraphrase-multilingual-mpnet-base-v2,en,35,marker_pool,0.3215876519680023,0.07276549935340881,-0.32524093985557556,-0.28050264716148376
sentence-transformers/paraphrase-multilingual-mpnet-base-v2,en,36,marker_pool,0.3447251617908478,0.08519981056451797,-0.2677963674068451,-0.19632861018180847
sentence-transformers/paraphrase-multilingual-mpnet-base-v2,en,37,marker_pool,0.3674350380897522,0.07616439461708069,-0.312605082988739,-0.2670018970966339
sentence-transformers/paraphrase-multilingual-mpnet-base-v2,en,38,marker_pool,0.3254348635673523,0.03691472113132477,-0.28272438049316406,-0.29144561290740967
sentence-transformers/paraphrase-multilingual-mpnet-base-v2,en,39,marker_pool,0.3239704668521881,0.025008361786603928,-0.3373766541481018,-0.2813056707382202
sentence-transformers/paraphrase-multilingual-mpnet-base-v2,en,40,marker_pool,0.35015878081321716,0.08557696640491486,-0.2599102258682251,-0.2323906421661377
sentence-transformers/paraphrase-multilingual-mpnet-base-v2,en,41,marker_pool,0.34032484889030457,0.07208338379859924,-0.2764458954334259,-0.2122383862733841
sentence-transformers/paraphrase-multilingual-mpnet-base-v2,en,42,marker_pool,0.32557085156440735,0.08922099322080612,-0.3097340166568756,-0.2517701983451843
sentence-transformers/paraphrase-multilingual-mpnet-base-v2,en,43,marker_pool,0.3762502074241638,0.06679153442382812,-0.32401469349861145,-0.22350595891475677
sentence-transformers/paraphrase-multilingual-mpnet-base-v2,en,44,marker_pool,0.3610338270664215,0.003816561307758093,-0.2540421485900879,-0.3344215750694275
sentence-transformers/paraphrase-multilingual-mpnet-base-v2,en,45,marker_pool,0.32668131589889526,0.041642677038908005,-0.3037095069885254,-0.22825968265533447
sentence-transformers/paraphrase-multilingual-mpnet-base-v2,en,46,marker_pool,0.33283528685569763,0.08737361431121826,-0.3275984227657318,-0.25126200914382935
sentence-transformers/paraphrase-multilingual-mpnet-base-v2,en,47,marker_pool,0.3568686246871948,0.07530246675014496,-0.356617271900177,-0.16979964077472687
sentence-transformers/paraphrase-multilingual-mpnet-base-v2,en,48,marker_pool,0.3566876947879791,-0.0025679885875433683,-0.27474504709243774,-0.235727459192276
sentence-transformers/paraphrase-multilingual-mpnet-base-v2,en,49,marker_pool,0.32986700534820557,4.309110863687238e-06,-0.2872333526611328,-0.26437070965766907
sentence-transformers/paraphrase-multilingual-mpnet-base-v2,en,50,marker_pool,0.3200118839740753,0.11486398428678513,-0.32530054450035095,-0.21106109023094177
sentence-transformers/paraphrase-multilingual-mpnet-base-v2,en,51,marker_pool,0.33746999502182007,0.09591197967529297,-0.30515241622924805,-0.21215783059597015
sentence-transformers/paraphrase-multilingual-mpnet-base-v2,en,52,marker_pool,0.35982605814933777,0.021648051217198372,-0.29163020849227905,-0.23381152749061584
sentence-transformers/paraphrase-multilingual-mpnet-base-v2,en,53,marker_pool,0.38767027854919434,0.039441730827093124,-0.3097262978553772,-0.33454445004463196
sentence-transformers/paraphrase-multilingual-mpnet-base-v2,en,54,marker_pool,0.34032970666885376,0.06818199157714844,-0.23849807679653168,-0.26859113574028015
sentence-transformers/paraphrase-multilingual-mpnet-base-v2,en,55,marker_pool,0.344780296087265,0.015361499041318893,-0.24141539633274078,-0.27176639437675476
sentence-transformers/paraphrase-multilingual-mpnet-base-v2,en,56,marker_pool,0.35954198241233826,0.09836278855800629,-0.26270800828933716,-0.18106697499752045
sentence-transformers/paraphrase-multilingual-mpnet-base-v2,en,57,marker_pool,0.3657397925853729,0.05106956139206886,-0.2653825283050537,-0.2475079894065857
sentence-transformers/paraphrase-multilingual-mpnet-base-v2,en,58,marker_pool,0.3138794004917145,0.07140807062387466,-0.29275551438331604,-0.2471589595079422
sentence-transformers/paraphrase-multilingual-mpnet-base-v2,en,59,marker_pool,0.36322903633117676,0.05432567745447159,-0.3424322009086609,-0.30550873279571533
sentence-transformers/paraphrase-multilingual-mpnet-base-v2,en,60,marker_pool,0.2731601595878601,0.04547843337059021,-0.35104385018348694,-0.2531408965587616
sentence-transformers/paraphrase-multilingual-mpnet-base-v2,en,61,marker_pool,0.30730146169662476,0.08285286277532578,-0.3496481478214264,-0.2924959361553192
sentence-transformers/paraphrase-multilingual-mpnet-base-v2,en,62,marker_pool,0.3506477177143097,0.015920421108603477,-0.30899184942245483,-0.21267849206924438
sentence-transformers/paraphrase-multilingual-mpnet-base-v2,en,63,marker_pool,0.3424168527126312,0.0035791383124887943,-0.3156989514827728,-0.22770273685455322
sentence-transformers/paraphrase-multilingual-mpnet-base-v2,en,64,marker_pool,0.4094235301017761,0.050727762281894684,-0.33475497364997864,-0.23630283772945404
sentence-transformers/paraphrase-multilingual-mpnet-base-v2,en,65,marker_pool,0.30156731605529785,0.08513184636831284,-0.2699314057826996,-0.23653925955295563
sentence-transformers/paraphrase-multilingual-mpnet-base-v2,en,66,marker_pool,0.35134997963905334,0.08271336555480957,-0.3520124852657318,-0.24458998441696167
sentence-transformers/paraphrase-multilingual-mpnet-base-v2,en,67,marker_pool,0.332869291305542,0.06014550104737282,-0.3107154667377472,-0.28191161155700684
sentence-transformers/paraphrase-multilingual-mpnet-base-v2,en,68,marker_pool,0.3716714382171631,0.010082007385790348,-0.2979757487773895,-0.24776801466941833
sentence-transformers/paraphrase-multilingual-mpnet-base-v2,en,69,marker_pool,0.3457977771759033,0.1188984215259552,-0.27928775548934937,-0.1857181340456009
sentence-transformers/paraphrase-multilingual-mpnet-base-v2,en,70,marker_pool,0.35810524225234985,0.05554107576608658,-0.33643367886543274,-0.2859874963760376
sentence-transformers/paraphrase-multilingual-mpnet-base-v2,en,71,marker_pool,0.3703460991382599,0.04579289257526398,-0.429053395986557,-0.3224356770515442
sentence-transformers/paraphrase-multilingual-mpnet-base-v2,en,72,marker_pool,0.3225594758987427,0.10179335623979568,-0.3145321011543274,-0.2083868831396103
sentence-transformers/paraphrase-multilingual-mpnet-base-v2,en,73,marker_pool,0.34826260805130005,0.043315667659044266,-0.3167083263397217,-0.24243389070034027
sentence-transformers/paraphrase-multilingual-mpnet-base-v2,en,74,marker_pool,0.33391812443733215,0.0028740239795297384,-0.24835358560085297,-0.24907530844211578
sentence-transformers/paraphrase-multilingual-mpnet-base-v2,en,75,marker_pool,0.35671454668045044,0.06020587310194969,-0.20720912516117096,-0.20530982315540314
sentence-transformers/paraphrase-multilingual-mpnet-base-v2,en,76,marker_pool,0.3581247925758362,0.014319037087261677,-0.2942444086074829,-0.30752304196357727
sentence-transformers/paraphrase-multilingual-mpnet-base-v2,en,77,marker_pool,0.35509923100471497,0.07172891497612,-0.2688332796096802,-0.23736201226711273
sentence-transformers/paraphrase-multilingual-mpnet-base-v2,en,78,marker_pool,0.32230567932128906,0.11012057214975357,-0.18266893923282623,-0.21828216314315796
sentence-transformers/paraphrase-multilingual-mpnet-base-v2,en,79,marker_pool,0.32907015085220337,-0.0011725983349606395,-0.25167733430862427,-0.27958112955093384
sentence-transformers/paraphrase-multilingual-mpnet-base-v2,en,80,marker_pool,0.31973156332969666,0.08135563135147095,-0.2419755756855011,-0.21094249188899994
sentence-transformers/paraphrase-multilingual-mpnet-base-v2,en,81,marker_pool,0.3555268347263336,0.04495089128613472,-0.2918804883956909,-0.25738525390625
sentence-transformers/paraphrase-multilingual-mpnet-base-v2,en,82,marker_pool,0.313569575548172,0.09708569198846817,-0.2355160117149353,-0.1825755387544632
sentence-transformers/paraphrase-multilingual-mpnet-base-v2,en,83,marker_pool,0.38873642683029175,-0.0042096334509551525,-0.2643139660358429,-0.3224216401576996
sentence-transformers/paraphrase-multilingual-mpnet-base-v2,en,84,marker_pool,0.3145037293434143,0.09217473864555359,-0.2087211161851883,-0.2328697144985199
sentence-transformers/paraphrase-multilingual-mpnet-base-v2,en,85,marker_pool,0.32712212204933167,0.06958147138357162,-0.22295507788658142,-0.21467985212802887
sentence-transformers/paraphrase-multilingual-mpnet-base-v2,en,86,marker_pool,0.33703121542930603,0.08367407321929932,-0.3608405888080597,-0.192732036113739
sentence-transformers/paraphrase-multilingual-mpnet-base-v2,en,87,marker_pool,0.3525370955467224,0.11383631825447083,-0.3868148922920227,-0.224855437874794
sentence-transformers/paraphrase-multilingual-mpnet-base-v2,en,88,marker_pool,0.40557458996772766,0.084074966609478,-0.3687664568424225,-0.24702729284763336
sentence-transformers/paraphrase-multilingual-mpnet-base-v2,en,89,marker_pool,0.3841909170150757,0.028937535360455513,-0.2950562536716461,-0.1982191503047943
sentence-transformers/paraphrase-multilingual-mpnet-base-v2,en,90,marker_pool,0.37563925981521606,0.06313595920801163,-0.34189364314079285,-0.21706397831439972
sentence-transformers/paraphrase-multilingual-mpnet-base-v2,en,91,marker_pool,0.3473195731639862,0.09121233969926834,-0.26607540249824524,-0.21920044720172882
sentence-transformers/paraphrase-multilingual-mpnet-base-v2,en,92,marker_pool,0.40016621351242065,0.02077413536608219,-0.3789832293987274,-0.35538527369499207
sentence-transformers/paraphrase-multilingual-mpnet-base-v2,en,93,marker_pool,0.3550649881362915,0.08271490782499313,-0.2981753349304199,-0.22052280604839325
sentence-transformers/paraphrase-multilingual-mpnet-base-v2,en,94,marker_pool,0.31552594900131226,0.032587680965662,-0.3293360769748688,-0.27572426199913025
sentence-transformers/paraphrase-multilingual-mpnet-base-v2,en,95,marker_pool,0.30807626247406006,0.12787865102291107,-0.3059075176715851,-0.23705899715423584
sentence-transformers/paraphrase-multilingual-mpnet-base-v2,en,96,marker_pool,0.34066739678382874,0.04948657006025314,-0.21313171088695526,-0.2264491766691208
sentence-transformers/paraphrase-multilingual-mpnet-base-v2,en,97,marker_pool,0.36159589886665344,0.037584029138088226,-0.4041748046875,-0.32065021991729736
sentence-transformers/paraphrase-multilingual-mpnet-base-v2,en,98,marker_pool,0.3324103355407715,0.06330641359090805,-0.24122390151023865,-0.22155790030956268
sentence-transformers/paraphrase-multilingual-mpnet-base-v2,en,99,marker_pool,0.3237517774105072,0.09150947630405426,-0.33543631434440613,-0.25419101119041443
sentence-transformers/paraphrase-multilingual-mpnet-base-v2,en,100,marker_pool,0.3576694428920746,0.04087481275200844,-0.25146740674972534,-0.2076760232448578
sentence-transformers/paraphrase-multilingual-mpnet-base-v2,en,101,marker_pool,0.3534715175628662,0.092400461435318,-0.2254505306482315,-0.23781150579452515
sentence-transformers/paraphrase-multilingual-mpnet-base-v2,en,102,marker_pool,0.3344303071498871,0.11433364450931549,-0.31540948152542114,-0.2324550598859787
sentence-transformers/paraphrase-multilingual-mpnet-base-v2,en,103,marker_pool,0.3538488745689392,0.03933427482843399,-0.34174230694770813,-0.26465532183647156
sentence-transformers/paraphrase-multilingual-mpnet-base-v2,en,104,marker_pool,0.31997567415237427,0.10332474112510681,-0.2732696235179901,-0.23240210115909576
sentence-transformers/paraphrase-multilingual-mpnet-base-v2,en,105,marker_pool,0.3087020516395569,0.04803508520126343,-0.29032254219055176,-0.2700861394405365
sentence-transformers/paraphrase-multilingual-mpnet-base-v2,en,106,marker_pool,0.38648521900177,0.05784355849027634,-0.289286732673645,-0.3153480291366577
sentence-transformers/paraphrase-multilingual-mpnet-base-v2,en,107,marker_pool,0.33973872661590576,0.0972658172249794,-0.26866114139556885,-0.2582685649394989
sentence-transformers/paraphrase-multilingual-mpnet-base-v2,en,108,marker_pool,0.31153440475463867,0.11101898550987244,-0.34046313166618347,-0.23520857095718384
sentence-transformers/paraphrase-multilingual-mpnet-base-v2,en,109,marker_pool,0.30931738018989563,0.0598052553832531,-0.35176751017570496,-0.22702772915363312
sentence-transformers/paraphrase-multilingual-mpnet-base-v2,en,110,marker_pool,0.3826778829097748,0.04393875226378441,-0.3488210141658783,-0.39097973704338074
sentence-transformers/paraphrase-multilingual-mpnet-base-v2,en,111,marker_pool,0.3221123516559601,0.035440269857645035,-0.2951698303222656,-0.2684321999549866
sentence-transformers/paraphrase-multilingual-mpnet-base-v2,en,112,marker_pool,0.3320756256580353,0.07523945719003677,-0.37240463495254517,-0.19974906742572784
sentence-transformers/paraphrase-multilingual-mpnet-base-v2,en,113,marker_pool,0.32918569445610046,0.06256439536809921,-0.31708821654319763,-0.218341663479805
sentence-transformers/paraphrase-multilingual-mpnet-base-v2,en,114,marker_pool,0.35324108600616455,0.11335486173629761,-0.22866106033325195,-0.18295429646968842
sentence-transformers/paraphrase-multilingual-mpnet-base-v2,en,115,marker_pool,0.3412806987762451,0.1380736380815506,-0.2641022503376007,-0.18773429095745087
sentence-transformers/paraphrase-multilingual-mpnet-base-v2,en,116,marker_pool,0.3913815915584564,0.011244487948715687,-0.29653602838516235,-0.29070305824279785
sentence-transformers/paraphrase-multilingual-mpnet-base-v2,en,117,marker_pool,0.42360246181488037,0.047978464514017105,-0.305521696805954,-0.23290404677391052
sentence-transformers/paraphrase-multilingual-mpnet-base-v2,en,118,marker_pool,0.3282114267349243,0.0676969364285469,-0.19661688804626465,-0.2287650853395462
sentence-transformers/paraphrase-multilingual-mpnet-base-v2,en,119,marker_pool,0.3514767289161682,0.09060559421777725,-0.2844318449497223,-0.2460336685180664
sentence-transformers/paraphrase-multilingual-mpnet-base-v2,en,120,marker_pool,0.3046751320362091,0.04636619985103607,-0.29313936829566956,-0.2203289270401001
sentence-transformers/paraphrase-multilingual-mpnet-base-v2,en,121,marker_pool,0.4192160665988922,0.06049707904458046,-0.3298242688179016,-0.23262427747249603
sentence-transformers/paraphrase-multilingual-mpnet-base-v2,en,122,marker_pool,0.3269859850406647,0.10323183983564377,-0.3119885325431824,-0.22901366651058197
sentence-transformers/paraphrase-multilingual-mpnet-base-v2,en,123,marker_pool,0.32869479060173035,0.13881784677505493,-0.4024854302406311,-0.1913488209247589
sentence-transformers/paraphrase-multilingual-mpnet-base-v2,en,124,marker_pool,0.37471434473991394,0.0779373049736023,-0.29426872730255127,-0.24937891960144043
sentence-transformers/paraphrase-multilingual-mpnet-base-v2,en,125,marker_pool,0.39348697662353516,0.042031195014715195,-0.3608134090900421,-0.3140287697315216
sentence-transformers/paraphrase-multilingual-mpnet-base-v2,en,126,marker_pool,0.3502817451953888,0.12086807191371918,-0.23155510425567627,-0.19467224180698395
sentence-transformers/paraphrase-multilingual-mpnet-base-v2,en,127,marker_pool,0.39926883578300476,0.043173983693122864,-0.35030806064605713,-0.3356832265853882
sentence-transformers/paraphrase-multilingual-mpnet-base-v2,en,128,marker_pool,0.3865737020969391,0.03249308839440346,-0.3876327574253082,-0.38286396861076355
sentence-transformers/paraphrase-multilingual-mpnet-base-v2,en,129,marker_pool,0.323627769947052,0.13400913774967194,-0.304660826921463,-0.22823478281497955
sentence-transformers/paraphrase-multilingual-mpnet-base-v2,en,130,marker_pool,0.3432452380657196,0.036965832114219666,-0.3161531686782837,-0.23064549267292023
sentence-transformers/paraphrase-multilingual-mpnet-base-v2,en,131,marker_pool,0.3755273222923279,0.02113914303481579,-0.3366384506225586,-0.24703961610794067
sentence-transformers/paraphrase-multilingual-mpnet-base-v2,en,132,marker_pool,0.37674108147621155,0.07139956206083298,-0.3687793016433716,-0.2782810926437378
sentence-transformers/paraphrase-multilingual-mpnet-base-v2,en,133,marker_pool,0.36395254731178284,0.05435962602496147,-0.28755515813827515,-0.2657749652862549
sentence-transformers/paraphrase-multilingual-mpnet-base-v2,en,134,marker_pool,0.3626858592033386,0.10431703180074692,-0.3427320718765259,-0.21540915966033936
sentence-transformers/paraphrase-multilingual-mpnet-base-v2,en,135,marker_pool,0.3225156366825104,0.02202821709215641,-0.2704613506793976,-0.2708154618740082
sentence-transformers/paraphrase-multilingual-mpnet-base-v2,en,136,marker_pool,0.35981443524360657,0.06994201242923737,-0.2668038010597229,-0.2376418113708496
sentence-transformers/paraphrase-multilingual-mpnet-base-v2,en,137,marker_pool,0.38008180260658264,0.028364714235067368,-0.37787818908691406,-0.3538234531879425
sentence-transformers/paraphrase-multilingual-mpnet-base-v2,en,138,marker_pool,0.3611883521080017,0.04532671719789505,-0.287367582321167,-0.20516952872276306
sentence-transformers/paraphrase-multilingual-mpnet-base-v2,en,139,marker_pool,0.3624644875526428,0.08205776661634445,-0.349971204996109,-0.20255310833454132
sentence-transformers/paraphrase-multilingual-mpnet-base-v2,en,140,marker_pool,0.29083964228630066,0.08379478007555008,-0.3321501612663269,-0.18717624247074127
sentence-transformers/paraphrase-multilingual-mpnet-base-v2,en,141,marker_pool,0.3712193965911865,0.02557583712041378,-0.3579919934272766,-0.31455421447753906
sentence-transformers/paraphrase-multilingual-mpnet-base-v2,en,142,marker_pool,0.3893909156322479,0.03278011083602905,-0.28109559416770935,-0.3209753632545471
sentence-transformers/paraphrase-multilingual-mpnet-base-v2,en,143,marker_pool,0.36255836486816406,0.04446285590529442,-0.29377683997154236,-0.28569483757019043
sentence-transformers/paraphrase-multilingual-mpnet-base-v2,en,144,marker_pool,0.34927430748939514,0.0901535153388977,-0.2442987561225891,-0.2224925011396408
sentence-transformers/paraphrase-multilingual-mpnet-base-v2,en,145,marker_pool,0.346431702375412,0.05796912685036659,-0.27647387981414795,-0.25676849484443665
sentence-transformers/paraphrase-multilingual-mpnet-base-v2,en,146,marker_pool,0.34452342987060547,0.12762819230556488,-0.21440976858139038,-0.18952666223049164
sentence-transformers/paraphrase-multilingual-mpnet-base-v2,en,147,marker_pool,0.33914822340011597,0.10285753011703491,-0.28629112243652344,-0.24371470510959625
sentence-transformers/paraphrase-multilingual-mpnet-base-v2,en,148,marker_pool,0.3185272514820099,0.07623743265867233,-0.27513396739959717,-0.233808696269989
sentence-transformers/paraphrase-multilingual-mpnet-base-v2,en,149,marker_pool,0.36148208379745483,0.0618923045694828,-0.2701188921928406,-0.22555410861968994
sentence-transformers/paraphrase-multilingual-mpnet-base-v2,en,150,marker_pool,0.35660651326179504,0.03410404175519943,-0.27709710597991943,-0.2238171547651291
sentence-transformers/paraphrase-multilingual-mpnet-base-v2,en,151,marker_pool,0.2860509157180786,0.0795561820268631,-0.29952767491340637,-0.20170427858829498
sentence-transformers/paraphrase-multilingual-mpnet-base-v2,en,152,marker_pool,0.3437293469905853,0.11678005754947662,-0.37113848328590393,-0.2590438723564148
sentence-transformers/paraphrase-multilingual-mpnet-base-v2,en,153,marker_pool,0.3236735165119171,0.0795961394906044,-0.34933218359947205,-0.2568201422691345
sentence-transformers/paraphrase-multilingual-mpnet-base-v2,en,154,marker_pool,0.29648691415786743,0.02107551507651806,-0.29355764389038086,-0.2820286154747009
sentence-transformers/paraphrase-multilingual-mpnet-base-v2,en,155,marker_pool,0.3524799942970276,0.06241428107023239,-0.2870479226112366,-0.23396672308444977
sentence-transformers/paraphrase-multilingual-mpnet-base-v2,en,156,marker_pool,0.3372006118297577,0.012618791311979294,-0.28627365827560425,-0.2736183702945709
sentence-transformers/paraphrase-multilingual-mpnet-base-v2,en,157,marker_pool,0.3524121344089508,0.04722876101732254,-0.28068530559539795,-0.4263933002948761
sentence-transformers/paraphrase-multilingual-mpnet-base-v2,en,158,marker_pool,0.36895856261253357,0.07178916037082672,-0.22103935480117798,-0.1933637410402298
sentence-transformers/paraphrase-multilingual-mpnet-base-v2,en,159,marker_pool,0.3257954716682434,0.05720821022987366,-0.32271021604537964,-0.2719608545303345
sentence-transformers/paraphrase-multilingual-mpnet-base-v2,ru,0,marker_pool,0.2904939353466034,-0.3338407278060913,-0.2528943419456482,-0.40103432536125183
sentence-transformers/paraphrase-multilingual-mpnet-base-v2,ru,1,marker_pool,0.24713845551013947,-0.17160138487815857,-0.5799492001533508,-0.6080960631370544
sentence-transformers/paraphrase-multilingual-mpnet-base-v2,ru,2,marker_pool,0.30256831645965576,-0.1689356565475464,-0.7717808485031128,-0.11556573957204819
sentence-transformers/paraphrase-multilingual-mpnet-base-v2,ru,3,marker_pool,0.21244531869888306,-0.39371657371520996,-0.6535061597824097,-0.4649128317832947
sentence-transformers/paraphrase-multilingual-mpnet-base-v2,ru,4,marker_pool,0.27361392974853516,-0.2540372908115387,-0.6699091196060181,0.021486684679985046
sentence-transformers/paraphrase-multilingual-mpnet-base-v2,ru,5,marker_pool,0.09818005561828613,0.009960685856640339,-0.5152332186698914,-0.4920418858528137
sentence-transformers/paraphrase-multilingual-mpnet-base-v2,ru,6,marker_pool,0.17903754115104675,-0.19584877789020538,-0.4585108160972595,-0.2838643789291382
sentence-transformers/paraphrase-multilingual-mpnet-base-v2,ru,7,marker_pool,0.13382548093795776,-0.3372684419155121,-0.41604042053222656,-0.6342624425888062
sentence-transformers/paraphrase-multilingual-mpnet-base-v2,ru,8,marker_pool,0.15453815460205078,-0.11352528631687164,-0.5079423785209656,-0.49413788318634033
sentence-transformers/paraphrase-multilingual-mpnet-base-v2,ru,9,marker_pool,0.28727784752845764,-0.21833626925945282,-0.5748361349105835,-0.5973506569862366
sentence-transformers/paraphrase-multilingual-mpnet-base-v2,ru,10,marker_pool,0.16114895045757294,-0.1927483230829239,-0.4741952121257782,-0.6151607632637024
sentence-transformers/paraphrase-multilingual-mpnet-base-v2,ru,11,marker_pool,0.020442498847842216,-0.3755166232585907,-0.3241352438926697,-0.464927077293396
sentence-transformers/paraphrase-multilingual-mpnet-base-v2,ru,12,marker_pool,0.29453685879707336,-0.4201788008213043,-0.5521594285964966,-0.09155340492725372
sentence-transformers/paraphrase-multilingual-mpnet-base-v2,ru,13,marker_pool,0.25183728337287903,-0.249771386384964,-0.5540956258773804,-0.3206758201122284
sentence-transformers/paraphrase-multilingual-mpnet-base-v2,ru,14,marker_pool,0.18979352712631226,-0.4754031300544739,-0.6482017636299133,-0.23231026530265808
sentence-transformers/paraphrase-multilingual-mpnet-base-v2,ru,15,marker_pool,0.29058921337127686,-0.1972162276506424,-0.7217513918876648,-0.1737235188484192
sentence-transformers/paraphrase-multilingual-mpnet-base-v2,ru,16,marker_pool,0.09737711399793625,-0.10849091410636902,-0.44708171486854553,-0.4438900649547577
sentence-transformers/paraphrase-multilingual-mpnet-base-v2,ru,17,marker_pool,0.10340966284275055,-0.3305582106113434,-0.4915699362754822,-0.3642198145389557
sentence-transformers/paraphrase-multilingual-mpnet-base-v2,ru,18,marker_pool,0.40767011046409607,-0.19923539459705353,-0.6836268901824951,-0.2543427348136902
sentence-transformers/paraphrase-multilingual-mpnet-base-v2,ru,19,marker_pool,0.15257985889911652,-0.40123051404953003,-0.5414639115333557,-0.5460097789764404
sentence-transformers/paraphrase-multilingual-mpnet-base-v2,ru,20,marker_pool,0.07826961576938629,-0.21022015810012817,-0.2520767152309418,-0.4513827860355377
sentence-transformers/paraphrase-multilingual-mpnet-base-v2,ru,21,marker_pool,0.1773076206445694,-0.24504882097244263,-0.6667551398277283,-0.14087769389152527
sentence-transformers/paraphrase-multilingual-mpnet-base-v2,ru,22,marker_pool,0.21017871797084808,-0.2851608991622925,-0.4132293462753296,-0.7671818733215332
sentence-transformers/paraphrase-multilingual-mpnet-base-v2,ru,23,marker_pool,0.20591269433498383,-0.5402894616127014,-0.3317111134529114,-0.32372045516967773
sentence-transformers/paraphrase-multilingual-mpnet-base-v2,ru,24,marker_pool,0.26952052116394043,-0.5017468333244324,-0.4735126197338104,0.0011566545581445098
sentence-transformers/paraphrase-multilingual-mpnet-base-v2,ru,25,marker_pool,0.15574802458286285,-0.22873951494693756,-0.6399175524711609,-0.03224150836467743
sentence-transformers/paraphrase-multilingual-mpnet-base-v2,ru,26,marker_pool,0.26279014348983765,-0.29086363315582275,-0.3106740117073059,-0.7012536525726318
sentence-transformers/paraphrase-multilingual-mpnet-base-v2,ru,27,marker_pool,0.32133084535598755,-0.26381027698516846,-0.21684513986110687,-0.6531612277030945
sentence-transformers/paraphrase-multilingual-mpnet-base-v2,ru,28,marker_pool,0.2699449062347412,-0.1125819981098175,-0.10669095069169998,-0.6444099545478821
sentence-transformers/paraphrase-multilingual-mpnet-base-v2,ru,29,marker_pool,0.3302927613258362,-0.12462955713272095,-0.6241366863250732,-0.554550290107727
sentence-transformers/paraphrase-multilingual-mpnet-base-v2,ru,30,marker_pool,0.15864919126033783,-0.3555087149143219,-0.25855737924575806,-0.37610623240470886
sentence-transformers/paraphrase-multilingual-mpnet-base-v2,ru,31,marker_pool,0.2705610990524292,0.218685582280159,-0.8630841970443726,-0.02768486551940441
sentence-transformers/paraphrase-multilingual-mpnet-base-v2,ru,32,marker_pool,0.26514750719070435,-0.15282051265239716,-0.5643090009689331,-0.5199561715126038
sentence-transformers/paraphrase-multilingual-mpnet-base-v2,ru,33,marker_pool,0.35924941301345825,-0.09108594805002213,-0.4620077311992645,-0.7336028814315796
sentence-transformers/paraphrase-multilingual-mpnet-base-v2,ru,34,marker_pool,0.14015427231788635,-0.1456829011440277,-0.5049988627433777,-0.3858063817024231
sentence-transformers/paraphrase-multilingual-mpnet-base-v2,ru,35,marker_pool,0.10351558774709702,0.10364082455635071,-0.547328770160675,-0.4999955892562866
sentence-transformers/paraphrase-multilingual-mpnet-base-v2,ru,36,marker_pool,0.24960359930992126,-0.40052834153175354,-0.7611315846443176,-0.33716386556625366
sentence-transformers/paraphrase-multilingual-mpnet-base-v2,ru,37,marker_pool,0.2548278272151947,0.005602965597063303,-0.45855486392974854,-0.7716482281684875
sentence-transformers/paraphrase-multilingual-mpnet-base-v2,ru,38,marker_pool,0.1572898030281067,-0.32682839035987854,-0.5013004541397095,-0.4091942012310028
sentence-transformers/paraphrase-multilingual-mpnet-base-v2,ru,39,marker_pool,0.26524052023887634,-0.14029835164546967,-0.6029630303382874,-0.25543639063835144
sentence-transformers/paraphrase-multilingual-mpnet-base-v2,ru,40,marker_pool,0.22462034225463867,-0.5454356670379639,-0.2886560261249542,-0.3871191740036011
sentence-transformers/paraphrase-multilingual-mpnet-base-v2,ru,41,marker_pool,0.30891063809394836,-0.037861417979002,-0.6152864694595337,-0.5076354742050171
sentence-transformers/paraphrase-multilingual-mpnet-base-v2,ru,42,marker_pool,0.31370624899864197,-0.43935197591781616,-0.7524720430374146,-0.2682966887950897
sentence-transformers/paraphrase-multilingual-mpnet-base-v2,ru,43,marker_pool,0.08967848867177963,-0.022510986775159836,-0.6512815952301025,-0.48056933283805847
sentence-transformers/paraphrase-multilingual-mpnet-base-v2,ru,44,marker_pool,0.08657195419073105,-0.3001379370689392,-0.42316141724586487,-0.5802753567695618
sentence-transformers/paraphrase-multilingual-mpnet-base-v2,ru,45,marker_pool,0.0832405835390091,-0.42155125737190247,-0.45863211154937744,-0.17879879474639893
sentence-transformers/paraphrase-multilingual-mpnet-base-v2,ru,46,marker_pool,0.10799923539161682,-0.16613422334194183,-0.5233715176582336,-0.07146268337965012
sentence-transformers/paraphrase-multilingual-mpnet-base-v2,ru,47,marker_pool,0.08952738344669342,-0.3872767388820648,-0.20017772912979126,-0.5499514937400818
sentence-transformers/paraphrase-multilingual-mpnet-base-v2,ru,48,marker_pool,0.1483018398284912,-0.4654231071472168,-0.34818264842033386,-0.1617342084646225
sentence-transformers/paraphrase-multilingual-mpnet-base-v2,ru,49,marker_pool,0.25325652956962585,-0.45306649804115295,-0.4314332902431488,0.09557283669710159
sentence-transformers/paraphrase-multilingual-mpnet-base-v2,ru,50,marker_pool,0.13828904926776886,-0.2828623354434967,-0.356893390417099,-0.37704432010650635
sentence-transformers/paraphrase-multilingual-mpnet-base-v2,ru,51,marker_pool,0.29063522815704346,-0.4912755489349365,-0.4451635479927063,-0.03635654225945473
sentence-transformers/paraphrase-multilingual-mpnet-base-v2,ru,52,marker_pool,0.2679629921913147,-0.3984178602695465,-0.41964125633239746,-0.1514609158039093
sentence-transformers/paraphrase-multilingual-mpnet-base-v2,ru,53,marker_pool,0.24964238703250885,-0.44779732823371887,-0.33756887912750244,-0.2089712768793106
sentence-transformers/paraphrase-multilingual-mpnet-base-v2,ru,54,marker_pool,0.20552045106887817,-0.47288110852241516,-0.603777289390564,-0.32704827189445496
sentence-transformers/paraphrase-multilingual-mpnet-base-v2,ru,55,marker_pool,0.2209138125181198,-0.4615771770477295,-0.459766149520874,-0.12092534452676773
sentence-transformers/paraphrase-multilingual-mpnet-base-v2,ru,56,marker_pool,0.3575289845466614,-0.14116938412189484,-0.7294424772262573,-0.40574392676353455
sentence-transformers/paraphrase-multilingual-mpnet-base-v2,ru,57,marker_pool,0.06780262291431427,-0.3767322897911072,-0.40470364689826965,-0.5528625249862671
sentence-transformers/paraphrase-multilingual-mpnet-base-v2,ru,58,marker_pool,0.2521325349807739,-0.24438785016536713,-0.7411271929740906,-0.04709441214799881
sentence-transformers/paraphrase-multilingual-mpnet-base-v2,ru,59,marker_pool,0.2527945637702942,-0.19424182176589966,-0.32909613847732544,-0.683364748954773
sentence-transformers/paraphrase-multilingual-mpnet-base-v2,ru,60,marker_pool,0.1876157820224762,-0.18132701516151428,-0.7115934491157532,-0.3567860722541809
sentence-transformers/paraphrase-multilingual-mpnet-base-v2,ru,61,marker_pool,0.24429219961166382,-0.31901001930236816,-0.6456103324890137,-0.3049646019935608
sentence-transformers/paraphrase-multilingual-mpnet-base-v2,ru,62,marker_pool,0.25809112191200256,-0.20044803619384766,-0.3735641837120056,-0.6358019113540649
sentence-transformers/paraphrase-multilingual-mpnet-base-v2,ru,63,marker_pool,0.1970563530921936,-0.36417001485824585,-0.6073064208030701,-0.2944979965686798
sentence-transformers/paraphrase-multilingual-mpnet-base-v2,ru,64,marker_pool,0.29725733399391174,0.027502361685037613,-0.685867190361023,-0.41971150040626526
sentence-transformers/paraphrase-multilingual-mpnet-base-v2,ru,65,marker_pool,0.31224867701530457,-0.22765731811523438,-0.5706996917724609,-0.5720720291137695
sentence-transformers/paraphrase-multilingual-mpnet-base-v2,ru,66,marker_pool,0.10829721391201019,-0.06902117282152176,-0.4877975881099701,-0.5038180351257324
sentence-transformers/paraphrase-multilingual-mpnet-base-v2,ru,67,marker_pool,0.09862546622753143,-0.07648157328367233,-0.3867816925048828,-0.5748369097709656
sentence-transformers/paraphrase-multilingual-mpnet-base-v2,ru,68,marker_pool,0.16627700626850128,-0.12057678401470184,-0.49567335844039917,-0.6944248676300049
sentence-transformers/paraphrase-multilingual-mpnet-base-v2,ru,69,marker_pool,0.23518981039524078,-0.0681924819946289,-0.6371815800666809,-0.3673279285430908
sentence-transformers/paraphrase-multilingual-mpnet-base-v2,ru,70,marker_pool,0.3622955083847046,-0.3693268299102783,-0.7289208173751831,-0.3153012692928314
sentence-transformers/paraphrase-multilingual-mpnet-base-v2,ru,71,marker_pool,0.30529579520225525,-0.39446327090263367,-0.8008274435997009,-0.23683160543441772
sentence-transformers/paraphrase-multilingual-mpnet-base-v2,ru,72,marker_pool,0.17435085773468018,-0.3727743923664093,-0.6084428429603577,-0.4128205180168152
sentence-transformers/paraphrase-multilingual-mpnet-base-v2,ru,73,marker_pool,0.16208282113075256,-0.44149309396743774,-0.15439103543758392,-0.35121920704841614
sentence-transformers/paraphrase-multilingual-mpnet-base-v2,ru,74,marker_pool,0.029856055974960327,-0.04520239681005478,-0.3217138946056366,-0.5565747618675232
sentence-transformers/paraphrase-multilingual-mpnet-base-v2,ru,75,marker_pool,0.2734319269657135,-0.06561022251844406,-0.6275637745857239,-0.29222771525382996
sentence-transformers/paraphrase-multilingual-mpnet-base-v2,ru,76,marker_pool,0.07780903577804565,-0.29378220438957214,-0.3214093744754791,-0.5212771892547607
sentence-transformers/paraphrase-multilingual-mpnet-base-v2,ru,77,marker_pool,0.29221397638320923,-0.4170049726963043,-0.5220993757247925,-0.5769087076187134
sentence-transformers/paraphrase-multilingual-mpnet-base-v2,ru,78,marker_pool,0.19294330477714539,-0.14309050142765045,-0.5838474035263062,-0.31275850534439087
sentence-transformers/paraphrase-multilingual-mpnet-base-v2,ru,79,marker_pool,0.20909635722637177,-0.2908579707145691,-0.6013769507408142,-0.47863268852233887
sentence-transformers/paraphrase-multilingual-mpnet-base-v2,ru,80,marker_pool,0.19974111020565033,-0.02347646839916706,-0.6815571784973145,-0.3286172151565552
sentence-transformers/paraphrase-multilingual-mpnet-base-v2,ru,81,marker_pool,0.20892436802387238,-0.22907893359661102,-0.6337368488311768,-0.31205692887306213
sentence-transformers/paraphrase-multilingual-mpnet-base-v2,ru,82,marker_pool,0.08731959015130997,-0.007973522879183292,-0.6173290014266968,-0.1955597847700119
sentence-transformers/paraphrase-multilingual-mpnet-base-v2,ru,83,marker_pool,0.26621416211128235,-0.11849899590015411,-0.5393738746643066,-0.36590275168418884
sentence-transformers/paraphrase-multilingual-mpnet-base-v2,ru,84,marker_pool,0.23275306820869446,-0.41929978132247925,-0.42005831003189087,-0.15630027651786804
sentence-transformers/paraphrase-multilingual-mpnet-base-v2,ru,85,marker_pool,0.2084774374961853,-0.32830193638801575,-0.5826036930084229,-0.3739277422428131
sentence-transformers/paraphrase-multilingual-mpnet-base-v2,ru,86,marker_pool,0.32427817583084106,-0.3663172721862793,-0.67857426404953,-0.251254141330719
sentence-transformers/paraphrase-multilingual-mpnet-base-v2,ru,87,marker_pool,0.2572577893733978,-0.11862003058195114,-0.6701145768165588,-0.15692457556724548
sentence-transformers/paraphrase-multilingual-mpnet-base-v2,ru,88,marker_pool,0.16187049448490143,-0.29215818643569946,-0.49627187848091125,-0.29508405923843384
sentence-transformers/paraphrase-multilingual-mpnet-base-v2,ru,89,marker_pool,0.09301571547985077,-0.38662558794021606,-0.39980369806289673,-0.5771368741989136
sentence-transformers/paraphrase-multilingual-mpnet-base-v2,ru,90,marker_pool,0.14490006864070892,-0.24786457419395447,-0.6522595882415771,-0.17191079258918762
sentence-transformers/paraphrase-multilingual-mpnet-base-v2,ru,91,marker_pool,0.16137948632240295,-0.3925405442714691,-0.20611247420310974,-0.4753185212612152
sentence-transformers/paraphrase-multilingual-mpnet-base-v2,ru,92,marker_pool,0.2244451344013214,-0.15288378298282623,-0.7716493010520935,-0.4235575795173645
sentence-transformers/paraphrase-multilingual-mpnet-base-v2,ru,93,marker_pool,0.20881858468055725,-0.27570465207099915,-0.35831567645072937,-0.43512097001075745
sentence-transformers/paraphrase-multilingual-mpnet-base-v2,ru,94,marker_pool,0.25446218252182007,0.05477346107363701,-0.6100766062736511,-0.5060052871704102
sentence-transformers/paraphrase-multilingual-mpnet-base-v2,ru,95,marker_pool,0.303986132144928,-0.37592613697052,-0.5885527729988098,-0.13578049838542938
sentence-transformers/paraphrase-multilingual-mpnet-base-v2,ru,96,marker_pool,0.3339599668979645,-0.15555761754512787,-0.5102995038032532,-0.5816365480422974
sentence-transformers/paraphrase-multilingual-mpnet-base-v2,ru,97,marker_pool,0.16715779900550842,-0.3671095073223114,-0.5678027272224426,-0.5587949156761169
sentence-transformers/paraphrase-multilingual-mpnet-base-v2,ru,98,marker_pool,0.031235452741384506,-0.06520230323076248,-0.40343692898750305,-0.4181273281574249
sentence-transformers/paraphrase-multilingual-mpnet-base-v2,ru,99,marker_pool,0.15013054013252258,-0.23892323672771454,-0.38098785281181335,-0.3551913797855377
sentence-transformers/paraphrase-multilingual-mpnet-base-v2,ru,100,marker_pool,0.34917953610420227,-0.2689330577850342,-0.6604798436164856,-0.3081469237804413
sentence-transformers/paraphrase-multilingual-mpnet-base-v2,ru,101,marker_pool,0.3087403178215027,-0.36491701006889343,-0.7991096377372742,-0.21560673415660858
sentence-transformers/paraphrase-multilingual-mpnet-base-v2,ru,102,marker_pool,0.2457766830921173,-0.3898264467716217,-0.2842499613761902,-0.3376460075378418
sentence-transformers/paraphrase-multilingual-mpnet-base-v2,ru,103,marker_pool,0.2811598479747772,-0.3119526505470276,-0.7132501602172852,-0.15874145925045013
sentence-transformers/paraphrase-multilingual-mpnet-base-v2,ru,104,marker_pool,0.28078582882881165,-0.08097724616527557,-0.45517927408218384,-0.47713702917099
sentence-transformers/paraphrase-multilingual-mpnet-base-v2,ru,105,marker_pool,0.3085642457008362,-0.07390990108251572,-0.6683820486068726,-0.1581929475069046
sentence-transformers/paraphrase-multilingual-mpnet-base-v2,ru,106,marker_pool,0.15423372387886047,-0.20793108642101288,-0.5673431754112244,-0.40539878606796265
sentence-transformers/paraphrase-multilingual-mpnet-base-v2,ru,107,marker_pool,0.06986023485660553,-0.15851064026355743,-0.3757822513580322,-0.48579150438308716
sentence-transformers/paraphrase-multilingual-mpnet-base-v2,ru,108,marker_pool,0.17049849033355713,-0.08454133570194244,-0.2321433126926422,-0.38826045393943787
sentence-transformers/paraphrase-multilingual-mpnet-base-v2,ru,109,marker_pool,0.21282784640789032,-0.1945647895336151,-0.5676453113555908,-0.49353471398353577
sentence-transformers/paraphrase-multilingual-mpnet-base-v2,ru,110,marker_pool,0.20103880763053894,-0.31513869762420654,-0.32904547452926636,0.010995181277394295
sentence-transformers/paraphrase-multilingual-mpnet-base-v2,ru,111,marker_pool,0.07109326124191284,-0.4725497364997864,-0.467203825712204,-0.46052059531211853
sentence-transformers/paraphrase-multilingual-mpnet-base-v2,ru,112,marker_pool,0.27012863755226135,-0.17983287572860718,-0.45891526341438293,-0.320537805557251
sentence-transformers/paraphrase-multilingual-mpnet-base-v2,ru,113,marker_pool,0.14526493847370148,-0.10942594707012177,-0.6116418242454529,-0.4905405342578888
sentence-transformers/paraphrase-multilingual-mpnet-base-v2,ru,114,marker_pool,0.04925476759672165,-0.20710566639900208,-0.3725852072238922,-0.47558706998825073
sentence-transformers/paraphrase-multilingual-mpnet-base-v2,ru,115,marker_pool,0.2619641125202179,-0.400937557220459,-0.43314990401268005,-0.3022245168685913
sentence-transformers/paraphrase-multilingual-mpnet-base-v2,ru,116,marker_pool,0.19316256046295166,-0.1377556174993515,-0.4316030740737915,-0.5293770432472229
sentence-transformers/paraphrase-multilingual-mpnet-base-v2,ru,117,marker_pool,0.09021907299757004,-0.10028102248907089,-0.3891398012638092,-0.4448556900024414
sentence-transformers/paraphrase-multilingual-mpnet-base-v2,ru,118,marker_pool,0.30583012104034424,-0.5100006461143494,-0.4821440577507019,-0.042487770318984985
sentence-transformers/paraphrase-multilingual-mpnet-base-v2,ru,119,marker_pool,0.1087503656744957,-0.43082109093666077,-0.35778701305389404,-0.6352819204330444
sentence-transformers/paraphrase-multilingual-mpnet-base-v2,ru,120,marker_pool,0.27321484684944153,-0.23541013896465302,-0.7535426616668701,-0.36344340443611145
sentence-transformers/paraphrase-multilingual-mpnet-base-v2,ru,121,marker_pool,0.2970506548881531,-0.4735815227031708,-0.6217713952064514,-0.1926555335521698
sentence-transformers/paraphrase-multilingual-mpnet-base-v2,ru,122,marker_pool,0.1718893200159073,-0.20488771796226501,-0.4649011492729187,-0.8166133165359497
sentence-transformers/paraphrase-multilingual-mpnet-base-v2,ru,123,marker_pool,0.27294057607650757,-0.43594890832901,-0.48880869150161743,-0.6003778576850891
sentence-transformers/paraphrase-multilingual-mpnet-base-v2,ru,124,marker_pool,0.17308001220226288,-0.24818609654903412,-0.5377544164657593,-0.6047248244285583
sentence-transformers/paraphrase-multilingual-mpnet-base-v2,ru,125,marker_pool,0.1430102288722992,-0.3023480176925659,-0.5812689065933228,-0.3813028335571289
sentence-transformers/paraphrase-multilingual-mpnet-base-v2,ru,126,marker_pool,0.20405974984169006,-0.4866638481616974,-0.24777467548847198,-0.29980072379112244
sentence-transformers/paraphrase-multilingual-mpnet-base-v2,ru,127,marker_pool,0.29978272318840027,-0.21660543978214264,-0.3545481264591217,-0.617523729801178
sentence-transformers/paraphrase-multilingual-mpnet-base-v2,ru,128,marker_pool,0.16008682548999786,-0.49367231130599976,-0.05866188555955887,-0.5172193646430969
sentence-transformers/paraphrase-multilingual-mpnet-base-v2,ru,129,marker_pool,0.2977153956890106,-0.14537779986858368,-0.8042775988578796,-0.1745581030845642
sentence-transformers/paraphrase-multilingual-mpnet-base-v2,ru,130,marker_pool,0.3028191924095154,0.029345959424972534,-0.5843120217323303,-0.07727154344320297
sentence-transformers/paraphrase-multilingual-mpnet-base-v2,ru,131,marker_pool,0.06375587731599808,-0.5312955379486084,-0.3213934898376465,-0.703332781791687
sentence-transformers/paraphrase-multilingual-mpnet-base-v2,ru,132,marker_pool,0.06944052875041962,-0.15408726036548615,-0.5938933491706848,-0.4132321774959564
sentence-transformers/paraphrase-multilingual-mpnet-base-v2,ru,133,marker_pool,0.11734521389007568,-0.23475246131420135,-0.46557173132896423,-0.5980223417282104
sentence-transformers/paraphrase-multilingual-mpnet-base-v2,ru,134,marker_pool,0.1783137023448944,-0.20152722299098969,-0.42870399355888367,-0.5885934233665466
sentence-transformers/paraphrase-multilingual-mpnet-base-v2,ru,135,marker_pool,0.30306950211524963,0.012442348524928093,-0.8217061161994934,-0.17835651338100433
sentence-transformers/paraphrase-multilingual-mpnet-base-v2,ru,136,marker_pool,0.12272434681653976,-0.29936084151268005,-0.5779477953910828,-0.24023227393627167
sentence-transformers/paraphrase-multilingual-mpnet-base-v2,ru,137,marker_pool,0.261549711227417,-0.21680530905723572,-0.5065253376960754,-0.5697469115257263
sentence-transformers/paraphrase-multilingual-mpnet-base-v2,ru,138,marker_pool,0.19764330983161926,-0.3915501832962036,-0.4347265064716339,-0.11731819808483124
sentence-transformers/paraphrase-multilingual-mpnet-base-v2,ru,139,marker_pool,0.229021355509758,-0.2700839936733246,-0.6116514801979065,-0.26736119389533997
sentence-transformers/paraphrase-multilingual-mpnet-base-v2,ru,140,marker_pool,0.1187957152724266,-0.47864288091659546,-0.3968167304992676,-0.23207472264766693
sentence-transformers/paraphrase-multilingual-mpnet-base-v2,ru,141,marker_pool,0.2927132248878479,-0.2933928370475769,-0.6799521446228027,-0.03609791025519371
sentence-transformers/paraphrase-multilingual-mpnet-base-v2,ru,142,marker_pool,0.15351392328739166,-0.11820991337299347,-0.5229949951171875,-0.6568554043769836
sentence-transformers/paraphrase-multilingual-mpnet-base-v2,ru,143,marker_pool,0.08739224076271057,-0.01703905500471592,-0.5084390044212341,-0.27707749605178833
sentence-transformers/paraphrase-multilingual-mpnet-base-v2,ru,144,marker_pool,0.19700467586517334,-0.4941970109939575,-0.5356648564338684,-0.26185253262519836
sentence-transformers/paraphrase-multilingual-mpnet-base-v2,ru,145,marker_pool,0.33512887358665466,-0.16297557950019836,-0.7031010985374451,-0.23776212334632874
sentence-transformers/paraphrase-multilingual-mpnet-base-v2,ru,146,marker_pool,0.21435105800628662,-0.36120736598968506,-0.5915858149528503,-0.18905214965343475
sentence-transformers/paraphrase-multilingual-mpnet-base-v2,ru,147,marker_pool,0.153495192527771,-0.1173890009522438,-0.5724440813064575,-0.27762752771377563
sentence-transformers/paraphrase-multilingual-mpnet-base-v2,ru,148,marker_pool,0.04288588464260101,-0.3628944158554077,-0.3009554147720337,-0.3989529311656952
sentence-transformers/paraphrase-multilingual-mpnet-base-v2,ru,149,marker_pool,0.3357123136520386,-0.4876612424850464,-0.668000340461731,-0.04474655166268349
sentence-transformers/paraphrase-multilingual-mpnet-base-v2,ru,150,marker_pool,0.11838200688362122,-0.2651488780975342,-0.4972604215145111,-0.44644495844841003
sentence-transformers/paraphrase-multilingual-mpnet-base-v2,ru,151,marker_pool,0.1308186799287796,-0.41691267490386963,-0.3920617699623108,-0.3228442072868347
sentence-transformers/paraphrase-multilingual-mpnet-base-v2,ru,152,marker_pool,0.06503190100193024,-0.15612512826919556,-0.40825989842414856,-0.4454803764820099
sentence-transformers/paraphrase-multilingual-mpnet-base-v2,ru,153,marker_pool,0.1695086508989334,-0.17714925110340118,-0.11813612282276154,-0.6122386455535889
sentence-transformers/paraphrase-multilingual-mpnet-base-v2,ru,154,marker_pool,0.047386519610881805,-0.2682984471321106,-0.24178309738636017,-0.4882378876209259
sentence-transformers/paraphrase-multilingual-mpnet-base-v2,ru,155,marker_pool,0.2817324995994568,-0.3236615061759949,-0.5980991125106812,-0.6017165780067444
sentence-transformers/paraphrase-multilingual-mpnet-base-v2,ru,156,marker_pool,0.16855257749557495,-0.0010158030781894922,-0.5599327087402344,-0.4887275695800781
sentence-transformers/paraphrase-multilingual-mpnet-base-v2,ru,157,marker_pool,0.165842205286026,-0.3786149322986603,-0.3614119291305542,-0.1593354344367981
sentence-transformers/paraphrase-multilingual-mpnet-base-v2,ru,158,marker_pool,0.0625351071357727,-0.13664424419403076,-0.25225481390953064,-0.46303752064704895
sentence-transformers/paraphrase-multilingual-mpnet-base-v2,ru,159,marker_pool,0.23811614513397217,-0.25244733691215515,-0.5143068432807922,-0.34723562002182007
sentence-transformers/paraphrase-multilingual-mpnet-base-v2,zh,0,marker_pool,0.10807473957538605,-0.4144161641597748,-0.8822234869003296,-0.6259639263153076
sentence-transformers/paraphrase-multilingual-mpnet-base-v2,zh,1,marker_pool,0.16647905111312866,-0.37232890725135803,-0.8883839845657349,-0.5337108373641968
sentence-transformers/paraphrase-multilingual-mpnet-base-v2,zh,2,marker_pool,0.1040477380156517,-0.447965145111084,-0.8311847448348999,-0.6208568811416626
sentence-transformers/paraphrase-multilingual-mpnet-base-v2,zh,3,marker_pool,0.17861105501651764,-0.3894699513912201,-0.9050576686859131,-0.6006397008895874
sentence-transformers/paraphrase-multilingual-mpnet-base-v2,zh,4,marker_pool,0.14773283898830414,-0.5830817222595215,-0.961886465549469,0.0897831842303276
sentence-transformers/paraphrase-multilingual-mpnet-base-v2,zh,5,marker_pool,0.16703443229198456,-0.404542475938797,-0.7551373243331909,-0.5084698796272278
sentence-transformers/paraphrase-multilingual-mpnet-base-v2,zh,6,marker_pool,0.11609425395727158,-0.46504339575767517,-0.8842317461967468,-0.5940632820129395
sentence-transformers/paraphrase-multilingual-mpnet-base-v2,zh,7,marker_pool,0.3572390079498291,-0.4562956690788269,-0.6948358416557312,0.07877680659294128
sentence-transformers/paraphrase-multilingual-mpnet-base-v2,zh,8,marker_pool,0.08785613626241684,-0.5006932616233826,-0.8508578538894653,-0.5722548365592957
sentence-transformers/paraphrase-multilingual-mpnet-base-v2,zh,9,marker_pool,0.154195636510849,-0.44387373328208923,-0.8212510347366333,-0.55811607837677
sentence-transformers/paraphrase-multilingual-mpnet-base-v2,zh,10,marker_pool,0.11673452705144882,-0.37719517946243286,-0.8871822357177734,-0.6647356152534485
sentence-transformers/paraphrase-multilingual-mpnet-base-v2,zh,11,marker_pool,0.21889372169971466,-0.6886281967163086,-0.879629373550415,0.2253788262605667
sentence-transformers/paraphrase-multilingual-mpnet-base-v2,zh,12,marker_pool,0.15321308374404907,-0.4765746295452118,-0.8728843927383423,-0.8518327474594116
sentence-transformers/paraphrase-multilingual-mpnet-base-v2,zh,13,marker_pool,0.15508905053138733,-0.4447198808193207,-0.8156106472015381,-0.5777699947357178
sentence-transformers/paraphrase-multilingual-mpnet-base-v2,zh,14,marker_pool,0.10886596888303757,-0.43539655208587646,-0.8318445682525635,-0.6664057970046997
sentence-transformers/paraphrase-multilingual-mpnet-base-v2,zh,15,marker_pool,0.08068954199552536,-0.46640312671661377,-0.8661662936210632,-0.6140797734260559
sentence-transformers/paraphrase-multilingual-mpnet-base-v2,zh,16,marker_pool,0.20094195008277893,-0.6039748191833496,-0.8967345952987671,-0.003350679762661457
sentence-transformers/paraphrase-multilingual-mpnet-base-v2,zh,17,marker_pool,0.13140513002872467,-0.388618141412735,-0.874036431312561,-0.6475100517272949
sentence-transformers/paraphrase-multilingual-mpnet-base-v2,zh,18,marker_pool,0.13721626996994019,-0.4867335855960846,-0.8441998958587646,-0.8623244166374207
sentence-transformers/paraphrase-multilingual-mpnet-base-v2,zh,19,marker_pool,0.13013844192028046,-0.4341556131839752,-0.758208155632019,-0.6205862164497375
sentence-transformers/paraphrase-multilingual-mpnet-base-v2,zh,20,marker_pool,0.080513134598732,-0.41034412384033203,-0.8846766948699951,-0.624478280544281
sentence-transformers/paraphrase-multilingual-mpnet-base-v2,zh,21,marker_pool,0.3311072885990143,-0.5304833054542542,-0.8472479581832886,0.009156457148492336
sentence-transformers/paraphrase-multilingual-mpnet-base-v2,zh,22,marker_pool,0.13669903576374054,-0.4592694044113159,-0.8089734315872192,-0.7367166876792908
sentence-transformers/paraphrase-multilingual-mpnet-base-v2,zh,23,marker_pool,0.10104984790086746,-0.37309956550598145,-0.8691429495811462,-0.6530802845954895
sentence-transformers/paraphrase-multilingual-mpnet-base-v2,zh,24,marker_pool,0.21507759392261505,-0.4034757912158966,-0.8651650547981262,-0.6917701959609985
sentence-transformers/paraphrase-multilingual-mpnet-base-v2,zh,25,marker_pool,0.11661773920059204,-0.4005773663520813,-0.847359299659729,-0.5603867769241333
sentence-transformers/paraphrase-multilingual-mpnet-base-v2,zh,26,marker_pool,0.1996670812368393,-0.5005875825881958,-0.783332347869873,-0.3358851969242096
sentence-transformers/paraphrase-multilingual-mpnet-base-v2,zh,27,marker_pool,0.22919684648513794,-0.4104643166065216,-0.7339287996292114,-0.6168054342269897
sentence-transformers/paraphrase-multilingual-mpnet-base-v2,zh,28,marker_pool,0.10347670316696167,-0.40842387080192566,-0.8989182710647583,-0.7548016309738159
sentence-transformers/paraphrase-multilingual-mpnet-base-v2,zh,29,marker_pool,0.17983874678611755,-0.3690042197704315,-0.7854584455490112,-0.5467406511306763
sentence-transformers/paraphrase-multilingual-mpnet-base-v2,zh,30,marker_pool,0.1369687169790268,-0.45498451590538025,-0.8917507529258728,-0.6565520763397217
sentence-transformers/paraphrase-multilingual-mpnet-base-v2,zh,31,marker_pool,0.24828529357910156,-0.5585788488388062,-0.9244276881217957,0.25329920649528503
sentence-transformers/paraphrase-multilingual-mpnet-base-v2,zh,32,marker_pool,0.12001239508390427,-0.44102856516838074,-0.902995228767395,-0.7087864279747009
sentence-transformers/paraphrase-multilingual-mpnet-base-v2,zh,33,marker_pool,0.08938819169998169,-0.39095956087112427,-0.862898051738739,-0.6174176931381226
sentence-transformers/paraphrase-multilingual-mpnet-base-v2,zh,34,marker_pool,0.05831634998321533,-0.42332008481025696,-0.8768026232719421,-0.6091309189796448
sentence-transformers/paraphrase-multilingual-mpnet-base-v2,zh,35,marker_pool,0.07018090784549713,-0.44710761308670044,-0.8724522590637207,-0.584027111530304
sentence-transformers/paraphrase-multilingual-mpnet-base-v2,zh,36,marker_pool,0.15539593994617462,-0.42633408308029175,-0.7565493583679199,-0.5251417756080627
sentence-transformers/paraphrase-multilingual-mpnet-base-v2,zh,37,marker_pool,0.14801043272018433,-0.4790077209472656,-0.8742048144340515,-0.6681060194969177
sentence-transformers/paraphrase-multilingual-mpnet-base-v2,zh,38,marker_pool,0.10714580118656158,-0.4293479323387146,-0.8515987396240234,-0.5828909873962402
sentence-transformers/paraphrase-multilingual-mpnet-base-v2,zh,39,marker_pool,0.13861626386642456,-0.412308931350708,-0.8430370092391968,-0.6320932507514954
sentence-transformers/paraphrase-multilingual-mpnet-base-v2,zh,40,marker_pool,0.13555951416492462,-0.4777951240539551,-0.7575998306274414,-0.6579002141952515
sentence-transformers/paraphrase-multilingual-mpnet-base-v2,zh,41,marker_pool,0.10330536961555481,-0.39363452792167664,-0.8635909557342529,-0.6702718734741211
sentence-transformers/paraphrase-multilingual-mpnet-base-v2,zh,42,marker_pool,0.2816813290119171,-0.5297638773918152,-0.8190465569496155,0.28650006651878357
sentence-transformers/paraphrase-multilingual-mpnet-base-v2,zh,43,marker_pool,0.1257842481136322,-0.45343905687332153,-0.8018189072608948,-0.6105097532272339
sentence-transformers/paraphrase-multilingual-mpnet-base-v2,zh,44,marker_pool,0.10966382920742035,-0.5691186785697937,-0.8074670433998108,-0.46755197644233704
sentence-transformers/paraphrase-multilingual-mpnet-base-v2,zh,45,marker_pool,0.16145041584968567,-0.47095009684562683,-0.8038175702095032,-0.573178768157959
sentence-transformers/paraphrase-multilingual-mpnet-base-v2,zh,46,marker_pool,0.10368791967630386,-0.43519413471221924,-0.9263021945953369,-0.7605820298194885
sentence-transformers/paraphrase-multilingual-mpnet-base-v2,zh,47,marker_pool,0.09740504622459412,-0.44296425580978394,-0.8924197554588318,-0.6833934187889099
sentence-transformers/paraphrase-multilingual-mpnet-base-v2,zh,48,marker_pool,0.156804159283638,-0.4369855225086212,-0.8897832036018372,-0.6197327971458435
sentence-transformers/paraphrase-multilingual-mpnet-base-v2,zh,49,marker_pool,0.16008593142032623,-0.38178443908691406,-0.9034247994422913,-0.5507550835609436
sentence-transformers/paraphrase-multilingual-mpnet-base-v2,zh,50,marker_pool,0.13799265027046204,-0.49218595027923584,-0.8445575833320618,-0.7488663196563721
sentence-transformers/paraphrase-multilingual-mpnet-base-v2,zh,51,marker_pool,0.12238716334104538,-0.42180514335632324,-0.8131152987480164,-0.5938495993614197
sentence-transformers/paraphrase-multilingual-mpnet-base-v2,zh,52,marker_pool,0.16548149287700653,-0.4272748529911041,-0.8934810161590576,-0.7958027720451355
sentence-transformers/paraphrase-multilingual-mpnet-base-v2,zh,53,marker_pool,0.12984979152679443,-0.3675222396850586,-0.8065907955169678,-0.5841159224510193
sentence-transformers/paraphrase-multilingual-mpnet-base-v2,zh,54,marker_pool,0.08705343306064606,-0.512637197971344,-0.9001164436340332,-0.6276079416275024
sentence-transformers/paraphrase-multilingual-mpnet-base-v2,zh,55,marker_pool,0.15502811968326569,-0.3818264901638031,-0.8376390933990479,-0.5912022590637207
sentence-transformers/paraphrase-multilingual-mpnet-base-v2,zh,56,marker_pool,0.15624722838401794,-0.39155033230781555,-0.8140276074409485,-0.6153837442398071
sentence-transformers/paraphrase-multilingual-mpnet-base-v2,zh,57,marker_pool,0.17288318276405334,-0.45441046357154846,-0.814179003238678,-0.5432223081588745
sentence-transformers/paraphrase-multilingual-mpnet-base-v2,zh,58,marker_pool,0.13036136329174042,-0.41559526324272156,-0.8925653696060181,-0.5121602416038513
sentence-transformers/paraphrase-multilingual-mpnet-base-v2,zh,59,marker_pool,0.07659877836704254,-0.41811487078666687,-0.8894469738006592,-0.6626805067062378
sentence-transformers/paraphrase-multilingual-mpnet-base-v2,zh,60,marker_pool,0.21260976791381836,-0.35574421286582947,-0.8251309990882874,-0.626567006111145
sentence-transformers/paraphrase-multilingual-mpnet-base-v2,zh,61,marker_pool,0.321924090385437,-0.5582957863807678,-0.7984029650688171,0.009222269989550114
sentence-transformers/paraphrase-multilingual-mpnet-base-v2,zh,62,marker_pool,0.17932996153831482,-0.5460377931594849,-0.7985810041427612,-0.7289291024208069
sentence-transformers/paraphrase-multilingual-mpnet-base-v2,zh,63,marker_pool,0.22611592710018158,-0.3889770805835724,-0.7240903973579407,-0.5409033298492432
sentence-transformers/paraphrase-multilingual-mpnet-base-v2,zh,64,marker_pool,0.08452282845973969,-0.4580250680446625,-0.8016225695610046,-0.5714018940925598
sentence-transformers/paraphrase-multilingual-mpnet-base-v2,zh,65,marker_pool,0.10781685262918472,-0.47627806663513184,-0.8423137068748474,-0.5689135193824768
sentence-transformers/paraphrase-multilingual-mpnet-base-v2,zh,66,marker_pool,0.08862317353487015,-0.492824912071228,-0.8485656976699829,-0.6180382966995239
sentence-transformers/paraphrase-multilingual-mpnet-base-v2,zh,67,marker_pool,0.1957300305366516,-0.5235006809234619,-0.7693520188331604,-0.3238571286201477
sentence-transformers/paraphrase-multilingual-mpnet-base-v2,zh,68,marker_pool,0.11307241767644882,-0.3733518123626709,-0.8822922110557556,-0.7064617872238159
sentence-transformers/paraphrase-multilingual-mpnet-base-v2,zh,69,marker_pool,0.09475664794445038,-0.4781481623649597,-0.8055669665336609,-0.566482663154602
sentence-transformers/paraphrase-multilingual-mpnet-base-v2,zh,70,marker_pool,0.3179190456867218,-0.5910089015960693,-0.9039222598075867,0.1774219125509262
sentence-transformers/paraphrase-multilingual-mpnet-base-v2,zh,71,marker_pool,0.1442207545042038,-0.4643522799015045,-0.9012295603752136,-0.5527408123016357
sentence-transformers/paraphrase-multilingual-mpnet-base-v2,zh,72,marker_pool,0.15518632531166077,-0.40509548783302307,-0.8881576061248779,-0.7624452114105225
sentence-transformers/paraphrase-multilingual-mpnet-base-v2,zh,73,marker_pool,0.18706148862838745,-0.3425310254096985,-0.785509467124939,-0.6033960580825806
sentence-transformers/paraphrase-multilingual-mpnet-base-v2,zh,74,marker_pool,0.09914331883192062,-0.4305020868778229,-0.8606119751930237,-0.7188550233840942
sentence-transformers/paraphrase-multilingual-mpnet-base-v2,zh,75,marker_pool,0.114766426384449,-0.4136422276496887,-0.8176698684692383,-0.6955201625823975
sentence-transformers/paraphrase-multilingual-mpnet-base-v2,zh,76,marker_pool,0.11032787710428238,-0.4376174509525299,-0.923410177230835,-0.5764474868774414
sentence-transformers/paraphrase-multilingual-mpnet-base-v2,zh,77,marker_pool,0.33495983481407166,-0.5868838429450989,-0.7804558873176575,0.12631094455718994
sentence-transformers/paraphrase-multilingual-mpnet-base-v2,zh,78,marker_pool,0.1111074835062027,-0.4112631678581238,-0.916124165058136,-0.6896702647209167
sentence-transformers/paraphrase-multilingual-mpnet-base-v2,zh,79,marker_pool,0.09763087332248688,-0.4948769509792328,-0.8153753876686096,-0.5946005582809448
sentence-transformers/paraphrase-multilingual-mpnet-base-v2,zh,80,marker_pool,0.22000037133693695,-0.5579913258552551,-0.7103286981582642,-0.2968868613243103
sentence-transformers/paraphrase-multilingual-mpnet-base-v2,zh,81,marker_pool,0.19876475632190704,-0.48972105979919434,-0.8403480648994446,-0.6890901923179626
sentence-transformers/paraphrase-multilingual-mpnet-base-v2,zh,82,marker_pool,0.07261860370635986,-0.42857301235198975,-0.8663063049316406,-0.5835590958595276
sentence-transformers/paraphrase-multilingual-mpnet-base-v2,zh,83,marker_pool,0.10052359104156494,-0.4887118637561798,-0.8457971811294556,-0.638213574886322
sentence-transformers/paraphrase-multilingual-mpnet-base-v2,zh,84,marker_pool,0.10978396981954575,-0.4961588680744171,-0.79475998878479,-0.606514036655426
sentence-transformers/paraphrase-multilingual-mpnet-base-v2,zh,85,marker_pool,0.0895669162273407,-0.4223298728466034,-0.8412145376205444,-0.6510828733444214
sentence-transformers/paraphrase-multilingual-mpnet-base-v2,zh,86,marker_pool,0.124643474817276,-0.622269332408905,-0.7737202048301697,-0.393593430519104
sentence-transformers/paraphrase-multilingual-mpnet-base-v2,zh,87,marker_pool,0.12315402925014496,-0.5213418006896973,-0.9151354432106018,-0.3946385085582733
sentence-transformers/paraphrase-multilingual-mpnet-base-v2,zh,88,marker_pool,0.11387168616056442,-0.44277384877204895,-0.7902258038520813,-0.33013442158699036
sentence-transformers/paraphrase-multilingual-mpnet-base-v2,zh,89,marker_pool,0.183476522564888,-0.3528292179107666,-0.8586685657501221,-0.64816814661026
sentence-transformers/paraphrase-multilingual-mpnet-base-v2,zh,90,marker_pool,0.23330792784690857,-0.4345080554485321,-0.8454327583312988,0.03332147002220154
sentence-transformers/paraphrase-multilingual-mpnet-base-v2,zh,91,marker_pool,0.12314324826002121,-0.46008065342903137,-0.7817752361297607,-0.6198149919509888
sentence-transformers/paraphrase-multilingual-mpnet-base-v2,zh,92,marker_pool,0.28800931572914124,-0.5873939394950867,-0.8863656520843506,0.233766108751297
sentence-transformers/paraphrase-multilingual-mpnet-base-v2,zh,93,marker_pool,0.08007638901472092,-0.4607050120830536,-0.8561884164810181,-0.5837484002113342
sentence-transformers/paraphrase-multilingual-mpnet-base-v2,zh,94,marker_pool,0.07234330475330353,-0.4186825156211853,-0.8285841941833496,-0.6013278961181641
sentence-transformers/paraphrase-multilingual-mpnet-base-v2,zh,95,marker_pool,0.138963982462883,-0.5637520551681519,-0.8092222213745117,-0.28897443413734436
sentence-transformers/paraphrase-multilingual-mpnet-base-v2,zh,96,marker_pool,0.14377734065055847,-0.4785444736480713,-0.8769281506538391,-0.6816452741622925
sentence-transformers/paraphrase-multilingual-mpnet-base-v2,zh,97,marker_pool,0.12367241084575653,-0.49209803342819214,-0.7885695099830627,-0.6397368907928467
sentence-transformers/paraphrase-multilingual-mpnet-base-v2,zh,98,marker_pool,0.11279533058404922,-0.40069884061813354,-0.8634722232818604,-0.6065847277641296
sentence-transformers/paraphrase-multilingual-mpnet-base-v2,zh,99,marker_pool,0.13413751125335693,-0.5302424430847168,-0.7633442282676697,-0.4828093647956848
sentence-transformers/paraphrase-multilingual-mpnet-base-v2,zh,100,marker_pool,0.12600749731063843,-0.4792603552341461,-0.8064926862716675,-0.7395663261413574
sentence-transformers/paraphrase-multilingual-mpnet-base-v2,zh,101,marker_pool,0.16172553598880768,-0.41354742646217346,-0.8436641097068787,-0.6323079466819763
sentence-transformers/paraphrase-multilingual-mpnet-base-v2,zh,102,marker_pool,0.16948218643665314,-0.4570257365703583,-0.8883844017982483,-0.41206032037734985
sentence-transformers/paraphrase-multilingual-mpnet-base-v2,zh,103,marker_pool,0.16374163329601288,-0.4360363185405731,-0.7975608110427856,-0.4876374304294586
sentence-transformers/paraphrase-multilingual-mpnet-base-v2,zh,104,marker_pool,0.19096848368644714,-0.3983075022697449,-0.7656303644180298,-0.5979124903678894
sentence-transformers/paraphrase-multilingual-mpnet-base-v2,zh,105,marker_pool,0.0707385465502739,-0.4305746555328369,-0.9288551807403564,-0.520657479763031
sentence-transformers/paraphrase-multilingual-mpnet-base-v2,zh,106,marker_pool,0.29615122079849243,-0.6158096790313721,-0.7826299071311951,0.19461260735988617
sentence-transformers/paraphrase-multilingual-mpnet-base-v2,zh,107,marker_pool,0.12436962872743607,-0.45147836208343506,-0.8108503222465515,-0.5392374992370605
sentence-transformers/paraphrase-multilingual-mpnet-base-v2,zh,108,marker_pool,0.08492566645145416,-0.4479350447654724,-0.8066584467887878,-0.5663484334945679
sentence-transformers/paraphrase-multilingual-mpnet-base-v2,zh,109,marker_pool,0.07241370528936386,-0.4180084466934204,-0.9185041785240173,-0.6371264457702637
sentence-transformers/paraphrase-multilingual-mpnet-base-v2,zh,110,marker_pool,0.05671745911240578,-0.48697906732559204,-0.8711327314376831,-0.5592145919799805
sentence-transformers/paraphrase-multilingual-mpnet-base-v2,zh,111,marker_pool,0.10184623301029205,-0.41200658679008484,-0.9312629103660583,-0.7661057114601135
sentence-transformers/paraphrase-multilingual-mpnet-base-v2,zh,112,marker_pool,0.12714232504367828,-0.398818701505661,-0.9277232885360718,-0.6227730512619019
sentence-transformers/paraphrase-multilingual-mpnet-base-v2,zh,113,marker_pool,0.14907748997211456,-0.41114985942840576,-0.8843085765838623,-0.6956573128700256
sentence-transformers/paraphrase-multilingual-mpnet-base-v2,zh,114,marker_pool,0.10363437980413437,-0.6256301999092102,-0.9255781173706055,-0.00762957101687789
sentence-transformers/paraphrase-multilingual-mpnet-base-v2,zh,115,marker_pool,0.11087895929813385,-0.47748374938964844,-0.891917884349823,-0.7007038593292236
sentence-transformers/paraphrase-multilingual-mpnet-base-v2,zh,116,marker_pool,0.12102105468511581,-0.39507633447647095,-0.9143478274345398,-0.6435877680778503
sentence-transformers/paraphrase-multilingual-mpnet-base-v2,zh,117,marker_pool,0.18818069994449615,-0.5630201697349548,-0.8028168678283691,-0.7696776390075684
sentence-transformers/paraphrase-multilingual-mpnet-base-v2,zh,118,marker_pool,0.1648087054491043,-0.421118825674057,-0.9013113975524902,-0.6156691312789917
sentence-transformers/paraphrase-multilingual-mpnet-base-v2,zh,119,marker_pool,0.12589141726493835,-0.43795424699783325,-0.8113592863082886,-0.7155295610427856
sentence-transformers/paraphrase-multilingual-mpnet-base-v2,zh,120,marker_pool,0.2291894108057022,-0.41883131861686707,-0.8480098247528076,-0.4208237826824188
sentence-transformers/paraphrase-multilingual-mpnet-base-v2,zh,121,marker_pool,0.1503385305404663,-0.3858894109725952,-0.8615930676460266,-0.6255784034729004
sentence-transformers/paraphrase-multilingual-mpnet-base-v2,zh,122,marker_pool,0.1454208642244339,-0.4626915454864502,-0.8930747509002686,-0.5506067872047424
sentence-transformers/paraphrase-multilingual-mpnet-base-v2,zh,123,marker_pool,0.12408272176980972,-0.4276522397994995,-0.8157142400741577,-0.6034561395645142
sentence-transformers/paraphrase-multilingual-mpnet-base-v2,zh,124,marker_pool,0.31470638513565063,-0.487224817276001,-0.6539310216903687,0.024660373106598854
sentence-transformers/paraphrase-multilingual-mpnet-base-v2,zh,125,marker_pool,0.1453608274459839,-0.37472784519195557,-0.9048129916191101,-0.670299232006073
sentence-transformers/paraphrase-multilingual-mpnet-base-v2,zh,126,marker_pool,0.11799567192792892,-0.4579086899757385,-0.8708999752998352,-0.7354292869567871
sentence-transformers/paraphrase-multilingual-mpnet-base-v2,zh,127,marker_pool,0.23815475404262543,-0.452829509973526,-0.7273727059364319,-0.5936295390129089
sentence-transformers/paraphrase-multilingual-mpnet-base-v2,zh,128,marker_pool,0.07538892328739166,-0.3917381167411804,-0.8297425508499146,-0.5776416659355164
sentence-transformers/paraphrase-multilingual-mpnet-base-v2,zh,129,marker_pool,0.304054319858551,-0.6806020140647888,-0.9725083112716675,0.40777525305747986
sentence-transformers/paraphrase-multilingual-mpnet-base-v2,zh,130,marker_pool,0.17843064665794373,-0.35297253727912903,-0.8449544310569763,-0.7261520028114319
sentence-transformers/paraphrase-multilingual-mpnet-base-v2,zh,131,marker_pool,0.08213436603546143,-0.4439999461174011,-0.8314257264137268,-0.6643331050872803
sentence-transformers/paraphrase-multilingual-mpnet-base-v2,zh,132,marker_pool,0.124272421002388,-0.5672782063484192,-0.7818987369537354,-0.5725762248039246
sentence-transformers/paraphrase-multilingual-mpnet-base-v2,zh,133,marker_pool,0.14719082415103912,-0.446787565946579,-0.7889532446861267,-0.7595930099487305
sentence-transformers/paraphrase-multilingual-mpnet-base-v2,zh,134,marker_pool,0.12997332215309143,-0.4283744692802429,-0.904928982257843,-0.6522046327590942
sentence-transformers/paraphrase-multilingual-mpnet-base-v2,zh,135,marker_pool,0.12377689778804779,-0.47997912764549255,-0.8689156770706177,-0.5675413012504578
sentence-transformers/paraphrase-multilingual-mpnet-base-v2,zh,136,marker_pool,0.12599502503871918,-0.4009726941585541,-0.8118777871131897,-0.5372774004936218
sentence-transformers/paraphrase-multilingual-mpnet-base-v2,zh,137,marker_pool,0.1372922956943512,-0.4760016202926636,-0.807593822479248,-0.5764065384864807
sentence-transformers/paraphrase-multilingual-mpnet-base-v2,zh,138,marker_pool,0.1625373661518097,-0.44047367572784424,-0.8425620198249817,-0.7099752426147461
sentence-transformers/paraphrase-multilingual-mpnet-base-v2,zh,139,marker_pool,0.11984994262456894,-0.4431655704975128,-0.9102888107299805,-0.7179484963417053
sentence-transformers/paraphrase-multilingual-mpnet-base-v2,zh,140,marker_pool,0.09603992104530334,-0.3923424780368805,-0.8113833665847778,-0.6226694583892822
sentence-transformers/paraphrase-multilingual-mpnet-base-v2,zh,141,marker_pool,0.15447628498077393,-0.4486444890499115,-0.8793448209762573,-0.7188193202018738
sentence-transformers/paraphrase-multilingual-mpnet-base-v2,zh,142,marker_pool,0.12000752985477448,-0.3850157856941223,-0.8222207427024841,-0.5608524084091187
sentence-transformers/paraphrase-multilingual-mpnet-base-v2,zh,143,marker_pool,0.19517472386360168,-0.352938711643219,-0.8390873074531555,-0.5685023665428162
sentence-transformers/paraphrase-multilingual-mpnet-base-v2,zh,144,marker_pool,0.08105069398880005,-0.49905312061309814,-0.8197893500328064,-0.6790614128112793
sentence-transformers/paraphrase-multilingual-mpnet-base-v2,zh,145,marker_pool,0.145632803440094,-0.6326375007629395,-0.9051251411437988,-0.36278894543647766
sentence-transformers/paraphrase-multilingual-mpnet-base-v2,zh,146,marker_pool,0.18785661458969116,-0.3956974744796753,-0.8306845426559448,-0.8381943106651306
sentence-transformers/paraphrase-multilingual-mpnet-base-v2,zh,147,marker_pool,0.35094133019447327,-0.45723044872283936,-0.6480623483657837,0.08382855355739594
sentence-transformers/paraphrase-multilingual-mpnet-base-v2,zh,148,marker_pool,0.14782588183879852,-0.40373215079307556,-0.836834728717804,-0.6164129376411438
sentence-transformers/paraphrase-multilingual-mpnet-base-v2,zh,149,marker_pool,0.43427804112434387,-0.5033658146858215,-0.7308891415596008,-0.2905499041080475
sentence-transformers/paraphrase-multilingual-mpnet-base-v2,zh,150,marker_pool,0.09828626364469528,-0.5442861914634705,-0.9218146204948425,0.1324937641620636
sentence-transformers/paraphrase-multilingual-mpnet-base-v2,zh,151,marker_pool,0.15698356926441193,-0.3840905725955963,-0.7832920551300049,-0.5943047404289246
sentence-transformers/paraphrase-multilingual-mpnet-base-v2,zh,152,marker_pool,0.2966003119945526,-0.4933863580226898,-0.8652371168136597,-0.5397380590438843
sentence-transformers/paraphrase-multilingual-mpnet-base-v2,zh,153,marker_pool,0.11375422030687332,-0.4032253324985504,-0.9048921465873718,-0.6809139251708984
sentence-transformers/paraphrase-multilingual-mpnet-base-v2,zh,154,marker_pool,0.2499295473098755,-0.5318257212638855,-0.8627488017082214,-0.13245418667793274
sentence-transformers/paraphrase-multilingual-mpnet-base-v2,zh,155,marker_pool,0.10207285732030869,-0.4498545229434967,-0.8342471718788147,-0.6193521022796631
sentence-transformers/paraphrase-multilingual-mpnet-base-v2,zh,156,marker_pool,0.20353910326957703,-0.4189887046813965,-0.8126000165939331,-0.5502115488052368
sentence-transformers/paraphrase-multilingual-mpnet-base-v2,zh,157,marker_pool,0.21809712052345276,-0.35077810287475586,-0.7597019672393799,-0.5211762189865112
sentence-transformers/paraphrase-multilingual-mpnet-base-v2,zh,158,marker_pool,0.1173986867070198,-0.47424113750457764,-0.8697778582572937,-0.4747166931629181
sentence-transformers/paraphrase-multilingual-mpnet-base-v2,zh,159,marker_pool,0.07369052618741989,-0.37556192278862,-0.852279007434845,-0.6572939157485962
