model,language,template_id,representation,cv_adjacent_norm,cos_step_12,cos_step_23,cos_step_34
BAAI/bge-m3,en,0,mean_pool,0.6270082592964172,-0.1112720742821693,-0.5916363596916199,0.0497908480465412
BAAI/bge-m3,en,1,mean_pool,0.6012661457061768,-0.0277186185121536,-0.5820367336273193,0.1364059448242187
BAAI/bge-m3,en,2,mean_pool,0.4791745543479919,-0.1126686409115791,-0.5653272271156311,0.1376168876886367
BAAI/bge-m3,en,3,mean_pool,0.5950804352760315,-0.12260302901268,-0.5479123592376709,0.11136344820261
BAAI/bge-m3,en,4,mean_pool,0.5607725977897644,-0.1138000562787056,-0.5809087157249451,0.0277758371084928
BAAI/bge-m3,en,5,mean_pool,0.5587083101272583,-0.0290720015764236,-0.5332133769989014,0.0636596903204917
BAAI/bge-m3,en,6,mean_pool,0.4928380846977234,-0.1795142292976379,-0.5900509357452393,0.0610572658479213
BAAI/bge-m3,en,7,mean_pool,0.5803390145301819,-0.0469494760036468,-0.5651931762695312,0.2353394925594329
BAAI/bge-m3,en,8,mean_pool,0.5573261976242065,-0.1463649272918701,-0.6143752932548523,0.1787066161632537
BAAI/bge-m3,en,9,mean_pool,0.6499066352844238,-0.1566298007965088,-0.5917273759841919,0.1132975295186042
BAAI/bge-m3,en,10,mean_pool,0.539971113204956,-0.1074384227395057,-0.5207217931747437,0.0641893595457077
BAAI/bge-m3,en,11,mean_pool,0.5882645845413208,-0.0975692570209503,-0.5837951898574829,0.066200204193592
BAAI/bge-m3,en,12,mean_pool,0.5658204555511475,-0.1304628551006317,-0.5945993661880493,0.2743958830833435
BAAI/bge-m3,en,13,mean_pool,0.5934984683990479,-0.0563183352351188,-0.5322350263595581,0.0319721400737762
BAAI/bge-m3,en,14,mean_pool,0.5080100297927856,-0.138932392001152,-0.5008376240730286,-0.1213307008147239
BAAI/bge-m3,en,15,mean_pool,0.5784659385681152,0.0044782683253288,-0.5592747330665588,0.2194541245698928
BAAI/bge-m3,en,16,mean_pool,0.6342087388038635,-0.1781619042158126,-0.6015921235084534,0.0605967007577419
BAAI/bge-m3,en,17,mean_pool,0.5890432000160217,-0.0825140178203582,-0.5694053173065186,0.1127427890896797
BAAI/bge-m3,en,18,mean_pool,0.6693366765975952,-0.1620682328939438,-0.5972157120704651,0.0981959253549575
BAAI/bge-m3,en,19,mean_pool,0.6059717535972595,-0.0599761605262756,-0.498329222202301,0.1570239216089248
BAAI/bge-m3,en,20,mean_pool,0.5834828019142151,-0.1250451803207397,-0.5315137505531311,0.0875744894146919
BAAI/bge-m3,en,21,mean_pool,0.5717748999595642,-0.1154196113348007,-0.5795249342918396,0.0475934669375419
BAAI/bge-m3,en,22,mean_pool,0.5368752479553223,-0.0947578102350235,-0.5862902998924255,0.108388252556324
BAAI/bge-m3,en,23,mean_pool,0.6336085200309753,-0.1938063949346542,-0.5958185791969299,0.1100647673010826
BAAI/bge-m3,en,24,mean_pool,0.5087888240814209,-0.0280314534902572,-0.5183618068695068,-0.1546720117330551
BAAI/bge-m3,en,25,mean_pool,0.6133749485015869,-0.0010251648491248,-0.5675370097160339,0.0861193016171455
BAAI/bge-m3,en,26,mean_pool,0.6275819540023804,-0.0558567382395267,-0.5369197130203247,0.1578982919454574
BAAI/bge-m3,en,27,mean_pool,0.6465434432029724,-0.0914126187562942,-0.5407644510269165,0.1157357022166252
BAAI/bge-m3,en,28,mean_pool,0.5130389332771301,-0.088378831744194,-0.5878427624702454,0.2592770755290985
BAAI/bge-m3,en,29,mean_pool,0.4470261037349701,-0.0564738847315311,-0.5392045378684998,-0.1492709666490554
BAAI/bge-m3,en,30,mean_pool,0.6369234919548035,-0.1432859599590301,-0.6003198623657227,0.0768729522824287
BAAI/bge-m3,en,31,mean_pool,0.5454440712928772,-0.060462862253189,-0.5432661175727844,0.1049969643354415
BAAI/bge-m3,en,32,mean_pool,0.6176378726959229,-0.0208174046128988,-0.506779670715332,0.099997229874134
BAAI/bge-m3,en,33,mean_pool,0.5898210406303406,-0.1183523535728454,-0.5775797963142395,0.0403786115348339
BAAI/bge-m3,en,34,mean_pool,0.4416775703430176,-0.0946172401309013,-0.5078684091567993,-0.1103176027536392
BAAI/bge-m3,en,35,mean_pool,0.595798671245575,-0.0608357675373554,-0.608038067817688,0.0877624899148941
BAAI/bge-m3,en,36,mean_pool,0.5975427627563477,0.0255253780633211,-0.4812025129795074,0.2181600779294967
BAAI/bge-m3,en,37,mean_pool,0.6074363589286804,-0.0037266621366143,-0.5277238488197327,-0.0026752217672765
BAAI/bge-m3,en,38,mean_pool,0.5990263819694519,-0.080494999885559,-0.6135774254798889,0.1058990806341171
BAAI/bge-m3,en,39,mean_pool,0.6048040986061096,-0.0529350861907005,-0.5408905148506165,0.1271573305130005
BAAI/bge-m3,en,40,mean_pool,0.5679427981376648,-0.1173381060361862,-0.5285190343856812,0.1200567334890365
BAAI/bge-m3,en,41,mean_pool,0.6936191320419312,-0.0801664739847183,-0.5652239322662354,0.1226125285029411
BAAI/bge-m3,en,42,mean_pool,0.5739032626152039,-0.0446750670671463,-0.5819834470748901,0.2062906175851822
BAAI/bge-m3,en,43,mean_pool,0.5912202000617981,-0.0658652111887931,-0.5324579477310181,0.1007767766714096
BAAI/bge-m3,en,44,mean_pool,0.5835597515106201,-0.0411944203078746,-0.5427917242050171,0.0551907792687416
BAAI/bge-m3,en,45,mean_pool,0.5658926963806152,-0.0981130748987197,-0.5481525659561157,0.1179263368248939
BAAI/bge-m3,en,46,mean_pool,0.5917786955833435,-0.0522370599210262,-0.5697311758995056,0.133393108844757
BAAI/bge-m3,en,47,mean_pool,0.6293689608573914,-0.1860132217407226,-0.6338685154914856,0.1332556009292602
BAAI/bge-m3,en,48,mean_pool,0.6465985774993896,-0.173498049378395,-0.5733541250228882,0.1195220500230789
BAAI/bge-m3,en,49,mean_pool,0.6304095983505249,-0.073199339210987,-0.5149011611938477,0.1318436563014984
BAAI/bge-m3,en,50,mean_pool,0.5406021475791931,-0.0734695196151733,-0.5911299586296082,0.1799277365207672
BAAI/bge-m3,en,51,mean_pool,0.5228466391563416,-0.0957111865282058,-0.543097972869873,0.1656461060047149
BAAI/bge-m3,en,52,mean_pool,0.6129418611526489,-0.0721384733915329,-0.5261727571487427,0.1478184014558792
BAAI/bge-m3,en,53,mean_pool,0.5275583863258362,-0.1147438362240791,-0.547419548034668,-0.0611110441386699
BAAI/bge-m3,en,54,mean_pool,0.6190245747566223,-0.0880948677659034,-0.5727074146270752,0.0489167757332325
BAAI/bge-m3,en,55,mean_pool,0.5900921821594238,-0.107710987329483,-0.5970685482025146,0.001854705507867
BAAI/bge-m3,en,56,mean_pool,0.5933129787445068,-0.0549169592559337,-0.5564037561416626,0.08684553951025
BAAI/bge-m3,en,57,mean_pool,0.5382511019706726,-0.1031007468700409,-0.5557208061218262,0.0648692324757576
BAAI/bge-m3,en,58,mean_pool,0.6171247363090515,-0.0893340483307838,-0.595518946647644,0.1546851843595504
BAAI/bge-m3,en,59,mean_pool,0.4462002515792846,-0.0738967433571815,-0.565758228302002,-0.20351243019104
BAAI/bge-m3,en,60,mean_pool,0.5697500109672546,-0.0477480813860893,-0.5789799094200134,0.2392685860395431
BAAI/bge-m3,en,61,mean_pool,0.5188121199607849,-0.083474151790142,-0.601276695728302,0.2551159858703613
BAAI/bge-m3,en,62,mean_pool,0.567407488822937,-0.1691975593566894,-0.6083119511604309,0.0822348818182945
BAAI/bge-m3,en,63,mean_pool,0.5339856147766113,-0.10540671646595,-0.554949939250946,0.1138272881507873
BAAI/bge-m3,en,64,mean_pool,0.6050864458084106,-0.0283034443855285,-0.5288228392601013,0.1139167100191116
BAAI/bge-m3,en,65,mean_pool,0.6163740158081055,-0.0805420354008674,-0.5539612174034119,0.1473675221204757
BAAI/bge-m3,en,66,mean_pool,0.5215764045715332,-0.1164105609059333,-0.5443361401557922,0.1053364127874374
BAAI/bge-m3,en,67,mean_pool,0.5317624807357788,-0.0679541081190109,-0.5672298073768616,0.1835814714431762
BAAI/bge-m3,en,68,mean_pool,0.6425089836120605,-0.1171000152826309,-0.5588995814323425,0.0848321169614791
BAAI/bge-m3,en,69,mean_pool,0.5789747834205627,-0.0098987407982349,-0.5533245801925659,0.2102365791797638
BAAI/bge-m3,en,70,mean_pool,0.5388134121894836,-0.0961120426654815,-0.5651903748512268,0.1498748809099197
BAAI/bge-m3,en,71,mean_pool,0.4302014708518982,-0.0369509384036064,-0.6232331395149231,-0.0994423925876617
BAAI/bge-m3,en,72,mean_pool,0.5355328917503357,-0.0745860859751701,-0.5469167232513428,0.1758062690496444
BAAI/bge-m3,en,73,mean_pool,0.6161025762557983,-0.041692204773426,-0.5097141861915588,0.1419724822044372
BAAI/bge-m3,en,74,mean_pool,0.6236291527748108,-0.034153364598751,-0.5501700639724731,0.0629885643720626
BAAI/bge-m3,en,75,mean_pool,0.6180575489997864,-0.1552553325891494,-0.5871029496192932,0.0809874087572097
BAAI/bge-m3,en,76,mean_pool,0.5273444056510925,-0.0242606196552515,-0.599574625492096,0.0561331398785114
BAAI/bge-m3,en,77,mean_pool,0.5846296548843384,-0.1353540122509002,-0.5400197505950928,0.1098770126700401
BAAI/bge-m3,en,78,mean_pool,0.6057181358337402,-0.0980961620807647,-0.5686467289924622,0.1022105365991592
BAAI/bge-m3,en,79,mean_pool,0.5960115790367126,-0.1034246906638145,-0.5618865489959717,0.0657679289579391
BAAI/bge-m3,en,80,mean_pool,0.6244629621505737,-0.1348572075366974,-0.5624838471412659,0.2703807353973388
BAAI/bge-m3,en,81,mean_pool,0.4828960299491882,-0.1582249701023101,-0.5427347421646118,0.0619053579866886
BAAI/bge-m3,en,82,mean_pool,0.6340543031692505,0.0083713429048657,-0.4901614189147949,0.1074693128466606
BAAI/bge-m3,en,83,mean_pool,0.5825258493423462,-0.0233749262988567,-0.5546318292617798,0.0472597479820251
BAAI/bge-m3,en,84,mean_pool,0.6044210195541382,-0.0542610511183738,-0.6154235005378723,0.1666803956031799
BAAI/bge-m3,en,85,mean_pool,0.6459025144577026,-0.1798662841320037,-0.6257235407829285,0.1896344274282455
BAAI/bge-m3,en,86,mean_pool,0.5510864853858948,-0.1305366158485412,-0.5093981027603149,0.1589459925889969
BAAI/bge-m3,en,87,mean_pool,0.5632757544517517,0.0280590243637561,-0.5843195915222168,0.2720248103141784
BAAI/bge-m3,en,88,mean_pool,0.6150000691413879,-0.0182783957570791,-0.4910506010055542,0.1326570808887481
BAAI/bge-m3,en,89,mean_pool,0.5918076634407043,-0.1647967845201492,-0.5719836950302124,0.0566347725689411
BAAI/bge-m3,en,90,mean_pool,0.5789569020271301,-0.0355475060641765,-0.5489189624786377,0.1320520788431167
BAAI/bge-m3,en,91,mean_pool,0.5640493035316467,-0.0982972234487533,-0.5583345890045166,0.0557153522968292
BAAI/bge-m3,en,92,mean_pool,0.5020099878311157,-0.0731931403279304,-0.531815767288208,-0.0932964980602264
BAAI/bge-m3,en,93,mean_pool,0.614047646522522,-0.0774521678686142,-0.5252389311790466,0.1258770674467086
BAAI/bge-m3,en,94,mean_pool,0.5523136854171753,-0.146478533744812,-0.5516918301582336,0.179178312420845
BAAI/bge-m3,en,95,mean_pool,0.5797861814498901,-0.0279467068612575,-0.5843631029129028,0.1984383761882782
BAAI/bge-m3,en,96,mean_pool,0.5877047181129456,-0.1222976148128509,-0.5157730579376221,0.1084953024983406
BAAI/bge-m3,en,97,mean_pool,0.5037684440612793,-0.153305098414421,-0.5810562372207642,-0.0299866814166307
BAAI/bge-m3,en,98,mean_pool,0.617404043674469,-0.1200072616338729,-0.5211079120635986,0.1296992003917694
BAAI/bge-m3,en,99,mean_pool,0.5110227465629578,-0.0962138921022415,-0.6442500352859497,0.3020439147949219
BAAI/bge-m3,en,100,mean_pool,0.6463340520858765,-0.0761386081576347,-0.5609956979751587,0.053054504096508
BAAI/bge-m3,en,101,mean_pool,0.5777969360351562,-0.0295327324420213,-0.519652247428894,0.0395970195531845
BAAI/bge-m3,en,102,mean_pool,0.639875590801239,-0.1038631722331047,-0.5277947187423706,0.1111106276512146
BAAI/bge-m3,en,103,mean_pool,0.5412905216217041,-0.0298976190388202,-0.5752981305122375,0.1562729924917221
BAAI/bge-m3,en,104,mean_pool,0.5927521586418152,-0.0718461200594902,-0.5680245757102966,0.1871978789567947
BAAI/bge-m3,en,105,mean_pool,0.567722499370575,-0.0803906694054603,-0.6145305037498474,0.1626874655485153
BAAI/bge-m3,en,106,mean_pool,0.507740318775177,-0.0783025026321411,-0.4764395952224731,-0.0553956292569637
BAAI/bge-m3,en,107,mean_pool,0.6277704834938049,-0.0736420303583145,-0.5807242393493652,0.0872053727507591
BAAI/bge-m3,en,108,mean_pool,0.6150245070457458,-0.0670438259840011,-0.5652270317077637,0.2024933695793151
BAAI/bge-m3,en,109,mean_pool,0.5205379128456116,-0.0873394981026649,-0.5875343084335327,0.115162543952465
BAAI/bge-m3,en,110,mean_pool,0.3711037933826446,-0.1258206367492675,-0.5846585631370544,-0.1710643768310547
BAAI/bge-m3,en,111,mean_pool,0.566434919834137,-0.0825919657945633,-0.5214661955833435,0.1871225237846374
BAAI/bge-m3,en,112,mean_pool,0.5785120725631714,0.0799376294016838,-0.5565169453620911,0.2917769849300384
BAAI/bge-m3,en,113,mean_pool,0.6568452715873718,-0.1423859149217605,-0.5963401198387146,0.2074838578701019
BAAI/bge-m3,en,114,mean_pool,0.5913897752761841,0.0030719062779098,-0.5157997608184814,0.1695406436920166
BAAI/bge-m3,en,115,mean_pool,0.6371617317199707,-0.0655809864401817,-0.5346912145614624,0.1059354096651077
BAAI/bge-m3,en,116,mean_pool,0.581372082233429,-0.0353369079530239,-0.5196179747581482,0.1083316057920456
BAAI/bge-m3,en,117,mean_pool,0.5534542202949524,-0.0767844021320343,-0.497623473405838,0.0429422929883003
BAAI/bge-m3,en,118,mean_pool,0.5717428922653198,-0.1588819772005081,-0.5800281763076782,0.0416484028100967
BAAI/bge-m3,en,119,mean_pool,0.5640606880187988,-0.0689570307731628,-0.6157148480415344,0.1705706268548965
BAAI/bge-m3,en,120,mean_pool,0.600596010684967,0.0131548903882503,-0.5447973608970642,0.2139646410942077
BAAI/bge-m3,en,121,mean_pool,0.5859907865524292,-0.0588396303355693,-0.5016133189201355,0.0910365954041481
BAAI/bge-m3,en,122,mean_pool,0.5664181709289551,-0.1245348379015922,-0.5905622839927673,0.1584670394659042
BAAI/bge-m3,en,123,mean_pool,0.5499470233917236,-0.0829261764883995,-0.5715194940567017,0.1753014922142028
BAAI/bge-m3,en,124,mean_pool,0.5954378247261047,-0.0296925120055675,-0.5174487829208374,0.0954450741410255
BAAI/bge-m3,en,125,mean_pool,0.4490411877632141,-0.1031156331300735,-0.4975732266902923,-0.0700393542647361
BAAI/bge-m3,en,126,mean_pool,0.5244487524032593,-0.1071611568331718,-0.504826009273529,0.0991693437099456
BAAI/bge-m3,en,127,mean_pool,0.3966289460659027,-0.0469157770276069,-0.564092218875885,-0.1159992292523384
BAAI/bge-m3,en,128,mean_pool,0.4597203135490417,-0.0211857818067073,-0.5749217867851257,-0.0997313559055328
BAAI/bge-m3,en,129,mean_pool,0.6261681914329529,-0.0634868368506431,-0.5434529185295105,0.1751261502504348
BAAI/bge-m3,en,130,mean_pool,0.5873395800590515,-0.0071143745444715,-0.5542666912078857,0.0831522867083549
BAAI/bge-m3,en,131,mean_pool,0.5862415432929993,-0.111709825694561,-0.5214458107948303,0.0753701478242874
BAAI/bge-m3,en,132,mean_pool,0.5216485857963562,0.0175659861415624,-0.5674868822097778,0.151863694190979
BAAI/bge-m3,en,133,mean_pool,0.5734654068946838,-0.0888095870614051,-0.5377955436706543,0.1003266498446464
BAAI/bge-m3,en,134,mean_pool,0.4981653392314911,-0.029372563585639,-0.5313523411750793,0.1734900325536728
BAAI/bge-m3,en,135,mean_pool,0.5604637265205383,-0.0786273479461669,-0.5328702330589294,0.1459660232067108
BAAI/bge-m3,en,136,mean_pool,0.6547482013702393,-0.1698857694864273,-0.5620170831680298,0.1181413680315017
BAAI/bge-m3,en,137,mean_pool,0.5028976202011108,-0.0884861722588539,-0.487898051738739,-0.0366054251790046
BAAI/bge-m3,en,138,mean_pool,0.5809667706489563,-0.1530937552452087,-0.5969196557998657,0.1641265302896499
BAAI/bge-m3,en,139,mean_pool,0.6028262972831726,-0.0164034906774759,-0.5214328765869141,0.1984118074178695
BAAI/bge-m3,en,140,mean_pool,0.5268852710723877,-0.0383204258978366,-0.5482155084609985,0.2384807765483856
BAAI/bge-m3,en,141,mean_pool,0.4847597777843475,-0.1177423968911171,-0.5599581003189087,-0.0620955415070056
BAAI/bge-m3,en,142,mean_pool,0.5187153816223145,-0.0155701525509357,-0.5077621936798096,-0.1397885084152221
BAAI/bge-m3,en,143,mean_pool,0.6146231889724731,-0.011032679118216,-0.5224569439888,0.0488447844982147
BAAI/bge-m3,en,144,mean_pool,0.5500449538230896,-0.0730178281664848,-0.5695160627365112,0.0433056391775608
BAAI/bge-m3,en,145,mean_pool,0.5860321521759033,-0.1106837913393974,-0.6139193177223206,0.0904299095273017
BAAI/bge-m3,en,146,mean_pool,0.579359769821167,-0.0632177293300628,-0.5291163325309753,0.1382600516080856
BAAI/bge-m3,en,147,mean_pool,0.6195690631866455,-0.0770220980048179,-0.4843727648258209,0.1790832132101059
BAAI/bge-m3,en,148,mean_pool,0.6229632496833801,-0.0419729612767696,-0.5083416104316711,0.1853646486997604
BAAI/bge-m3,en,149,mean_pool,0.6232178807258606,-0.0185637008398771,-0.5468278527259827,0.1356781870126724
BAAI/bge-m3,en,150,mean_pool,0.6681150197982788,-0.1414350569248199,-0.5860065221786499,0.1172721087932586
BAAI/bge-m3,en,151,mean_pool,0.5880219340324402,0.0074317962862551,-0.5177525281906128,0.2070529907941818
BAAI/bge-m3,en,152,mean_pool,0.5975221395492554,-0.0365236699581146,-0.5427347421646118,0.2327072620391845
BAAI/bge-m3,en,153,mean_pool,0.6110268831253052,-0.0563452206552028,-0.5630200505256653,0.1307000070810318
BAAI/bge-m3,en,154,mean_pool,0.5439397692680359,-0.1095288544893264,-0.5352954864501953,0.1711693257093429
BAAI/bge-m3,en,155,mean_pool,0.6147568821907043,-0.1249350979924202,-0.496958315372467,0.1497267484664917
BAAI/bge-m3,en,156,mean_pool,0.5862222909927368,-0.1062021404504776,-0.5804519057273865,0.168924942612648
BAAI/bge-m3,en,157,mean_pool,0.3860335946083069,-0.0841632187366485,-0.535707414150238,-0.1373202204704284
BAAI/bge-m3,en,158,mean_pool,0.6283499598503113,-0.1310854405164718,-0.5661821961402893,0.0994744747877121
BAAI/bge-m3,en,159,mean_pool,0.5305960774421692,-0.0736177936196327,-0.5952827334403992,0.0744876489043235
BAAI/bge-m3,ru,0,mean_pool,0.1129006668925285,-0.3653403520584106,-0.4316500127315521,-0.5167993307113647
BAAI/bge-m3,ru,1,mean_pool,0.1231510639190673,-0.1402052789926529,-0.5830128788948059,-0.2513781487941742
BAAI/bge-m3,ru,2,mean_pool,0.2043014615774154,-0.3642999827861786,-0.5922340154647827,-0.4360082745552063
BAAI/bge-m3,ru,3,mean_pool,0.3168822526931762,-0.0281845182180404,-0.3886483013629913,-0.395341008901596
BAAI/bge-m3,ru,4,mean_pool,0.2313108444213867,-0.2186728715896606,-0.31473508477211,-0.0781849548220634
BAAI/bge-m3,ru,5,mean_pool,0.2081856578588485,-0.1218330413103103,-0.4483051002025604,-0.3638617992401123
BAAI/bge-m3,ru,6,mean_pool,0.0739590972661972,-0.4256198108196258,-0.4382018148899078,-0.6292464733123779
BAAI/bge-m3,ru,7,mean_pool,0.1792106926441192,-0.1666050553321838,-0.3812220096588135,-0.3948827981948852
BAAI/bge-m3,ru,8,mean_pool,0.1217939779162406,-0.1682209968566894,-0.6302515268325806,-0.3484628200531006
BAAI/bge-m3,ru,9,mean_pool,0.2711036205291748,-0.131155639886856,-0.2671723663806915,-0.543458878993988
BAAI/bge-m3,ru,10,mean_pool,0.1529503613710403,-0.183636724948883,-0.3981132805347442,-0.3997660875320434
BAAI/bge-m3,ru,11,mean_pool,0.1074730232357978,-0.3312051296234131,-0.5292825698852539,-0.2553732395172119
BAAI/bge-m3,ru,12,mean_pool,0.2684204876422882,-0.1716642528772354,-0.3065968453884125,-0.3790189623832702
BAAI/bge-m3,ru,13,mean_pool,0.1192411333322525,-0.3406641185283661,-0.6115751266479492,-0.3714241087436676
BAAI/bge-m3,ru,14,mean_pool,0.2920787036418915,-0.083026997745037,-0.3864226043224334,-0.3179271817207336
BAAI/bge-m3,ru,15,mean_pool,0.0885864347219467,-0.1576990038156509,-0.3636627197265625,-0.3858635127544403
BAAI/bge-m3,ru,16,mean_pool,0.0477367788553237,-0.3291928172111511,-0.407670646905899,-0.3289171457290649
BAAI/bge-m3,ru,17,mean_pool,0.147170752286911,-0.2448371201753616,-0.346435934305191,-0.3075339496135711
BAAI/bge-m3,ru,18,mean_pool,0.1835223287343979,-0.2445351183414459,-0.2122023105621338,-0.3761362433433532
BAAI/bge-m3,ru,19,mean_pool,0.2067241668701172,-0.129899799823761,-0.3736679255962372,-0.1584352105855941
BAAI/bge-m3,ru,20,mean_pool,0.0595041774213314,-0.306817352771759,-0.521067202091217,-0.4579298198223114
BAAI/bge-m3,ru,21,mean_pool,0.3059161305427551,-0.008779521100223,-0.1931825280189514,-0.1917192786931991
BAAI/bge-m3,ru,22,mean_pool,0.2539999485015869,-0.2998133599758148,-0.3641344606876373,-0.2411746233701706
BAAI/bge-m3,ru,23,mean_pool,0.1305497884750366,-0.3177650570869446,-0.4293678998947143,-0.4058793485164642
BAAI/bge-m3,ru,24,mean_pool,0.3027974367141723,-0.1556596457958221,-0.349195122718811,-0.2930584847927093
BAAI/bge-m3,ru,25,mean_pool,0.1801194697618484,-0.3982541859149933,-0.5827746391296387,-0.4239625334739685
BAAI/bge-m3,ru,26,mean_pool,0.2598853707313537,-0.1374808102846145,-0.4066067636013031,-0.200885534286499
BAAI/bge-m3,ru,27,mean_pool,0.3088870346546173,-0.089343674480915,-0.3565026521682739,-0.1588465720415115
BAAI/bge-m3,ru,28,mean_pool,0.0634107887744903,-0.403741180896759,-0.5943307876586914,-0.3433443307876587
BAAI/bge-m3,ru,29,mean_pool,0.04080730676651,-0.5303119421005249,-0.5718088150024414,-0.3461847901344299
BAAI/bge-m3,ru,30,mean_pool,0.1606559008359909,-0.2376381456851959,-0.5051947236061096,-0.3728105127811432
BAAI/bge-m3,ru,31,mean_pool,0.1935629844665527,-0.1694212704896927,-0.5354436635971069,-0.4355772137641907
BAAI/bge-m3,ru,32,mean_pool,0.2075617015361786,-0.1048710495233535,-0.39537513256073,-0.3405962884426117
BAAI/bge-m3,ru,33,mean_pool,0.171970784664154,-0.113931305706501,-0.6175572276115417,-0.3466910719871521
BAAI/bge-m3,ru,34,mean_pool,0.163499429821968,-0.4488483071327209,-0.5569040775299072,-0.3840108811855316
BAAI/bge-m3,ru,35,mean_pool,0.1315079778432846,-0.1326868832111358,-0.3349288702011108,-0.5816911458969116
BAAI/bge-m3,ru,36,mean_pool,0.2159755825996399,-0.1602864414453506,-0.4072122573852539,-0.386082112789154
BAAI/bge-m3,ru,37,mean_pool,0.1185072883963584,-0.2575384974479675,-0.6118002533912659,-0.417474091053009
BAAI/bge-m3,ru,38,mean_pool,0.1991963237524032,-0.1794270426034927,-0.2060624212026596,-0.5679706931114197
BAAI/bge-m3,ru,39,mean_pool,0.14832703769207,-0.4488462209701538,-0.5944335460662842,-0.329621285200119
BAAI/bge-m3,ru,40,mean_pool,0.0494240447878837,-0.4433006942272186,-0.4649991691112518,-0.5370326042175293
BAAI/bge-m3,ru,41,mean_pool,0.2756599187850952,-0.1198519840836525,-0.2668187618255615,-0.3396073579788208
BAAI/bge-m3,ru,42,mean_pool,0.2348648309707641,-0.0793882384896278,-0.2598381340503692,-0.4918753504753113
BAAI/bge-m3,ru,43,mean_pool,0.0933410748839378,-0.0803926959633827,-0.3526962399482727,-0.429522305727005
BAAI/bge-m3,ru,44,mean_pool,0.1596385687589645,-0.0827132984995842,-0.4042875170707702,-0.3622914850711822
BAAI/bge-m3,ru,45,mean_pool,0.1249351054430008,-0.2329106777906417,-0.5412386655807495,-0.4482824206352234
BAAI/bge-m3,ru,46,mean_pool,0.0613077618181705,-0.3149915933609009,-0.423780620098114,-0.5249761939048767
BAAI/bge-m3,ru,47,mean_pool,0.1414490044116974,-0.1333958059549331,-0.5336604714393616,-0.3631528317928314
BAAI/bge-m3,ru,48,mean_pool,0.3370041251182556,-0.0067167519591748,-0.4292505979537964,-0.4872390031814575
BAAI/bge-m3,ru,49,mean_pool,0.3079502582550049,-0.1856600493192672,-0.2461128085851669,-0.2277682274580001
BAAI/bge-m3,ru,50,mean_pool,0.2106486111879348,0.0536579154431819,-0.4482854604721069,-0.193753495812416
BAAI/bge-m3,ru,51,mean_pool,0.326444536447525,-0.0756899416446685,-0.2816210091114044,-0.2002220749855041
BAAI/bge-m3,ru,52,mean_pool,0.3162807524204254,-0.1200158596038818,-0.2348084896802902,-0.2685284912586212
BAAI/bge-m3,ru,53,mean_pool,0.2711071968078613,-0.1773400455713272,-0.4097081422805786,-0.3558050692081451
BAAI/bge-m3,ru,54,mean_pool,0.1732485592365265,-0.0469577722251415,-0.4905842840671539,-0.2281431406736374
BAAI/bge-m3,ru,55,mean_pool,0.4000003933906555,-0.2009666860103607,-0.5187615752220154,-0.3696660697460174
BAAI/bge-m3,ru,56,mean_pool,0.2683797180652618,-0.0469098463654518,-0.2262790501117706,-0.220666155219078
BAAI/bge-m3,ru,57,mean_pool,0.2497740238904953,-0.3979814350605011,-0.3344107270240783,-0.2319730222225189
BAAI/bge-m3,ru,58,mean_pool,0.2341407835483551,-0.0547888949513435,-0.2474264800548553,-0.3232469260692596
BAAI/bge-m3,ru,59,mean_pool,0.1649792641401291,-0.1524405479431152,-0.121580109000206,-0.3843288123607635
BAAI/bge-m3,ru,60,mean_pool,0.1828356832265854,-0.0719185695052146,-0.3390250504016876,-0.4559745788574219
BAAI/bge-m3,ru,61,mean_pool,0.1354704052209854,-0.0590478181838989,-0.1966700255870819,-0.4354257881641388
BAAI/bge-m3,ru,62,mean_pool,0.2165417224168777,-0.0548110455274581,-0.276875376701355,-0.1878983378410339
BAAI/bge-m3,ru,63,mean_pool,0.1452788859605789,-0.0241624694317579,-0.510603129863739,-0.2689189016819
BAAI/bge-m3,ru,64,mean_pool,0.2216699719429016,-0.2260892242193222,-0.4173023700714111,-0.2968548238277435
BAAI/bge-m3,ru,65,mean_pool,0.1775200515985489,-0.0532990619540214,-0.3196187615394592,-0.3809141814708709
BAAI/bge-m3,ru,66,mean_pool,0.0344030112028121,-0.1711489856243133,-0.3916239738464355,-0.4495524764060974
BAAI/bge-m3,ru,67,mean_pool,0.1143220961093902,-0.2377485930919647,-0.3608576953411102,-0.5270397067070007
BAAI/bge-m3,ru,68,mean_pool,0.1541431695222854,-0.3204063475131988,-0.3899280428886413,-0.3085133731365204
BAAI/bge-m3,ru,69,mean_pool,0.238763615489006,-0.1845702230930328,-0.1627468168735504,-0.4923779666423797
BAAI/bge-m3,ru,70,mean_pool,0.2920000851154327,-0.0277838483452796,-0.2560234665870666,-0.3543018996715545
BAAI/bge-m3,ru,71,mean_pool,0.2032296657562255,-0.1579737514257431,-0.4452289640903473,-0.3534214198589325
BAAI/bge-m3,ru,72,mean_pool,0.1350140124559402,-0.2543751895427704,-0.5587656497955322,-0.4115669131278991
BAAI/bge-m3,ru,73,mean_pool,0.1957099437713623,-0.2459332942962646,-0.5108162760734558,-0.149959534406662
BAAI/bge-m3,ru,74,mean_pool,0.083592876791954,-0.2803977429866791,-0.5607255697250366,-0.4609152674674988
BAAI/bge-m3,ru,75,mean_pool,0.2315185070037841,-0.2813936769962311,-0.616974949836731,-0.3736759424209595
BAAI/bge-m3,ru,76,mean_pool,0.1442596465349197,-0.2115052938461303,-0.670964241027832,-0.3385375440120697
BAAI/bge-m3,ru,77,mean_pool,0.270702451467514,-0.1114161610603332,-0.248306542634964,-0.3948491811752319
BAAI/bge-m3,ru,78,mean_pool,0.1106332167983055,-0.4113073348999023,-0.5606886744499207,-0.4789079129695892
BAAI/bge-m3,ru,79,mean_pool,0.2617481648921966,-0.1823721528053283,-0.4210478663444519,-0.2897945940494537
BAAI/bge-m3,ru,80,mean_pool,0.1778868436813354,-0.2546577751636505,-0.2494851648807525,-0.5345181822776794
BAAI/bge-m3,ru,81,mean_pool,0.187602549791336,-0.0040368121117353,-0.3434188663959503,-0.3596088588237762
BAAI/bge-m3,ru,82,mean_pool,0.1298280954360962,-0.3119455277919769,-0.4394079148769378,-0.2183906286954879
BAAI/bge-m3,ru,83,mean_pool,0.0745751410722732,-0.3420058488845825,-0.5701132416725159,-0.273735910654068
BAAI/bge-m3,ru,84,mean_pool,0.3147905170917511,-0.0992027297616005,-0.4611518681049347,-0.4201087653636932
BAAI/bge-m3,ru,85,mean_pool,0.2439787238836288,-0.3199467062950134,-0.4796699285507202,-0.0050394656136631
BAAI/bge-m3,ru,86,mean_pool,0.2962396442890167,-0.1635983884334564,-0.160451665520668,-0.3137284219264984
BAAI/bge-m3,ru,87,mean_pool,0.0928776785731315,-0.4124357402324676,-0.5081695914268494,-0.3999567031860351
BAAI/bge-m3,ru,88,mean_pool,0.0682728737592697,-0.4195476770401001,-0.4109091758728027,-0.5689538717269897
BAAI/bge-m3,ru,89,mean_pool,0.2846555113792419,-0.3156973123550415,-0.2995534837245941,-0.2528471350669861
BAAI/bge-m3,ru,90,mean_pool,0.1719600111246109,-0.3471497893333435,-0.6269005537033081,-0.4583408236503601
BAAI/bge-m3,ru,91,mean_pool,0.1148863062262535,-0.5894542336463928,-0.6281368136405945,-0.1198608204722404
BAAI/bge-m3,ru,92,mean_pool,0.2603864371776581,-0.0768240466713905,-0.3838170170783996,-0.3901889026165008
BAAI/bge-m3,ru,93,mean_pool,0.2054331004619598,-0.563866913318634,-0.6004392504692078,-0.0694122388958931
BAAI/bge-m3,ru,94,mean_pool,0.139242485165596,-0.2329472303390503,-0.3690159618854522,-0.3338856995105743
BAAI/bge-m3,ru,95,mean_pool,0.1262328326702118,-0.1377458870410919,-0.5300853848457336,-0.2737592160701751
BAAI/bge-m3,ru,96,mean_pool,0.2415468841791153,-0.1802387982606887,-0.4545851349830627,-0.5104582905769348
BAAI/bge-m3,ru,97,mean_pool,0.1937509626150131,-0.0507414899766445,-0.5266020894050598,-0.2509806454181671
BAAI/bge-m3,ru,98,mean_pool,0.1921120136976242,-0.1461848318576812,-0.4140432775020599,-0.3641678988933563
BAAI/bge-m3,ru,99,mean_pool,0.3352802693843841,-0.08020681142807,-0.5998220443725586,-0.3225502967834472
BAAI/bge-m3,ru,100,mean_pool,0.2226120829582214,-0.1261925250291824,-0.1583036929368972,-0.3966666460037231
BAAI/bge-m3,ru,101,mean_pool,0.2299505472183227,-0.0599460043013095,-0.3800021409988403,-0.2759087383747101
BAAI/bge-m3,ru,102,mean_pool,0.2314537465572357,-0.2757076919078827,-0.4027631878852844,-0.3116172552108764
BAAI/bge-m3,ru,103,mean_pool,0.0589057616889476,-0.2462122440338134,-0.3990277647972107,-0.4137940406799316
BAAI/bge-m3,ru,104,mean_pool,0.0932544320821762,-0.4996702671051025,-0.6853684782981873,-0.1440140902996063
BAAI/bge-m3,ru,105,mean_pool,0.0681258141994476,-0.142961785197258,-0.4382804632186889,-0.404703140258789
BAAI/bge-m3,ru,106,mean_pool,0.211927056312561,-0.3742974400520324,-0.3296305537223816,-0.3589134514331817
BAAI/bge-m3,ru,107,mean_pool,0.0898280143737793,-0.2691167294979095,-0.4255062341690063,-0.4207863211631775
BAAI/bge-m3,ru,108,mean_pool,0.2681743204593658,-0.048802338540554,-0.5506343245506287,-0.2507146596908569
BAAI/bge-m3,ru,109,mean_pool,0.0405004434287548,-0.0515107177197933,-0.3773573040962219,-0.5219704508781433
BAAI/bge-m3,ru,110,mean_pool,0.3282628357410431,-0.4532727301120758,-0.5232787132263184,-0.0399720072746276
BAAI/bge-m3,ru,111,mean_pool,0.2140911668539047,-0.2301317900419235,-0.1258327364921569,-0.2743385732173919
BAAI/bge-m3,ru,112,mean_pool,0.2173210382461547,-0.1714950948953628,-0.4154670536518097,-0.3545751571655273
BAAI/bge-m3,ru,113,mean_pool,0.3222698867321014,-0.2442695051431656,-0.3755177855491638,-0.2345403283834457
BAAI/bge-m3,ru,114,mean_pool,0.1136494129896164,-0.0830529034137725,-0.3781992793083191,-0.5259809494018555
BAAI/bge-m3,ru,115,mean_pool,0.2349199652671814,-0.3819119930267334,-0.4579980075359344,-0.4036473333835602
BAAI/bge-m3,ru,116,mean_pool,0.1668267846107483,-0.2491616606712341,-0.4654216170310974,-0.2372609078884124
BAAI/bge-m3,ru,117,mean_pool,0.060207225382328,-0.2297427803277969,-0.4840536713600158,-0.34788978099823
BAAI/bge-m3,ru,118,mean_pool,0.3490707874298095,-0.2059239745140075,-0.3000440895557403,-0.1774659603834152
BAAI/bge-m3,ru,119,mean_pool,0.213682547211647,-0.3753529489040375,-0.6061697006225586,-0.4851469099521637
BAAI/bge-m3,ru,120,mean_pool,0.0749793127179145,-0.1765196621417999,-0.4224255681037903,-0.4431144893169403
BAAI/bge-m3,ru,121,mean_pool,0.1415690779685974,0.0450806953012943,-0.3222380876541137,-0.436043232679367
BAAI/bge-m3,ru,122,mean_pool,0.1457583457231521,-0.1636889725923538,-0.5482290387153625,-0.4016896784305572
BAAI/bge-m3,ru,123,mean_pool,0.1868619173765182,-0.1853058189153671,-0.3664232194423675,-0.3386054337024688
BAAI/bge-m3,ru,124,mean_pool,0.22305229306221,-0.3265767991542816,-0.3148196935653686,-0.1931064128875732
BAAI/bge-m3,ru,125,mean_pool,0.1459079384803772,-0.0247395131736993,-0.3989421427249908,-0.3217931687831878
BAAI/bge-m3,ru,126,mean_pool,0.3558964729309082,-0.1139870062470436,-0.341480940580368,-0.303086370229721
BAAI/bge-m3,ru,127,mean_pool,0.147852137684822,-0.1191994398832321,-0.3294436335563659,-0.2418958842754364
BAAI/bge-m3,ru,128,mean_pool,0.0666287690401077,-0.3354940116405487,-0.4892052412033081,-0.4704952538013458
BAAI/bge-m3,ru,129,mean_pool,0.1936226785182953,0.0835171714425087,-0.3966773152351379,-0.5436027646064758
BAAI/bge-m3,ru,130,mean_pool,0.0504786521196365,-0.5418768525123596,-0.6164243817329407,-0.3393367528915405
BAAI/bge-m3,ru,131,mean_pool,0.3349603116512298,-0.282043993473053,-0.4414686858654022,-0.120173841714859
BAAI/bge-m3,ru,132,mean_pool,0.1041360348463058,-0.2907366752624511,-0.5185012817382812,-0.4480821490287781
BAAI/bge-m3,ru,133,mean_pool,0.1730376929044723,-0.2587865889072418,-0.6197647452354431,-0.4514261782169342
BAAI/bge-m3,ru,134,mean_pool,0.1684412509202957,-0.4841241538524627,-0.5090208649635315,-0.1530232429504394
BAAI/bge-m3,ru,135,mean_pool,0.1361605823040008,-0.1341393887996673,-0.4862880110740661,-0.5071611404418945
BAAI/bge-m3,ru,136,mean_pool,0.1613385528326034,-0.1551911234855651,-0.0979107543826103,-0.4969418048858642
BAAI/bge-m3,ru,137,mean_pool,0.0133448783308267,-0.3468348383903503,-0.5326381921768188,-0.3020136058330536
BAAI/bge-m3,ru,138,mean_pool,0.3803565502166748,0.0400719307363033,-0.4160751700401306,-0.3569076657295227
BAAI/bge-m3,ru,139,mean_pool,0.3068325221538543,-0.1310456842184066,-0.2941525876522064,-0.3453480303287506
BAAI/bge-m3,ru,140,mean_pool,0.1222118139266967,-0.2717026472091675,-0.5471231341362,-0.3415127992630005
BAAI/bge-m3,ru,141,mean_pool,0.1472028642892837,-0.0607501603662967,-0.29319629073143,-0.5195544362068176
BAAI/bge-m3,ru,142,mean_pool,0.1329375952482223,-0.0516620092093944,-0.4260560274124145,-0.3254877924919128
BAAI/bge-m3,ru,143,mean_pool,0.0981167182326316,-0.2705104649066925,-0.6027733683586121,-0.306142121553421
BAAI/bge-m3,ru,144,mean_pool,0.1167009621858596,-0.4345590472221374,-0.4141867160797119,-0.4541367590427398
BAAI/bge-m3,ru,145,mean_pool,0.0882486626505851,-0.1086212992668151,-0.4650337994098663,-0.3658694922924042
BAAI/bge-m3,ru,146,mean_pool,0.2722023725509643,-0.1238649860024452,-0.2942795753479004,-0.2130229622125625
BAAI/bge-m3,ru,147,mean_pool,0.2859269380569458,-0.1872119903564453,-0.3988097310066223,-0.2049884498119354
BAAI/bge-m3,ru,148,mean_pool,0.2149188369512558,-0.0267031099647283,-0.5164214968681335,-0.4756714999675751
BAAI/bge-m3,ru,149,mean_pool,0.2381633073091507,0.056573063135147,-0.3173164427280426,-0.2821578681468963
BAAI/bge-m3,ru,150,mean_pool,0.1807305216789245,-0.3536815941333771,-0.404577761888504,-0.2921833992004394
BAAI/bge-m3,ru,151,mean_pool,0.1529163718223571,-0.3528600335121155,-0.3595446944236755,-0.2410920113325119
BAAI/bge-m3,ru,152,mean_pool,0.1118805557489395,-0.1456313282251358,-0.3879334926605224,-0.4198501110076904
BAAI/bge-m3,ru,153,mean_pool,0.0758895352482795,-0.3534415364265442,-0.5625571608543396,-0.3486799597740173
BAAI/bge-m3,ru,154,mean_pool,0.2592449486255646,-0.0524391941726207,-0.2839370965957641,-0.1132300645112991
BAAI/bge-m3,ru,155,mean_pool,0.2353256195783615,0.0862152874469757,-0.36528080701828,-0.3405249416828155
BAAI/bge-m3,ru,156,mean_pool,0.1326894909143448,-0.2195107191801071,-0.2458265274763107,-0.6266515851020813
BAAI/bge-m3,ru,157,mean_pool,0.0454486198723316,-0.5253444910049438,-0.4388506710529327,-0.483531653881073
BAAI/bge-m3,ru,158,mean_pool,0.3042559325695038,-0.0854716598987579,-0.3669880628585815,-0.2078048884868621
BAAI/bge-m3,ru,159,mean_pool,0.0531893409788608,-0.3841586112976074,-0.5029674768447876,-0.5666187405586243
BAAI/bge-m3,zh,0,mean_pool,0.084773264825344,-0.4365265667438507,-0.8882095217704773,-0.5210636258125305
BAAI/bge-m3,zh,1,mean_pool,0.1106083393096923,-0.4750064015388489,-0.8830854892730713,-0.3749784231185913
BAAI/bge-m3,zh,2,mean_pool,0.1041751652956008,-0.4292997419834137,-0.8860973119735718,-0.416808009147644
BAAI/bge-m3,zh,3,mean_pool,0.1799209266901016,-0.4783730804920196,-0.9235650300979614,-0.4808981716632843
BAAI/bge-m3,zh,4,mean_pool,0.0929970443248748,-0.5710268020629883,-0.9269176721572876,-0.438940554857254
BAAI/bge-m3,zh,5,mean_pool,0.0830262601375579,-0.3630196452140808,-0.884696364402771,-0.4041975736618042
BAAI/bge-m3,zh,6,mean_pool,0.2077661156654358,-0.3714931309223175,-0.901595413684845,-0.2689923644065857
BAAI/bge-m3,zh,7,mean_pool,0.1404744535684585,-0.5313397645950317,-0.9266456365585328,-0.4740323424339294
BAAI/bge-m3,zh,8,mean_pool,0.0952022299170494,-0.4134871959686279,-0.9178052544593812,-0.5108866095542908
BAAI/bge-m3,zh,9,mean_pool,0.0546386837959289,-0.3796143233776092,-0.8977618217468262,-0.4778399169445038
BAAI/bge-m3,zh,10,mean_pool,0.0642843022942543,-0.5710268616676331,-0.904008448123932,-0.5176405906677246
BAAI/bge-m3,zh,11,mean_pool,0.1398285180330276,-0.5322797298431396,-0.9224392175674438,-0.5441001057624817
BAAI/bge-m3,zh,12,mean_pool,0.0158815998584032,-0.4853552579879761,-0.9001969695091248,-0.5863620042800903
BAAI/bge-m3,zh,13,mean_pool,0.06953876465559,-0.3472445011138916,-0.8856704235076904,-0.5243364572525024
BAAI/bge-m3,zh,14,mean_pool,0.1336811482906341,-0.5658186078071594,-0.8984172940254211,-0.4337330162525177
BAAI/bge-m3,zh,15,mean_pool,0.1249293386936187,-0.5174046754837036,-0.9082838892936708,-0.5176532864570618
BAAI/bge-m3,zh,16,mean_pool,0.1031037718057632,-0.5298506021499634,-0.9270670413970948,-0.4472735822200775
BAAI/bge-m3,zh,17,mean_pool,0.068253256380558,-0.4388531446456909,-0.9071078896522522,-0.4662798941135406
BAAI/bge-m3,zh,18,mean_pool,0.0613815411925315,-0.3655219972133636,-0.8957518935203552,-0.5410814881324768
BAAI/bge-m3,zh,19,mean_pool,0.1441665887832641,-0.4383192658424377,-0.8544443249702454,-0.4219777286052704
BAAI/bge-m3,zh,20,mean_pool,0.0942550376057624,-0.3545287847518921,-0.8658483028411865,-0.4897826015949249
BAAI/bge-m3,zh,21,mean_pool,0.1185186654329299,-0.4968195557594299,-0.9034940004348756,-0.3485910594463348
BAAI/bge-m3,zh,22,mean_pool,0.0806158110499382,-0.4091665744781494,-0.8609666228294373,-0.4852150678634643
BAAI/bge-m3,zh,23,mean_pool,0.0903847888112068,-0.5469601154327393,-0.9212611317634584,-0.5483975410461426
BAAI/bge-m3,zh,24,mean_pool,0.1007319241762161,-0.5966811180114746,-0.9085394740104676,-0.5390355587005615
BAAI/bge-m3,zh,25,mean_pool,0.1221697106957435,-0.3558530509471893,-0.8224229216575623,-0.4622179567813873
BAAI/bge-m3,zh,26,mean_pool,0.1399299651384353,-0.4199180603027344,-0.8781004548072815,-0.4444364011287689
BAAI/bge-m3,zh,27,mean_pool,0.0975048094987869,-0.4291763305664062,-0.8903857469558716,-0.5353072285652161
BAAI/bge-m3,zh,28,mean_pool,0.1849775165319442,-0.4680865705013275,-0.9344279170036316,-0.3705381155014038
BAAI/bge-m3,zh,29,mean_pool,0.0958828553557396,-0.3636951148509979,-0.8817429542541504,-0.4715174734592438
BAAI/bge-m3,zh,30,mean_pool,0.0733908787369728,-0.4825563132762909,-0.9048516750335692,-0.5112745761871338
BAAI/bge-m3,zh,31,mean_pool,0.0873884633183479,-0.5405429601669312,-0.9233068227767944,-0.4184720516204834
BAAI/bge-m3,zh,32,mean_pool,0.0652250573039054,-0.5003851652145386,-0.8944167494773865,-0.5432858467102051
BAAI/bge-m3,zh,33,mean_pool,0.1074226200580596,-0.431526243686676,-0.9036989212036132,-0.3485875427722931
BAAI/bge-m3,zh,34,mean_pool,0.0823367834091186,-0.4200313091278076,-0.8924899101257324,-0.4766038060188293
BAAI/bge-m3,zh,35,mean_pool,0.1395405083894729,-0.4695316255092621,-0.9112963080406188,-0.4627349078655243
BAAI/bge-m3,zh,36,mean_pool,0.0968573614954948,-0.3122746348381042,-0.8788790702819824,-0.4696990847587585
BAAI/bge-m3,zh,37,mean_pool,0.1089959070086479,-0.4359514117240906,-0.889991044998169,-0.5063994526863098
BAAI/bge-m3,zh,38,mean_pool,0.108020007610321,-0.3279477059841156,-0.8139272332191467,-0.423366516828537
BAAI/bge-m3,zh,39,mean_pool,0.1124179810285568,-0.3645986914634704,-0.8587039709091187,-0.3700122833251953
BAAI/bge-m3,zh,40,mean_pool,0.1357619911432266,-0.5882696509361267,-0.8435160517692566,-0.5460831522941589
BAAI/bge-m3,zh,41,mean_pool,0.1221560388803482,-0.4116531908512115,-0.9172889590263368,-0.5313685536384583
BAAI/bge-m3,zh,42,mean_pool,0.1566501259803772,-0.5051935315132141,-0.934656023979187,-0.4728170037269592
BAAI/bge-m3,zh,43,mean_pool,0.1187634542584419,-0.3965856730937958,-0.8522972464561462,-0.4484926760196686
BAAI/bge-m3,zh,44,mean_pool,0.0935311242938041,-0.5417241454124451,-0.9177740812301636,-0.4363068342208862
BAAI/bge-m3,zh,45,mean_pool,0.1231078058481216,-0.488582044839859,-0.8616328835487366,-0.3856499493122101
BAAI/bge-m3,zh,46,mean_pool,0.0979213342070579,-0.5389752984046936,-0.9136768579483032,-0.4572663605213165
BAAI/bge-m3,zh,47,mean_pool,0.0457937009632587,-0.4689919650554657,-0.8991310000419617,-0.493831604719162
BAAI/bge-m3,zh,48,mean_pool,0.198040023446083,-0.4051932990550995,-0.906237244606018,-0.2956065535545349
BAAI/bge-m3,zh,49,mean_pool,0.12216567248106,-0.4854412078857422,-0.8641196489334106,-0.335744708776474
BAAI/bge-m3,zh,50,mean_pool,0.0601837635040283,-0.4442744553089142,-0.8412889838218689,-0.5498566031455994
BAAI/bge-m3,zh,51,mean_pool,0.09344994276762,-0.3592172563076019,-0.8652611970901489,-0.4552521109580993
BAAI/bge-m3,zh,52,mean_pool,0.1366291046142578,-0.5348071455955505,-0.9268226027488708,-0.4437240660190582
BAAI/bge-m3,zh,53,mean_pool,0.1016245633363723,-0.3476804494857788,-0.8603942394256592,-0.368547260761261
BAAI/bge-m3,zh,54,mean_pool,0.1131951659917831,-0.4682182073593139,-0.9139273762702942,-0.390901118516922
BAAI/bge-m3,zh,55,mean_pool,0.0692338719964027,-0.378079891204834,-0.8940199017524719,-0.4778040051460266
BAAI/bge-m3,zh,56,mean_pool,0.1292966902256012,-0.360695332288742,-0.8335325121879578,-0.4456346333026886
BAAI/bge-m3,zh,57,mean_pool,0.125571608543396,-0.5023034811019897,-0.8767520189285278,-0.4706614911556244
BAAI/bge-m3,zh,58,mean_pool,0.100469060242176,-0.4691852629184723,-0.853438138961792,-0.3362165689468384
BAAI/bge-m3,zh,59,mean_pool,0.0686099901795387,-0.5450707674026489,-0.9128098487854004,-0.511985719203949
BAAI/bge-m3,zh,60,mean_pool,0.0501706972718238,-0.3692351877689361,-0.9048680663108826,-0.5260657072067261
BAAI/bge-m3,zh,61,mean_pool,0.1510021984577179,-0.4425813257694244,-0.922779381275177,-0.3381000161170959
BAAI/bge-m3,zh,62,mean_pool,0.0733461529016494,-0.5350795388221741,-0.8842161893844604,-0.5104085803031921
BAAI/bge-m3,zh,63,mean_pool,0.0838016718626022,-0.3277127146720886,-0.9039817452430724,-0.4582892060279846
BAAI/bge-m3,zh,64,mean_pool,0.1404675543308258,-0.6060855388641357,-0.8859111666679382,-0.5080121159553528
BAAI/bge-m3,zh,65,mean_pool,0.1136687994003295,-0.3781494200229645,-0.8320019245147705,-0.4394475817680359
BAAI/bge-m3,zh,66,mean_pool,0.1006074100732803,-0.340941846370697,-0.8794581890106201,-0.4758691787719726
BAAI/bge-m3,zh,67,mean_pool,0.1067611277103424,-0.3844179511070251,-0.9027418494224548,-0.5171630382537842
BAAI/bge-m3,zh,68,mean_pool,0.0780089870095253,-0.5032811760902405,-0.8938836455345154,-0.5432308316230774
BAAI/bge-m3,zh,69,mean_pool,0.0839687883853912,-0.398721843957901,-0.8952457308769226,-0.4146226942539215
BAAI/bge-m3,zh,70,mean_pool,0.1148172169923782,-0.4451643824577331,-0.9098549485206604,-0.3025137186050415
BAAI/bge-m3,zh,71,mean_pool,0.108449600636959,-0.5647220611572266,-0.9010102152824402,-0.4937713146209717
BAAI/bge-m3,zh,72,mean_pool,0.0812802016735076,-0.3904300928115845,-0.9227918386459352,-0.507655143737793
BAAI/bge-m3,zh,73,mean_pool,0.1085167974233627,-0.3100259304046631,-0.886768639087677,-0.41120246052742
BAAI/bge-m3,zh,74,mean_pool,0.0507636591792106,-0.6096145510673523,-0.9100024700164796,-0.5623935461044312
BAAI/bge-m3,zh,75,mean_pool,0.1022179052233696,-0.6007251143455505,-0.931590497493744,-0.5716186165809631
BAAI/bge-m3,zh,76,mean_pool,0.1651977747678756,-0.4195046722888946,-0.9108673334121704,-0.3070516288280487
BAAI/bge-m3,zh,77,mean_pool,0.1405060440301895,-0.500299870967865,-0.8985769748687744,-0.383701741695404
BAAI/bge-m3,zh,78,mean_pool,0.0741519704461097,-0.4325191378593445,-0.8914536833763123,-0.4660209119319916
BAAI/bge-m3,zh,79,mean_pool,0.0962094217538833,-0.3605759441852569,-0.8710666298866272,-0.485940158367157
BAAI/bge-m3,zh,80,mean_pool,0.127016082406044,-0.4439758360385895,-0.8794602155685425,-0.4548971951007843
BAAI/bge-m3,zh,81,mean_pool,0.138946533203125,-0.4989640712738037,-0.8989060521125793,-0.4749265313148498
BAAI/bge-m3,zh,82,mean_pool,0.1275780946016311,-0.4929533004760742,-0.9219789505004884,-0.4468276798725128
BAAI/bge-m3,zh,83,mean_pool,0.0879661366343498,-0.3844214379787445,-0.8585682511329651,-0.4526806175708771
BAAI/bge-m3,zh,84,mean_pool,0.1181024387478828,-0.5413820743560791,-0.8542442917823792,-0.5012473464012146
BAAI/bge-m3,zh,85,mean_pool,0.1357339024543762,-0.5628445744514465,-0.9375206232070924,-0.525348424911499
BAAI/bge-m3,zh,86,mean_pool,0.1240110471844673,-0.4713711440563202,-0.9114271998405457,-0.4537628293037414
BAAI/bge-m3,zh,87,mean_pool,0.1932108849287033,-0.5210176110267639,-0.9282007813453674,-0.4345273077487945
BAAI/bge-m3,zh,88,mean_pool,0.1045835688710212,-0.5656142234802246,-0.9134176969528198,-0.5072067379951477
BAAI/bge-m3,zh,89,mean_pool,0.0966947451233863,-0.3578544557094574,-0.8980664014816284,-0.4749144315719604
BAAI/bge-m3,zh,90,mean_pool,0.0958135873079299,-0.4002535939216614,-0.9201654195785522,-0.4920541048049927
BAAI/bge-m3,zh,91,mean_pool,0.1521216630935669,-0.3647656142711639,-0.8923349976539612,-0.3833522796630859
BAAI/bge-m3,zh,92,mean_pool,0.1205813735723495,-0.4907055795192718,-0.9223828315734864,-0.4368499517440796
BAAI/bge-m3,zh,93,mean_pool,0.0799652189016342,-0.3999153971672058,-0.8955633044242859,-0.4660374820232391
BAAI/bge-m3,zh,94,mean_pool,0.1230818331241607,-0.4921724498271942,-0.8905755281448364,-0.4290648996829986
BAAI/bge-m3,zh,95,mean_pool,0.1328486502170562,-0.5251275897026062,-0.9265532493591307,-0.4053544998168945
BAAI/bge-m3,zh,96,mean_pool,0.1442678421735763,-0.4605107009410858,-0.9091341495513916,-0.3925868272781372
BAAI/bge-m3,zh,97,mean_pool,0.1136624664068222,-0.4587452709674835,-0.9248785376548768,-0.5129843950271606
BAAI/bge-m3,zh,98,mean_pool,0.0822086408734321,-0.4131030142307281,-0.906252145767212,-0.4928620159626007
BAAI/bge-m3,zh,99,mean_pool,0.1155237033963203,-0.5282360911369324,-0.8971394300460815,-0.5357990264892578
BAAI/bge-m3,zh,100,mean_pool,0.085649587213993,-0.3386631608009338,-0.8802676200866699,-0.5268797874450684
BAAI/bge-m3,zh,101,mean_pool,0.0606829486787319,-0.3757137060165405,-0.8651526570320129,-0.5490188002586365
BAAI/bge-m3,zh,102,mean_pool,0.115782082080841,-0.6093848943710327,-0.9217807054519652,-0.4828391373157501
BAAI/bge-m3,zh,103,mean_pool,0.1260792016983032,-0.4050914645195007,-0.8901740312576294,-0.4702205955982208
BAAI/bge-m3,zh,104,mean_pool,0.0807464197278022,-0.3121197819709778,-0.8725516200065613,-0.3882250785827636
BAAI/bge-m3,zh,105,mean_pool,0.1288540661334991,-0.4962125718593597,-0.9275243878364564,-0.4521991312503814
BAAI/bge-m3,zh,106,mean_pool,0.1779949963092804,-0.4700114130973816,-0.922802209854126,-0.462186336517334
BAAI/bge-m3,zh,107,mean_pool,0.0908116325736045,-0.4153382182121277,-0.8655874133110046,-0.4981224238872528
BAAI/bge-m3,zh,108,mean_pool,0.0784760415554046,-0.5510411262512207,-0.8773612380027771,-0.5468745231628418
BAAI/bge-m3,zh,109,mean_pool,0.1525268405675888,-0.4464170634746551,-0.9294061660766602,-0.3264543414115906
BAAI/bge-m3,zh,110,mean_pool,0.1430676579475402,-0.4666204452514648,-0.8978249430656433,-0.4073590338230133
BAAI/bge-m3,zh,111,mean_pool,0.0519146621227264,-0.5620704889297485,-0.9088094830513,-0.5646986961364746
BAAI/bge-m3,zh,112,mean_pool,0.05436347797513,-0.432615578174591,-0.924100935459137,-0.5573687553405762
BAAI/bge-m3,zh,113,mean_pool,0.0995415151119232,-0.474676638841629,-0.858082115650177,-0.4495808780193329
BAAI/bge-m3,zh,114,mean_pool,0.1087806746363639,-0.4728575646877289,-0.925181210041046,-0.507802426815033
BAAI/bge-m3,zh,115,mean_pool,0.067176379263401,-0.4340468645095825,-0.9115101099014282,-0.4928330779075622
BAAI/bge-m3,zh,116,mean_pool,0.0821136832237243,-0.4603188633918762,-0.8740485310554504,-0.3979582190513611
BAAI/bge-m3,zh,117,mean_pool,0.099697507917881,-0.5314779877662659,-0.8804031610488892,-0.5143969058990479
BAAI/bge-m3,zh,118,mean_pool,0.0920004546642303,-0.4650260806083679,-0.915094554424286,-0.5405340790748596
BAAI/bge-m3,zh,119,mean_pool,0.0721460357308387,-0.3988593816757202,-0.8771393299102783,-0.4773613512516022
BAAI/bge-m3,zh,120,mean_pool,0.1921062171459198,-0.4231448471546173,-0.8951222896575928,-0.3983837962150574
BAAI/bge-m3,zh,121,mean_pool,0.0836401209235191,-0.3791990280151367,-0.8755062818527222,-0.5304991602897644
BAAI/bge-m3,zh,122,mean_pool,0.0592365190386772,-0.4275457561016083,-0.9318634271621704,-0.5296288728713989
BAAI/bge-m3,zh,123,mean_pool,0.0995285138487815,-0.6550395488739014,-0.911344349384308,-0.5526494383811951
BAAI/bge-m3,zh,124,mean_pool,0.1204896569252014,-0.481650561094284,-0.9214887022972108,-0.3986968398094177
BAAI/bge-m3,zh,125,mean_pool,0.0598705969750881,-0.5038331747055054,-0.9032715559005736,-0.5434585213661194
BAAI/bge-m3,zh,126,mean_pool,0.1450338363647461,-0.4925669729709625,-0.9263412952423096,-0.3944095373153686
BAAI/bge-m3,zh,127,mean_pool,0.0481361299753189,-0.3667042255401611,-0.9095131158828736,-0.5128663182258606
BAAI/bge-m3,zh,128,mean_pool,0.1308508217334747,-0.4815678894519806,-0.8939862847328186,-0.3464843332767486
BAAI/bge-m3,zh,129,mean_pool,0.1190229579806327,-0.6349498629570007,-0.9399454593658448,-0.5268059968948364
BAAI/bge-m3,zh,130,mean_pool,0.0704145208001136,-0.3803520500659942,-0.8850758075714111,-0.49737748503685
BAAI/bge-m3,zh,131,mean_pool,0.0989678278565406,-0.5481833219528198,-0.926514744758606,-0.5328417420387268
BAAI/bge-m3,zh,132,mean_pool,0.1010778844356536,-0.4579851329326629,-0.8834531903266907,-0.5151119232177734
BAAI/bge-m3,zh,133,mean_pool,0.0904121771454811,-0.4438739717006683,-0.8893890380859375,-0.5034947395324707
BAAI/bge-m3,zh,134,mean_pool,0.0933138132095336,-0.5491982102394104,-0.8697180151939392,-0.5278435945510864
BAAI/bge-m3,zh,135,mean_pool,0.0657344460487365,-0.4319648444652557,-0.8736385703086853,-0.5275309085845947
BAAI/bge-m3,zh,136,mean_pool,0.0960593223571777,-0.474823385477066,-0.8753618597984314,-0.5591424703598022
BAAI/bge-m3,zh,137,mean_pool,0.077703833580017,-0.392370343208313,-0.915404736995697,-0.4523716568946838
BAAI/bge-m3,zh,138,mean_pool,0.1049122065305709,-0.4333410859107971,-0.8578484654426575,-0.5374549031257629
BAAI/bge-m3,zh,139,mean_pool,0.0831715837121009,-0.411147803068161,-0.9217501878738404,-0.5090817809104919
BAAI/bge-m3,zh,140,mean_pool,0.1665555089712143,-0.5567273497581482,-0.89230877161026,-0.4351915419101715
BAAI/bge-m3,zh,141,mean_pool,0.1647173911333084,-0.4267662763595581,-0.9051699042320251,-0.4164744019508362
BAAI/bge-m3,zh,142,mean_pool,0.0959422662854194,-0.6075425148010254,-0.9297807216644288,-0.5816103219985962
BAAI/bge-m3,zh,143,mean_pool,0.065179742872715,-0.4054337441921234,-0.9111171960830688,-0.5860165357589722
BAAI/bge-m3,zh,144,mean_pool,0.1231579855084419,-0.4752313196659088,-0.9170844554901124,-0.517905592918396
BAAI/bge-m3,zh,145,mean_pool,0.1688182204961776,-0.5273183584213257,-0.923575520515442,-0.4254069328308105
BAAI/bge-m3,zh,146,mean_pool,0.0734815597534179,-0.4918003976345062,-0.9110153913497924,-0.5507645010948181
BAAI/bge-m3,zh,147,mean_pool,0.1322758942842483,-0.4950487315654754,-0.925566017627716,-0.4622102677822113
BAAI/bge-m3,zh,148,mean_pool,0.104224644601345,-0.6309896111488342,-0.9263444542884828,-0.5538713932037354
BAAI/bge-m3,zh,149,mean_pool,0.1132162511348724,-0.5181280970573425,-0.9222740530967712,-0.4285754859447479
BAAI/bge-m3,zh,150,mean_pool,0.1587769240140915,-0.4839726686477661,-0.9127374291419984,-0.3255583643913269
BAAI/bge-m3,zh,151,mean_pool,0.1127540171146392,-0.6169452667236328,-0.9167494177818298,-0.5456452369689941
BAAI/bge-m3,zh,152,mean_pool,0.0646880343556404,-0.5675953030586243,-0.9072760343551636,-0.4939846396446228
BAAI/bge-m3,zh,153,mean_pool,0.0731726214289665,-0.5202766060829163,-0.9004557728767395,-0.4747042655944824
BAAI/bge-m3,zh,154,mean_pool,0.1710918247699737,-0.4588145017623901,-0.9134825468063354,-0.3889510929584503
BAAI/bge-m3,zh,155,mean_pool,0.0889512151479721,-0.4536794424057007,-0.9161246418952942,-0.5639124512672424
BAAI/bge-m3,zh,156,mean_pool,0.094766192138195,-0.4604417979717254,-0.8787317276000977,-0.5781219005584717
BAAI/bge-m3,zh,157,mean_pool,0.0938194394111633,-0.4472142159938812,-0.9076305031776428,-0.5338027477264404
BAAI/bge-m3,zh,158,mean_pool,0.125784084200859,-0.3345597982406616,-0.8853163123130798,-0.399031788110733
BAAI/bge-m3,zh,159,mean_pool,0.0825008228421211,-0.5525625348091125,-0.9029970169067384,-0.4805514812469482
BAAI/bge-m3,en,0,marker_pool,0.5992339253425598,-0.101344421505928,-0.6623033285140991,0.0066464412957429
BAAI/bge-m3,en,1,marker_pool,0.5517438650131226,-0.0762441977858543,-0.6641391515731812,0.0211727321147918
BAAI/bge-m3,en,2,marker_pool,0.4747566878795624,-0.1387877762317657,-0.6202168464660645,0.0287280902266502
BAAI/bge-m3,en,3,marker_pool,0.5694025754928589,-0.126901239156723,-0.6425121426582336,0.031405072659254
BAAI/bge-m3,en,4,marker_pool,0.5476529002189636,-0.1442674845457077,-0.6605286002159119,-0.0188027471303939
BAAI/bge-m3,en,5,marker_pool,0.5381198525428772,-0.0351580083370208,-0.6312143802642822,0.026057755574584
BAAI/bge-m3,en,6,marker_pool,0.488151341676712,-0.1895594894886016,-0.6571129560470581,-0.0525385327637195
BAAI/bge-m3,en,7,marker_pool,0.5770062208175659,-0.0432502888143062,-0.6494432091712952,0.1078343093395233
BAAI/bge-m3,en,8,marker_pool,0.5345025658607483,-0.1458031088113784,-0.6820540428161621,0.0369307473301887
BAAI/bge-m3,en,9,marker_pool,0.6153047680854797,-0.1624092757701873,-0.6686919331550598,0.0023138767573982
BAAI/bge-m3,en,10,marker_pool,0.503609836101532,-0.0986518561840057,-0.6081490516662598,-0.0141781810671091
BAAI/bge-m3,en,11,marker_pool,0.5573853254318237,-0.1252314001321792,-0.656233549118042,-0.013684943318367
BAAI/bge-m3,en,12,marker_pool,0.5550152659416199,-0.0722969770431518,-0.6689227223396301,0.1281628608703613
BAAI/bge-m3,en,13,marker_pool,0.56526780128479,-0.0427916459739208,-0.6299270391464233,-0.0110414661467075
BAAI/bge-m3,en,14,marker_pool,0.4738085567951202,-0.1573692113161087,-0.6147249341011047,-0.127168208360672
BAAI/bge-m3,en,15,marker_pool,0.540048360824585,-0.0491124764084816,-0.606498122215271,0.0853545442223548
BAAI/bge-m3,en,16,marker_pool,0.6081669330596924,-0.1736013889312744,-0.6658925414085388,0.0072688278742134
BAAI/bge-m3,en,17,marker_pool,0.5610263347625732,-0.0757597610354423,-0.6514522433280945,0.0268241036683321
BAAI/bge-m3,en,18,marker_pool,0.6350813508033752,-0.1408950984477996,-0.6748583912849426,0.0313330441713333
BAAI/bge-m3,en,19,marker_pool,0.5535467267036438,-0.1052853763103485,-0.5773631930351257,0.0390412211418151
BAAI/bge-m3,en,20,marker_pool,0.5475374460220337,-0.1006659418344497,-0.6062920093536377,0.0298374406993389
BAAI/bge-m3,en,21,marker_pool,0.5386929512023926,-0.1131245493888855,-0.6257678270339966,0.0010590663878247
BAAI/bge-m3,en,22,marker_pool,0.5202800631523132,-0.0892296582460403,-0.6458975672721863,0.0261865053325891
BAAI/bge-m3,en,23,marker_pool,0.6028685569763184,-0.1780428737401962,-0.6647859215736389,0.0330960862338542
BAAI/bge-m3,en,24,marker_pool,0.4582130908966064,-0.0494928136467933,-0.6323054432868958,-0.1348278820514679
BAAI/bge-m3,en,25,marker_pool,0.5651447772979736,-0.0563242770731449,-0.6592724919319153,0.0210520979017019
BAAI/bge-m3,en,26,marker_pool,0.5958114862442017,-0.0765604227781295,-0.6333957314491272,0.0684201419353485
BAAI/bge-m3,en,27,marker_pool,0.5891116261482239,-0.1177687719464302,-0.6048348546028137,0.012797825038433
BAAI/bge-m3,en,28,marker_pool,0.4904884994029999,-0.0901660472154617,-0.6633045673370361,0.0763279423117637
BAAI/bge-m3,en,29,marker_pool,0.4202323257923126,-0.052628394216299,-0.6276280283927917,-0.1462124437093734
BAAI/bge-m3,en,30,marker_pool,0.6135201454162598,-0.1506373137235641,-0.678530752658844,-0.0014408626593649
BAAI/bge-m3,en,31,marker_pool,0.5203441977500916,-0.0857519060373306,-0.6464494466781616,0.0257592555135488
BAAI/bge-m3,en,32,marker_pool,0.5831268429756165,-0.0287434682250022,-0.6187244057655334,-0.0027736998163163
BAAI/bge-m3,en,33,marker_pool,0.5709275603294373,-0.1325487792491912,-0.6560983657836914,0.0130991339683532
BAAI/bge-m3,en,34,marker_pool,0.4253211915493011,-0.0984149947762489,-0.6032809615135193,-0.1204674690961837
BAAI/bge-m3,en,35,marker_pool,0.5493441224098206,-0.1029099524021148,-0.6740838885307312,-0.0029016123153269
BAAI/bge-m3,en,36,marker_pool,0.565166711807251,-0.0181479770690202,-0.609978437423706,0.095924474298954
BAAI/bge-m3,en,37,marker_pool,0.5570458769798279,-0.0139097655192017,-0.6254052519798279,-0.0146416081115603
BAAI/bge-m3,en,38,marker_pool,0.5682973861694336,-0.1196452006697654,-0.6811710596084595,0.0130902966484427
BAAI/bge-m3,en,39,marker_pool,0.572058916091919,-0.0778514221310615,-0.640455961227417,0.0365950018167495
BAAI/bge-m3,en,40,marker_pool,0.537204384803772,-0.1391559988260269,-0.6208187341690063,0.0273470003157854
BAAI/bge-m3,en,41,marker_pool,0.6423574686050415,-0.0895475223660469,-0.6526542901992798,0.0470273420214653
BAAI/bge-m3,en,42,marker_pool,0.5709323287010193,-0.0569709986448287,-0.6764429211616516,0.0832524001598358
BAAI/bge-m3,en,43,marker_pool,0.545569658279419,-0.0423398315906524,-0.6327504515647888,0.0377218946814537
BAAI/bge-m3,en,44,marker_pool,0.5687364339828491,-0.0652313455939292,-0.6315813064575195,-0.031978040933609
BAAI/bge-m3,en,45,marker_pool,0.5030770897865295,-0.1615489423274994,-0.6026538014411926,-0.0340532027184963
BAAI/bge-m3,en,46,marker_pool,0.5353044867515564,-0.0721805095672607,-0.6471283435821533,0.01783037930727
BAAI/bge-m3,en,47,marker_pool,0.5774292349815369,-0.1679244488477707,-0.689777672290802,-0.028120556846261
BAAI/bge-m3,en,48,marker_pool,0.6111198663711548,-0.1423839330673217,-0.6403427720069885,0.0329481661319732
BAAI/bge-m3,en,49,marker_pool,0.5901706218719482,-0.0876622572541236,-0.6033012270927429,0.0529016405344009
BAAI/bge-m3,en,50,marker_pool,0.5006986260414124,-0.1199485883116722,-0.6108355522155762,0.0300384182482957
BAAI/bge-m3,en,51,marker_pool,0.5221068263053894,-0.1019433364272117,-0.6269222497940063,0.0648702830076217
BAAI/bge-m3,en,52,marker_pool,0.5689324736595154,-0.0550160519778728,-0.5976144671440125,0.0824766308069229
BAAI/bge-m3,en,53,marker_pool,0.4860710203647613,-0.1227369979023933,-0.6398987174034119,-0.106678806245327
BAAI/bge-m3,en,54,marker_pool,0.5721375942230225,-0.1236924156546592,-0.6216135621070862,-0.022089933976531
BAAI/bge-m3,en,55,marker_pool,0.5687433481216431,-0.1479744166135788,-0.6631217002868652,-0.0308979172259569
BAAI/bge-m3,en,56,marker_pool,0.532655656337738,-0.0822891369462013,-0.5844887495040894,0.0217417888343334
BAAI/bge-m3,en,57,marker_pool,0.5232129096984863,-0.1260338127613067,-0.6489489078521729,-0.0240543968975543
BAAI/bge-m3,en,58,marker_pool,0.5975496768951416,-0.0974160656332969,-0.6869804263114929,0.0603082478046417
BAAI/bge-m3,en,59,marker_pool,0.436473548412323,-0.0662842690944671,-0.6571515202522278,-0.1886864155530929
BAAI/bge-m3,en,60,marker_pool,0.5472990274429321,-0.0406715497374534,-0.6578075885772705,0.0936127603054046
BAAI/bge-m3,en,61,marker_pool,0.5196981430053711,-0.0690384730696678,-0.6803494095802307,0.1125174388289451
BAAI/bge-m3,en,62,marker_pool,0.5279182195663452,-0.1689624935388565,-0.6794183254241943,-0.0546514019370079
BAAI/bge-m3,en,63,marker_pool,0.5036624073982239,-0.1191596612334251,-0.6395258903503418,-0.0143033610656857
BAAI/bge-m3,en,64,marker_pool,0.5685087442398071,-0.0075097722001373,-0.6038023829460144,0.0378005169332027
BAAI/bge-m3,en,65,marker_pool,0.5580439567565918,-0.0898031294345855,-0.6302043199539185,0.0339118763804435
BAAI/bge-m3,en,66,marker_pool,0.4725184440612793,-0.1332414299249649,-0.6320002675056458,-0.003432358149439
BAAI/bge-m3,en,67,marker_pool,0.519926130771637,-0.0791447013616561,-0.6324326395988464,0.0816981941461563
BAAI/bge-m3,en,68,marker_pool,0.5932103395462036,-0.1097864285111427,-0.6371122002601624,0.0142668224871158
BAAI/bge-m3,en,69,marker_pool,0.5535411834716797,-0.045165229588747,-0.6590397953987122,0.0730166360735893
BAAI/bge-m3,en,70,marker_pool,0.5433834791183472,-0.0476489551365375,-0.6463213562965393,0.0593959689140319
BAAI/bge-m3,en,71,marker_pool,0.3999120593070984,-0.07130828499794,-0.6927106380462646,-0.1382092982530594
BAAI/bge-m3,en,72,marker_pool,0.5057117342948914,-0.1181773990392685,-0.6482106447219849,0.0281026922166347
BAAI/bge-m3,en,73,marker_pool,0.5870074033737183,-0.0361242219805717,-0.6178825497627258,0.0399493612349033
BAAI/bge-m3,en,74,marker_pool,0.5752253532409668,-0.0661859884858131,-0.626541793346405,0.0083186021074652
BAAI/bge-m3,en,75,marker_pool,0.5952203273773193,-0.1503984332084655,-0.6588932275772095,0.0327157266438007
BAAI/bge-m3,en,76,marker_pool,0.5367724895477295,-0.0079013258218765,-0.6781144142150879,0.0040956884622573
BAAI/bge-m3,en,77,marker_pool,0.5516749620437622,-0.1189813315868377,-0.6076927185058594,0.0238092541694641
BAAI/bge-m3,en,78,marker_pool,0.5558133721351624,-0.1336456090211868,-0.6110943555831909,0.0137960221618413
BAAI/bge-m3,en,79,marker_pool,0.56992506980896,-0.1284650117158889,-0.6358808875083923,0.004708269611001
BAAI/bge-m3,en,80,marker_pool,0.5713227987289429,-0.1057964488863945,-0.6383361220359802,0.0928675755858421
BAAI/bge-m3,en,81,marker_pool,0.467503547668457,-0.1630940586328506,-0.6034534573554993,-0.0283672492951154
BAAI/bge-m3,en,82,marker_pool,0.5898999571800232,-0.0302066206932067,-0.6053817868232727,0.056017942726612
BAAI/bge-m3,en,83,marker_pool,0.5650997161865234,-0.0374009422957897,-0.6458914279937744,-0.0159406103193759
BAAI/bge-m3,en,84,marker_pool,0.5810632109642029,-0.0869311913847923,-0.6827406883239746,0.0594745650887489
BAAI/bge-m3,en,85,marker_pool,0.6057561039924622,-0.1634207814931869,-0.6918174028396606,0.0392836481332778
BAAI/bge-m3,en,86,marker_pool,0.5097394585609436,-0.1293662041425705,-0.6294234395027161,0.0311971083283424
BAAI/bge-m3,en,87,marker_pool,0.5534831881523132,0.0032747394870966,-0.6779352426528931,0.1176602095365524
BAAI/bge-m3,en,88,marker_pool,0.5742160677909851,-0.0123974792659282,-0.6025785207748413,0.0480949804186821
BAAI/bge-m3,en,89,marker_pool,0.5498425960540771,-0.1525545567274093,-0.6443970203399658,-0.0454105697572231
BAAI/bge-m3,en,90,marker_pool,0.536781907081604,-0.0490441210567951,-0.6438299417495728,0.0432083457708358
BAAI/bge-m3,en,91,marker_pool,0.5514681935310364,-0.1153469830751419,-0.6536305546760559,0.0116363950073719
BAAI/bge-m3,en,92,marker_pool,0.4523332417011261,-0.1077486649155616,-0.6270551681518555,-0.1330218911170959
BAAI/bge-m3,en,93,marker_pool,0.5611518025398254,-0.0868142321705818,-0.5713600516319275,0.0402342192828655
BAAI/bge-m3,en,94,marker_pool,0.5472567081451416,-0.1007712036371231,-0.6406862139701843,0.0915137827396392
BAAI/bge-m3,en,95,marker_pool,0.5666763186454773,-0.0464567802846431,-0.6688263416290283,0.0908741727471351
BAAI/bge-m3,en,96,marker_pool,0.5457509756088257,-0.1135943979024887,-0.5967466831207275,0.0461647845804691
BAAI/bge-m3,en,97,marker_pool,0.4782141149044037,-0.1153186783194542,-0.6678003072738647,-0.0881543457508087
BAAI/bge-m3,en,98,marker_pool,0.5672071576118469,-0.1064015179872512,-0.5921750068664551,0.068198524415493
BAAI/bge-m3,en,99,marker_pool,0.5203664302825928,-0.0960621610283851,-0.6961870193481445,0.1341480612754821
BAAI/bge-m3,en,100,marker_pool,0.5979455709457397,-0.0797148942947387,-0.6357027292251587,-0.000149703992065
BAAI/bge-m3,en,101,marker_pool,0.5378190875053406,-0.0503696538507938,-0.6162252426147461,0.0089247049763798
BAAI/bge-m3,en,102,marker_pool,0.5836317539215088,-0.1119137555360794,-0.6008144021034241,0.0255527943372726
BAAI/bge-m3,en,103,marker_pool,0.5483758449554443,-0.0067089600488543,-0.659518837928772,0.0506023056805133
BAAI/bge-m3,en,104,marker_pool,0.563791811466217,-0.1011190563440322,-0.6565355062484741,0.0712258219718933
BAAI/bge-m3,en,105,marker_pool,0.5455244779586792,-0.065543994307518,-0.6572118401527405,0.0861309543251991
BAAI/bge-m3,en,106,marker_pool,0.4590781331062317,-0.1028130874037742,-0.6016145944595337,-0.0841690525412559
BAAI/bge-m3,en,107,marker_pool,0.5663129687309265,-0.1083264276385307,-0.6309178471565247,-0.0203678142279386
BAAI/bge-m3,en,108,marker_pool,0.571142852306366,-0.095940500497818,-0.6648221015930176,0.057472750544548
BAAI/bge-m3,en,109,marker_pool,0.4713679552078247,-0.1319751590490341,-0.6576048731803894,-0.0197801906615495
BAAI/bge-m3,en,110,marker_pool,0.3441797196865082,-0.1309836655855178,-0.6505473256111145,-0.1728648841381073
BAAI/bge-m3,en,111,marker_pool,0.5614228844642639,-0.0631297305226326,-0.6117210984230042,0.1072137653827667
BAAI/bge-m3,en,112,marker_pool,0.5724192261695862,0.0417665354907512,-0.6553921103477478,0.1389307975769043
BAAI/bge-m3,en,113,marker_pool,0.6098635196685791,-0.1402666419744491,-0.6814238429069519,0.0437516570091247
BAAI/bge-m3,en,114,marker_pool,0.5310418605804443,-0.0740108415484428,-0.5832318067550659,0.0442811511456966
BAAI/bge-m3,en,115,marker_pool,0.5702027678489685,-0.0829651728272438,-0.5936664342880249,0.0402714200317859
BAAI/bge-m3,en,116,marker_pool,0.5424202680587769,-0.0416450500488281,-0.619526743888855,0.0100370720028877
BAAI/bge-m3,en,117,marker_pool,0.5047992467880249,-0.0717009082436561,-0.5876586437225342,-0.0076371980831027
BAAI/bge-m3,en,118,marker_pool,0.5425339341163635,-0.1699468940496444,-0.6427897214889526,-0.007260528858751
BAAI/bge-m3,en,119,marker_pool,0.5302765965461731,-0.0818494781851768,-0.6715565323829651,0.0376104339957237
BAAI/bge-m3,en,120,marker_pool,0.5967389345169067,-0.0007217805832624,-0.6567827463150024,0.1049207746982574
BAAI/bge-m3,en,121,marker_pool,0.5562122464179993,-0.0334583967924118,-0.5865833759307861,0.0277770329266786
BAAI/bge-m3,en,122,marker_pool,0.546378493309021,-0.1307064145803451,-0.6751154661178589,0.0374979674816131
BAAI/bge-m3,en,123,marker_pool,0.5154279470443726,-0.1128848791122436,-0.6731910109519958,0.0123997209593653
BAAI/bge-m3,en,124,marker_pool,0.5388377904891968,-0.061271347105503,-0.5719635486602783,0.0105477729812264
BAAI/bge-m3,en,125,marker_pool,0.4302141666412353,-0.0916027575731277,-0.5963125824928284,-0.0855673551559448
BAAI/bge-m3,en,126,marker_pool,0.494586169719696,-0.1229273378849029,-0.6097743511199951,0.0158259700983762
BAAI/bge-m3,en,127,marker_pool,0.3575882315635681,-0.072933942079544,-0.6418964266777039,-0.1341531425714492
BAAI/bge-m3,en,128,marker_pool,0.4026931524276733,-0.0664563998579979,-0.6672255396842957,-0.1196511387825012
BAAI/bge-m3,en,129,marker_pool,0.5639996528625488,-0.0881542488932609,-0.6107777953147888,0.0335510857403278
BAAI/bge-m3,en,130,marker_pool,0.533088743686676,-0.0528512001037597,-0.640417218208313,-0.0010317051783204
BAAI/bge-m3,en,131,marker_pool,0.5463775992393494,-0.0890073254704475,-0.6140400767326355,0.0198383312672376
BAAI/bge-m3,en,132,marker_pool,0.5155332088470459,0.0351330526173114,-0.6481478810310364,0.0714394152164459
BAAI/bge-m3,en,133,marker_pool,0.535241961479187,-0.0986111462116241,-0.6023967266082764,0.0157449264079332
BAAI/bge-m3,en,134,marker_pool,0.4870480895042419,-0.0542092099785804,-0.6202988624572754,0.0725368112325668
BAAI/bge-m3,en,135,marker_pool,0.5503097176551819,-0.0702993422746658,-0.6287439465522766,0.0726828649640083
BAAI/bge-m3,en,136,marker_pool,0.6112829446792603,-0.1534960567951202,-0.6472575068473816,0.0361630246043205
BAAI/bge-m3,en,137,marker_pool,0.4702332019805908,-0.0999863520264625,-0.619033694267273,-0.0611395500600338
BAAI/bge-m3,en,138,marker_pool,0.5620851516723633,-0.13603276014328,-0.6705593466758728,0.0355098359286785
BAAI/bge-m3,en,139,marker_pool,0.5692380666732788,-0.0447878763079643,-0.6476861834526062,0.076425090432167
BAAI/bge-m3,en,140,marker_pool,0.5086391568183899,-0.047406580299139,-0.6381439566612244,0.0932334065437316
BAAI/bge-m3,en,141,marker_pool,0.4731379747390747,-0.1005139723420143,-0.6527511477470398,-0.1040447950363159
BAAI/bge-m3,en,142,marker_pool,0.475114107131958,-0.0531278029084205,-0.6233543753623962,-0.1515719890594482
BAAI/bge-m3,en,143,marker_pool,0.5564639568328857,-0.0365043058991432,-0.6145628690719604,-0.0240037813782691
BAAI/bge-m3,en,144,marker_pool,0.5146740078926086,-0.0873694866895675,-0.6222498416900635,-0.006504260469228
BAAI/bge-m3,en,145,marker_pool,0.5590901374816895,-0.1317596137523651,-0.6832780241966248,-0.0086438115686178
BAAI/bge-m3,en,146,marker_pool,0.5328676104545593,-0.1139340847730636,-0.5863557457923889,0.0429311506450176
BAAI/bge-m3,en,147,marker_pool,0.5881547331809998,-0.0749124437570571,-0.6078292727470398,0.0787497088313102
BAAI/bge-m3,en,148,marker_pool,0.5972394347190857,-0.0594314523041248,-0.6267333030700684,0.0922475829720497
BAAI/bge-m3,en,149,marker_pool,0.562320351600647,-0.0831967294216156,-0.6099175214767456,0.0055114501155912
BAAI/bge-m3,en,150,marker_pool,0.6384352445602417,-0.1245687529444694,-0.6738575100898743,0.0484779849648475
BAAI/bge-m3,en,151,marker_pool,0.5835490226745605,-0.0024322366807609,-0.6309903264045715,0.1016430929303169
BAAI/bge-m3,en,152,marker_pool,0.569835364818573,-0.0759117156267166,-0.6562045216560364,0.0898589491844177
BAAI/bge-m3,en,153,marker_pool,0.5849428772926331,-0.0932104364037513,-0.6679257750511169,0.0348609611392021
BAAI/bge-m3,en,154,marker_pool,0.5435051918029785,-0.0924670621752739,-0.6156874299049377,0.0924343690276146
BAAI/bge-m3,en,155,marker_pool,0.571006178855896,-0.1245486065745353,-0.6066269874572754,0.0535032711923122
BAAI/bge-m3,en,156,marker_pool,0.5835622549057007,-0.1130205020308494,-0.6608110666275024,0.07816032320261
BAAI/bge-m3,en,157,marker_pool,0.3523851931095123,-0.1102451458573341,-0.6329654455184937,-0.1384728550910949
BAAI/bge-m3,en,158,marker_pool,0.5966708660125732,-0.1109591051936149,-0.6581431031227112,0.0279062017798423
BAAI/bge-m3,en,159,marker_pool,0.521400511264801,-0.0462739020586013,-0.6573261618614197,0.0218180157244205
BAAI/bge-m3,ru,0,marker_pool,0.0649509504437446,-0.4027795493602752,-0.4952057301998138,-0.4907986223697662
BAAI/bge-m3,ru,1,marker_pool,0.0635859072208404,-0.172179713845253,-0.5642443895339966,-0.3011120557785034
BAAI/bge-m3,ru,2,marker_pool,0.1460881680250167,-0.3775547444820404,-0.5541185736656189,-0.4252872765064239
BAAI/bge-m3,ru,3,marker_pool,0.2128393352031707,-0.0891386568546295,-0.4975340068340301,-0.2542692124843597
BAAI/bge-m3,ru,4,marker_pool,0.1997527629137039,-0.2454772442579269,-0.4093377888202667,-0.1511811167001724
BAAI/bge-m3,ru,5,marker_pool,0.1606397777795791,-0.2267911732196808,-0.4776668548583984,-0.2536213397979736
BAAI/bge-m3,ru,6,marker_pool,0.0961027219891548,-0.4070538580417633,-0.441249668598175,-0.5327165722846985
BAAI/bge-m3,ru,7,marker_pool,0.1127452254295349,-0.2708936035633087,-0.4206083416938782,-0.3952708840370178
BAAI/bge-m3,ru,8,marker_pool,0.0484139323234558,-0.2873235642910003,-0.5882160067558289,-0.3351376950740814
BAAI/bge-m3,ru,9,marker_pool,0.2079489082098007,-0.2254871129989624,-0.4093763828277588,-0.3208123445510864
BAAI/bge-m3,ru,10,marker_pool,0.0973098129034042,-0.2296893149614334,-0.4859093129634857,-0.3624113500118255
BAAI/bge-m3,ru,11,marker_pool,0.0890360921621322,-0.3224417269229889,-0.5461112260818481,-0.206219807267189
BAAI/bge-m3,ru,12,marker_pool,0.1884972900152206,-0.1926529705524444,-0.3814290761947632,-0.292420893907547
BAAI/bge-m3,ru,13,marker_pool,0.0848891884088516,-0.4610196948051452,-0.5709043741226196,-0.4099741876125335
BAAI/bge-m3,ru,14,marker_pool,0.2472934573888778,-0.1791942715644836,-0.4836179614067077,-0.1808493435382843
BAAI/bge-m3,ru,15,marker_pool,0.0652702897787094,-0.2117936313152313,-0.4777698218822479,-0.3668451309204101
BAAI/bge-m3,ru,16,marker_pool,0.0315807610750198,-0.3324029445648193,-0.4960799217224121,-0.326208084821701
BAAI/bge-m3,ru,17,marker_pool,0.1198503002524375,-0.2740608751773834,-0.4544936120510101,-0.2295371890068054
BAAI/bge-m3,ru,18,marker_pool,0.0885524004697799,-0.2917258143424988,-0.3773280382156372,-0.2814437747001648
BAAI/bge-m3,ru,19,marker_pool,0.1817009299993515,-0.2437544614076614,-0.5006130933761597,-0.1064565926790237
BAAI/bge-m3,ru,20,marker_pool,0.0765376538038253,-0.3519130051136017,-0.4868882894515991,-0.452949970960617
BAAI/bge-m3,ru,21,marker_pool,0.2131724804639816,-0.0902904793620109,-0.3405951559543609,-0.1371725499629974
BAAI/bge-m3,ru,22,marker_pool,0.2321275472640991,-0.3285280466079712,-0.4761222600936889,-0.1032755374908447
BAAI/bge-m3,ru,23,marker_pool,0.0884093940258026,-0.4085489511489868,-0.5039876103401184,-0.4189111292362213
BAAI/bge-m3,ru,24,marker_pool,0.2472710609436035,-0.1682579964399337,-0.4881531894207001,-0.2935207486152649
BAAI/bge-m3,ru,25,marker_pool,0.1347274035215377,-0.3992841243743896,-0.5417302846908569,-0.4199178516864776
BAAI/bge-m3,ru,26,marker_pool,0.180546149611473,-0.1996107548475265,-0.5024024248123169,-0.079879529774189
BAAI/bge-m3,ru,27,marker_pool,0.2472258359193802,-0.1463043242692947,-0.5013066530227661,-0.0618041642010211
BAAI/bge-m3,ru,28,marker_pool,0.0527702048420906,-0.3679820299148559,-0.550804078578949,-0.3594156205654144
BAAI/bge-m3,ru,29,marker_pool,0.0308485478162765,-0.4359068274497986,-0.5266495943069458,-0.3648160099983215
BAAI/bge-m3,ru,30,marker_pool,0.1265300065279007,-0.2484525293111801,-0.4990802407264709,-0.3522931933403015
BAAI/bge-m3,ru,31,marker_pool,0.1523373275995254,-0.258829802274704,-0.5118211507797241,-0.4243935942649841
BAAI/bge-m3,ru,32,marker_pool,0.1425147205591201,-0.2910723984241485,-0.4272433817386627,-0.2976752817630768
BAAI/bge-m3,ru,33,marker_pool,0.0644283443689346,-0.2182015925645828,-0.5867025256156921,-0.3466981053352356
BAAI/bge-m3,ru,34,marker_pool,0.134057879447937,-0.436573326587677,-0.5538240671157837,-0.4041797816753387
BAAI/bge-m3,ru,35,marker_pool,0.0251387692987918,-0.2266909778118133,-0.3691742718219757,-0.508475661277771
BAAI/bge-m3,ru,36,marker_pool,0.1760967820882797,-0.2472602277994156,-0.479585736989975,-0.2274517714977264
BAAI/bge-m3,ru,37,marker_pool,0.0445380210876464,-0.3126098811626434,-0.5911726951599121,-0.3601151704788208
BAAI/bge-m3,ru,38,marker_pool,0.1212747991085052,-0.2342788875102996,-0.3631371855735779,-0.4034895896911621
BAAI/bge-m3,ru,39,marker_pool,0.1130376085639,-0.4930148422718048,-0.5760257840156555,-0.3774921894073486
BAAI/bge-m3,ru,40,marker_pool,0.065668448805809,-0.4221339821815491,-0.5040221214294434,-0.5000508427619934
BAAI/bge-m3,ru,41,marker_pool,0.2213171571493148,-0.2404760718345642,-0.3887950479984283,-0.1717803925275802
BAAI/bge-m3,ru,42,marker_pool,0.1867740750312805,-0.1976452469825744,-0.4361856579780578,-0.383122056722641
BAAI/bge-m3,ru,43,marker_pool,0.0877390801906585,-0.1831759363412857,-0.4569638669490814,-0.3422719538211822
BAAI/bge-m3,ru,44,marker_pool,0.0856093019247055,-0.1735033839941024,-0.4570007920265198,-0.3020600378513336
BAAI/bge-m3,ru,45,marker_pool,0.1065889969468116,-0.2681172788143158,-0.5042031407356262,-0.4313765466213226
BAAI/bge-m3,ru,46,marker_pool,0.0988682955503463,-0.3553172051906585,-0.4230065047740936,-0.4688517153263092
BAAI/bge-m3,ru,47,marker_pool,0.0697188228368759,-0.2079597264528274,-0.5320172309875488,-0.3389392495155334
BAAI/bge-m3,ru,48,marker_pool,0.280213326215744,-0.0053957644850015,-0.5181078910827637,-0.3200771808624267
BAAI/bge-m3,ru,49,marker_pool,0.2496959716081619,-0.1927536725997924,-0.4050187170505523,-0.1422220170497894
BAAI/bge-m3,ru,50,marker_pool,0.1752183884382248,-0.0948628634214401,-0.5377902388572693,-0.211202472448349
BAAI/bge-m3,ru,51,marker_pool,0.2454102486371994,-0.1377477496862411,-0.4120991230010986,-0.1744530498981475
BAAI/bge-m3,ru,52,marker_pool,0.2344163060188293,-0.1619248688220977,-0.3979821801185608,-0.1574114561080932
BAAI/bge-m3,ru,53,marker_pool,0.1988046020269394,-0.1766309291124344,-0.474054217338562,-0.2727768421173095
BAAI/bge-m3,ru,54,marker_pool,0.1545862257480621,-0.1702187806367874,-0.571790337562561,-0.1628882884979248
BAAI/bge-m3,ru,55,marker_pool,0.3309956789016723,-0.133824422955513,-0.5391649603843689,-0.2335518896579742
BAAI/bge-m3,ru,56,marker_pool,0.2063886821269989,-0.2017794549465179,-0.3848681151866913,-0.1812585443258285
BAAI/bge-m3,ru,57,marker_pool,0.2222067862749099,-0.4217562973499298,-0.4802834093570709,-0.118000715970993
BAAI/bge-m3,ru,58,marker_pool,0.1616223305463791,-0.1243015602231025,-0.3551722764968872,-0.2792940437793731
BAAI/bge-m3,ru,59,marker_pool,0.1233539804816246,-0.2776366472244262,-0.3166970610618591,-0.2327167242765426
BAAI/bge-m3,ru,60,marker_pool,0.1076232120394706,-0.172407791018486,-0.415758341550827,-0.3579865097999573
BAAI/bge-m3,ru,61,marker_pool,0.1058652102947235,-0.1739959567785263,-0.375655323266983,-0.3442586958408355
BAAI/bge-m3,ru,62,marker_pool,0.1640916615724563,-0.1723202019929886,-0.433019608259201,-0.1161633655428886
BAAI/bge-m3,ru,63,marker_pool,0.1349294036626815,-0.1428339034318924,-0.5492287278175354,-0.2941423654556274
BAAI/bge-m3,ru,64,marker_pool,0.1396206021308899,-0.2165858447551727,-0.4889396727085113,-0.1944527328014373
BAAI/bge-m3,ru,65,marker_pool,0.1182855889201164,-0.2129015624523162,-0.3857648074626922,-0.3425108790397644
BAAI/bge-m3,ru,66,marker_pool,0.051737006753683,-0.222894549369812,-0.4631965458393097,-0.4570194780826568
BAAI/bge-m3,ru,67,marker_pool,0.0643959045410156,-0.2732688188552856,-0.388711154460907,-0.478344202041626
BAAI/bge-m3,ru,68,marker_pool,0.1370831131935119,-0.3336401283740997,-0.4852529168128967,-0.1980296373367309
BAAI/bge-m3,ru,69,marker_pool,0.1628828793764114,-0.233849748969078,-0.3378726840019226,-0.3458765149116516
BAAI/bge-m3,ru,70,marker_pool,0.1589402854442596,-0.1041283681988716,-0.4040366411209106,-0.2577033936977386
BAAI/bge-m3,ru,71,marker_pool,0.180608257651329,-0.2313282340764999,-0.5316128134727478,-0.2856932282447815
BAAI/bge-m3,ru,72,marker_pool,0.0957267135381698,-0.2659891545772552,-0.520735502243042,-0.3877942264080047
BAAI/bge-m3,ru,73,marker_pool,0.1585362404584884,-0.2049674093723297,-0.4737149178981781,-0.2266463339328766
BAAI/bge-m3,ru,74,marker_pool,0.0833552554249763,-0.3065994083881378,-0.5404950380325317,-0.4398554563522339
BAAI/bge-m3,ru,75,marker_pool,0.1749300956726074,-0.319808691740036,-0.5940630435943604,-0.3361568450927734
BAAI/bge-m3,ru,76,marker_pool,0.0765162035822868,-0.2534366548061371,-0.6045578122138977,-0.3695040643215179
BAAI/bge-m3,ru,77,marker_pool,0.1798659712076187,-0.172540932893753,-0.383038729429245,-0.2745379209518432
BAAI/bge-m3,ru,78,marker_pool,0.0846519544720649,-0.4626266360282898,-0.5786336064338684,-0.4614972472190857
BAAI/bge-m3,ru,79,marker_pool,0.1689367890357971,-0.1435812562704086,-0.5109677314758301,-0.2434675693511963
BAAI/bge-m3,ru,80,marker_pool,0.1575565338134765,-0.3212900161743164,-0.3806946873664856,-0.3572439849376678
BAAI/bge-m3,ru,81,marker_pool,0.1526951193809509,-0.2399850338697433,-0.3693001866340637,-0.3198984563350677
BAAI/bge-m3,ru,82,marker_pool,0.1028877049684524,-0.3154997527599334,-0.4686661660671234,-0.1737663447856903
BAAI/bge-m3,ru,83,marker_pool,0.0646012648940086,-0.3431605100631714,-0.5276806950569153,-0.3302710056304931
BAAI/bge-m3,ru,84,marker_pool,0.2358774840831756,-0.1066261976957321,-0.5037497282028198,-0.245097354054451
BAAI/bge-m3,ru,85,marker_pool,0.2031656205654144,-0.3208819031715393,-0.5205788016319275,-0.095054343342781
BAAI/bge-m3,ru,86,marker_pool,0.2167447358369827,-0.2460030168294906,-0.3606714606285095,-0.3174774646759033
BAAI/bge-m3,ru,87,marker_pool,0.0629915297031402,-0.330601692199707,-0.5136608481407166,-0.4151098132133484
BAAI/bge-m3,ru,88,marker_pool,0.0958049893379211,-0.3817168474197387,-0.4581632614135742,-0.510875403881073
BAAI/bge-m3,ru,89,marker_pool,0.2223996967077255,-0.3478823006153106,-0.4493741691112518,-0.1269031018018722
BAAI/bge-m3,ru,90,marker_pool,0.1086001023650169,-0.3362259566783905,-0.5415003895759583,-0.4145623445510864
BAAI/bge-m3,ru,91,marker_pool,0.0879500061273574,-0.4737042486667633,-0.5368652939796448,-0.2507132589817047
BAAI/bge-m3,ru,92,marker_pool,0.1836309731006622,-0.1078907027840614,-0.4780285358428955,-0.2801887094974518
BAAI/bge-m3,ru,93,marker_pool,0.1407927423715591,-0.4643357992172241,-0.5205358862876892,-0.2108047157526016
BAAI/bge-m3,ru,94,marker_pool,0.0987827703356742,-0.2855162024497986,-0.4438447952270508,-0.2499979585409164
BAAI/bge-m3,ru,95,marker_pool,0.0861399918794632,-0.2023842930793762,-0.499742180109024,-0.2986986637115478
BAAI/bge-m3,ru,96,marker_pool,0.1556035131216049,-0.229183942079544,-0.5354792475700378,-0.3663002848625183
BAAI/bge-m3,ru,97,marker_pool,0.1432321369647979,-0.175370842218399,-0.5763905048370361,-0.3004958927631378
BAAI/bge-m3,ru,98,marker_pool,0.1132004633545875,-0.2223072499036789,-0.4819019734859466,-0.2916290462017059
BAAI/bge-m3,ru,99,marker_pool,0.228115051984787,-0.1408710032701492,-0.6052805781364441,-0.2247817367315292
BAAI/bge-m3,ru,100,marker_pool,0.133333146572113,-0.2392779290676117,-0.354423314332962,-0.2587100863456726
BAAI/bge-m3,ru,101,marker_pool,0.1980335712432861,-0.1771841347217559,-0.4746646881103515,-0.1855628788471222
BAAI/bge-m3,ru,102,marker_pool,0.1854098290205001,-0.2955426871776581,-0.5015079379081726,-0.1891646832227707
BAAI/bge-m3,ru,103,marker_pool,0.0674810409545898,-0.3144921362400055,-0.4552532136440277,-0.3950192928314209
BAAI/bge-m3,ru,104,marker_pool,0.0531721673905849,-0.4180307984352112,-0.5836724638938904,-0.2693606317043304
BAAI/bge-m3,ru,105,marker_pool,0.0669373348355293,-0.1695353984832763,-0.4907313883304596,-0.4189155101776123
BAAI/bge-m3,ru,106,marker_pool,0.1981368064880371,-0.4655713140964508,-0.4174529314041137,-0.2187037914991378
BAAI/bge-m3,ru,107,marker_pool,0.0651090592145919,-0.3429282903671264,-0.4408009350299835,-0.3829511404037475
BAAI/bge-m3,ru,108,marker_pool,0.1972873508930206,-0.1279427260160446,-0.5746718049049377,-0.1488152295351028
BAAI/bge-m3,ru,109,marker_pool,0.0340604707598686,-0.1491044163703918,-0.4818178713321686,-0.4535983800888061
BAAI/bge-m3,ru,110,marker_pool,0.2729747295379638,-0.2665202915668487,-0.5156475305557251,-0.1509065926074981
BAAI/bge-m3,ru,111,marker_pool,0.1840260773897171,-0.3031171560287475,-0.325895220041275,-0.1474065035581588
BAAI/bge-m3,ru,112,marker_pool,0.1530869603157043,-0.2150663435459137,-0.4747300744056701,-0.2367215156555175
BAAI/bge-m3,ru,113,marker_pool,0.2544052302837372,-0.2626107335090637,-0.4656660258769989,-0.1127918064594268
BAAI/bge-m3,ru,114,marker_pool,0.0661799907684326,-0.2689965963363647,-0.3847365081310272,-0.4464607834815979
BAAI/bge-m3,ru,115,marker_pool,0.1932915151119232,-0.401170551776886,-0.5046340227127075,-0.2814599573612213
BAAI/bge-m3,ru,116,marker_pool,0.137212187051773,-0.280608206987381,-0.5414702892303467,-0.1790630221366882
BAAI/bge-m3,ru,117,marker_pool,0.0279963593930006,-0.2829778790473938,-0.5286938548088074,-0.3326491117477417
BAAI/bge-m3,ru,118,marker_pool,0.2375818341970443,-0.2178282290697097,-0.4190713167190552,-0.1357522308826446
BAAI/bge-m3,ru,119,marker_pool,0.1632866263389587,-0.3574040234088897,-0.5470520257949829,-0.4442349076271057
BAAI/bge-m3,ru,120,marker_pool,0.0527774356305599,-0.2145504504442215,-0.4916006028652191,-0.4365764856338501
BAAI/bge-m3,ru,121,marker_pool,0.1111890003085136,-0.0716511234641075,-0.4126772284507751,-0.3635542094707489
BAAI/bge-m3,ru,122,marker_pool,0.0800443738698959,-0.2383488416671753,-0.5545545220375061,-0.3839884400367737
BAAI/bge-m3,ru,123,marker_pool,0.1127892136573791,-0.2594096958637237,-0.4627108871936798,-0.2804254293441772
BAAI/bge-m3,ru,124,marker_pool,0.1787249743938446,-0.3317407667636871,-0.4346005022525787,-0.1246307715773582
BAAI/bge-m3,ru,125,marker_pool,0.1086735874414444,-0.1472730785608291,-0.4431206583976745,-0.3311589360237121
BAAI/bge-m3,ru,126,marker_pool,0.2769769430160522,-0.1762439012527465,-0.4455001652240753,-0.1617326140403747
BAAI/bge-m3,ru,127,marker_pool,0.1225178092718124,-0.1923002302646637,-0.4818764626979828,-0.1380224078893661
BAAI/bge-m3,ru,128,marker_pool,0.0655969083309173,-0.3705207109451294,-0.4927245676517486,-0.4655595421791076
BAAI/bge-m3,ru,129,marker_pool,0.1280776411294937,-0.025434972718358,-0.5052249431610107,-0.4326949417591095
BAAI/bge-m3,ru,130,marker_pool,0.0646956339478492,-0.4113073647022247,-0.555246889591217,-0.4006610214710235
BAAI/bge-m3,ru,131,marker_pool,0.2660522162914276,-0.284075915813446,-0.5365614295005798,-0.0420356281101703
BAAI/bge-m3,ru,132,marker_pool,0.0589473024010658,-0.3317178785800934,-0.4761920273303985,-0.3794106245040893
BAAI/bge-m3,ru,133,marker_pool,0.0887908637523651,-0.2815788388252258,-0.5362864136695862,-0.4018322229385376
BAAI/bge-m3,ru,134,marker_pool,0.1174137145280838,-0.383681446313858,-0.4957362711429596,-0.2468778192996978
BAAI/bge-m3,ru,135,marker_pool,0.0986852422356605,-0.2604708671569824,-0.4677689969539642,-0.4561087489128113
BAAI/bge-m3,ru,136,marker_pool,0.1236674413084983,-0.2731135487556457,-0.2886147499084472,-0.311062216758728
BAAI/bge-m3,ru,137,marker_pool,0.0496377572417259,-0.3092153370380401,-0.5339089632034302,-0.3448762595653534
BAAI/bge-m3,ru,138,marker_pool,0.2930408120155334,-0.0376280210912227,-0.4655443131923675,-0.2179725468158722
BAAI/bge-m3,ru,139,marker_pool,0.2306625545024871,-0.1840953528881073,-0.4146916270256042,-0.1988075375556945
BAAI/bge-m3,ru,140,marker_pool,0.0783193632960319,-0.2960356175899505,-0.5145366191864014,-0.3133687376976013
BAAI/bge-m3,ru,141,marker_pool,0.1036930903792381,-0.1888629347085952,-0.4392755031585693,-0.4488596320152282
BAAI/bge-m3,ru,142,marker_pool,0.0952833443880081,-0.1771009415388107,-0.4971001744270324,-0.2813893258571625
BAAI/bge-m3,ru,143,marker_pool,0.0373340621590614,-0.3244267106056213,-0.5464917421340942,-0.3236778974533081
BAAI/bge-m3,ru,144,marker_pool,0.0787495151162147,-0.4301957488059997,-0.4782270491123199,-0.375423789024353
BAAI/bge-m3,ru,145,marker_pool,0.0616602003574371,-0.1952315419912338,-0.5114790201187134,-0.3783247172832489
BAAI/bge-m3,ru,146,marker_pool,0.213492289185524,-0.2188341468572616,-0.4094361960887909,-0.1530875414609909
BAAI/bge-m3,ru,147,marker_pool,0.2207386046648025,-0.1742425262928009,-0.4900170862674713,-0.1163842901587486
BAAI/bge-m3,ru,148,marker_pool,0.14444400370121,-0.0931722596287727,-0.5049242973327637,-0.3826605677604675
BAAI/bge-m3,ru,149,marker_pool,0.1888703256845474,-0.0919188410043716,-0.4698109030723572,-0.2025426924228668
BAAI/bge-m3,ru,150,marker_pool,0.1454831659793853,-0.3650642037391662,-0.5117719769477844,-0.2436527758836746
BAAI/bge-m3,ru,151,marker_pool,0.138785257935524,-0.3639755547046661,-0.4618569016456604,-0.1179824769496917
BAAI/bge-m3,ru,152,marker_pool,0.039362084120512,-0.2110407501459121,-0.4289033114910126,-0.3931526243686676
BAAI/bge-m3,ru,153,marker_pool,0.0404734089970588,-0.3558221459388733,-0.5090232491493225,-0.3596912026405334
BAAI/bge-m3,ru,154,marker_pool,0.1699801385402679,-0.1110581681132316,-0.4188902080059051,-0.1668819338083267
BAAI/bge-m3,ru,155,marker_pool,0.162423089146614,-0.1573886722326278,-0.4825830161571502,-0.3842033743858337
BAAI/bge-m3,ru,156,marker_pool,0.0653893873095512,-0.238251730799675,-0.347505658864975,-0.5302770137786865
BAAI/bge-m3,ru,157,marker_pool,0.0764824002981185,-0.4690142869949341,-0.449852705001831,-0.4617111980915069
BAAI/bge-m3,ru,158,marker_pool,0.2052960097789764,-0.103439524769783,-0.4877285361289978,-0.152997612953186
BAAI/bge-m3,ru,159,marker_pool,0.055570013821125,-0.418386161327362,-0.481173574924469,-0.5244316458702087
BAAI/bge-m3,zh,0,marker_pool,0.1398613452911377,-0.2049625813961029,-0.8586840629577637,-0.440289705991745
BAAI/bge-m3,zh,1,marker_pool,0.1046217530965805,-0.242500364780426,-0.8484049439430237,-0.4017646312713623
BAAI/bge-m3,zh,2,marker_pool,0.1276746541261673,-0.2104447782039642,-0.8503314256668091,-0.392869621515274
BAAI/bge-m3,zh,3,marker_pool,0.1189312189817428,-0.2421954572200775,-0.8896798491477966,-0.4353432953357696
BAAI/bge-m3,zh,4,marker_pool,0.1005135774612426,-0.2801206409931183,-0.860953688621521,-0.448058009147644
BAAI/bge-m3,zh,5,marker_pool,0.134661927819252,-0.1515358835458755,-0.8478019833564758,-0.4052649736404419
BAAI/bge-m3,zh,6,marker_pool,0.1190556809306144,-0.1702473908662796,-0.8609117865562439,-0.3392025232315063
BAAI/bge-m3,zh,7,marker_pool,0.0941535234451294,-0.3091904520988464,-0.8807977437973022,-0.4760836660861969
BAAI/bge-m3,zh,8,marker_pool,0.0887693464756012,-0.2586275637149811,-0.8863311409950256,-0.4656101167201996
BAAI/bge-m3,zh,9,marker_pool,0.1099315583705902,-0.203537568449974,-0.8664376139640808,-0.4548394680023193
BAAI/bge-m3,zh,10,marker_pool,0.147404059767723,-0.2496125996112823,-0.8648473620414734,-0.4667473435401916
BAAI/bge-m3,zh,11,marker_pool,0.0799336358904838,-0.3795523941516876,-0.8706927299499512,-0.538532555103302
BAAI/bge-m3,zh,12,marker_pool,0.1066389679908752,-0.2481019496917724,-0.8693367838859558,-0.4836989641189575
BAAI/bge-m3,zh,13,marker_pool,0.1196341067552566,-0.1737103313207626,-0.8587547540664673,-0.4680040776729584
BAAI/bge-m3,zh,14,marker_pool,0.1049926131963729,-0.2899345159530639,-0.8655021786689758,-0.4341815412044525
BAAI/bge-m3,zh,15,marker_pool,0.1218144744634628,-0.2606466710567474,-0.8811205625534058,-0.4336344599723816
BAAI/bge-m3,zh,16,marker_pool,0.0858653262257576,-0.3301991820335388,-0.8732582330703735,-0.4798768162727356
BAAI/bge-m3,zh,17,marker_pool,0.1092287823557853,-0.2286519706249237,-0.8732699751853943,-0.4316977858543396
BAAI/bge-m3,zh,18,marker_pool,0.1086549088358879,-0.1903401613235473,-0.8768412470817566,-0.4738126099109649
BAAI/bge-m3,zh,19,marker_pool,0.1082460209727287,-0.2212777435779571,-0.8518022894859314,-0.3731073141098022
BAAI/bge-m3,zh,20,marker_pool,0.1269825100898742,-0.1635765135288238,-0.8478323221206665,-0.4106040298938751
BAAI/bge-m3,zh,21,marker_pool,0.1060999408364296,-0.2336957156658172,-0.8503342866897583,-0.3954634070396423
BAAI/bge-m3,zh,22,marker_pool,0.1018483191728591,-0.2397003322839737,-0.8612398505210876,-0.4274573624134063
BAAI/bge-m3,zh,23,marker_pool,0.1431716978549957,-0.24648018181324,-0.8841498494148254,-0.4617538452148437
BAAI/bge-m3,zh,24,marker_pool,0.0983400717377662,-0.3947383165359497,-0.8770729899406433,-0.5148689150810242
BAAI/bge-m3,zh,25,marker_pool,0.1276393681764602,-0.1689105480909347,-0.8420405387878418,-0.4056048989295959
BAAI/bge-m3,zh,26,marker_pool,0.105792298913002,-0.2839183509349823,-0.8747816681861877,-0.4662368595600128
BAAI/bge-m3,zh,27,marker_pool,0.1384821683168411,-0.2660861015319824,-0.8586201667785645,-0.5152038335800171
BAAI/bge-m3,zh,28,marker_pool,0.1095247119665145,-0.2139887660741806,-0.8869147300720215,-0.3992888033390045
BAAI/bge-m3,zh,29,marker_pool,0.1425921469926834,-0.1725266277790069,-0.8529137372970581,-0.4449081718921661
BAAI/bge-m3,zh,30,marker_pool,0.1036173105239868,-0.2746483981609344,-0.8608048558235168,-0.4918597340583801
BAAI/bge-m3,zh,31,marker_pool,0.0995907485485076,-0.2688053250312805,-0.863320529460907,-0.4470868408679962
BAAI/bge-m3,zh,32,marker_pool,0.1065996438264846,-0.2733429074287414,-0.8593043088912964,-0.4749235212802887
BAAI/bge-m3,zh,33,marker_pool,0.1328133791685104,-0.178883284330368,-0.8707346320152283,-0.3772361576557159
BAAI/bge-m3,zh,34,marker_pool,0.1202896535396575,-0.196146547794342,-0.8688706755638123,-0.4273786842823028
BAAI/bge-m3,zh,35,marker_pool,0.1194220036268234,-0.2743766903877258,-0.8889847993850708,-0.4309113025665283
BAAI/bge-m3,zh,36,marker_pool,0.1433213651180267,-0.1167789250612258,-0.8382319808006287,-0.4143146276473999
BAAI/bge-m3,zh,37,marker_pool,0.1122981458902359,-0.2230832278728485,-0.8480691909790039,-0.4806938171386719
BAAI/bge-m3,zh,38,marker_pool,0.1329153925180435,-0.1599566489458084,-0.8279845118522644,-0.3757059276103973
BAAI/bge-m3,zh,39,marker_pool,0.1068857014179229,-0.1751701235771179,-0.8489852547645569,-0.3735054135322571
BAAI/bge-m3,zh,40,marker_pool,0.1157191544771194,-0.2832303047180176,-0.8277657628059387,-0.4061915278434753
BAAI/bge-m3,zh,41,marker_pool,0.1406757086515426,-0.2153171151876449,-0.8794583082199097,-0.4688001275062561
BAAI/bge-m3,zh,42,marker_pool,0.0683159455657005,-0.3259259164333343,-0.8774506449699402,-0.4792808890342712
BAAI/bge-m3,zh,43,marker_pool,0.1190146133303642,-0.1746159642934799,-0.8399051427841187,-0.3647939562797546
BAAI/bge-m3,zh,44,marker_pool,0.0894600450992584,-0.2755124866962433,-0.8626991510391235,-0.4601199924945831
BAAI/bge-m3,zh,45,marker_pool,0.1091898754239082,-0.2310334742069244,-0.8320425748825073,-0.370152860879898
BAAI/bge-m3,zh,46,marker_pool,0.1116517484188079,-0.2442682236433029,-0.8712021708488464,-0.4295259118080139
BAAI/bge-m3,zh,47,marker_pool,0.1221055835485458,-0.2159854620695114,-0.8662122488021851,-0.428918182849884
BAAI/bge-m3,zh,48,marker_pool,0.1241880357265472,-0.1509934663772583,-0.862128496170044,-0.3375185430049896
BAAI/bge-m3,zh,49,marker_pool,0.1078371405601501,-0.1949335038661956,-0.8353018760681152,-0.3533776104450226
BAAI/bge-m3,zh,50,marker_pool,0.1229325085878372,-0.2302566170692443,-0.8464635014533997,-0.4546524882316589
BAAI/bge-m3,zh,51,marker_pool,0.1266811937093734,-0.132121741771698,-0.8468567132949829,-0.3937201499938965
BAAI/bge-m3,zh,52,marker_pool,0.1111350134015083,-0.2412684112787246,-0.8795580863952637,-0.4367567598819732
BAAI/bge-m3,zh,53,marker_pool,0.1227709949016571,-0.1476819217205047,-0.8429444432258606,-0.3719711005687713
BAAI/bge-m3,zh,54,marker_pool,0.1049642711877822,-0.2401319295167923,-0.8765266537666321,-0.4120860993862152
BAAI/bge-m3,zh,55,marker_pool,0.1325743198394775,-0.1577392965555191,-0.8680806756019592,-0.4592180252075195
BAAI/bge-m3,zh,56,marker_pool,0.1265958100557327,-0.1705087721347808,-0.8374596834182739,-0.3942960202693939
BAAI/bge-m3,zh,57,marker_pool,0.1086302548646926,-0.2498622834682464,-0.8409578800201416,-0.4291109144687652
BAAI/bge-m3,zh,58,marker_pool,0.1021551713347435,-0.2418515682220459,-0.836317241191864,-0.3776633739471435
BAAI/bge-m3,zh,59,marker_pool,0.1256730109453201,-0.2848665416240692,-0.8774694800376892,-0.457780510187149
BAAI/bge-m3,zh,60,marker_pool,0.128150925040245,-0.1732590347528457,-0.8631402850151062,-0.465090662240982
BAAI/bge-m3,zh,61,marker_pool,0.0823941454291343,-0.263501763343811,-0.8713842630386353,-0.4128225743770599
BAAI/bge-m3,zh,62,marker_pool,0.1005893647670745,-0.3005621135234833,-0.8525033593177795,-0.471450924873352
BAAI/bge-m3,zh,63,marker_pool,0.132244274020195,-0.1489189863204956,-0.8538922667503357,-0.4242573380470276
BAAI/bge-m3,zh,64,marker_pool,0.1218682751059532,-0.2722313106060028,-0.8549175262451172,-0.3954253494739532
BAAI/bge-m3,zh,65,marker_pool,0.1246511861681938,-0.1643829345703125,-0.8459394574165344,-0.3522700369358063
BAAI/bge-m3,zh,66,marker_pool,0.116625964641571,-0.1694028973579406,-0.8620924949645996,-0.4110858142375946
BAAI/bge-m3,zh,67,marker_pool,0.1148537620902061,-0.2662567794322967,-0.8823842406272888,-0.5117425918579102
BAAI/bge-m3,zh,68,marker_pool,0.1342207491397857,-0.2689432501792907,-0.8570021390914917,-0.4646958112716675
BAAI/bge-m3,zh,69,marker_pool,0.1031036972999572,-0.2062234282493591,-0.8528091907501221,-0.4281399846076965
BAAI/bge-m3,zh,70,marker_pool,0.1043496429920196,-0.213872417807579,-0.8582302331924438,-0.3860144913196563
BAAI/bge-m3,zh,71,marker_pool,0.0966149866580963,-0.3057033717632293,-0.8624141812324524,-0.4560084342956543
BAAI/bge-m3,zh,72,marker_pool,0.1107046604156494,-0.2292348891496658,-0.8915097713470459,-0.4726704657077789
BAAI/bge-m3,zh,73,marker_pool,0.1246891170740127,-0.1336853355169296,-0.8503084778785706,-0.3895299136638641
BAAI/bge-m3,zh,74,marker_pool,0.1182079762220382,-0.3191073536872864,-0.8733434677124023,-0.4787736237049103
BAAI/bge-m3,zh,75,marker_pool,0.1129761263728141,-0.3159582316875458,-0.8951756358146667,-0.4700116813182831
BAAI/bge-m3,zh,76,marker_pool,0.119657851755619,-0.1874891817569732,-0.8658441305160522,-0.3636201322078705
BAAI/bge-m3,zh,77,marker_pool,0.0965670868754386,-0.2475972175598144,-0.8580846190452576,-0.4112781286239624
BAAI/bge-m3,zh,78,marker_pool,0.098531350493431,-0.222082033753395,-0.8748512268066406,-0.4540529251098633
BAAI/bge-m3,zh,79,marker_pool,0.1173455268144607,-0.1537136286497116,-0.8345861434936523,-0.4343196451663971
BAAI/bge-m3,zh,80,marker_pool,0.1150986403226852,-0.2826434373855591,-0.8670620322227478,-0.4680076539516449
BAAI/bge-m3,zh,81,marker_pool,0.1036994606256485,-0.3343191146850586,-0.872868001461029,-0.471391886472702
BAAI/bge-m3,zh,82,marker_pool,0.1105213388800621,-0.292038232088089,-0.8918372392654419,-0.4329819679260254
BAAI/bge-m3,zh,83,marker_pool,0.1021685376763343,-0.2243060618638992,-0.856420636177063,-0.4287895262241363
BAAI/bge-m3,zh,84,marker_pool,0.1183899566531181,-0.2491049915552139,-0.8403270244598389,-0.3980920910835266
BAAI/bge-m3,zh,85,marker_pool,0.1267453134059906,-0.3056680262088775,-0.899165689945221,-0.4570011496543884
BAAI/bge-m3,zh,86,marker_pool,0.0911584571003913,-0.2328984886407852,-0.8550326228141785,-0.4521549940109253
BAAI/bge-m3,zh,87,marker_pool,0.1124542206525802,-0.2718279659748077,-0.8870763778686523,-0.4322835505008697
BAAI/bge-m3,zh,88,marker_pool,0.114118792116642,-0.3462918698787689,-0.8848997950553894,-0.4910397827625274
BAAI/bge-m3,zh,89,marker_pool,0.1054156497120857,-0.1620102077722549,-0.8691149950027466,-0.42479407787323
BAAI/bge-m3,zh,90,marker_pool,0.1125426441431045,-0.2718365490436554,-0.8887779116630554,-0.4983783662319183
BAAI/bge-m3,zh,91,marker_pool,0.1228440701961517,-0.2052989900112152,-0.8647159337997437,-0.3959231972694397
BAAI/bge-m3,zh,92,marker_pool,0.0893827155232429,-0.2796011865139007,-0.8710975050926208,-0.4549524486064911
BAAI/bge-m3,zh,93,marker_pool,0.1030231714248657,-0.2101527899503708,-0.8735432624816895,-0.417273998260498
BAAI/bge-m3,zh,94,marker_pool,0.1235100328922271,-0.2147623002529144,-0.8696830868721008,-0.373709499835968
BAAI/bge-m3,zh,95,marker_pool,0.0906689241528511,-0.2579089403152466,-0.8657901883125305,-0.4441498816013336
BAAI/bge-m3,zh,96,marker_pool,0.1011156886816024,-0.2365726679563522,-0.8819190859794617,-0.4120920598506927
BAAI/bge-m3,zh,97,marker_pool,0.1078610122203826,-0.2825117707252502,-0.8909638524055481,-0.4740192592144012
BAAI/bge-m3,zh,98,marker_pool,0.120211474597454,-0.2178676277399063,-0.8624638319015503,-0.4350714683532715
BAAI/bge-m3,zh,99,marker_pool,0.1081545576453208,-0.3517087697982788,-0.8767477869987488,-0.5195733904838562
BAAI/bge-m3,zh,100,marker_pool,0.1190868988633155,-0.154128298163414,-0.8604889512062073,-0.4563506245613098
BAAI/bge-m3,zh,101,marker_pool,0.1404915452003479,-0.185001403093338,-0.8423877358436584,-0.4872974455356598
BAAI/bge-m3,zh,102,marker_pool,0.1066278517246246,-0.3280363976955414,-0.87762051820755,-0.441216230392456
BAAI/bge-m3,zh,103,marker_pool,0.1306171268224716,-0.2424792796373367,-0.8657022714614868,-0.4761119484901428
BAAI/bge-m3,zh,104,marker_pool,0.1234396696090698,-0.135244145989418,-0.8470277786254883,-0.3754582107067108
BAAI/bge-m3,zh,105,marker_pool,0.1263540834188461,-0.1960564106702804,-0.8873400092124939,-0.4062600433826446
BAAI/bge-m3,zh,106,marker_pool,0.1084054931998252,-0.3242077529430389,-0.8798845410346985,-0.4833405613899231
BAAI/bge-m3,zh,107,marker_pool,0.1354293823242187,-0.2130343616008758,-0.8433072566986084,-0.4269242882728576
BAAI/bge-m3,zh,108,marker_pool,0.1292335540056228,-0.2659006714820862,-0.8501878380775452,-0.4592042565345764
BAAI/bge-m3,zh,109,marker_pool,0.1106907650828361,-0.1947210878133773,-0.8952212929725647,-0.3807904720306396
BAAI/bge-m3,zh,110,marker_pool,0.1088902354240417,-0.2254489958286285,-0.8788855671882629,-0.402288943529129
BAAI/bge-m3,zh,111,marker_pool,0.1190786436200141,-0.2860245704650879,-0.8581968545913696,-0.487027496099472
BAAI/bge-m3,zh,112,marker_pool,0.1204807460308075,-0.2133154869079589,-0.8886834383010864,-0.4876370131969452
BAAI/bge-m3,zh,113,marker_pool,0.1134314760565757,-0.2237327843904495,-0.8310109972953796,-0.4080498814582824
BAAI/bge-m3,zh,114,marker_pool,0.1006350964307785,-0.3196002542972564,-0.8939864039421082,-0.4951846301555633
BAAI/bge-m3,zh,115,marker_pool,0.0799201503396034,-0.2461228221654892,-0.886000394821167,-0.4497849643230438
BAAI/bge-m3,zh,116,marker_pool,0.1138729676604271,-0.2317481637001037,-0.8413874506950378,-0.4066999852657318
BAAI/bge-m3,zh,117,marker_pool,0.1052827090024948,-0.2589083611965179,-0.8519514203071594,-0.4447506070137024
BAAI/bge-m3,zh,118,marker_pool,0.0965017527341842,-0.2837190628051758,-0.8616331219673157,-0.5126063227653503
BAAI/bge-m3,zh,119,marker_pool,0.1135210171341896,-0.2079722136259079,-0.8580611348152161,-0.4562219679355621
BAAI/bge-m3,zh,120,marker_pool,0.1226066723465919,-0.1760560870170593,-0.8594655394554138,-0.3560103178024292
BAAI/bge-m3,zh,121,marker_pool,0.1317369937896728,-0.1464832127094268,-0.8513699173927307,-0.4567627310752868
BAAI/bge-m3,zh,122,marker_pool,0.0975987762212753,-0.2631186544895172,-0.8967366814613342,-0.4791535139083862
BAAI/bge-m3,zh,123,marker_pool,0.1214152202010154,-0.3236300647258758,-0.8628588318824768,-0.4796904623508453
BAAI/bge-m3,zh,124,marker_pool,0.0756855234503746,-0.3199414610862732,-0.8754016160964966,-0.4691183567047119
BAAI/bge-m3,zh,125,marker_pool,0.1122266054153442,-0.2528535425662994,-0.8576633930206299,-0.4871920049190521
BAAI/bge-m3,zh,126,marker_pool,0.1015605255961418,-0.2480269074440002,-0.8828136324882507,-0.4140102565288543
BAAI/bge-m3,zh,127,marker_pool,0.1102203875780105,-0.2109884917736053,-0.8686578273773193,-0.470893383026123
BAAI/bge-m3,zh,128,marker_pool,0.1166595071554184,-0.2301192730665207,-0.8653968572616577,-0.3713854253292084
BAAI/bge-m3,zh,129,marker_pool,0.1023874655365943,-0.4230107963085174,-0.8935135006904602,-0.5186240077018738
BAAI/bge-m3,zh,130,marker_pool,0.1019075140357017,-0.2265486419200897,-0.8760178089141846,-0.4653422236442566
BAAI/bge-m3,zh,131,marker_pool,0.1033744812011718,-0.3192582428455353,-0.8935022354125977,-0.4616360664367676
BAAI/bge-m3,zh,132,marker_pool,0.1157666593790054,-0.2909498214721679,-0.8554625511169434,-0.4775642454624176
BAAI/bge-m3,zh,133,marker_pool,0.1092174276709556,-0.2781465649604797,-0.87446129322052,-0.4612243473529815
BAAI/bge-m3,zh,134,marker_pool,0.1158145070075988,-0.2469604760408401,-0.8389425873756409,-0.4606978297233581
BAAI/bge-m3,zh,135,marker_pool,0.1219954043626785,-0.2161286324262619,-0.8580217957496643,-0.4409460425376892
BAAI/bge-m3,zh,136,marker_pool,0.1270864307880401,-0.2451871037483215,-0.8523432612419128,-0.4522604644298553
BAAI/bge-m3,zh,137,marker_pool,0.0950125232338905,-0.2252193540334701,-0.8809042572975159,-0.4253487586975097
BAAI/bge-m3,zh,138,marker_pool,0.1152892932295799,-0.2426530122756958,-0.8651530742645264,-0.4613575637340545
BAAI/bge-m3,zh,139,marker_pool,0.0973261892795562,-0.223598450422287,-0.87992924451828,-0.4571437835693359
BAAI/bge-m3,zh,140,marker_pool,0.1302816569805145,-0.2339372038841247,-0.8645352125167847,-0.3815355598926544
BAAI/bge-m3,zh,141,marker_pool,0.1073436960577964,-0.1967242509126663,-0.8808538317680359,-0.4061465263366699
BAAI/bge-m3,zh,142,marker_pool,0.1163815632462501,-0.3370694518089294,-0.8866999745368958,-0.4782168269157409
BAAI/bge-m3,zh,143,marker_pool,0.1431758254766464,-0.193790853023529,-0.8715240359306335,-0.5170307755470276
BAAI/bge-m3,zh,144,marker_pool,0.1121279299259185,-0.2625354826450348,-0.8875109553337097,-0.4435805678367615
BAAI/bge-m3,zh,145,marker_pool,0.0948858931660652,-0.2809416651725769,-0.8850195407867432,-0.4265890121459961
BAAI/bge-m3,zh,146,marker_pool,0.1238201931118965,-0.288132756948471,-0.8733879327774048,-0.4659013450145721
BAAI/bge-m3,zh,147,marker_pool,0.095796599984169,-0.2909595668315887,-0.8821512460708618,-0.4771743714809418
BAAI/bge-m3,zh,148,marker_pool,0.1141703948378562,-0.3613623082637787,-0.8873868584632874,-0.5049101114273071
BAAI/bge-m3,zh,149,marker_pool,0.0963386073708534,-0.2759160697460174,-0.8795427083969116,-0.4474351704120636
BAAI/bge-m3,zh,150,marker_pool,0.1131548658013343,-0.2251646667718887,-0.8508920669555664,-0.3796790838241577
BAAI/bge-m3,zh,151,marker_pool,0.1201532483100891,-0.3348034024238586,-0.8667028546333313,-0.4862278699874878
BAAI/bge-m3,zh,152,marker_pool,0.1002338156104087,-0.2893324792385101,-0.8579732179641724,-0.4629071354866028
BAAI/bge-m3,zh,153,marker_pool,0.1130481138825416,-0.2613192498683929,-0.8620098233222961,-0.4605046212673187
BAAI/bge-m3,zh,154,marker_pool,0.1044529825448989,-0.2546201646327972,-0.884541928768158,-0.4175955057144165
BAAI/bge-m3,zh,155,marker_pool,0.1138266026973724,-0.30571049451828,-0.8866482377052307,-0.4952963590621948
BAAI/bge-m3,zh,156,marker_pool,0.1553542017936706,-0.260576456785202,-0.8437916040420532,-0.5205752849578857
BAAI/bge-m3,zh,157,marker_pool,0.1380609720945358,-0.2131586074829101,-0.859799861907959,-0.4601580500602722
BAAI/bge-m3,zh,158,marker_pool,0.1082112863659858,-0.154920145869255,-0.856519341468811,-0.3841814696788788
BAAI/bge-m3,zh,159,marker_pool,0.1283463835716247,-0.2658709585666656,-0.8745754957199097,-0.4501568377017975
bert-base-multilingual-cased,en,0,mean_pool,0.1852336674928665,-0.2936208546161651,-0.6972172856330872,-0.0843249037861824
bert-base-multilingual-cased,en,1,mean_pool,0.2673987746238708,-0.1747180223464965,-0.8170453310012817,-0.0020577784162014
bert-base-multilingual-cased,en,2,mean_pool,0.2656485438346863,-0.1937271207571029,-0.7415491938591003,-0.1949657648801803
bert-base-multilingual-cased,en,3,mean_pool,0.2662176787853241,-0.314464807510376,-0.6675737500190735,-0.3786706924438476
bert-base-multilingual-cased,en,4,mean_pool,0.2477448433637619,-0.1876441240310669,-0.721267580986023,-0.3194562792778015
bert-base-multilingual-cased,en,5,mean_pool,0.2660581171512604,-0.1351616233587265,-0.780378520488739,-0.3479532599449157
bert-base-multilingual-cased,en,6,mean_pool,0.2484052032232284,-0.2587896287441253,-0.7357640862464905,-0.1137106195092201
bert-base-multilingual-cased,en,7,mean_pool,0.2111769169569015,-0.250309407711029,-0.6927508115768433,-0.2460105866193771
bert-base-multilingual-cased,en,8,mean_pool,0.2804119288921356,-0.1507695615291595,-0.7433478832244873,-0.1010221391916275
bert-base-multilingual-cased,en,9,mean_pool,0.2594960927963257,-0.0742937177419662,-0.7428151965141296,-0.1197041198611259
bert-base-multilingual-cased,en,10,mean_pool,0.2033117562532425,-0.207555890083313,-0.7084314227104187,-0.1188925951719284
bert-base-multilingual-cased,en,11,mean_pool,0.3071230351924896,-0.1171790584921836,-0.8168827295303345,-0.1927817463874817
bert-base-multilingual-cased,en,12,mean_pool,0.1877552270889282,-0.3163493275642395,-0.747398316860199,-0.0874435752630233
bert-base-multilingual-cased,en,13,mean_pool,0.2294677197933197,-0.1935996413230896,-0.639765202999115,-0.2358675897121429
bert-base-multilingual-cased,en,14,mean_pool,0.2134131491184234,-0.2057476043701172,-0.7102777361869812,-0.19509819149971
bert-base-multilingual-cased,en,15,mean_pool,0.3063725233078003,-0.3317071199417114,-0.7790282368659973,-0.1539627015590667
bert-base-multilingual-cased,en,16,mean_pool,0.2306603193283081,-0.206772580742836,-0.644602358341217,-0.2295495718717575
bert-base-multilingual-cased,en,17,mean_pool,0.187458336353302,-0.2105164974927902,-0.6346397995948792,-0.0987222120165824
bert-base-multilingual-cased,en,18,mean_pool,0.258769690990448,-0.1723680198192596,-0.6863396167755127,-0.2401486337184906
bert-base-multilingual-cased,en,19,mean_pool,0.3208495676517486,-0.2564152777194977,-0.8431801795959473,-0.2763704061508178
bert-base-multilingual-cased,en,20,mean_pool,0.2158434987068176,-0.2544916272163391,-0.7559165358543396,-0.2858488261699676
bert-base-multilingual-cased,en,21,mean_pool,0.2007990777492523,-0.2851300835609436,-0.68071049451828,-0.1893717497587204
bert-base-multilingual-cased,en,22,mean_pool,0.3281386494636535,-0.1129566207528114,-0.8000630140304565,-0.2333564758300781
bert-base-multilingual-cased,en,23,mean_pool,0.2514434456825256,-0.1839177310466766,-0.6984741687774658,-0.2934759557247162
bert-base-multilingual-cased,en,24,mean_pool,0.2857151925563812,-0.0631450414657592,-0.7802654504776001,-0.197406530380249
bert-base-multilingual-cased,en,25,mean_pool,0.2396373003721237,-0.2288557291030883,-0.7217200398445129,-0.1530122309923172
bert-base-multilingual-cased,en,26,mean_pool,0.2601260840892792,-0.1631290763616562,-0.7108325958251953,-0.2430515140295028
bert-base-multilingual-cased,en,27,mean_pool,0.2743811011314392,-0.343503475189209,-0.7415533661842346,-0.1894024163484573
bert-base-multilingual-cased,en,28,mean_pool,0.3432868421077728,-0.0325888209044933,-0.737745463848114,-0.0319995768368244
bert-base-multilingual-cased,en,29,mean_pool,0.3276811838150024,-0.0402732491493225,-0.7665060758590698,-0.2814157009124756
bert-base-multilingual-cased,en,30,mean_pool,0.2542805671691894,-0.1043794974684715,-0.7544155716896057,-0.1649265736341476
bert-base-multilingual-cased,en,31,mean_pool,0.2765622735023498,-0.3482987880706787,-0.7524750232696533,-0.131040558218956
bert-base-multilingual-cased,en,32,mean_pool,0.2457007765769958,-0.3320894241333008,-0.7622527480125427,-0.1708437502384185
bert-base-multilingual-cased,en,33,mean_pool,0.260225772857666,-0.2403335571289062,-0.6431605219841003,-0.3673126101493835
bert-base-multilingual-cased,en,34,mean_pool,0.2401206940412521,-0.1251333057880401,-0.651953399181366,-0.1139385849237442
bert-base-multilingual-cased,en,35,mean_pool,0.2133230865001678,-0.0748584046959877,-0.7528020739555359,0.0141379153355956
bert-base-multilingual-cased,en,36,mean_pool,0.3306143283843994,-0.2019863128662109,-0.8064583539962769,-0.0434362813830375
bert-base-multilingual-cased,en,37,mean_pool,0.2015961110591888,-0.3292917907238006,-0.5579857230186462,-0.3041488528251648
bert-base-multilingual-cased,en,38,mean_pool,0.232957661151886,-0.1549829691648483,-0.7144680619239807,-0.2027066797018051
bert-base-multilingual-cased,en,39,mean_pool,0.222411960363388,-0.2372768074274063,-0.7800416946411133,-0.1691422164440155
bert-base-multilingual-cased,en,40,mean_pool,0.2614135444164276,-0.2004540711641311,-0.8018443584442139,-0.2989371418952942
bert-base-multilingual-cased,en,41,mean_pool,0.1872359216213226,-0.3253395855426788,-0.6938613057136536,-0.1044841334223747
bert-base-multilingual-cased,en,42,mean_pool,0.2812330722808838,-0.157474935054779,-0.7714490294456482,-0.2091904878616333
bert-base-multilingual-cased,en,43,mean_pool,0.2840746343135834,-0.3270750641822815,-0.7639932632446289,-0.2203835099935531
bert-base-multilingual-cased,en,44,mean_pool,0.2302048504352569,-0.189407929778099,-0.7259686589241028,-0.2042800337076187
bert-base-multilingual-cased,en,45,mean_pool,0.338833212852478,-0.2334843277931213,-0.7665696144104004,-0.1209750920534133
bert-base-multilingual-cased,en,46,mean_pool,0.1868504881858825,-0.1855217367410659,-0.7413100600242615,-0.0648358240723609
bert-base-multilingual-cased,en,47,mean_pool,0.2446350008249282,-0.0927717015147209,-0.6400867104530334,-0.0109323225915431
bert-base-multilingual-cased,en,48,mean_pool,0.1912024021148681,-0.264168381690979,-0.6871869564056396,-0.1171673685312271
bert-base-multilingual-cased,en,49,mean_pool,0.3022079467773437,-0.2115024030208587,-0.7821238040924072,-0.1634249836206436
bert-base-multilingual-cased,en,50,mean_pool,0.3379400670528412,-0.1565506607294082,-0.7476483583450317,-0.121352694928646
bert-base-multilingual-cased,en,51,mean_pool,0.2108525931835174,-0.3190313875675201,-0.6852518916130066,-0.3061186969280243
bert-base-multilingual-cased,en,52,mean_pool,0.2214957475662231,-0.3396762311458587,-0.7631253600120544,-0.2822563648223877
bert-base-multilingual-cased,en,53,mean_pool,0.2624811232089996,-0.0570990741252899,-0.781880259513855,-0.1338966637849807
bert-base-multilingual-cased,en,54,mean_pool,0.2685602605342865,-0.2744680941104889,-0.7398921847343445,-0.2638220489025116
bert-base-multilingual-cased,en,55,mean_pool,0.2430267333984375,-0.1980571448802948,-0.7005908489227295,-0.2718383073806762
bert-base-multilingual-cased,en,56,mean_pool,0.2556101381778717,-0.435219794511795,-0.7368569374084473,-0.1928513795137405
bert-base-multilingual-cased,en,57,mean_pool,0.2687222063541412,-0.2276909947395324,-0.7804955840110779,-0.0194133557379245
bert-base-multilingual-cased,en,58,mean_pool,0.2375995516777038,-0.1515208035707473,-0.7081875205039978,-0.2331728041172027
bert-base-multilingual-cased,en,59,mean_pool,0.2921634912490845,-0.0412441976368427,-0.8168405294418335,-0.2918921709060669
bert-base-multilingual-cased,en,60,mean_pool,0.2493328750133514,-0.1467733681201934,-0.8080092668533325,-0.147560641169548
bert-base-multilingual-cased,en,61,mean_pool,0.3253307640552521,-0.1101046800613403,-0.8471072912216187,-0.2913042902946472
bert-base-multilingual-cased,en,62,mean_pool,0.2768785953521728,-0.1339220553636551,-0.7244187593460083,-0.0595154576003551
bert-base-multilingual-cased,en,63,mean_pool,0.314530611038208,-0.1475061178207397,-0.7935110926628113,-0.1001182198524475
bert-base-multilingual-cased,en,64,mean_pool,0.1953010112047195,-0.4007208943367004,-0.766792893409729,-0.1891330778598785
bert-base-multilingual-cased,en,65,mean_pool,0.2808601260185241,-0.1159015446901321,-0.8223574161529541,-0.1049505919218063
bert-base-multilingual-cased,en,66,mean_pool,0.3033228814601898,0.0547538138926029,-0.7094070911407471,0.043312095105648
bert-base-multilingual-cased,en,67,mean_pool,0.2687349319458008,-0.1570767164230346,-0.8239154815673828,-0.3606679141521454
bert-base-multilingual-cased,en,68,mean_pool,0.2075495719909668,-0.168690487742424,-0.6868248581886292,-0.083417497575283
bert-base-multilingual-cased,en,69,mean_pool,0.3158077001571655,-0.1355102211236953,-0.8069428205490112,-0.0849042758345604
bert-base-multilingual-cased,en,70,mean_pool,0.2694621980190277,-0.2479250580072403,-0.8332734107971191,-0.2949735224246979
bert-base-multilingual-cased,en,71,mean_pool,0.2480542063713073,-0.15895776450634,-0.7815780639648438,-0.3641798794269562
bert-base-multilingual-cased,en,72,mean_pool,0.3481187522411346,0.0190999191254377,-0.7911083102226257,-0.1182856783270835
bert-base-multilingual-cased,en,73,mean_pool,0.2304718643426895,-0.3683819472789764,-0.7066056728363037,-0.0558629482984542
bert-base-multilingual-cased,en,74,mean_pool,0.2314852774143219,-0.0326895639300346,-0.7973199486732483,-0.1594763398170471
bert-base-multilingual-cased,en,75,mean_pool,0.232159823179245,-0.186279758810997,-0.7346926927566528,-0.2609899342060089
bert-base-multilingual-cased,en,76,mean_pool,0.2417289316654205,-0.1559177190065384,-0.7760754823684692,-0.2936181724071502
bert-base-multilingual-cased,en,77,mean_pool,0.2165725827217102,-0.3865535855293274,-0.7646653056144714,-0.2283811420202255
bert-base-multilingual-cased,en,78,mean_pool,0.2821539342403412,-0.2444919794797897,-0.7273532152175903,-0.2942399978637695
bert-base-multilingual-cased,en,79,mean_pool,0.2929735481739044,-0.1108354032039642,-0.7882056832313538,-0.1243344023823738
bert-base-multilingual-cased,en,80,mean_pool,0.2885960936546325,-0.202061653137207,-0.8228337168693542,-0.1891957074403762
bert-base-multilingual-cased,en,81,mean_pool,0.2405227720737457,-0.142859399318695,-0.7478699684143066,-0.039380382746458
bert-base-multilingual-cased,en,82,mean_pool,0.2809668481349945,-0.2218034416437149,-0.7602412104606628,-0.1976211816072464
bert-base-multilingual-cased,en,83,mean_pool,0.2360778898000717,-0.1669624000787735,-0.7392330169677734,-0.2656959891319275
bert-base-multilingual-cased,en,84,mean_pool,0.2559766173362732,-0.127792552113533,-0.7180731296539307,-0.2378424257040023
bert-base-multilingual-cased,en,85,mean_pool,0.2777354717254638,-0.0852666497230529,-0.7453237175941467,-0.0257277972996234
bert-base-multilingual-cased,en,86,mean_pool,0.3088676035404205,0.0585902705788612,-0.7635847330093384,-0.0723187997937202
bert-base-multilingual-cased,en,87,mean_pool,0.3081711828708648,-0.1838997453451156,-0.8066635131835938,-0.0853394493460655
bert-base-multilingual-cased,en,88,mean_pool,0.294966459274292,-0.2529496252536773,-0.730457603931427,-0.2197861969470977
bert-base-multilingual-cased,en,89,mean_pool,0.2109764814376831,-0.130574882030487,-0.678572416305542,-0.0500070713460445
bert-base-multilingual-cased,en,90,mean_pool,0.2848417162895202,-0.1480553597211837,-0.6894748210906982,0.05752794444561
bert-base-multilingual-cased,en,91,mean_pool,0.2744505405426025,-0.2369749397039413,-0.6967152953147888,-0.3768931925296783
bert-base-multilingual-cased,en,92,mean_pool,0.3441190719604492,-0.2781210839748382,-0.8615722060203552,-0.3391774296760559
bert-base-multilingual-cased,en,93,mean_pool,0.2383104115724563,-0.4364417493343353,-0.7036928534507751,-0.1156681254506111
bert-base-multilingual-cased,en,94,mean_pool,0.3634514212608337,-0.0689365714788436,-0.9041277170181274,-0.3669247329235077
bert-base-multilingual-cased,en,95,mean_pool,0.2382116764783859,-0.2429806739091873,-0.7235551476478577,-0.1458535939455032
bert-base-multilingual-cased,en,96,mean_pool,0.2806857526302337,-0.1785757094621658,-0.8058575987815857,-0.3433319926261902
bert-base-multilingual-cased,en,97,mean_pool,0.2344930917024612,-0.1003733500838279,-0.7813195586204529,-0.0658744350075721
bert-base-multilingual-cased,en,98,mean_pool,0.277256429195404,-0.2640502154827118,-0.7761686444282532,-0.3454627096652984
bert-base-multilingual-cased,en,99,mean_pool,0.2290673106908798,-0.1583215147256851,-0.7186452746391296,-0.0496587790548801
bert-base-multilingual-cased,en,100,mean_pool,0.1640215814113617,-0.4577788114547729,-0.7851943969726562,-0.3081014454364776
bert-base-multilingual-cased,en,101,mean_pool,0.2519896030426025,-0.1686082780361175,-0.7090959548950195,-0.3135581016540527
bert-base-multilingual-cased,en,102,mean_pool,0.2421729415655136,-0.436818778514862,-0.7275205254554749,-0.254408448934555
bert-base-multilingual-cased,en,103,mean_pool,0.2531715631484985,-0.2873691022396087,-0.7763353586196899,-0.1573297679424286
bert-base-multilingual-cased,en,104,mean_pool,0.2737873792648315,-0.1256971061229705,-0.7347416281700134,-0.252407431602478
bert-base-multilingual-cased,en,105,mean_pool,0.2802092432975769,-0.1252709031105041,-0.8189554214477539,-0.2746525704860687
bert-base-multilingual-cased,en,106,mean_pool,0.2587264478206634,-0.3187092542648315,-0.7980949878692627,-0.290311187505722
bert-base-multilingual-cased,en,107,mean_pool,0.2161656767129898,-0.1569493114948272,-0.7130670547485352,0.0126314535737037
bert-base-multilingual-cased,en,108,mean_pool,0.2214024811983108,-0.1061572507023811,-0.7481227517127991,0.0211963262408971
bert-base-multilingual-cased,en,109,mean_pool,0.2825991809368133,-0.0806289166212081,-0.7844257950782776,-0.2383268624544143
bert-base-multilingual-cased,en,110,mean_pool,0.2530753016471863,-0.054428718984127,-0.774303674697876,0.020592687651515
bert-base-multilingual-cased,en,111,mean_pool,0.2712844908237457,-0.2333860248327255,-0.8001821637153625,-0.2712692618370056
bert-base-multilingual-cased,en,112,mean_pool,0.3268350958824157,-0.2088287025690078,-0.7794094085693359,-0.1125017404556274
bert-base-multilingual-cased,en,113,mean_pool,0.2819525897502899,-0.057775605469942,-0.7217732667922974,0.0251918211579322
bert-base-multilingual-cased,en,114,mean_pool,0.3338034749031067,-0.3034724593162536,-0.8138900995254517,-0.0856418684124946
bert-base-multilingual-cased,en,115,mean_pool,0.2286449670791626,-0.4556177258491516,-0.7490599155426025,-0.0472004301846027
bert-base-multilingual-cased,en,116,mean_pool,0.2817055881023407,-0.2285171449184417,-0.7814286351203918,-0.0456271097064018
bert-base-multilingual-cased,en,117,mean_pool,0.2418871819972992,-0.131083682179451,-0.6718559861183167,0.0763314291834831
bert-base-multilingual-cased,en,118,mean_pool,0.2758774757385254,-0.1793198436498642,-0.64427649974823,-0.3303565680980682
bert-base-multilingual-cased,en,119,mean_pool,0.2062380909919738,-0.2783128619194031,-0.728993833065033,0.0013982576783746
bert-base-multilingual-cased,en,120,mean_pool,0.2905983924865722,-0.2543693482875824,-0.7602795362472534,-0.2687437534332275
bert-base-multilingual-cased,en,121,mean_pool,0.1638224124908447,-0.3131819069385528,-0.7212846875190735,-0.1798671931028366
bert-base-multilingual-cased,en,122,mean_pool,0.2662858963012695,-0.2119830101728439,-0.7044716477394104,-0.1126624420285224
bert-base-multilingual-cased,en,123,mean_pool,0.3260234892368316,0.049019705504179,-0.7079742550849915,-0.1509980112314224
bert-base-multilingual-cased,en,124,mean_pool,0.2475934773683548,-0.2914913892745971,-0.7492460608482361,-0.1450047045946121
bert-base-multilingual-cased,en,125,mean_pool,0.2607593536376953,-0.123030848801136,-0.6723230481147766,-0.0284782033413648
bert-base-multilingual-cased,en,126,mean_pool,0.2943670153617859,-0.2857860326766968,-0.7608293890953064,-0.1758176684379577
bert-base-multilingual-cased,en,127,mean_pool,0.2924606502056122,-0.1070988103747367,-0.8140623569488525,-0.2896684110164642
bert-base-multilingual-cased,en,128,mean_pool,0.2484797537326812,-0.1335222721099853,-0.7705139517784119,-0.2353955656290054
bert-base-multilingual-cased,en,129,mean_pool,0.2641339302062988,-0.2887976467609405,-0.7023573517799377,-0.1151501461863517
bert-base-multilingual-cased,en,130,mean_pool,0.2768895030021667,-0.1947775036096573,-0.8443647623062134,-0.1215319260954856
bert-base-multilingual-cased,en,131,mean_pool,0.2658154368400574,-0.0813692659139633,-0.7706182599067688,-0.2072192281484604
bert-base-multilingual-cased,en,132,mean_pool,0.2792817652225494,-0.2409920841455459,-0.7581976652145386,-0.1995477676391601
bert-base-multilingual-cased,en,133,mean_pool,0.2179257422685623,-0.2231557667255401,-0.7317829132080078,-0.1828287839889526
bert-base-multilingual-cased,en,134,mean_pool,0.2788524925708771,-0.3084206581115722,-0.7127291560173035,-0.1746619939804077
bert-base-multilingual-cased,en,135,mean_pool,0.2932645976543426,-0.1565843820571899,-0.8173244595527649,-0.284496009349823
bert-base-multilingual-cased,en,136,mean_pool,0.2795790731906891,-0.1397470533847808,-0.7886415719985962,-0.1745007187128067
bert-base-multilingual-cased,en,137,mean_pool,0.2630994319915771,-0.1458401381969452,-0.7094427943229675,-0.1480181813240051
bert-base-multilingual-cased,en,138,mean_pool,0.2611404657363891,-0.1162097975611686,-0.7263194918632507,-0.1416016221046447
bert-base-multilingual-cased,en,139,mean_pool,0.253335028886795,-0.2410783022642135,-0.7260987162590027,-0.0236497186124324
bert-base-multilingual-cased,en,140,mean_pool,0.3239109218120575,-0.0773848369717598,-0.7610051035881042,-0.1013493835926055
bert-base-multilingual-cased,en,141,mean_pool,0.2452027350664138,-0.1339800208806991,-0.7387252449989319,-0.1509357094764709
bert-base-multilingual-cased,en,142,mean_pool,0.263364315032959,-0.1294849067926406,-0.7822962999343872,-0.3176137506961822
bert-base-multilingual-cased,en,143,mean_pool,0.1998283863067627,-0.1735774278640747,-0.784679651260376,-0.0022545550018548
bert-base-multilingual-cased,en,144,mean_pool,0.173334315419197,-0.3885739743709564,-0.742190420627594,-0.3773393929004669
bert-base-multilingual-cased,en,145,mean_pool,0.254247784614563,0.0244327783584594,-0.7471149563789368,-0.0367198064923286
bert-base-multilingual-cased,en,146,mean_pool,0.3105968832969665,-0.220755934715271,-0.7875781655311584,-0.3128245174884796
bert-base-multilingual-cased,en,147,mean_pool,0.2753031551837921,-0.211685448884964,-0.8070992827415466,-0.2663980722427368
bert-base-multilingual-cased,en,148,mean_pool,0.2650302350521087,-0.2265314608812332,-0.7610977292060852,-0.2192860394716262
bert-base-multilingual-cased,en,149,mean_pool,0.3029553890228271,-0.2653210163116455,-0.7842205762863159,-0.0857638865709304
bert-base-multilingual-cased,en,150,mean_pool,0.2628950178623199,-0.2144381254911422,-0.7386837601661682,-0.1620460152626037
bert-base-multilingual-cased,en,151,mean_pool,0.2747929990291595,-0.2825201153755188,-0.7783574461936951,-0.162862092256546
bert-base-multilingual-cased,en,152,mean_pool,0.361825168132782,-0.1316436976194381,-0.8267329335212708,-0.1998593509197235
bert-base-multilingual-cased,en,153,mean_pool,0.2652395367622375,-0.2468067556619644,-0.7259448766708374,-0.1877049058675766
bert-base-multilingual-cased,en,154,mean_pool,0.2869099080562591,-0.150512158870697,-0.7984658479690552,-0.2559645175933838
bert-base-multilingual-cased,en,155,mean_pool,0.348844826221466,-0.1212904080748558,-0.8524394631385803,-0.2270077317953109
bert-base-multilingual-cased,en,156,mean_pool,0.2508249282836914,-0.120874673128128,-0.7343364357948303,-0.1993752568960189
bert-base-multilingual-cased,en,157,mean_pool,0.2237448394298553,0.0026787612587213,-0.7769349813461304,0.0208657626062631
bert-base-multilingual-cased,en,158,mean_pool,0.2623111605644226,-0.2023791074752807,-0.7543449401855469,-0.0956793278455734
bert-base-multilingual-cased,en,159,mean_pool,0.2396328151226043,-0.2488386332988739,-0.747970700263977,-0.2614147663116455
bert-base-multilingual-cased,ru,0,mean_pool,0.1613455712795257,-0.5851029753684998,-0.5934149622917175,-0.3907113671302795
bert-base-multilingual-cased,ru,1,mean_pool,0.1771873384714126,-0.2657519280910492,-0.527489423751831,-0.580291211605072
bert-base-multilingual-cased,ru,2,mean_pool,0.0956270173192024,-0.5762279033660889,-0.5069651007652283,-0.4629527330398559
bert-base-multilingual-cased,ru,3,mean_pool,0.1308986097574234,-0.4849138557910919,-0.435089647769928,-0.5144120454788208
bert-base-multilingual-cased,ru,4,mean_pool,0.1183902844786644,-0.4107415080070495,-0.4168947339057922,-0.5675424337387085
bert-base-multilingual-cased,ru,5,mean_pool,0.0428978316485881,-0.5176599025726318,-0.4720190763473511,-0.5007380247116089
bert-base-multilingual-cased,ru,6,mean_pool,0.040084458887577,-0.4662648439407348,-0.4376670122146606,-0.5506775975227356
bert-base-multilingual-cased,ru,7,mean_pool,0.1100893542170524,-0.5055124759674072,-0.2994804680347442,-0.5825911164283752
bert-base-multilingual-cased,ru,8,mean_pool,0.1440673917531967,-0.4362533390522003,-0.5696094036102295,-0.4818161725997925
bert-base-multilingual-cased,ru,9,mean_pool,0.1942161321640014,-0.5500743985176086,-0.3418231606483459,-0.6316828727722168
bert-base-multilingual-cased,ru,10,mean_pool,0.0579985380172729,-0.4234532713890075,-0.5170508027076721,-0.4416524171829223
bert-base-multilingual-cased,ru,11,mean_pool,0.1159031465649604,-0.6627793908119202,-0.4758278131484985,-0.4110048711299896
bert-base-multilingual-cased,ru,12,mean_pool,0.0887211188673973,-0.526411771774292,-0.5321770906448364,-0.5222616791725159
bert-base-multilingual-cased,ru,13,mean_pool,0.0668029636144638,-0.4691975116729736,-0.4351988136768341,-0.5487406849861145
bert-base-multilingual-cased,ru,14,mean_pool,0.0372445173561573,-0.488523781299591,-0.3984948992729187,-0.4890649020671844
bert-base-multilingual-cased,ru,15,mean_pool,0.093472845852375,-0.5419734120368958,-0.4552908539772033,-0.5540578961372375
bert-base-multilingual-cased,ru,16,mean_pool,0.0858892276883125,-0.4694859385490417,-0.5393639206886292,-0.4422718584537506
bert-base-multilingual-cased,ru,17,mean_pool,0.1051002740859985,-0.5307243466377258,-0.5698723196983337,-0.4707541167736053
bert-base-multilingual-cased,ru,18,mean_pool,0.1242704316973686,-0.3655761480331421,-0.4719953238964081,-0.5233749747276306
bert-base-multilingual-cased,ru,19,mean_pool,0.0785609260201454,-0.5396031737327576,-0.4150258004665375,-0.5312907695770264
bert-base-multilingual-cased,ru,20,mean_pool,0.0655263215303421,-0.5768005847930908,-0.4396513700485229,-0.5242395401000977
bert-base-multilingual-cased,ru,21,mean_pool,0.292368084192276,-0.5419449210166931,-0.5382353067398071,-0.4357061386108398
bert-base-multilingual-cased,ru,22,mean_pool,0.1986767649650573,-0.5276424288749695,-0.4522742033004761,-0.5403264760971069
bert-base-multilingual-cased,ru,23,mean_pool,0.111116386950016,-0.4504755437374115,-0.4816906452178955,-0.5234853029251099
bert-base-multilingual-cased,ru,24,mean_pool,0.0582998283207416,-0.5967977643013,-0.5496971011161804,-0.6442785859107971
bert-base-multilingual-cased,ru,25,mean_pool,0.0657947808504104,-0.5848584771156311,-0.4756394028663635,-0.6010751724243164
bert-base-multilingual-cased,ru,26,mean_pool,0.0400642603635787,-0.500123918056488,-0.459666758775711,-0.4241195023059845
bert-base-multilingual-cased,ru,27,mean_pool,0.0728788524866104,-0.4249224066734314,-0.4603296220302582,-0.4861559867858886
bert-base-multilingual-cased,ru,28,mean_pool,0.0645691230893135,-0.5251110792160034,-0.5025647878646851,-0.3962557315826416
bert-base-multilingual-cased,ru,29,mean_pool,0.0564204193651676,-0.4046518802642822,-0.5402325987815857,-0.4170243442058563
bert-base-multilingual-cased,ru,30,mean_pool,0.1020806357264518,-0.4149304628372192,-0.5891634821891785,-0.4268993139266968
bert-base-multilingual-cased,ru,31,mean_pool,0.1226482838392257,-0.4355280995368957,-0.5791425704956055,-0.4329816997051239
bert-base-multilingual-cased,ru,32,mean_pool,0.1687493771314621,-0.4038611948490143,-0.521149754524231,-0.6091634035110474
bert-base-multilingual-cased,ru,33,mean_pool,0.1374725997447967,-0.3118737339973449,-0.5349264144897461,-0.5472527146339417
bert-base-multilingual-cased,ru,34,mean_pool,0.0924916863441467,-0.5590927004814148,-0.5002815127372742,-0.4059480726718902
bert-base-multilingual-cased,ru,35,mean_pool,0.1381289064884185,-0.3882438540458679,-0.5185822248458862,-0.5399840474128723
bert-base-multilingual-cased,ru,36,mean_pool,0.0710938870906829,-0.551093578338623,-0.3749848008155823,-0.5510191321372986
bert-base-multilingual-cased,ru,37,mean_pool,0.2207401692867279,-0.3832096457481384,-0.505241334438324,-0.4898005425930023
bert-base-multilingual-cased,ru,38,mean_pool,0.1903839111328125,-0.4808479845523834,-0.5639310479164124,-0.4938190877437591
bert-base-multilingual-cased,ru,39,mean_pool,0.1016456559300422,-0.4691132605075836,-0.4467112720012665,-0.555792510509491
bert-base-multilingual-cased,ru,40,mean_pool,0.1075730547308921,-0.559266209602356,-0.533886730670929,-0.4344115555286407
bert-base-multilingual-cased,ru,41,mean_pool,0.1353847533464431,-0.4214477241039276,-0.4144843518733978,-0.5659078359603882
bert-base-multilingual-cased,ru,42,mean_pool,0.1345244795083999,-0.5158933401107788,-0.4180870950222015,-0.5541980862617493
bert-base-multilingual-cased,ru,43,mean_pool,0.1653819233179092,-0.4528954923152923,-0.5203891396522522,-0.4186013042926788
bert-base-multilingual-cased,ru,44,mean_pool,0.0741594061255455,-0.4926311075687408,-0.5018391609191895,-0.4672120809555053
bert-base-multilingual-cased,ru,45,mean_pool,0.1116994470357894,-0.495917797088623,-0.5134961009025574,-0.4827525317668915
bert-base-multilingual-cased,ru,46,mean_pool,0.1858044564723968,-0.5214257836341858,-0.5157078504562378,-0.559574544429779
bert-base-multilingual-cased,ru,47,mean_pool,0.0584108792245388,-0.5651558637619019,-0.4501207172870636,-0.4365200102329254
bert-base-multilingual-cased,ru,48,mean_pool,0.0617572925984859,-0.5339764356613159,-0.4568654000759125,-0.4327185750007629
bert-base-multilingual-cased,ru,49,mean_pool,0.0720268711447715,-0.5625998973846436,-0.3427448868751526,-0.4399889707565307
bert-base-multilingual-cased,ru,50,mean_pool,0.0415576510131359,-0.3826734721660614,-0.3613359034061432,-0.5481542348861694
bert-base-multilingual-cased,ru,51,mean_pool,0.0572272352874279,-0.5117371678352356,-0.5047499537467957,-0.5308144688606262
bert-base-multilingual-cased,ru,52,mean_pool,0.1052019521594047,-0.5511805415153503,-0.516720712184906,-0.4322062730789184
bert-base-multilingual-cased,ru,53,mean_pool,0.0526370070874691,-0.5023221969604492,-0.475047767162323,-0.4273140430450439
bert-base-multilingual-cased,ru,54,mean_pool,0.0746513679623603,-0.3873106241226196,-0.4649600088596344,-0.5341564416885376
bert-base-multilingual-cased,ru,55,mean_pool,0.1241922453045845,-0.5722828507423401,-0.6479259729385376,-0.5546307563781738
bert-base-multilingual-cased,ru,56,mean_pool,0.1227753758430481,-0.2726015150547027,-0.4876964390277862,-0.5396825671195984
bert-base-multilingual-cased,ru,57,mean_pool,0.1422295123338699,-0.5351908802986145,-0.6879300475120544,-0.3630057573318481
bert-base-multilingual-cased,ru,58,mean_pool,0.1865125745534896,-0.5200099945068359,-0.5931384563446045,-0.6677659153938293
bert-base-multilingual-cased,ru,59,mean_pool,0.1859658509492874,-0.3642753362655639,-0.5407368540763855,-0.5582913160324097
bert-base-multilingual-cased,ru,60,mean_pool,0.0765179470181465,-0.4994943737983703,-0.4555233418941498,-0.5952726006507874
bert-base-multilingual-cased,ru,61,mean_pool,0.0998680144548416,-0.560545802116394,-0.4924702048301697,-0.5071393847465515
bert-base-multilingual-cased,ru,62,mean_pool,0.1293979585170745,-0.328342467546463,-0.5134459137916565,-0.5123690366744995
bert-base-multilingual-cased,ru,63,mean_pool,0.127235397696495,-0.3851328194141388,-0.4072611331939697,-0.5997089743614197
bert-base-multilingual-cased,ru,64,mean_pool,0.1055607795715332,-0.3879857063293457,-0.3875494301319122,-0.6124954223632812
bert-base-multilingual-cased,ru,65,mean_pool,0.1254214644432068,-0.4596262872219085,-0.457454115152359,-0.5339291095733643
bert-base-multilingual-cased,ru,66,mean_pool,0.1736501008272171,-0.429840475320816,-0.6242933869361877,-0.4513482451438904
bert-base-multilingual-cased,ru,67,mean_pool,0.248159185051918,-0.4206584095954895,-0.73471599817276,-0.6788761615753174
bert-base-multilingual-cased,ru,68,mean_pool,0.1814814805984497,-0.73967045545578,-0.5882137417793274,-0.4230818748474121
bert-base-multilingual-cased,ru,69,mean_pool,0.1811544001102447,-0.3629350662231445,-0.6120959520339966,-0.5351276397705078
bert-base-multilingual-cased,ru,70,mean_pool,0.14968803524971,-0.2826828062534332,-0.422895073890686,-0.3478606343269348
bert-base-multilingual-cased,ru,71,mean_pool,0.0832938402891159,-0.5341662764549255,-0.3473151922225952,-0.5411515235900879
bert-base-multilingual-cased,ru,72,mean_pool,0.0578897595405578,-0.528138279914856,-0.5123298168182373,-0.574375569820404
bert-base-multilingual-cased,ru,73,mean_pool,0.101052388548851,-0.4647859036922455,-0.5414723753929138,-0.3754167556762695
bert-base-multilingual-cased,ru,74,mean_pool,0.064103715121746,-0.4573919773101806,-0.4943576157093048,-0.4423878490924835
bert-base-multilingual-cased,ru,75,mean_pool,0.2417600303888321,-0.4159527420997619,-0.4578197002410888,-0.5123513340950012
bert-base-multilingual-cased,ru,76,mean_pool,0.0792346894741058,-0.5518763661384583,-0.4785780906677246,-0.3490767180919647
bert-base-multilingual-cased,ru,77,mean_pool,0.0668233558535575,-0.4492781162261963,-0.5302066206932068,-0.5052748918533325
bert-base-multilingual-cased,ru,78,mean_pool,0.1421636641025543,-0.4881600737571716,-0.4306778907775879,-0.5412042737007141
bert-base-multilingual-cased,ru,79,mean_pool,0.09646587818861,-0.4123016893863678,-0.4286947250366211,-0.3610793352127075
bert-base-multilingual-cased,ru,80,mean_pool,0.2182771414518356,-0.3197626769542694,-0.695422887802124,-0.6129344701766968
bert-base-multilingual-cased,ru,81,mean_pool,0.1153901442885398,-0.4384666979312897,-0.3768291175365448,-0.5029453635215759
bert-base-multilingual-cased,ru,82,mean_pool,0.1117442101240158,-0.3331381976604461,-0.5708448886871338,-0.5813947319984436
bert-base-multilingual-cased,ru,83,mean_pool,0.1122203841805458,-0.3475559651851654,-0.6479704976081848,-0.3053402304649353
bert-base-multilingual-cased,ru,84,mean_pool,0.0812630653381347,-0.5731462836265564,-0.3276326060295105,-0.4960254430770874
bert-base-multilingual-cased,ru,85,mean_pool,0.1094868406653404,-0.3936004638671875,-0.4628805816173553,-0.5985097289085388
bert-base-multilingual-cased,ru,86,mean_pool,0.1614481657743454,-0.3062393367290497,-0.5555777549743652,-0.542658805847168
bert-base-multilingual-cased,ru,87,mean_pool,0.1054321601986885,-0.4575860798358917,-0.49025759100914,-0.4494549930095672
bert-base-multilingual-cased,ru,88,mean_pool,0.05057805031538,-0.4960924088954925,-0.4902501404285431,-0.4571212530136108
bert-base-multilingual-cased,ru,89,mean_pool,0.083363302052021,-0.4983612596988678,-0.5981112122535706,-0.4049059152603149
bert-base-multilingual-cased,ru,90,mean_pool,0.0656454414129257,-0.5245769619941711,-0.5062867999076843,-0.5782403349876404
bert-base-multilingual-cased,ru,91,mean_pool,0.0402942821383476,-0.5428990721702576,-0.4304063618183136,-0.5373230576515198
bert-base-multilingual-cased,ru,92,mean_pool,0.0324898138642311,-0.5111269950866699,-0.459610253572464,-0.5336712002754211
bert-base-multilingual-cased,ru,93,mean_pool,0.0392088033258914,-0.4587957859039306,-0.5227588415145874,-0.4273397922515869
bert-base-multilingual-cased,ru,94,mean_pool,0.0378179550170898,-0.4863933622837066,-0.4508818387985229,-0.5513710379600525
bert-base-multilingual-cased,ru,95,mean_pool,0.0658508092164993,-0.5490714311599731,-0.483654648065567,-0.4043104350566864
bert-base-multilingual-cased,ru,96,mean_pool,0.1711320132017135,-0.4914324879646301,-0.3461511433124542,-0.6050257086753845
bert-base-multilingual-cased,ru,97,mean_pool,0.1033288538455963,-0.4646654427051544,-0.4197470247745514,-0.5928623080253601
bert-base-multilingual-cased,ru,98,mean_pool,0.062100600451231,-0.4443191885948181,-0.4382838010787964,-0.5109211802482605
bert-base-multilingual-cased,ru,99,mean_pool,0.1092607751488685,-0.4925782382488251,-0.4666582345962524,-0.5458227396011353
bert-base-multilingual-cased,ru,100,mean_pool,0.1221256479620933,-0.466095507144928,-0.4289990961551666,-0.4655759632587433
bert-base-multilingual-cased,ru,101,mean_pool,0.1063729897141456,-0.4641607105731964,-0.4396599233150482,-0.4358569979667663
bert-base-multilingual-cased,ru,102,mean_pool,0.0668318048119545,-0.6211826205253601,-0.3708151578903198,-0.5164909362792969
bert-base-multilingual-cased,ru,103,mean_pool,0.0669397860765457,-0.528440535068512,-0.5835254788398743,-0.4660869240760803
bert-base-multilingual-cased,ru,104,mean_pool,0.1456749141216278,-0.2500740885734558,-0.5493196249008179,-0.4952027201652527
bert-base-multilingual-cased,ru,105,mean_pool,0.1045819520950317,-0.2723596394062042,-0.497382640838623,-0.4803747832775116
bert-base-multilingual-cased,ru,106,mean_pool,0.0828467011451721,-0.4484903216361999,-0.6102127432823181,-0.5333954691886902
bert-base-multilingual-cased,ru,107,mean_pool,0.1182867065072059,-0.4316356480121612,-0.6301947832107544,-0.4044693410396576
bert-base-multilingual-cased,ru,108,mean_pool,0.1010438799858093,-0.4883813560009002,-0.3463295400142669,-0.4161116480827331
bert-base-multilingual-cased,ru,109,mean_pool,0.1456732004880905,-0.4724346697330475,-0.5549421906471252,-0.4281825423240661
bert-base-multilingual-cased,ru,110,mean_pool,0.196598470211029,-0.5243315100669861,-0.6885514855384827,-0.5370410084724426
bert-base-multilingual-cased,ru,111,mean_pool,0.2026636600494384,-0.5782302021980286,-0.5009468197822571,-0.4859932661056518
bert-base-multilingual-cased,ru,112,mean_pool,0.0664437562227249,-0.5675198435783386,-0.5105617046356201,-0.472092717885971
bert-base-multilingual-cased,ru,113,mean_pool,0.313495397567749,-0.4843360185623169,-0.4005915224552154,-0.4755946695804596
bert-base-multilingual-cased,ru,114,mean_pool,0.213567242026329,-0.4414590895175934,-0.6260508298873901,-0.5771169662475586
bert-base-multilingual-cased,ru,115,mean_pool,0.1608901917934417,-0.4604592323303222,-0.685260534286499,-0.574289083480835
bert-base-multilingual-cased,ru,116,mean_pool,0.3318222165107727,-0.5214642286300659,-0.4376425743103027,-0.4129437208175659
bert-base-multilingual-cased,ru,117,mean_pool,0.1348448693752288,-0.4599412977695465,-0.620769202709198,-0.4231036603450775
bert-base-multilingual-cased,ru,118,mean_pool,0.0499739125370979,-0.5031754374504089,-0.4560407698154449,-0.4638085961341858
bert-base-multilingual-cased,ru,119,mean_pool,0.0937820449471473,-0.52058345079422,-0.4840633571147918,-0.556462824344635
bert-base-multilingual-cased,ru,120,mean_pool,0.0354361943900585,-0.5006964802742004,-0.4919743537902832,-0.4395076930522918
bert-base-multilingual-cased,ru,121,mean_pool,0.0965439677238464,-0.6156575083732605,-0.5179260969161987,-0.5051151514053345
bert-base-multilingual-cased,ru,122,mean_pool,0.1052141338586807,-0.4469940364360809,-0.5082350969314575,-0.4558068215847015
bert-base-multilingual-cased,ru,123,mean_pool,0.0451184026896953,-0.3774668574333191,-0.5699787139892578,-0.5042272210121155
bert-base-multilingual-cased,ru,124,mean_pool,0.0403108596801757,-0.4651992321014404,-0.4596762955188751,-0.479966402053833
bert-base-multilingual-cased,ru,125,mean_pool,0.1595201194286346,-0.3598015606403351,-0.4776694476604461,-0.5118670463562012
bert-base-multilingual-cased,ru,126,mean_pool,0.112066738307476,-0.4822670817375183,-0.5438135862350464,-0.4061457812786102
bert-base-multilingual-cased,ru,127,mean_pool,0.0798307582736015,-0.4338312745094299,-0.4485283493995666,-0.4614842534065246
bert-base-multilingual-cased,ru,128,mean_pool,0.1883067339658737,-0.4715336561203003,-0.6179159879684448,-0.4493811428546905
bert-base-multilingual-cased,ru,129,mean_pool,0.0978950187563896,-0.4188650250434875,-0.5082553625106812,-0.4084239304065704
bert-base-multilingual-cased,ru,130,mean_pool,0.0981971994042396,-0.4320339262485504,-0.450603038072586,-0.4769336581230163
bert-base-multilingual-cased,ru,131,mean_pool,0.0457533933222293,-0.503332793712616,-0.5143188834190369,-0.4609024226665497
bert-base-multilingual-cased,ru,132,mean_pool,0.0790647193789482,-0.6499191522598267,-0.355326235294342,-0.5951705574989319
bert-base-multilingual-cased,ru,133,mean_pool,0.068743772804737,-0.5132638216018677,-0.5425425171852112,-0.5366681814193726
bert-base-multilingual-cased,ru,134,mean_pool,0.0340783298015594,-0.4424413740634918,-0.4819214940071106,-0.5062856674194336
bert-base-multilingual-cased,ru,135,mean_pool,0.1673204153776168,-0.4808179140090942,-0.5404170751571655,-0.4941145181655884
bert-base-multilingual-cased,ru,136,mean_pool,0.1921138167381286,-0.48147052526474,-0.497508555650711,-0.5422253012657166
bert-base-multilingual-cased,ru,137,mean_pool,0.0732726454734802,-0.4529713988304138,-0.5250040888786316,-0.4108397960662842
bert-base-multilingual-cased,ru,138,mean_pool,0.0709610655903816,-0.5765283107757568,-0.4283444881439209,-0.4812528192996979
bert-base-multilingual-cased,ru,139,mean_pool,0.155424952507019,-0.4624735116958618,-0.472122460603714,-0.4377703964710235
bert-base-multilingual-cased,ru,140,mean_pool,0.0226030815392732,-0.5769474506378174,-0.4442618489265442,-0.4762851893901825
bert-base-multilingual-cased,ru,141,mean_pool,0.1098650768399238,-0.5990894436836243,-0.4537515342235565,-0.5569843649864197
bert-base-multilingual-cased,ru,142,mean_pool,0.2637885510921478,-0.3758155703544616,-0.5221579670906067,-0.5626929402351379
bert-base-multilingual-cased,ru,143,mean_pool,0.0329595394432544,-0.3927759230136871,-0.5228461027145386,-0.4962623715400696
bert-base-multilingual-cased,ru,144,mean_pool,0.3852309882640838,-0.5379536747932434,-0.4916220903396606,-0.3381946086883545
bert-base-multilingual-cased,ru,145,mean_pool,0.0842940658330917,-0.4649186432361603,-0.4037022590637207,-0.5462614297866821
bert-base-multilingual-cased,ru,146,mean_pool,0.0556080192327499,-0.3168589174747467,-0.4283921718597412,-0.4011726379394531
bert-base-multilingual-cased,ru,147,mean_pool,0.1171577051281929,-0.4290468692779541,-0.5236045122146606,-0.5545462369918823
bert-base-multilingual-cased,ru,148,mean_pool,0.0692592784762382,-0.6413375735282898,-0.552657425403595,-0.3558742105960846
bert-base-multilingual-cased,ru,149,mean_pool,0.0963554456830024,-0.4797275364398956,-0.4488757848739624,-0.5549575686454773
bert-base-multilingual-cased,ru,150,mean_pool,0.2160618156194687,-0.5544259548187256,-0.6567977666854858,-0.3432648479938507
bert-base-multilingual-cased,ru,151,mean_pool,0.1337134391069412,-0.6255471110343933,-0.4504648745059967,-0.4335042238235473
bert-base-multilingual-cased,ru,152,mean_pool,0.0632615983486175,-0.5007226467132568,-0.5127996206283569,-0.4354724287986755
bert-base-multilingual-cased,ru,153,mean_pool,0.079144038259983,-0.5324811935424805,-0.4352917671203613,-0.466405987739563
bert-base-multilingual-cased,ru,154,mean_pool,0.0660856813192367,-0.5540709495544434,-0.5434213280677795,-0.4727017879486084
bert-base-multilingual-cased,ru,155,mean_pool,0.1149285957217216,-0.3844672441482544,-0.3964164555072784,-0.5441244840621948
bert-base-multilingual-cased,ru,156,mean_pool,0.1479637622833252,-0.3599715232849121,-0.5766692161560059,-0.4193877577781677
bert-base-multilingual-cased,ru,157,mean_pool,0.0483890362083911,-0.4388652741909027,-0.4634958505630493,-0.4184870719909668
bert-base-multilingual-cased,ru,158,mean_pool,0.0608454644680023,-0.5046433210372925,-0.4329672753810882,-0.5755780935287476
bert-base-multilingual-cased,ru,159,mean_pool,0.0922835543751716,-0.4522574841976166,-0.3466486930847168,-0.5833881497383118
bert-base-multilingual-cased,zh,0,mean_pool,0.1016035452485084,-0.5476114749908447,-0.7838808298110962,-0.6924125552177429
bert-base-multilingual-cased,zh,1,mean_pool,0.3393146097660064,-0.6329955458641052,-0.9507553577423096,-0.7246659398078918
bert-base-multilingual-cased,zh,2,mean_pool,0.1278453022241592,-0.2231113314628601,-0.6550580263137817,-0.5000795722007751
bert-base-multilingual-cased,zh,3,mean_pool,0.3026297688484192,-0.7398025393486023,-0.9431111216545104,-0.7298495173454285
bert-base-multilingual-cased,zh,4,mean_pool,0.0791368335485458,-0.5969386100769043,-0.6414948105812073,-0.4416729211807251
bert-base-multilingual-cased,zh,5,mean_pool,0.1225598379969596,-0.4927572309970855,-0.8118739128112793,-0.6218787431716919
bert-base-multilingual-cased,zh,6,mean_pool,0.2110403180122375,-0.4236173033714294,-0.8325574994087219,-0.634766697883606
bert-base-multilingual-cased,zh,7,mean_pool,0.1653088927268982,-0.8017469048500061,-0.9331246018409728,-0.8146921396255493
bert-base-multilingual-cased,zh,8,mean_pool,0.1916615515947342,-0.5970854759216309,-0.8255694508552551,-0.6673427224159241
bert-base-multilingual-cased,zh,9,mean_pool,0.1120174154639244,-0.5555565357208252,-0.8004005551338196,-0.638757586479187
bert-base-multilingual-cased,zh,10,mean_pool,0.1390501409769058,-0.6945489645004272,-0.8789005875587463,-0.7266952395439148
bert-base-multilingual-cased,zh,11,mean_pool,0.2257363349199295,-0.733633279800415,-0.534152090549469,-0.5136105418205261
bert-base-multilingual-cased,zh,12,mean_pool,0.1706259101629257,-0.6478087306022644,-0.8254462480545044,-0.7953213453292847
bert-base-multilingual-cased,zh,13,mean_pool,0.0686319768428802,-0.4616306722164154,-0.8794149160385132,-0.7064959406852722
bert-base-multilingual-cased,zh,14,mean_pool,0.1141628846526146,-0.6398881077766418,-0.7911794185638428,-0.593890368938446
bert-base-multilingual-cased,zh,15,mean_pool,0.2026431411504745,-0.6833127737045288,-0.9275541305541992,-0.6827058792114258
bert-base-multilingual-cased,zh,16,mean_pool,0.0759957581758499,-0.6693285703659058,-0.7444534301757812,-0.5955067873001099
bert-base-multilingual-cased,zh,17,mean_pool,0.1146698892116546,-0.5634114146232605,-0.7144469022750854,-0.6526661515235901
bert-base-multilingual-cased,zh,18,mean_pool,0.2441039681434631,-0.7886624336242676,-0.8497262001037598,-0.7286453247070312
bert-base-multilingual-cased,zh,19,mean_pool,0.1161013543605804,-0.3715680241584778,-0.5123628973960876,-0.5300750136375427
bert-base-multilingual-cased,zh,20,mean_pool,0.0707770138978958,-0.6592535972595215,-0.8072878122329712,-0.7248939275741577
bert-base-multilingual-cased,zh,21,mean_pool,0.1411195397377014,-0.6032178401947021,-0.4316861927509308,-0.4314199090003967
bert-base-multilingual-cased,zh,22,mean_pool,0.1111757457256317,-0.4802427589893341,-0.854579746723175,-0.730601966381073
bert-base-multilingual-cased,zh,23,mean_pool,0.2239959686994552,-0.7630125284194946,-0.954191267490387,-0.8068061470985413
bert-base-multilingual-cased,zh,24,mean_pool,0.2217367887496948,-0.7786634564399719,-0.4695025682449341,-0.4495467245578766
bert-base-multilingual-cased,zh,25,mean_pool,0.2912582755088806,-0.3489952981472015,-0.9227680563926696,-0.7092251181602478
bert-base-multilingual-cased,zh,26,mean_pool,0.1073964387178421,-0.5752027630805969,-0.811957836151123,-0.5151042938232422
bert-base-multilingual-cased,zh,27,mean_pool,0.2369120419025421,-0.7804470658302307,-0.5887056589126587,-0.5944744944572449
bert-base-multilingual-cased,zh,28,mean_pool,0.1482897847890854,-0.6012764573097229,-0.888327956199646,-0.6211404800415039
bert-base-multilingual-cased,zh,29,mean_pool,0.2908114790916443,-0.4946857988834381,-0.8953440189361572,-0.7373354434967041
bert-base-multilingual-cased,zh,30,mean_pool,0.0908508375287056,-0.5350981950759888,-0.7345256805419922,-0.5695816874504089
bert-base-multilingual-cased,zh,31,mean_pool,0.1670931726694107,-0.7058774828910828,-0.6334782838821411,-0.3904268145561218
bert-base-multilingual-cased,zh,32,mean_pool,0.2128752917051315,-0.7297108769416809,-0.5950914621353149,-0.660307765007019
bert-base-multilingual-cased,zh,33,mean_pool,0.1950429826974868,-0.3283042311668396,-0.8270304203033447,-0.6296066045761108
bert-base-multilingual-cased,zh,34,mean_pool,0.0402278490364551,-0.6039981245994568,-0.7689148783683777,-0.6856310367584229
bert-base-multilingual-cased,zh,35,mean_pool,0.2465778291225433,-0.4697524011135101,-0.8764591813087463,-0.717144250869751
bert-base-multilingual-cased,zh,36,mean_pool,0.0959176197648048,-0.526564359664917,-0.7790285348892212,-0.62395840883255
bert-base-multilingual-cased,zh,37,mean_pool,0.1595536023378372,-0.6402580738067627,-0.6730536222457886,-0.5449284911155701
bert-base-multilingual-cased,zh,38,mean_pool,0.0862332284450531,-0.3720934689044952,-0.7701610922813416,-0.553781270980835
bert-base-multilingual-cased,zh,39,mean_pool,0.1319212168455124,-0.3847545385360718,-0.7417259216308594,-0.3489755094051361
bert-base-multilingual-cased,zh,40,mean_pool,0.1720527708530426,-0.315428227186203,-0.6341959238052368,-0.5308298468589783
bert-base-multilingual-cased,zh,41,mean_pool,0.1546926945447921,-0.5102982521057129,-0.8622863292694092,-0.5751639008522034
bert-base-multilingual-cased,zh,42,mean_pool,0.1364834308624267,-0.7190899848937988,-0.8595684766769409,-0.6964396834373474
bert-base-multilingual-cased,zh,43,mean_pool,0.0817475691437721,-0.5003042817115784,-0.7898851037025452,-0.605105459690094
bert-base-multilingual-cased,zh,44,mean_pool,0.0674563348293304,-0.7071084976196289,-0.6374802589416504,-0.6723027229309082
bert-base-multilingual-cased,zh,45,mean_pool,0.1767813563346862,-0.5369865894317627,-0.6605105400085449,-0.3535481095314026
bert-base-multilingual-cased,zh,46,mean_pool,0.1430408358573913,-0.4647816717624664,-0.8015404939651489,-0.5510060787200928
bert-base-multilingual-cased,zh,47,mean_pool,0.116422601044178,-0.6306568384170532,-0.3201423585414886,-0.6952646970748901
bert-base-multilingual-cased,zh,48,mean_pool,0.1962935924530029,-0.4335932731628418,-0.6588237285614014,-0.4235147833824157
bert-base-multilingual-cased,zh,49,mean_pool,0.0440476574003696,-0.5699170231819153,-0.7293568253517151,-0.5854122638702393
bert-base-multilingual-cased,zh,50,mean_pool,0.1668502241373062,-0.5286269783973694,-0.8761163949966431,-0.8029503226280212
bert-base-multilingual-cased,zh,51,mean_pool,0.1993129253387451,-0.4493858218193054,-0.8496623039245605,-0.7144906520843506
bert-base-multilingual-cased,zh,52,mean_pool,0.2103222161531448,-0.6120014786720276,-0.8842349648475647,-0.8022446036338806
bert-base-multilingual-cased,zh,53,mean_pool,0.1502609401941299,-0.4981686472892761,-0.8298450112342834,-0.4777259528636932
bert-base-multilingual-cased,zh,54,mean_pool,0.2203269600868225,-0.4971575736999511,-0.8270382285118103,-0.5220788717269897
bert-base-multilingual-cased,zh,55,mean_pool,0.0772710666060447,-0.6095831394195557,-0.8329637050628662,-0.5771475434303284
bert-base-multilingual-cased,zh,56,mean_pool,0.1957854628562927,-0.3451664745807647,-0.8890357613563538,-0.5445272326469421
bert-base-multilingual-cased,zh,57,mean_pool,0.1788090914487838,-0.5995306372642517,-0.8984807133674622,-0.5152555108070374
bert-base-multilingual-cased,zh,58,mean_pool,0.0668374747037887,-0.5927836894989014,-0.7148323059082031,-0.4724883437156677
bert-base-multilingual-cased,zh,59,mean_pool,0.1609794199466705,-0.5139307379722595,-0.8515174388885498,-0.7459312081336975
bert-base-multilingual-cased,zh,60,mean_pool,0.0483687333762645,-0.6191913485527039,-0.8406762480735779,-0.6328662037849426
bert-base-multilingual-cased,zh,61,mean_pool,0.2170869708061218,-0.5777041912078857,-0.9308942556381226,-0.7216238379478455
bert-base-multilingual-cased,zh,62,mean_pool,0.1067417562007904,-0.6226735711097717,-0.7452945113182068,-0.55710369348526
bert-base-multilingual-cased,zh,63,mean_pool,0.1044087037444114,-0.503742516040802,-0.8294990658760071,-0.6464322805404663
bert-base-multilingual-cased,zh,64,mean_pool,0.1997247338294983,-0.2571370899677276,-0.8053616285324097,-0.4854437708854675
bert-base-multilingual-cased,zh,65,mean_pool,0.1451020240783691,-0.4825448095798492,-0.7997889518737793,-0.6563732624053955
bert-base-multilingual-cased,zh,66,mean_pool,0.1600006222724914,-0.5720422267913818,-0.8810495138168335,-0.7602549195289612
bert-base-multilingual-cased,zh,67,mean_pool,0.0771813094615936,-0.3952722549438476,-0.6834095120429993,-0.1028288975358009
bert-base-multilingual-cased,zh,68,mean_pool,0.0709381178021431,-0.5378659963607788,-0.6511924862861633,-0.5094960927963257
bert-base-multilingual-cased,zh,69,mean_pool,0.3806888461112976,-0.637656569480896,-0.1518580466508865,-0.0930999517440795
bert-base-multilingual-cased,zh,70,mean_pool,0.1175871044397354,-0.4584455192089081,-0.5925226807594299,-0.5576226711273193
bert-base-multilingual-cased,zh,71,mean_pool,0.1195712089538574,-0.6769648790359497,-0.792987585067749,-0.7412827014923096
bert-base-multilingual-cased,zh,72,mean_pool,0.2958166897296905,-0.6534639000892639,-0.9456523060798644,-0.8007515072822571
bert-base-multilingual-cased,zh,73,mean_pool,0.0922365188598632,-0.6311178207397461,-0.7866611480712891,-0.5341050624847412
bert-base-multilingual-cased,zh,74,mean_pool,0.1374759525060653,-0.5002280473709106,-0.8878782987594604,-0.801129162311554
bert-base-multilingual-cased,zh,75,mean_pool,0.1890379041433334,-0.3810627162456512,-0.8548763394355774,-0.6840416789054871
bert-base-multilingual-cased,zh,76,mean_pool,0.226843848824501,-0.3357430398464203,-0.7553818821907043,-0.5122911334037781
bert-base-multilingual-cased,zh,77,mean_pool,0.1517197638750076,-0.692724883556366,-0.6365036368370056,-0.5601404905319214
bert-base-multilingual-cased,zh,78,mean_pool,0.0981607735157013,-0.5649630427360535,-0.8473429083824158,-0.5026450157165527
bert-base-multilingual-cased,zh,79,mean_pool,0.2846077978610992,-0.7117968797683716,-0.337361216545105,-0.2346998304128646
bert-base-multilingual-cased,zh,80,mean_pool,0.1847196817398071,-0.4568837285041809,-0.8466178178787231,-0.2461857795715332
bert-base-multilingual-cased,zh,81,mean_pool,0.2902121245861053,-0.8004494905471802,-0.4523716270923614,-0.3638668656349182
bert-base-multilingual-cased,zh,82,mean_pool,0.2394503653049469,-0.5318864583969116,-0.8883399367332458,-0.774531900882721
bert-base-multilingual-cased,zh,83,mean_pool,0.0956246256828308,-0.4632066488265991,-0.846501350402832,-0.6250936985015869
bert-base-multilingual-cased,zh,84,mean_pool,0.1357668042182922,-0.3322149217128753,-0.5833679437637329,-0.5590563416481018
bert-base-multilingual-cased,zh,85,mean_pool,0.2318649888038635,-0.4247353672981262,-0.8951133489608765,-0.7490829229354858
bert-base-multilingual-cased,zh,86,mean_pool,0.2641039788722992,-0.7878407835960388,-0.4649980664253235,-0.4326128661632538
bert-base-multilingual-cased,zh,87,mean_pool,0.215180218219757,-0.5384358167648315,-0.8604766726493835,-0.7206993699073792
bert-base-multilingual-cased,zh,88,mean_pool,0.17442287504673,-0.6442689895629883,-0.670143723487854,-0.5548332929611206
bert-base-multilingual-cased,zh,89,mean_pool,0.2711009085178375,-0.4941413998603821,-0.8947819471359253,-0.3677484393119812
bert-base-multilingual-cased,zh,90,mean_pool,0.2304784059524536,-0.6681336760520935,-0.2318136394023895,-0.1678274720907211
bert-base-multilingual-cased,zh,91,mean_pool,0.2451886087656021,-0.1945473700761795,-0.8439753651618958,-0.5475058555603027
bert-base-multilingual-cased,zh,92,mean_pool,0.1576771438121795,-0.6879671216011047,-0.6779801845550537,-0.5091472268104553
bert-base-multilingual-cased,zh,93,mean_pool,0.0765003636479377,-0.4573058485984802,-0.7903308272361755,-0.5533342957496643
bert-base-multilingual-cased,zh,94,mean_pool,0.230420708656311,-0.2090512812137603,-0.8319516181945801,-0.5190173387527466
bert-base-multilingual-cased,zh,95,mean_pool,0.0948033034801483,-0.7553938627243042,-0.7212440371513367,-0.6536152958869934
bert-base-multilingual-cased,zh,96,mean_pool,0.2671312391757965,-0.6372495889663696,-0.8997992873191833,-0.6854909062385559
bert-base-multilingual-cased,zh,97,mean_pool,0.049245074391365,-0.5097941756248474,-0.64602130651474,-0.5781477093696594
bert-base-multilingual-cased,zh,98,mean_pool,0.1151581555604934,-0.6239916086196899,-0.8512136340141296,-0.8006668090820312
bert-base-multilingual-cased,zh,99,mean_pool,0.0818277075886726,-0.6654617786407471,-0.7725622057914734,-0.4573048651218414
bert-base-multilingual-cased,zh,100,mean_pool,0.1770815551280975,-0.5751972198486328,-0.8939058780670166,-0.7468277812004089
bert-base-multilingual-cased,zh,101,mean_pool,0.1625158637762069,-0.5267177224159241,-0.9033900499343872,-0.7508869171142578
bert-base-multilingual-cased,zh,102,mean_pool,0.3126924335956573,-0.6405142545700073,-0.2435865849256515,-0.0656614452600479
bert-base-multilingual-cased,zh,103,mean_pool,0.2053877413272857,-0.8074594736099243,-0.7786381244659424,-0.5170433521270752
bert-base-multilingual-cased,zh,104,mean_pool,0.1218231916427612,-0.5285986661911011,-0.8080623745918274,-0.594782292842865
bert-base-multilingual-cased,zh,105,mean_pool,0.2587884366512298,-0.7660344243049622,-0.964366376399994,-0.7819766402244568
bert-base-multilingual-cased,zh,106,mean_pool,0.1547441184520721,-0.587617039680481,-0.5488207936286926,-0.3572258651256561
bert-base-multilingual-cased,zh,107,mean_pool,0.1062836945056915,-0.4675549566745758,-0.7880764603614807,-0.6284329891204834
bert-base-multilingual-cased,zh,108,mean_pool,0.1365496963262558,-0.4061359465122223,-0.8831069469451904,-0.6641554236412048
bert-base-multilingual-cased,zh,109,mean_pool,0.1540590822696685,-0.6275008916854858,-0.9108539819717408,-0.5600851774215698
bert-base-multilingual-cased,zh,110,mean_pool,0.1953004002571106,-0.588921308517456,-0.7875237464904785,-0.5580319166183472
bert-base-multilingual-cased,zh,111,mean_pool,0.1262922883033752,-0.6523110866546631,-0.6251726746559143,-0.544913113117218
bert-base-multilingual-cased,zh,112,mean_pool,0.2554354071617126,-0.582844078540802,-0.9395198822021484,-0.7540441751480103
bert-base-multilingual-cased,zh,113,mean_pool,0.3353778123855591,-0.5533342957496643,-0.3240962624549866,-0.2851971089839935
bert-base-multilingual-cased,zh,114,mean_pool,0.0640154704451561,-0.6197850704193115,-0.691392183303833,-0.2723202407360077
bert-base-multilingual-cased,zh,115,mean_pool,0.1375274062156677,-0.5553619861602783,-0.7920930981636047,-0.5425034761428833
bert-base-multilingual-cased,zh,116,mean_pool,0.2215332090854644,-0.6506978869438171,-0.4261825084686279,-0.318135142326355
bert-base-multilingual-cased,zh,117,mean_pool,0.1617834568023681,-0.7346370220184326,-0.808029294013977,-0.6878224611282349
bert-base-multilingual-cased,zh,118,mean_pool,0.2338279634714126,-0.7519660592079163,-0.9256877899169922,-0.7610328793525696
bert-base-multilingual-cased,zh,119,mean_pool,0.193958967924118,-0.5831213593482971,-0.9073293805122375,-0.7287836670875549
bert-base-multilingual-cased,zh,120,mean_pool,0.3288979530334472,-0.6143264770507812,-0.8914350867271423,-0.379455029964447
bert-base-multilingual-cased,zh,121,mean_pool,0.0632658451795578,-0.6223743557929993,-0.8544991612434387,-0.6288793087005615
bert-base-multilingual-cased,zh,122,mean_pool,0.1987366825342178,-0.5551499724388123,-0.9089332222938538,-0.6914965510368347
bert-base-multilingual-cased,zh,123,mean_pool,0.1042748913168907,-0.377108633518219,-0.8599048852920532,-0.6699626445770264
bert-base-multilingual-cased,zh,124,mean_pool,0.167875126004219,-0.7328552603721619,-0.777448296546936,-0.6296191811561584
bert-base-multilingual-cased,zh,125,mean_pool,0.2195551842451095,-0.7542228698730469,-0.9451918601989746,-0.8126366138458252
bert-base-multilingual-cased,zh,126,mean_pool,0.1802449822425842,-0.5146082639694214,-0.8612563610076904,-0.6246417164802551
bert-base-multilingual-cased,zh,127,mean_pool,0.0941324084997177,-0.6240999102592468,-0.8419651389122009,-0.64360511302948
bert-base-multilingual-cased,zh,128,mean_pool,0.2659420371055603,-0.3275111615657806,-0.8501875400543213,-0.6195211410522461
bert-base-multilingual-cased,zh,129,mean_pool,0.2111007273197174,-0.7533354163169861,-0.6829195022583008,-0.4118433594703674
bert-base-multilingual-cased,zh,130,mean_pool,0.1921255439519882,-0.6818183660507202,-0.7715873122215271,-0.6506819128990173
bert-base-multilingual-cased,zh,131,mean_pool,0.2038295865058899,-0.4783408045768738,-0.8910889029502869,-0.7258870005607605
bert-base-multilingual-cased,zh,132,mean_pool,0.0742575302720069,-0.7406171560287476,-0.6742393970489502,-0.7434133887290955
bert-base-multilingual-cased,zh,133,mean_pool,0.1807719618082046,-0.298277348279953,-0.623112678527832,-0.5368992686271667
bert-base-multilingual-cased,zh,134,mean_pool,0.1011128574609756,-0.6024839878082275,-0.7636851668357849,-0.5662418007850647
bert-base-multilingual-cased,zh,135,mean_pool,0.1037032306194305,-0.5805088877677917,-0.7855334877967834,-0.6145370602607727
bert-base-multilingual-cased,zh,136,mean_pool,0.2532386183738708,-0.5055925846099854,-0.9123564958572388,-0.7229248285293579
bert-base-multilingual-cased,zh,137,mean_pool,0.1266513913869857,-0.6666094660758972,-0.8496890068054199,-0.7469584345817566
bert-base-multilingual-cased,zh,138,mean_pool,0.2786508798599243,-0.4515272080898285,-0.9358696341514589,-0.7902520895004272
bert-base-multilingual-cased,zh,139,mean_pool,0.0460352972149848,-0.5095325708389282,-0.8372273445129395,-0.6149405241012573
bert-base-multilingual-cased,zh,140,mean_pool,0.1714092642068863,-0.3980268836021423,-0.7849155068397522,-0.5026159882545471
bert-base-multilingual-cased,zh,141,mean_pool,0.2419814318418502,-0.7726714015007019,-0.8472731709480286,-0.7196847796440125
bert-base-multilingual-cased,zh,142,mean_pool,0.2044461220502853,-0.5995100736618042,-0.9356008768081664,-0.733895480632782
bert-base-multilingual-cased,zh,143,mean_pool,0.2195580452680587,-0.65526282787323,-0.945617973804474,-0.7793629765510559
bert-base-multilingual-cased,zh,144,mean_pool,0.2153566479682922,-0.4629452228546142,-0.8784371018409729,-0.688929557800293
bert-base-multilingual-cased,zh,145,mean_pool,0.2943235039710998,-0.6699914336204529,-0.304057240486145,-0.3307001888751983
bert-base-multilingual-cased,zh,146,mean_pool,0.1546967923641204,-0.2833733260631561,-0.7534260749816895,-0.6566130518913269
bert-base-multilingual-cased,zh,147,mean_pool,0.2487826496362686,-0.729362964630127,-0.634460985660553,-0.5453668236732483
bert-base-multilingual-cased,zh,148,mean_pool,0.1071502938866615,-0.6713125705718994,-0.5027017593383789,-0.4699690341949463
bert-base-multilingual-cased,zh,149,mean_pool,0.2037463337182998,-0.7932133078575134,-0.831331193447113,-0.6987301111221313
bert-base-multilingual-cased,zh,150,mean_pool,0.1278489828109741,-0.6177758574485779,-0.6774652004241943,-0.3446179032325744
bert-base-multilingual-cased,zh,151,mean_pool,0.179440751671791,-0.4369234442710876,-0.8752279877662659,-0.698703408241272
bert-base-multilingual-cased,zh,152,mean_pool,0.121545135974884,-0.7206487059593201,-0.7744321823120117,-0.8108927011489868
bert-base-multilingual-cased,zh,153,mean_pool,0.0455379784107208,-0.6732514500617981,-0.8082411885261536,-0.6028488278388977
bert-base-multilingual-cased,zh,154,mean_pool,0.3640320301055908,-0.7229357957839966,-0.2995631694793701,-0.4319846034049988
bert-base-multilingual-cased,zh,155,mean_pool,0.0922567099332809,-0.465626060962677,-0.6603270769119263,-0.6481837034225464
bert-base-multilingual-cased,zh,156,mean_pool,0.1322706639766693,-0.7546533942222595,-0.8147994875907898,-0.602869987487793
bert-base-multilingual-cased,zh,157,mean_pool,0.2147291898727417,-0.5285465717315674,-0.9181362986564636,-0.7420358061790466
bert-base-multilingual-cased,zh,158,mean_pool,0.1244253069162368,-0.5111420750617981,-0.7467623949050903,-0.4163293540477752
bert-base-multilingual-cased,zh,159,mean_pool,0.2082546353340149,-0.7061638236045837,-0.9304001927375792,-0.7059073448181152
bert-base-multilingual-cased,en,0,marker_pool,0.1291428059339523,-0.2693306505680084,-0.680182933807373,-0.2943169176578522
bert-base-multilingual-cased,en,1,marker_pool,0.2027046531438827,-0.1443727612495422,-0.7987614274024963,-0.1765098869800567
bert-base-multilingual-cased,en,2,marker_pool,0.1360518187284469,-0.1745568066835403,-0.722930371761322,-0.2555481195449829
bert-base-multilingual-cased,en,3,marker_pool,0.1437893360853195,-0.281262993812561,-0.6511224508285522,-0.3548270463943481
bert-base-multilingual-cased,en,4,marker_pool,0.1432901173830032,-0.2488457560539245,-0.6719132661819458,-0.3656935095787048
bert-base-multilingual-cased,en,5,marker_pool,0.1603198945522308,-0.2005280405282974,-0.7189401984214783,-0.3675470650196075
bert-base-multilingual-cased,en,6,marker_pool,0.150324061512947,-0.2128410935401916,-0.7333878874778748,-0.2416140586137771
bert-base-multilingual-cased,en,7,marker_pool,0.1333993077278137,-0.2479649633169174,-0.649770200252533,-0.3760976493358612
bert-base-multilingual-cased,en,8,marker_pool,0.1478813737630844,-0.1943648159503936,-0.6928128004074097,-0.303398460149765
bert-base-multilingual-cased,en,9,marker_pool,0.1405024975538253,-0.2062224745750427,-0.6965757012367249,-0.2834263741970062
bert-base-multilingual-cased,en,10,marker_pool,0.1468148529529571,-0.2042256295680999,-0.75262051820755,-0.2694401144981384
bert-base-multilingual-cased,en,11,marker_pool,0.1584703922271728,-0.2122496962547302,-0.7406321167945862,-0.2966009378433227
bert-base-multilingual-cased,en,12,marker_pool,0.1374539881944656,-0.1700935661792755,-0.701406717300415,-0.3059855699539184
bert-base-multilingual-cased,en,13,marker_pool,0.1507922112941742,-0.2183911502361297,-0.6872036457061768,-0.317994624376297
bert-base-multilingual-cased,en,14,marker_pool,0.1384088099002838,-0.2261984199285507,-0.6806515455245972,-0.3183039426803589
bert-base-multilingual-cased,en,15,marker_pool,0.2160204350948333,-0.185170441865921,-0.7470954060554504,-0.228712573647499
bert-base-multilingual-cased,en,16,marker_pool,0.1132036671042442,-0.2736987769603729,-0.6434308290481567,-0.3474820554256439
bert-base-multilingual-cased,en,17,marker_pool,0.1195297241210937,-0.2754139602184295,-0.6625252366065979,-0.2909679114818573
bert-base-multilingual-cased,en,18,marker_pool,0.1133588552474975,-0.2635435163974762,-0.6401760578155518,-0.3246038258075714
bert-base-multilingual-cased,en,19,marker_pool,0.1953914761543274,-0.2448122948408126,-0.7621511220932007,-0.3257721364498138
bert-base-multilingual-cased,en,20,marker_pool,0.1324820220470428,-0.2906040549278259,-0.7015662789344788,-0.351010113954544
bert-base-multilingual-cased,en,21,marker_pool,0.1152821704745292,-0.2745881080627441,-0.656590461730957,-0.3590908944606781
bert-base-multilingual-cased,en,22,marker_pool,0.1478639245033264,-0.1969999521970749,-0.752656877040863,-0.277608573436737
bert-base-multilingual-cased,en,23,marker_pool,0.131509318947792,-0.2635317146778106,-0.6569145321846008,-0.3569315671920776
bert-base-multilingual-cased,en,24,marker_pool,0.1589147746562957,-0.1511050760746002,-0.7305381894111633,-0.2398990839719772
bert-base-multilingual-cased,en,25,marker_pool,0.1283678412437439,-0.2283484190702438,-0.7040368318557739,-0.328728973865509
bert-base-multilingual-cased,en,26,marker_pool,0.125084787607193,-0.2591944634914398,-0.6721169948577881,-0.3570464253425598
bert-base-multilingual-cased,en,27,marker_pool,0.1886118501424789,-0.252494752407074,-0.7270517349243164,-0.2794819176197052
bert-base-multilingual-cased,en,28,marker_pool,0.1661069095134735,-0.1493927389383316,-0.7487714290618896,-0.165719524025917
bert-base-multilingual-cased,en,29,marker_pool,0.1936517357826233,-0.1332229226827621,-0.7543990015983582,-0.230768010020256
bert-base-multilingual-cased,en,30,marker_pool,0.131804272532463,-0.2176204174757003,-0.6849216222763062,-0.2871866822242737
bert-base-multilingual-cased,en,31,marker_pool,0.200618177652359,-0.236069917678833,-0.7256231307983398,-0.2721655964851379
bert-base-multilingual-cased,en,32,marker_pool,0.1701793670654297,-0.2005765587091446,-0.7434230446815491,-0.2775752246379852
bert-base-multilingual-cased,en,33,marker_pool,0.1329890191555023,-0.2715157270431518,-0.6416293978691101,-0.3728649020195007
bert-base-multilingual-cased,en,34,marker_pool,0.1497586518526077,-0.2111090719699859,-0.7010793089866638,-0.211844727396965
bert-base-multilingual-cased,en,35,marker_pool,0.1195422559976577,-0.1807440668344497,-0.7155975699424744,-0.2565341293811798
bert-base-multilingual-cased,en,36,marker_pool,0.1903468817472458,-0.2108491361141204,-0.75749272108078,-0.2358679473400116
bert-base-multilingual-cased,en,37,marker_pool,0.1576612740755081,-0.1968437284231186,-0.6804471611976624,-0.3257469534873962
bert-base-multilingual-cased,en,38,marker_pool,0.1172973215579986,-0.2444788664579391,-0.6737052202224731,-0.3336813747882843
bert-base-multilingual-cased,en,39,marker_pool,0.1436569839715957,-0.2057177871465683,-0.7341011166572571,-0.2736875414848327
bert-base-multilingual-cased,en,40,marker_pool,0.1512402892112732,-0.2367854118347168,-0.7352472543716431,-0.3418735265731811
bert-base-multilingual-cased,en,41,marker_pool,0.1005222499370575,-0.2536182403564453,-0.650526762008667,-0.3133107125759125
bert-base-multilingual-cased,en,42,marker_pool,0.1469813287258148,-0.1995569616556167,-0.7036341428756714,-0.3055742383003235
bert-base-multilingual-cased,en,43,marker_pool,0.1961576491594314,-0.2237265706062317,-0.7359015941619873,-0.2488710731267929
bert-base-multilingual-cased,en,44,marker_pool,0.1466204524040222,-0.2348336726427078,-0.7044766545295715,-0.3254287540912628
bert-base-multilingual-cased,en,45,marker_pool,0.194852665066719,-0.2224975526332855,-0.7645997405052185,-0.2228352278470993
bert-base-multilingual-cased,en,46,marker_pool,0.1128727719187736,-0.2203247249126434,-0.7042098641395569,-0.3115744590759277
bert-base-multilingual-cased,en,47,marker_pool,0.1441889256238937,-0.1894559860229492,-0.6995449662208557,-0.1637201756238937
bert-base-multilingual-cased,en,48,marker_pool,0.1421718150377273,-0.2596564292907715,-0.6767174005508423,-0.3081924617290497
bert-base-multilingual-cased,en,49,marker_pool,0.1747794896364212,-0.2463007122278213,-0.7217846512794495,-0.2770373821258545
bert-base-multilingual-cased,en,50,marker_pool,0.18514946103096,-0.2144551128149032,-0.7496036887168884,-0.2087365686893463
bert-base-multilingual-cased,en,51,marker_pool,0.1475679129362106,-0.220467135310173,-0.645163893699646,-0.3822284936904907
bert-base-multilingual-cased,en,52,marker_pool,0.1487706154584884,-0.2609642148017883,-0.7102388739585876,-0.330875813961029
bert-base-multilingual-cased,en,53,marker_pool,0.1531233042478561,-0.159879669547081,-0.7357084155082703,-0.2269914299249649
bert-base-multilingual-cased,en,54,marker_pool,0.1596763283014297,-0.2702850103378296,-0.6872451305389404,-0.3403924405574798
bert-base-multilingual-cased,en,55,marker_pool,0.1349504888057708,-0.2709404230117798,-0.6667172312736511,-0.3698556125164032
bert-base-multilingual-cased,en,56,marker_pool,0.1827297061681747,-0.2457838803529739,-0.7173267006874084,-0.3248377442359924
bert-base-multilingual-cased,en,57,marker_pool,0.2015236318111419,-0.1857280880212783,-0.7583345174789429,-0.2287681698799133
bert-base-multilingual-cased,en,58,marker_pool,0.114825427532196,-0.2615857720375061,-0.6663201451301575,-0.3179763257503509
bert-base-multilingual-cased,en,59,marker_pool,0.131328597664833,-0.1540669351816177,-0.7238651514053345,-0.2641866207122803
bert-base-multilingual-cased,en,60,marker_pool,0.1453809291124344,-0.1710198819637298,-0.7151055932044983,-0.3256932199001312
bert-base-multilingual-cased,en,61,marker_pool,0.1434552073478698,-0.204988345503807,-0.7381463050842285,-0.2750947475433349
bert-base-multilingual-cased,en,62,marker_pool,0.1586896777153015,-0.1621290147304535,-0.74142986536026,-0.2063813358545303
bert-base-multilingual-cased,en,63,marker_pool,0.1802587360143661,-0.1912969648838043,-0.7645047307014465,-0.2427051216363906
bert-base-multilingual-cased,en,64,marker_pool,0.1599667519330978,-0.2527114450931549,-0.7403479218482971,-0.3001051843166351
bert-base-multilingual-cased,en,65,marker_pool,0.1365412026643753,-0.1890411227941513,-0.7370212078094482,-0.2874823808670044
bert-base-multilingual-cased,en,66,marker_pool,0.1726154237985611,-0.1455978155136108,-0.7534550428390503,-0.1385630965232849
bert-base-multilingual-cased,en,67,marker_pool,0.1369776576757431,-0.1887504160404205,-0.7132790088653564,-0.3665362894535064
bert-base-multilingual-cased,en,68,marker_pool,0.1235679984092712,-0.2535704672336578,-0.6905586123466492,-0.2904980182647705
bert-base-multilingual-cased,en,69,marker_pool,0.1925734728574752,-0.2027094364166259,-0.766867995262146,-0.2548283636569977
bert-base-multilingual-cased,en,70,marker_pool,0.1402419805526733,-0.2109909653663635,-0.7487709522247314,-0.2780482769012451
bert-base-multilingual-cased,en,71,marker_pool,0.1531910747289657,-0.1571388989686966,-0.7580753564834595,-0.2621023654937744
bert-base-multilingual-cased,en,72,marker_pool,0.1671714782714843,-0.1858839243650436,-0.7435888051986694,-0.2234924733638763
bert-base-multilingual-cased,en,73,marker_pool,0.1482845395803451,-0.2565796375274658,-0.705837607383728,-0.2823371291160583
bert-base-multilingual-cased,en,74,marker_pool,0.1467077434062957,-0.2326816469430923,-0.6993039846420288,-0.2892703711986542
bert-base-multilingual-cased,en,75,marker_pool,0.1242317706346511,-0.2579905092716217,-0.6712737679481506,-0.3548489212989807
bert-base-multilingual-cased,en,76,marker_pool,0.1633987724781036,-0.1508885324001312,-0.7152012586593628,-0.3309648334980011
bert-base-multilingual-cased,en,77,marker_pool,0.1259052157402038,-0.2812255918979645,-0.6783981919288635,-0.3175246119499206
bert-base-multilingual-cased,en,78,marker_pool,0.1659872084856033,-0.2613716721534729,-0.6749317646026611,-0.3832012116909027
bert-base-multilingual-cased,en,79,marker_pool,0.149984672665596,-0.2528479993343353,-0.7045263051986694,-0.2841489017009735
bert-base-multilingual-cased,en,80,marker_pool,0.1603205204010009,-0.1866133958101272,-0.7104141712188721,-0.3268274068832397
bert-base-multilingual-cased,en,81,marker_pool,0.1424828171730041,-0.1817150115966797,-0.7497265934944153,-0.2278823554515838
bert-base-multilingual-cased,en,82,marker_pool,0.1427674442529678,-0.2597504556179046,-0.7157058715820312,-0.3428142666816711
bert-base-multilingual-cased,en,83,marker_pool,0.1651545166969299,-0.1917954236268997,-0.724250853061676,-0.3053467273712158
bert-base-multilingual-cased,en,84,marker_pool,0.1291290074586868,-0.2549503445625305,-0.6815671324729919,-0.3590973913669586
bert-base-multilingual-cased,en,85,marker_pool,0.1255638748407364,-0.2078552842140197,-0.6765356659889221,-0.2752379179000854
bert-base-multilingual-cased,en,86,marker_pool,0.1320995390415191,-0.1661887466907501,-0.7324927449226379,-0.1822724491357803
bert-base-multilingual-cased,en,87,marker_pool,0.205697551369667,-0.1419147253036499,-0.7744724154472351,-0.1981186419725418
bert-base-multilingual-cased,en,88,marker_pool,0.1558247804641723,-0.2353704273700714,-0.7297956347465515,-0.2653524279594421
bert-base-multilingual-cased,en,89,marker_pool,0.1461825668811798,-0.1989190876483917,-0.7220876216888428,-0.1936112642288208
bert-base-multilingual-cased,en,90,marker_pool,0.2140408158302307,-0.1452368944883346,-0.7523704171180725,-0.1897904127836227
bert-base-multilingual-cased,en,91,marker_pool,0.1438084244728088,-0.2535976469516754,-0.6571602821350098,-0.3781233727931976
bert-base-multilingual-cased,en,92,marker_pool,0.1998230218887329,-0.2123659402132034,-0.7977879047393799,-0.2146663069725036
bert-base-multilingual-cased,en,93,marker_pool,0.1656309366226196,-0.2677619755268097,-0.7041749954223633,-0.3052868545055389
bert-base-multilingual-cased,en,94,marker_pool,0.1723756194114685,-0.1751867085695266,-0.7789028286933899,-0.3185648620128631
bert-base-multilingual-cased,en,95,marker_pool,0.1396951824426651,-0.1949162185192108,-0.6865611672401428,-0.3067041337490082
bert-base-multilingual-cased,en,96,marker_pool,0.1628704220056533,-0.2386166602373123,-0.7031127214431763,-0.3574098348617553
bert-base-multilingual-cased,en,97,marker_pool,0.1342287361621856,-0.1447919905185699,-0.7443639039993286,-0.2571991384029388
bert-base-multilingual-cased,en,98,marker_pool,0.1676401644945144,-0.2495045512914657,-0.6945081353187561,-0.3646036386489868
bert-base-multilingual-cased,en,99,marker_pool,0.1396838277578354,-0.175744742155075,-0.6557715535163879,-0.317271888256073
bert-base-multilingual-cased,en,100,marker_pool,0.0999960526823997,-0.2937699854373932,-0.6847555041313171,-0.3310785293579101
bert-base-multilingual-cased,en,101,marker_pool,0.1550928503274917,-0.2254103869199752,-0.7047269344329834,-0.3678367137908935
bert-base-multilingual-cased,en,102,marker_pool,0.1720376759767532,-0.2652875781059265,-0.703805148601532,-0.3159950375556946
bert-base-multilingual-cased,en,103,marker_pool,0.1693203449249267,-0.2008615732192993,-0.7129441499710083,-0.3204123377799988
bert-base-multilingual-cased,en,104,marker_pool,0.1486772149801254,-0.2408893555402755,-0.7087130546569824,-0.3340829908847809
bert-base-multilingual-cased,en,105,marker_pool,0.1539318561553955,-0.1613946557044983,-0.6947256326675415,-0.3882983922958374
bert-base-multilingual-cased,en,106,marker_pool,0.1736187636852264,-0.2192365080118179,-0.7490817308425903,-0.2882401943206787
bert-base-multilingual-cased,en,107,marker_pool,0.1502061784267425,-0.204996570944786,-0.6984180212020874,-0.278902143239975
bert-base-multilingual-cased,en,108,marker_pool,0.0982821732759475,-0.1889329999685287,-0.68024080991745,-0.2593979239463806
bert-base-multilingual-cased,en,109,marker_pool,0.1573967635631561,-0.1890662759542465,-0.7517062425613403,-0.244906336069107
bert-base-multilingual-cased,en,110,marker_pool,0.1794158965349197,-0.1585647761821746,-0.7940130829811096,-0.1487489491701126
bert-base-multilingual-cased,en,111,marker_pool,0.1654411256313324,-0.1852211654186248,-0.691879153251648,-0.3676858246326446
bert-base-multilingual-cased,en,112,marker_pool,0.199906438589096,-0.1369886696338653,-0.7474337816238403,-0.2399904876947403
bert-base-multilingual-cased,en,113,marker_pool,0.1085316091775894,-0.1882152706384658,-0.6462951898574829,-0.2614881694316864
bert-base-multilingual-cased,en,114,marker_pool,0.2275310307741165,-0.2390365451574325,-0.7595959901809692,-0.2843826711177826
bert-base-multilingual-cased,en,115,marker_pool,0.1803724616765976,-0.2532241642475128,-0.7201233506202698,-0.3022151589393616
bert-base-multilingual-cased,en,116,marker_pool,0.2060912996530532,-0.1600687950849533,-0.7662462592124939,-0.2275581657886505
bert-base-multilingual-cased,en,117,marker_pool,0.1432795822620391,-0.1986680328845977,-0.7341334223747253,-0.1972009688615799
bert-base-multilingual-cased,en,118,marker_pool,0.1430404484272003,-0.2556916177272796,-0.6396061182022095,-0.4123862981796264
bert-base-multilingual-cased,en,119,marker_pool,0.1162598431110382,-0.2111266851425171,-0.6905813217163086,-0.2731114029884338
bert-base-multilingual-cased,en,120,marker_pool,0.1612581759691238,-0.2081170082092285,-0.6977362632751465,-0.343453973531723
bert-base-multilingual-cased,en,121,marker_pool,0.1244382932782173,-0.2935900092124939,-0.729133129119873,-0.2717099785804748
bert-base-multilingual-cased,en,122,marker_pool,0.1408243924379348,-0.2051585465669632,-0.6716252565383911,-0.28110471367836
bert-base-multilingual-cased,en,123,marker_pool,0.1627240478992462,-0.1558931618928909,-0.7296493649482727,-0.1822739392518997
bert-base-multilingual-cased,en,124,marker_pool,0.1606187224388122,-0.2432798892259597,-0.7431365847587585,-0.2977270781993866
bert-base-multilingual-cased,en,125,marker_pool,0.1849584281444549,-0.1830249726772308,-0.7319932579994202,-0.1435325443744659
bert-base-multilingual-cased,en,126,marker_pool,0.1974051147699356,-0.218159943819046,-0.7438070774078369,-0.3270867466926574
bert-base-multilingual-cased,en,127,marker_pool,0.1904558986425399,-0.1846553832292556,-0.7837833166122437,-0.2304040342569351
bert-base-multilingual-cased,en,128,marker_pool,0.1584226340055465,-0.1646262109279632,-0.7504887580871582,-0.1959555149078369
bert-base-multilingual-cased,en,129,marker_pool,0.1521705538034439,-0.2076045870780944,-0.6874388456344604,-0.2807634472846985
bert-base-multilingual-cased,en,130,marker_pool,0.2048421204090118,-0.1392373591661453,-0.7995460033416748,-0.223899245262146
bert-base-multilingual-cased,en,131,marker_pool,0.1599258035421371,-0.218434989452362,-0.7500041723251343,-0.2800109386444092
bert-base-multilingual-cased,en,132,marker_pool,0.182216927409172,-0.1317304670810699,-0.7460026741027832,-0.2633494734764099
bert-base-multilingual-cased,en,133,marker_pool,0.1318497508764267,-0.2401914149522781,-0.7069888114929199,-0.3233346939086914
bert-base-multilingual-cased,en,134,marker_pool,0.1914345324039459,-0.1860645413398742,-0.7041158080101013,-0.2966587245464325
bert-base-multilingual-cased,en,135,marker_pool,0.1629591733217239,-0.1798920780420303,-0.6988504528999329,-0.3600995242595672
bert-base-multilingual-cased,en,136,marker_pool,0.1317574828863144,-0.2342681735754013,-0.7292444705963135,-0.2817708253860473
bert-base-multilingual-cased,en,137,marker_pool,0.1561071723699569,-0.1834903061389923,-0.7014665603637695,-0.2263520807027816
bert-base-multilingual-cased,en,138,marker_pool,0.1354748755693435,-0.1895310431718826,-0.7142122387886047,-0.2535148859024048
bert-base-multilingual-cased,en,139,marker_pool,0.1702358424663543,-0.192336618900299,-0.7305809259414673,-0.2283902019262313
bert-base-multilingual-cased,en,140,marker_pool,0.1462032198905944,-0.1835221350193023,-0.7452144026756287,-0.1788702309131622
bert-base-multilingual-cased,en,141,marker_pool,0.1466229856014251,-0.1814853101968765,-0.7103700637817383,-0.262967973947525
bert-base-multilingual-cased,en,142,marker_pool,0.1710516214370727,-0.1527912616729736,-0.7444691061973572,-0.248649924993515
bert-base-multilingual-cased,en,143,marker_pool,0.1502681225538253,-0.178553432226181,-0.7402245998382568,-0.2560504674911499
bert-base-multilingual-cased,en,144,marker_pool,0.12944296002388,-0.2618511319160461,-0.6738081574440002,-0.3423680365085602
bert-base-multilingual-cased,en,145,marker_pool,0.133229911327362,-0.1663312166929245,-0.684549868106842,-0.267286092042923
bert-base-multilingual-cased,en,146,marker_pool,0.1977094858884811,-0.2398217171430587,-0.7091119289398193,-0.3671992123126983
bert-base-multilingual-cased,en,147,marker_pool,0.1526940762996673,-0.2424574196338653,-0.7538390755653381,-0.2878628373146057
bert-base-multilingual-cased,en,148,marker_pool,0.1442274302244186,-0.2461765706539154,-0.7189292311668396,-0.3260511755943298
bert-base-multilingual-cased,en,149,marker_pool,0.2352334707975387,-0.2106613665819168,-0.763968288898468,-0.2407152205705642
bert-base-multilingual-cased,en,150,marker_pool,0.1222679018974304,-0.2576771080493927,-0.6588301062583923,-0.3114071190357208
bert-base-multilingual-cased,en,151,marker_pool,0.1615870743989944,-0.185534581542015,-0.7069441676139832,-0.3477700650691986
bert-base-multilingual-cased,en,152,marker_pool,0.168440043926239,-0.232167899608612,-0.7469771504402161,-0.2416086494922638
bert-base-multilingual-cased,en,153,marker_pool,0.1307649463415146,-0.253200352191925,-0.6857108473777771,-0.2863896489143371
bert-base-multilingual-cased,en,154,marker_pool,0.1492885649204254,-0.2103659212589264,-0.6828418970108032,-0.3704160451889038
bert-base-multilingual-cased,en,155,marker_pool,0.1994305998086929,-0.2237708866596222,-0.7806156277656555,-0.2763715386390686
bert-base-multilingual-cased,en,156,marker_pool,0.1220589727163314,-0.2370678782463073,-0.6393575072288513,-0.3700408935546875
bert-base-multilingual-cased,en,157,marker_pool,0.1345558315515518,-0.1466614753007888,-0.7517833709716797,-0.1740376502275467
bert-base-multilingual-cased,en,158,marker_pool,0.1773697584867477,-0.222893625497818,-0.7316880226135254,-0.2569023072719574
bert-base-multilingual-cased,en,159,marker_pool,0.1571621000766754,-0.1627716124057769,-0.7024195194244385,-0.3465798497200012
bert-base-multilingual-cased,ru,0,marker_pool,0.0720432177186012,-0.4639693796634674,-0.5210844874382019,-0.4794321358203888
bert-base-multilingual-cased,ru,1,marker_pool,0.0725794062018394,-0.3379189372062683,-0.4903242290019989,-0.5178152322769165
bert-base-multilingual-cased,ru,2,marker_pool,0.0275948513299226,-0.4926395714282989,-0.4686385989189148,-0.5294656753540039
bert-base-multilingual-cased,ru,3,marker_pool,0.0291127115488052,-0.4115934371948242,-0.4642840623855591,-0.4943337142467499
bert-base-multilingual-cased,ru,4,marker_pool,0.0459450334310531,-0.430078387260437,-0.5068744421005249,-0.5018259882926941
bert-base-multilingual-cased,ru,5,marker_pool,0.056322406977415,-0.4366472065448761,-0.4943204820156097,-0.5585345029830933
bert-base-multilingual-cased,ru,6,marker_pool,0.0352808013558387,-0.4593397676944732,-0.4712494015693664,-0.5392264127731323
bert-base-multilingual-cased,ru,7,marker_pool,0.0450078062713146,-0.4460125863552093,-0.4278143942356109,-0.4896324574947357
bert-base-multilingual-cased,ru,8,marker_pool,0.0486703068017959,-0.4305633306503296,-0.4892564415931701,-0.4981790482997894
bert-base-multilingual-cased,ru,9,marker_pool,0.0445796102285385,-0.4350475966930389,-0.4661079347133636,-0.5427071452140808
bert-base-multilingual-cased,ru,10,marker_pool,0.0384093411266803,-0.3381875455379486,-0.4991154372692108,-0.5040796995162964
bert-base-multilingual-cased,ru,11,marker_pool,0.0912548601627349,-0.4792050421237945,-0.4969375431537628,-0.4414786398410797
bert-base-multilingual-cased,ru,12,marker_pool,0.0412577763199806,-0.3813921511173248,-0.5296659469604492,-0.527175784111023
bert-base-multilingual-cased,ru,13,marker_pool,0.0436251759529113,-0.4280762076377868,-0.4857780337333679,-0.5379440784454346
bert-base-multilingual-cased,ru,14,marker_pool,0.0339485965669155,-0.4622729420661926,-0.4706791341304779,-0.5050883293151855
bert-base-multilingual-cased,ru,15,marker_pool,0.022362420335412,-0.4467523694038391,-0.4638779461383819,-0.5367788076400757
bert-base-multilingual-cased,ru,16,marker_pool,0.0204332005232572,-0.4143958985805511,-0.5413407683372498,-0.4805939197540283
bert-base-multilingual-cased,ru,17,marker_pool,0.035662081092596,-0.3759812712669372,-0.509276270866394,-0.4721686542034149
bert-base-multilingual-cased,ru,18,marker_pool,0.0698157325387001,-0.3984076678752899,-0.505499005317688,-0.4480567872524261
bert-base-multilingual-cased,ru,19,marker_pool,0.0420020595192909,-0.4476122260093689,-0.4652244448661804,-0.5375118851661682
bert-base-multilingual-cased,ru,20,marker_pool,0.0262157022953033,-0.5052837133407593,-0.482710987329483,-0.5137900710105896
bert-base-multilingual-cased,ru,21,marker_pool,0.1692113727331161,-0.4656499922275543,-0.4409672915935516,-0.4417817592620849
bert-base-multilingual-cased,ru,22,marker_pool,0.114385575056076,-0.4143165051937103,-0.4707265496253967,-0.4331966042518616
bert-base-multilingual-cased,ru,23,marker_pool,0.0635672211647033,-0.4665658473968506,-0.5123171806335449,-0.5190743207931519
bert-base-multilingual-cased,ru,24,marker_pool,0.0453641191124916,-0.4209784269332886,-0.5136117339134216,-0.4638514220714569
bert-base-multilingual-cased,ru,25,marker_pool,0.0626245439052581,-0.452869713306427,-0.484684944152832,-0.5612606406211853
bert-base-multilingual-cased,ru,26,marker_pool,0.0526250414550304,-0.4118290245532989,-0.5239912867546082,-0.5311271548271179
bert-base-multilingual-cased,ru,27,marker_pool,0.0458066686987876,-0.401280403137207,-0.5015653371810913,-0.5041314959526062
bert-base-multilingual-cased,ru,28,marker_pool,0.0189614091068506,-0.440130203962326,-0.5259907245635986,-0.4880640804767608
bert-base-multilingual-cased,ru,29,marker_pool,0.052148837596178,-0.4684604108333587,-0.4434358775615692,-0.5288004279136658
bert-base-multilingual-cased,ru,30,marker_pool,0.0561025291681289,-0.4117279350757599,-0.4851798713207245,-0.5277476906776428
bert-base-multilingual-cased,ru,31,marker_pool,0.0499093048274517,-0.4615039229393005,-0.4901126027107239,-0.513759434223175
bert-base-multilingual-cased,ru,32,marker_pool,0.052742101252079,-0.419246643781662,-0.4692067503929138,-0.5085098147392273
bert-base-multilingual-cased,ru,33,marker_pool,0.0707773342728614,-0.3925643265247345,-0.4578170478343963,-0.5466335415840149
bert-base-multilingual-cased,ru,34,marker_pool,0.0482596680521965,-0.4771889448165893,-0.4726126492023468,-0.4661715626716614
bert-base-multilingual-cased,ru,35,marker_pool,0.0484534502029418,-0.3844934701919555,-0.529339611530304,-0.502531111240387
bert-base-multilingual-cased,ru,36,marker_pool,0.0550431162118911,-0.4101282060146332,-0.467271476984024,-0.5270969867706299
bert-base-multilingual-cased,ru,37,marker_pool,0.1112775057554245,-0.411003977060318,-0.4536522030830383,-0.5377346277236938
bert-base-multilingual-cased,ru,38,marker_pool,0.0417785719037056,-0.4288332462310791,-0.522710382938385,-0.4623713195323944
bert-base-multilingual-cased,ru,39,marker_pool,0.0635953173041343,-0.4453366100788116,-0.4764737486839294,-0.4920872747898102
bert-base-multilingual-cased,ru,40,marker_pool,0.052710648626089,-0.4584606289863586,-0.5316362380981445,-0.4506920278072357
bert-base-multilingual-cased,ru,41,marker_pool,0.0657717734575271,-0.4016059041023254,-0.5021451115608215,-0.5658382773399353
bert-base-multilingual-cased,ru,42,marker_pool,0.0724233835935592,-0.4784003496170044,-0.4713383018970489,-0.5498661398887634
bert-base-multilingual-cased,ru,43,marker_pool,0.0498083010315895,-0.4301159679889679,-0.5236870050430298,-0.470704972743988
bert-base-multilingual-cased,ru,44,marker_pool,0.0623698867857456,-0.4194613397121429,-0.4794690310955047,-0.4996486306190491
bert-base-multilingual-cased,ru,45,marker_pool,0.0550713986158371,-0.4582431018352508,-0.5310041904449463,-0.5036789774894714
bert-base-multilingual-cased,ru,46,marker_pool,0.0739541798830032,-0.4528588354587555,-0.5650571584701538,-0.5151095390319824
bert-base-multilingual-cased,ru,47,marker_pool,0.042701993137598,-0.4769993126392364,-0.4911430776119232,-0.5102125406265259
bert-base-multilingual-cased,ru,48,marker_pool,0.0278115794062614,-0.4358605444431305,-0.4909914135932922,-0.478345662355423
bert-base-multilingual-cased,ru,49,marker_pool,0.0792037695646286,-0.3944122195243835,-0.4621475040912628,-0.4605718553066253
bert-base-multilingual-cased,ru,50,marker_pool,0.0523489452898502,-0.4199248254299164,-0.4541112780570984,-0.4894028007984161
bert-base-multilingual-cased,ru,51,marker_pool,0.045213732868433,-0.4039240181446075,-0.5094282031059265,-0.4250562191009521
bert-base-multilingual-cased,ru,52,marker_pool,0.0262368433177471,-0.4215046167373657,-0.5153144001960754,-0.4649249315261841
bert-base-multilingual-cased,ru,53,marker_pool,0.0513065382838249,-0.4102671444416046,-0.5000195503234863,-0.4882857501506805
bert-base-multilingual-cased,ru,54,marker_pool,0.0590933412313461,-0.3684845864772796,-0.5290372371673584,-0.515643835067749
bert-base-multilingual-cased,ru,55,marker_pool,0.0536765828728675,-0.4218089282512665,-0.546919047832489,-0.5051348209381104
bert-base-multilingual-cased,ru,56,marker_pool,0.0464196763932704,-0.4009798765182495,-0.4869785606861114,-0.5518521070480347
bert-base-multilingual-cased,ru,57,marker_pool,0.0784370079636573,-0.4389405250549316,-0.5278933048248291,-0.4446201622486114
bert-base-multilingual-cased,ru,58,marker_pool,0.0735127851366996,-0.4793947637081146,-0.4295966625213623,-0.647279679775238
bert-base-multilingual-cased,ru,59,marker_pool,0.0596244111657142,-0.3981132507324219,-0.5354172587394714,-0.5301822423934937
bert-base-multilingual-cased,ru,60,marker_pool,0.0582113042473793,-0.4047540724277496,-0.4682357013225555,-0.5758157968521118
bert-base-multilingual-cased,ru,61,marker_pool,0.0800368562340736,-0.4417059421539306,-0.5295639634132385,-0.4696964621543884
bert-base-multilingual-cased,ru,62,marker_pool,0.06912811845541,-0.3511776924133301,-0.564508855342865,-0.479773998260498
bert-base-multilingual-cased,ru,63,marker_pool,0.0796117112040519,-0.3585907220840454,-0.4734643995761871,-0.5270643830299377
bert-base-multilingual-cased,ru,64,marker_pool,0.0594970509409904,-0.405123233795166,-0.4754773676395416,-0.5621746182441711
bert-base-multilingual-cased,ru,65,marker_pool,0.0521552599966526,-0.4233021140098572,-0.4740247130393982,-0.4901856482028961
bert-base-multilingual-cased,ru,66,marker_pool,0.0532307736575603,-0.4070876836776733,-0.5418592095375061,-0.4676775634288788
bert-base-multilingual-cased,ru,67,marker_pool,0.0466165505349636,-0.398598313331604,-0.5774654150009155,-0.5521769523620605
bert-base-multilingual-cased,ru,68,marker_pool,0.0666178688406944,-0.4745969176292419,-0.5092157125473022,-0.3772646784782409
bert-base-multilingual-cased,ru,69,marker_pool,0.04993861541152,-0.3946850299835205,-0.5222079753875732,-0.5359231233596802
bert-base-multilingual-cased,ru,70,marker_pool,0.0584725141525268,-0.3707486987113952,-0.5465347766876221,-0.4661405086517334
bert-base-multilingual-cased,ru,71,marker_pool,0.0611901506781578,-0.4760669469833374,-0.4415440857410431,-0.5212557315826416
bert-base-multilingual-cased,ru,72,marker_pool,0.0614786818623542,-0.4339435994625091,-0.4874277412891388,-0.5798404812812805
bert-base-multilingual-cased,ru,73,marker_pool,0.0618105605244636,-0.3880504071712494,-0.5197704434394836,-0.4965466558933258
bert-base-multilingual-cased,ru,74,marker_pool,0.0510134883224964,-0.4486413300037384,-0.4976585209369659,-0.4721840918064117
bert-base-multilingual-cased,ru,75,marker_pool,0.0793216899037361,-0.4075672924518585,-0.4682559370994568,-0.5315428972244263
bert-base-multilingual-cased,ru,76,marker_pool,0.0625084042549133,-0.4276965260505676,-0.4649384617805481,-0.4930140972137451
bert-base-multilingual-cased,ru,77,marker_pool,0.0882579460740089,-0.3863199353218078,-0.5382742285728455,-0.4781185686588287
bert-base-multilingual-cased,ru,78,marker_pool,0.0695207193493843,-0.4626036286354065,-0.5181240439414978,-0.4937327802181244
bert-base-multilingual-cased,ru,79,marker_pool,0.0554052628576755,-0.3896869122982025,-0.4976765513420105,-0.5298037528991699
bert-base-multilingual-cased,ru,80,marker_pool,0.053312711417675,-0.3806507587432861,-0.5376982092857361,-0.5346660017967224
bert-base-multilingual-cased,ru,81,marker_pool,0.049218900501728,-0.4110418260097503,-0.4799522757530212,-0.5264225006103516
bert-base-multilingual-cased,ru,82,marker_pool,0.0839995816349983,-0.4129082858562469,-0.4359908103942871,-0.5743364095687866
bert-base-multilingual-cased,ru,83,marker_pool,0.0297938976436853,-0.4345442056655884,-0.5376196503639221,-0.4795360565185547
bert-base-multilingual-cased,ru,84,marker_pool,0.0382924750447273,-0.4621576964855194,-0.4264826774597168,-0.4794502854347229
bert-base-multilingual-cased,ru,85,marker_pool,0.0470374338328838,-0.4285613596439361,-0.4860867261886596,-0.5743741393089294
bert-base-multilingual-cased,ru,86,marker_pool,0.0472092516720294,-0.4035440385341644,-0.5045902132987976,-0.5514388084411621
bert-base-multilingual-cased,ru,87,marker_pool,0.0640177130699157,-0.4597851037979126,-0.5326756834983826,-0.4432229995727539
bert-base-multilingual-cased,ru,88,marker_pool,0.0278883129358291,-0.435754656791687,-0.5300660729408264,-0.4931133389472961
bert-base-multilingual-cased,ru,89,marker_pool,0.0468678846955299,-0.4191496670246124,-0.4989871382713318,-0.4958687126636505
bert-base-multilingual-cased,ru,90,marker_pool,0.0525407753884792,-0.4169915318489074,-0.5238162279129028,-0.5136311054229736
bert-base-multilingual-cased,ru,91,marker_pool,0.05201430991292,-0.4606869220733642,-0.509750485420227,-0.5533331036567688
bert-base-multilingual-cased,ru,92,marker_pool,0.0617326572537422,-0.3765910267829895,-0.4771604537963867,-0.5653998851776123
bert-base-multilingual-cased,ru,93,marker_pool,0.0301101263612508,-0.4129040241241455,-0.5322934985160828,-0.5101379752159119
bert-base-multilingual-cased,ru,94,marker_pool,0.0329864732921123,-0.3926360607147217,-0.459721565246582,-0.5525104403495789
bert-base-multilingual-cased,ru,95,marker_pool,0.0316080749034881,-0.4442572593688965,-0.4927376806735992,-0.4959340393543243
bert-base-multilingual-cased,ru,96,marker_pool,0.0557664670050144,-0.4446207284927368,-0.4557817876338959,-0.5179312229156494
bert-base-multilingual-cased,ru,97,marker_pool,0.0735769867897033,-0.3843386769294739,-0.4636289179325104,-0.5434894561767578
bert-base-multilingual-cased,ru,98,marker_pool,0.0566691346466541,-0.4295991957187652,-0.4909142255783081,-0.5012521743774414
bert-base-multilingual-cased,ru,99,marker_pool,0.0617809817194938,-0.4124624729156494,-0.4683088064193725,-0.481840431690216
bert-base-multilingual-cased,ru,100,marker_pool,0.0647362172603607,-0.3962028324604034,-0.5129152536392212,-0.4750867486000061
bert-base-multilingual-cased,ru,101,marker_pool,0.0922608897089958,-0.4445874392986297,-0.4491630792617798,-0.5343146324157715
bert-base-multilingual-cased,ru,102,marker_pool,0.0483865700662136,-0.4734579920768738,-0.4364809393882751,-0.5283769965171814
bert-base-multilingual-cased,ru,103,marker_pool,0.0371763370931148,-0.4444733560085296,-0.4978941977024078,-0.5691877007484436
bert-base-multilingual-cased,ru,104,marker_pool,0.0475917570292949,-0.4304589927196502,-0.4887180924415588,-0.487872451543808
bert-base-multilingual-cased,ru,105,marker_pool,0.0503141544759273,-0.3699261248111725,-0.5144922137260437,-0.4637132883071899
bert-base-multilingual-cased,ru,106,marker_pool,0.0433576293289661,-0.3809070885181427,-0.5161343216896057,-0.5383982062339783
bert-base-multilingual-cased,ru,107,marker_pool,0.0327087566256523,-0.4210647344589233,-0.5462837219238281,-0.5091697573661804
bert-base-multilingual-cased,ru,108,marker_pool,0.0753381177783012,-0.3925009965896606,-0.4535495042800903,-0.5082471370697021
bert-base-multilingual-cased,ru,109,marker_pool,0.073521114885807,-0.4293837547302246,-0.5346049666404724,-0.4787136912345886
bert-base-multilingual-cased,ru,110,marker_pool,0.046718992292881,-0.4165529012680053,-0.5534502267837524,-0.4910085499286651
bert-base-multilingual-cased,ru,111,marker_pool,0.0878055766224861,-0.428118348121643,-0.500167965888977,-0.4404652714729309
bert-base-multilingual-cased,ru,112,marker_pool,0.0576637871563434,-0.3983257710933685,-0.5064285397529602,-0.4967056214809418
bert-base-multilingual-cased,ru,113,marker_pool,0.1457361280918121,-0.4243970513343811,-0.4258999824523926,-0.4248970746994018
bert-base-multilingual-cased,ru,114,marker_pool,0.0688354894518852,-0.4182681739330292,-0.5685938000679016,-0.5730522871017456
bert-base-multilingual-cased,ru,115,marker_pool,0.0460509918630123,-0.3772013783454895,-0.5550240278244019,-0.47542405128479
bert-base-multilingual-cased,ru,116,marker_pool,0.1021698415279388,-0.4297761023044586,-0.4505199193954468,-0.3779425919055938
bert-base-multilingual-cased,ru,117,marker_pool,0.0332776084542274,-0.4358678460121155,-0.5626258254051208,-0.4793048799037933
bert-base-multilingual-cased,ru,118,marker_pool,0.0626054778695106,-0.4219342470169067,-0.4846277832984924,-0.4434095323085785
bert-base-multilingual-cased,ru,119,marker_pool,0.0555625781416893,-0.447254478931427,-0.4875202775001526,-0.577624499797821
bert-base-multilingual-cased,ru,120,marker_pool,0.0280252322554588,-0.4237391650676727,-0.4957882761955261,-0.491933137178421
bert-base-multilingual-cased,ru,121,marker_pool,0.0794191285967826,-0.5552445650100708,-0.4850383996963501,-0.4673026502132416
bert-base-multilingual-cased,ru,122,marker_pool,0.0542711280286312,-0.4254757463932037,-0.4593907594680786,-0.5299656391143799
bert-base-multilingual-cased,ru,123,marker_pool,0.0515363477170467,-0.4007543921470642,-0.514093279838562,-0.489650696516037
bert-base-multilingual-cased,ru,124,marker_pool,0.046028796583414,-0.325214147567749,-0.5027302503585815,-0.5304722785949707
bert-base-multilingual-cased,ru,125,marker_pool,0.0650020986795425,-0.3622991442680359,-0.4843728244304657,-0.4967974722385406
bert-base-multilingual-cased,ru,126,marker_pool,0.0448212586343288,-0.4173865616321563,-0.524628221988678,-0.4373661279678345
bert-base-multilingual-cased,ru,127,marker_pool,0.0515437945723533,-0.3742380142211914,-0.5390164852142334,-0.5195722579956055
bert-base-multilingual-cased,ru,128,marker_pool,0.084487646818161,-0.4123460948467254,-0.532600462436676,-0.5185922980308533
bert-base-multilingual-cased,ru,129,marker_pool,0.062618650496006,-0.4421497881412506,-0.4962944090366363,-0.4733872413635254
bert-base-multilingual-cased,ru,130,marker_pool,0.0456185564398765,-0.4424676597118377,-0.469701737165451,-0.4695235788822174
bert-base-multilingual-cased,ru,131,marker_pool,0.0416543744504451,-0.3711475133895874,-0.5016505718231201,-0.4664360880851745
bert-base-multilingual-cased,ru,132,marker_pool,0.070758156478405,-0.4851020574569702,-0.4487768411636352,-0.5787452459335327
bert-base-multilingual-cased,ru,133,marker_pool,0.046342134475708,-0.415332555770874,-0.5305341482162476,-0.5592814087867737
bert-base-multilingual-cased,ru,134,marker_pool,0.0548671633005142,-0.4416955411434173,-0.465870052576065,-0.5394092202186584
bert-base-multilingual-cased,ru,135,marker_pool,0.0563462078571319,-0.4506786167621612,-0.5188477039337158,-0.5690866112709045
bert-base-multilingual-cased,ru,136,marker_pool,0.0323251634836196,-0.4377045929431915,-0.4929216802120209,-0.5539239645004272
bert-base-multilingual-cased,ru,137,marker_pool,0.03068701736629,-0.4113633334636688,-0.5003785490989685,-0.5122600197792053
bert-base-multilingual-cased,ru,138,marker_pool,0.0513269379734993,-0.4412196576595306,-0.4863747358322143,-0.4633589386940002
bert-base-multilingual-cased,ru,139,marker_pool,0.067651629447937,-0.3697792887687683,-0.4797837138175964,-0.4514586329460144
bert-base-multilingual-cased,ru,140,marker_pool,0.0464430227875709,-0.4625641405582428,-0.5473936796188354,-0.4850441515445709
bert-base-multilingual-cased,ru,141,marker_pool,0.0828480795025825,-0.4648996889591217,-0.5077663064002991,-0.4481256008148193
bert-base-multilingual-cased,ru,142,marker_pool,0.1176741868257522,-0.3747663199901581,-0.462144672870636,-0.5529406070709229
bert-base-multilingual-cased,ru,143,marker_pool,0.0644773840904235,-0.3967211246490478,-0.4562850892543793,-0.5304366946220398
bert-base-multilingual-cased,ru,144,marker_pool,0.1174520924687385,-0.4614989459514618,-0.4912439584732055,-0.4122701287269592
bert-base-multilingual-cased,ru,145,marker_pool,0.0323712415993213,-0.4532313048839569,-0.4233445227146148,-0.5054935812950134
bert-base-multilingual-cased,ru,146,marker_pool,0.0468159057199955,-0.3865939080715179,-0.4808443486690521,-0.5256229043006897
bert-base-multilingual-cased,ru,147,marker_pool,0.0749523639678955,-0.4312961101531982,-0.4508677423000335,-0.5858463048934937
bert-base-multilingual-cased,ru,148,marker_pool,0.0308121535927057,-0.4816358089447021,-0.5259376168251038,-0.4675302803516388
bert-base-multilingual-cased,ru,149,marker_pool,0.0826297104358673,-0.4058291912078857,-0.5081779360771179,-0.5238325595855713
bert-base-multilingual-cased,ru,150,marker_pool,0.0577474273741245,-0.4099608361721039,-0.5483971834182739,-0.3895134031772613
bert-base-multilingual-cased,ru,151,marker_pool,0.1069807037711143,-0.5037855505943298,-0.4996679127216339,-0.4312988817691803
bert-base-multilingual-cased,ru,152,marker_pool,0.0352788381278514,-0.4246276021003723,-0.5247088074684143,-0.4800336956977844
bert-base-multilingual-cased,ru,153,marker_pool,0.0610867068171501,-0.441836416721344,-0.5225037336349487,-0.5527658462524414
bert-base-multilingual-cased,ru,154,marker_pool,0.0318364761769771,-0.4391028583049774,-0.5232141613960266,-0.469165027141571
bert-base-multilingual-cased,ru,155,marker_pool,0.0419105552136898,-0.4268091022968292,-0.4591432809829712,-0.4831939339637756
bert-base-multilingual-cased,ru,156,marker_pool,0.0560290366411209,-0.3862291574478149,-0.5229498147964478,-0.5508602261543274
bert-base-multilingual-cased,ru,157,marker_pool,0.0227542649954557,-0.415565013885498,-0.5198654532432556,-0.5028603672981262
bert-base-multilingual-cased,ru,158,marker_pool,0.0439064279198646,-0.4317337870597839,-0.4784460067749023,-0.5230827331542969
bert-base-multilingual-cased,ru,159,marker_pool,0.0324206501245498,-0.449700653553009,-0.4636803865432739,-0.51912522315979
bert-base-multilingual-cased,zh,0,marker_pool,0.1702787429094314,-0.3522284924983978,-0.8387717008590698,-0.4804165959358215
bert-base-multilingual-cased,zh,1,marker_pool,0.1930760890245437,-0.3777642250061035,-0.9171693921089172,-0.5788393616676331
bert-base-multilingual-cased,zh,2,marker_pool,0.1089029088616371,-0.149138793349266,-0.7823278903961182,-0.3967882692813873
bert-base-multilingual-cased,zh,3,marker_pool,0.1343393474817276,-0.353903591632843,-0.9045852422714232,-0.4799776971340179
bert-base-multilingual-cased,zh,4,marker_pool,0.1516420990228653,-0.3147836029529571,-0.837427020072937,-0.3721993565559387
bert-base-multilingual-cased,zh,5,marker_pool,0.1065888926386833,-0.2983630001544952,-0.8451274633407593,-0.5274115204811096
bert-base-multilingual-cased,zh,6,marker_pool,0.1556453853845596,-0.2003884464502334,-0.8732562065124512,-0.4350109994411468
bert-base-multilingual-cased,zh,7,marker_pool,0.1326801180839538,-0.4140292406082153,-0.8995766043663025,-0.5881201028823853
bert-base-multilingual-cased,zh,8,marker_pool,0.1275072395801544,-0.359225332736969,-0.8230570554733276,-0.5451149344444275
bert-base-multilingual-cased,zh,9,marker_pool,0.0902639180421829,-0.2680869698524475,-0.8370620608329773,-0.538415789604187
bert-base-multilingual-cased,zh,10,marker_pool,0.1497217863798141,-0.3564144372940063,-0.8745819926261902,-0.4595266580581665
bert-base-multilingual-cased,zh,11,marker_pool,0.0712077692151069,-0.4823479354381561,-0.7338614463806152,-0.4755992889404297
bert-base-multilingual-cased,zh,12,marker_pool,0.0857101529836654,-0.3365960717201233,-0.8475823998451233,-0.5408616662025452
bert-base-multilingual-cased,zh,13,marker_pool,0.1139525771141052,-0.3235983252525329,-0.8609638214111328,-0.5677560567855835
bert-base-multilingual-cased,zh,14,marker_pool,0.139036014676094,-0.3207658231258392,-0.8513314723968506,-0.4398905336856842
bert-base-multilingual-cased,zh,15,marker_pool,0.1466018855571746,-0.3856782913208008,-0.8952106833457947,-0.5118259787559509
bert-base-multilingual-cased,zh,16,marker_pool,0.0999646857380867,-0.3726136088371277,-0.8145508170127869,-0.4596709907054901
bert-base-multilingual-cased,zh,17,marker_pool,0.1410280466079712,-0.3239208161830902,-0.815488874912262,-0.4717369377613067
bert-base-multilingual-cased,zh,18,marker_pool,0.0252119246870279,-0.5268044471740723,-0.8549785017967224,-0.6071646809577942
bert-base-multilingual-cased,zh,19,marker_pool,0.1484706401824951,-0.237680971622467,-0.7403120398521423,-0.4653231501579284
bert-base-multilingual-cased,zh,20,marker_pool,0.1407120823860168,-0.4244609177112579,-0.8560112714767456,-0.5524330139160156
bert-base-multilingual-cased,zh,21,marker_pool,0.1257185637950897,-0.2743265032768249,-0.770524799823761,-0.3731951117515564
bert-base-multilingual-cased,zh,22,marker_pool,0.140578806400299,-0.3495064079761505,-0.8429213762283325,-0.5635854601860046
bert-base-multilingual-cased,zh,23,marker_pool,0.1700817048549652,-0.417309820652008,-0.9036163091659546,-0.5671133399009705
bert-base-multilingual-cased,zh,24,marker_pool,0.0835203230381012,-0.4526041746139526,-0.7309494614601135,-0.4487396776676178
bert-base-multilingual-cased,zh,25,marker_pool,0.1786477118730545,-0.2359661608934402,-0.8747352957725525,-0.5235844254493713
bert-base-multilingual-cased,zh,26,marker_pool,0.1410642564296722,-0.3897410333156585,-0.8291487097740173,-0.5091477036476135
bert-base-multilingual-cased,zh,27,marker_pool,0.0971345230937004,-0.4287267327308655,-0.7821476459503174,-0.4820311069488525
bert-base-multilingual-cased,zh,28,marker_pool,0.1541793048381805,-0.2901462018489837,-0.8854416608810425,-0.4363519549369812
bert-base-multilingual-cased,zh,29,marker_pool,0.1756662130355835,-0.3150903582572937,-0.8822594285011292,-0.5958681106567383
bert-base-multilingual-cased,zh,30,marker_pool,0.1177844479680061,-0.2961864173412323,-0.8157857656478882,-0.4475506544113159
bert-base-multilingual-cased,zh,31,marker_pool,0.0857547968626022,-0.46400186419487,-0.8023403882980347,-0.4479729831218719
bert-base-multilingual-cased,zh,32,marker_pool,0.0302606336772441,-0.4400308728218078,-0.7570422291755676,-0.521539568901062
bert-base-multilingual-cased,zh,33,marker_pool,0.1530352532863617,-0.2226221561431884,-0.8629930019378662,-0.4390506148338318
bert-base-multilingual-cased,zh,34,marker_pool,0.1612398773431778,-0.3936018347740173,-0.8210258483886719,-0.5145927667617798
bert-base-multilingual-cased,zh,35,marker_pool,0.1557399481534958,-0.3037461638450622,-0.8969259262084961,-0.5481197237968445
bert-base-multilingual-cased,zh,36,marker_pool,0.1080126017332077,-0.3760519623756408,-0.8381865620613098,-0.5401440262794495
bert-base-multilingual-cased,zh,37,marker_pool,0.1058850735425949,-0.4684029519557953,-0.7973033785820007,-0.5409111976623535
bert-base-multilingual-cased,zh,38,marker_pool,0.1688236147165298,-0.2211005687713623,-0.8217903971672058,-0.4633195698261261
bert-base-multilingual-cased,zh,39,marker_pool,0.1255212128162384,-0.2027560174465179,-0.8160360455513,-0.45325767993927
bert-base-multilingual-cased,zh,40,marker_pool,0.1428971737623214,-0.2630368769168854,-0.7836039066314697,-0.4277355074882507
bert-base-multilingual-cased,zh,41,marker_pool,0.1393397450447082,-0.2977896332740783,-0.8558786511421204,-0.4631312191486358
bert-base-multilingual-cased,zh,42,marker_pool,0.1480163633823394,-0.3755809068679809,-0.863305926322937,-0.5302372574806213
bert-base-multilingual-cased,zh,43,marker_pool,0.1655302345752716,-0.3174183964729309,-0.8240312933921814,-0.4910247325897217
bert-base-multilingual-cased,zh,44,marker_pool,0.1440652757883072,-0.3742241263389587,-0.7978184819221497,-0.4764202535152435
bert-base-multilingual-cased,zh,45,marker_pool,0.1326642632484436,-0.2807121276855469,-0.812009334564209,-0.424489676952362
bert-base-multilingual-cased,zh,46,marker_pool,0.109999381005764,-0.2303377389907837,-0.8593139052391052,-0.4144612550735473
bert-base-multilingual-cased,zh,47,marker_pool,0.1171693429350853,-0.3675263822078705,-0.6922293305397034,-0.4970246255397796
bert-base-multilingual-cased,zh,48,marker_pool,0.11027842015028,-0.2105633467435836,-0.8481589555740356,-0.3625415563583374
bert-base-multilingual-cased,zh,49,marker_pool,0.1284628808498382,-0.364692211151123,-0.8298566937446594,-0.5160499215126038
bert-base-multilingual-cased,zh,50,marker_pool,0.1668091714382171,-0.3321199119091034,-0.863592803478241,-0.5643772482872009
bert-base-multilingual-cased,zh,51,marker_pool,0.1126837059855461,-0.2949936985969543,-0.8578748106956482,-0.5499103665351868
bert-base-multilingual-cased,zh,52,marker_pool,0.1143828779458999,-0.2896535694599151,-0.8859722018241882,-0.4811935722827911
bert-base-multilingual-cased,zh,53,marker_pool,0.0939358174800872,-0.24026720225811,-0.83905428647995,-0.4693055152893066
bert-base-multilingual-cased,zh,54,marker_pool,0.1050144135951995,-0.2614758312702179,-0.8601856231689453,-0.4384233951568603
bert-base-multilingual-cased,zh,55,marker_pool,0.1063848882913589,-0.2809818089008331,-0.8593494296073914,-0.463154673576355
bert-base-multilingual-cased,zh,56,marker_pool,0.1411887854337692,-0.2250621914863586,-0.851386308670044,-0.452840656042099
bert-base-multilingual-cased,zh,57,marker_pool,0.0959379971027374,-0.323721706867218,-0.884457528591156,-0.4766590893268585
bert-base-multilingual-cased,zh,58,marker_pool,0.1207887083292007,-0.3391757905483246,-0.8262650966644287,-0.4547435343265533
bert-base-multilingual-cased,zh,59,marker_pool,0.1650412380695343,-0.2953982353210449,-0.8809147477149963,-0.5164423584938049
bert-base-multilingual-cased,zh,60,marker_pool,0.1390631049871444,-0.2860869765281677,-0.8623563051223755,-0.4704228341579437
bert-base-multilingual-cased,zh,61,marker_pool,0.1422045826911926,-0.2993069291114807,-0.8949686884880066,-0.544048011302948
bert-base-multilingual-cased,zh,62,marker_pool,0.0769230052828788,-0.3622637093067169,-0.84084153175354,-0.4698584675788879
bert-base-multilingual-cased,zh,63,marker_pool,0.1523752510547638,-0.3003776967525482,-0.85234135389328,-0.5285227298736572
bert-base-multilingual-cased,zh,64,marker_pool,0.1498502045869827,-0.2471533715724945,-0.8748074769973755,-0.4313966929912567
bert-base-multilingual-cased,zh,65,marker_pool,0.1830448061227798,-0.3142525255680084,-0.8333157300949097,-0.5350707173347473
bert-base-multilingual-cased,zh,66,marker_pool,0.1667045205831527,-0.3714084923267364,-0.8449164628982544,-0.5768513083457947
bert-base-multilingual-cased,zh,67,marker_pool,0.0971163511276245,-0.3498829007148742,-0.818138062953949,-0.4252426028251648
bert-base-multilingual-cased,zh,68,marker_pool,0.1058485433459281,-0.2237588465213775,-0.8044818639755249,-0.3586511611938476
bert-base-multilingual-cased,zh,69,marker_pool,0.1807877570390701,-0.3755252063274383,-0.6405567526817322,-0.3171510100364685
bert-base-multilingual-cased,zh,70,marker_pool,0.1128088682889938,-0.2513432204723358,-0.7973045706748962,-0.4023667871952057
bert-base-multilingual-cased,zh,71,marker_pool,0.1154320910573005,-0.4549207985401153,-0.8327453136444092,-0.5661025047302246
bert-base-multilingual-cased,zh,72,marker_pool,0.1165624484419822,-0.3460953831672668,-0.9091302752494812,-0.5801052451133728
bert-base-multilingual-cased,zh,73,marker_pool,0.1345445662736892,-0.2791813015937805,-0.8319215178489685,-0.4653725326061249
bert-base-multilingual-cased,zh,74,marker_pool,0.1587665677070617,-0.2712506055831909,-0.8867493271827698,-0.5256617665290833
bert-base-multilingual-cased,zh,75,marker_pool,0.1781386286020279,-0.2613707184791565,-0.8712862133979797,-0.4743229746818542
bert-base-multilingual-cased,zh,76,marker_pool,0.1193630844354629,-0.1857545673847198,-0.8596339821815491,-0.3947864770889282
bert-base-multilingual-cased,zh,77,marker_pool,0.0901186093688011,-0.4762254059314728,-0.8166618347167969,-0.4963587522506714
bert-base-multilingual-cased,zh,78,marker_pool,0.1518402248620987,-0.2654919028282165,-0.8613568544387817,-0.4277980625629425
bert-base-multilingual-cased,zh,79,marker_pool,0.0723926872014999,-0.4757067859172821,-0.7573865652084351,-0.5271316170692444
bert-base-multilingual-cased,zh,80,marker_pool,0.1093129590153694,-0.3654334843158722,-0.8465253710746765,-0.4131030440330505
bert-base-multilingual-cased,zh,81,marker_pool,0.1168507188558578,-0.5644164085388184,-0.6552920937538147,-0.4583927690982818
bert-base-multilingual-cased,zh,82,marker_pool,0.1850673258304596,-0.3323742151260376,-0.8920910954475403,-0.5552090406417847
bert-base-multilingual-cased,zh,83,marker_pool,0.1548477858304977,-0.3332889676094055,-0.8258932828903198,-0.5517970323562622
bert-base-multilingual-cased,zh,84,marker_pool,0.1477929204702377,-0.2360931932926178,-0.7660674452781677,-0.4412741959095001
bert-base-multilingual-cased,zh,85,marker_pool,0.2001633048057556,-0.2871552109718323,-0.887283205986023,-0.5174239873886108
bert-base-multilingual-cased,zh,86,marker_pool,0.0908142924308776,-0.534342885017395,-0.7461721301078796,-0.492190957069397
bert-base-multilingual-cased,zh,87,marker_pool,0.1383443772792816,-0.2914237678050995,-0.8826432228088379,-0.4944656789302826
bert-base-multilingual-cased,zh,88,marker_pool,0.1494742035865783,-0.3563175201416015,-0.7930221557617188,-0.5330305099487305
bert-base-multilingual-cased,zh,89,marker_pool,0.08310566842556,-0.2551880180835724,-0.8658483624458313,-0.443451315164566
bert-base-multilingual-cased,zh,90,marker_pool,0.0876682698726654,-0.3944182395935058,-0.6636016964912415,-0.393725037574768
bert-base-multilingual-cased,zh,91,marker_pool,0.1565102487802505,-0.1799907833337783,-0.8572584986686707,-0.4497798681259155
bert-base-multilingual-cased,zh,92,marker_pool,0.0814936906099319,-0.5418847799301147,-0.7955071330070496,-0.5126948356628418
bert-base-multilingual-cased,zh,93,marker_pool,0.1395174264907837,-0.3192039430141449,-0.8117679953575134,-0.5096154808998108
bert-base-multilingual-cased,zh,94,marker_pool,0.1593011766672134,-0.2144812196493148,-0.8775905966758728,-0.4571370184421539
bert-base-multilingual-cased,zh,95,marker_pool,0.1564139276742935,-0.4145520031452179,-0.8097118735313416,-0.4691008329391479
bert-base-multilingual-cased,zh,96,marker_pool,0.1092362403869628,-0.2925831377506256,-0.8852044343948364,-0.4556749165058136
bert-base-multilingual-cased,zh,97,marker_pool,0.1584874987602234,-0.2659198045730591,-0.7797093391418457,-0.4495095610618591
bert-base-multilingual-cased,zh,98,marker_pool,0.1848902702331543,-0.3919479250907898,-0.8430333733558655,-0.56171053647995
bert-base-multilingual-cased,zh,99,marker_pool,0.1386509239673614,-0.4096118211746216,-0.8252527713775635,-0.521307110786438
bert-base-multilingual-cased,zh,100,marker_pool,0.0976273939013481,-0.3790873885154724,-0.8865270018577576,-0.5749475359916687
bert-base-multilingual-cased,zh,101,marker_pool,0.1291268616914749,-0.2921599149703979,-0.8769098520278931,-0.5496109127998352
bert-base-multilingual-cased,zh,102,marker_pool,0.0856116488575935,-0.3471237123012543,-0.6571874022483826,-0.3501521944999695
bert-base-multilingual-cased,zh,103,marker_pool,0.1136063486337661,-0.4950949847698211,-0.8081392049789429,-0.5504125952720642
bert-base-multilingual-cased,zh,104,marker_pool,0.1394316256046295,-0.247262418270111,-0.8458458781242371,-0.4860668480396271
bert-base-multilingual-cased,zh,105,marker_pool,0.1686005741357803,-0.3938780128955841,-0.913286030292511,-0.5300207734107971
bert-base-multilingual-cased,zh,106,marker_pool,0.0951392576098442,-0.4178047776222229,-0.7396015524864197,-0.4323471188545227
bert-base-multilingual-cased,zh,107,marker_pool,0.1562385261058807,-0.3533731698989868,-0.8257838487625122,-0.5287066102027893
bert-base-multilingual-cased,zh,108,marker_pool,0.137327641248703,-0.3118636608123779,-0.8845977783203125,-0.5256220698356628
bert-base-multilingual-cased,zh,109,marker_pool,0.1534639745950698,-0.2997361123561859,-0.8870003819465637,-0.4295227229595184
bert-base-multilingual-cased,zh,110,marker_pool,0.1328061372041702,-0.2844675183296203,-0.8380036950111389,-0.4318341314792633
bert-base-multilingual-cased,zh,111,marker_pool,0.1128824353218078,-0.3232988119125366,-0.824313223361969,-0.4499142467975616
bert-base-multilingual-cased,zh,112,marker_pool,0.1422344446182251,-0.3446037173271179,-0.8972969651222229,-0.5461029410362244
bert-base-multilingual-cased,zh,113,marker_pool,0.1479027569293975,-0.2526952624320984,-0.7379083633422852,-0.3764317035675049
bert-base-multilingual-cased,zh,114,marker_pool,0.1537359058856964,-0.3154372572898865,-0.8150339722633362,-0.4322503805160522
bert-base-multilingual-cased,zh,115,marker_pool,0.1074929311871528,-0.3139911890029907,-0.8209757208824158,-0.4885113835334778
bert-base-multilingual-cased,zh,116,marker_pool,0.085904911160469,-0.3600587546825409,-0.7343538999557495,-0.4174670279026031
bert-base-multilingual-cased,zh,117,marker_pool,0.0568271800875663,-0.5148437023162842,-0.8670051097869873,-0.5840024948120117
bert-base-multilingual-cased,zh,118,marker_pool,0.1725208163261413,-0.4284234046936035,-0.8872867822647095,-0.5877730846405029
bert-base-multilingual-cased,zh,119,marker_pool,0.0974514260888099,-0.3106730878353119,-0.8878538608551025,-0.5496405959129333
bert-base-multilingual-cased,zh,120,marker_pool,0.1315947771072387,-0.2990326285362243,-0.8803161382675171,-0.4022749364376068
bert-base-multilingual-cased,zh,121,marker_pool,0.1080685183405876,-0.3492278456687927,-0.87653648853302,-0.5257347822189331
bert-base-multilingual-cased,zh,122,marker_pool,0.0964740142226219,-0.3038131594657898,-0.8638007640838623,-0.5558192729949951
bert-base-multilingual-cased,zh,123,marker_pool,0.1565022021532058,-0.2739305794239044,-0.857718825340271,-0.4836841523647308
bert-base-multilingual-cased,zh,124,marker_pool,0.1303824335336685,-0.4472600221633911,-0.8261475563049316,-0.5102841258049011
bert-base-multilingual-cased,zh,125,marker_pool,0.1931026130914688,-0.4239406287670135,-0.9098432660102844,-0.6055616140365601
bert-base-multilingual-cased,zh,126,marker_pool,0.1231313943862915,-0.2599912881851196,-0.8704711198806763,-0.4483622908592224
bert-base-multilingual-cased,zh,127,marker_pool,0.1225281357765197,-0.2927949130535126,-0.84283047914505,-0.5135417580604553
bert-base-multilingual-cased,zh,128,marker_pool,0.1676453500986099,-0.2386463731527328,-0.866946280002594,-0.4857524335384369
bert-base-multilingual-cased,zh,129,marker_pool,0.1004578694701194,-0.4382819831371307,-0.788369357585907,-0.4325838088989258
bert-base-multilingual-cased,zh,130,marker_pool,0.0584310442209243,-0.4470027387142181,-0.8192609548568726,-0.5678094625473022
bert-base-multilingual-cased,zh,131,marker_pool,0.1626732945442199,-0.2994481921195984,-0.8872329592704773,-0.5208737850189209
bert-base-multilingual-cased,zh,132,marker_pool,0.1796630471944809,-0.4725558757781982,-0.7798120975494385,-0.57487553358078
bert-base-multilingual-cased,zh,133,marker_pool,0.1186898574233055,-0.2299312055110931,-0.7906349897384644,-0.4594293534755707
bert-base-multilingual-cased,zh,134,marker_pool,0.1132492050528526,-0.3818938434123993,-0.8604040741920471,-0.543357789516449
bert-base-multilingual-cased,zh,135,marker_pool,0.1838833838701248,-0.2817303538322449,-0.8076215386390686,-0.4707514345645904
bert-base-multilingual-cased,zh,136,marker_pool,0.1863768696784973,-0.3416021764278412,-0.8696392178535461,-0.5390608310699463
bert-base-multilingual-cased,zh,137,marker_pool,0.1747840344905853,-0.3393140733242035,-0.8141834735870361,-0.5435374975204468
bert-base-multilingual-cased,zh,138,marker_pool,0.1798054724931717,-0.2789375185966491,-0.8934078216552734,-0.5520684123039246
bert-base-multilingual-cased,zh,139,marker_pool,0.1610678136348724,-0.2411272376775741,-0.8539520502090454,-0.4490980207920074
bert-base-multilingual-cased,zh,140,marker_pool,0.1816337257623672,-0.2568421065807342,-0.8510516881942749,-0.4206193387508392
bert-base-multilingual-cased,zh,141,marker_pool,0.0801729783415794,-0.4513058662414551,-0.8934386968612671,-0.5307717323303223
bert-base-multilingual-cased,zh,142,marker_pool,0.1789265871047973,-0.3394791185855865,-0.8976804614067078,-0.5531036853790283
bert-base-multilingual-cased,zh,143,marker_pool,0.1668185144662857,-0.3991371095180511,-0.904724419116974,-0.5857391953468323
bert-base-multilingual-cased,zh,144,marker_pool,0.1381160914897918,-0.330717384815216,-0.8979626893997192,-0.5324236750602722
bert-base-multilingual-cased,zh,145,marker_pool,0.1042567938566207,-0.3622667491436004,-0.702585756778717,-0.4257175028324127
bert-base-multilingual-cased,zh,146,marker_pool,0.1132227182388305,-0.2047446221113205,-0.8386582732200623,-0.4327254593372345
bert-base-multilingual-cased,zh,147,marker_pool,0.0295312833040952,-0.5343655347824097,-0.7740676403045654,-0.4838501811027527
bert-base-multilingual-cased,zh,148,marker_pool,0.1950625926256179,-0.3527810275554657,-0.7424846291542053,-0.523982584476471
bert-base-multilingual-cased,zh,149,marker_pool,0.056667286902666,-0.5640039443969727,-0.8583197593688965,-0.5747548937797546
bert-base-multilingual-cased,zh,150,marker_pool,0.1498928964138031,-0.3344437181949615,-0.8101332783699036,-0.3719292283058166
bert-base-multilingual-cased,zh,151,marker_pool,0.1947221159934997,-0.275312215089798,-0.8624808192253113,-0.4912077486515045
bert-base-multilingual-cased,zh,152,marker_pool,0.1346544325351715,-0.3778021931648254,-0.832707405090332,-0.5206755995750427
bert-base-multilingual-cased,zh,153,marker_pool,0.1530940681695938,-0.3388911187648773,-0.8611476421356201,-0.4713315069675445
bert-base-multilingual-cased,zh,154,marker_pool,0.1205810904502868,-0.461151123046875,-0.6265156269073486,-0.4535913467407226
bert-base-multilingual-cased,zh,155,marker_pool,0.1794957816600799,-0.3133514821529388,-0.7994567155838013,-0.5040252804756165
bert-base-multilingual-cased,zh,156,marker_pool,0.1263003498315811,-0.4464135468006134,-0.8392983675003052,-0.5688040852546692
bert-base-multilingual-cased,zh,157,marker_pool,0.1568975001573562,-0.3648834824562073,-0.8896976709365845,-0.6062377095222473
bert-base-multilingual-cased,zh,158,marker_pool,0.1497941464185714,-0.2231131345033645,-0.8206593990325928,-0.429237961769104
bert-base-multilingual-cased,zh,159,marker_pool,0.1487055271863937,-0.3864422142505646,-0.887519121170044,-0.5048840045928955
distilbert-base-multilingual-cased,en,0,mean_pool,0.2589653432369232,-0.1669981926679611,-0.8081070184707642,-0.2159631103277206
distilbert-base-multilingual-cased,en,1,mean_pool,0.2287227064371109,-0.1283129304647445,-0.7832277417182922,-0.087917186319828
distilbert-base-multilingual-cased,en,2,mean_pool,0.2913252711296081,-0.1421906501054763,-0.8212512135505676,-0.3586748838424682
distilbert-base-multilingual-cased,en,3,mean_pool,0.3236040771007538,-0.0964523032307624,-0.8291211724281311,-0.2391283959150314
distilbert-base-multilingual-cased,en,4,mean_pool,0.3416032493114471,-0.0757995024323463,-0.8148666024208069,-0.2690266370773315
distilbert-base-multilingual-cased,en,5,mean_pool,0.2874863743782043,-0.0504339262843132,-0.8082496523857117,-0.3142472207546234
distilbert-base-multilingual-cased,en,6,mean_pool,0.2994233965873718,-0.1093867868185043,-0.8228071928024292,-0.3303539454936981
distilbert-base-multilingual-cased,en,7,mean_pool,0.2709076404571533,-0.1025174930691719,-0.7960189580917358,-0.2568462193012237
distilbert-base-multilingual-cased,en,8,mean_pool,0.3256756663322449,-0.0938666611909866,-0.8375385999679565,-0.25556081533432
distilbert-base-multilingual-cased,en,9,mean_pool,0.2704823613166809,-0.0589839294552803,-0.8063388466835022,-0.1794740259647369
distilbert-base-multilingual-cased,en,10,mean_pool,0.2816613912582397,-0.1476232707500457,-0.8089979887008667,-0.2464017868041992
distilbert-base-multilingual-cased,en,11,mean_pool,0.356471836566925,-0.1114111840724945,-0.8366481065750122,-0.2048807889223098
distilbert-base-multilingual-cased,en,12,mean_pool,0.2766817510128021,-0.1461269110441208,-0.8083273768424988,-0.3219061195850372
distilbert-base-multilingual-cased,en,13,mean_pool,0.3018015623092651,-0.0844658315181732,-0.8006289005279541,-0.2511086165904999
distilbert-base-multilingual-cased,en,14,mean_pool,0.2455369979143142,-0.1028304919600486,-0.8104438781738281,-0.2392836958169937
distilbert-base-multilingual-cased,en,15,mean_pool,0.2658509612083435,-0.1659468859434127,-0.7990059852600098,-0.3035410344600677
distilbert-base-multilingual-cased,en,16,mean_pool,0.2738233208656311,-0.1707803308963775,-0.7602167725563049,-0.2610419392585754
distilbert-base-multilingual-cased,en,17,mean_pool,0.2748180329799652,-0.1130257025361061,-0.8174490928649902,-0.1558323055505752
distilbert-base-multilingual-cased,en,18,mean_pool,0.257579356431961,-0.1676737517118454,-0.7799239158630371,-0.2599541246891022
distilbert-base-multilingual-cased,en,19,mean_pool,0.3702224195003509,-0.1555810123682022,-0.8424957990646362,-0.2823232114315033
distilbert-base-multilingual-cased,en,20,mean_pool,0.2815665006637573,-0.1616691797971725,-0.801702618598938,-0.2090569734573364
distilbert-base-multilingual-cased,en,21,mean_pool,0.2790605425834656,-0.2298588305711746,-0.7924312353134155,-0.1551868617534637
distilbert-base-multilingual-cased,en,22,mean_pool,0.3351244628429413,-0.1166197136044502,-0.8455019593238831,-0.3401231467723846
distilbert-base-multilingual-cased,en,23,mean_pool,0.2890770137310028,-0.075655922293663,-0.8021938800811768,-0.2471649646759033
distilbert-base-multilingual-cased,en,24,mean_pool,0.2555642127990722,-0.0962132960557937,-0.7671732902526855,-0.371201604604721
distilbert-base-multilingual-cased,en,25,mean_pool,0.271365612745285,-0.0758084878325462,-0.7976680994033813,-0.267987847328186
distilbert-base-multilingual-cased,en,26,mean_pool,0.2918794751167297,-0.0809625163674354,-0.8027006387710571,-0.2406431585550308
distilbert-base-multilingual-cased,en,27,mean_pool,0.3037121295928955,-0.1379525810480117,-0.8146781921386719,-0.1831065416336059
distilbert-base-multilingual-cased,en,28,mean_pool,0.2994782924652099,-0.0931621640920639,-0.8284762501716614,-0.2517337799072265
distilbert-base-multilingual-cased,en,29,mean_pool,0.2469290941953659,-0.1115632057189941,-0.7845696210861206,-0.3261313140392303
distilbert-base-multilingual-cased,en,30,mean_pool,0.2903526425361633,-0.1183701679110527,-0.7965733408927917,-0.2371739745140075
distilbert-base-multilingual-cased,en,31,mean_pool,0.3057734966278076,-0.0826852694153785,-0.8309950828552246,-0.2599330246448517
distilbert-base-multilingual-cased,en,32,mean_pool,0.2942717373371124,-0.0168004818260669,-0.8382116556167603,-0.1712066233158111
distilbert-base-multilingual-cased,en,33,mean_pool,0.3153901994228363,-0.154072031378746,-0.8091990947723389,-0.2383579611778259
distilbert-base-multilingual-cased,en,34,mean_pool,0.2263677418231964,-0.1534135192632675,-0.8260689377784729,-0.1649018675088882
distilbert-base-multilingual-cased,en,35,mean_pool,0.2184322625398636,-0.1821637451648712,-0.847830057144165,-0.2693601548671722
distilbert-base-multilingual-cased,en,36,mean_pool,0.2575119137763977,-0.050360795110464,-0.7934198975563049,-0.2056465297937393
distilbert-base-multilingual-cased,en,37,mean_pool,0.2564418017864227,-0.142482191324234,-0.750236988067627,-0.4097272753715515
distilbert-base-multilingual-cased,en,38,mean_pool,0.2529677152633667,-0.0711101293563842,-0.8028594851493835,-0.0938999578356742
distilbert-base-multilingual-cased,en,39,mean_pool,0.2677571475505829,-0.0232944302260875,-0.8240246176719666,-0.1286765784025192
distilbert-base-multilingual-cased,en,40,mean_pool,0.360214352607727,-0.1072395667433738,-0.8321499228477478,-0.2769481241703033
distilbert-base-multilingual-cased,en,41,mean_pool,0.2197765856981277,-0.2026386111974716,-0.7502610087394714,-0.3533183932304382
distilbert-base-multilingual-cased,en,42,mean_pool,0.2968650758266449,-0.0396264269948005,-0.8362333178520203,-0.2362364828586578
distilbert-base-multilingual-cased,en,43,mean_pool,0.2810819447040558,-0.030520524829626,-0.8083096742630005,-0.1735434234142303
distilbert-base-multilingual-cased,en,44,mean_pool,0.2988170683383941,-0.0749320536851883,-0.8047031760215759,-0.2220503389835357
distilbert-base-multilingual-cased,en,45,mean_pool,0.3146018981933594,-0.1928448975086212,-0.8293874263763428,-0.2859834432601928
distilbert-base-multilingual-cased,en,46,mean_pool,0.2511192262172699,-0.125961571931839,-0.8062720894813538,-0.166842833161354
distilbert-base-multilingual-cased,en,47,mean_pool,0.2467177063226699,-0.1190318837761879,-0.79351806640625,-0.2876206934452057
distilbert-base-multilingual-cased,en,48,mean_pool,0.2566251754760742,-0.1409600675106048,-0.8209463357925415,-0.1809844076633453
distilbert-base-multilingual-cased,en,49,mean_pool,0.3183495104312897,-0.003663050243631,-0.8301481008529663,-0.1263668984174728
distilbert-base-multilingual-cased,en,50,mean_pool,0.302649587392807,-0.1936141401529312,-0.8304821848869324,-0.3567593693733215
distilbert-base-multilingual-cased,en,51,mean_pool,0.3110902309417724,-0.1211790516972541,-0.8318681716918945,-0.1813879907131195
distilbert-base-multilingual-cased,en,52,mean_pool,0.2936717867851257,-0.0985739156603813,-0.8344992995262146,-0.17568039894104
distilbert-base-multilingual-cased,en,53,mean_pool,0.2116201817989349,-0.1374205350875854,-0.8281041383743286,-0.1832967102527618
distilbert-base-multilingual-cased,en,54,mean_pool,0.2989600300788879,-0.2032964378595352,-0.7832175493240356,-0.2498805671930313
distilbert-base-multilingual-cased,en,55,mean_pool,0.3172943592071533,-0.1359722316265106,-0.789336621761322,-0.2330199033021927
distilbert-base-multilingual-cased,en,56,mean_pool,0.2680176496505737,-0.2103611379861831,-0.7570945024490356,-0.3993734121322632
distilbert-base-multilingual-cased,en,57,mean_pool,0.3085834383964538,-0.0578074306249618,-0.8237265944480896,-0.2708030641078949
distilbert-base-multilingual-cased,en,58,mean_pool,0.2760452628135681,-0.1074907481670379,-0.810835063457489,-0.2136809527873993
distilbert-base-multilingual-cased,en,59,mean_pool,0.256207525730133,-0.1132504567503929,-0.7669400572776794,-0.3749271333217621
distilbert-base-multilingual-cased,en,60,mean_pool,0.2506676614284515,-0.121301919221878,-0.8257068991661072,-0.3256745040416717
distilbert-base-multilingual-cased,en,61,mean_pool,0.3409942984580993,-0.1135924980044364,-0.8720904588699341,-0.2420570999383926
distilbert-base-multilingual-cased,en,62,mean_pool,0.2673426270484924,-0.1812030524015426,-0.8041972517967224,-0.3022296726703644
distilbert-base-multilingual-cased,en,63,mean_pool,0.3267993330955505,-0.14442840218544,-0.8292620182037354,-0.296062558889389
distilbert-base-multilingual-cased,en,64,mean_pool,0.2734708189964294,-0.1594700366258621,-0.8306841254234314,-0.2208058685064315
distilbert-base-multilingual-cased,en,65,mean_pool,0.2909663915634155,-0.0810515508055687,-0.834309995174408,-0.3012543618679046
distilbert-base-multilingual-cased,en,66,mean_pool,0.2825181186199188,-0.0749409422278404,-0.8331109881401062,-0.2618110477924347
distilbert-base-multilingual-cased,en,67,mean_pool,0.3455736041069031,-0.1615787297487259,-0.8479977250099182,-0.2155173569917678
distilbert-base-multilingual-cased,en,68,mean_pool,0.278520256280899,-0.1679089814424514,-0.8280140161514282,-0.2098649591207504
distilbert-base-multilingual-cased,en,69,mean_pool,0.2885324656963348,-0.0552567206323146,-0.8103365302085876,-0.2221406698226928
distilbert-base-multilingual-cased,en,70,mean_pool,0.2842377126216888,-0.1322164237499237,-0.8345133662223816,-0.2473201751708984
distilbert-base-multilingual-cased,en,71,mean_pool,0.2383646219968795,-0.0890232920646667,-0.7909072041511536,-0.319754958152771
distilbert-base-multilingual-cased,en,72,mean_pool,0.3305506110191345,-0.0220962110906839,-0.8400962948799133,-0.2770796716213226
distilbert-base-multilingual-cased,en,73,mean_pool,0.2977280616760254,-0.1096642687916755,-0.8312276601791382,-0.1939177364110946
distilbert-base-multilingual-cased,en,74,mean_pool,0.2993769347667694,-0.038967628031969,-0.7859545946121216,-0.3784074187278747
distilbert-base-multilingual-cased,en,75,mean_pool,0.2856101393699646,-0.1197393387556076,-0.7940178513526917,-0.2978235781192779
distilbert-base-multilingual-cased,en,76,mean_pool,0.2823126316070556,-0.0892941281199455,-0.7843825221061707,-0.277600347995758
distilbert-base-multilingual-cased,en,77,mean_pool,0.2814463376998901,-0.1788481473922729,-0.8170325756072998,-0.1418241560459137
distilbert-base-multilingual-cased,en,78,mean_pool,0.3053862750530243,-0.1973837167024612,-0.7879170775413513,-0.2533328533172607
distilbert-base-multilingual-cased,en,79,mean_pool,0.3165197968482971,-0.0933101847767829,-0.7908881306648254,-0.2099257558584213
distilbert-base-multilingual-cased,en,80,mean_pool,0.2994823455810547,-0.0779813155531883,-0.8164930939674377,-0.286460280418396
distilbert-base-multilingual-cased,en,81,mean_pool,0.2559258639812469,-0.1926613599061966,-0.8090680837631226,-0.2642741501331329
distilbert-base-multilingual-cased,en,82,mean_pool,0.3156701326370239,-0.0542803145945072,-0.8103740811347961,-0.3594970107078552
distilbert-base-multilingual-cased,en,83,mean_pool,0.3153420984745025,-0.0260566584765911,-0.8153236508369446,-0.1994325369596481
distilbert-base-multilingual-cased,en,84,mean_pool,0.2899914085865021,-0.0757613107562065,-0.8142235279083252,-0.2166834771633148
distilbert-base-multilingual-cased,en,85,mean_pool,0.279222697019577,-0.130940705537796,-0.7973236441612244,-0.2494408637285232
distilbert-base-multilingual-cased,en,86,mean_pool,0.2843377888202667,-0.1113911941647529,-0.8253443241119385,-0.3222043812274933
distilbert-base-multilingual-cased,en,87,mean_pool,0.2358574271202087,-0.1181470230221748,-0.7987406253814697,-0.2171323597431183
distilbert-base-multilingual-cased,en,88,mean_pool,0.3297466039657593,-0.0861017033457756,-0.8586520552635193,-0.2712614834308624
distilbert-base-multilingual-cased,en,89,mean_pool,0.2464666813611984,-0.1788281202316284,-0.8008400201797485,-0.3033052682876587
distilbert-base-multilingual-cased,en,90,mean_pool,0.2356546819210052,-0.1508688032627105,-0.8071925044059753,-0.1585351377725601
distilbert-base-multilingual-cased,en,91,mean_pool,0.3226995766162872,-0.0750740393996238,-0.8261691927909851,-0.2748306393623352
distilbert-base-multilingual-cased,en,92,mean_pool,0.3443612158298492,-0.0872274488210678,-0.8757951259613037,-0.2487738728523254
distilbert-base-multilingual-cased,en,93,mean_pool,0.2740713059902191,-0.2164382934570312,-0.8039653897285461,-0.1990803927183151
distilbert-base-multilingual-cased,en,94,mean_pool,0.3795443177223205,-0.0971703231334686,-0.8687958121299744,-0.1772174686193466
distilbert-base-multilingual-cased,en,95,mean_pool,0.2465882450342178,-0.0946822017431259,-0.8038462996482849,-0.3295401930809021
distilbert-base-multilingual-cased,en,96,mean_pool,0.3179941177368164,-0.027681928128004,-0.8032634854316711,-0.2841644287109375
distilbert-base-multilingual-cased,en,97,mean_pool,0.230479747056961,-0.0596150979399681,-0.8377665281295776,-0.2281357645988464
distilbert-base-multilingual-cased,en,98,mean_pool,0.3232060372829437,-0.0135216834023594,-0.815240204334259,-0.181554690003395
distilbert-base-multilingual-cased,en,99,mean_pool,0.28959921002388,-0.1649767458438873,-0.8268352746963501,-0.2400466799736023
distilbert-base-multilingual-cased,en,100,mean_pool,0.2455895543098449,-0.1877215951681137,-0.7742615938186646,-0.3350490629673004
distilbert-base-multilingual-cased,en,101,mean_pool,0.2890889942646026,-0.0916167572140693,-0.7782710194587708,-0.4142886996269226
distilbert-base-multilingual-cased,en,102,mean_pool,0.2992239892482757,-0.1702089011669159,-0.8027505874633789,-0.2411501556634903
distilbert-base-multilingual-cased,en,103,mean_pool,0.2804100215435028,-0.1034339964389801,-0.8287777304649353,-0.2131199240684509
distilbert-base-multilingual-cased,en,104,mean_pool,0.3348686695098877,-0.0331615023314952,-0.8391497731208801,-0.1987581700086593
distilbert-base-multilingual-cased,en,105,mean_pool,0.2805960178375244,-0.0889195352792739,-0.7817379832267761,-0.3536049425601959
distilbert-base-multilingual-cased,en,106,mean_pool,0.3006869554519653,-0.1039704531431198,-0.8622758984565735,-0.3376738727092743
distilbert-base-multilingual-cased,en,107,mean_pool,0.2681346535682678,-0.2431543916463852,-0.8085723519325256,-0.2912970781326294
distilbert-base-multilingual-cased,en,108,mean_pool,0.2317410856485366,-0.1631799936294555,-0.8195778727531433,-0.272967666387558
distilbert-base-multilingual-cased,en,109,mean_pool,0.2784629762172699,-0.1112838089466095,-0.8242135047912598,-0.2049055397510528
distilbert-base-multilingual-cased,en,110,mean_pool,0.267068088054657,-0.0853230133652687,-0.7977495193481445,-0.1964432150125503
distilbert-base-multilingual-cased,en,111,mean_pool,0.3132767677307129,-0.0405973903834819,-0.8311583399772644,-0.1675959527492523
distilbert-base-multilingual-cased,en,112,mean_pool,0.2103179395198822,-0.1081162989139556,-0.7673550248146057,-0.2090856283903122
distilbert-base-multilingual-cased,en,113,mean_pool,0.2353490591049194,-0.1761130839586258,-0.804964542388916,-0.3128239214420318
distilbert-base-multilingual-cased,en,114,mean_pool,0.2985036969184875,-0.1331835985183715,-0.8054322004318237,-0.2501575946807861
distilbert-base-multilingual-cased,en,115,mean_pool,0.2840203046798706,-0.1181331723928451,-0.7825442552566528,-0.3934057354927063
distilbert-base-multilingual-cased,en,116,mean_pool,0.2841686010360718,-0.0294730979949235,-0.8259624242782593,-0.165502518415451
distilbert-base-multilingual-cased,en,117,mean_pool,0.2642478048801422,-0.1153632029891014,-0.8142258524894714,-0.2588164806365967
distilbert-base-multilingual-cased,en,118,mean_pool,0.3177024126052856,-0.1412234157323837,-0.7983943223953247,-0.2623043656349182
distilbert-base-multilingual-cased,en,119,mean_pool,0.2719849944114685,-0.2065842747688293,-0.8066850304603577,-0.1569268107414245
distilbert-base-multilingual-cased,en,120,mean_pool,0.2901833355426788,-0.0448963828384876,-0.7992975115776062,-0.243832841515541
distilbert-base-multilingual-cased,en,121,mean_pool,0.2693741917610168,-0.1436696499586105,-0.8334255218505859,-0.2261072844266891
distilbert-base-multilingual-cased,en,122,mean_pool,0.3022526502609253,-0.1367660164833068,-0.8442766070365906,-0.2773906290531158
distilbert-base-multilingual-cased,en,123,mean_pool,0.2861557900905609,-0.0586957223713398,-0.8259106874465942,-0.3337401747703552
distilbert-base-multilingual-cased,en,124,mean_pool,0.3224029839038849,-0.241296648979187,-0.8339224457740784,-0.2882888913154602
distilbert-base-multilingual-cased,en,125,mean_pool,0.2424135655164718,-0.1419410407543182,-0.8231143951416016,-0.1941683143377304
distilbert-base-multilingual-cased,en,126,mean_pool,0.3042632639408111,-0.0601957105100154,-0.8299600481987,-0.2701745331287384
distilbert-base-multilingual-cased,en,127,mean_pool,0.2443357408046722,-0.1184138879179954,-0.8021216988563538,-0.246391475200653
distilbert-base-multilingual-cased,en,128,mean_pool,0.2309530377388,-0.067815400660038,-0.7708021998405457,-0.3442445695400238
distilbert-base-multilingual-cased,en,129,mean_pool,0.2786933779716491,-0.2283855229616165,-0.8131771683692932,-0.3454799950122833
distilbert-base-multilingual-cased,en,130,mean_pool,0.2029780894517898,-0.0873098224401474,-0.7750146389007568,-0.112065814435482
distilbert-base-multilingual-cased,en,131,mean_pool,0.319852352142334,-0.1288309246301651,-0.8365806937217712,-0.1745169162750244
distilbert-base-multilingual-cased,en,132,mean_pool,0.2056116759777069,-0.1325404345989227,-0.7715760469436646,-0.2332319766283035
distilbert-base-multilingual-cased,en,133,mean_pool,0.3063215613365173,-0.2057271748781204,-0.828117311000824,-0.1851250827312469
distilbert-base-multilingual-cased,en,134,mean_pool,0.2774419784545898,-0.1008036434650421,-0.8199663758277893,-0.2605733573436737
distilbert-base-multilingual-cased,en,135,mean_pool,0.3155258595943451,-0.0429264493286609,-0.8004895448684692,-0.2706141471862793
distilbert-base-multilingual-cased,en,136,mean_pool,0.3091804981231689,-0.1245181038975715,-0.8227324485778809,-0.2566391229629516
distilbert-base-multilingual-cased,en,137,mean_pool,0.2480033785104751,-0.0554419234395027,-0.8079937100410461,-0.2113292664289474
distilbert-base-multilingual-cased,en,138,mean_pool,0.2546685934066772,-0.1797515898942947,-0.7974061369895935,-0.3028698861598968
distilbert-base-multilingual-cased,en,139,mean_pool,0.2107293754816055,-0.0802714005112648,-0.7745311856269836,-0.2307149171829223
distilbert-base-multilingual-cased,en,140,mean_pool,0.3185546100139618,-0.1388402432203292,-0.826460063457489,-0.2889584302902221
distilbert-base-multilingual-cased,en,141,mean_pool,0.2552400231361389,-0.0791974812746048,-0.8313112854957581,-0.1893676519393921
distilbert-base-multilingual-cased,en,142,mean_pool,0.2764711380004883,-0.1296837776899337,-0.7918409705162048,-0.2880820035934448
distilbert-base-multilingual-cased,en,143,mean_pool,0.2521197199821472,-0.1335961520671844,-0.8249688744544983,-0.2630442082881927
distilbert-base-multilingual-cased,en,144,mean_pool,0.2676531970500946,-0.2034001648426056,-0.7733088135719299,-0.3277440667152405
distilbert-base-multilingual-cased,en,145,mean_pool,0.3082155287265777,-0.1233530342578888,-0.8232222199440002,-0.2504009008407593
distilbert-base-multilingual-cased,en,146,mean_pool,0.313198059797287,-0.1458775550127029,-0.8036962151527405,-0.2855594456195831
distilbert-base-multilingual-cased,en,147,mean_pool,0.3564424514770508,-0.0623585134744644,-0.8602538108825684,-0.2216969579458236
distilbert-base-multilingual-cased,en,148,mean_pool,0.319132387638092,-0.032714020460844,-0.8276295065879822,-0.2212830632925033
distilbert-base-multilingual-cased,en,149,mean_pool,0.2974286675453186,-0.1497769802808761,-0.8153259754180908,-0.2379201799631118
distilbert-base-multilingual-cased,en,150,mean_pool,0.2684823274612427,-0.1316038370132446,-0.7983935475349426,-0.2771242558956146
distilbert-base-multilingual-cased,en,151,mean_pool,0.2777625918388366,-0.1178459674119949,-0.7888575792312622,-0.3498765826225281
distilbert-base-multilingual-cased,en,152,mean_pool,0.3363216817378998,-0.1194462552666664,-0.8653356432914734,-0.2793536186218261
distilbert-base-multilingual-cased,en,153,mean_pool,0.3076294958591461,-0.0596750043332576,-0.834932804107666,-0.1883124411106109
distilbert-base-multilingual-cased,en,154,mean_pool,0.300218403339386,-0.1111864522099495,-0.7931951880455017,-0.230230301618576
distilbert-base-multilingual-cased,en,155,mean_pool,0.375334769487381,-0.049853503704071,-0.8477861881256104,-0.1939746290445327
distilbert-base-multilingual-cased,en,156,mean_pool,0.2507888078689575,-0.2023297101259231,-0.7753798961639404,-0.2410876005887985
distilbert-base-multilingual-cased,en,157,mean_pool,0.2517054378986358,-0.0989115759730339,-0.8059484958648682,-0.2077432572841644
distilbert-base-multilingual-cased,en,158,mean_pool,0.2562938034534454,-0.1099221631884574,-0.7828574776649475,-0.2787909507751465
distilbert-base-multilingual-cased,en,159,mean_pool,0.2544037997722626,-0.1843535453081131,-0.7530226707458496,-0.3642588555812835
distilbert-base-multilingual-cased,ru,0,mean_pool,0.1155013889074325,-0.5820654034614563,-0.4662011265754699,-0.4953780174255371
distilbert-base-multilingual-cased,ru,1,mean_pool,0.0917730703949928,-0.5541816353797913,-0.4152617454528808,-0.6295121312141418
distilbert-base-multilingual-cased,ru,2,mean_pool,0.0953232124447822,-0.5289116501808167,-0.4964151382446289,-0.5268394351005554
distilbert-base-multilingual-cased,ru,3,mean_pool,0.0943627208471298,-0.5562428832054138,-0.4482168853282928,-0.5106885433197021
distilbert-base-multilingual-cased,ru,4,mean_pool,0.0919224321842193,-0.5715883374214172,-0.4553353190422058,-0.6161749958992004
distilbert-base-multilingual-cased,ru,5,mean_pool,0.0791506469249725,-0.5842039585113525,-0.3865456581115722,-0.5007921457290649
distilbert-base-multilingual-cased,ru,6,mean_pool,0.0748606547713279,-0.5847637057304382,-0.3792702257633209,-0.5484879612922668
distilbert-base-multilingual-cased,ru,7,mean_pool,0.0754899382591247,-0.5361300706863403,-0.4498848617076874,-0.5357417464256287
distilbert-base-multilingual-cased,ru,8,mean_pool,0.1767382472753524,-0.5821011066436768,-0.6125190258026123,-0.5058372020721436
distilbert-base-multilingual-cased,ru,9,mean_pool,0.0554747767746448,-0.5532194972038269,-0.4191099107265472,-0.5499265789985657
distilbert-base-multilingual-cased,ru,10,mean_pool,0.1259249597787857,-0.5922150015830994,-0.5209684371948242,-0.4867072403430938
distilbert-base-multilingual-cased,ru,11,mean_pool,0.059367187321186,-0.5547768473625183,-0.407253235578537,-0.5045478940010071
distilbert-base-multilingual-cased,ru,12,mean_pool,0.0882689282298088,-0.6049745678901672,-0.4764522612094879,-0.4540149867534637
distilbert-base-multilingual-cased,ru,13,mean_pool,0.0872587189078331,-0.5832585096359253,-0.4056804478168487,-0.5604619979858398
distilbert-base-multilingual-cased,ru,14,mean_pool,0.0802032202482223,-0.5458680391311646,-0.4417201578617096,-0.5006073713302612
distilbert-base-multilingual-cased,ru,15,mean_pool,0.0957537367939949,-0.559303343296051,-0.4970600008964538,-0.5133131146430969
distilbert-base-multilingual-cased,ru,16,mean_pool,0.1132601276040077,-0.5572646260261536,-0.5368096828460693,-0.4877707362174988
distilbert-base-multilingual-cased,ru,17,mean_pool,0.0899438858032226,-0.5866358876228333,-0.4653705358505249,-0.5135339498519897
distilbert-base-multilingual-cased,ru,18,mean_pool,0.1081524640321731,-0.5317931175231934,-0.4760129451751709,-0.5215225219726562
distilbert-base-multilingual-cased,ru,19,mean_pool,0.0881261974573135,-0.5256520509719849,-0.4627934396266937,-0.5182587504386902
distilbert-base-multilingual-cased,ru,20,mean_pool,0.0724848583340644,-0.5517803430557251,-0.3527806401252746,-0.5588891506195068
distilbert-base-multilingual-cased,ru,21,mean_pool,0.0950293242931366,-0.5376874208450317,-0.3651204109191894,-0.5969436764717102
distilbert-base-multilingual-cased,ru,22,mean_pool,0.0761319398880004,-0.5824595093727112,-0.3613092005252838,-0.5210627317428589
distilbert-base-multilingual-cased,ru,23,mean_pool,0.1018680930137634,-0.5474490523338318,-0.4659670293331146,-0.4719376862049103
distilbert-base-multilingual-cased,ru,24,mean_pool,0.1702422648668289,-0.5366320013999939,-0.5556029677391052,-0.3432880043983459
distilbert-base-multilingual-cased,ru,25,mean_pool,0.1123883724212646,-0.4961877167224884,-0.5243517160415649,-0.5325406193733215
distilbert-base-multilingual-cased,ru,26,mean_pool,0.0716265216469764,-0.5286349654197693,-0.4202241599559784,-0.5219783782958984
distilbert-base-multilingual-cased,ru,27,mean_pool,0.0668406262993812,-0.5125518441200256,-0.4341099262237549,-0.4297929406166076
distilbert-base-multilingual-cased,ru,28,mean_pool,0.0564963407814502,-0.5298680067062378,-0.4391662180423736,-0.4844277799129486
distilbert-base-multilingual-cased,ru,29,mean_pool,0.136361226439476,-0.639167308807373,-0.5664762854576111,-0.4892202317714691
distilbert-base-multilingual-cased,ru,30,mean_pool,0.086870476603508,-0.5535526275634766,-0.4686096906661987,-0.3819577991962433
distilbert-base-multilingual-cased,ru,31,mean_pool,0.1046047285199165,-0.5186351537704468,-0.4330977499485016,-0.5929834246635437
distilbert-base-multilingual-cased,ru,32,mean_pool,0.1562949568033218,-0.5372856259346008,-0.5716885328292847,-0.4308463335037231
distilbert-base-multilingual-cased,ru,33,mean_pool,0.1009586825966835,-0.5727623701095581,-0.4925054907798767,-0.5772053599357605
distilbert-base-multilingual-cased,ru,34,mean_pool,0.1246510595083236,-0.5505905747413635,-0.5144489407539368,-0.4683835804462433
distilbert-base-multilingual-cased,ru,35,mean_pool,0.0615186803042888,-0.5359612703323364,-0.4283997416496277,-0.5396304130554199
distilbert-base-multilingual-cased,ru,36,mean_pool,0.0735034570097923,-0.5555362105369568,-0.4346151947975158,-0.5887392163276672
distilbert-base-multilingual-cased,ru,37,mean_pool,0.1158325523138046,-0.5974693894386292,-0.5326187610626221,-0.5851513743400574
distilbert-base-multilingual-cased,ru,38,mean_pool,0.0761492922902107,-0.5348227620124817,-0.4760125279426574,-0.4967998564243316
distilbert-base-multilingual-cased,ru,39,mean_pool,0.0941394045948982,-0.5434786677360535,-0.4724049568176269,-0.5650976300239563
distilbert-base-multilingual-cased,ru,40,mean_pool,0.1141320988535881,-0.5821840763092041,-0.4410441517829895,-0.4793363809585571
distilbert-base-multilingual-cased,ru,41,mean_pool,0.0862495154142379,-0.5445349812507629,-0.470218300819397,-0.5462429523468018
distilbert-base-multilingual-cased,ru,42,mean_pool,0.0590120367705822,-0.5544003844261169,-0.4630277752876282,-0.5767182111740112
distilbert-base-multilingual-cased,ru,43,mean_pool,0.0872946828603744,-0.5596107244491577,-0.4681482315063476,-0.5815811157226562
distilbert-base-multilingual-cased,ru,44,mean_pool,0.0890228077769279,-0.5759051442146301,-0.4488204419612884,-0.5311571359634399
distilbert-base-multilingual-cased,ru,45,mean_pool,0.0901169329881668,-0.5536422729492188,-0.4807337522506714,-0.4446375966072082
distilbert-base-multilingual-cased,ru,46,mean_pool,0.0939038768410682,-0.5317180156707764,-0.426607608795166,-0.5731256008148193
distilbert-base-multilingual-cased,ru,47,mean_pool,0.0898126512765884,-0.5460665822029114,-0.3969713747501373,-0.5635386109352112
distilbert-base-multilingual-cased,ru,48,mean_pool,0.0893916711211204,-0.5682722330093384,-0.4695568084716797,-0.5015313625335693
distilbert-base-multilingual-cased,ru,49,mean_pool,0.1378429979085922,-0.5956934094429016,-0.4764893054962158,-0.4310370683670044
distilbert-base-multilingual-cased,ru,50,mean_pool,0.1074082106351852,-0.5082493424415588,-0.439231127500534,-0.4620493352413177
distilbert-base-multilingual-cased,ru,51,mean_pool,0.1488403081893921,-0.5987446308135986,-0.5031322836875916,-0.409606009721756
distilbert-base-multilingual-cased,ru,52,mean_pool,0.0654947012662887,-0.6224420666694641,-0.4175485670566559,-0.5208179950714111
distilbert-base-multilingual-cased,ru,53,mean_pool,0.1274030208587646,-0.5900570154190063,-0.4855624139308929,-0.3791912794113159
distilbert-base-multilingual-cased,ru,54,mean_pool,0.1406890153884887,-0.5357515215873718,-0.5285794734954834,-0.4574946165084839
distilbert-base-multilingual-cased,ru,55,mean_pool,0.1446015834808349,-0.5529769659042358,-0.5733258724212646,-0.4202004075050354
distilbert-base-multilingual-cased,ru,56,mean_pool,0.0789460390806198,-0.5095307230949402,-0.4783194959163666,-0.5081191658973694
distilbert-base-multilingual-cased,ru,57,mean_pool,0.1453836262226104,-0.5585688352584839,-0.5141568779945374,-0.5003477334976196
distilbert-base-multilingual-cased,ru,58,mean_pool,0.1070902645587921,-0.506208062171936,-0.3946144580841064,-0.6107727289199829
distilbert-base-multilingual-cased,ru,59,mean_pool,0.0804873928427696,-0.5253581404685974,-0.475754052400589,-0.5110611319541931
distilbert-base-multilingual-cased,ru,60,mean_pool,0.0620632283389568,-0.5796092748641968,-0.4206357896327972,-0.5636798739433289
distilbert-base-multilingual-cased,ru,61,mean_pool,0.1052796095609664,-0.5217551589012146,-0.4878252446651459,-0.5345937013626099
distilbert-base-multilingual-cased,ru,62,mean_pool,0.0700724646449089,-0.5885636806488037,-0.4314197599887848,-0.5757924318313599
distilbert-base-multilingual-cased,ru,63,mean_pool,0.0934328362345695,-0.5616596341133118,-0.4627090990543365,-0.5859963297843933
distilbert-base-multilingual-cased,ru,64,mean_pool,0.0601237677037715,-0.5113725662231445,-0.451207160949707,-0.5379815697669983
distilbert-base-multilingual-cased,ru,65,mean_pool,0.0950042754411697,-0.5457277297973633,-0.5027743577957153,-0.4772990643978119
distilbert-base-multilingual-cased,ru,66,mean_pool,0.1140444576740264,-0.5721927881240845,-0.4727921783924103,-0.4700546860694885
distilbert-base-multilingual-cased,ru,67,mean_pool,0.1613577455282211,-0.5396625995635986,-0.594842791557312,-0.4525848925113678
distilbert-base-multilingual-cased,ru,68,mean_pool,0.0847505703568458,-0.6207544803619385,-0.4358468949794769,-0.4711728394031524
distilbert-base-multilingual-cased,ru,69,mean_pool,0.0929837822914123,-0.518351137638092,-0.5058900117874146,-0.4731010198593139
distilbert-base-multilingual-cased,ru,70,mean_pool,0.1408641338348388,-0.5630728006362915,-0.4884763956069946,-0.4896992444992065
distilbert-base-multilingual-cased,ru,71,mean_pool,0.0817829445004463,-0.545803427696228,-0.4614472091197967,-0.5643519163131714
distilbert-base-multilingual-cased,ru,72,mean_pool,0.0703607201576232,-0.5836076736450195,-0.423563539981842,-0.5485875606536865
distilbert-base-multilingual-cased,ru,73,mean_pool,0.084382064640522,-0.5801234245300293,-0.4325251877307892,-0.4765181541442871
distilbert-base-multilingual-cased,ru,74,mean_pool,0.1631321310997009,-0.4940743744373321,-0.2599543035030365,-0.5923733115196228
distilbert-base-multilingual-cased,ru,75,mean_pool,0.1189566701650619,-0.5526199340820312,-0.4949694573879242,-0.6109882593154907
distilbert-base-multilingual-cased,ru,76,mean_pool,0.0762790814042091,-0.5592594146728516,-0.4677986204624176,-0.5430725812911987
distilbert-base-multilingual-cased,ru,77,mean_pool,0.1229833960533142,-0.6064403653144836,-0.4310710728168487,-0.4906308948993683
distilbert-base-multilingual-cased,ru,78,mean_pool,0.077386125922203,-0.5586205124855042,-0.3923200368881225,-0.6288534998893738
distilbert-base-multilingual-cased,ru,79,mean_pool,0.1115695983171463,-0.5505043864250183,-0.46790412068367,-0.505509614944458
distilbert-base-multilingual-cased,ru,80,mean_pool,0.1491990536451339,-0.5091245770454407,-0.575710654258728,-0.4203517436981201
distilbert-base-multilingual-cased,ru,81,mean_pool,0.0814235582947731,-0.5639094710350037,-0.4568021893501282,-0.5625608563423157
distilbert-base-multilingual-cased,ru,82,mean_pool,0.0685625299811363,-0.5437692999839783,-0.3652389347553253,-0.5832570195198059
distilbert-base-multilingual-cased,ru,83,mean_pool,0.2050388008356094,-0.5312402844429016,-0.6458473205566406,-0.5126916170120239
distilbert-base-multilingual-cased,ru,84,mean_pool,0.0712823867797851,-0.5837187767028809,-0.4179116189479828,-0.5187891721725464
distilbert-base-multilingual-cased,ru,85,mean_pool,0.104828305542469,-0.5602542757987976,-0.4978790283203125,-0.5299915075302124
distilbert-base-multilingual-cased,ru,86,mean_pool,0.0873937979340553,-0.528800368309021,-0.4951357543468475,-0.54238361120224
distilbert-base-multilingual-cased,ru,87,mean_pool,0.1137625202536583,-0.5340584516525269,-0.42381152510643,-0.5746148228645325
distilbert-base-multilingual-cased,ru,88,mean_pool,0.0826306492090225,-0.5848509669303894,-0.3757904469966888,-0.558684229850769
distilbert-base-multilingual-cased,ru,89,mean_pool,0.0818031877279281,-0.5725536942481995,-0.3991209268569946,-0.5411006808280945
distilbert-base-multilingual-cased,ru,90,mean_pool,0.1129636988043785,-0.5911090970039368,-0.4430014789104461,-0.4789004921913147
distilbert-base-multilingual-cased,ru,91,mean_pool,0.0475900769233703,-0.5775934457778931,-0.3561573028564453,-0.5803805589675903
distilbert-base-multilingual-cased,ru,92,mean_pool,0.0901658460497856,-0.5824055671691895,-0.4095528125762939,-0.5499556660652161
distilbert-base-multilingual-cased,ru,93,mean_pool,0.1145120561122894,-0.6233016848564148,-0.416081041097641,-0.5020855069160461
distilbert-base-multilingual-cased,ru,94,mean_pool,0.1003445982933044,-0.6029024124145508,-0.4916501045227051,-0.4992605745792389
distilbert-base-multilingual-cased,ru,95,mean_pool,0.0577553734183311,-0.5672287344932556,-0.4488600790500641,-0.5105660557746887
distilbert-base-multilingual-cased,ru,96,mean_pool,0.0484147444367408,-0.5374630689620972,-0.4077624976634979,-0.5716965794563293
distilbert-base-multilingual-cased,ru,97,mean_pool,0.1102551370859146,-0.5304912328720093,-0.5061158537864685,-0.5350356698036194
distilbert-base-multilingual-cased,ru,98,mean_pool,0.0736236497759819,-0.5476120710372925,-0.3819655478000641,-0.5391326546669006
distilbert-base-multilingual-cased,ru,99,mean_pool,0.1585039347410202,-0.5562616586685181,-0.5392661690711975,-0.3730364739894867
distilbert-base-multilingual-cased,ru,100,mean_pool,0.1146557107567787,-0.5668037533760071,-0.4883628487586975,-0.5173287391662598
distilbert-base-multilingual-cased,ru,101,mean_pool,0.067024178802967,-0.5710384845733643,-0.4095411598682403,-0.6102219223976135
distilbert-base-multilingual-cased,ru,102,mean_pool,0.0855238363146781,-0.58319491147995,-0.387873500585556,-0.4875026941299438
distilbert-base-multilingual-cased,ru,103,mean_pool,0.1657139360904693,-0.5327509641647339,-0.5955395102500916,-0.5105211734771729
distilbert-base-multilingual-cased,ru,104,mean_pool,0.1215379312634468,-0.5395667552947998,-0.4934896230697632,-0.5824752449989319
distilbert-base-multilingual-cased,ru,105,mean_pool,0.0893279984593391,-0.549089789390564,-0.3875811696052551,-0.5750240087509155
distilbert-base-multilingual-cased,ru,106,mean_pool,0.1489567905664444,-0.553356409072876,-0.509156346321106,-0.4680195748806
distilbert-base-multilingual-cased,ru,107,mean_pool,0.1420087069272995,-0.5555757284164429,-0.5333533883094788,-0.4622945189476013
distilbert-base-multilingual-cased,ru,108,mean_pool,0.1017124131321907,-0.600149929523468,-0.4382934868335724,-0.4851752519607544
distilbert-base-multilingual-cased,ru,109,mean_pool,0.1056655198335647,-0.5485851764678955,-0.4081097543239593,-0.5690913200378418
distilbert-base-multilingual-cased,ru,110,mean_pool,0.1579223424196243,-0.578188419342041,-0.577717661857605,-0.3534682393074035
distilbert-base-multilingual-cased,ru,111,mean_pool,0.0631105005741119,-0.5937822461128235,-0.3854424059391022,-0.5043701529502869
distilbert-base-multilingual-cased,ru,112,mean_pool,0.1205620467662811,-0.6155714988708496,-0.4670733213424682,-0.4136304855346679
distilbert-base-multilingual-cased,ru,113,mean_pool,0.0665361061692237,-0.5778440833091736,-0.3750508725643158,-0.5819925665855408
distilbert-base-multilingual-cased,ru,114,mean_pool,0.0989494025707244,-0.5575737357139587,-0.4336723089218139,-0.5295910835266113
distilbert-base-multilingual-cased,ru,115,mean_pool,0.1533386409282684,-0.5652737617492676,-0.5519396662712097,-0.3231973350048065
distilbert-base-multilingual-cased,ru,116,mean_pool,0.0660739094018936,-0.5761720538139343,-0.3923717737197876,-0.5881041288375854
distilbert-base-multilingual-cased,ru,117,mean_pool,0.1880054771900177,-0.5395979881286621,-0.6531998515129089,-0.4575461447238922
distilbert-base-multilingual-cased,ru,118,mean_pool,0.1227874532341957,-0.555401086807251,-0.4618852734565735,-0.4383406639099121
distilbert-base-multilingual-cased,ru,119,mean_pool,0.0824386700987815,-0.5417097806930542,-0.4901415109634399,-0.5151793360710144
distilbert-base-multilingual-cased,ru,120,mean_pool,0.1059170663356781,-0.571368932723999,-0.4674964547157287,-0.5393764972686768
distilbert-base-multilingual-cased,ru,121,mean_pool,0.1029794439673423,-0.513646125793457,-0.4193991124629974,-0.5220894813537598
distilbert-base-multilingual-cased,ru,122,mean_pool,0.1393530964851379,-0.5788636207580566,-0.5412144064903259,-0.5828291773796082
distilbert-base-multilingual-cased,ru,123,mean_pool,0.128486767411232,-0.5408761501312256,-0.416318267583847,-0.5074326992034912
distilbert-base-multilingual-cased,ru,124,mean_pool,0.1071304529905319,-0.582363486289978,-0.4144468307495117,-0.4996944665908813
distilbert-base-multilingual-cased,ru,125,mean_pool,0.0706084892153739,-0.5811576843261719,-0.395145446062088,-0.5986815690994263
distilbert-base-multilingual-cased,ru,126,mean_pool,0.1125270202755928,-0.5934573411941528,-0.4327740371227264,-0.4233687222003937
distilbert-base-multilingual-cased,ru,127,mean_pool,0.0824608653783798,-0.5400697588920593,-0.4916645288467407,-0.458935022354126
distilbert-base-multilingual-cased,ru,128,mean_pool,0.1429061442613601,-0.50505131483078,-0.3777181506156921,-0.5264626741409302
distilbert-base-multilingual-cased,ru,129,mean_pool,0.0870920643210411,-0.5150182843208313,-0.4113161563873291,-0.5739678740501404
distilbert-base-multilingual-cased,ru,130,mean_pool,0.1283491253852844,-0.5119959115982056,-0.3918771743774414,-0.6344407796859741
distilbert-base-multilingual-cased,ru,131,mean_pool,0.1112303808331489,-0.5828601717948914,-0.3924763202667236,-0.5172268748283386
distilbert-base-multilingual-cased,ru,132,mean_pool,0.0418437905609607,-0.5541164875030518,-0.3838539719581604,-0.5849679708480835
distilbert-base-multilingual-cased,ru,133,mean_pool,0.0786635875701904,-0.6006519794464111,-0.4114996790885925,-0.4960270226001739
distilbert-base-multilingual-cased,ru,134,mean_pool,0.0675293207168579,-0.6106457114219666,-0.3931570947170257,-0.5484722852706909
distilbert-base-multilingual-cased,ru,135,mean_pool,0.1280407011508941,-0.5491107702255249,-0.5017677545547485,-0.5913538336753845
distilbert-base-multilingual-cased,ru,136,mean_pool,0.0962603911757469,-0.5389536023139954,-0.4283104538917541,-0.5793744921684265
distilbert-base-multilingual-cased,ru,137,mean_pool,0.1563391834497451,-0.6177150011062622,-0.5310439467430115,-0.4981364607810974
distilbert-base-multilingual-cased,ru,138,mean_pool,0.0894396305084228,-0.5900138020515442,-0.4659307599067688,-0.470729798078537
distilbert-base-multilingual-cased,ru,139,mean_pool,0.0636688470840454,-0.5770263671875,-0.3335119783878326,-0.5851864218711853
distilbert-base-multilingual-cased,ru,140,mean_pool,0.0942095592617988,-0.5536003708839417,-0.3930966854095459,-0.5270861983299255
distilbert-base-multilingual-cased,ru,141,mean_pool,0.0687959641218185,-0.5991868376731873,-0.3240615427494049,-0.5404006242752075
distilbert-base-multilingual-cased,ru,142,mean_pool,0.0884359031915664,-0.5833977460861206,-0.4450566172599792,-0.6232089400291443
distilbert-base-multilingual-cased,ru,143,mean_pool,0.0869564265012741,-0.552310049533844,-0.474837452173233,-0.446831077337265
distilbert-base-multilingual-cased,ru,144,mean_pool,0.0729166641831398,-0.5632610321044922,-0.4062799513339996,-0.5704082250595093
distilbert-base-multilingual-cased,ru,145,mean_pool,0.0603088811039924,-0.5631164312362671,-0.408528208732605,-0.6031943559646606
distilbert-base-multilingual-cased,ru,146,mean_pool,0.0954835638403892,-0.5030103325843811,-0.4424444139003753,-0.4170801937580108
distilbert-base-multilingual-cased,ru,147,mean_pool,0.0969970673322677,-0.5478667616844177,-0.4321566820144653,-0.5560018420219421
distilbert-base-multilingual-cased,ru,148,mean_pool,0.0638916790485382,-0.5469735860824585,-0.4572630524635315,-0.4526180028915405
distilbert-base-multilingual-cased,ru,149,mean_pool,0.0978606194257736,-0.5723908543586731,-0.454172134399414,-0.5468855500221252
distilbert-base-multilingual-cased,ru,150,mean_pool,0.1532470136880874,-0.557352602481842,-0.5659207105636597,-0.5428401827812195
distilbert-base-multilingual-cased,ru,151,mean_pool,0.0583663024008274,-0.5395128130912781,-0.3501290082931518,-0.5674822330474854
distilbert-base-multilingual-cased,ru,152,mean_pool,0.0830283537507057,-0.5904117226600647,-0.4250320196151733,-0.5147082805633545
distilbert-base-multilingual-cased,ru,153,mean_pool,0.0539672784507274,-0.5382803082466125,-0.3814607858657837,-0.561365008354187
distilbert-base-multilingual-cased,ru,154,mean_pool,0.1086568906903266,-0.5964956879615784,-0.4917796850204468,-0.4328140616416931
distilbert-base-multilingual-cased,ru,155,mean_pool,0.1021300256252288,-0.5261890292167664,-0.4773552417755127,-0.5184334516525269
distilbert-base-multilingual-cased,ru,156,mean_pool,0.1119797751307487,-0.5780351758003235,-0.4637132585048675,-0.5216026306152344
distilbert-base-multilingual-cased,ru,157,mean_pool,0.1235278770327568,-0.5693604350090027,-0.4352296888828277,-0.5313198566436768
distilbert-base-multilingual-cased,ru,158,mean_pool,0.0892898291349411,-0.557937502861023,-0.4433474838733673,-0.4504098892211914
distilbert-base-multilingual-cased,ru,159,mean_pool,0.0568887256085872,-0.5767425894737244,-0.3306470811367035,-0.6178892850875854
distilbert-base-multilingual-cased,zh,0,mean_pool,0.1132272481918335,-0.7100287079811096,-0.7435854077339172,-0.5184714794158936
distilbert-base-multilingual-cased,zh,1,mean_pool,0.1380074918270111,-0.5833661556243896,-0.731327474117279,-0.4930135905742645
distilbert-base-multilingual-cased,zh,2,mean_pool,0.09871756285429,-0.6341893076896667,-0.6731520891189575,-0.4116965532302856
distilbert-base-multilingual-cased,zh,3,mean_pool,0.1250684261322021,-0.6363579630851746,-0.754395604133606,-0.5148680806159973
distilbert-base-multilingual-cased,zh,4,mean_pool,0.1058920174837112,-0.6588677763938904,-0.8158161044120789,-0.4843074977397918
distilbert-base-multilingual-cased,zh,5,mean_pool,0.0892807841300964,-0.662045955657959,-0.7419446110725403,-0.5092430710792542
distilbert-base-multilingual-cased,zh,6,mean_pool,0.1491637080907821,-0.5705325603485107,-0.7218655347824097,-0.4510922431945801
distilbert-base-multilingual-cased,zh,7,mean_pool,0.1100649312138557,-0.6537546515464783,-0.7750020623207092,-0.5046342015266418
distilbert-base-multilingual-cased,zh,8,mean_pool,0.0903326943516731,-0.6309180855751038,-0.7299837470054626,-0.4884972274303436
distilbert-base-multilingual-cased,zh,9,mean_pool,0.094142697751522,-0.6632723808288574,-0.7404536604881287,-0.467972457408905
distilbert-base-multilingual-cased,zh,10,mean_pool,0.0889135897159576,-0.6888297200202942,-0.7851064205169678,-0.5574564933776855
distilbert-base-multilingual-cased,zh,11,mean_pool,0.0425856374204158,-0.5117275714874268,-0.706693708896637,-0.4646725058555603
distilbert-base-multilingual-cased,zh,12,mean_pool,0.1275022327899933,-0.7108619809150696,-0.7545918226242065,-0.6637463569641113
distilbert-base-multilingual-cased,zh,13,mean_pool,0.0755165591835975,-0.6145251989364624,-0.7585538029670715,-0.4712821543216705
distilbert-base-multilingual-cased,zh,14,mean_pool,0.1149146482348442,-0.6302955150604248,-0.7699824571609497,-0.5490805506706238
distilbert-base-multilingual-cased,zh,15,mean_pool,0.1011132523417472,-0.5993454456329346,-0.7226864695549011,-0.5058870315551758
distilbert-base-multilingual-cased,zh,16,mean_pool,0.0904713422060012,-0.6733588576316833,-0.7356810569763184,-0.4564602375030517
distilbert-base-multilingual-cased,zh,17,mean_pool,0.089117556810379,-0.632272481918335,-0.7528764605522156,-0.5329192876815796
distilbert-base-multilingual-cased,zh,18,mean_pool,0.1404435932636261,-0.638337254524231,-0.8174440264701843,-0.5992251634597778
distilbert-base-multilingual-cased,zh,19,mean_pool,0.1717262268066406,-0.619017481803894,-0.790566086769104,-0.3978250622749328
distilbert-base-multilingual-cased,zh,20,mean_pool,0.1113237589597702,-0.7045823931694031,-0.7868714928627014,-0.5334289073944092
distilbert-base-multilingual-cased,zh,21,mean_pool,0.1103741601109504,-0.619857132434845,-0.7096594572067261,-0.4518868923187256
distilbert-base-multilingual-cased,zh,22,mean_pool,0.1543528735637664,-0.714792013168335,-0.623916506767273,-0.4838775992393493
distilbert-base-multilingual-cased,zh,23,mean_pool,0.0722672864794731,-0.6433162689208984,-0.7641443014144897,-0.5156577825546265
distilbert-base-multilingual-cased,zh,24,mean_pool,0.0840406045317649,-0.5093172788619995,-0.6545493602752686,-0.4126330614089966
distilbert-base-multilingual-cased,zh,25,mean_pool,0.0830625742673873,-0.6261776685714722,-0.7001707553863525,-0.4688579440116882
distilbert-base-multilingual-cased,zh,26,mean_pool,0.0497176498174667,-0.536835253238678,-0.7220565676689148,-0.3780003786087036
distilbert-base-multilingual-cased,zh,27,mean_pool,0.0561199821531772,-0.5866345167160034,-0.6826193928718567,-0.4565078020095825
distilbert-base-multilingual-cased,zh,28,mean_pool,0.1209012791514396,-0.6713693141937256,-0.8013092279434204,-0.5180122256278992
distilbert-base-multilingual-cased,zh,29,mean_pool,0.1236788630485534,-0.5911989212036133,-0.725173830986023,-0.4282673597335815
distilbert-base-multilingual-cased,zh,30,mean_pool,0.1076646596193313,-0.6734834313392639,-0.751673698425293,-0.507688581943512
distilbert-base-multilingual-cased,zh,31,mean_pool,0.0939557179808616,-0.5716490745544434,-0.7761808037757874,-0.4718588888645172
distilbert-base-multilingual-cased,zh,32,mean_pool,0.093309685587883,-0.6488345265388489,-0.7069218158721924,-0.5348052978515625
distilbert-base-multilingual-cased,zh,33,mean_pool,0.0824492201209068,-0.6236135363578796,-0.6683869957923889,-0.480686753988266
distilbert-base-multilingual-cased,zh,34,mean_pool,0.0989099740982055,-0.6808880567550659,-0.7221792936325073,-0.4890719354152679
distilbert-base-multilingual-cased,zh,35,mean_pool,0.0885533019900322,-0.6518808007240295,-0.7442152500152588,-0.4545513093471527
distilbert-base-multilingual-cased,zh,36,mean_pool,0.0949241369962692,-0.5942311882972717,-0.8084807991981506,-0.4920072555541992
distilbert-base-multilingual-cased,zh,37,mean_pool,0.0910055562853813,-0.6040805578231812,-0.7901121973991394,-0.5139615535736084
distilbert-base-multilingual-cased,zh,38,mean_pool,0.0933957248926162,-0.6575756669044495,-0.6924314498901367,-0.4859749972820282
distilbert-base-multilingual-cased,zh,39,mean_pool,0.1367522180080413,-0.634757936000824,-0.7235099077224731,-0.4083034098148346
distilbert-base-multilingual-cased,zh,40,mean_pool,0.201300099492073,-0.5203149318695068,-0.8193841576576233,-0.4011761844158172
distilbert-base-multilingual-cased,zh,41,mean_pool,0.0782481357455253,-0.5939543843269348,-0.7464879155158997,-0.4259899258613586
distilbert-base-multilingual-cased,zh,42,mean_pool,0.0904124751687049,-0.6308693885803223,-0.7556602358818054,-0.4644436538219452
distilbert-base-multilingual-cased,zh,43,mean_pool,0.1294101178646087,-0.6421886086463928,-0.7693058848381042,-0.4819450974464416
distilbert-base-multilingual-cased,zh,44,mean_pool,0.1008466407656669,-0.6817204356193542,-0.7577646374702454,-0.528948187828064
distilbert-base-multilingual-cased,zh,45,mean_pool,0.126758337020874,-0.6114175915718079,-0.6880790591239929,-0.3854628503322601
distilbert-base-multilingual-cased,zh,46,mean_pool,0.0911542028188705,-0.7094800472259521,-0.6735753417015076,-0.5075249075889587
distilbert-base-multilingual-cased,zh,47,mean_pool,0.0969296470284462,-0.6659950613975525,-0.7045865654945374,-0.5484576225280762
distilbert-base-multilingual-cased,zh,48,mean_pool,0.1259539872407913,-0.6158187389373779,-0.6332641243934631,-0.447852611541748
distilbert-base-multilingual-cased,zh,49,mean_pool,0.1300790309906005,-0.5578652024269104,-0.7198328971862793,-0.4692058265209198
distilbert-base-multilingual-cased,zh,50,mean_pool,0.1160264909267425,-0.7344040274620056,-0.6939169764518738,-0.6084843873977661
distilbert-base-multilingual-cased,zh,51,mean_pool,0.1504361033439636,-0.5712116956710815,-0.7432180643081665,-0.4609118103981018
distilbert-base-multilingual-cased,zh,52,mean_pool,0.1042870059609413,-0.7144013047218323,-0.6916873455047607,-0.5856843590736389
distilbert-base-multilingual-cased,zh,53,mean_pool,0.1772481650114059,-0.651551365852356,-0.7664806842803955,-0.4310905039310455
distilbert-base-multilingual-cased,zh,54,mean_pool,0.1109703555703163,-0.7120120525360107,-0.675476610660553,-0.4494822025299072
distilbert-base-multilingual-cased,zh,55,mean_pool,0.1011481136083602,-0.6807069778442383,-0.7539747357368469,-0.4885218441486358
distilbert-base-multilingual-cased,zh,56,mean_pool,0.0987446382641792,-0.6134964823722839,-0.7294772863388062,-0.4388372600078583
distilbert-base-multilingual-cased,zh,57,mean_pool,0.16071218252182,-0.5853909254074097,-0.7674595713615417,-0.4508064389228821
distilbert-base-multilingual-cased,zh,58,mean_pool,0.1266733855009079,-0.6260114312171936,-0.6367138028144836,-0.3947738707065582
distilbert-base-multilingual-cased,zh,59,mean_pool,0.0980454087257385,-0.6911847591400146,-0.6962780356407166,-0.5469464659690857
distilbert-base-multilingual-cased,zh,60,mean_pool,0.0989818051457405,-0.6778690814971924,-0.8056148886680603,-0.4832186698913574
distilbert-base-multilingual-cased,zh,61,mean_pool,0.1110021471977233,-0.5686863660812378,-0.7257834672927856,-0.4726401567459106
distilbert-base-multilingual-cased,zh,62,mean_pool,0.1215558350086212,-0.7327871918678284,-0.7568095326423645,-0.6489219069480896
distilbert-base-multilingual-cased,zh,63,mean_pool,0.0895415171980857,-0.6429084539413452,-0.7978470325469971,-0.548862099647522
distilbert-base-multilingual-cased,zh,64,mean_pool,0.1400346755981445,-0.5701568722724915,-0.7745160460472107,-0.4003330171108246
distilbert-base-multilingual-cased,zh,65,mean_pool,0.1230335757136344,-0.6611510515213013,-0.7264096140861511,-0.4814931452274322
distilbert-base-multilingual-cased,zh,66,mean_pool,0.0854627192020416,-0.6711969375610352,-0.7456925511360168,-0.4935644268989563
distilbert-base-multilingual-cased,zh,67,mean_pool,0.0420848727226257,-0.4880901277065277,-0.6740545630455017,-0.3288658857345581
distilbert-base-multilingual-cased,zh,68,mean_pool,0.0704040899872779,-0.6100568175315857,-0.7472801804542542,-0.4263043999671936
distilbert-base-multilingual-cased,zh,69,mean_pool,0.0979818701744079,-0.6424570679664612,-0.625993013381958,-0.4624981880187988
distilbert-base-multilingual-cased,zh,70,mean_pool,0.1131884902715683,-0.6359210014343262,-0.6649430990219116,-0.4493076205253601
distilbert-base-multilingual-cased,zh,71,mean_pool,0.0851898342370987,-0.6271827220916748,-0.7726945877075195,-0.5539162158966064
distilbert-base-multilingual-cased,zh,72,mean_pool,0.1149362549185752,-0.6265445947647095,-0.7602713704109192,-0.5517318248748779
distilbert-base-multilingual-cased,zh,73,mean_pool,0.1442933678627014,-0.625415563583374,-0.7799652814865112,-0.4300270080566406
distilbert-base-multilingual-cased,zh,74,mean_pool,0.1027997061610221,-0.7159613370895386,-0.7190709114074707,-0.5911625027656555
distilbert-base-multilingual-cased,zh,75,mean_pool,0.0841150283813476,-0.6768043637275696,-0.7432205080986023,-0.5166057348251343
distilbert-base-multilingual-cased,zh,76,mean_pool,0.1281361877918243,-0.6113731265068054,-0.586789071559906,-0.4501621723175049
distilbert-base-multilingual-cased,zh,77,mean_pool,0.1266745030879974,-0.531291663646698,-0.7359699606895447,-0.4899471998214721
distilbert-base-multilingual-cased,zh,78,mean_pool,0.1052534505724906,-0.663512647151947,-0.6977275609970093,-0.4426116943359375
distilbert-base-multilingual-cased,zh,79,mean_pool,0.101932905614376,-0.5633993744850159,-0.7234323024749756,-0.4695855677127838
distilbert-base-multilingual-cased,zh,80,mean_pool,0.0665525794029235,-0.4752911031246185,-0.7684404850006104,-0.3879784941673279
distilbert-base-multilingual-cased,zh,81,mean_pool,0.0881593227386474,-0.5384914875030518,-0.6488676071166992,-0.3229830861091614
distilbert-base-multilingual-cased,zh,82,mean_pool,0.083818219602108,-0.6480324864387512,-0.6633519530296326,-0.4446100294589996
distilbert-base-multilingual-cased,zh,83,mean_pool,0.1053396165370941,-0.6996272802352905,-0.66301429271698,-0.4781369268894195
distilbert-base-multilingual-cased,zh,84,mean_pool,0.1593872606754303,-0.5201781988143921,-0.7770236730575562,-0.3624904155731201
distilbert-base-multilingual-cased,zh,85,mean_pool,0.0701564103364944,-0.6529234051704407,-0.7185871005058289,-0.4758330285549164
distilbert-base-multilingual-cased,zh,86,mean_pool,0.1179782003164291,-0.594473123550415,-0.7711551189422607,-0.5063976645469666
distilbert-base-multilingual-cased,zh,87,mean_pool,0.1196928173303604,-0.6502377986907959,-0.7431922554969788,-0.5032913088798523
distilbert-base-multilingual-cased,zh,88,mean_pool,0.0669576227664947,-0.5989119410514832,-0.6396671533584595,-0.4057746827602386
distilbert-base-multilingual-cased,zh,89,mean_pool,0.1288444995880127,-0.5624112486839294,-0.7431111335754395,-0.4404440522193908
distilbert-base-multilingual-cased,zh,90,mean_pool,0.0688231587409973,-0.4796250164508819,-0.633743941783905,-0.3687417507171631
distilbert-base-multilingual-cased,zh,91,mean_pool,0.1021065711975097,-0.5851266384124756,-0.7239040732383728,-0.3629185557365417
distilbert-base-multilingual-cased,zh,92,mean_pool,0.068074382841587,-0.6000082492828369,-0.7645707726478577,-0.4342992007732391
distilbert-base-multilingual-cased,zh,93,mean_pool,0.0960799232125282,-0.6988998055458069,-0.6978173851966858,-0.4529765248298645
distilbert-base-multilingual-cased,zh,94,mean_pool,0.1235689595341682,-0.5544003844261169,-0.7353560328483582,-0.4026209115982055
distilbert-base-multilingual-cased,zh,95,mean_pool,0.1188477575778961,-0.6387816667556763,-0.8054866790771484,-0.5493417978286743
distilbert-base-multilingual-cased,zh,96,mean_pool,0.1347603797912597,-0.7174790501594543,-0.7452858090400696,-0.5672197937965393
distilbert-base-multilingual-cased,zh,97,mean_pool,0.0817136988043785,-0.6134616732597351,-0.7606273889541626,-0.4026166498661041
distilbert-base-multilingual-cased,zh,98,mean_pool,0.0962559580802917,-0.6916031241416931,-0.7884970307350159,-0.5321401357650757
distilbert-base-multilingual-cased,zh,99,mean_pool,0.0606063343584537,-0.5475277900695801,-0.7403301000595093,-0.3740432560443878
distilbert-base-multilingual-cased,zh,100,mean_pool,0.1201389208436012,-0.6619067192077637,-0.8087324500083923,-0.535511314868927
distilbert-base-multilingual-cased,zh,101,mean_pool,0.0967405438423156,-0.6770857572555542,-0.6844503283500671,-0.5037609934806824
distilbert-base-multilingual-cased,zh,102,mean_pool,0.1633604913949966,-0.7180096507072449,-0.557192325592041,-0.4711942970752716
distilbert-base-multilingual-cased,zh,103,mean_pool,0.0721989795565605,-0.5690604448318481,-0.6693071722984314,-0.4352045655250549
distilbert-base-multilingual-cased,zh,104,mean_pool,0.1262149661779403,-0.6290994882583618,-0.7353301048278809,-0.4155273139476776
distilbert-base-multilingual-cased,zh,105,mean_pool,0.100869320333004,-0.6350756883621216,-0.7445300221443176,-0.5174926519393921
distilbert-base-multilingual-cased,zh,106,mean_pool,0.1190156713128089,-0.3813237249851227,-0.7824660539627075,-0.4824658334255218
distilbert-base-multilingual-cased,zh,107,mean_pool,0.0865847766399383,-0.6959711313247681,-0.7113334536552429,-0.5511006712913513
distilbert-base-multilingual-cased,zh,108,mean_pool,0.0790074244141578,-0.6332958936691284,-0.7579744458198547,-0.4844162166118622
distilbert-base-multilingual-cased,zh,109,mean_pool,0.1196288466453552,-0.6753430366516113,-0.7416000962257385,-0.5111856460571289
distilbert-base-multilingual-cased,zh,110,mean_pool,0.1250683367252349,-0.6575016379356384,-0.6807684302330017,-0.5093305110931396
distilbert-base-multilingual-cased,zh,111,mean_pool,0.0922961607575416,-0.6767435669898987,-0.7177498936653137,-0.4630265533924103
distilbert-base-multilingual-cased,zh,112,mean_pool,0.094307854771614,-0.6248557567596436,-0.7213903069496155,-0.4963931739330292
distilbert-base-multilingual-cased,zh,113,mean_pool,0.0788827687501907,-0.5518083572387695,-0.6122133731842041,-0.3472826778888702
distilbert-base-multilingual-cased,zh,114,mean_pool,0.0899023786187172,-0.4632122814655304,-0.674191951751709,-0.3422640562057495
distilbert-base-multilingual-cased,zh,115,mean_pool,0.0901906490325927,-0.674688458442688,-0.6867820024490356,-0.4488309621810913
distilbert-base-multilingual-cased,zh,116,mean_pool,0.0569298416376113,-0.5664227604866028,-0.5525532364845276,-0.295609176158905
distilbert-base-multilingual-cased,zh,117,mean_pool,0.1326404213905334,-0.6767627000808716,-0.8177683353424072,-0.6730061173439026
distilbert-base-multilingual-cased,zh,118,mean_pool,0.1136836931109428,-0.6572453379631042,-0.7853355407714844,-0.5330523252487183
distilbert-base-multilingual-cased,zh,119,mean_pool,0.1507352441549301,-0.7279715538024902,-0.7638558745384216,-0.532854437828064
distilbert-base-multilingual-cased,zh,120,mean_pool,0.1508524864912033,-0.5772355794906616,-0.7290624976158142,-0.4603564739227295
distilbert-base-multilingual-cased,zh,121,mean_pool,0.1040078252553939,-0.6026978492736816,-0.8006578087806702,-0.4760842621326446
distilbert-base-multilingual-cased,zh,122,mean_pool,0.0952024459838867,-0.6142899394035339,-0.6844714283943176,-0.4654116630554199
distilbert-base-multilingual-cased,zh,123,mean_pool,0.0714651197195053,-0.6635982990264893,-0.7300108075141907,-0.5801627039909363
distilbert-base-multilingual-cased,zh,124,mean_pool,0.1027559116482734,-0.6707087159156799,-0.6735289692878723,-0.4780284762382507
distilbert-base-multilingual-cased,zh,125,mean_pool,0.0980724841356277,-0.6381620764732361,-0.7675936818122864,-0.5309157967567444
distilbert-base-multilingual-cased,zh,126,mean_pool,0.1156082972884178,-0.6714606285095215,-0.7549604773521423,-0.5185964703559875
distilbert-base-multilingual-cased,zh,127,mean_pool,0.0951778069138526,-0.6374181509017944,-0.7880734205245972,-0.478774219751358
distilbert-base-multilingual-cased,zh,128,mean_pool,0.0815460234880447,-0.620368242263794,-0.6887516975402832,-0.4387943744659424
distilbert-base-multilingual-cased,zh,129,mean_pool,0.0608565621078014,-0.5351507663726807,-0.7316539287567139,-0.4731510281562805
distilbert-base-multilingual-cased,zh,130,mean_pool,0.1242734491825103,-0.5990623831748962,-0.7587736248970032,-0.4870742857456207
distilbert-base-multilingual-cased,zh,131,mean_pool,0.0973302796483039,-0.6657611131668091,-0.6990419626235962,-0.4946208596229553
distilbert-base-multilingual-cased,zh,132,mean_pool,0.093737356364727,-0.6916456818580627,-0.699191153049469,-0.5145381689071655
distilbert-base-multilingual-cased,zh,133,mean_pool,0.1435789614915847,-0.6739200353622437,-0.7718478441238403,-0.4770009517669678
distilbert-base-multilingual-cased,zh,134,mean_pool,0.1111115589737892,-0.5853738188743591,-0.772452175617218,-0.4897778034210205
distilbert-base-multilingual-cased,zh,135,mean_pool,0.0959160849452018,-0.7072954177856445,-0.7212799787521362,-0.4969516098499298
distilbert-base-multilingual-cased,zh,136,mean_pool,0.0753421038389206,-0.6390202045440674,-0.7399390339851379,-0.4888640940189361
distilbert-base-multilingual-cased,zh,137,mean_pool,0.080448143184185,-0.6695016026496887,-0.7348918318748474,-0.5035244226455688
distilbert-base-multilingual-cased,zh,138,mean_pool,0.0880980789661407,-0.6773253679275513,-0.7043474316596985,-0.5201213955879211
distilbert-base-multilingual-cased,zh,139,mean_pool,0.0996390283107757,-0.6652393937110901,-0.7601947784423828,-0.4651665687561035
distilbert-base-multilingual-cased,zh,140,mean_pool,0.0962156355381012,-0.5966368317604065,-0.7419393062591553,-0.4489306807518005
distilbert-base-multilingual-cased,zh,141,mean_pool,0.1503446698188781,-0.6449955701828003,-0.8006936311721802,-0.5654228329658508
distilbert-base-multilingual-cased,zh,142,mean_pool,0.0621750131249427,-0.6283811926841736,-0.7308776378631592,-0.5016769766807556
distilbert-base-multilingual-cased,zh,143,mean_pool,0.0880153998732566,-0.6422063112258911,-0.7720867395401001,-0.4952391982078552
distilbert-base-multilingual-cased,zh,144,mean_pool,0.0988473668694496,-0.6742628216743469,-0.765060305595398,-0.4990862011909485
distilbert-base-multilingual-cased,zh,145,mean_pool,0.1444419771432876,-0.6359856128692627,-0.6076576709747314,-0.503138542175293
distilbert-base-multilingual-cased,zh,146,mean_pool,0.0817596316337585,-0.6504843235015869,-0.7128228545188904,-0.5274262428283691
distilbert-base-multilingual-cased,zh,147,mean_pool,0.1189843639731407,-0.5847402811050415,-0.782377302646637,-0.4520617723464966
distilbert-base-multilingual-cased,zh,148,mean_pool,0.0646007806062698,-0.6338313221931458,-0.6847243905067444,-0.4560365974903106
distilbert-base-multilingual-cased,zh,149,mean_pool,0.1177709698677063,-0.6844249367713928,-0.8092646598815918,-0.5890406370162964
distilbert-base-multilingual-cased,zh,150,mean_pool,0.1392881423234939,-0.5725739598274231,-0.7870344519615173,-0.454294353723526
distilbert-base-multilingual-cased,zh,151,mean_pool,0.0531416647136211,-0.6429566144943237,-0.7579711079597473,-0.5528364181518555
distilbert-base-multilingual-cased,zh,152,mean_pool,0.1183179765939712,-0.7363197803497314,-0.7640992999076843,-0.6337748765945435
distilbert-base-multilingual-cased,zh,153,mean_pool,0.0906612649559974,-0.6409221887588501,-0.7198749780654907,-0.4706583023071289
distilbert-base-multilingual-cased,zh,154,mean_pool,0.174747884273529,-0.6112735867500305,-0.5395391583442688,-0.4482429921627044
distilbert-base-multilingual-cased,zh,155,mean_pool,0.0933391153812408,-0.6295507550239563,-0.7515814304351807,-0.4267191290855407
distilbert-base-multilingual-cased,zh,156,mean_pool,0.1138334050774574,-0.6626458764076233,-0.7091577053070068,-0.3098584115505218
distilbert-base-multilingual-cased,zh,157,mean_pool,0.0825615748763084,-0.6062761545181274,-0.7565758228302002,-0.5098259449005127
distilbert-base-multilingual-cased,zh,158,mean_pool,0.1197413653135299,-0.5853589773178101,-0.7545293569564819,-0.4180679619312286
distilbert-base-multilingual-cased,zh,159,mean_pool,0.0655711516737937,-0.6443899869918823,-0.7951867580413818,-0.5263810753822327
distilbert-base-multilingual-cased,en,0,marker_pool,0.0822110697627067,-0.3090029060840606,-0.7369132041931152,-0.2412341237068176
distilbert-base-multilingual-cased,en,1,marker_pool,0.0824236497282981,-0.2613849639892578,-0.7624876499176025,-0.1805435866117477
distilbert-base-multilingual-cased,en,2,marker_pool,0.0989282429218292,-0.2678132951259613,-0.7441604137420654,-0.2456300854682922
distilbert-base-multilingual-cased,en,3,marker_pool,0.123288556933403,-0.2424465864896774,-0.7695882320404053,-0.2492525279521942
distilbert-base-multilingual-cased,en,4,marker_pool,0.134146973490715,-0.2155043184757232,-0.7691124677658081,-0.2419443726539611
distilbert-base-multilingual-cased,en,5,marker_pool,0.1116408705711364,-0.2433883547782898,-0.7596304416656494,-0.2480685412883758
distilbert-base-multilingual-cased,en,6,marker_pool,0.0873889923095703,-0.2710664868354797,-0.7246798872947693,-0.2181305289268493
distilbert-base-multilingual-cased,en,7,marker_pool,0.1015449836850166,-0.2733847200870514,-0.7282136678695679,-0.2532408833503723
distilbert-base-multilingual-cased,en,8,marker_pool,0.116139717400074,-0.2393587380647659,-0.7721244692802429,-0.2166675478219986
distilbert-base-multilingual-cased,en,9,marker_pool,0.0849045813083648,-0.2381677776575088,-0.7471497654914856,-0.2502690255641937
distilbert-base-multilingual-cased,en,10,marker_pool,0.0927495509386062,-0.2827114760875702,-0.7310883402824402,-0.1860395222902298
distilbert-base-multilingual-cased,en,11,marker_pool,0.1284928321838379,-0.2366105765104293,-0.7803564071655273,-0.2254169136285781
distilbert-base-multilingual-cased,en,12,marker_pool,0.098463200032711,-0.260000467300415,-0.7420697808265686,-0.2580648362636566
distilbert-base-multilingual-cased,en,13,marker_pool,0.092272937297821,-0.2759856581687927,-0.7356327772140503,-0.263490080833435
distilbert-base-multilingual-cased,en,14,marker_pool,0.0887588784098625,-0.2933255136013031,-0.7392674684524536,-0.2155251502990722
distilbert-base-multilingual-cased,en,15,marker_pool,0.101375363767147,-0.2778856158256531,-0.752561628818512,-0.2656299769878387
distilbert-base-multilingual-cased,en,16,marker_pool,0.086856797337532,-0.2985005378723144,-0.7049986720085144,-0.2877554297447204
distilbert-base-multilingual-cased,en,17,marker_pool,0.0866429880261421,-0.3094199001789093,-0.7426818609237671,-0.2175205498933792
distilbert-base-multilingual-cased,en,18,marker_pool,0.0847814083099365,-0.3000008463859558,-0.7149845361709595,-0.30597123503685
distilbert-base-multilingual-cased,en,19,marker_pool,0.1212110519409179,-0.2687065303325653,-0.7665967345237732,-0.2416051030158996
distilbert-base-multilingual-cased,en,20,marker_pool,0.0915497466921806,-0.3089334070682525,-0.7232784628868103,-0.2271053493022918
distilbert-base-multilingual-cased,en,21,marker_pool,0.0953519269824028,-0.3164583742618561,-0.7356332540512085,-0.2161984145641327
distilbert-base-multilingual-cased,en,22,marker_pool,0.1016464233398437,-0.2568295001983642,-0.7349033951759338,-0.2112231403589248
distilbert-base-multilingual-cased,en,23,marker_pool,0.0909046977758407,-0.2606639266014099,-0.730426013469696,-0.2637775838375091
distilbert-base-multilingual-cased,en,24,marker_pool,0.0931531637907028,-0.281390368938446,-0.7447137236595154,-0.2520911395549774
distilbert-base-multilingual-cased,en,25,marker_pool,0.0972074419260025,-0.2266792058944702,-0.7560445666313171,-0.2800784111022949
distilbert-base-multilingual-cased,en,26,marker_pool,0.1072560176253318,-0.2604439258575439,-0.7286568880081177,-0.2550722956657409
distilbert-base-multilingual-cased,en,27,marker_pool,0.1035131067037582,-0.2627307474613189,-0.7528324723243713,-0.2568919062614441
distilbert-base-multilingual-cased,en,28,marker_pool,0.0941666513681411,-0.2727122604846954,-0.7470990419387817,-0.2035628855228424
distilbert-base-multilingual-cased,en,29,marker_pool,0.1051180958747863,-0.3121246099472046,-0.7532145380973816,-0.2170052826404571
distilbert-base-multilingual-cased,en,30,marker_pool,0.0946453511714935,-0.2464858442544937,-0.7437042593955994,-0.2602535784244537
distilbert-base-multilingual-cased,en,31,marker_pool,0.1143731549382209,-0.2508681416511535,-0.7728810906410217,-0.2269030511379242
distilbert-base-multilingual-cased,en,32,marker_pool,0.0987015888094902,-0.2266725599765777,-0.7712703943252563,-0.2066365331411361
distilbert-base-multilingual-cased,en,33,marker_pool,0.1149125024676323,-0.2713337540626526,-0.7488886117935181,-0.269287645816803
distilbert-base-multilingual-cased,en,34,marker_pool,0.087720476090908,-0.3219057619571686,-0.7689071893692017,-0.1785021871328354
distilbert-base-multilingual-cased,en,35,marker_pool,0.0786049664020538,-0.2540466487407684,-0.7854527831077576,-0.226014643907547
distilbert-base-multilingual-cased,en,36,marker_pool,0.099923588335514,-0.2354883402585983,-0.7444879412651062,-0.1938299387693405
distilbert-base-multilingual-cased,en,37,marker_pool,0.0945318266749382,-0.2689687311649322,-0.7406269907951355,-0.3080506026744842
distilbert-base-multilingual-cased,en,38,marker_pool,0.0803886651992797,-0.2653014063835144,-0.7311651110649109,-0.2648389637470245
distilbert-base-multilingual-cased,en,39,marker_pool,0.0931158065795898,-0.2258716076612472,-0.7595245838165283,-0.2311254888772964
distilbert-base-multilingual-cased,en,40,marker_pool,0.1352047622203827,-0.2409180998802185,-0.778109610080719,-0.2285327166318893
distilbert-base-multilingual-cased,en,41,marker_pool,0.0829475149512291,-0.2915951311588287,-0.7227182984352112,-0.3109831511974334
distilbert-base-multilingual-cased,en,42,marker_pool,0.109154962003231,-0.235596090555191,-0.7653133869171143,-0.2383655607700348
distilbert-base-multilingual-cased,en,43,marker_pool,0.0998934134840965,-0.2516095042228699,-0.743096649646759,-0.2140452414751052
distilbert-base-multilingual-cased,en,44,marker_pool,0.0991804972290992,-0.2607873678207397,-0.7422379851341248,-0.2536498606204986
distilbert-base-multilingual-cased,en,45,marker_pool,0.0839666426181793,-0.2991808354854584,-0.7314826846122742,-0.2218695431947708
distilbert-base-multilingual-cased,en,46,marker_pool,0.076616920530796,-0.2755156755447387,-0.754118800163269,-0.2109212279319763
distilbert-base-multilingual-cased,en,47,marker_pool,0.0680506005883216,-0.3000247180461883,-0.7181108593940735,-0.2465356737375259
distilbert-base-multilingual-cased,en,48,marker_pool,0.0804619118571281,-0.2938929796218872,-0.7519797086715698,-0.2129312306642532
distilbert-base-multilingual-cased,en,49,marker_pool,0.102414034307003,-0.2108882367610931,-0.7553364038467407,-0.2148044556379318
distilbert-base-multilingual-cased,en,50,marker_pool,0.0968119278550148,-0.2848009765148163,-0.7429314255714417,-0.2354484647512436
distilbert-base-multilingual-cased,en,51,marker_pool,0.1212244480848312,-0.2482053488492965,-0.7636807560920715,-0.2466580420732498
distilbert-base-multilingual-cased,en,52,marker_pool,0.1011404916644096,-0.2589842975139618,-0.7598081231117249,-0.2052647918462753
distilbert-base-multilingual-cased,en,53,marker_pool,0.0926593616604805,-0.2468860000371933,-0.7759560346603394,-0.1798538416624069
distilbert-base-multilingual-cased,en,54,marker_pool,0.0987774655222892,-0.293338805437088,-0.7253814935684204,-0.2815132737159729
distilbert-base-multilingual-cased,en,55,marker_pool,0.1178607493638992,-0.2514295578002929,-0.7454383373260498,-0.2567048668861389
distilbert-base-multilingual-cased,en,56,marker_pool,0.0963073670864105,-0.3021742701530456,-0.7399874329566956,-0.2845068275928497
distilbert-base-multilingual-cased,en,57,marker_pool,0.1145138815045356,-0.2259107828140258,-0.772443950176239,-0.2219606786966323
distilbert-base-multilingual-cased,en,58,marker_pool,0.0854419767856597,-0.2937581241130829,-0.7221938371658325,-0.2705070078372955
distilbert-base-multilingual-cased,en,59,marker_pool,0.0963309332728385,-0.279507577419281,-0.7403765916824341,-0.2437715232372284
distilbert-base-multilingual-cased,en,60,marker_pool,0.0928377285599708,-0.2489067465066909,-0.7674960494041443,-0.2573100328445434
distilbert-base-multilingual-cased,en,61,marker_pool,0.1153653562068939,-0.2600203454494476,-0.7966988682746887,-0.2108836472034454
distilbert-base-multilingual-cased,en,62,marker_pool,0.0720209628343582,-0.2885547578334808,-0.7255309820175171,-0.2291971296072006
distilbert-base-multilingual-cased,en,63,marker_pool,0.0880623906850814,-0.2707479596138,-0.7236764430999756,-0.1998605579137802
distilbert-base-multilingual-cased,en,64,marker_pool,0.0968108922243118,-0.2937582731246948,-0.7737431526184082,-0.2089552581310272
distilbert-base-multilingual-cased,en,65,marker_pool,0.0995241776108741,-0.2390054166316986,-0.7642385363578796,-0.2542338967323303
distilbert-base-multilingual-cased,en,66,marker_pool,0.0922024399042129,-0.2991773188114166,-0.7508357763290405,-0.1856041699647903
distilbert-base-multilingual-cased,en,67,marker_pool,0.1266453713178634,-0.2637247741222381,-0.781160831451416,-0.2299366444349289
distilbert-base-multilingual-cased,en,68,marker_pool,0.0813364461064338,-0.2971441149711609,-0.7649746537208557,-0.2059680670499801
distilbert-base-multilingual-cased,en,69,marker_pool,0.0957934185862541,-0.256701111793518,-0.7418565154075623,-0.1880206614732742
distilbert-base-multilingual-cased,en,70,marker_pool,0.1100490242242813,-0.2614596784114837,-0.7827084064483643,-0.2287391126155853
distilbert-base-multilingual-cased,en,71,marker_pool,0.0978711545467376,-0.2682887017726898,-0.74654221534729,-0.2332946211099624
distilbert-base-multilingual-cased,en,72,marker_pool,0.0907491073012352,-0.2752273082733154,-0.7248259782791138,-0.2102859318256378
distilbert-base-multilingual-cased,en,73,marker_pool,0.1019365638494491,-0.2673245966434479,-0.768291175365448,-0.2037326991558075
distilbert-base-multilingual-cased,en,74,marker_pool,0.1153086721897125,-0.2365985214710235,-0.7402723431587219,-0.2974430620670318
distilbert-base-multilingual-cased,en,75,marker_pool,0.0927977710962295,-0.2675218284130096,-0.7276091575622559,-0.2779817581176758
distilbert-base-multilingual-cased,en,76,marker_pool,0.1094674244523048,-0.2557777166366577,-0.7536047101020813,-0.2602923512458801
distilbert-base-multilingual-cased,en,77,marker_pool,0.1017479673027992,-0.2928586602210998,-0.7565957307815552,-0.2081922888755798
distilbert-base-multilingual-cased,en,78,marker_pool,0.0996196195483207,-0.2961671054363251,-0.7239581942558289,-0.2711789309978485
distilbert-base-multilingual-cased,en,79,marker_pool,0.1035037562251091,-0.2561500966548919,-0.7271052598953247,-0.2557566463947296
distilbert-base-multilingual-cased,en,80,marker_pool,0.0951470583677291,-0.2544011175632477,-0.7422149181365967,-0.2423399686813354
distilbert-base-multilingual-cased,en,81,marker_pool,0.0877602249383926,-0.299746572971344,-0.7424055933952332,-0.1959568411111831
distilbert-base-multilingual-cased,en,82,marker_pool,0.1272429972887039,-0.2213881164789199,-0.7604308128356934,-0.2864386737346649
distilbert-base-multilingual-cased,en,83,marker_pool,0.1109476909041404,-0.23398257791996,-0.763937771320343,-0.2261874675750732
distilbert-base-multilingual-cased,en,84,marker_pool,0.093010812997818,-0.2765078544616699,-0.7235531806945801,-0.25068399310112
distilbert-base-multilingual-cased,en,85,marker_pool,0.0829618126153945,-0.2634938359260559,-0.7371254563331604,-0.2483701109886169
distilbert-base-multilingual-cased,en,86,marker_pool,0.088180772960186,-0.2908326685428619,-0.7319148182868958,-0.2293083220720291
distilbert-base-multilingual-cased,en,87,marker_pool,0.093521699309349,-0.2722333371639251,-0.7484846711158752,-0.1957892030477523
distilbert-base-multilingual-cased,en,88,marker_pool,0.1076008155941963,-0.2489062398672104,-0.7840027213096619,-0.2233305424451828
distilbert-base-multilingual-cased,en,89,marker_pool,0.0695703029632568,-0.307576060295105,-0.7392300367355347,-0.206962838768959
distilbert-base-multilingual-cased,en,90,marker_pool,0.0895327180624008,-0.3088133931159973,-0.7620198726654053,-0.1725714653730392
distilbert-base-multilingual-cased,en,91,marker_pool,0.1296410411596298,-0.2336062788963318,-0.7715295553207397,-0.2576276361942291
distilbert-base-multilingual-cased,en,92,marker_pool,0.1259823590517044,-0.239889308810234,-0.7970079183578491,-0.180319458246231
distilbert-base-multilingual-cased,en,93,marker_pool,0.0926100686192512,-0.308660626411438,-0.7542568445205688,-0.2232306897640228
distilbert-base-multilingual-cased,en,94,marker_pool,0.1387639194726944,-0.2253603339195251,-0.7935539484024048,-0.2015612423419952
distilbert-base-multilingual-cased,en,95,marker_pool,0.0949742570519447,-0.2441315352916717,-0.7532548308372498,-0.2775012850761413
distilbert-base-multilingual-cased,en,96,marker_pool,0.1171327903866767,-0.2286649197340011,-0.745529294013977,-0.2507773637771606
distilbert-base-multilingual-cased,en,97,marker_pool,0.094034343957901,-0.2375977337360382,-0.7755739092826843,-0.1969312727451324
distilbert-base-multilingual-cased,en,98,marker_pool,0.1063122004270553,-0.2218312472105026,-0.744068443775177,-0.2199201136827469
distilbert-base-multilingual-cased,en,99,marker_pool,0.1069250404834747,-0.2621980011463165,-0.7617365717887878,-0.235672652721405
distilbert-base-multilingual-cased,en,100,marker_pool,0.0885082185268402,-0.3049704730510711,-0.7255845665931702,-0.2688009142875671
distilbert-base-multilingual-cased,en,101,marker_pool,0.1113866940140724,-0.2445850223302841,-0.7496246099472046,-0.3022837340831756
distilbert-base-multilingual-cased,en,102,marker_pool,0.1034023985266685,-0.2808088958263397,-0.7505086064338684,-0.2627378404140472
distilbert-base-multilingual-cased,en,103,marker_pool,0.1073556691408157,-0.2473839968442917,-0.772312581539154,-0.2240849584341049
distilbert-base-multilingual-cased,en,104,marker_pool,0.1066359132528305,-0.2421154528856277,-0.7548903822898865,-0.219766154885292
distilbert-base-multilingual-cased,en,105,marker_pool,0.1051027476787567,-0.2508852779865265,-0.7372614145278931,-0.3036116361618042
distilbert-base-multilingual-cased,en,106,marker_pool,0.1147810071706771,-0.2700819969177246,-0.7767770290374756,-0.2023370862007141
distilbert-base-multilingual-cased,en,107,marker_pool,0.0948663428425788,-0.2858686447143554,-0.754830539226532,-0.2554465532302856
distilbert-base-multilingual-cased,en,108,marker_pool,0.0760147050023078,-0.2744185924530029,-0.7578243613243103,-0.2409186363220214
distilbert-base-multilingual-cased,en,109,marker_pool,0.0800832286477088,-0.2761231958866119,-0.7354790568351746,-0.2089861631393432
distilbert-base-multilingual-cased,en,110,marker_pool,0.1043388321995735,-0.2869243323802948,-0.7468580603599548,-0.145283818244934
distilbert-base-multilingual-cased,en,111,marker_pool,0.1094763353466987,-0.2261330485343933,-0.7556736469268799,-0.2329182624816894
distilbert-base-multilingual-cased,en,112,marker_pool,0.0969311445951461,-0.2612356841564178,-0.7370138764381409,-0.1950322240591049
distilbert-base-multilingual-cased,en,113,marker_pool,0.0750020444393158,-0.2718536555767059,-0.7477719783782959,-0.2673392295837402
distilbert-base-multilingual-cased,en,114,marker_pool,0.1041207537055015,-0.266292005777359,-0.7542657852172852,-0.2397908121347427
distilbert-base-multilingual-cased,en,115,marker_pool,0.1044071242213249,-0.2682382762432098,-0.7525485754013062,-0.2985602021217346
distilbert-base-multilingual-cased,en,116,marker_pool,0.0960191339254379,-0.24186672270298,-0.7680593132972717,-0.181350752711296
distilbert-base-multilingual-cased,en,117,marker_pool,0.0957022979855537,-0.3027309477329254,-0.7403982877731323,-0.2029848992824554
distilbert-base-multilingual-cased,en,118,marker_pool,0.1213100627064704,-0.25860795378685,-0.7489821910858154,-0.2550457715988159
distilbert-base-multilingual-cased,en,119,marker_pool,0.0926978439092636,-0.2877161502838135,-0.7606908679008484,-0.1973351240158081
distilbert-base-multilingual-cased,en,120,marker_pool,0.1157219484448432,-0.2300093322992324,-0.7533981800079346,-0.2378081083297729
distilbert-base-multilingual-cased,en,121,marker_pool,0.1012966707348823,-0.290538877248764,-0.7849564552307129,-0.2123415619134903
distilbert-base-multilingual-cased,en,122,marker_pool,0.1082527190446853,-0.25945645570755,-0.7750083208084106,-0.2344066053628921
distilbert-base-multilingual-cased,en,123,marker_pool,0.0830153599381446,-0.2938385605812073,-0.7250248193740845,-0.2288361936807632
distilbert-base-multilingual-cased,en,124,marker_pool,0.1001876145601272,-0.3094804883003235,-0.7705854177474976,-0.2182683497667312
distilbert-base-multilingual-cased,en,125,marker_pool,0.0928601399064064,-0.3092020750045776,-0.7868072390556335,-0.1852264702320099
distilbert-base-multilingual-cased,en,126,marker_pool,0.115076407790184,-0.2325764894485473,-0.7714343667030334,-0.2200684249401092
distilbert-base-multilingual-cased,en,127,marker_pool,0.104925163090229,-0.3082555830478668,-0.7672452330589294,-0.1937736570835113
distilbert-base-multilingual-cased,en,128,marker_pool,0.0893169641494751,-0.282254546880722,-0.7369225025177002,-0.231753334403038
distilbert-base-multilingual-cased,en,129,marker_pool,0.095555692911148,-0.2891182601451874,-0.7591874599456787,-0.2681325376033783
distilbert-base-multilingual-cased,en,130,marker_pool,0.0832082107663154,-0.2539612054824829,-0.7561015486717224,-0.1953317672014236
distilbert-base-multilingual-cased,en,131,marker_pool,0.1073585301637649,-0.2594441771507263,-0.7759032845497131,-0.1832741349935531
distilbert-base-multilingual-cased,en,132,marker_pool,0.0885056927800178,-0.2749812304973602,-0.7371500730514526,-0.2320227473974228
distilbert-base-multilingual-cased,en,133,marker_pool,0.1029635220766067,-0.2983184456825256,-0.7704853415489197,-0.200384721159935
distilbert-base-multilingual-cased,en,134,marker_pool,0.1137205511331558,-0.2542546391487121,-0.7604345083236694,-0.2409957647323608
distilbert-base-multilingual-cased,en,135,marker_pool,0.1141546592116355,-0.237380713224411,-0.7431359887123108,-0.2591275572776794
distilbert-base-multilingual-cased,en,136,marker_pool,0.0937187373638153,-0.2679039239883423,-0.7544279098510742,-0.2443913072347641
distilbert-base-multilingual-cased,en,137,marker_pool,0.0881239101290702,-0.2636871933937073,-0.76526939868927,-0.2166426032781601
distilbert-base-multilingual-cased,en,138,marker_pool,0.0767788514494896,-0.2834255397319793,-0.7376435995101929,-0.2460040152072906
distilbert-base-multilingual-cased,en,139,marker_pool,0.0868641212582588,-0.2634624540805816,-0.742115318775177,-0.2075675874948501
distilbert-base-multilingual-cased,en,140,marker_pool,0.1015625819563865,-0.2759338915348053,-0.7443625926971436,-0.1973809748888015
distilbert-base-multilingual-cased,en,141,marker_pool,0.0976986214518547,-0.2421511709690094,-0.7804239988327026,-0.1971992254257202
distilbert-base-multilingual-cased,en,142,marker_pool,0.1085291057825088,-0.2634890675544739,-0.7592923641204834,-0.2260859310626983
distilbert-base-multilingual-cased,en,143,marker_pool,0.0899578109383583,-0.2452264130115509,-0.7651268243789673,-0.2295229882001876
distilbert-base-multilingual-cased,en,144,marker_pool,0.1079840585589408,-0.2900266647338867,-0.7466883659362793,-0.2656992673873901
distilbert-base-multilingual-cased,en,145,marker_pool,0.1121691241860389,-0.2371515035629272,-0.7722975015640259,-0.2167368978261947
distilbert-base-multilingual-cased,en,146,marker_pool,0.1145733594894409,-0.2681134939193725,-0.7424888014793396,-0.2694977223873138
distilbert-base-multilingual-cased,en,147,marker_pool,0.1286964565515518,-0.232621282339096,-0.7843121886253357,-0.2148517370223999
distilbert-base-multilingual-cased,en,148,marker_pool,0.117495983839035,-0.2210953384637832,-0.757999062538147,-0.2232508957386016
distilbert-base-multilingual-cased,en,149,marker_pool,0.1056882068514823,-0.2616251409053802,-0.7677862048149109,-0.2405712455511093
distilbert-base-multilingual-cased,en,150,marker_pool,0.0904624387621879,-0.2710649371147156,-0.7355193495750427,-0.2866233885288238
distilbert-base-multilingual-cased,en,151,marker_pool,0.1086506620049476,-0.2436258792877197,-0.7568368911743164,-0.2888112962245941
distilbert-base-multilingual-cased,en,152,marker_pool,0.0976544693112373,-0.2702559530735016,-0.7786089777946472,-0.2257071733474731
distilbert-base-multilingual-cased,en,153,marker_pool,0.0937417224049568,-0.2571244835853576,-0.7569847106933594,-0.2218707948923111
distilbert-base-multilingual-cased,en,154,marker_pool,0.1046477854251861,-0.275846391916275,-0.718985915184021,-0.2647042274475097
distilbert-base-multilingual-cased,en,155,marker_pool,0.1298888474702835,-0.2169759720563888,-0.7728632092475891,-0.2112428098917007
distilbert-base-multilingual-cased,en,156,marker_pool,0.0874389931559562,-0.3029471933841705,-0.7165265679359436,-0.2995585203170776
distilbert-base-multilingual-cased,en,157,marker_pool,0.0841314494609832,-0.2954393923282623,-0.7222428917884827,-0.1918779611587524
distilbert-base-multilingual-cased,en,158,marker_pool,0.0797353461384773,-0.2753846347332001,-0.7238346934318542,-0.2494448125362396
distilbert-base-multilingual-cased,en,159,marker_pool,0.0954246819019317,-0.271085649728775,-0.7342771291732788,-0.3188162446022033
distilbert-base-multilingual-cased,ru,0,marker_pool,0.1324217021465301,-0.4561836123466491,-0.4928955137729645,-0.4675417840480804
distilbert-base-multilingual-cased,ru,1,marker_pool,0.1203702911734581,-0.4546433091163635,-0.4624983072280884,-0.4583596587181091
distilbert-base-multilingual-cased,ru,2,marker_pool,0.093778595328331,-0.4478271901607513,-0.5244795083999634,-0.4766082167625427
distilbert-base-multilingual-cased,ru,3,marker_pool,0.1102706491947174,-0.4433674216270447,-0.5095091462135315,-0.4616624116897583
distilbert-base-multilingual-cased,ru,4,marker_pool,0.1064000278711319,-0.4662169814109802,-0.4957481026649475,-0.486096054315567
distilbert-base-multilingual-cased,ru,5,marker_pool,0.1006922498345375,-0.4517626762390136,-0.4918231070041656,-0.4905330836772918
distilbert-base-multilingual-cased,ru,6,marker_pool,0.11647879332304,-0.444418728351593,-0.4732740521430969,-0.4634490609169006
distilbert-base-multilingual-cased,ru,7,marker_pool,0.11788360029459,-0.4530166387557983,-0.4841083884239197,-0.4550346136093139
distilbert-base-multilingual-cased,ru,8,marker_pool,0.1285966485738754,-0.4717274904251098,-0.538891613483429,-0.4440003037452698
distilbert-base-multilingual-cased,ru,9,marker_pool,0.1092452108860015,-0.4317878782749176,-0.5050936937332153,-0.4709579944610595
distilbert-base-multilingual-cased,ru,10,marker_pool,0.0864076316356659,-0.4371242821216583,-0.4719002842903137,-0.4524962902069092
distilbert-base-multilingual-cased,ru,11,marker_pool,0.0993102565407753,-0.465027391910553,-0.4512275457382202,-0.49387988448143
distilbert-base-multilingual-cased,ru,12,marker_pool,0.0825382396578788,-0.4243667125701904,-0.5198041200637817,-0.4439231753349304
distilbert-base-multilingual-cased,ru,13,marker_pool,0.1049739494919776,-0.4550635516643524,-0.4925228059291839,-0.484555184841156
distilbert-base-multilingual-cased,ru,14,marker_pool,0.1057402938604354,-0.4560016691684723,-0.4783234894275665,-0.477058082818985
distilbert-base-multilingual-cased,ru,15,marker_pool,0.1021962836384773,-0.4457859396934509,-0.4847810268402099,-0.4772635102272033
distilbert-base-multilingual-cased,ru,16,marker_pool,0.0956785455346107,-0.4468804597854614,-0.53577721118927,-0.4894263744354248
distilbert-base-multilingual-cased,ru,17,marker_pool,0.0971517711877822,-0.4514253735542297,-0.493412971496582,-0.4593443274497986
distilbert-base-multilingual-cased,ru,18,marker_pool,0.1281641572713852,-0.4399705529212951,-0.5207600593566895,-0.439166247844696
distilbert-base-multilingual-cased,ru,19,marker_pool,0.1012733355164527,-0.4609975516796112,-0.483151912689209,-0.4616589546203613
distilbert-base-multilingual-cased,ru,20,marker_pool,0.1081541925668716,-0.4562000036239624,-0.4587072730064392,-0.4863899648189544
distilbert-base-multilingual-cased,ru,21,marker_pool,0.0934872403740882,-0.4118508994579315,-0.4913271963596344,-0.4888896048069
distilbert-base-multilingual-cased,ru,22,marker_pool,0.1000657826662063,-0.4345201849937439,-0.4765429496765136,-0.4768065512180328
distilbert-base-multilingual-cased,ru,23,marker_pool,0.1226772665977478,-0.4590498805046081,-0.496805340051651,-0.4620600640773773
distilbert-base-multilingual-cased,ru,24,marker_pool,0.1258689314126968,-0.4413709044456482,-0.5341064929962158,-0.4363360702991485
distilbert-base-multilingual-cased,ru,25,marker_pool,0.0888434872031211,-0.4175521433353424,-0.5384830832481384,-0.4742916524410248
distilbert-base-multilingual-cased,ru,26,marker_pool,0.0909181609749794,-0.4470744729042053,-0.5143905282020569,-0.4813450574874878
distilbert-base-multilingual-cased,ru,27,marker_pool,0.0996885374188423,-0.4496229588985443,-0.4993210136890411,-0.4780080318450928
distilbert-base-multilingual-cased,ru,28,marker_pool,0.0925192236900329,-0.4584828019142151,-0.4673359096050262,-0.5065236687660217
distilbert-base-multilingual-cased,ru,29,marker_pool,0.121523842215538,-0.4896409809589386,-0.4873292148113251,-0.4715170562267303
distilbert-base-multilingual-cased,ru,30,marker_pool,0.0959025472402572,-0.432937741279602,-0.4764439165592193,-0.4208325743675232
distilbert-base-multilingual-cased,ru,31,marker_pool,0.0876809954643249,-0.4419471025466919,-0.5020250678062439,-0.5024584531784058
distilbert-base-multilingual-cased,ru,32,marker_pool,0.1300505399703979,-0.4566690325736999,-0.5379135608673096,-0.4193333685398102
distilbert-base-multilingual-cased,ru,33,marker_pool,0.1274600476026535,-0.4620303511619568,-0.4840286672115326,-0.4588617384433746
distilbert-base-multilingual-cased,ru,34,marker_pool,0.1060599908232688,-0.4605056047439575,-0.5648954510688782,-0.4278121292591095
distilbert-base-multilingual-cased,ru,35,marker_pool,0.1147118955850601,-0.4420489370822906,-0.5151973962783813,-0.47602179646492
distilbert-base-multilingual-cased,ru,36,marker_pool,0.0987285375595092,-0.4513229727745056,-0.4877955019474029,-0.4806477129459381
distilbert-base-multilingual-cased,ru,37,marker_pool,0.1278033256530761,-0.4724142551422119,-0.4981811642646789,-0.4640574157238006
distilbert-base-multilingual-cased,ru,38,marker_pool,0.1119033321738243,-0.436926007270813,-0.5182943344116211,-0.4464301466941833
distilbert-base-multilingual-cased,ru,39,marker_pool,0.1204698234796524,-0.463826835155487,-0.5213618874549866,-0.4739067554473877
distilbert-base-multilingual-cased,ru,40,marker_pool,0.1262356042861938,-0.4616095423698425,-0.5089613199234009,-0.4748857617378235
distilbert-base-multilingual-cased,ru,41,marker_pool,0.1028186753392219,-0.4066292643547058,-0.5122382044792175,-0.4629547894001007
distilbert-base-multilingual-cased,ru,42,marker_pool,0.1006712093949318,-0.4485431015491485,-0.4924595057964325,-0.4824422895908355
distilbert-base-multilingual-cased,ru,43,marker_pool,0.0939078629016876,-0.4588446915149688,-0.4930427968502044,-0.4949088096618652
distilbert-base-multilingual-cased,ru,44,marker_pool,0.1034501940011978,-0.452414870262146,-0.5137098431587219,-0.4418119490146637
distilbert-base-multilingual-cased,ru,45,marker_pool,0.1185241341590881,-0.4398756623268127,-0.5375345945358276,-0.4558385908603668
distilbert-base-multilingual-cased,ru,46,marker_pool,0.1155586391687393,-0.4319222867488861,-0.5338132381439209,-0.4620475172996521
distilbert-base-multilingual-cased,ru,47,marker_pool,0.1092484071850776,-0.4640865921974182,-0.4775771200656891,-0.454419881105423
distilbert-base-multilingual-cased,ru,48,marker_pool,0.1046909466385841,-0.4473426342010498,-0.4886039197444916,-0.4968758225440979
distilbert-base-multilingual-cased,ru,49,marker_pool,0.1176650002598762,-0.4510955512523651,-0.4972212314605713,-0.4534938037395477
distilbert-base-multilingual-cased,ru,50,marker_pool,0.1162521168589592,-0.4604074656963348,-0.4889669716358185,-0.4339145720005035
distilbert-base-multilingual-cased,ru,51,marker_pool,0.1191951408982276,-0.4578891396522522,-0.5014805197715759,-0.4396809935569763
distilbert-base-multilingual-cased,ru,52,marker_pool,0.0911977440118789,-0.449124664068222,-0.5136046409606934,-0.4689568877220154
distilbert-base-multilingual-cased,ru,53,marker_pool,0.0992786660790443,-0.4455688893795013,-0.4840076863765716,-0.4224664568901062
distilbert-base-multilingual-cased,ru,54,marker_pool,0.1107142716646194,-0.4538204371929168,-0.5146406888961792,-0.4336426854133606
distilbert-base-multilingual-cased,ru,55,marker_pool,0.1156734451651573,-0.4559074342250824,-0.5115984082221985,-0.4740706086158752
distilbert-base-multilingual-cased,ru,56,marker_pool,0.0952633619308471,-0.4219595193862915,-0.4969156086444855,-0.4567559659481048
distilbert-base-multilingual-cased,ru,57,marker_pool,0.1098743751645088,-0.456929862499237,-0.5284973978996277,-0.4299308955669403
distilbert-base-multilingual-cased,ru,58,marker_pool,0.0896513164043426,-0.4112260937690735,-0.4913959801197052,-0.4866645932197571
distilbert-base-multilingual-cased,ru,59,marker_pool,0.0989748165011406,-0.4431731104850769,-0.5178015828132629,-0.4824474453926086
distilbert-base-multilingual-cased,ru,60,marker_pool,0.1026356071233749,-0.4483481347560882,-0.5134918093681335,-0.4600560963153839
distilbert-base-multilingual-cased,ru,61,marker_pool,0.0990557819604873,-0.4286312758922577,-0.5057198405265808,-0.4610933363437652
distilbert-base-multilingual-cased,ru,62,marker_pool,0.0918153300881385,-0.4697411358356476,-0.503541886806488,-0.5052354335784912
distilbert-base-multilingual-cased,ru,63,marker_pool,0.1114972457289695,-0.465266078710556,-0.4787348806858063,-0.4700259268283844
distilbert-base-multilingual-cased,ru,64,marker_pool,0.1093869730830192,-0.4186722636222839,-0.494590550661087,-0.4505037069320678
distilbert-base-multilingual-cased,ru,65,marker_pool,0.1220607981085777,-0.439391016960144,-0.517458975315094,-0.4318228662014007
distilbert-base-multilingual-cased,ru,66,marker_pool,0.1064360216259956,-0.4726249277591705,-0.5266153812408447,-0.4516879022121429
distilbert-base-multilingual-cased,ru,67,marker_pool,0.1175573319196701,-0.4511741399765014,-0.5670194625854492,-0.4574677348136902
distilbert-base-multilingual-cased,ru,68,marker_pool,0.1032654270529747,-0.4530602097511291,-0.4752435684204101,-0.4631867110729217
distilbert-base-multilingual-cased,ru,69,marker_pool,0.106743723154068,-0.4050667285919189,-0.5190008878707886,-0.4397828578948974
distilbert-base-multilingual-cased,ru,70,marker_pool,0.1268176585435867,-0.4511884748935699,-0.5233361721038818,-0.4302716851234436
distilbert-base-multilingual-cased,ru,71,marker_pool,0.1031761765480041,-0.4596725404262543,-0.4649037420749664,-0.4907384812831878
distilbert-base-multilingual-cased,ru,72,marker_pool,0.0918007120490074,-0.4356047511100769,-0.5185134410858154,-0.4611033797264099
distilbert-base-multilingual-cased,ru,73,marker_pool,0.1077825799584388,-0.4640137553215027,-0.4665292799472809,-0.4746909439563751
distilbert-base-multilingual-cased,ru,74,marker_pool,0.1344011723995208,-0.4378007650375366,-0.4083921909332275,-0.4768216907978058
distilbert-base-multilingual-cased,ru,75,marker_pool,0.1068990305066108,-0.4571722447872162,-0.5101693272590637,-0.4783993363380432
distilbert-base-multilingual-cased,ru,76,marker_pool,0.1166356354951858,-0.4813988208770752,-0.4670152366161346,-0.468758076429367
distilbert-base-multilingual-cased,ru,77,marker_pool,0.1028769314289093,-0.4508121609687805,-0.4920141398906708,-0.4529655873775482
distilbert-base-multilingual-cased,ru,78,marker_pool,0.1137252077460289,-0.4530839323997497,-0.4823698997497558,-0.5045377016067505
distilbert-base-multilingual-cased,ru,79,marker_pool,0.0978975743055343,-0.4150085151195526,-0.5131253004074097,-0.4392985105514526
distilbert-base-multilingual-cased,ru,80,marker_pool,0.1113093867897987,-0.4239573776721954,-0.5353395938873291,-0.43704354763031
distilbert-base-multilingual-cased,ru,81,marker_pool,0.1073330789804458,-0.44640052318573,-0.5146528482437134,-0.4679565131664276
distilbert-base-multilingual-cased,ru,82,marker_pool,0.0881130471825599,-0.4162935018539428,-0.4405907392501831,-0.4832762479782104
distilbert-base-multilingual-cased,ru,83,marker_pool,0.1415024548768997,-0.460774153470993,-0.5537561774253845,-0.4277614653110504
distilbert-base-multilingual-cased,ru,84,marker_pool,0.1152845621109008,-0.4559934437274933,-0.4619551301002502,-0.4799048602581024
distilbert-base-multilingual-cased,ru,85,marker_pool,0.1175941601395607,-0.475886195898056,-0.4941016137599945,-0.4616253972053528
distilbert-base-multilingual-cased,ru,86,marker_pool,0.1131173446774482,-0.4536547064781189,-0.5070595741271973,-0.4671745002269745
distilbert-base-multilingual-cased,ru,87,marker_pool,0.0980317443609237,-0.455587774515152,-0.4785956442356109,-0.4970594942569732
distilbert-base-multilingual-cased,ru,88,marker_pool,0.1099423840641975,-0.456800103187561,-0.5021181106567383,-0.4550565183162689
distilbert-base-multilingual-cased,ru,89,marker_pool,0.096116155385971,-0.4386928081512451,-0.5099364519119263,-0.4538954496383667
distilbert-base-multilingual-cased,ru,90,marker_pool,0.0875904783606529,-0.4351105690002441,-0.5246122479438782,-0.4463480412960052
distilbert-base-multilingual-cased,ru,91,marker_pool,0.1033667176961898,-0.4629279375076294,-0.4714860916137695,-0.4842385947704315
distilbert-base-multilingual-cased,ru,92,marker_pool,0.1034286618232727,-0.4589179456233978,-0.484847217798233,-0.4788033664226532
distilbert-base-multilingual-cased,ru,93,marker_pool,0.1048983857035636,-0.4768535792827606,-0.4911902248859405,-0.474031925201416
distilbert-base-multilingual-cased,ru,94,marker_pool,0.092155821621418,-0.4352476894855499,-0.4661532938480377,-0.465442031621933
distilbert-base-multilingual-cased,ru,95,marker_pool,0.0897596254944801,-0.4301716983318329,-0.5216103792190552,-0.4752398431301117
distilbert-base-multilingual-cased,ru,96,marker_pool,0.1155112758278846,-0.4458424746990204,-0.4978271126747131,-0.4659439921379089
distilbert-base-multilingual-cased,ru,97,marker_pool,0.1135314255952835,-0.4656021893024444,-0.4939771294593811,-0.4480691850185394
distilbert-base-multilingual-cased,ru,98,marker_pool,0.1074371039867401,-0.4519665837287903,-0.5009933710098267,-0.4743887484073639
distilbert-base-multilingual-cased,ru,99,marker_pool,0.1268868148326873,-0.470926284790039,-0.5230374336242676,-0.4207056760787964
distilbert-base-multilingual-cased,ru,100,marker_pool,0.1170655637979507,-0.427581787109375,-0.522227942943573,-0.4538247585296631
distilbert-base-multilingual-cased,ru,101,marker_pool,0.0986865609884262,-0.4539166688919067,-0.4757248163223266,-0.4969261288642883
distilbert-base-multilingual-cased,ru,102,marker_pool,0.1194824054837226,-0.4635465443134308,-0.4798183441162109,-0.4603212475776672
distilbert-base-multilingual-cased,ru,103,marker_pool,0.119669385254383,-0.4503685534000397,-0.5221606492996216,-0.4610709846019745
distilbert-base-multilingual-cased,ru,104,marker_pool,0.1279536485671997,-0.4643547236919403,-0.4905229210853576,-0.4684082269668579
distilbert-base-multilingual-cased,ru,105,marker_pool,0.1003187075257301,-0.4571269452571869,-0.4794923067092895,-0.4685782492160797
distilbert-base-multilingual-cased,ru,106,marker_pool,0.1052486672997474,-0.4356001913547516,-0.5182160139083862,-0.4407302439212799
distilbert-base-multilingual-cased,ru,107,marker_pool,0.1069904342293739,-0.4505476951599121,-0.5521060228347778,-0.4588373601436615
distilbert-base-multilingual-cased,ru,108,marker_pool,0.123324804008007,-0.4673595130443573,-0.4938066601753235,-0.4459902048110962
distilbert-base-multilingual-cased,ru,109,marker_pool,0.0954629778861999,-0.4540449678897857,-0.4891929030418396,-0.4913630187511444
distilbert-base-multilingual-cased,ru,110,marker_pool,0.1245855391025543,-0.4772950112819671,-0.5325040817260742,-0.4235318303108215
distilbert-base-multilingual-cased,ru,111,marker_pool,0.0859871059656143,-0.4277493953704834,-0.5077598690986633,-0.4538131952285766
distilbert-base-multilingual-cased,ru,112,marker_pool,0.1048076376318931,-0.4398168325424194,-0.4886801540851593,-0.4312306940555572
distilbert-base-multilingual-cased,ru,113,marker_pool,0.096224658191204,-0.4319618940353393,-0.4591678082942962,-0.4871596693992615
distilbert-base-multilingual-cased,ru,114,marker_pool,0.1007051244378089,-0.4352727234363556,-0.5391601324081421,-0.4835242033004761
distilbert-base-multilingual-cased,ru,115,marker_pool,0.1103282049298286,-0.4402760565280914,-0.5062728524208069,-0.4355458617210388
distilbert-base-multilingual-cased,ru,116,marker_pool,0.1124049946665763,-0.4595026969909668,-0.4637338817119598,-0.4817110896110534
distilbert-base-multilingual-cased,ru,117,marker_pool,0.1056114807724952,-0.4402064383029938,-0.5661447048187256,-0.4817821383476257
distilbert-base-multilingual-cased,ru,118,marker_pool,0.1320214718580246,-0.453352689743042,-0.4933258891105652,-0.4430291354656219
distilbert-base-multilingual-cased,ru,119,marker_pool,0.0860873982310295,-0.4439669549465179,-0.5391260981559753,-0.4852517545223236
distilbert-base-multilingual-cased,ru,120,marker_pool,0.1025890111923217,-0.4533785879611969,-0.4650816023349762,-0.4976353049278259
distilbert-base-multilingual-cased,ru,121,marker_pool,0.1086403951048851,-0.4357238113880157,-0.494858980178833,-0.4496852457523346
distilbert-base-multilingual-cased,ru,122,marker_pool,0.121049590408802,-0.4700133502483368,-0.4944460690021515,-0.4805419743061065
distilbert-base-multilingual-cased,ru,123,marker_pool,0.1202685534954071,-0.4518752098083496,-0.4972690939903259,-0.4311579465866089
distilbert-base-multilingual-cased,ru,124,marker_pool,0.0834071710705757,-0.4338878989219665,-0.4880285263061523,-0.4493672549724579
distilbert-base-multilingual-cased,ru,125,marker_pool,0.1048900038003921,-0.4515602588653564,-0.4764782786369324,-0.4601432979106903
distilbert-base-multilingual-cased,ru,126,marker_pool,0.1099974736571312,-0.4590097665786743,-0.4955970644950866,-0.4373264908790588
distilbert-base-multilingual-cased,ru,127,marker_pool,0.0922057032585144,-0.4570207297801971,-0.5011209845542908,-0.4858195781707763
distilbert-base-multilingual-cased,ru,128,marker_pool,0.1382267624139785,-0.4487388730049133,-0.4672752618789673,-0.4906418621540069
distilbert-base-multilingual-cased,ru,129,marker_pool,0.0902801305055618,-0.4317029118537903,-0.4703799784183502,-0.49329474568367
distilbert-base-multilingual-cased,ru,130,marker_pool,0.0997912585735321,-0.4573864340782165,-0.4373697936534881,-0.4900995194911957
distilbert-base-multilingual-cased,ru,131,marker_pool,0.1008021160960197,-0.4483729898929596,-0.486996054649353,-0.4635133445262909
distilbert-base-multilingual-cased,ru,132,marker_pool,0.0996593236923217,-0.4522107243537903,-0.4841180741786957,-0.488400787115097
distilbert-base-multilingual-cased,ru,133,marker_pool,0.0887926146388053,-0.4493817687034607,-0.5255056619644165,-0.4763447642326355
distilbert-base-multilingual-cased,ru,134,marker_pool,0.1057382598519325,-0.4644190371036529,-0.4790931344032287,-0.4848980009555816
distilbert-base-multilingual-cased,ru,135,marker_pool,0.1022640466690063,-0.4329756200313568,-0.5335356593132019,-0.4852239787578583
distilbert-base-multilingual-cased,ru,136,marker_pool,0.0964471474289894,-0.4286153614521026,-0.5271317362785339,-0.4699253439903259
distilbert-base-multilingual-cased,ru,137,marker_pool,0.1134161204099655,-0.485715240240097,-0.4879254698753357,-0.4827284812927246
distilbert-base-multilingual-cased,ru,138,marker_pool,0.1093677580356597,-0.4530738592147827,-0.4859795272350311,-0.472001701593399
distilbert-base-multilingual-cased,ru,139,marker_pool,0.0910740792751312,-0.4344452619552612,-0.4683697819709778,-0.4717157185077667
distilbert-base-multilingual-cased,ru,140,marker_pool,0.1082329601049423,-0.4436695873737335,-0.489474207162857,-0.4499192237854004
distilbert-base-multilingual-cased,ru,141,marker_pool,0.0991343259811401,-0.4635556936264038,-0.4778873026371002,-0.4482079744338989
distilbert-base-multilingual-cased,ru,142,marker_pool,0.110679842531681,-0.4676294028759002,-0.4669593274593353,-0.4733788669109344
distilbert-base-multilingual-cased,ru,143,marker_pool,0.0942639857530593,-0.4340116083621979,-0.4570052623748779,-0.4487642049789428
distilbert-base-multilingual-cased,ru,144,marker_pool,0.083477959036827,-0.4291606247425079,-0.5073091983795166,-0.4715971350669861
distilbert-base-multilingual-cased,ru,145,marker_pool,0.1119609028100967,-0.4555227756500244,-0.4469371736049652,-0.4954717755317688
distilbert-base-multilingual-cased,ru,146,marker_pool,0.0948203727602958,-0.4324148893356323,-0.469536691904068,-0.4461603164672851
distilbert-base-multilingual-cased,ru,147,marker_pool,0.0858616083860397,-0.4267771542072296,-0.4631670415401459,-0.4803842902183532
distilbert-base-multilingual-cased,ru,148,marker_pool,0.1019125208258628,-0.4438230097293854,-0.4705432653427124,-0.4798361957073211
distilbert-base-multilingual-cased,ru,149,marker_pool,0.1004479303956031,-0.4548105895519256,-0.5028977990150452,-0.4613612294197082
distilbert-base-multilingual-cased,ru,150,marker_pool,0.1056608632206916,-0.4637442827224731,-0.5236637592315674,-0.4512935280799866
distilbert-base-multilingual-cased,ru,151,marker_pool,0.0968076214194297,-0.4477931261062622,-0.4793818593025207,-0.478346049785614
distilbert-base-multilingual-cased,ru,152,marker_pool,0.0975316688418388,-0.454960435628891,-0.5337522625923157,-0.4649124145507812
distilbert-base-multilingual-cased,ru,153,marker_pool,0.0932534113526344,-0.4460524916648865,-0.4869771599769592,-0.4918739199638366
distilbert-base-multilingual-cased,ru,154,marker_pool,0.1076498702168464,-0.460136204957962,-0.510370135307312,-0.4803152680397033
distilbert-base-multilingual-cased,ru,155,marker_pool,0.1136662140488624,-0.45271036028862,-0.5001409649848938,-0.440395712852478
distilbert-base-multilingual-cased,ru,156,marker_pool,0.1122422367334365,-0.4504033625125885,-0.5266273021697998,-0.4861578941345215
distilbert-base-multilingual-cased,ru,157,marker_pool,0.1206420734524726,-0.4520260691642761,-0.4875732958316803,-0.4647481441497803
distilbert-base-multilingual-cased,ru,158,marker_pool,0.118369735777378,-0.4535654187202453,-0.4964955151081085,-0.4788117110729217
distilbert-base-multilingual-cased,ru,159,marker_pool,0.1112902909517288,-0.4610858559608459,-0.4600001275539398,-0.480137825012207
distilbert-base-multilingual-cased,zh,0,marker_pool,0.1820970624685287,-0.4256771802902221,-0.8209866881370544,-0.4044380187988281
distilbert-base-multilingual-cased,zh,1,marker_pool,0.1928545832633972,-0.3408153653144836,-0.8105878829956055,-0.4684961438179016
distilbert-base-multilingual-cased,zh,2,marker_pool,0.1799505054950714,-0.3674976527690887,-0.8225838541984558,-0.4146856963634491
distilbert-base-multilingual-cased,zh,3,marker_pool,0.154491439461708,-0.348729521036148,-0.822252094745636,-0.4351865351200104
distilbert-base-multilingual-cased,zh,4,marker_pool,0.2068166434764862,-0.4500744640827179,-0.8287495970726013,-0.4586133658885956
distilbert-base-multilingual-cased,zh,5,marker_pool,0.1786720156669616,-0.4257233440876007,-0.8364971280097961,-0.4634773135185241
distilbert-base-multilingual-cased,zh,6,marker_pool,0.1861778795719146,-0.3644655048847198,-0.8191777467727661,-0.4229962527751922
distilbert-base-multilingual-cased,zh,7,marker_pool,0.1762297451496124,-0.4247279763221741,-0.8210630416870117,-0.4618851542472839
distilbert-base-multilingual-cased,zh,8,marker_pool,0.1936274170875549,-0.4243535101413727,-0.8184836506843567,-0.4800260663032532
distilbert-base-multilingual-cased,zh,9,marker_pool,0.1852138489484787,-0.4373782575130462,-0.8250182867050171,-0.4561291038990021
distilbert-base-multilingual-cased,zh,10,marker_pool,0.1874825805425644,-0.3924415707588196,-0.8354064226150513,-0.4191204309463501
distilbert-base-multilingual-cased,zh,11,marker_pool,0.1389608234167099,-0.3953436613082886,-0.7947447299957275,-0.4547541737556457
distilbert-base-multilingual-cased,zh,12,marker_pool,0.1893827766180038,-0.3880153596401214,-0.8211002945899963,-0.481251984834671
distilbert-base-multilingual-cased,zh,13,marker_pool,0.1783716082572937,-0.4148397147655487,-0.8357760310173035,-0.4822978675365448
distilbert-base-multilingual-cased,zh,14,marker_pool,0.1819257587194442,-0.400993138551712,-0.8326103687286377,-0.4605325758457184
distilbert-base-multilingual-cased,zh,15,marker_pool,0.1678415983915329,-0.3546631932258606,-0.8221900463104248,-0.4687696099281311
distilbert-base-multilingual-cased,zh,16,marker_pool,0.1993911564350128,-0.4581085741519928,-0.8099115490913391,-0.4360912442207336
distilbert-base-multilingual-cased,zh,17,marker_pool,0.1945638656616211,-0.429531991481781,-0.8207728862762451,-0.4866181015968323
distilbert-base-multilingual-cased,zh,18,marker_pool,0.1679637283086776,-0.3990448117256164,-0.8392271995544434,-0.4926511943340301
distilbert-base-multilingual-cased,zh,19,marker_pool,0.1668977588415146,-0.3781392872333526,-0.8587400913238525,-0.4421303272247314
distilbert-base-multilingual-cased,zh,20,marker_pool,0.166330486536026,-0.4439817667007446,-0.8293635249137878,-0.4491337239742279
distilbert-base-multilingual-cased,zh,21,marker_pool,0.2119343131780624,-0.3966262936592102,-0.8090869188308716,-0.4404896795749664
distilbert-base-multilingual-cased,zh,22,marker_pool,0.152003526687622,-0.4684127569198608,-0.8078426122665405,-0.4338840246200561
distilbert-base-multilingual-cased,zh,23,marker_pool,0.1820933073759079,-0.3938948214054107,-0.833998441696167,-0.4497736692428589
distilbert-base-multilingual-cased,zh,24,marker_pool,0.1432925462722778,-0.434690773487091,-0.7893921732902527,-0.4663594663143158
distilbert-base-multilingual-cased,zh,25,marker_pool,0.1816723346710205,-0.3956488370895386,-0.8113785982131958,-0.430293321609497
distilbert-base-multilingual-cased,zh,26,marker_pool,0.1370550543069839,-0.353206992149353,-0.8347445726394653,-0.4405529201030731
distilbert-base-multilingual-cased,zh,27,marker_pool,0.1550815254449844,-0.4162743389606476,-0.8252379298210144,-0.4703067243099212
distilbert-base-multilingual-cased,zh,28,marker_pool,0.1894609481096267,-0.3978374600410461,-0.8301408290863037,-0.4465283155441284
distilbert-base-multilingual-cased,zh,29,marker_pool,0.1743993163108825,-0.361533373594284,-0.8300403356552124,-0.4362348020076751
distilbert-base-multilingual-cased,zh,30,marker_pool,0.1995784193277359,-0.4372230768203735,-0.8108718395233154,-0.4726415872573852
distilbert-base-multilingual-cased,zh,31,marker_pool,0.1754869073629379,-0.4199215769767761,-0.8264251947402954,-0.4661054611206054
distilbert-base-multilingual-cased,zh,32,marker_pool,0.2103814333677292,-0.3476142585277557,-0.8189823031425476,-0.4605614244937897
distilbert-base-multilingual-cased,zh,33,marker_pool,0.1832782924175262,-0.358082503080368,-0.8201268911361694,-0.4011560082435608
distilbert-base-multilingual-cased,zh,34,marker_pool,0.1829946190118789,-0.4337682723999023,-0.8176486492156982,-0.4178366959095001
distilbert-base-multilingual-cased,zh,35,marker_pool,0.1775177419185638,-0.4161666333675384,-0.8327749967575073,-0.4463138580322265
distilbert-base-multilingual-cased,zh,36,marker_pool,0.160977303981781,-0.3822936415672302,-0.8553788065910339,-0.4834723770618438
distilbert-base-multilingual-cased,zh,37,marker_pool,0.1906806826591491,-0.4226117134094238,-0.8220931887626648,-0.4986879527568817
distilbert-base-multilingual-cased,zh,38,marker_pool,0.1781919002532959,-0.4212357103824615,-0.8202061057090759,-0.4320939183235168
distilbert-base-multilingual-cased,zh,39,marker_pool,0.1871484816074371,-0.3934692442417145,-0.8171698451042175,-0.4471454620361328
distilbert-base-multilingual-cased,zh,40,marker_pool,0.16717030107975,-0.3095472753047943,-0.8729155659675598,-0.4488700926303863
distilbert-base-multilingual-cased,zh,41,marker_pool,0.1725427657365799,-0.3724335432052612,-0.8423452973365784,-0.4322971999645233
distilbert-base-multilingual-cased,zh,42,marker_pool,0.1931250542402267,-0.4341352880001068,-0.818069338798523,-0.4687498211860657
distilbert-base-multilingual-cased,zh,43,marker_pool,0.1660123616456985,-0.4260945916175842,-0.8291250467300415,-0.4477950036525726
distilbert-base-multilingual-cased,zh,44,marker_pool,0.2003086805343628,-0.413665622472763,-0.8169235587120056,-0.4392623007297516
distilbert-base-multilingual-cased,zh,45,marker_pool,0.2079858481884002,-0.3829652369022369,-0.8068753480911255,-0.4641534090042114
distilbert-base-multilingual-cased,zh,46,marker_pool,0.1817235946655273,-0.393658310174942,-0.8082553744316101,-0.4296864867210388
distilbert-base-multilingual-cased,zh,47,marker_pool,0.1860723048448562,-0.3876553475856781,-0.8190439939498901,-0.4586283564567566
distilbert-base-multilingual-cased,zh,48,marker_pool,0.1710290908813476,-0.360399842262268,-0.8110713362693787,-0.4071211814880371
distilbert-base-multilingual-cased,zh,49,marker_pool,0.2126008421182632,-0.3819816708564758,-0.809861958026886,-0.4636642932891845
distilbert-base-multilingual-cased,zh,50,marker_pool,0.1648759990930557,-0.4406319856643677,-0.8201406002044678,-0.4336024522781372
distilbert-base-multilingual-cased,zh,51,marker_pool,0.1680956184864044,-0.3494361042976379,-0.836573600769043,-0.4474152326583862
distilbert-base-multilingual-cased,zh,52,marker_pool,0.1680694818496704,-0.372955709695816,-0.8161778450012207,-0.4252718985080719
distilbert-base-multilingual-cased,zh,53,marker_pool,0.1752668768167495,-0.3954221904277801,-0.8460696339607239,-0.4500257968902588
distilbert-base-multilingual-cased,zh,54,marker_pool,0.1810802072286605,-0.4252249896526336,-0.8087674379348755,-0.4412405788898468
distilbert-base-multilingual-cased,zh,55,marker_pool,0.190679594874382,-0.4155149161815643,-0.8383500576019287,-0.4476353824138641
distilbert-base-multilingual-cased,zh,56,marker_pool,0.1817576885223388,-0.4023261070251465,-0.8187529444694519,-0.4434393644332886
distilbert-base-multilingual-cased,zh,57,marker_pool,0.2009089440107345,-0.357355386018753,-0.8170774579048157,-0.4787221848964691
distilbert-base-multilingual-cased,zh,58,marker_pool,0.2053022533655166,-0.3775691092014313,-0.7942702174186707,-0.4378664493560791
distilbert-base-multilingual-cased,zh,59,marker_pool,0.1968600153923034,-0.3902626037597656,-0.8262551426887512,-0.4366709291934967
distilbert-base-multilingual-cased,zh,60,marker_pool,0.2009899914264679,-0.425202339887619,-0.8444032669067383,-0.4549593031406402
distilbert-base-multilingual-cased,zh,61,marker_pool,0.1885127127170562,-0.3776374161243438,-0.8104560971260071,-0.4533004760742187
distilbert-base-multilingual-cased,zh,62,marker_pool,0.1825769692659378,-0.434233695268631,-0.8147579431533813,-0.5031684041023254
distilbert-base-multilingual-cased,zh,63,marker_pool,0.193581536412239,-0.4255691468715668,-0.8475049734115601,-0.4741123020648956
distilbert-base-multilingual-cased,zh,64,marker_pool,0.1708340942859649,-0.3747548162937164,-0.8379758596420288,-0.425137996673584
distilbert-base-multilingual-cased,zh,65,marker_pool,0.1719463169574737,-0.4226281940937042,-0.8128587603569031,-0.431356817483902
distilbert-base-multilingual-cased,zh,66,marker_pool,0.1746533364057541,-0.4626129865646362,-0.8152033686637878,-0.4509944021701813
distilbert-base-multilingual-cased,zh,67,marker_pool,0.1337223201990127,-0.3416815400123596,-0.8294574022293091,-0.4253016114234924
distilbert-base-multilingual-cased,zh,68,marker_pool,0.1869188547134399,-0.3680740296840668,-0.8357651829719543,-0.409128725528717
distilbert-base-multilingual-cased,zh,69,marker_pool,0.1850753277540207,-0.4247564971446991,-0.8002246022224426,-0.4630016684532165
distilbert-base-multilingual-cased,zh,70,marker_pool,0.2067703902721405,-0.3809544146060943,-0.797774612903595,-0.4096795618534088
distilbert-base-multilingual-cased,zh,71,marker_pool,0.2072886228561401,-0.4157736301422119,-0.827936589717865,-0.4917835891246795
distilbert-base-multilingual-cased,zh,72,marker_pool,0.1654537171125412,-0.3768727779388428,-0.8188740015029907,-0.4733504056930542
distilbert-base-multilingual-cased,zh,73,marker_pool,0.1899168938398361,-0.4086719751358032,-0.8498340845108032,-0.4600610733032226
distilbert-base-multilingual-cased,zh,74,marker_pool,0.1733678132295608,-0.3780820667743683,-0.831578254699707,-0.4291576445102691
distilbert-base-multilingual-cased,zh,75,marker_pool,0.1687937527894973,-0.4046249687671661,-0.8336923122406006,-0.4491893649101257
distilbert-base-multilingual-cased,zh,76,marker_pool,0.1665199995040893,-0.346954196691513,-0.8016352653503418,-0.387311041355133
distilbert-base-multilingual-cased,zh,77,marker_pool,0.1774943768978119,-0.3754715621471405,-0.8092745542526245,-0.4381141066551208
distilbert-base-multilingual-cased,zh,78,marker_pool,0.1886160373687744,-0.4070876538753509,-0.8123127818107605,-0.4305376708507538
distilbert-base-multilingual-cased,zh,79,marker_pool,0.1691418886184692,-0.3965064883232116,-0.8169492483139038,-0.4899000823497772
distilbert-base-multilingual-cased,zh,80,marker_pool,0.130227655172348,-0.3162436783313751,-0.8460038304328918,-0.4581719934940338
distilbert-base-multilingual-cased,zh,81,marker_pool,0.1341014355421066,-0.4093529880046844,-0.7711540460586548,-0.429423063993454
distilbert-base-multilingual-cased,zh,82,marker_pool,0.1935458928346634,-0.4117243885993957,-0.8170915246009827,-0.4378946125507355
distilbert-base-multilingual-cased,zh,83,marker_pool,0.1776222735643386,-0.4598601162433624,-0.8075307607650757,-0.4342897236347198
distilbert-base-multilingual-cased,zh,84,marker_pool,0.1655353158712387,-0.3305867910385132,-0.8510311245918274,-0.4235459864139557
distilbert-base-multilingual-cased,zh,85,marker_pool,0.1951637268066406,-0.4174249172210693,-0.8267787098884583,-0.4640607237815857
distilbert-base-multilingual-cased,zh,86,marker_pool,0.1676235646009445,-0.4298981130123138,-0.8228727579116821,-0.4748674035072326
distilbert-base-multilingual-cased,zh,87,marker_pool,0.1878882348537445,-0.394586831331253,-0.826069176197052,-0.4481714367866516
distilbert-base-multilingual-cased,zh,88,marker_pool,0.1881773024797439,-0.3770542740821838,-0.8057068586349487,-0.4387054145336151
distilbert-base-multilingual-cased,zh,89,marker_pool,0.1853847652673721,-0.3660266399383545,-0.816298246383667,-0.464504599571228
distilbert-base-multilingual-cased,zh,90,marker_pool,0.130035787820816,-0.3598292171955108,-0.7960743308067322,-0.428295761346817
distilbert-base-multilingual-cased,zh,91,marker_pool,0.1673433780670166,-0.3546585440635681,-0.8373013138771057,-0.4196349382400512
distilbert-base-multilingual-cased,zh,92,marker_pool,0.1840463131666183,-0.4504934847354889,-0.8215203881263733,-0.4519580900669098
distilbert-base-multilingual-cased,zh,93,marker_pool,0.1813151836395263,-0.4699998497962951,-0.8071893453598022,-0.4277827441692352
distilbert-base-multilingual-cased,zh,94,marker_pool,0.1743032187223434,-0.3552630543708801,-0.8252408504486084,-0.4077318608760834
distilbert-base-multilingual-cased,zh,95,marker_pool,0.2100253850221634,-0.4640507102012634,-0.8245716691017151,-0.4728216230869293
distilbert-base-multilingual-cased,zh,96,marker_pool,0.1583919674158096,-0.3924229443073272,-0.8211709260940552,-0.4364415407180786
distilbert-base-multilingual-cased,zh,97,marker_pool,0.184780403971672,-0.4295990169048309,-0.8301134705543518,-0.4440765082836151
distilbert-base-multilingual-cased,zh,98,marker_pool,0.1838080435991287,-0.4534282088279724,-0.8274274468421936,-0.4392779469490051
distilbert-base-multilingual-cased,zh,99,marker_pool,0.1491635888814926,-0.3693855404853821,-0.8418271541595459,-0.4575717449188232
distilbert-base-multilingual-cased,zh,100,marker_pool,0.153061032295227,-0.3749127089977264,-0.8547930121421814,-0.4827151894569397
distilbert-base-multilingual-cased,zh,101,marker_pool,0.1978334635496139,-0.3846967220306396,-0.8205673694610596,-0.4550109207630157
distilbert-base-multilingual-cased,zh,102,marker_pool,0.144472599029541,-0.432872861623764,-0.7737083435058594,-0.4331343173980713
distilbert-base-multilingual-cased,zh,103,marker_pool,0.13677379488945,-0.3919555246829986,-0.8198052048683167,-0.4657120406627655
distilbert-base-multilingual-cased,zh,104,marker_pool,0.1936533153057098,-0.4014683067798614,-0.8309727907180786,-0.4347968101501465
distilbert-base-multilingual-cased,zh,105,marker_pool,0.1757160872220993,-0.3756833374500274,-0.8238414525985718,-0.4521280825138092
distilbert-base-multilingual-cased,zh,106,marker_pool,0.1184247210621833,-0.3769146203994751,-0.8116166591644287,-0.4425045847892761
distilbert-base-multilingual-cased,zh,107,marker_pool,0.1776246577501297,-0.4346900880336761,-0.8183712363243103,-0.4329618215560913
distilbert-base-multilingual-cased,zh,108,marker_pool,0.165520429611206,-0.4110250473022461,-0.835452675819397,-0.4642315804958343
distilbert-base-multilingual-cased,zh,109,marker_pool,0.1813224554061889,-0.3842156827449798,-0.8218038082122803,-0.4312165379524231
distilbert-base-multilingual-cased,zh,110,marker_pool,0.171077087521553,-0.3974040746688843,-0.8152433037757874,-0.4403516054153442
distilbert-base-multilingual-cased,zh,111,marker_pool,0.2078912556171417,-0.362219899892807,-0.8256693482398987,-0.4333782196044922
distilbert-base-multilingual-cased,zh,112,marker_pool,0.1837296485900879,-0.395508199930191,-0.815903902053833,-0.463761031627655
distilbert-base-multilingual-cased,zh,113,marker_pool,0.2072715163230896,-0.328937292098999,-0.8019901514053345,-0.4459693729877472
distilbert-base-multilingual-cased,zh,114,marker_pool,0.1327301561832428,-0.3952369689941406,-0.8144661784172058,-0.4352448582649231
distilbert-base-multilingual-cased,zh,115,marker_pool,0.196440041065216,-0.4435714781284332,-0.80418461561203,-0.4484937489032745
distilbert-base-multilingual-cased,zh,116,marker_pool,0.2033280581235885,-0.3216307163238525,-0.7941189408302307,-0.4139869511127472
distilbert-base-multilingual-cased,zh,117,marker_pool,0.1829178184270858,-0.4041513204574585,-0.832806408405304,-0.5350327491760254
distilbert-base-multilingual-cased,zh,118,marker_pool,0.1916714608669281,-0.4011177122592926,-0.8211750984191895,-0.4969774186611175
distilbert-base-multilingual-cased,zh,119,marker_pool,0.1512890756130218,-0.4245365858078003,-0.8395889401435852,-0.4594473242759704
distilbert-base-multilingual-cased,zh,120,marker_pool,0.168200746178627,-0.3402682840824127,-0.8255996704101562,-0.4322643280029297
distilbert-base-multilingual-cased,zh,121,marker_pool,0.1746537685394287,-0.3834353685379028,-0.8506277203559875,-0.4779085218906402
distilbert-base-multilingual-cased,zh,122,marker_pool,0.1888921707868576,-0.4105156064033508,-0.8061069846153259,-0.4777303338050842
distilbert-base-multilingual-cased,zh,123,marker_pool,0.1767029464244842,-0.3857119381427765,-0.834348201751709,-0.4456409811973572
distilbert-base-multilingual-cased,zh,124,marker_pool,0.1911022961139679,-0.4539258182048797,-0.7978465557098389,-0.4447881877422333
distilbert-base-multilingual-cased,zh,125,marker_pool,0.1969716995954513,-0.3868348300457001,-0.8258985280990601,-0.4872311651706695
distilbert-base-multilingual-cased,zh,126,marker_pool,0.1879801303148269,-0.4204191267490387,-0.8219687342643738,-0.4620169103145599
distilbert-base-multilingual-cased,zh,127,marker_pool,0.1936813741922378,-0.4391306042671203,-0.8362265825271606,-0.4637517929077148
distilbert-base-multilingual-cased,zh,128,marker_pool,0.1923200339078903,-0.3673569858074188,-0.8166778683662415,-0.402633935213089
distilbert-base-multilingual-cased,zh,129,marker_pool,0.1489097326993942,-0.4612190425395965,-0.8049843907356262,-0.4688906967639923
distilbert-base-multilingual-cased,zh,130,marker_pool,0.1765211969614029,-0.4123708605766296,-0.8283697366714478,-0.4704973995685577
distilbert-base-multilingual-cased,zh,131,marker_pool,0.1672875434160232,-0.3972654938697815,-0.8258527517318726,-0.4296920597553253
distilbert-base-multilingual-cased,zh,132,marker_pool,0.1446705460548401,-0.4686794877052307,-0.8086321353912354,-0.4893625974655151
distilbert-base-multilingual-cased,zh,133,marker_pool,0.150957778096199,-0.4030323326587677,-0.8503795266151428,-0.4437507092952728
distilbert-base-multilingual-cased,zh,134,marker_pool,0.1890742927789688,-0.3861663341522217,-0.8272081017494202,-0.489225298166275
distilbert-base-multilingual-cased,zh,135,marker_pool,0.1946915686130523,-0.4403491914272308,-0.806073009967804,-0.4213119149208069
distilbert-base-multilingual-cased,zh,136,marker_pool,0.1807776838541031,-0.4142519235610962,-0.8185201287269592,-0.4567312598228454
distilbert-base-multilingual-cased,zh,137,marker_pool,0.1836317032575607,-0.476525217294693,-0.8146170973777771,-0.4535096287727356
distilbert-base-multilingual-cased,zh,138,marker_pool,0.1623974591493606,-0.418056845664978,-0.8180766701698303,-0.442276120185852
distilbert-base-multilingual-cased,zh,139,marker_pool,0.1977942883968353,-0.4183595776557922,-0.8180435299873352,-0.4607523083686828
distilbert-base-multilingual-cased,zh,140,marker_pool,0.190290555357933,-0.3983175456523895,-0.828407883644104,-0.4455727040767669
distilbert-base-multilingual-cased,zh,141,marker_pool,0.1523689031600952,-0.3667433857917785,-0.8374118804931641,-0.4486705958843231
distilbert-base-multilingual-cased,zh,142,marker_pool,0.1739526093006134,-0.3715383410453796,-0.829244077205658,-0.4733277559280395
distilbert-base-multilingual-cased,zh,143,marker_pool,0.1856165677309036,-0.4042644500732422,-0.8408175706863403,-0.456329345703125
distilbert-base-multilingual-cased,zh,144,marker_pool,0.1538380831480026,-0.3989385962486267,-0.8409432172775269,-0.4424631297588348
distilbert-base-multilingual-cased,zh,145,marker_pool,0.1448594480752945,-0.4459251761436462,-0.7959028482437134,-0.4574414491653442
distilbert-base-multilingual-cased,zh,146,marker_pool,0.1640034317970276,-0.3597798943519592,-0.8384970426559448,-0.4412833452224731
distilbert-base-multilingual-cased,zh,147,marker_pool,0.1714563816785812,-0.4306111931800842,-0.8252408504486084,-0.4508763253688812
distilbert-base-multilingual-cased,zh,148,marker_pool,0.1784290522336959,-0.3967354893684387,-0.8157356381416321,-0.4599383175373077
distilbert-base-multilingual-cased,zh,149,marker_pool,0.1733653098344802,-0.4547517895698547,-0.8338189721107483,-0.4794429242610931
distilbert-base-multilingual-cased,zh,150,marker_pool,0.2077393531799316,-0.4384068250656128,-0.8258750438690186,-0.4653248190879822
distilbert-base-multilingual-cased,zh,151,marker_pool,0.184977576136589,-0.410906046628952,-0.8331295847892761,-0.4716606438159942
distilbert-base-multilingual-cased,zh,152,marker_pool,0.2080998122692108,-0.4324546158313751,-0.8209678530693054,-0.4482835233211517
distilbert-base-multilingual-cased,zh,153,marker_pool,0.2101310044527053,-0.4002712368965149,-0.8162137866020203,-0.4582483768463135
distilbert-base-multilingual-cased,zh,154,marker_pool,0.1354429125785827,-0.432179182767868,-0.7697664499282837,-0.4345978498458862
distilbert-base-multilingual-cased,zh,155,marker_pool,0.1762021631002426,-0.410863310098648,-0.8388617634773254,-0.4526828825473785
distilbert-base-multilingual-cased,zh,156,marker_pool,0.1576143503189087,-0.3754866421222687,-0.8179430961608887,-0.4252534508705139
distilbert-base-multilingual-cased,zh,157,marker_pool,0.1789463609457016,-0.3874705135822296,-0.8398480415344238,-0.4792396426200866
distilbert-base-multilingual-cased,zh,158,marker_pool,0.1983793079853058,-0.4051719307899475,-0.8216692209243774,-0.4723838865756988
distilbert-base-multilingual-cased,zh,159,marker_pool,0.1935408860445022,-0.392785370349884,-0.834935188293457,-0.4264463186264038
intfloat/multilingual-e5-large,en,0,mean_pool,0.550034761428833,-0.1553369313478469,-0.3811494708061218,-0.0380176343023777
intfloat/multilingual-e5-large,en,1,mean_pool,0.5141482949256897,-0.0692058280110359,-0.4405231177806854,-0.0680107250809669
intfloat/multilingual-e5-large,en,2,mean_pool,0.3911490142345428,-0.1605271846055984,-0.443176120519638,0.0715446919202804
intfloat/multilingual-e5-large,en,3,mean_pool,0.5450656414031982,-0.1603703647851944,-0.4403787553310394,-0.0827397406101226
intfloat/multilingual-e5-large,en,4,mean_pool,0.5157477855682373,-0.1290990859270095,-0.4261701703071594,-0.0839104577898979
intfloat/multilingual-e5-large,en,5,mean_pool,0.5514667630195618,-0.1878150403499603,-0.3887219727039337,-0.0306880101561546
intfloat/multilingual-e5-large,en,6,mean_pool,0.4787138104438782,-0.1029414162039756,-0.4385818541049957,-0.0321398898959159
intfloat/multilingual-e5-large,en,7,mean_pool,0.5048671364784241,-0.0426337420940399,-0.5135877132415771,0.2245245724916458
intfloat/multilingual-e5-large,en,8,mean_pool,0.5172160863876343,-0.0606926791369915,-0.4306543469429016,-0.0011926478473469
intfloat/multilingual-e5-large,en,9,mean_pool,0.5581511855125427,-0.1090181916952133,-0.4359548389911651,-0.036752562969923
intfloat/multilingual-e5-large,en,10,mean_pool,0.516828715801239,0.0262454058974981,-0.4680625200271606,-0.0095151644200086
intfloat/multilingual-e5-large,en,11,mean_pool,0.4976900517940521,-0.0482359230518341,-0.4314451217651367,0.0036096256226301
intfloat/multilingual-e5-large,en,12,mean_pool,0.5366618633270264,-0.1169988214969635,-0.5382885932922363,0.1737197935581207
intfloat/multilingual-e5-large,en,13,mean_pool,0.5396764874458313,-0.1534319519996643,-0.4719186127185821,-0.0931392833590507
intfloat/multilingual-e5-large,en,14,mean_pool,0.516339898109436,0.0908767580986023,-0.408368319272995,-0.1123517751693725
intfloat/multilingual-e5-large,en,15,mean_pool,0.4833098351955414,-0.1529721319675445,-0.4527619183063507,0.1212701126933097
intfloat/multilingual-e5-large,en,16,mean_pool,0.5563700795173645,-0.1544025987386703,-0.3848975896835327,-0.0054046269506216
intfloat/multilingual-e5-large,en,17,mean_pool,0.5228397846221924,-0.0408319160342216,-0.4451842308044433,0.0089882984757423
intfloat/multilingual-e5-large,en,18,mean_pool,0.5531417727470398,-0.1575397700071334,-0.4296563565731048,-0.0379595421254634
intfloat/multilingual-e5-large,en,19,mean_pool,0.5444956421852112,-0.0545293800532817,-0.3745580613613128,0.0630126595497131
intfloat/multilingual-e5-large,en,20,mean_pool,0.5284585952758789,-0.1542937010526657,-0.4648905396461487,0.0092053636908531
intfloat/multilingual-e5-large,en,21,mean_pool,0.5257411599159241,-0.0924372002482414,-0.4182037115097046,-0.0398328676819801
intfloat/multilingual-e5-large,en,22,mean_pool,0.4584557712078094,-0.0820329338312149,-0.4721485078334808,0.0951367169618606
intfloat/multilingual-e5-large,en,23,mean_pool,0.5443249940872192,-0.1615785211324691,-0.3639892041683197,-0.0384303107857704
intfloat/multilingual-e5-large,en,24,mean_pool,0.4933251738548279,0.0797076523303985,-0.4802215993404388,-0.1507392227649688
intfloat/multilingual-e5-large,en,25,mean_pool,0.5571726560592651,-0.0275435131043195,-0.4079961478710174,0.0604011341929435
intfloat/multilingual-e5-large,en,26,mean_pool,0.539146900177002,-0.0849699527025222,-0.3761851787567138,0.0753531828522682
intfloat/multilingual-e5-large,en,27,mean_pool,0.5210627913475037,-0.1556170284748077,-0.4366159439086914,0.0109050963073968
intfloat/multilingual-e5-large,en,28,mean_pool,0.4797576367855072,-0.0949468985199928,-0.5538960695266724,0.0817313566803932
intfloat/multilingual-e5-large,en,29,mean_pool,0.4995149374008178,0.1117561534047126,-0.4558389782905578,-0.1695878207683563
intfloat/multilingual-e5-large,en,30,mean_pool,0.5719308257102966,-0.1168135032057762,-0.4425207078456878,-0.0418110638856887
intfloat/multilingual-e5-large,en,31,mean_pool,0.5054839253425598,-0.1304497420787811,-0.4631518721580505,-0.1196632236242294
intfloat/multilingual-e5-large,en,32,mean_pool,0.5692933201789856,-0.0421303175389766,-0.4933151304721832,0.0012541428441181
intfloat/multilingual-e5-large,en,33,mean_pool,0.5367177724838257,-0.1331303715705871,-0.4489646255970001,-0.0622806660830974
intfloat/multilingual-e5-large,en,34,mean_pool,0.4924404323101043,0.0812355503439903,-0.4575928747653961,-0.1637548357248306
intfloat/multilingual-e5-large,en,35,mean_pool,0.5112406611442566,-0.0309377200901508,-0.4937396049499511,-0.0184581000357866
intfloat/multilingual-e5-large,en,36,mean_pool,0.5337956547737122,-0.0452379323542118,-0.4313669800758362,0.0551358722150325
intfloat/multilingual-e5-large,en,37,mean_pool,0.5333319306373596,-0.1082313880324363,-0.4628117978572845,-0.0406013876199722
intfloat/multilingual-e5-large,en,38,mean_pool,0.5389960408210754,-0.0405162759125232,-0.440216451883316,0.0006188941770233
intfloat/multilingual-e5-large,en,39,mean_pool,0.5286165475845337,-0.0239218305796384,-0.5332121849060059,0.052146665751934
intfloat/multilingual-e5-large,en,40,mean_pool,0.5257132649421692,-0.0357752330601215,-0.359102725982666,0.0141816660761833
intfloat/multilingual-e5-large,en,41,mean_pool,0.5649626851081848,-0.1130736097693443,-0.4143069386482239,-0.0299575589597225
intfloat/multilingual-e5-large,en,42,mean_pool,0.5475301146507263,-0.0788552314043045,-0.4317956864833832,0.1059994548559188
intfloat/multilingual-e5-large,en,43,mean_pool,0.5492991805076599,-0.1143393889069557,-0.5051950216293335,-0.0322896279394626
intfloat/multilingual-e5-large,en,44,mean_pool,0.5649130344390869,-0.0117811728268861,-0.4487124979496002,-0.0402053594589233
intfloat/multilingual-e5-large,en,45,mean_pool,0.5199821591377258,-0.0615381598472595,-0.4325180351734161,0.0321065299212932
intfloat/multilingual-e5-large,en,46,mean_pool,0.5328855514526367,0.0075157610699534,-0.5492473244667053,0.0326675251126289
intfloat/multilingual-e5-large,en,47,mean_pool,0.5239048600196838,-0.0063721644692122,-0.5043735504150391,-0.0344965383410453
intfloat/multilingual-e5-large,en,48,mean_pool,0.5195500254631042,-0.188478335738182,-0.4175556600093841,-0.0289194006472826
intfloat/multilingual-e5-large,en,49,mean_pool,0.5213107466697693,-0.1308938264846801,-0.5131534934043884,0.0134771950542926
intfloat/multilingual-e5-large,en,50,mean_pool,0.4475989639759063,-0.133653923869133,-0.4092943668365478,0.1275474429130554
intfloat/multilingual-e5-large,en,51,mean_pool,0.4739774465560913,-0.1436444222927093,-0.4107119143009186,0.0211713276803493
intfloat/multilingual-e5-large,en,52,mean_pool,0.502492368221283,-0.2254446893930435,-0.45850870013237,0.0112957982346415
intfloat/multilingual-e5-large,en,53,mean_pool,0.4707894027233124,-0.0081335725262761,-0.4284398257732391,-0.1075025871396064
intfloat/multilingual-e5-large,en,54,mean_pool,0.545628011226654,-0.1152789741754531,-0.452901542186737,0.0151085145771503
intfloat/multilingual-e5-large,en,55,mean_pool,0.5299491882324219,-0.0788611024618148,-0.4604241549968719,-0.0449210926890373
intfloat/multilingual-e5-large,en,56,mean_pool,0.5892325043678284,-0.1421321332454681,-0.3861449062824249,0.0374117828905582
intfloat/multilingual-e5-large,en,57,mean_pool,0.4966630637645721,-0.1332136988639831,-0.4239596724510193,-0.0808047577738761
intfloat/multilingual-e5-large,en,58,mean_pool,0.5312079787254333,-0.106324665248394,-0.47632697224617,-0.0282197594642639
intfloat/multilingual-e5-large,en,59,mean_pool,0.4920845329761505,-0.021115381270647,-0.4499179720878601,-0.1267852634191513
intfloat/multilingual-e5-large,en,60,mean_pool,0.5410588383674622,-0.0396403446793556,-0.6273364424705505,0.1353630125522613
intfloat/multilingual-e5-large,en,61,mean_pool,0.5045521259307861,-0.0187836233526468,-0.5291600227355957,0.127555102109909
intfloat/multilingual-e5-large,en,62,mean_pool,0.5210062265396118,-0.0344158299267292,-0.4922729730606079,-0.0049701835960149
intfloat/multilingual-e5-large,en,63,mean_pool,0.520675539970398,0.0106133827939629,-0.5078958868980408,0.0179162137210369
intfloat/multilingual-e5-large,en,64,mean_pool,0.5420428514480591,-0.1597062796354293,-0.4811110198497772,-0.0103877326473593
intfloat/multilingual-e5-large,en,65,mean_pool,0.5219668745994568,0.0106789600104093,-0.4822330772876739,0.080486312508583
intfloat/multilingual-e5-large,en,66,mean_pool,0.4920045733451843,0.0615690499544143,-0.4840752780437469,0.0290914978832006
intfloat/multilingual-e5-large,en,67,mean_pool,0.4484769403934479,-0.0697293356060981,-0.4310534000396728,0.0913443863391876
intfloat/multilingual-e5-large,en,68,mean_pool,0.5455898642539978,-0.1273908764123916,-0.4028244912624359,0.0028366257902234
intfloat/multilingual-e5-large,en,69,mean_pool,0.548295259475708,-0.0476513914763927,-0.4336957931518554,0.0125862471759319
intfloat/multilingual-e5-large,en,70,mean_pool,0.533573567867279,-0.0519361272454261,-0.5395768284797668,0.1702597886323928
intfloat/multilingual-e5-large,en,71,mean_pool,0.4526667594909668,-0.0355876870453357,-0.4749691486358642,-0.1477311253547668
intfloat/multilingual-e5-large,en,72,mean_pool,0.5082740187644958,0.028493607416749,-0.44467294216156,0.0819733142852783
intfloat/multilingual-e5-large,en,73,mean_pool,0.5090670585632324,-0.1064964458346366,-0.5512794852256775,0.0007416370208375
intfloat/multilingual-e5-large,en,74,mean_pool,0.5488583445549011,-0.019273592159152,-0.4774146974086761,0.0639064535498619
intfloat/multilingual-e5-large,en,75,mean_pool,0.5617107152938843,-0.1770548522472381,-0.3872998058795929,-0.0289574488997459
intfloat/multilingual-e5-large,en,76,mean_pool,0.5143875479698181,-0.2540134489536285,-0.4892473816871643,0.0403527617454528
intfloat/multilingual-e5-large,en,77,mean_pool,0.5155863761901855,-0.1538300365209579,-0.4007473587989807,-0.0550558865070343
intfloat/multilingual-e5-large,en,78,mean_pool,0.5558030605316162,-0.1124723479151725,-0.3837399780750274,0.0504887364804744
intfloat/multilingual-e5-large,en,79,mean_pool,0.5462904572486877,-0.0859870463609695,-0.4972143173217773,0.0145668480545282
intfloat/multilingual-e5-large,en,80,mean_pool,0.5622798204421997,-0.0419609881937503,-0.4656839668750763,0.1178541257977485
intfloat/multilingual-e5-large,en,81,mean_pool,0.4785329401493072,-0.0743534043431282,-0.4247617721557617,-0.031630951911211
intfloat/multilingual-e5-large,en,82,mean_pool,0.536482036113739,-0.0747877284884452,-0.3832516074180603,0.0983849987387657
intfloat/multilingual-e5-large,en,83,mean_pool,0.5567948818206787,-0.1377941519021988,-0.4518262147903442,-0.011912484653294
intfloat/multilingual-e5-large,en,84,mean_pool,0.5506147742271423,-0.0637769326567649,-0.3701398372650146,0.0472707971930503
intfloat/multilingual-e5-large,en,85,mean_pool,0.5501080751419067,-0.0800918266177177,-0.4517778158187866,0.0233647711575031
intfloat/multilingual-e5-large,en,86,mean_pool,0.4617955982685089,-0.0380736999213695,-0.5173854827880859,-0.0053399726748466
intfloat/multilingual-e5-large,en,87,mean_pool,0.5004264116287231,-0.0807835832238197,-0.5245782136917114,0.0632874742150306
intfloat/multilingual-e5-large,en,88,mean_pool,0.553536593914032,-0.1161806732416153,-0.4882913529872894,0.0070642102509737
intfloat/multilingual-e5-large,en,89,mean_pool,0.4838816821575165,0.0038055051118135,-0.4446846544742584,-0.0128788538277149
intfloat/multilingual-e5-large,en,90,mean_pool,0.5277894139289856,-0.0496750585734844,-0.4555566310882568,-0.041331011801958
intfloat/multilingual-e5-large,en,91,mean_pool,0.5189578533172607,-0.1798513829708099,-0.4226190149784088,-0.108093075454235
intfloat/multilingual-e5-large,en,92,mean_pool,0.4672845005989074,-0.0282996334135532,-0.4750814735889435,-0.1074197590351104
intfloat/multilingual-e5-large,en,93,mean_pool,0.5208163261413574,-0.1836327165365219,-0.3793812990188598,-0.038985189050436
intfloat/multilingual-e5-large,en,94,mean_pool,0.4970746338367462,-0.0358798019587993,-0.4729529321193695,0.1518704146146774
intfloat/multilingual-e5-large,en,95,mean_pool,0.5284623503684998,-0.0709125399589538,-0.4423553645610809,0.142168179154396
intfloat/multilingual-e5-large,en,96,mean_pool,0.5530231595039368,-0.1318227797746658,-0.4101237952709198,0.041715882718563
intfloat/multilingual-e5-large,en,97,mean_pool,0.4776641428470611,-0.0128087997436523,-0.4630572497844696,-0.1384910941123962
intfloat/multilingual-e5-large,en,98,mean_pool,0.5390546321868896,-0.1444457024335861,-0.3958075642585754,0.0570263415575027
intfloat/multilingual-e5-large,en,99,mean_pool,0.4738489687442779,-0.0725220143795013,-0.4746360182762146,0.1079958006739616
intfloat/multilingual-e5-large,en,100,mean_pool,0.555917501449585,-0.1420582383871078,-0.3717099726200104,0.0118301985785365
intfloat/multilingual-e5-large,en,101,mean_pool,0.5436724424362183,-0.1074654012918472,-0.3718149960041046,0.0493726171553134
intfloat/multilingual-e5-large,en,102,mean_pool,0.5344788432121277,-0.1883274614810943,-0.4689662754535675,-0.0277916081249713
intfloat/multilingual-e5-large,en,103,mean_pool,0.5225004553794861,-0.2221832573413849,-0.5168799161911011,0.1294695734977722
intfloat/multilingual-e5-large,en,104,mean_pool,0.5230708718299866,-0.100050464272499,-0.4020334780216217,0.0138616068288683
intfloat/multilingual-e5-large,en,105,mean_pool,0.5224918723106384,-0.126103326678276,-0.4587627649307251,0.1914619952440261
intfloat/multilingual-e5-large,en,106,mean_pool,0.4912994801998138,0.0636675804853439,-0.4201089441776275,-0.0846409723162651
intfloat/multilingual-e5-large,en,107,mean_pool,0.5310967564582825,-0.064378522336483,-0.4978658258914947,0.0449747666716575
intfloat/multilingual-e5-large,en,108,mean_pool,0.5462616682052612,-0.0446291081607341,-0.5279266238212585,0.0060776965692639
intfloat/multilingual-e5-large,en,109,mean_pool,0.477222204208374,0.021979758515954,-0.4340983033180237,0.0048630591481924
intfloat/multilingual-e5-large,en,110,mean_pool,0.4266787767410278,0.10581686347723,-0.4954534769058227,-0.1326894611120224
intfloat/multilingual-e5-large,en,111,mean_pool,0.5074759125709534,-0.2121116667985916,-0.4841770827770233,0.1208798289299011
intfloat/multilingual-e5-large,en,112,mean_pool,0.4831167459487915,-0.1056467071175575,-0.5465970635414124,0.0814646929502487
intfloat/multilingual-e5-large,en,113,mean_pool,0.5612039566040039,-0.0424469858407974,-0.5035488605499268,-0.0056442082859575
intfloat/multilingual-e5-large,en,114,mean_pool,0.5414556264877319,-0.1053268164396286,-0.3835838437080383,0.0135554503649473
intfloat/multilingual-e5-large,en,115,mean_pool,0.568740963935852,-0.0998636856675148,-0.4365496039390564,0.029458649456501
intfloat/multilingual-e5-large,en,116,mean_pool,0.5081555843353271,-0.0976420789957046,-0.4436597824096679,-0.020523065701127
intfloat/multilingual-e5-large,en,117,mean_pool,0.5359401702880859,-0.031777985394001,-0.4480029344558716,-0.0223551820963621
intfloat/multilingual-e5-large,en,118,mean_pool,0.5416640639305115,-0.1015743911266326,-0.3807630240917206,-0.0403029434382915
intfloat/multilingual-e5-large,en,119,mean_pool,0.5054675936698914,-0.0375249162316322,-0.4836702048778534,0.0130178136751055
intfloat/multilingual-e5-large,en,120,mean_pool,0.5540786981582642,-0.0485903397202491,-0.5046851634979248,0.144527718424797
intfloat/multilingual-e5-large,en,121,mean_pool,0.5499709248542786,-0.0289019923657178,-0.453896552324295,0.0982572957873344
intfloat/multilingual-e5-large,en,122,mean_pool,0.5112077593803406,-0.0741390883922576,-0.4969335794448852,-0.0333622731268405
intfloat/multilingual-e5-large,en,123,mean_pool,0.4926299452781677,-0.0063694431446492,-0.4937599301338196,-0.016457749530673
intfloat/multilingual-e5-large,en,124,mean_pool,0.5363892316818237,-0.1110648512840271,-0.4273874163627624,-0.0112841520458459
intfloat/multilingual-e5-large,en,125,mean_pool,0.4788340330123901,0.0591219924390316,-0.4553682208061218,-0.1892351806163787
intfloat/multilingual-e5-large,en,126,mean_pool,0.5014230608940125,-0.1330077499151229,-0.3794335722923279,-0.0926739275455474
intfloat/multilingual-e5-large,en,127,mean_pool,0.4478350579738617,0.1036945730447769,-0.4675749540328979,-0.1925857812166214
intfloat/multilingual-e5-large,en,128,mean_pool,0.4553460776805877,0.0594014152884483,-0.5212931632995605,-0.1703746616840362
intfloat/multilingual-e5-large,en,129,mean_pool,0.5454603433609009,-0.0695695728063583,-0.5337415337562561,0.0299803130328655
intfloat/multilingual-e5-large,en,130,mean_pool,0.5009249448776245,-0.1165260672569274,-0.4760892987251282,0.001882490934804
intfloat/multilingual-e5-large,en,131,mean_pool,0.5338332653045654,-0.0448188260197639,-0.4420521259307861,0.0284336470067501
intfloat/multilingual-e5-large,en,132,mean_pool,0.4657807648181915,-0.1898252964019775,-0.5151681303977966,0.0974526107311248
intfloat/multilingual-e5-large,en,133,mean_pool,0.5198243856430054,-0.0203465223312377,-0.4106291532516479,0.0257834866642951
intfloat/multilingual-e5-large,en,134,mean_pool,0.4369163513183594,-0.1791907101869583,-0.439909279346466,0.0331625305116176
intfloat/multilingual-e5-large,en,135,mean_pool,0.5160858631134033,-0.2214874625205993,-0.4558812379837036,0.1326184123754501
intfloat/multilingual-e5-large,en,136,mean_pool,0.5680240988731384,-0.0603233985602855,-0.3669682443141937,0.0134276989847421
intfloat/multilingual-e5-large,en,137,mean_pool,0.4750074744224548,-0.0089167738333344,-0.5100558996200562,-0.1617986410856247
intfloat/multilingual-e5-large,en,138,mean_pool,0.4390017092227936,-0.1211792528629303,-0.4621513187885284,0.0506366081535816
intfloat/multilingual-e5-large,en,139,mean_pool,0.5271124839782715,-0.0961630642414093,-0.527028501033783,0.0169776696711778
intfloat/multilingual-e5-large,en,140,mean_pool,0.4391253292560577,-0.0793083608150482,-0.5556957721710205,0.028463214635849
intfloat/multilingual-e5-large,en,141,mean_pool,0.4660163819789886,-0.071980282664299,-0.4618958234786987,-0.1530613303184509
intfloat/multilingual-e5-large,en,142,mean_pool,0.4810199439525604,0.0430991873145103,-0.424947589635849,-0.1267348974943161
intfloat/multilingual-e5-large,en,143,mean_pool,0.5545233488082886,0.0466073974967002,-0.5249924063682556,-0.0018402418354526
intfloat/multilingual-e5-large,en,144,mean_pool,0.5213920474052429,-0.1100296899676323,-0.3793627619743347,-0.0097411656752228
intfloat/multilingual-e5-large,en,145,mean_pool,0.5046988129615784,-0.0600309185683727,-0.4885285198688507,-0.0243973117321729
intfloat/multilingual-e5-large,en,146,mean_pool,0.5555915832519531,-0.1237355545163154,-0.3824653923511505,0.0496289245784282
intfloat/multilingual-e5-large,en,147,mean_pool,0.5045080780982971,-0.0643104314804077,-0.3765774369239807,0.1482214033603668
intfloat/multilingual-e5-large,en,148,mean_pool,0.5208080410957336,-0.1213137730956077,-0.4239148497581482,0.0726601332426071
intfloat/multilingual-e5-large,en,149,mean_pool,0.5366320013999939,-0.1468041241168975,-0.4070569276809692,-0.0184877477586269
intfloat/multilingual-e5-large,en,150,mean_pool,0.5701125264167786,-0.1706416755914688,-0.4124220013618469,-0.0565494857728481
intfloat/multilingual-e5-large,en,151,mean_pool,0.5053333640098572,-0.0863486751914024,-0.4926871359348297,0.2070505321025848
intfloat/multilingual-e5-large,en,152,mean_pool,0.5272321701049805,-0.0460967980325222,-0.4646877348423004,0.0361222811043262
intfloat/multilingual-e5-large,en,153,mean_pool,0.5326201319694519,-0.1310727000236511,-0.5117225050926208,-0.0556776747107505
intfloat/multilingual-e5-large,en,154,mean_pool,0.5075563192367554,-0.1943378746509552,-0.4703707695007324,0.1607266962528228
intfloat/multilingual-e5-large,en,155,mean_pool,0.5508585572242737,0.0080436244606971,-0.431268572807312,0.073297381401062
intfloat/multilingual-e5-large,en,156,mean_pool,0.5201735496520996,-0.1398203372955322,-0.415165901184082,0.0847299247980117
intfloat/multilingual-e5-large,en,157,mean_pool,0.4894552528858185,0.0882301181554794,-0.4198682308197021,-0.1003722697496414
intfloat/multilingual-e5-large,en,158,mean_pool,0.5221866369247437,-0.1202050670981407,-0.4100606143474579,-0.0645398199558258
intfloat/multilingual-e5-large,en,159,mean_pool,0.4955883324146271,-0.2357650846242904,-0.5022455453872681,0.1710228025913238
intfloat/multilingual-e5-large,ru,0,mean_pool,0.2173686176538467,-0.3102209568023681,-0.4227742850780487,-0.5659695863723755
intfloat/multilingual-e5-large,ru,1,mean_pool,0.1151070222258567,0.0152348093688488,-0.4979031085968017,-0.395499587059021
intfloat/multilingual-e5-large,ru,2,mean_pool,0.2663848102092743,-0.1314137876033783,-0.5659148693084717,-0.4425320625305176
intfloat/multilingual-e5-large,ru,3,mean_pool,0.0649008974432945,-0.044149987399578,-0.4907758831977844,-0.2856889367103576
intfloat/multilingual-e5-large,ru,4,mean_pool,0.1011486202478408,0.0198689773678779,-0.3383523523807525,-0.4735931158065796
intfloat/multilingual-e5-large,ru,5,mean_pool,0.1062056869268417,0.0708778947591781,-0.4185055196285248,-0.4351616203784942
intfloat/multilingual-e5-large,ru,6,mean_pool,0.1811895370483398,0.0775224044919014,-0.3900296092033386,-0.579070508480072
intfloat/multilingual-e5-large,ru,7,mean_pool,0.0963090136647224,-0.1641954630613327,-0.4011295437812805,-0.4879764318466186
intfloat/multilingual-e5-large,ru,8,mean_pool,0.0987847968935966,-0.1451811790466308,-0.5183641910552979,-0.4180631637573242
intfloat/multilingual-e5-large,ru,9,mean_pool,0.0659456774592399,0.0682294145226478,-0.4352386593818664,-0.3922512531280517
intfloat/multilingual-e5-large,ru,10,mean_pool,0.1239299997687339,-0.2081328928470611,-0.4472014904022217,-0.3740109503269195
intfloat/multilingual-e5-large,ru,11,mean_pool,0.1754478961229324,-0.1491596847772598,-0.4552065730094909,-0.5127391815185547
intfloat/multilingual-e5-large,ru,12,mean_pool,0.0813628062605857,0.0057169706560671,-0.3950720727443695,-0.5232194066047668
intfloat/multilingual-e5-large,ru,13,mean_pool,0.1305508017539978,0.1268849074840545,-0.3521308302879333,-0.5659642219543457
intfloat/multilingual-e5-large,ru,14,mean_pool,0.0748698264360427,-0.0062758144922554,-0.3812252581119537,-0.4542226791381836
intfloat/multilingual-e5-large,ru,15,mean_pool,0.2482165545225143,-0.1228467002511024,-0.4274554848670959,-0.4648017585277557
intfloat/multilingual-e5-large,ru,16,mean_pool,0.262698769569397,-0.1990990787744522,-0.4485905766487121,-0.4302603304386139
intfloat/multilingual-e5-large,ru,17,mean_pool,0.139890044927597,-0.2350129038095474,-0.4921217858791351,-0.4543879330158233
intfloat/multilingual-e5-large,ru,18,mean_pool,0.0985357537865638,-0.049596894532442,-0.527333676815033,-0.406887948513031
intfloat/multilingual-e5-large,ru,19,mean_pool,0.1248932033777237,0.1168270260095596,-0.3616416156291961,-0.445110023021698
intfloat/multilingual-e5-large,ru,20,mean_pool,0.1814806014299392,-0.205480694770813,-0.5675076246261597,-0.5629690885543823
intfloat/multilingual-e5-large,ru,21,mean_pool,0.0844885855913162,-0.0268191620707511,-0.4727799296379089,-0.5130197405815125
intfloat/multilingual-e5-large,ru,22,mean_pool,0.1283341944217682,0.0927652716636657,-0.3722187280654907,-0.3656581938266754
intfloat/multilingual-e5-large,ru,23,mean_pool,0.1629890203475952,-0.0010305709438398,-0.4301808774471283,-0.5609408617019653
intfloat/multilingual-e5-large,ru,24,mean_pool,0.1911006569862365,-0.0772825703024864,-0.4172047972679138,-0.4207901656627655
intfloat/multilingual-e5-large,ru,25,mean_pool,0.3943744897842407,-0.1940419673919677,-0.6311851739883423,-0.3771990835666656
intfloat/multilingual-e5-large,ru,26,mean_pool,0.0282730069011449,0.1222546398639679,-0.3212451338768005,-0.4930866658687591
intfloat/multilingual-e5-large,ru,27,mean_pool,0.0588072948157787,0.070152148604393,-0.3774664998054504,-0.42607581615448
intfloat/multilingual-e5-large,ru,28,mean_pool,0.2119008898735046,-0.3041009604930877,-0.4667281806468963,-0.4291100800037384
intfloat/multilingual-e5-large,ru,29,mean_pool,0.160237580537796,-0.2895427048206329,-0.4664272367954254,-0.2718706727027893
intfloat/multilingual-e5-large,ru,30,mean_pool,0.1549112200736999,0.0885951817035675,-0.3684885799884796,-0.4791878163814544
intfloat/multilingual-e5-large,ru,31,mean_pool,0.1826368272304535,-0.0122034354135394,-0.5326988697052002,-0.4931606948375702
intfloat/multilingual-e5-large,ru,32,mean_pool,0.1376339346170425,-0.0204800404608249,-0.5002443194389343,-0.426383376121521
intfloat/multilingual-e5-large,ru,33,mean_pool,0.1072768867015838,-0.1206847727298736,-0.5580335259437561,-0.4690184295177459
intfloat/multilingual-e5-large,ru,34,mean_pool,0.1529848426580429,-0.3077112436294555,-0.5317380428314209,-0.4562552869319916
intfloat/multilingual-e5-large,ru,35,mean_pool,0.0959875658154487,0.0164455119520425,-0.5598123669624329,-0.4506483972072601
intfloat/multilingual-e5-large,ru,36,mean_pool,0.0597146824002265,0.0272965189069509,-0.3434505760669708,-0.5298684239387512
intfloat/multilingual-e5-large,ru,37,mean_pool,0.1209282949566841,-0.1528883725404739,-0.491168737411499,-0.3918246030807495
intfloat/multilingual-e5-large,ru,38,mean_pool,0.0393737852573394,-0.0255179423838853,-0.4461309909820556,-0.4412396848201751
intfloat/multilingual-e5-large,ru,39,mean_pool,0.1688808053731918,-0.2024649679660797,-0.4611413776874542,-0.5397627353668213
intfloat/multilingual-e5-large,ru,40,mean_pool,0.1963733583688736,-0.3527681827545166,-0.4532849490642547,-0.6115261316299438
intfloat/multilingual-e5-large,ru,41,mean_pool,0.0781769528985023,0.0606848113238811,-0.3782084882259369,-0.427048772573471
intfloat/multilingual-e5-large,ru,42,mean_pool,0.0695087686181068,0.0446166321635246,-0.394975334405899,-0.5438392162322998
intfloat/multilingual-e5-large,ru,43,mean_pool,0.0818287208676338,0.0414911620318889,-0.4006671607494354,-0.4173791408538818
intfloat/multilingual-e5-large,ru,44,mean_pool,0.0517429038882255,-0.0003298585943412,-0.3932040333747864,-0.4625823199748993
intfloat/multilingual-e5-large,ru,45,mean_pool,0.2116864919662475,-0.266042411327362,-0.4472050964832306,-0.5259063839912415
intfloat/multilingual-e5-large,ru,46,mean_pool,0.2063332051038742,-0.2617001235485077,-0.5110813975334167,-0.5148957967758179
intfloat/multilingual-e5-large,ru,47,mean_pool,0.0591572672128677,-0.0414374805986881,-0.3355192840099334,-0.4750434458255768
intfloat/multilingual-e5-large,ru,48,mean_pool,0.1093614548444747,0.0164959765970706,-0.4190873205661773,-0.3503012359142303
intfloat/multilingual-e5-large,ru,49,mean_pool,0.1656364798545837,0.0348081775009632,-0.4300649762153625,-0.3245989680290222
intfloat/multilingual-e5-large,ru,50,mean_pool,0.0890686064958572,0.0333983339369297,-0.3582258522510528,-0.4222939312458038
intfloat/multilingual-e5-large,ru,51,mean_pool,0.0951689854264259,-0.0599222257733345,-0.35285285115242,-0.4925048649311065
intfloat/multilingual-e5-large,ru,52,mean_pool,0.0572640933096408,-0.0186954643577337,-0.3957435488700866,-0.513307511806488
intfloat/multilingual-e5-large,ru,53,mean_pool,0.0620385073125362,0.0240439753979444,-0.4081067144870758,-0.3608070909976959
intfloat/multilingual-e5-large,ru,54,mean_pool,0.1452369838953018,0.0018744890112429,-0.3618670701980591,-0.3640041947364807
intfloat/multilingual-e5-large,ru,55,mean_pool,0.1397411227226257,0.0133382864296436,-0.4057035148143768,-0.4584022760391235
intfloat/multilingual-e5-large,ru,56,mean_pool,0.0871652886271476,0.1502540111541748,-0.3494072258472442,-0.4531064927577972
intfloat/multilingual-e5-large,ru,57,mean_pool,0.1221794113516807,0.0849890783429145,-0.3542481362819671,-0.4485142827033996
intfloat/multilingual-e5-large,ru,58,mean_pool,0.0942590907216072,-0.0531218238174915,-0.4378480613231659,-0.5277770757675171
intfloat/multilingual-e5-large,ru,59,mean_pool,0.0406810641288757,0.0830682292580604,-0.4086212515830993,-0.4871219098567962
intfloat/multilingual-e5-large,ru,60,mean_pool,0.0253515839576721,-0.0173825658857822,-0.3407043218612671,-0.550266444683075
intfloat/multilingual-e5-large,ru,61,mean_pool,0.1196973994374275,-0.0319593213498592,-0.4247155487537384,-0.3729304373264313
intfloat/multilingual-e5-large,ru,62,mean_pool,0.0257979556918144,0.0430330224335193,-0.3833285272121429,-0.4664947688579559
intfloat/multilingual-e5-large,ru,63,mean_pool,0.051039520651102,-0.0507497414946556,-0.3460830152034759,-0.5094242095947266
intfloat/multilingual-e5-large,ru,64,mean_pool,0.092057891190052,0.0889971256256103,-0.4905377030372619,-0.4154616892337799
intfloat/multilingual-e5-large,ru,65,mean_pool,0.0760829895734787,-0.0239515416324138,-0.473817229270935,-0.4441140294075012
intfloat/multilingual-e5-large,ru,66,mean_pool,0.0349121205508708,-0.1043181419372558,-0.5083956718444824,-0.3836204409599304
intfloat/multilingual-e5-large,ru,67,mean_pool,0.0707715228199958,-0.1000961884856224,-0.5102499127388,-0.4201904833316803
intfloat/multilingual-e5-large,ru,68,mean_pool,0.134051501750946,-0.1110217273235321,-0.4995572566986084,-0.4125627875328064
intfloat/multilingual-e5-large,ru,69,mean_pool,0.0501247569918632,0.0203012581914663,-0.3834537863731384,-0.4774965941905975
intfloat/multilingual-e5-large,ru,70,mean_pool,0.1267295032739639,-0.0579015761613845,-0.5655022859573364,-0.2881122529506683
intfloat/multilingual-e5-large,ru,71,mean_pool,0.0661239176988601,-0.0284486524760723,-0.3675619959831238,-0.493025928735733
intfloat/multilingual-e5-large,ru,72,mean_pool,0.1936904639005661,0.0505817718803882,-0.4612591862678528,-0.4696331024169922
intfloat/multilingual-e5-large,ru,73,mean_pool,0.1181213557720184,-0.0942364707589149,-0.3513512313365936,-0.4830816984176636
intfloat/multilingual-e5-large,ru,74,mean_pool,0.1815708726644516,-0.2510781586170196,-0.5783758163452148,-0.390883058309555
intfloat/multilingual-e5-large,ru,75,mean_pool,0.2589365541934967,-0.262200117111206,-0.4655173420906067,-0.4779779016971588
intfloat/multilingual-e5-large,ru,76,mean_pool,0.1323159635066986,-0.2352863401174545,-0.4115317761898041,-0.373928964138031
intfloat/multilingual-e5-large,ru,77,mean_pool,0.1089165136218071,0.0008846790296956,-0.3892165422439575,-0.4093559682369232
intfloat/multilingual-e5-large,ru,78,mean_pool,0.1214219853281974,-0.1292333900928497,-0.4871221482753753,-0.5270916819572449
intfloat/multilingual-e5-large,ru,79,mean_pool,0.0684399530291557,-0.0111565664410591,-0.4580288529396057,-0.3707815706729889
intfloat/multilingual-e5-large,ru,80,mean_pool,0.0976482704281807,0.0252328999340534,-0.407441109418869,-0.4658606946468353
intfloat/multilingual-e5-large,ru,81,mean_pool,0.1132594496011734,-0.1219927221536636,-0.3805457651615143,-0.4370187222957611
intfloat/multilingual-e5-large,ru,82,mean_pool,0.0559714585542678,-0.1210212334990501,-0.3876848518848419,-0.5133469104766846
intfloat/multilingual-e5-large,ru,83,mean_pool,0.1240834668278694,-0.2337553203105926,-0.5427655577659607,-0.2821275293827057
intfloat/multilingual-e5-large,ru,84,mean_pool,0.1148353889584541,0.0550332851707935,-0.4945743381977081,-0.4708655476570129
intfloat/multilingual-e5-large,ru,85,mean_pool,0.1385537832975387,-0.0945084765553474,-0.3115900754928589,-0.3554708063602447
intfloat/multilingual-e5-large,ru,86,mean_pool,0.102175623178482,0.0650138780474662,-0.3584327697753906,-0.4204055368900299
intfloat/multilingual-e5-large,ru,87,mean_pool,0.121814377605915,0.0239077527076005,-0.5206639170646667,-0.4028020799160003
intfloat/multilingual-e5-large,ru,88,mean_pool,0.2248729467391967,-0.1327654868364334,-0.4374255239963531,-0.6246441006660461
intfloat/multilingual-e5-large,ru,89,mean_pool,0.0632739216089248,0.0306309312582016,-0.367324560880661,-0.4617958068847656
intfloat/multilingual-e5-large,ru,90,mean_pool,0.2861466407775879,-0.0137934889644384,-0.594278872013092,-0.387135237455368
intfloat/multilingual-e5-large,ru,91,mean_pool,0.1686784476041793,-0.0894467234611511,-0.3193650841712951,-0.3647406101226806
intfloat/multilingual-e5-large,ru,92,mean_pool,0.0774518698453903,-0.097660981118679,-0.4213547110557556,-0.4679480493068695
intfloat/multilingual-e5-large,ru,93,mean_pool,0.1135001853108406,-0.1130518466234207,-0.455402672290802,-0.2720048725605011
intfloat/multilingual-e5-large,ru,94,mean_pool,0.1610720157623291,-0.134927213191986,-0.4266833662986755,-0.4272306263446808
intfloat/multilingual-e5-large,ru,95,mean_pool,0.1692783534526825,-0.1089824959635734,-0.3977669775485992,-0.51795494556427
intfloat/multilingual-e5-large,ru,96,mean_pool,0.0840032026171684,0.0598445497453212,-0.5108323097229004,-0.4199044704437256
intfloat/multilingual-e5-large,ru,97,mean_pool,0.0823075547814369,0.0039697112515568,-0.3650702536106109,-0.4443109631538391
intfloat/multilingual-e5-large,ru,98,mean_pool,0.1625480949878692,0.0594293363392353,-0.5132111310958862,-0.4006557166576385
intfloat/multilingual-e5-large,ru,99,mean_pool,0.1552571505308151,0.0126637490466237,-0.4480550587177276,-0.4167181551456451
intfloat/multilingual-e5-large,ru,100,mean_pool,0.1342250853776931,-0.0302046965807676,-0.4651751816272735,-0.3154911994934082
intfloat/multilingual-e5-large,ru,101,mean_pool,0.0563786402344703,-0.0374351069331169,-0.3654789626598358,-0.5392019748687744
intfloat/multilingual-e5-large,ru,102,mean_pool,0.1505850553512573,0.07469192892313,-0.4832839667797088,-0.4286634624004364
intfloat/multilingual-e5-large,ru,103,mean_pool,0.1146861985325813,-0.1697481274604797,-0.4763634502887726,-0.4101991951465606
intfloat/multilingual-e5-large,ru,104,mean_pool,0.125974029302597,-0.2566572725772857,-0.5642109513282776,-0.3912437260150909
intfloat/multilingual-e5-large,ru,105,mean_pool,0.1360680758953094,-0.1047833338379859,-0.571292519569397,-0.5361701250076294
intfloat/multilingual-e5-large,ru,106,mean_pool,0.1350392401218414,0.0432724729180336,-0.2756906151771545,-0.4540479779243469
intfloat/multilingual-e5-large,ru,107,mean_pool,0.0571091510355472,-0.0412486307322979,-0.3926034271717071,-0.4192314743995666
intfloat/multilingual-e5-large,ru,108,mean_pool,0.097149409353733,0.0144994556903839,-0.4547652006149292,-0.3936150968074798
intfloat/multilingual-e5-large,ru,109,mean_pool,0.0920005738735199,-0.0182288195937871,-0.5137770175933838,-0.3025582730770111
intfloat/multilingual-e5-large,ru,110,mean_pool,0.086454801261425,-0.0146916871890425,-0.3828895092010498,-0.4071249067783355
intfloat/multilingual-e5-large,ru,111,mean_pool,0.0717916116118431,-0.0494310483336448,-0.4441865384578705,-0.4586538672447204
intfloat/multilingual-e5-large,ru,112,mean_pool,0.0861473232507705,0.1047427058219909,-0.409323900938034,-0.4253979027271271
intfloat/multilingual-e5-large,ru,113,mean_pool,0.0470723398029804,0.0413225479423999,-0.4055580794811249,-0.470243364572525
intfloat/multilingual-e5-large,ru,114,mean_pool,0.1522946655750274,-0.142147958278656,-0.4005430936813354,-0.5182121992111206
intfloat/multilingual-e5-large,ru,115,mean_pool,0.1997346132993698,0.090349793434143,-0.359902411699295,-0.435054212808609
intfloat/multilingual-e5-large,ru,116,mean_pool,0.0866873264312744,-0.1176561117172241,-0.5334739685058594,-0.5016761422157288
intfloat/multilingual-e5-large,ru,117,mean_pool,0.0918371826410293,-0.1524326056241989,-0.5157336592674255,-0.3312514424324035
intfloat/multilingual-e5-large,ru,118,mean_pool,0.1435144692659378,-0.025026898831129,-0.4529009759426117,-0.4330672323703766
intfloat/multilingual-e5-large,ru,119,mean_pool,0.2931432425975799,-0.2036981880664825,-0.533136785030365,-0.5211052894592285
intfloat/multilingual-e5-large,ru,120,mean_pool,0.1321203708648681,-0.2069810926914215,-0.4220914244651794,-0.3630828261375427
intfloat/multilingual-e5-large,ru,121,mean_pool,0.1876708269119262,-0.1794307976961136,-0.5038936138153076,-0.3080804646015167
intfloat/multilingual-e5-large,ru,122,mean_pool,0.1386332809925079,-0.1949672549962997,-0.5061827898025513,-0.2341225743293762
intfloat/multilingual-e5-large,ru,123,mean_pool,0.1050503626465797,0.0003635723842307,-0.4351814985275268,-0.431817889213562
intfloat/multilingual-e5-large,ru,124,mean_pool,0.0478479862213134,-0.0551267899572849,-0.3673714399337768,-0.3830758035182953
intfloat/multilingual-e5-large,ru,125,mean_pool,0.0250316876918077,-0.016282333061099,-0.4137452840805053,-0.5789872407913208
intfloat/multilingual-e5-large,ru,126,mean_pool,0.0567630678415298,0.0717032253742218,-0.3969731032848358,-0.4687637388706207
intfloat/multilingual-e5-large,ru,127,mean_pool,0.0532961077988147,0.0402169190347194,-0.3757853806018829,-0.4560639858245849
intfloat/multilingual-e5-large,ru,128,mean_pool,0.1954573392868042,-0.3169195353984833,-0.4875656962394714,-0.5164910554885864
intfloat/multilingual-e5-large,ru,129,mean_pool,0.0799676552414894,-0.0383935794234275,-0.4356825947761535,-0.4027107656002044
intfloat/multilingual-e5-large,ru,130,mean_pool,0.1607915759086609,-0.1927586495876312,-0.5775576233863831,-0.4908099472522735
intfloat/multilingual-e5-large,ru,131,mean_pool,0.0915151983499527,-0.0850570127367973,-0.3907321989536285,-0.3124456703662872
intfloat/multilingual-e5-large,ru,132,mean_pool,0.0938369631767273,-0.1065942049026489,-0.2787219583988189,-0.5609167218208313
intfloat/multilingual-e5-large,ru,133,mean_pool,0.2159566134214401,0.0933962389826774,-0.5545507669448853,-0.4720667004585266
intfloat/multilingual-e5-large,ru,134,mean_pool,0.139297530055046,0.0257579311728477,-0.3633998036384582,-0.3611015677452087
intfloat/multilingual-e5-large,ru,135,mean_pool,0.1489622294902801,-0.0748485997319221,-0.467438280582428,-0.4566904604434967
intfloat/multilingual-e5-large,ru,136,mean_pool,0.1276728808879852,-0.07907235622406,-0.446397453546524,-0.4095072448253631
intfloat/multilingual-e5-large,ru,137,mean_pool,0.2123080939054489,-0.3155765831470489,-0.5218527317047119,-0.200788140296936
intfloat/multilingual-e5-large,ru,138,mean_pool,0.0723131746053695,0.0282562728971242,-0.3380944430828094,-0.5553128719329834
intfloat/multilingual-e5-large,ru,139,mean_pool,0.0516187585890293,-0.0120389387011528,-0.4041119217872619,-0.5324529409408569
intfloat/multilingual-e5-large,ru,140,mean_pool,0.1064603924751281,-0.1288639307022094,-0.278230220079422,-0.4061019420623779
intfloat/multilingual-e5-large,ru,141,mean_pool,0.1566773653030395,-0.1085321903228759,-0.4861676692962646,-0.4602482914924621
intfloat/multilingual-e5-large,ru,142,mean_pool,0.0562771745026111,-0.0684328079223632,-0.3627013266086578,-0.4591723680496216
intfloat/multilingual-e5-large,ru,143,mean_pool,0.1895905584096908,-0.1410175561904907,-0.3856584131717682,-0.5116297006607056
intfloat/multilingual-e5-large,ru,144,mean_pool,0.224293902516365,-0.2367488741874694,-0.4854531288146972,-0.4861969947814941
intfloat/multilingual-e5-large,ru,145,mean_pool,0.1110097542405128,-0.1529129594564438,-0.496337890625,-0.4959137439727783
intfloat/multilingual-e5-large,ru,146,mean_pool,0.1496557593345642,0.1540212780237198,-0.3531976044178009,-0.3896065354347229
intfloat/multilingual-e5-large,ru,147,mean_pool,0.0705533400177955,-0.1064770817756652,-0.371548056602478,-0.4656694233417511
intfloat/multilingual-e5-large,ru,148,mean_pool,0.1113480702042579,-0.0528209581971168,-0.3773427903652191,-0.6045687198638916
intfloat/multilingual-e5-large,ru,149,mean_pool,0.1296602338552475,0.0260016247630119,-0.3704399168491363,-0.4411898255348205
intfloat/multilingual-e5-large,ru,150,mean_pool,0.1103838682174682,-0.1150048151612281,-0.5125877261161804,-0.46269491314888
intfloat/multilingual-e5-large,ru,151,mean_pool,0.1419741362333297,0.1322386562824249,-0.353393405675888,-0.4687517285346985
intfloat/multilingual-e5-large,ru,152,mean_pool,0.0413419157266616,-0.0172953642904758,-0.4072155356407165,-0.5013559460639954
intfloat/multilingual-e5-large,ru,153,mean_pool,0.0789720565080642,0.0156530700623989,-0.3363154828548431,-0.4811792075634002
intfloat/multilingual-e5-large,ru,154,mean_pool,0.0891301408410072,-0.0164061821997165,-0.3341336846351623,-0.5422683954238892
intfloat/multilingual-e5-large,ru,155,mean_pool,0.0787654817104339,0.1021043881773948,-0.3909806311130523,-0.4770215153694153
intfloat/multilingual-e5-large,ru,156,mean_pool,0.0707800239324569,0.0442272573709487,-0.5084117650985718,-0.4064667224884033
intfloat/multilingual-e5-large,ru,157,mean_pool,0.1879656910896301,0.0181990750133991,-0.380132794380188,-0.5258252620697021
intfloat/multilingual-e5-large,ru,158,mean_pool,0.0810140296816825,0.0340325199067592,-0.4867184162139892,-0.4224113523960113
intfloat/multilingual-e5-large,ru,159,mean_pool,0.161887377500534,0.0717988014221191,-0.4591108560562134,-0.6329525709152222
intfloat/multilingual-e5-large,zh,0,mean_pool,0.1999303996562957,-0.2659671902656555,-0.7975656986236572,-0.2440195381641388
intfloat/multilingual-e5-large,zh,1,mean_pool,0.207736000418663,-0.173036441206932,-0.8284475207328796,-0.2122244536876678
intfloat/multilingual-e5-large,zh,2,mean_pool,0.2127780020236969,-0.0567167997360229,-0.7814347147941589,-0.2250373810529709
intfloat/multilingual-e5-large,zh,3,mean_pool,0.2530223429203033,-0.2895949482917785,-0.9095160365104676,-0.2078868299722671
intfloat/multilingual-e5-large,zh,4,mean_pool,0.1402876675128936,-0.3736993670463562,-0.9009190201759338,-0.4731798768043518
intfloat/multilingual-e5-large,zh,5,mean_pool,0.1374057680368423,-0.1549182683229446,-0.8509882092475891,-0.3370271623134613
intfloat/multilingual-e5-large,zh,6,mean_pool,0.2275477796792984,-0.1692672073841095,-0.8420590162277222,-0.1794055104255676
intfloat/multilingual-e5-large,zh,7,mean_pool,0.1940059661865234,-0.2673441171646118,-0.8879949450492859,-0.3050926923751831
intfloat/multilingual-e5-large,zh,8,mean_pool,0.1443331241607666,-0.2419022619724273,-0.8459636569023132,-0.4615003168582916
intfloat/multilingual-e5-large,zh,9,mean_pool,0.1950560063123703,-0.1023319885134697,-0.8239977359771729,-0.236155092716217
intfloat/multilingual-e5-large,zh,10,mean_pool,0.1890906691551208,-0.3074142336845398,-0.8041244149208069,-0.3537975549697876
intfloat/multilingual-e5-large,zh,11,mean_pool,0.2289464324712753,-0.4780848324298858,-0.860003650188446,-0.4389684498310089
intfloat/multilingual-e5-large,zh,12,mean_pool,0.1791033446788787,-0.2859318852424621,-0.8350421190261841,-0.3668827414512634
intfloat/multilingual-e5-large,zh,13,mean_pool,0.174506202340126,-0.1190070658922195,-0.7903170585632324,-0.1999146044254303
intfloat/multilingual-e5-large,zh,14,mean_pool,0.1583911329507827,-0.3306130766868591,-0.8487863540649414,-0.3327104449272156
intfloat/multilingual-e5-large,zh,15,mean_pool,0.2315966039896011,-0.2467722445726394,-0.8801173567771912,-0.2157796770334243
intfloat/multilingual-e5-large,zh,16,mean_pool,0.1899955868721008,-0.2247630208730697,-0.8541066646575928,-0.2557857632637024
intfloat/multilingual-e5-large,zh,17,mean_pool,0.1511552035808563,-0.3351598978042602,-0.7978373169898987,-0.371793270111084
intfloat/multilingual-e5-large,zh,18,mean_pool,0.1972694247961044,-0.273545354604721,-0.8457702398300171,-0.4162086248397827
intfloat/multilingual-e5-large,zh,19,mean_pool,0.2069680541753769,-0.0509821102023124,-0.8103448152542114,-0.0664491951465606
intfloat/multilingual-e5-large,zh,20,mean_pool,0.2613846063613891,-0.1453026086091995,-0.827571451663971,-0.2858659625053406
intfloat/multilingual-e5-large,zh,21,mean_pool,0.1264819800853729,-0.1974615752696991,-0.7723198533058167,-0.2043315917253494
intfloat/multilingual-e5-large,zh,22,mean_pool,0.2149385511875152,-0.1743505448102951,-0.8124120235443115,-0.1630738824605941
intfloat/multilingual-e5-large,zh,23,mean_pool,0.208187460899353,-0.217610090970993,-0.8589092493057251,-0.2617063820362091
intfloat/multilingual-e5-large,zh,24,mean_pool,0.1092618852853775,-0.5129849910736084,-0.8113850951194763,-0.561938464641571
intfloat/multilingual-e5-large,zh,25,mean_pool,0.2804143130779266,-0.1166133433580398,-0.8319708704948425,-0.1477012485265731
intfloat/multilingual-e5-large,zh,26,mean_pool,0.2591001391410827,-0.0356171503663063,-0.8115188479423523,-0.2580908238887787
intfloat/multilingual-e5-large,zh,27,mean_pool,0.1357383579015731,-0.3059308528900146,-0.7670354843139648,-0.4064808487892151
intfloat/multilingual-e5-large,zh,28,mean_pool,0.1835255622863769,-0.2936350107192993,-0.8972267508506775,-0.4156914949417114
intfloat/multilingual-e5-large,zh,29,mean_pool,0.2427828460931778,-0.0872612074017524,-0.841622531414032,-0.1330748796463012
intfloat/multilingual-e5-large,zh,30,mean_pool,0.1394383907318115,-0.2938702404499054,-0.8263144493103027,-0.3717819154262543
intfloat/multilingual-e5-large,zh,31,mean_pool,0.1753302216529846,-0.2323619276285171,-0.8722764849662781,-0.4723730683326721
intfloat/multilingual-e5-large,zh,32,mean_pool,0.1179549023509025,-0.3229714930057525,-0.8232546448707581,-0.4129346013069153
intfloat/multilingual-e5-large,zh,33,mean_pool,0.1976454854011535,-0.1163785606622695,-0.7590793967247009,-0.2700883746147156
intfloat/multilingual-e5-large,zh,34,mean_pool,0.2174929231405258,-0.2281521111726761,-0.8115938305854797,-0.2082415372133255
intfloat/multilingual-e5-large,zh,35,mean_pool,0.1701348572969436,-0.1538916826248169,-0.7319534420967102,-0.2788356840610504
intfloat/multilingual-e5-large,zh,36,mean_pool,0.1551961153745651,-0.1853683590888977,-0.8139320015907288,-0.2796880900859833
intfloat/multilingual-e5-large,zh,37,mean_pool,0.1333278566598892,-0.3029475212097168,-0.8286928534507751,-0.4176666140556335
intfloat/multilingual-e5-large,zh,38,mean_pool,0.15100859105587,-0.1487473994493484,-0.7315406799316406,-0.2562099397182464
intfloat/multilingual-e5-large,zh,39,mean_pool,0.2074530869722366,-0.0970408394932746,-0.8163208961486816,-0.0734053328633308
intfloat/multilingual-e5-large,zh,40,mean_pool,0.1734073907136917,-0.0338207148015499,-0.7556719779968262,-0.1181457489728927
intfloat/multilingual-e5-large,zh,41,mean_pool,0.2314050197601318,-0.0161438081413507,-0.8745806217193604,-0.2039022892713546
intfloat/multilingual-e5-large,zh,42,mean_pool,0.2193407863378524,-0.2395523786544799,-0.8811513185501099,-0.3202835023403168
intfloat/multilingual-e5-large,zh,43,mean_pool,0.221551164984703,-0.1317276209592819,-0.7581217885017395,-0.1340604424476623
intfloat/multilingual-e5-large,zh,44,mean_pool,0.13499516248703,-0.3352079391479492,-0.8430455923080444,-0.3378473818302154
intfloat/multilingual-e5-large,zh,45,mean_pool,0.1697316318750381,-0.1735022664070129,-0.7848460078239441,-0.1856444478034973
intfloat/multilingual-e5-large,zh,46,mean_pool,0.159448817372322,-0.3037181496620178,-0.8345900774002075,-0.3404204249382019
intfloat/multilingual-e5-large,zh,47,mean_pool,0.1535339057445526,-0.2628000974655151,-0.7999916672706604,-0.3375808596611023
intfloat/multilingual-e5-large,zh,48,mean_pool,0.1378120481967926,-0.1396097689867019,-0.7717106938362122,-0.2545180916786194
intfloat/multilingual-e5-large,zh,49,mean_pool,0.1892034709453582,-0.2526010274887085,-0.8224684000015259,-0.3065746128559112
intfloat/multilingual-e5-large,zh,50,mean_pool,0.1663105636835098,-0.2271684110164642,-0.7667263150215149,-0.2090276479721069
intfloat/multilingual-e5-large,zh,51,mean_pool,0.2232074290513992,-0.0442455224692821,-0.7985436916351318,-0.2258539050817489
intfloat/multilingual-e5-large,zh,52,mean_pool,0.1836678236722946,-0.3288598656654358,-0.8571665287017822,-0.3530532419681549
intfloat/multilingual-e5-large,zh,53,mean_pool,0.1871988326311111,-0.084431380033493,-0.8249140381813049,-0.0966595932841301
intfloat/multilingual-e5-large,zh,54,mean_pool,0.2099333852529525,-0.2814210653305053,-0.8542730212211609,-0.2306685596704483
intfloat/multilingual-e5-large,zh,55,mean_pool,0.2209650427103042,-0.1140264645218849,-0.8490661978721619,-0.2534100711345672
intfloat/multilingual-e5-large,zh,56,mean_pool,0.2343659102916717,-0.1183601692318916,-0.825516939163208,-0.1025100573897361
intfloat/multilingual-e5-large,zh,57,mean_pool,0.1769638955593109,-0.1735967993736267,-0.8068158030509949,-0.1901303380727768
intfloat/multilingual-e5-large,zh,58,mean_pool,0.2169701755046844,-0.1489836424589157,-0.8000041246414185,-0.2229006290435791
intfloat/multilingual-e5-large,zh,59,mean_pool,0.1518209874629974,-0.2328903377056121,-0.7430497407913208,-0.3162353336811065
intfloat/multilingual-e5-large,zh,60,mean_pool,0.1692464798688888,-0.2248052209615707,-0.8532612919807434,-0.3686968684196472
intfloat/multilingual-e5-large,zh,61,mean_pool,0.2568523585796356,-0.1348598003387451,-0.8775763511657715,-0.1974698007106781
intfloat/multilingual-e5-large,zh,62,mean_pool,0.1400281637907028,-0.3292762339115143,-0.8409572839736938,-0.4121632575988769
intfloat/multilingual-e5-large,zh,63,mean_pool,0.1271943598985672,-0.2727599442005157,-0.8081322908401489,-0.3697018623352051
intfloat/multilingual-e5-large,zh,64,mean_pool,0.1821909993886947,-0.1544152498245239,-0.7622578144073486,-0.1820984780788421
intfloat/multilingual-e5-large,zh,65,mean_pool,0.2537404298782348,-0.1001814901828765,-0.7761222720146179,-0.2057709544897079
intfloat/multilingual-e5-large,zh,66,mean_pool,0.1938043385744094,-0.1729638576507568,-0.7430802583694458,-0.1015703305602073
intfloat/multilingual-e5-large,zh,67,mean_pool,0.260107547044754,-0.1446550488471985,-0.8355855345726013,-0.2614428699016571
intfloat/multilingual-e5-large,zh,68,mean_pool,0.1979918926954269,-0.109486773610115,-0.8108516335487366,-0.2529643177986145
intfloat/multilingual-e5-large,zh,69,mean_pool,0.1282060444355011,-0.314938336610794,-0.835821270942688,-0.359112799167633
intfloat/multilingual-e5-large,zh,70,mean_pool,0.1861385852098465,-0.1656285375356674,-0.8187147378921509,-0.2711472511291504
intfloat/multilingual-e5-large,zh,71,mean_pool,0.1232039704918861,-0.3674913048744201,-0.8577538132667542,-0.4911999702453613
intfloat/multilingual-e5-large,zh,72,mean_pool,0.2187913805246353,-0.2589016258716583,-0.8642929792404175,-0.2906686961650848
intfloat/multilingual-e5-large,zh,73,mean_pool,0.1371134668588638,-0.1513097286224365,-0.7823764681816101,-0.181225374341011
intfloat/multilingual-e5-large,zh,74,mean_pool,0.1601825803518295,-0.3567000329494476,-0.7740802764892578,-0.3814350068569183
intfloat/multilingual-e5-large,zh,75,mean_pool,0.1272120028734207,-0.4262555539608001,-0.8384467363357544,-0.4993314146995544
intfloat/multilingual-e5-large,zh,76,mean_pool,0.1853847056627273,-0.1069374680519104,-0.8007530570030212,-0.2593649327754974
intfloat/multilingual-e5-large,zh,77,mean_pool,0.1869411915540695,-0.191691517829895,-0.8267638683319092,-0.2703031003475189
intfloat/multilingual-e5-large,zh,78,mean_pool,0.1914168447256088,-0.2218910455703735,-0.8392034769058228,-0.3723540604114532
intfloat/multilingual-e5-large,zh,79,mean_pool,0.1535780727863311,-0.2793309092521667,-0.8332884907722473,-0.3643212616443634
intfloat/multilingual-e5-large,zh,80,mean_pool,0.2609595656394958,-0.1130089983344078,-0.7114160060882568,-0.2736865282058716
intfloat/multilingual-e5-large,zh,81,mean_pool,0.1679511368274688,-0.3510857224464416,-0.7853071093559265,-0.4418718814849853
intfloat/multilingual-e5-large,zh,82,mean_pool,0.2044828087091446,-0.1841375976800918,-0.824993371963501,-0.2469354271888733
intfloat/multilingual-e5-large,zh,83,mean_pool,0.2271764427423477,-0.1245069354772567,-0.8056892156600952,-0.0787047147750854
intfloat/multilingual-e5-large,zh,84,mean_pool,0.2058040052652359,-0.0455229580402374,-0.7630086541175842,-0.1828458309173584
intfloat/multilingual-e5-large,zh,85,mean_pool,0.1258155405521392,-0.3364137411117553,-0.7842404246330261,-0.442305326461792
intfloat/multilingual-e5-large,zh,86,mean_pool,0.1650787889957428,-0.294021874666214,-0.8522522449493408,-0.2886443138122558
intfloat/multilingual-e5-large,zh,87,mean_pool,0.1758462786674499,-0.3291190266609192,-0.8747773766517639,-0.3307632207870483
intfloat/multilingual-e5-large,zh,88,mean_pool,0.1804073601961136,-0.1812721192836761,-0.8087722063064575,-0.4266170263290405
intfloat/multilingual-e5-large,zh,89,mean_pool,0.2223784476518631,-0.131383791565895,-0.8332284092903137,-0.0921329483389854
intfloat/multilingual-e5-large,zh,90,mean_pool,0.2313218563795089,-0.285984456539154,-0.8696608543395996,-0.2545315623283386
intfloat/multilingual-e5-large,zh,91,mean_pool,0.249912679195404,-0.0567826777696609,-0.840651273727417,-0.1223399266600608
intfloat/multilingual-e5-large,zh,92,mean_pool,0.1624810248613357,-0.3125653862953186,-0.825758695602417,-0.3159860968589782
intfloat/multilingual-e5-large,zh,93,mean_pool,0.2080695778131485,-0.1290404796600341,-0.794198751449585,-0.1705735027790069
intfloat/multilingual-e5-large,zh,94,mean_pool,0.221507579088211,-0.1470247209072113,-0.767498791217804,-0.2044463157653808
intfloat/multilingual-e5-large,zh,95,mean_pool,0.1228467598557472,-0.3503281474113464,-0.8744609355926514,-0.3715278208255768
intfloat/multilingual-e5-large,zh,96,mean_pool,0.2180717140436172,-0.3173969984054565,-0.8762872815132141,-0.273167610168457
intfloat/multilingual-e5-large,zh,97,mean_pool,0.147795021533966,-0.1420595347881317,-0.8085506558418274,-0.2683569192886352
intfloat/multilingual-e5-large,zh,98,mean_pool,0.2059829980134964,-0.260702908039093,-0.8231367468833923,-0.2615461945533752
intfloat/multilingual-e5-large,zh,99,mean_pool,0.1899992227554321,-0.1666732877492904,-0.7520806193351746,-0.4466219544410705
intfloat/multilingual-e5-large,zh,100,mean_pool,0.1968586444854736,-0.1919043660163879,-0.8235332369804382,-0.246718481183052
intfloat/multilingual-e5-large,zh,101,mean_pool,0.1595416069030761,-0.1727918833494186,-0.7937273979187012,-0.2585218548774719
intfloat/multilingual-e5-large,zh,102,mean_pool,0.0972939506173133,-0.2325418889522552,-0.8276031017303467,-0.4093818068504333
intfloat/multilingual-e5-large,zh,103,mean_pool,0.1880286782979965,-0.0080635277554392,-0.8356049656867981,-0.3035937249660492
intfloat/multilingual-e5-large,zh,104,mean_pool,0.1884911358356475,-0.1302726715803146,-0.8043432831764221,-0.262080430984497
intfloat/multilingual-e5-large,zh,105,mean_pool,0.2313673049211502,-0.1792021095752716,-0.9071695804595948,-0.2764727771282196
intfloat/multilingual-e5-large,zh,106,mean_pool,0.1497571915388107,-0.2661657631397247,-0.7640817165374756,-0.2849505543708801
intfloat/multilingual-e5-large,zh,107,mean_pool,0.1700044423341751,-0.263453722000122,-0.727474570274353,-0.2703902423381805
intfloat/multilingual-e5-large,zh,108,mean_pool,0.1448543518781662,-0.3148176968097687,-0.6941080093383789,-0.2384973168373108
intfloat/multilingual-e5-large,zh,109,mean_pool,0.2009240388870239,-0.2717171311378479,-0.8627386689186096,-0.3336305916309356
intfloat/multilingual-e5-large,zh,110,mean_pool,0.1879463791847229,-0.2559558749198913,-0.8621498942375183,-0.2717167735099792
intfloat/multilingual-e5-large,zh,111,mean_pool,0.131283238530159,-0.3208556175231933,-0.8613012433052063,-0.4987984299659729
intfloat/multilingual-e5-large,zh,112,mean_pool,0.2072084099054336,-0.1883333474397659,-0.8797275424003601,-0.2751733362674713
intfloat/multilingual-e5-large,zh,113,mean_pool,0.1151347458362579,-0.1794650703668594,-0.7499890327453613,-0.2917473614215851
intfloat/multilingual-e5-large,zh,114,mean_pool,0.1421411484479904,-0.3648891746997833,-0.7903192043304443,-0.4967570900917053
intfloat/multilingual-e5-large,zh,115,mean_pool,0.1951329112052917,-0.1664827913045883,-0.8257731795310974,-0.2396914064884185
intfloat/multilingual-e5-large,zh,116,mean_pool,0.1677385866641998,-0.1398477852344513,-0.7944963574409485,-0.3166261315345764
intfloat/multilingual-e5-large,zh,117,mean_pool,0.1629228591918945,-0.3503319025039673,-0.8373304009437561,-0.42543426156044
intfloat/multilingual-e5-large,zh,118,mean_pool,0.1568145006895065,-0.2963398396968841,-0.8592466115951538,-0.3702564537525177
intfloat/multilingual-e5-large,zh,119,mean_pool,0.227846011519432,-0.1731807142496109,-0.8408719301223755,-0.2027957588434219
intfloat/multilingual-e5-large,zh,120,mean_pool,0.2469708174467086,-0.1678548455238342,-0.87376868724823,-0.1104201674461364
intfloat/multilingual-e5-large,zh,121,mean_pool,0.204076737165451,-0.0346376337110996,-0.8605383038520813,-0.4075354933738708
intfloat/multilingual-e5-large,zh,122,mean_pool,0.2346697300672531,-0.2134807556867599,-0.8589032888412476,-0.2664268910884857
intfloat/multilingual-e5-large,zh,123,mean_pool,0.1329106837511062,-0.3341673612594604,-0.7216677665710449,-0.3485462963581085
intfloat/multilingual-e5-large,zh,124,mean_pool,0.1679606139659881,-0.2236976623535156,-0.8613258600234985,-0.2348416000604629
intfloat/multilingual-e5-large,zh,125,mean_pool,0.1344590336084365,-0.2591985464096069,-0.8764484524726868,-0.3954797983169555
intfloat/multilingual-e5-large,zh,126,mean_pool,0.1765101701021194,-0.3783879578113556,-0.871246337890625,-0.4149528443813324
intfloat/multilingual-e5-large,zh,127,mean_pool,0.1472817212343216,-0.2653267085552215,-0.8222073912620544,-0.3850482702255249
intfloat/multilingual-e5-large,zh,128,mean_pool,0.2415020316839218,-0.1417888104915619,-0.808377742767334,-0.1881605386734008
intfloat/multilingual-e5-large,zh,129,mean_pool,0.1094877421855926,-0.4562691152095794,-0.833331823348999,-0.4818962514400482
intfloat/multilingual-e5-large,zh,130,mean_pool,0.1645837426185608,-0.1360600590705871,-0.8334603309631348,-0.3302108943462372
intfloat/multilingual-e5-large,zh,131,mean_pool,0.1869874000549316,-0.3230729103088379,-0.8230560421943665,-0.3444846272468567
intfloat/multilingual-e5-large,zh,132,mean_pool,0.1576199978590011,-0.273706316947937,-0.7342094779014587,-0.4120149612426758
intfloat/multilingual-e5-large,zh,133,mean_pool,0.203270673751831,-0.1746823191642761,-0.7834299802780151,-0.1543837338685989
intfloat/multilingual-e5-large,zh,134,mean_pool,0.1609456241130828,-0.2204402685165405,-0.8652760982513428,-0.5194242000579834
intfloat/multilingual-e5-large,zh,135,mean_pool,0.1614305227994918,-0.193908005952835,-0.7518861889839172,-0.2196061909198761
intfloat/multilingual-e5-large,zh,136,mean_pool,0.2287577986717224,-0.1642666012048721,-0.8092247843742371,-0.1787709891796112
intfloat/multilingual-e5-large,zh,137,mean_pool,0.1455394178628921,-0.2211836874485016,-0.7761921286582947,-0.2479794025421142
intfloat/multilingual-e5-large,zh,138,mean_pool,0.2393998503684997,-0.1467954367399215,-0.8507921099662781,-0.1506441682577133
intfloat/multilingual-e5-large,zh,139,mean_pool,0.1798589527606964,-0.2676467001438141,-0.8754372000694275,-0.4685075283050537
intfloat/multilingual-e5-large,zh,140,mean_pool,0.1315730810165405,-0.2017161399126052,-0.7671975493431091,-0.2009721994400024
intfloat/multilingual-e5-large,zh,141,mean_pool,0.2207965552806854,-0.3095283210277557,-0.8599210381507874,-0.3083354234695434
intfloat/multilingual-e5-large,zh,142,mean_pool,0.2037709653377533,-0.2697101235389709,-0.7875660061836243,-0.2409891039133072
intfloat/multilingual-e5-large,zh,143,mean_pool,0.2115137130022049,-0.1694653034210205,-0.8744102716445923,-0.2015165984630584
intfloat/multilingual-e5-large,zh,144,mean_pool,0.1771436929702758,-0.310341328382492,-0.7495356798171997,-0.343164324760437
intfloat/multilingual-e5-large,zh,145,mean_pool,0.1280763298273086,-0.2862820625305176,-0.8489609956741333,-0.3575958907604217
intfloat/multilingual-e5-large,zh,146,mean_pool,0.1703421920537948,-0.2103532403707504,-0.7368638515472412,-0.228848323225975
intfloat/multilingual-e5-large,zh,147,mean_pool,0.1414012163877487,-0.2893634438514709,-0.8346161842346191,-0.3458664417266845
intfloat/multilingual-e5-large,zh,148,mean_pool,0.0984428375959396,-0.3581433296203613,-0.7590936422348022,-0.558958113193512
intfloat/multilingual-e5-large,zh,149,mean_pool,0.1687504649162292,-0.3744391798973083,-0.8693869709968567,-0.4168645441532135
intfloat/multilingual-e5-large,zh,150,mean_pool,0.1358948200941085,-0.2303339540958404,-0.8385695815086365,-0.2074827402830124
intfloat/multilingual-e5-large,zh,151,mean_pool,0.1201313510537147,-0.4569681584835052,-0.7108641266822815,-0.3675491511821747
intfloat/multilingual-e5-large,zh,152,mean_pool,0.1398193389177322,-0.4060575366020202,-0.8542418479919434,-0.378950297832489
intfloat/multilingual-e5-large,zh,153,mean_pool,0.1597711592912674,-0.2588592767715454,-0.8516443371772766,-0.4580981135368347
intfloat/multilingual-e5-large,zh,154,mean_pool,0.1414707899093628,-0.1966648250818252,-0.8275132179260254,-0.3379339873790741
intfloat/multilingual-e5-large,zh,155,mean_pool,0.1462615430355072,-0.1152706295251846,-0.7730655670166016,-0.2879724502563476
intfloat/multilingual-e5-large,zh,156,mean_pool,0.1357820779085159,-0.194951519370079,-0.7872658967971802,-0.37700155377388
intfloat/multilingual-e5-large,zh,157,mean_pool,0.1836037635803222,-0.1622243225574493,-0.8695019483566284,-0.2283003628253936
intfloat/multilingual-e5-large,zh,158,mean_pool,0.1713327318429947,-0.1575143337249755,-0.8032764792442322,-0.1613644808530807
intfloat/multilingual-e5-large,zh,159,mean_pool,0.2213960587978363,-0.299368292093277,-0.8155338764190674,-0.3285700976848602
intfloat/multilingual-e5-large,en,0,marker_pool,0.5446406006813049,-0.1168772205710411,-0.4811465740203857,-0.0589180365204811
intfloat/multilingual-e5-large,en,1,marker_pool,0.5032481551170349,-0.0404991582036018,-0.5267991423606873,-0.0896894559264183
intfloat/multilingual-e5-large,en,2,marker_pool,0.4152491092681885,-0.1254646033048629,-0.5326018929481506,0.0565412789583206
intfloat/multilingual-e5-large,en,3,marker_pool,0.53457111120224,-0.102231316268444,-0.5268576145172119,-0.0673433169722557
intfloat/multilingual-e5-large,en,4,marker_pool,0.5137144327163696,-0.0996795743703842,-0.5117207765579224,-0.0966246426105499
intfloat/multilingual-e5-large,en,5,marker_pool,0.5555285215377808,-0.0864600092172622,-0.4828129708766937,-0.0474651828408241
intfloat/multilingual-e5-large,en,6,marker_pool,0.4734537601470947,-0.1156245768070221,-0.5278133749961853,-0.0492225065827369
intfloat/multilingual-e5-large,en,7,marker_pool,0.5238915681838989,-0.0422213971614837,-0.6066350936889648,0.1327420771121978
intfloat/multilingual-e5-large,en,8,marker_pool,0.5024636387825012,-0.0676271691918373,-0.5230006575584412,-0.0292712207883596
intfloat/multilingual-e5-large,en,9,marker_pool,0.551270067691803,-0.0899676084518432,-0.5288500785827637,-0.0700983479619026
intfloat/multilingual-e5-large,en,10,marker_pool,0.5086268782615662,-0.0037130531854927,-0.5450369119644165,-0.0540425516664981
intfloat/multilingual-e5-large,en,11,marker_pool,0.4869048297405243,-0.0339241735637187,-0.5073239207267761,-0.0210937075316905
intfloat/multilingual-e5-large,en,12,marker_pool,0.5424131751060486,-0.0769534036517143,-0.6073224544525146,0.1003164127469062
intfloat/multilingual-e5-large,en,13,marker_pool,0.5373884439468384,-0.0892773047089576,-0.5385011434555054,-0.1084743440151214
intfloat/multilingual-e5-large,en,14,marker_pool,0.5032828450202942,0.1057658120989799,-0.5103630423545837,-0.0829729661345481
intfloat/multilingual-e5-large,en,15,marker_pool,0.4831183850765228,-0.0942492857575416,-0.5284725427627563,0.0891988426446914
intfloat/multilingual-e5-large,en,16,marker_pool,0.54349285364151,-0.1110347136855125,-0.4877761006355285,-0.0317617356777191
intfloat/multilingual-e5-large,en,17,marker_pool,0.5236461758613586,-0.0317595675587654,-0.5312522053718567,-0.0170341692864894
intfloat/multilingual-e5-large,en,18,marker_pool,0.557343065738678,-0.1009657084941864,-0.522000789642334,-0.0586598478257656
intfloat/multilingual-e5-large,en,19,marker_pool,0.5123468637466431,-0.0153133226558566,-0.4565071165561676,0.0360636785626411
intfloat/multilingual-e5-large,en,20,marker_pool,0.5247827768325806,-0.1489125043153762,-0.5480545163154602,-0.0484611354768276
intfloat/multilingual-e5-large,en,21,marker_pool,0.5150907635688782,-0.0812224000692367,-0.4954681396484375,-0.0805704668164253
intfloat/multilingual-e5-large,en,22,marker_pool,0.4689145982265472,-0.0659962892532348,-0.5462355017662048,0.0672044977545738
intfloat/multilingual-e5-large,en,23,marker_pool,0.5314467549324036,-0.1218585222959518,-0.4706480205059051,-0.0518085695803165
intfloat/multilingual-e5-large,en,24,marker_pool,0.4660190045833587,0.0938104540109634,-0.5511026382446289,-0.1219025999307632
intfloat/multilingual-e5-large,en,25,marker_pool,0.5420734882354736,0.015731893479824,-0.5143010020256042,0.0208955351263284
intfloat/multilingual-e5-large,en,26,marker_pool,0.5373905897140503,-0.0826664343476295,-0.5231929421424866,0.0224041063338518
intfloat/multilingual-e5-large,en,27,marker_pool,0.5160910487174988,-0.1157478988170623,-0.5322361588478088,-0.0288117118179798
intfloat/multilingual-e5-large,en,28,marker_pool,0.4905239939689636,-0.0686245858669281,-0.6196634769439697,0.0423928797245025
intfloat/multilingual-e5-large,en,29,marker_pool,0.4672618210315704,0.1167698502540588,-0.5202528834342957,-0.1545899361371994
intfloat/multilingual-e5-large,en,30,marker_pool,0.5677386522293091,-0.088967777788639,-0.5371767282485962,-0.0680570602416992
intfloat/multilingual-e5-large,en,31,marker_pool,0.4890871942043304,-0.0757874846458435,-0.5283839702606201,-0.0910060927271843
intfloat/multilingual-e5-large,en,32,marker_pool,0.5585082769393921,-0.0187126267701387,-0.5618547201156616,-0.0374353714287281
intfloat/multilingual-e5-large,en,33,marker_pool,0.52642422914505,-0.0935393869876861,-0.520504355430603,-0.0608017928898334
intfloat/multilingual-e5-large,en,34,marker_pool,0.4809693396091461,0.0825502872467041,-0.5299170613288879,-0.1372527331113815
intfloat/multilingual-e5-large,en,35,marker_pool,0.5059075355529785,-0.0254427772015333,-0.5862669944763184,-0.0673564225435257
intfloat/multilingual-e5-large,en,36,marker_pool,0.5269170999526978,-0.0060982033610343,-0.5246328115463257,0.0490880496799945
intfloat/multilingual-e5-large,en,37,marker_pool,0.5168628096580505,-0.0637108534574508,-0.5147194862365723,-0.0449245348572731
intfloat/multilingual-e5-large,en,38,marker_pool,0.5333731174468994,-0.016125563532114,-0.5464208722114563,-0.0370376817882061
intfloat/multilingual-e5-large,en,39,marker_pool,0.5297682285308838,-0.0436405315995216,-0.6296645402908325,-0.0182260479778051
intfloat/multilingual-e5-large,en,40,marker_pool,0.5023154020309448,-0.0159964971244335,-0.4576495289802551,-0.0065161827951669
intfloat/multilingual-e5-large,en,41,marker_pool,0.5470093488693237,-0.0355434231460094,-0.5001431107521057,-0.0242628641426563
intfloat/multilingual-e5-large,en,42,marker_pool,0.5631844401359558,-0.0378095731139183,-0.5466607213020325,0.0684696212410926
intfloat/multilingual-e5-large,en,43,marker_pool,0.5322145819664001,-0.0728797763586044,-0.574313759803772,-0.025284806266427
intfloat/multilingual-e5-large,en,44,marker_pool,0.5536708235740662,0.003596382215619,-0.536943256855011,-0.0669876113533973
intfloat/multilingual-e5-large,en,45,marker_pool,0.5006363391876221,-0.1071133986115455,-0.5199394822120667,-0.0090443044900894
intfloat/multilingual-e5-large,en,46,marker_pool,0.530535101890564,-0.0214197989553213,-0.614621102809906,-0.0187500771135091
intfloat/multilingual-e5-large,en,47,marker_pool,0.5082873702049255,-0.0066008209250867,-0.582958996295929,-0.0335691645741462
intfloat/multilingual-e5-large,en,48,marker_pool,0.515495777130127,-0.1507052332162857,-0.5038571953773499,-0.0687765330076217
intfloat/multilingual-e5-large,en,49,marker_pool,0.516908586025238,-0.1072400137782096,-0.5883722901344299,-0.0201808679848909
intfloat/multilingual-e5-large,en,50,marker_pool,0.4558856189250946,-0.1323537081480026,-0.5049273371696472,0.0898865982890129
intfloat/multilingual-e5-large,en,51,marker_pool,0.4800068140029907,-0.0829154476523399,-0.5192070007324219,0.020338661968708
intfloat/multilingual-e5-large,en,52,marker_pool,0.4993934035301208,-0.1847777068614959,-0.539282500743866,-0.022831680253148
intfloat/multilingual-e5-large,en,53,marker_pool,0.4669817090034485,0.0035841634962707,-0.533308744430542,-0.1178850308060646
intfloat/multilingual-e5-large,en,54,marker_pool,0.5311385989189148,-0.0912479534745216,-0.5286241769790649,-0.0437741614878177
intfloat/multilingual-e5-large,en,55,marker_pool,0.5117472410202026,-0.0633594244718551,-0.5321928262710571,-0.0710740089416503
intfloat/multilingual-e5-large,en,56,marker_pool,0.5565356612205505,-0.0715257376432418,-0.4431688785552978,0.0060029840096831
intfloat/multilingual-e5-large,en,57,marker_pool,0.4885546863079071,-0.0891409739851951,-0.5025530457496643,-0.0864003673195838
intfloat/multilingual-e5-large,en,58,marker_pool,0.5367734432220459,-0.0558049343526363,-0.5589985251426697,-0.0301812402904033
intfloat/multilingual-e5-large,en,59,marker_pool,0.4753592610359192,0.0394690409302711,-0.5333917737007141,-0.1054566800594329
intfloat/multilingual-e5-large,en,60,marker_pool,0.5535967350006104,-0.0393923185765743,-0.6982417106628418,0.0601973049342632
intfloat/multilingual-e5-large,en,61,marker_pool,0.5041590332984924,0.0367709845304489,-0.5983008742332458,0.095703125
intfloat/multilingual-e5-large,en,62,marker_pool,0.5148157477378845,-0.0523317046463489,-0.5780808925628662,-0.0299140848219394
intfloat/multilingual-e5-large,en,63,marker_pool,0.5162619948387146,-0.0074292193166911,-0.5815950632095337,-0.0122367450967431
intfloat/multilingual-e5-large,en,64,marker_pool,0.5426885485649109,-0.1186015754938125,-0.5273041129112244,-0.0385285913944244
intfloat/multilingual-e5-large,en,65,marker_pool,0.5209988951683044,-0.0071620685048401,-0.6003838181495667,0.029397252947092
intfloat/multilingual-e5-large,en,66,marker_pool,0.4816770851612091,0.0336429215967655,-0.5477640628814697,-0.023408617824316
intfloat/multilingual-e5-large,en,67,marker_pool,0.4524188637733459,-0.010063350200653,-0.5104418992996216,0.0434447713196277
intfloat/multilingual-e5-large,en,68,marker_pool,0.5376028418540955,-0.0903845876455307,-0.4882271587848663,-0.0376542210578918
intfloat/multilingual-e5-large,en,69,marker_pool,0.5300145149230957,-0.0180971380323171,-0.516408383846283,0.0069475905038416
intfloat/multilingual-e5-large,en,70,marker_pool,0.5339769721031189,0.0222029816359281,-0.6150431632995605,0.1229336932301521
intfloat/multilingual-e5-large,en,71,marker_pool,0.4462005496025085,0.030582770705223,-0.5496624708175659,-0.1253325939178466
intfloat/multilingual-e5-large,en,72,marker_pool,0.5089328289031982,0.0153707945719361,-0.5410842299461365,0.0460280552506446
intfloat/multilingual-e5-large,en,73,marker_pool,0.5130704641342163,-0.1054927855730056,-0.6372958421707153,-0.0383292585611343
intfloat/multilingual-e5-large,en,74,marker_pool,0.5281450152397156,-0.010859022848308,-0.5470520257949829,0.0192327890545129
intfloat/multilingual-e5-large,en,75,marker_pool,0.5524154305458069,-0.1210627704858779,-0.5034967064857483,-0.0398545302450656
intfloat/multilingual-e5-large,en,76,marker_pool,0.5397868752479553,-0.1299917846918106,-0.5702219009399414,0.0552823692560195
intfloat/multilingual-e5-large,en,77,marker_pool,0.5082088708877563,-0.1169791668653488,-0.4853550493717193,-0.0708972513675689
intfloat/multilingual-e5-large,en,78,marker_pool,0.5286242365837097,-0.0784065276384353,-0.4715529680252075,0.0039622061885893
intfloat/multilingual-e5-large,en,79,marker_pool,0.5340255498886108,-0.0851232931017875,-0.5741292834281921,-0.0383194684982299
intfloat/multilingual-e5-large,en,80,marker_pool,0.5424277782440186,-0.0433836430311203,-0.555275022983551,0.0688476338982582
intfloat/multilingual-e5-large,en,81,marker_pool,0.4761848747730255,-0.0797005072236061,-0.4978043138980865,-0.0602242685854435
intfloat/multilingual-e5-large,en,82,marker_pool,0.5370431542396545,-0.0305520687252283,-0.484611302614212,0.0703368112444877
intfloat/multilingual-e5-large,en,83,marker_pool,0.5609014630317688,-0.0510404966771602,-0.5425825119018555,-0.0362628027796745
intfloat/multilingual-e5-large,en,84,marker_pool,0.5560665130615234,-0.0327821671962738,-0.496969610452652,0.0145049029961228
intfloat/multilingual-e5-large,en,85,marker_pool,0.5329293608665466,-0.0744398310780525,-0.5481589436531067,-0.0141282798722386
intfloat/multilingual-e5-large,en,86,marker_pool,0.4676961302757263,-0.0387578569352626,-0.6010353565216064,-0.0232007130980491
intfloat/multilingual-e5-large,en,87,marker_pool,0.5039016008377075,-0.0282363500446081,-0.5897819399833679,0.0373633205890655
intfloat/multilingual-e5-large,en,88,marker_pool,0.5311362147331238,-0.0472189746797084,-0.5370327234268188,-0.0346617959439754
intfloat/multilingual-e5-large,en,89,marker_pool,0.4775205254554748,-0.0228340476751327,-0.5244821906089783,-0.0564256943762302
intfloat/multilingual-e5-large,en,90,marker_pool,0.5142791271209717,-0.0409431643784046,-0.512822151184082,-0.0671598017215728
intfloat/multilingual-e5-large,en,91,marker_pool,0.5238028764724731,-0.1087431386113166,-0.5128995776176453,-0.089875727891922
intfloat/multilingual-e5-large,en,92,marker_pool,0.4624664783477783,0.0163563285022974,-0.5678826570510864,-0.0976822599768638
intfloat/multilingual-e5-large,en,93,marker_pool,0.506934642791748,-0.1568038463592529,-0.4666708111763,-0.0539529472589492
intfloat/multilingual-e5-large,en,94,marker_pool,0.5079512000083923,0.0004599572566803,-0.5602667331695557,0.0931811556220054
intfloat/multilingual-e5-large,en,95,marker_pool,0.5338556170463562,-0.006291682831943,-0.5232589244842529,0.1016213670372963
intfloat/multilingual-e5-large,en,96,marker_pool,0.5360299944877625,-0.0931710228323936,-0.5080307126045227,0.0258563812822103
intfloat/multilingual-e5-large,en,97,marker_pool,0.4842924773693084,0.0345997475087642,-0.5593363642692566,-0.0979957357048988
intfloat/multilingual-e5-large,en,98,marker_pool,0.5247339010238647,-0.1056067496538162,-0.4930508732795715,0.0364832319319248
intfloat/multilingual-e5-large,en,99,marker_pool,0.4911834895610809,-0.0480204746127128,-0.5571625232696533,0.0601534508168697
intfloat/multilingual-e5-large,en,100,marker_pool,0.5400172472000122,-0.0751996934413909,-0.4511860013008117,-0.0070585729554295
intfloat/multilingual-e5-large,en,101,marker_pool,0.5267398357391357,-0.041877195239067,-0.4600755572319031,0.0231193881481885
intfloat/multilingual-e5-large,en,102,marker_pool,0.5276311635971069,-0.1317008882761001,-0.5307859778404236,-0.0248401500284671
intfloat/multilingual-e5-large,en,103,marker_pool,0.5297907590866089,-0.1248372420668602,-0.5736744403839111,0.0942360833287239
intfloat/multilingual-e5-large,en,104,marker_pool,0.5215627551078796,-0.0767141506075859,-0.502385675907135,-0.009462060406804
intfloat/multilingual-e5-large,en,105,marker_pool,0.5176554918289185,-0.0477886721491813,-0.5345677137374878,0.1462285220623016
intfloat/multilingual-e5-large,en,106,marker_pool,0.4734457731246948,0.0992785170674324,-0.5340216159820557,-0.0535100772976875
intfloat/multilingual-e5-large,en,107,marker_pool,0.5250977873802185,-0.074666291475296,-0.5801979303359985,-0.0087378267198801
intfloat/multilingual-e5-large,en,108,marker_pool,0.5371388792991638,-0.0261242184787988,-0.6077644228935242,-0.0114267198368906
intfloat/multilingual-e5-large,en,109,marker_pool,0.4835688173770904,0.0030011695344001,-0.5481137633323669,-0.0287039726972579
intfloat/multilingual-e5-large,en,110,marker_pool,0.4090591371059418,0.090355135500431,-0.54518723487854,-0.1484902501106262
intfloat/multilingual-e5-large,en,111,marker_pool,0.514318585395813,-0.1560431271791458,-0.5717815160751343,0.0979611352086067
intfloat/multilingual-e5-large,en,112,marker_pool,0.505232036113739,-0.0553476363420486,-0.6251667141914368,0.0555117838084697
intfloat/multilingual-e5-large,en,113,marker_pool,0.5484170913696289,-0.0349751487374305,-0.5833691358566284,-0.0283476430922746
intfloat/multilingual-e5-large,en,114,marker_pool,0.5044753551483154,-0.0611283779144287,-0.453569233417511,0.0109478458762168
intfloat/multilingual-e5-large,en,115,marker_pool,0.536347508430481,-0.0360916443169117,-0.4922896325588226,0.0239954199641942
intfloat/multilingual-e5-large,en,116,marker_pool,0.5004914402961731,-0.0480407550930976,-0.5118016600608826,-0.0519338510930538
intfloat/multilingual-e5-large,en,117,marker_pool,0.5105051398277283,-0.0324215181171894,-0.5089287757873535,-0.0613462626934051
intfloat/multilingual-e5-large,en,118,marker_pool,0.5197797417640686,-0.0784140303730964,-0.4676846265792846,-0.0560340508818626
intfloat/multilingual-e5-large,en,119,marker_pool,0.5072087645530701,-0.0596034973859787,-0.5588560104370117,-0.0481614656746387
intfloat/multilingual-e5-large,en,120,marker_pool,0.5723679065704346,-0.0252934079617261,-0.6116123795509338,0.0843970477581024
intfloat/multilingual-e5-large,en,121,marker_pool,0.5449935793876648,-0.0189367569983005,-0.5406408905982971,0.0211754757910966
intfloat/multilingual-e5-large,en,122,marker_pool,0.5109859704971313,-0.0636802241206169,-0.5762905478477478,-0.0374172739684581
intfloat/multilingual-e5-large,en,123,marker_pool,0.4751148223876953,0.0014817605260759,-0.5669851899147034,-0.0271410569548606
intfloat/multilingual-e5-large,en,124,marker_pool,0.5140527486801147,-0.0716274157166481,-0.494076132774353,-0.0513535439968109
intfloat/multilingual-e5-large,en,125,marker_pool,0.4661453664302826,0.0773756131529808,-0.5199239253997803,-0.1668681502342224
intfloat/multilingual-e5-large,en,126,marker_pool,0.4842454493045807,-0.0828235447406768,-0.4687723517417907,-0.0883704125881195
intfloat/multilingual-e5-large,en,127,marker_pool,0.4282770752906799,0.0860303342342376,-0.5171798467636108,-0.1930768340826034
intfloat/multilingual-e5-large,en,128,marker_pool,0.43515744805336,0.0690227672457695,-0.5647261738777161,-0.1482998132705688
intfloat/multilingual-e5-large,en,129,marker_pool,0.5366661548614502,-0.0654725208878517,-0.6006639003753662,0.0071131787262856
intfloat/multilingual-e5-large,en,130,marker_pool,0.4953035116195678,-0.0826930403709411,-0.5656206607818604,-0.0367188416421413
intfloat/multilingual-e5-large,en,131,marker_pool,0.5302016735076904,-0.0286713540554046,-0.5404077768325806,-0.0246371570974588
intfloat/multilingual-e5-large,en,132,marker_pool,0.4793778955936432,-0.0963534414768219,-0.5731878876686096,0.0808600559830665
intfloat/multilingual-e5-large,en,133,marker_pool,0.5051279664039612,-0.0149945458397269,-0.4879094958305359,-0.0231299977749586
intfloat/multilingual-e5-large,en,134,marker_pool,0.4448262155056,-0.1006879955530166,-0.5204725861549377,0.0184703134000301
intfloat/multilingual-e5-large,en,135,marker_pool,0.5255983471870422,-0.1525890678167343,-0.5465853214263916,0.100610926747322
intfloat/multilingual-e5-large,en,136,marker_pool,0.5425654649734497,-0.0307254903018474,-0.4689950048923492,-0.0012502262834459
intfloat/multilingual-e5-large,en,137,marker_pool,0.4656122624874115,0.0295430123805999,-0.5729290843009949,-0.1424333304166793
intfloat/multilingual-e5-large,en,138,marker_pool,0.4652391672134399,-0.0846805721521377,-0.5447521209716797,0.0294774137437343
intfloat/multilingual-e5-large,en,139,marker_pool,0.519621729850769,-0.0470686107873916,-0.5930683612823486,0.0170363392680883
intfloat/multilingual-e5-large,en,140,marker_pool,0.4638494849205017,-0.0731566622853279,-0.6219297051429749,-0.007740216795355
intfloat/multilingual-e5-large,en,141,marker_pool,0.4765364825725555,0.0108249150216579,-0.5506395101547241,-0.1190095394849777
intfloat/multilingual-e5-large,en,142,marker_pool,0.4696455895900726,0.0753654465079307,-0.5277048349380493,-0.1205727532505989
intfloat/multilingual-e5-large,en,143,marker_pool,0.547251284122467,0.0249085519462823,-0.6036674380302429,-0.0509251207113266
intfloat/multilingual-e5-large,en,144,marker_pool,0.5089154839515686,-0.0503853745758533,-0.446829617023468,-0.0306012853980064
intfloat/multilingual-e5-large,en,145,marker_pool,0.4992325901985168,-0.0705273672938346,-0.5688764452934265,-0.0634548068046569
intfloat/multilingual-e5-large,en,146,marker_pool,0.5296394228935242,-0.0795219615101814,-0.4669152796268463,0.0277052763849496
intfloat/multilingual-e5-large,en,147,marker_pool,0.5045833587646484,-0.0264185555279254,-0.5002321004867554,0.0883220061659812
intfloat/multilingual-e5-large,en,148,marker_pool,0.5229005813598633,-0.0889286175370216,-0.5448678135871887,0.0320966877043247
intfloat/multilingual-e5-large,en,149,marker_pool,0.5211114883422852,-0.1003213599324226,-0.4970250129699707,-0.0391805544495582
intfloat/multilingual-e5-large,en,150,marker_pool,0.5715054869651794,-0.1095171570777893,-0.5228245258331299,-0.062080193310976
intfloat/multilingual-e5-large,en,151,marker_pool,0.533100426197052,-0.0161528009921312,-0.5858724117279053,0.1470018327236175
intfloat/multilingual-e5-large,en,152,marker_pool,0.5080050230026245,-0.0097732953727245,-0.5277742743492126,0.0105511685833334
intfloat/multilingual-e5-large,en,153,marker_pool,0.5223340392112732,-0.0854557305574417,-0.5743415355682373,-0.0480960123240947
intfloat/multilingual-e5-large,en,154,marker_pool,0.5203384757041931,-0.1317658871412277,-0.5537245869636536,0.112874612212181
intfloat/multilingual-e5-large,en,155,marker_pool,0.5293813347816467,0.0128427036106586,-0.5281617641448975,0.0474630482494831
intfloat/multilingual-e5-large,en,156,marker_pool,0.5360710024833679,-0.0766329765319824,-0.5126259326934814,0.0547455064952373
intfloat/multilingual-e5-large,en,157,marker_pool,0.4640341401100158,0.0971121788024902,-0.5244981646537781,-0.0814769715070724
intfloat/multilingual-e5-large,en,158,marker_pool,0.5076617002487183,-0.0688547417521476,-0.5029223561286926,-0.0501263961195945
intfloat/multilingual-e5-large,en,159,marker_pool,0.5108354687690735,-0.12283356487751,-0.5724895000457764,0.1206879764795303
intfloat/multilingual-e5-large,ru,0,marker_pool,0.2001280933618545,-0.2488079369068145,-0.4625523090362549,-0.5611450672149658
intfloat/multilingual-e5-large,ru,1,marker_pool,0.0562979914247989,-0.0197190344333648,-0.5096097588539124,-0.4327118992805481
intfloat/multilingual-e5-large,ru,2,marker_pool,0.239588662981987,-0.1310050040483474,-0.5152336359024048,-0.4492340683937073
intfloat/multilingual-e5-large,ru,3,marker_pool,0.0537322163581848,-0.1173692494630813,-0.5233400464057922,-0.277225524187088
intfloat/multilingual-e5-large,ru,4,marker_pool,0.099624790251255,0.0116993281990289,-0.4101581871509552,-0.4696840941905975
intfloat/multilingual-e5-large,ru,5,marker_pool,0.0516625829041004,0.0531363859772682,-0.4398311376571655,-0.3848022818565368
intfloat/multilingual-e5-large,ru,6,marker_pool,0.1714202910661697,0.0637291371822357,-0.4391770362854004,-0.5564051270484924
intfloat/multilingual-e5-large,ru,7,marker_pool,0.0749632567167282,-0.1358202397823333,-0.4433326721191406,-0.4902463555335998
intfloat/multilingual-e5-large,ru,8,marker_pool,0.0664245188236236,-0.096990942955017,-0.5230618119239807,-0.4253921806812286
intfloat/multilingual-e5-large,ru,9,marker_pool,0.0599045045673847,0.0159391406923532,-0.4958697855472564,-0.3760944902896881
intfloat/multilingual-e5-large,ru,10,marker_pool,0.1012783348560333,-0.2304711043834686,-0.4621303379535675,-0.3658942282199859
intfloat/multilingual-e5-large,ru,11,marker_pool,0.1512509137392044,-0.093679241836071,-0.5485844016075134,-0.5057486295700073
intfloat/multilingual-e5-large,ru,12,marker_pool,0.0962896794080734,-0.054164070636034,-0.4340307712554931,-0.4922828078269958
intfloat/multilingual-e5-large,ru,13,marker_pool,0.1463518291711807,0.0845637023448944,-0.4156104326248169,-0.5384321212768555
intfloat/multilingual-e5-large,ru,14,marker_pool,0.0675764754414558,0.0014822570374235,-0.429811954498291,-0.4144202470779419
intfloat/multilingual-e5-large,ru,15,marker_pool,0.2299216389656067,-0.1190036758780479,-0.4238070547580719,-0.4988756775856018
intfloat/multilingual-e5-large,ru,16,marker_pool,0.2511228024959564,-0.1779343336820602,-0.438839852809906,-0.4393998682498932
intfloat/multilingual-e5-large,ru,17,marker_pool,0.1143359765410423,-0.1697316616773605,-0.5426636338233948,-0.4224470853805542
intfloat/multilingual-e5-large,ru,18,marker_pool,0.0621303655207157,-0.1252352595329284,-0.5165845155715942,-0.3408801257610321
intfloat/multilingual-e5-large,ru,19,marker_pool,0.1069611087441444,0.0882368460297584,-0.4349970817565918,-0.4028080403804779
intfloat/multilingual-e5-large,ru,20,marker_pool,0.1964820474386215,-0.1764494180679321,-0.567424476146698,-0.5551368594169617
intfloat/multilingual-e5-large,ru,21,marker_pool,0.110795758664608,-0.0800662711262703,-0.5090093612670898,-0.4746101200580597
intfloat/multilingual-e5-large,ru,22,marker_pool,0.0798759683966636,0.1138411238789558,-0.462472915649414,-0.3136170208454132
intfloat/multilingual-e5-large,ru,23,marker_pool,0.1487920731306076,-0.0145350499078631,-0.4538381099700928,-0.5489363074302673
intfloat/multilingual-e5-large,ru,24,marker_pool,0.1638398468494415,-0.1008578762412071,-0.4510746002197265,-0.3763072192668915
intfloat/multilingual-e5-large,ru,25,marker_pool,0.3655677437782287,-0.1387563198804855,-0.5492367148399353,-0.3669169247150421
intfloat/multilingual-e5-large,ru,26,marker_pool,0.0552207231521606,0.0670484006404876,-0.3670932650566101,-0.4636217355728149
intfloat/multilingual-e5-large,ru,27,marker_pool,0.0253924783319234,0.0270808432251214,-0.4146517217159271,-0.3964725434780121
intfloat/multilingual-e5-large,ru,28,marker_pool,0.2212941348552703,-0.2409340739250183,-0.5072141289710999,-0.4598742723464966
intfloat/multilingual-e5-large,ru,29,marker_pool,0.1648295819759369,-0.1928950697183609,-0.4674786329269409,-0.3341977000236511
intfloat/multilingual-e5-large,ru,30,marker_pool,0.1100186854600906,0.0746662989258766,-0.4273672103881836,-0.4708333313465118
intfloat/multilingual-e5-large,ru,31,marker_pool,0.1922523081302642,-0.0574609600007534,-0.5013603568077087,-0.475502461194992
intfloat/multilingual-e5-large,ru,32,marker_pool,0.082682579755783,-0.0272067878395319,-0.5339118838310242,-0.4029554724693298
intfloat/multilingual-e5-large,ru,33,marker_pool,0.0748944878578186,-0.0958374068140983,-0.5536888837814331,-0.4748797118663788
intfloat/multilingual-e5-large,ru,34,marker_pool,0.1885955929756164,-0.2329400181770324,-0.525216817855835,-0.4885435700416565
intfloat/multilingual-e5-large,ru,35,marker_pool,0.0653451085090637,-0.0185295734554529,-0.561656653881073,-0.4174855947494507
intfloat/multilingual-e5-large,ru,36,marker_pool,0.0943323671817779,0.0173721741884946,-0.3983811140060425,-0.4757113754749298
intfloat/multilingual-e5-large,ru,37,marker_pool,0.1052296608686447,-0.1275045573711395,-0.4824562966823578,-0.4189804494380951
intfloat/multilingual-e5-large,ru,38,marker_pool,0.0390687212347984,-0.0771622359752655,-0.5019428133964539,-0.3896041512489319
intfloat/multilingual-e5-large,ru,39,marker_pool,0.1843890249729156,-0.1289543062448501,-0.50140380859375,-0.5702890753746033
intfloat/multilingual-e5-large,ru,40,marker_pool,0.2167499214410781,-0.2800202667713165,-0.4650192260742187,-0.5867369771003723
intfloat/multilingual-e5-large,ru,41,marker_pool,0.0884714797139167,-0.0081186266615986,-0.4473381340503692,-0.4091933667659759
intfloat/multilingual-e5-large,ru,42,marker_pool,0.0896423086524009,0.0466261468827724,-0.455092191696167,-0.5037635564804077
intfloat/multilingual-e5-large,ru,43,marker_pool,0.0963636711239814,0.001500757294707,-0.4349353313446045,-0.451554924249649
intfloat/multilingual-e5-large,ru,44,marker_pool,0.0343883335590362,-0.0122525840997695,-0.4133267700672149,-0.4070383310317993
intfloat/multilingual-e5-large,ru,45,marker_pool,0.2379931509494781,-0.1890277117490768,-0.4627794921398163,-0.5060910582542419
intfloat/multilingual-e5-large,ru,46,marker_pool,0.213931992650032,-0.1906845420598983,-0.4948940277099609,-0.5017152428627014
intfloat/multilingual-e5-large,ru,47,marker_pool,0.0478296801447868,-0.0182110574096441,-0.3649877607822418,-0.4403261542320251
intfloat/multilingual-e5-large,ru,48,marker_pool,0.1039818599820137,-0.0138854151591658,-0.4287716448307037,-0.3721223771572113
intfloat/multilingual-e5-large,ru,49,marker_pool,0.1606315523386001,-0.0114617710933089,-0.4296931326389313,-0.3320738971233368
intfloat/multilingual-e5-large,ru,50,marker_pool,0.0632582306861877,0.0114403935149312,-0.3971425294876098,-0.4005056619644165
intfloat/multilingual-e5-large,ru,51,marker_pool,0.1136310771107673,-0.1257250607013702,-0.3834309875965118,-0.4467145204544067
intfloat/multilingual-e5-large,ru,52,marker_pool,0.0786750242114067,-0.0634161680936813,-0.4440265893936157,-0.4723802804946899
intfloat/multilingual-e5-large,ru,53,marker_pool,0.0390277095139026,-0.0305819120258092,-0.4327549040317535,-0.3511634171009063
intfloat/multilingual-e5-large,ru,54,marker_pool,0.1483388543128967,-0.0205779150128364,-0.4141946732997894,-0.3552956283092499
intfloat/multilingual-e5-large,ru,55,marker_pool,0.081832006573677,0.0239951498806476,-0.4371950030326843,-0.4319483041763305
intfloat/multilingual-e5-large,ru,56,marker_pool,0.1016393974423408,0.0626910775899887,-0.4080786406993866,-0.4023171067237854
intfloat/multilingual-e5-large,ru,57,marker_pool,0.0869168639183044,0.0598336122930049,-0.4247809052467346,-0.3725199997425079
intfloat/multilingual-e5-large,ru,58,marker_pool,0.1136674061417579,-0.1017129346728324,-0.4920622706413269,-0.5018066167831421
intfloat/multilingual-e5-large,ru,59,marker_pool,0.0258547142148017,0.0331727154552936,-0.4471121430397033,-0.4573957026004791
intfloat/multilingual-e5-large,ru,60,marker_pool,0.0529086142778396,-0.0409572087228298,-0.3606351017951965,-0.4780293703079223
intfloat/multilingual-e5-large,ru,61,marker_pool,0.1491332203149795,-0.0712149143218994,-0.4575763046741485,-0.4111915826797485
intfloat/multilingual-e5-large,ru,62,marker_pool,0.0594644695520401,0.01570232398808,-0.4256859123706817,-0.4448936581611633
intfloat/multilingual-e5-large,ru,63,marker_pool,0.0704301819205284,-0.0190893895924091,-0.3931677937507629,-0.4860160052776336
intfloat/multilingual-e5-large,ru,64,marker_pool,0.0410762019455432,0.0101904589682817,-0.5104067921638489,-0.3838182985782623
intfloat/multilingual-e5-large,ru,65,marker_pool,0.0489726439118385,-0.0636320784687995,-0.519018292427063,-0.4005317687988281
intfloat/multilingual-e5-large,ru,66,marker_pool,0.0473441034555435,-0.0918299704790115,-0.4932699501514435,-0.3888700902462005
intfloat/multilingual-e5-large,ru,67,marker_pool,0.0458474829792976,-0.1112897992134094,-0.5252395272254944,-0.3793631494045257
intfloat/multilingual-e5-large,ru,68,marker_pool,0.1062668561935424,-0.1178763881325721,-0.5282869338989258,-0.3976036608219147
intfloat/multilingual-e5-large,ru,69,marker_pool,0.0453317798674106,-0.0399027206003665,-0.4490551054477691,-0.4234334528446197
intfloat/multilingual-e5-large,ru,70,marker_pool,0.1344159096479416,-0.1444370001554489,-0.5553117990493774,-0.2614072561264038
intfloat/multilingual-e5-large,ru,71,marker_pool,0.0867381915450096,-0.0227817464619874,-0.4211772382259369,-0.4728505909442901
intfloat/multilingual-e5-large,ru,72,marker_pool,0.2012947052717209,-0.0281945876777172,-0.4591952264308929,-0.4383481740951538
intfloat/multilingual-e5-large,ru,73,marker_pool,0.1308370381593704,-0.0808348059654235,-0.3839464485645294,-0.499028205871582
intfloat/multilingual-e5-large,ru,74,marker_pool,0.1819175779819488,-0.1962896436452865,-0.559451699256897,-0.4219022393226623
intfloat/multilingual-e5-large,ru,75,marker_pool,0.2337070554494857,-0.2121716290712356,-0.4504701793193817,-0.4919152557849884
intfloat/multilingual-e5-large,ru,76,marker_pool,0.1372389793395996,-0.1902561485767364,-0.4282240569591522,-0.4554058611392975
intfloat/multilingual-e5-large,ru,77,marker_pool,0.1213341504335403,-0.0453144572675228,-0.3987457156181335,-0.3489591479301452
intfloat/multilingual-e5-large,ru,78,marker_pool,0.1651591956615448,-0.0717772841453552,-0.4955885708332062,-0.5380819439888
intfloat/multilingual-e5-large,ru,79,marker_pool,0.0679897889494896,-0.0928339213132858,-0.4865561425685882,-0.3578472137451172
intfloat/multilingual-e5-large,ru,80,marker_pool,0.0654234439134597,-0.0070345145650208,-0.4653379321098327,-0.4187369048595428
intfloat/multilingual-e5-large,ru,81,marker_pool,0.1433138251304626,-0.1461349427700042,-0.4233072102069855,-0.4270347356796264
intfloat/multilingual-e5-large,ru,82,marker_pool,0.0813843384385109,-0.1370842307806015,-0.4436662197113037,-0.509777843952179
intfloat/multilingual-e5-large,ru,83,marker_pool,0.0997974425554275,-0.1607479602098465,-0.5216145515441895,-0.3335234820842743
intfloat/multilingual-e5-large,ru,84,marker_pool,0.0402155891060829,0.0440731830894947,-0.4895033240318298,-0.4550894498825073
intfloat/multilingual-e5-large,ru,85,marker_pool,0.1257168054580688,-0.0574071370065212,-0.3768680691719055,-0.3680387139320373
intfloat/multilingual-e5-large,ru,86,marker_pool,0.0837713554501533,0.042564108967781,-0.4324085712432861,-0.4152341485023498
intfloat/multilingual-e5-large,ru,87,marker_pool,0.1390503346920013,0.0037737449165433,-0.5113709568977356,-0.479264497756958
intfloat/multilingual-e5-large,ru,88,marker_pool,0.2207111269235611,-0.0926508978009224,-0.4391714632511139,-0.5854446291923523
intfloat/multilingual-e5-large,ru,89,marker_pool,0.039766177535057,-0.0049046776257455,-0.440749853849411,-0.3762164711952209
intfloat/multilingual-e5-large,ru,90,marker_pool,0.2398574948310852,-0.0804641470313072,-0.5305292010307312,-0.3387520015239715
intfloat/multilingual-e5-large,ru,91,marker_pool,0.1675453335046768,-0.0748694315552711,-0.3377252519130707,-0.4082480072975158
intfloat/multilingual-e5-large,ru,92,marker_pool,0.0305139478296041,-0.074080117046833,-0.4429529309272766,-0.4234363734722137
intfloat/multilingual-e5-large,ru,93,marker_pool,0.0963737741112709,-0.0816332101821899,-0.4523551166057586,-0.3136340975761413
intfloat/multilingual-e5-large,ru,94,marker_pool,0.1309563070535659,-0.1587607562541961,-0.4483835399150848,-0.4180273711681366
intfloat/multilingual-e5-large,ru,95,marker_pool,0.179457202553749,-0.1265019327402115,-0.4205897152423858,-0.494824469089508
intfloat/multilingual-e5-large,ru,96,marker_pool,0.0402559041976928,-0.0096090203151106,-0.5370093584060669,-0.3845758140087127
intfloat/multilingual-e5-large,ru,97,marker_pool,0.0878642126917839,0.0014843640383332,-0.4122824668884277,-0.4353194534778595
intfloat/multilingual-e5-large,ru,98,marker_pool,0.1193979755043983,0.041578471660614,-0.4781296551227569,-0.34263876080513
intfloat/multilingual-e5-large,ru,99,marker_pool,0.0853261947631836,0.021944461390376,-0.4719964563846588,-0.4161721169948578
intfloat/multilingual-e5-large,ru,100,marker_pool,0.1634151488542556,-0.0996999368071556,-0.4773059785366058,-0.3043400943279266
intfloat/multilingual-e5-large,ru,101,marker_pool,0.0898849517107009,-0.0041176411323249,-0.4181398749351501,-0.5139793753623962
intfloat/multilingual-e5-large,ru,102,marker_pool,0.0917697474360466,0.0540848150849342,-0.5145115852355957,-0.4069763123989105
intfloat/multilingual-e5-large,ru,103,marker_pool,0.0887051746249198,-0.1305475234985351,-0.500996470451355,-0.4149796962738037
intfloat/multilingual-e5-large,ru,104,marker_pool,0.0946368724107742,-0.1988743990659713,-0.533457338809967,-0.4337234497070312
intfloat/multilingual-e5-large,ru,105,marker_pool,0.1654163897037506,-0.0753208398818969,-0.5254972577095032,-0.5378052592277527
intfloat/multilingual-e5-large,ru,106,marker_pool,0.100295290350914,0.0120227234438061,-0.3406422436237335,-0.3992918133735657
intfloat/multilingual-e5-large,ru,107,marker_pool,0.0624003075063228,-0.0688168704509735,-0.383645236492157,-0.3615995943546295
intfloat/multilingual-e5-large,ru,108,marker_pool,0.0603253506124019,0.0156941153109073,-0.4865954220294952,-0.3915022015571594
intfloat/multilingual-e5-large,ru,109,marker_pool,0.094335950911045,-0.0206289123743772,-0.5137166380882263,-0.364654004573822
intfloat/multilingual-e5-large,ru,110,marker_pool,0.0416873805224895,-0.0119700860232114,-0.4217318594455719,-0.409673810005188
intfloat/multilingual-e5-large,ru,111,marker_pool,0.0910555049777031,-0.1037199199199676,-0.4714600145816803,-0.3935024738311767
intfloat/multilingual-e5-large,ru,112,marker_pool,0.0568276308476924,0.0580714643001556,-0.4458419382572174,-0.4143361747264862
intfloat/multilingual-e5-large,ru,113,marker_pool,0.0364672355353832,0.0081456797197461,-0.4900628924369812,-0.4462562501430511
intfloat/multilingual-e5-large,ru,114,marker_pool,0.1556080877780914,-0.1690412610769271,-0.3948711454868316,-0.4471876621246338
intfloat/multilingual-e5-large,ru,115,marker_pool,0.1366980969905853,0.0684873908758163,-0.4191439747810364,-0.4009320735931396
intfloat/multilingual-e5-large,ru,116,marker_pool,0.0705170780420303,-0.1022867187857627,-0.5594270825386047,-0.4571701884269714
intfloat/multilingual-e5-large,ru,117,marker_pool,0.079126626253128,-0.1313097774982452,-0.5157684087753296,-0.3283753991127014
intfloat/multilingual-e5-large,ru,118,marker_pool,0.0857074335217475,-0.055974792689085,-0.449691891670227,-0.3941895663738251
intfloat/multilingual-e5-large,ru,119,marker_pool,0.2656128108501434,-0.2036574631929397,-0.4883905947208404,-0.4682120382785797
intfloat/multilingual-e5-large,ru,120,marker_pool,0.1212480142712593,-0.197746068239212,-0.4471151530742645,-0.3838205337524414
intfloat/multilingual-e5-large,ru,121,marker_pool,0.1980072557926178,-0.1817608028650283,-0.5096577405929565,-0.3606980741024017
intfloat/multilingual-e5-large,ru,122,marker_pool,0.1111362501978874,-0.1717246770858764,-0.4962425529956817,-0.3196810483932495
intfloat/multilingual-e5-large,ru,123,marker_pool,0.0598814859986305,-0.0354401059448719,-0.4281471073627472,-0.357839435338974
intfloat/multilingual-e5-large,ru,124,marker_pool,0.0235428418964147,-0.0726730227470398,-0.4098719656467438,-0.3377050459384918
intfloat/multilingual-e5-large,ru,125,marker_pool,0.0652315914630889,-0.0616316013038158,-0.4311633110046386,-0.5446422100067139
intfloat/multilingual-e5-large,ru,126,marker_pool,0.0206034574657678,0.0464403629302978,-0.465835839509964,-0.4330207705497741
intfloat/multilingual-e5-large,ru,127,marker_pool,0.0597855485975742,0.0176606476306915,-0.4274502694606781,-0.4404298961162567
intfloat/multilingual-e5-large,ru,128,marker_pool,0.2316257357597351,-0.2508996427059173,-0.4946409463882446,-0.5222210884094238
intfloat/multilingual-e5-large,ru,129,marker_pool,0.0989057123661041,-0.0637308657169342,-0.4439602494239807,-0.4628113508224487
intfloat/multilingual-e5-large,ru,130,marker_pool,0.1913578659296035,-0.1547811478376388,-0.5399691462516785,-0.5223862528800964
intfloat/multilingual-e5-large,ru,131,marker_pool,0.0499559305608272,-0.1096204295754432,-0.4327397346496582,-0.2688161432743072
intfloat/multilingual-e5-large,ru,132,marker_pool,0.1038021817803382,-0.0597448647022247,-0.3389926552772522,-0.5402253866195679
intfloat/multilingual-e5-large,ru,133,marker_pool,0.1793170720338821,0.0328149609267711,-0.4899781346321106,-0.3968490660190582
intfloat/multilingual-e5-large,ru,134,marker_pool,0.1335681676864624,0.0206497535109519,-0.387039840221405,-0.3772649765014648
intfloat/multilingual-e5-large,ru,135,marker_pool,0.1562090069055557,-0.1204776391386985,-0.4631331264972687,-0.4577731490135193
intfloat/multilingual-e5-large,ru,136,marker_pool,0.1237928792834281,-0.128044307231903,-0.4980072677135467,-0.4019734263420105
intfloat/multilingual-e5-large,ru,137,marker_pool,0.1992532014846801,-0.2378807067871093,-0.511042594909668,-0.2690173089504242
intfloat/multilingual-e5-large,ru,138,marker_pool,0.0909859910607338,-0.0098156090825796,-0.373184859752655,-0.5152211785316467
intfloat/multilingual-e5-large,ru,139,marker_pool,0.065933346748352,-0.0575110428035259,-0.4672615826129913,-0.4772629737854004
intfloat/multilingual-e5-large,ru,140,marker_pool,0.1249980852007865,-0.1295480281114578,-0.2960017025470733,-0.37172332406044
intfloat/multilingual-e5-large,ru,141,marker_pool,0.1989535540342331,-0.1197993084788322,-0.4669199287891388,-0.4523713886737823
intfloat/multilingual-e5-large,ru,142,marker_pool,0.0690507814288139,-0.0671613439917564,-0.410782516002655,-0.4686038494110107
intfloat/multilingual-e5-large,ru,143,marker_pool,0.1573079079389572,-0.1202430352568626,-0.4670378267765045,-0.5016933679580688
intfloat/multilingual-e5-large,ru,144,marker_pool,0.1769710183143615,-0.1966408938169479,-0.532817006111145,-0.4441782832145691
intfloat/multilingual-e5-large,ru,145,marker_pool,0.0838882476091384,-0.1328220814466476,-0.4890325367450714,-0.5045658946037292
intfloat/multilingual-e5-large,ru,146,marker_pool,0.111441969871521,0.0948893502354621,-0.40567547082901,-0.3507443964481354
intfloat/multilingual-e5-large,ru,147,marker_pool,0.0751049518585205,-0.1381596326828003,-0.4148349165916443,-0.4596107900142669
intfloat/multilingual-e5-large,ru,148,marker_pool,0.1177359521389007,-0.0461054928600788,-0.422029972076416,-0.5839242935180664
intfloat/multilingual-e5-large,ru,149,marker_pool,0.1591394692659378,-0.021454595029354,-0.3930381238460541,-0.4121579527854919
intfloat/multilingual-e5-large,ru,150,marker_pool,0.0867149755358696,-0.0925454273819923,-0.552767813205719,-0.431914359331131
intfloat/multilingual-e5-large,ru,151,marker_pool,0.1017556637525558,0.1176606267690658,-0.4329039752483368,-0.4070894420146942
intfloat/multilingual-e5-large,ru,152,marker_pool,0.0715077817440033,-0.0387980304658412,-0.4131641983985901,-0.4176676869392395
intfloat/multilingual-e5-large,ru,153,marker_pool,0.0922684147953987,0.016068072989583,-0.366784393787384,-0.4795824885368347
intfloat/multilingual-e5-large,ru,154,marker_pool,0.1144942864775657,-0.0618495419621467,-0.3725664019584656,-0.4895994961261749
intfloat/multilingual-e5-large,ru,155,marker_pool,0.0906736925244331,0.0591824986040592,-0.4417119920253753,-0.4446925818920135
intfloat/multilingual-e5-large,ru,156,marker_pool,0.0414260253310203,0.0013495745370164,-0.5324599742889404,-0.3873705565929413
intfloat/multilingual-e5-large,ru,157,marker_pool,0.1817191988229751,0.0256508477032184,-0.3840133547782898,-0.5208225250244141
intfloat/multilingual-e5-large,ru,158,marker_pool,0.0547629669308662,-0.0009005779284052,-0.4827939867973327,-0.4084425568580627
intfloat/multilingual-e5-large,ru,159,marker_pool,0.1366988271474838,0.0694016367197036,-0.460980623960495,-0.5958385467529297
intfloat/multilingual-e5-large,zh,0,marker_pool,0.1685470342636108,-0.1850694715976715,-0.8510568141937256,-0.4481185972690582
intfloat/multilingual-e5-large,zh,1,marker_pool,0.0909848287701606,-0.1115353256464004,-0.8620741367340088,-0.3662025332450866
intfloat/multilingual-e5-large,zh,2,marker_pool,0.0982485860586166,-0.0377304442226886,-0.8496212363243103,-0.3246646225452423
intfloat/multilingual-e5-large,zh,3,marker_pool,0.1357097327709198,-0.2547931373119354,-0.9153815507888794,-0.5250962972640991
intfloat/multilingual-e5-large,zh,4,marker_pool,0.1594439595937729,-0.3040639162063598,-0.9065709710121156,-0.5829692482948303
intfloat/multilingual-e5-large,zh,5,marker_pool,0.1213629841804504,-0.1061193495988845,-0.8711212277412415,-0.4106475412845611
intfloat/multilingual-e5-large,zh,6,marker_pool,0.1020149365067482,-0.1160663664340972,-0.870873749256134,-0.4256355464458465
intfloat/multilingual-e5-large,zh,7,marker_pool,0.1137775480747222,-0.2178219407796859,-0.9183160066604614,-0.5275408029556274
intfloat/multilingual-e5-large,zh,8,marker_pool,0.0858896523714065,-0.1565532386302948,-0.8761131167411804,-0.6188998818397522
intfloat/multilingual-e5-large,zh,9,marker_pool,0.1234837844967842,-0.1216507032513618,-0.8603573441505432,-0.4219077825546264
intfloat/multilingual-e5-large,zh,10,marker_pool,0.1373936533927917,-0.1640785932540893,-0.8604480624198914,-0.519769012928009
intfloat/multilingual-e5-large,zh,11,marker_pool,0.1455444097518921,-0.4054950475692749,-0.89378422498703,-0.566444456577301
intfloat/multilingual-e5-large,zh,12,marker_pool,0.1142680272459983,-0.2063493579626083,-0.8635333180427551,-0.5306515693664551
intfloat/multilingual-e5-large,zh,13,marker_pool,0.1402090042829513,-0.104971669614315,-0.8351850509643555,-0.4285120069980621
intfloat/multilingual-e5-large,zh,14,marker_pool,0.0901529937982559,-0.2798005938529968,-0.8814899921417236,-0.5604304075241089
intfloat/multilingual-e5-large,zh,15,marker_pool,0.095863476395607,-0.2137302160263061,-0.8881858587265015,-0.4880968332290649
intfloat/multilingual-e5-large,zh,16,marker_pool,0.1388299167156219,-0.2378281354904174,-0.875380277633667,-0.5379467010498047
intfloat/multilingual-e5-large,zh,17,marker_pool,0.0763272792100906,-0.2440249621868133,-0.8570655584335327,-0.5161178708076477
intfloat/multilingual-e5-large,zh,18,marker_pool,0.1406110972166061,-0.1979548931121826,-0.8695197105407715,-0.5403621792793274
intfloat/multilingual-e5-large,zh,19,marker_pool,0.095443457365036,-0.0514475516974926,-0.8529258966445923,-0.3095985651016235
intfloat/multilingual-e5-large,zh,20,marker_pool,0.1995381116867065,-0.1420724093914032,-0.8561387658119202,-0.4441221058368683
intfloat/multilingual-e5-large,zh,21,marker_pool,0.0908432826399803,-0.131447747349739,-0.8239113092422485,-0.4375361204147339
intfloat/multilingual-e5-large,zh,22,marker_pool,0.1411014944314956,-0.1308995336294174,-0.8571180701255798,-0.4100149869918823
intfloat/multilingual-e5-large,zh,23,marker_pool,0.1326372176408767,-0.0629228875041008,-0.8849597573280334,-0.495902806520462
intfloat/multilingual-e5-large,zh,24,marker_pool,0.0876662209630012,-0.3814094364643097,-0.8308764696121216,-0.5774446129798889
intfloat/multilingual-e5-large,zh,25,marker_pool,0.1755678355693817,-0.0210362561047077,-0.8667754530906677,-0.342973381280899
intfloat/multilingual-e5-large,zh,26,marker_pool,0.1643696427345276,-0.0622123070061206,-0.8410336375236511,-0.3955045640468597
intfloat/multilingual-e5-large,zh,27,marker_pool,0.1622014641761779,-0.1803240031003952,-0.814892590045929,-0.498818963766098
intfloat/multilingual-e5-large,zh,28,marker_pool,0.1572043746709823,-0.2682697176933288,-0.907438337802887,-0.6242982149124146
intfloat/multilingual-e5-large,zh,29,marker_pool,0.1073389947414398,-0.0111551284790039,-0.8698615431785583,-0.3052762150764465
intfloat/multilingual-e5-large,zh,30,marker_pool,0.1100898757576942,-0.2544143497943878,-0.851571798324585,-0.5457289814949036
intfloat/multilingual-e5-large,zh,31,marker_pool,0.2055837512016296,-0.2538334727287292,-0.8973832130432129,-0.5730586647987366
intfloat/multilingual-e5-large,zh,32,marker_pool,0.0908888429403305,-0.2233577370643615,-0.855742871761322,-0.5559633374214172
intfloat/multilingual-e5-large,zh,33,marker_pool,0.1147387623786926,-0.0503115095198154,-0.8437817096710205,-0.4104211032390594
intfloat/multilingual-e5-large,zh,34,marker_pool,0.1649052202701568,-0.1699570417404174,-0.8561762571334839,-0.4046370387077331
intfloat/multilingual-e5-large,zh,35,marker_pool,0.1121046245098114,-0.0374151766300201,-0.8376647233963013,-0.5126730799674988
intfloat/multilingual-e5-large,zh,36,marker_pool,0.1181618869304657,-0.1456564515829086,-0.8544678688049316,-0.3948236405849457
intfloat/multilingual-e5-large,zh,37,marker_pool,0.0963862091302871,-0.2190576046705246,-0.8482525944709778,-0.5557206273078918
intfloat/multilingual-e5-large,zh,38,marker_pool,0.1255654394626617,-0.0796349048614502,-0.8156124353408813,-0.4336172342300415
intfloat/multilingual-e5-large,zh,39,marker_pool,0.083790048956871,-0.0374338254332542,-0.8404303789138794,-0.336582601070404
intfloat/multilingual-e5-large,zh,40,marker_pool,0.1031794697046279,-0.0320782251656055,-0.8323137164115906,-0.3126348555088043
intfloat/multilingual-e5-large,zh,41,marker_pool,0.139141634106636,-0.0045293644070625,-0.8919538259506226,-0.3611563742160797
intfloat/multilingual-e5-large,zh,42,marker_pool,0.1159233301877975,-0.2319003045558929,-0.9102577567100524,-0.5608879327774048
intfloat/multilingual-e5-large,zh,43,marker_pool,0.1472469121217727,-0.0954920873045921,-0.8291333317756653,-0.3727910220623016
intfloat/multilingual-e5-large,zh,44,marker_pool,0.1054403409361839,-0.2672961056232452,-0.8730835318565369,-0.4809512495994568
intfloat/multilingual-e5-large,zh,45,marker_pool,0.0824725702404975,-0.1329997181892395,-0.805758535861969,-0.424841821193695
intfloat/multilingual-e5-large,zh,46,marker_pool,0.07590913772583,-0.2688300311565399,-0.8713091015815735,-0.5456827282905579
intfloat/multilingual-e5-large,zh,47,marker_pool,0.0827736854553222,-0.2269447743892669,-0.8531072735786438,-0.4615923762321472
intfloat/multilingual-e5-large,zh,48,marker_pool,0.0593247152864933,-0.1231705471873283,-0.829171359539032,-0.5390195846557617
intfloat/multilingual-e5-large,zh,49,marker_pool,0.1250369399785995,-0.1829157769680023,-0.8378182649612427,-0.4421773850917816
intfloat/multilingual-e5-large,zh,50,marker_pool,0.1349237710237503,-0.1384941786527633,-0.8389490246772766,-0.4502525329589844
intfloat/multilingual-e5-large,zh,51,marker_pool,0.1629850566387176,-0.0402701795101165,-0.8356876969337463,-0.3468122780323028
intfloat/multilingual-e5-large,zh,52,marker_pool,0.1175595074892044,-0.2559122145175934,-0.8817960023880005,-0.5842243432998657
intfloat/multilingual-e5-large,zh,53,marker_pool,0.1257035583257675,-0.0482689067721366,-0.8481844067573547,-0.3495209515094757
intfloat/multilingual-e5-large,zh,54,marker_pool,0.1063706576824188,-0.2661084532737732,-0.8789843320846558,-0.4892916977405548
intfloat/multilingual-e5-large,zh,55,marker_pool,0.1932903975248336,-0.1289138495922088,-0.8513911366462708,-0.4287297129631042
intfloat/multilingual-e5-large,zh,56,marker_pool,0.1483510583639145,0.0054591288790106,-0.8557690978050232,-0.4003080129623413
intfloat/multilingual-e5-large,zh,57,marker_pool,0.0580167025327682,-0.0780766084790229,-0.842761218547821,-0.4234652817249298
intfloat/multilingual-e5-large,zh,58,marker_pool,0.1451857835054397,-0.1573694497346878,-0.8219971060752869,-0.383541077375412
intfloat/multilingual-e5-large,zh,59,marker_pool,0.0840986743569374,-0.0830619633197784,-0.835024893283844,-0.5255903601646423
intfloat/multilingual-e5-large,zh,60,marker_pool,0.191740334033966,-0.1681433767080307,-0.8489282131195068,-0.539330780506134
intfloat/multilingual-e5-large,zh,61,marker_pool,0.149393081665039,-0.1290145963430404,-0.8965599536895752,-0.4045912027359009
intfloat/multilingual-e5-large,zh,62,marker_pool,0.1083274707198143,-0.2816742658615112,-0.867958128452301,-0.5378623604774475
intfloat/multilingual-e5-large,zh,63,marker_pool,0.0921549648046493,-0.1724481284618377,-0.8603594899177551,-0.4811733961105346
intfloat/multilingual-e5-large,zh,64,marker_pool,0.1093010976910591,-0.0496386662125587,-0.8371490836143494,-0.4147626757621765
intfloat/multilingual-e5-large,zh,65,marker_pool,0.1796371936798095,-0.0691324919462204,-0.8391172885894775,-0.3613234758377075
intfloat/multilingual-e5-large,zh,66,marker_pool,0.1667268425226211,-0.0951962172985076,-0.8158858418464661,-0.3777720034122467
intfloat/multilingual-e5-large,zh,67,marker_pool,0.1351636350154876,-0.0901440903544426,-0.862503170967102,-0.3595640063285827
intfloat/multilingual-e5-large,zh,68,marker_pool,0.1507668793201446,-0.1066463142633438,-0.8675147294998169,-0.4193606674671173
intfloat/multilingual-e5-large,zh,69,marker_pool,0.0881755277514457,-0.2663784325122833,-0.8697166442871094,-0.4874992370605469
intfloat/multilingual-e5-large,zh,70,marker_pool,0.1416168957948684,-0.140623539686203,-0.8474161624908447,-0.3937152922153473
intfloat/multilingual-e5-large,zh,71,marker_pool,0.1045145615935325,-0.2436953783035278,-0.8743675947189331,-0.615366518497467
intfloat/multilingual-e5-large,zh,72,marker_pool,0.1125837862491607,-0.1861503273248672,-0.8929693102836609,-0.4892694652080536
intfloat/multilingual-e5-large,zh,73,marker_pool,0.0994914472103118,-0.0263492651283741,-0.8331184983253479,-0.4371659755706787
intfloat/multilingual-e5-large,zh,74,marker_pool,0.1066756099462509,-0.1908492147922516,-0.8466807007789612,-0.5530173182487488
intfloat/multilingual-e5-large,zh,75,marker_pool,0.119598165154457,-0.2181739509105682,-0.8722959160804749,-0.6199049353599548
intfloat/multilingual-e5-large,zh,76,marker_pool,0.0902786031365394,-0.108869656920433,-0.8373156785964966,-0.4002966582775116
intfloat/multilingual-e5-large,zh,77,marker_pool,0.172843649983406,-0.1635761857032776,-0.850213348865509,-0.4062639474868774
intfloat/multilingual-e5-large,zh,78,marker_pool,0.2003382593393325,-0.2104835957288742,-0.8500598669052124,-0.4879155158996582
intfloat/multilingual-e5-large,zh,79,marker_pool,0.1014127358794212,-0.2385134994983673,-0.8726258277893066,-0.4696131646633148
intfloat/multilingual-e5-large,zh,80,marker_pool,0.1748911291360855,-0.0845850557088851,-0.7863908410072327,-0.3578973114490509
intfloat/multilingual-e5-large,zh,81,marker_pool,0.1446802914142608,-0.3037352561950683,-0.8049948215484619,-0.5132680535316467
intfloat/multilingual-e5-large,zh,82,marker_pool,0.11292465031147,-0.0977578312158584,-0.8752506375312805,-0.4974454641342163
intfloat/multilingual-e5-large,zh,83,marker_pool,0.1593843698501587,-0.0617339685559272,-0.8482699990272522,-0.3699177205562591
intfloat/multilingual-e5-large,zh,84,marker_pool,0.1365508288145065,-0.0401551872491836,-0.8440375328063965,-0.2961774170398712
intfloat/multilingual-e5-large,zh,85,marker_pool,0.0964071601629257,-0.1491613686084747,-0.8557453751564026,-0.631432056427002
intfloat/multilingual-e5-large,zh,86,marker_pool,0.1206022500991821,-0.2482283264398574,-0.8748158812522888,-0.4540992975234985
intfloat/multilingual-e5-large,zh,87,marker_pool,0.0930063351988792,-0.28242027759552,-0.8983779549598694,-0.6058973670005798
intfloat/multilingual-e5-large,zh,88,marker_pool,0.1461316496133804,-0.1394672840833664,-0.8426175713539124,-0.5356761813163757
intfloat/multilingual-e5-large,zh,89,marker_pool,0.0547884032130241,-0.0313151143491268,-0.8527583479881287,-0.3717671632766723
intfloat/multilingual-e5-large,zh,90,marker_pool,0.1388096362352371,-0.2576498985290527,-0.8875356316566467,-0.4109099209308624
intfloat/multilingual-e5-large,zh,91,marker_pool,0.1056703627109527,-0.016644362360239,-0.8730539083480835,-0.2967759370803833
intfloat/multilingual-e5-large,zh,92,marker_pool,0.1062817126512527,-0.2510512173175812,-0.858647882938385,-0.5299636721611023
intfloat/multilingual-e5-large,zh,93,marker_pool,0.14575856924057,-0.1088810339570045,-0.8324984312057495,-0.4003290235996246
intfloat/multilingual-e5-large,zh,94,marker_pool,0.1439114660024643,-0.0658085644245147,-0.8499340415000916,-0.397351861000061
intfloat/multilingual-e5-large,zh,95,marker_pool,0.1074982210993766,-0.2545472383499145,-0.891388475894928,-0.5439614057540894
intfloat/multilingual-e5-large,zh,96,marker_pool,0.1433334946632385,-0.2776903808116913,-0.8937048316001892,-0.5397974252700806
intfloat/multilingual-e5-large,zh,97,marker_pool,0.0849850699305534,-0.0539020709693431,-0.8586588501930237,-0.4710655212402344
intfloat/multilingual-e5-large,zh,98,marker_pool,0.1811036318540573,-0.188792735338211,-0.8591036200523376,-0.4947769045829773
intfloat/multilingual-e5-large,zh,99,marker_pool,0.1564817875623703,-0.0852830186486244,-0.8059612512588501,-0.5161598324775696
intfloat/multilingual-e5-large,zh,100,marker_pool,0.1523859798908233,-0.1478762179613113,-0.8507750034332275,-0.45416459441185
intfloat/multilingual-e5-large,zh,101,marker_pool,0.0993129611015319,-0.1234689205884933,-0.8408182263374329,-0.4534848630428314
intfloat/multilingual-e5-large,zh,102,marker_pool,0.1179460436105728,-0.2152472734451294,-0.8608153462409973,-0.5853587985038757
intfloat/multilingual-e5-large,zh,103,marker_pool,0.1619397848844528,-0.0554816424846649,-0.8506776690483093,-0.4343225359916687
intfloat/multilingual-e5-large,zh,104,marker_pool,0.1441039592027664,-0.0551830790936946,-0.8417473435401917,-0.4144375622272491
intfloat/multilingual-e5-large,zh,105,marker_pool,0.1451454311609268,-0.1656034886837005,-0.913484752178192,-0.5155736207962036
intfloat/multilingual-e5-large,zh,106,marker_pool,0.094740442931652,-0.2897730767726898,-0.8047114610671997,-0.447584331035614
intfloat/multilingual-e5-large,zh,107,marker_pool,0.1379115879535675,-0.1248654276132583,-0.8154204487800598,-0.3956992328166961
intfloat/multilingual-e5-large,zh,108,marker_pool,0.0908994078636169,-0.1250806003808975,-0.8100407123565674,-0.4258540570735931
intfloat/multilingual-e5-large,zh,109,marker_pool,0.1682568192481994,-0.2621023654937744,-0.8887936472892761,-0.5233862400054932
intfloat/multilingual-e5-large,zh,110,marker_pool,0.09717558324337,-0.2569658756256103,-0.8772630095481873,-0.475039541721344
intfloat/multilingual-e5-large,zh,111,marker_pool,0.1744464337825775,-0.2198366969823837,-0.8659743666648865,-0.5834081768989563
intfloat/multilingual-e5-large,zh,112,marker_pool,0.1395682096481323,-0.1619081348180771,-0.8933628797531128,-0.4419795870780945
intfloat/multilingual-e5-large,zh,113,marker_pool,0.0733631402254104,-0.1104630529880523,-0.7983357906341553,-0.4711620807647705
intfloat/multilingual-e5-large,zh,114,marker_pool,0.1493719965219497,-0.3046713173389435,-0.8284438848495483,-0.5805318355560303
intfloat/multilingual-e5-large,zh,115,marker_pool,0.0915938764810562,-0.1873509883880615,-0.8608993291854858,-0.4660071134567261
intfloat/multilingual-e5-large,zh,116,marker_pool,0.1201213300228118,-0.1351015865802765,-0.8259077072143555,-0.4130724966526031
intfloat/multilingual-e5-large,zh,117,marker_pool,0.1283192932605743,-0.2724826335906982,-0.8606718182563782,-0.5396282076835632
intfloat/multilingual-e5-large,zh,118,marker_pool,0.0695515573024749,-0.2461209893226623,-0.8834820985794067,-0.5246412754058838
intfloat/multilingual-e5-large,zh,119,marker_pool,0.1580685228109359,-0.1343812197446823,-0.8637975454330444,-0.430429607629776
intfloat/multilingual-e5-large,zh,120,marker_pool,0.0640225857496261,-0.0704504027962684,-0.8692912459373474,-0.4724310040473938
intfloat/multilingual-e5-large,zh,121,marker_pool,0.2044967114925384,-0.0868741944432258,-0.8532414436340332,-0.4911717772483825
intfloat/multilingual-e5-large,zh,122,marker_pool,0.0843264535069465,-0.2003460228443145,-0.8816205263137817,-0.4682417809963226
intfloat/multilingual-e5-large,zh,123,marker_pool,0.0790172666311264,-0.1385708153247833,-0.8280163407325745,-0.4727174937725067
intfloat/multilingual-e5-large,zh,124,marker_pool,0.1321052610874176,-0.2235678881406784,-0.8901451826095581,-0.5281004309654236
intfloat/multilingual-e5-large,zh,125,marker_pool,0.1207330450415611,-0.1940177828073501,-0.8879746198654175,-0.4995955526828766
intfloat/multilingual-e5-large,zh,126,marker_pool,0.1063506230711937,-0.3218326866626739,-0.8970033526420593,-0.6200681924819946
intfloat/multilingual-e5-large,zh,127,marker_pool,0.1122477427124977,-0.1506802439689636,-0.8610132336616516,-0.5446981191635132
intfloat/multilingual-e5-large,zh,128,marker_pool,0.1295213401317596,-0.0799633264541626,-0.8690143823623657,-0.3718912005424499
intfloat/multilingual-e5-large,zh,129,marker_pool,0.112351544201374,-0.3991898894309997,-0.8522606492042542,-0.5326712727546692
intfloat/multilingual-e5-large,zh,130,marker_pool,0.1180077493190765,-0.0960766226053237,-0.859806478023529,-0.5433003902435303
intfloat/multilingual-e5-large,zh,131,marker_pool,0.1293368935585022,-0.2028594315052032,-0.8704997301101685,-0.5389845967292786
intfloat/multilingual-e5-large,zh,132,marker_pool,0.1791282296180725,-0.1946520507335662,-0.7946852445602417,-0.4735936820507049
intfloat/multilingual-e5-large,zh,133,marker_pool,0.103805087506771,-0.1049040481448173,-0.8550506830215454,-0.3824352324008941
intfloat/multilingual-e5-large,zh,134,marker_pool,0.1836941540241241,-0.2067633718252182,-0.8650535345077515,-0.5886383056640625
intfloat/multilingual-e5-large,zh,135,marker_pool,0.1377324908971786,-0.1098037660121917,-0.8211277723312378,-0.4133812189102173
intfloat/multilingual-e5-large,zh,136,marker_pool,0.139146402478218,-0.0468182489275932,-0.849522054195404,-0.3822219371795654
intfloat/multilingual-e5-large,zh,137,marker_pool,0.1211306527256965,-0.0956299006938934,-0.8337456583976746,-0.4767815172672272
intfloat/multilingual-e5-large,zh,138,marker_pool,0.1589314341545105,-0.0251475814729928,-0.8815462589263916,-0.4286403059959411
intfloat/multilingual-e5-large,zh,139,marker_pool,0.1844728738069534,-0.2311032712459564,-0.8693128824234009,-0.6008187532424927
intfloat/multilingual-e5-large,zh,140,marker_pool,0.1242256835103035,-0.0110933138057589,-0.8418651819229126,-0.5181064009666443
intfloat/multilingual-e5-large,zh,141,marker_pool,0.1309235543012619,-0.2724068760871887,-0.8886398077011108,-0.5527516603469849
intfloat/multilingual-e5-large,zh,142,marker_pool,0.091400995850563,-0.1031753569841384,-0.8545796275138855,-0.4602801501750946
intfloat/multilingual-e5-large,zh,143,marker_pool,0.1339160054922104,-0.1406618505716323,-0.8882930874824524,-0.4071906805038452
intfloat/multilingual-e5-large,zh,144,marker_pool,0.1290624439716339,-0.1478567570447921,-0.8374553322792053,-0.521757185459137
intfloat/multilingual-e5-large,zh,145,marker_pool,0.1423181891441345,-0.2425006479024887,-0.8735007643699646,-0.5745224952697754
intfloat/multilingual-e5-large,zh,146,marker_pool,0.0953556522727012,-0.1051353216171264,-0.8309395909309387,-0.4067516922950744
intfloat/multilingual-e5-large,zh,147,marker_pool,0.117060512304306,-0.2110471576452255,-0.8676602244377136,-0.5436121225357056
intfloat/multilingual-e5-large,zh,148,marker_pool,0.127577543258667,-0.1937204897403717,-0.8075172901153564,-0.638106644153595
intfloat/multilingual-e5-large,zh,149,marker_pool,0.1327984631061554,-0.2816807925701141,-0.8908796310424805,-0.5368407368659973
intfloat/multilingual-e5-large,zh,150,marker_pool,0.0968847572803497,-0.106077991425991,-0.8549352288246155,-0.4832119345664978
intfloat/multilingual-e5-large,zh,151,marker_pool,0.0838302001357078,-0.1916510611772537,-0.8336158394813538,-0.543044924736023
intfloat/multilingual-e5-large,zh,152,marker_pool,0.0854895934462547,-0.283191055059433,-0.8799105286598206,-0.5059242248535156
intfloat/multilingual-e5-large,zh,153,marker_pool,0.1853280365467071,-0.2254673242568969,-0.8582788705825806,-0.5504602193832397
intfloat/multilingual-e5-large,zh,154,marker_pool,0.1483529061079025,-0.1902813464403152,-0.8479611873626709,-0.5401930809020996
intfloat/multilingual-e5-large,zh,155,marker_pool,0.0814529433846473,-0.0104564931243658,-0.8480275273323059,-0.48908331990242
intfloat/multilingual-e5-large,zh,156,marker_pool,0.1540710479021072,-0.1550876498222351,-0.826252818107605,-0.4730875194072723
intfloat/multilingual-e5-large,zh,157,marker_pool,0.0928102880716323,-0.1182534843683242,-0.8799822926521301,-0.384436547756195
intfloat/multilingual-e5-large,zh,158,marker_pool,0.0570297203958034,-0.0445544272661209,-0.8369637131690979,-0.4369672834873199
intfloat/multilingual-e5-large,zh,159,marker_pool,0.1456734985113144,-0.1615756154060363,-0.8672889471054077,-0.5067599415779114
sentence-transformers/LaBSE,en,0,mean_pool,0.4854682683944702,-0.1157381311058998,-0.7912323474884033,-0.2009778618812561
sentence-transformers/LaBSE,en,1,mean_pool,0.4871930181980133,-0.1331497579813003,-0.781140923500061,-0.3160927295684814
sentence-transformers/LaBSE,en,2,mean_pool,0.4773899018764496,-0.221801221370697,-0.7895559072494507,-0.2764335572719574
sentence-transformers/LaBSE,en,3,mean_pool,0.4770144522190094,-0.1364022046327591,-0.7740263938903809,-0.2878100574016571
sentence-transformers/LaBSE,en,4,mean_pool,0.5000596642494202,-0.1334583908319473,-0.7534991502761841,-0.2670020163059234
sentence-transformers/LaBSE,en,5,mean_pool,0.4493915438652038,-0.1003559157252311,-0.8294193148612976,-0.2020511627197265
sentence-transformers/LaBSE,en,6,mean_pool,0.4860702753067016,-0.2111989110708236,-0.7608001232147217,-0.3830341696739197
sentence-transformers/LaBSE,en,7,mean_pool,0.4645035862922668,-0.1728196740150451,-0.7786856889724731,-0.1454622894525528
sentence-transformers/LaBSE,en,8,mean_pool,0.4807884097099304,0.0048136175610125,-0.7888227701187134,-0.2249247431755066
sentence-transformers/LaBSE,en,9,mean_pool,0.489941656589508,-0.1427975594997406,-0.7495236396789551,-0.2248645275831222
sentence-transformers/LaBSE,en,10,mean_pool,0.4838317334651947,-0.1877926141023636,-0.7641350030899048,-0.2213171869516372
sentence-transformers/LaBSE,en,11,mean_pool,0.5130045413970947,-0.1089608520269393,-0.7167066931724548,-0.2354384660720825
sentence-transformers/LaBSE,en,12,mean_pool,0.4598272740840912,-0.028065113350749,-0.791900634765625,-0.1191314086318016
sentence-transformers/LaBSE,en,13,mean_pool,0.4332391321659088,-0.120851956307888,-0.8091651201248169,-0.1719726175069809
sentence-transformers/LaBSE,en,14,mean_pool,0.4400152862071991,-0.1513528972864151,-0.8463821411132812,-0.1839410811662674
sentence-transformers/LaBSE,en,15,mean_pool,0.4933478832244873,-0.1244066581130027,-0.7841122150421143,-0.1027552559971809
sentence-transformers/LaBSE,en,16,mean_pool,0.4886033833026886,-0.1150741502642631,-0.7982350587844849,-0.2513050138950348
sentence-transformers/LaBSE,en,17,mean_pool,0.4796396493911743,-0.1436743885278701,-0.8085402250289917,-0.2859735190868377
sentence-transformers/LaBSE,en,18,mean_pool,0.4832736551761627,-0.1272153556346893,-0.7794839143753052,-0.237540453672409
sentence-transformers/LaBSE,en,19,mean_pool,0.4926542937755584,-0.10964847356081,-0.7360848784446716,-0.2160574793815612
sentence-transformers/LaBSE,en,20,mean_pool,0.4799815714359283,-0.1148767098784446,-0.7645775675773621,-0.1872339993715286
sentence-transformers/LaBSE,en,21,mean_pool,0.4904627799987793,-0.0536582246422767,-0.7808122038841248,-0.3026718199253082
sentence-transformers/LaBSE,en,22,mean_pool,0.4568176865577698,-0.3113849759101867,-0.768130362033844,-0.2007255405187606
sentence-transformers/LaBSE,en,23,mean_pool,0.4826319217681885,-0.1191388443112373,-0.7805281281471252,-0.2542877793312073
sentence-transformers/LaBSE,en,24,mean_pool,0.3943816125392914,-0.0820030272006988,-0.8090575337409973,-0.1479108035564422
sentence-transformers/LaBSE,en,25,mean_pool,0.4539322555065155,-0.097118429839611,-0.80137038230896,-0.2139125913381576
sentence-transformers/LaBSE,en,26,mean_pool,0.4710460603237152,-0.1267488896846771,-0.7978229522705078,-0.2722908854484558
sentence-transformers/LaBSE,en,27,mean_pool,0.4778289794921875,-0.1697655469179153,-0.7248035669326782,-0.2031104117631912
sentence-transformers/LaBSE,en,28,mean_pool,0.4627864956855774,-0.176127403974533,-0.7835472226142883,-0.2266404330730438
sentence-transformers/LaBSE,en,29,mean_pool,0.4049927890300751,-0.0698380097746849,-0.794905960559845,-0.1222577169537544
sentence-transformers/LaBSE,en,30,mean_pool,0.4972899258136749,-0.1247163563966751,-0.7524039149284363,-0.245998814702034
sentence-transformers/LaBSE,en,31,mean_pool,0.4948915839195251,-0.0721647590398788,-0.7959660887718201,-0.2637803554534912
sentence-transformers/LaBSE,en,32,mean_pool,0.4503889679908752,-0.1676140278577804,-0.8042892813682556,-0.193131148815155
sentence-transformers/LaBSE,en,33,mean_pool,0.4914939403533935,-0.1052499786019325,-0.7820852398872375,-0.2639140486717224
sentence-transformers/LaBSE,en,34,mean_pool,0.4271536767482757,-0.119718961417675,-0.8249192833900452,-0.1824593991041183
sentence-transformers/LaBSE,en,35,mean_pool,0.4566296637058258,-0.1075543612241745,-0.7775029540061951,-0.2661873996257782
sentence-transformers/LaBSE,en,36,mean_pool,0.5079385042190552,-0.0683558806777,-0.7932006120681763,-0.2397027760744094
sentence-transformers/LaBSE,en,37,mean_pool,0.4088482856750488,-0.0832644924521446,-0.7977275252342224,-0.1794322431087494
sentence-transformers/LaBSE,en,38,mean_pool,0.4655393064022064,-0.1790683567523956,-0.7857315540313721,-0.280627429485321
sentence-transformers/LaBSE,en,39,mean_pool,0.4693019092082977,-0.1711483895778656,-0.7419537305831909,-0.2360607832670211
sentence-transformers/LaBSE,en,40,mean_pool,0.5056815147399902,-0.0864312872290611,-0.7574917674064636,-0.2527410686016083
sentence-transformers/LaBSE,en,41,mean_pool,0.4619241058826446,-0.0609611123800277,-0.7698349952697754,-0.2063015848398208
sentence-transformers/LaBSE,en,42,mean_pool,0.4669781029224396,-0.1282897740602493,-0.8031291365623474,-0.1457464098930359
sentence-transformers/LaBSE,en,43,mean_pool,0.4843999743461609,-0.0790282115340232,-0.7837545275688171,-0.1889765709638595
sentence-transformers/LaBSE,en,44,mean_pool,0.454260766506195,-0.151848092675209,-0.8070935606956482,-0.2015934437513351
sentence-transformers/LaBSE,en,45,mean_pool,0.4823300540447235,-0.2203975170850753,-0.7417667508125305,-0.3267898857593536
sentence-transformers/LaBSE,en,46,mean_pool,0.4632262289524078,-0.056010715663433,-0.8059056401252747,-0.2822460532188415
sentence-transformers/LaBSE,en,47,mean_pool,0.505936861038208,-0.1915895789861679,-0.778303861618042,-0.2476317435503006
sentence-transformers/LaBSE,en,48,mean_pool,0.4764735400676727,-0.1331460177898407,-0.7754807472229004,-0.209564208984375
sentence-transformers/LaBSE,en,49,mean_pool,0.4923011660575866,-0.1662397384643554,-0.7366389036178589,-0.1622407883405685
sentence-transformers/LaBSE,en,50,mean_pool,0.4399528801441192,-0.2812820971012115,-0.7653993964195251,-0.1844266355037689
sentence-transformers/LaBSE,en,51,mean_pool,0.4959485828876495,-0.1169596314430236,-0.7823891043663025,-0.1508471816778183
sentence-transformers/LaBSE,en,52,mean_pool,0.4731156527996063,-0.141496941447258,-0.766913115978241,-0.186086356639862
sentence-transformers/LaBSE,en,53,mean_pool,0.417996734380722,-0.0909161865711212,-0.811114490032196,-0.1996525526046753
sentence-transformers/LaBSE,en,54,mean_pool,0.4945821762084961,-0.1663367450237274,-0.7352219223976135,-0.2352298349142074
sentence-transformers/LaBSE,en,55,mean_pool,0.5108376145362854,-0.1408955156803131,-0.7610046863555908,-0.2702159583568573
sentence-transformers/LaBSE,en,56,mean_pool,0.4243163466453552,-0.1076256185770034,-0.7651855945587158,-0.1599305868148803
sentence-transformers/LaBSE,en,57,mean_pool,0.506734311580658,-0.0733539760112762,-0.7704138159751892,-0.2936612963676452
sentence-transformers/LaBSE,en,58,mean_pool,0.4491866827011108,-0.1702617853879928,-0.7886752486228943,-0.3237935900688171
sentence-transformers/LaBSE,en,59,mean_pool,0.388240784406662,-0.0741023495793342,-0.8205724358558655,-0.0785109624266624
sentence-transformers/LaBSE,en,60,mean_pool,0.4475262761116028,-0.0893998146057128,-0.7682000398635864,-0.151785209774971
sentence-transformers/LaBSE,en,61,mean_pool,0.4681254029273987,-0.0914832428097724,-0.7856456637382507,-0.1469779163599014
sentence-transformers/LaBSE,en,62,mean_pool,0.5103277564048767,-0.2029885053634643,-0.7573578357696533,-0.298647403717041
sentence-transformers/LaBSE,en,63,mean_pool,0.4842024743556976,-0.225285142660141,-0.7432432174682617,-0.3161105811595917
sentence-transformers/LaBSE,en,64,mean_pool,0.4369040131568908,-0.1196285933256149,-0.8029250502586365,-0.103855088353157
sentence-transformers/LaBSE,en,65,mean_pool,0.460065633058548,-0.0597182661294937,-0.7687458992004395,-0.2585618793964386
sentence-transformers/LaBSE,en,66,mean_pool,0.4873697757720947,-0.191618874669075,-0.7917510867118835,-0.2699738144874573
sentence-transformers/LaBSE,en,67,mean_pool,0.4984834790229797,-0.0614154152572155,-0.7687602639198303,-0.1398837715387344
sentence-transformers/LaBSE,en,68,mean_pool,0.4896255731582641,-0.0439981929957866,-0.7545459270477295,-0.1685333847999572
sentence-transformers/LaBSE,en,69,mean_pool,0.4836955070495605,-0.1293099820613861,-0.8024047017097473,-0.342503547668457
sentence-transformers/LaBSE,en,70,mean_pool,0.3637720048427582,-0.0990919023752212,-0.7584315538406372,-0.2165607959032058
sentence-transformers/LaBSE,en,71,mean_pool,0.4084577858448028,-0.1414268314838409,-0.8025206923484802,-0.0328532382845878
sentence-transformers/LaBSE,en,72,mean_pool,0.4659178256988525,-0.1750170141458511,-0.7978902459144592,-0.4050265550613403
sentence-transformers/LaBSE,en,73,mean_pool,0.4616863429546356,-0.1372366994619369,-0.7746656537055969,-0.2236465960741043
sentence-transformers/LaBSE,en,74,mean_pool,0.4688957035541534,-0.1149273365736007,-0.7665171027183533,-0.1448698937892913
sentence-transformers/LaBSE,en,75,mean_pool,0.4784730672836303,-0.1221903339028358,-0.7922208309173584,-0.2768444418907165
sentence-transformers/LaBSE,en,76,mean_pool,0.4101040363311767,-0.1125601530075073,-0.8195087909698486,-0.0941956937313079
sentence-transformers/LaBSE,en,77,mean_pool,0.4795199036598205,-0.1072548702359199,-0.782710075378418,-0.2951074540615082
sentence-transformers/LaBSE,en,78,mean_pool,0.4793041050434112,-0.1285340636968612,-0.7676308155059814,-0.2307513803243637
sentence-transformers/LaBSE,en,79,mean_pool,0.4951727390289306,-0.1726342290639877,-0.7417994141578674,-0.2064627557992935
sentence-transformers/LaBSE,en,80,mean_pool,0.4781587123870849,-0.0508764721453189,-0.7772365808486938,-0.1999947279691696
sentence-transformers/LaBSE,en,81,mean_pool,0.4740189909934997,-0.1740882396697998,-0.7805584073066711,-0.3448538482189178
sentence-transformers/LaBSE,en,82,mean_pool,0.4591928720474243,-0.097847044467926,-0.7922192811965942,-0.2243010103702545
sentence-transformers/LaBSE,en,83,mean_pool,0.4486567080020904,-0.1475393325090408,-0.8105202913284302,-0.1973591744899749
sentence-transformers/LaBSE,en,84,mean_pool,0.4585581123828888,-0.1488614082336425,-0.8188378810882568,-0.2948394417762756
sentence-transformers/LaBSE,en,85,mean_pool,0.4837896227836609,-0.0078280186280608,-0.7870916128158569,-0.2046369165182113
sentence-transformers/LaBSE,en,86,mean_pool,0.4717248380184173,-0.2070081979036331,-0.7827134132385254,-0.2548369169235229
sentence-transformers/LaBSE,en,87,mean_pool,0.4981183111667633,-0.1168874874711036,-0.7956416606903076,-0.1590963304042816
sentence-transformers/LaBSE,en,88,mean_pool,0.4270699024200439,-0.0796432569622993,-0.7870457768440247,-0.1657589823007583
sentence-transformers/LaBSE,en,89,mean_pool,0.506910502910614,-0.1873069107532501,-0.7781009674072266,-0.2357261627912521
sentence-transformers/LaBSE,en,90,mean_pool,0.5179547667503357,-0.1010904684662818,-0.8129296898841858,-0.2455242127180099
sentence-transformers/LaBSE,en,91,mean_pool,0.4794111847877502,-0.0988862365484237,-0.7850461006164551,-0.2708350718021393
sentence-transformers/LaBSE,en,92,mean_pool,0.4205961227416992,-0.1331937760114669,-0.7799285054206848,-0.2638499736785888
sentence-transformers/LaBSE,en,93,mean_pool,0.4487494230270386,-0.147854745388031,-0.7495827674865723,-0.1916324496269226
sentence-transformers/LaBSE,en,94,mean_pool,0.4419401288032532,-0.0802749022841453,-0.7513807415962219,-0.0581493861973285
sentence-transformers/LaBSE,en,95,mean_pool,0.4533969759941101,-0.084354393184185,-0.8070542216300964,-0.134231224656105
sentence-transformers/LaBSE,en,96,mean_pool,0.4754625856876373,-0.147143542766571,-0.7765435576438904,-0.265225201845169
sentence-transformers/LaBSE,en,97,mean_pool,0.3952400982379913,-0.0435334108769893,-0.8265799880027771,-0.0965893417596817
sentence-transformers/LaBSE,en,98,mean_pool,0.4839970767498016,-0.1515719443559646,-0.7721270322799683,-0.2184604108333587
sentence-transformers/LaBSE,en,99,mean_pool,0.495277851819992,-0.005638956092298,-0.8015820384025574,-0.1380036026239395
sentence-transformers/LaBSE,en,100,mean_pool,0.4708995521068573,-0.0724681839346885,-0.7782756686210632,-0.1836851090192794
sentence-transformers/LaBSE,en,101,mean_pool,0.4388295412063598,-0.0747805088758468,-0.8162692785263062,-0.1670566350221634
sentence-transformers/LaBSE,en,102,mean_pool,0.4382135272026062,-0.1653472781181335,-0.740811824798584,-0.2292240560054779
sentence-transformers/LaBSE,en,103,mean_pool,0.4045934975147247,-0.1562588661909103,-0.8111670017242432,-0.1018895059823989
sentence-transformers/LaBSE,en,104,mean_pool,0.4538208246231079,-0.1524874716997146,-0.7946798801422119,-0.3021646440029144
sentence-transformers/LaBSE,en,105,mean_pool,0.4395149946212768,-0.0817618668079376,-0.7891983985900879,-0.0883122086524963
sentence-transformers/LaBSE,en,106,mean_pool,0.4181912243366241,-0.107103981077671,-0.8076396584510803,-0.2017803639173507
sentence-transformers/LaBSE,en,107,mean_pool,0.4796075820922851,-0.1055347174406051,-0.7424525618553162,-0.2060125768184662
sentence-transformers/LaBSE,en,108,mean_pool,0.4321625828742981,-0.0782433599233627,-0.7902188301086426,-0.3116905689239502
sentence-transformers/LaBSE,en,109,mean_pool,0.4543658792972564,-0.2263479530811309,-0.7710289359092712,-0.3863387703895569
sentence-transformers/LaBSE,en,110,mean_pool,0.399375170469284,-0.0950799509882927,-0.7509434223175049,-0.1195492818951606
sentence-transformers/LaBSE,en,111,mean_pool,0.469413697719574,-0.1312341690063476,-0.7788140177726746,-0.0976494774222374
sentence-transformers/LaBSE,en,112,mean_pool,0.4990510940551758,-0.1255832910537719,-0.7880816459655762,-0.0884144008159637
sentence-transformers/LaBSE,en,113,mean_pool,0.4632132053375244,-0.0277160871773958,-0.7851430177688599,-0.1956728845834732
sentence-transformers/LaBSE,en,114,mean_pool,0.4814150333404541,-0.1030383631587028,-0.7703007459640503,-0.2410455644130706
sentence-transformers/LaBSE,en,115,mean_pool,0.4163392782211303,-0.1172923669219017,-0.7684833407402039,-0.1964670121669769
sentence-transformers/LaBSE,en,116,mean_pool,0.4742946922779083,-0.1082566380500793,-0.8067389726638794,-0.1866578012704849
sentence-transformers/LaBSE,en,117,mean_pool,0.4671134650707245,-0.1003058850765228,-0.7843409180641174,-0.1215504482388496
sentence-transformers/LaBSE,en,118,mean_pool,0.495653361082077,-0.0917399376630783,-0.792618989944458,-0.2643653452396393
sentence-transformers/LaBSE,en,119,mean_pool,0.4708202481269836,0.0379719845950603,-0.7865411639213562,-0.2759474217891693
sentence-transformers/LaBSE,en,120,mean_pool,0.4599344432353973,-0.1382751613855362,-0.7867935299873352,-0.1440973281860351
sentence-transformers/LaBSE,en,121,mean_pool,0.3892048597335815,-0.0259291511029005,-0.7744042873382568,-0.1489369869232177
sentence-transformers/LaBSE,en,122,mean_pool,0.4684942662715912,-0.0139693580567836,-0.7916767597198486,-0.2366353869438171
sentence-transformers/LaBSE,en,123,mean_pool,0.4554190337657928,-0.2147475332021713,-0.7770947217941284,-0.3845140933990478
sentence-transformers/LaBSE,en,124,mean_pool,0.4522922039031982,-0.0622799545526504,-0.72019362449646,-0.1200566589832305
sentence-transformers/LaBSE,en,125,mean_pool,0.421671986579895,-0.151044026017189,-0.804511308670044,-0.1476647406816482
sentence-transformers/LaBSE,en,126,mean_pool,0.4952962398529053,-0.0696137845516204,-0.7921209931373596,-0.3123371005058288
sentence-transformers/LaBSE,en,127,mean_pool,0.4251461923122406,-0.0678954347968101,-0.775929868221283,-0.0739965066313743
sentence-transformers/LaBSE,en,128,mean_pool,0.3991346657276153,-0.0772456377744674,-0.7939215898513794,-0.1089910194277763
sentence-transformers/LaBSE,en,129,mean_pool,0.4319267570972442,-0.0690861865878105,-0.7711808681488037,-0.205800786614418
sentence-transformers/LaBSE,en,130,mean_pool,0.5067219734191895,-0.0979623720049858,-0.7612082958221436,-0.2249394804239273
sentence-transformers/LaBSE,en,131,mean_pool,0.4624356031417846,-0.0472688749432563,-0.7387513518333435,-0.0796514749526977
sentence-transformers/LaBSE,en,132,mean_pool,0.4489264786243438,-0.1056200489401817,-0.8142545819282532,-0.0635919943451881
sentence-transformers/LaBSE,en,133,mean_pool,0.494909256696701,-0.0429911240935325,-0.7519989013671875,-0.2689140141010284
sentence-transformers/LaBSE,en,134,mean_pool,0.5197250247001648,-0.0876480340957641,-0.8001852631568909,-0.1838617324829101
sentence-transformers/LaBSE,en,135,mean_pool,0.4699810743331909,-0.0980116426944732,-0.7891685366630554,-0.1152211874723434
sentence-transformers/LaBSE,en,136,mean_pool,0.5074715614318848,-0.0783627554774284,-0.7577342391014099,-0.2115580141544342
sentence-transformers/LaBSE,en,137,mean_pool,0.406565248966217,-0.1657306253910064,-0.8090517520904541,-0.1980407387018203
sentence-transformers/LaBSE,en,138,mean_pool,0.5215030312538147,-0.2054189294576645,-0.7775056958198547,-0.1541985124349594
sentence-transformers/LaBSE,en,139,mean_pool,0.5035639405250549,-0.0931712687015533,-0.7953904271125793,-0.2001137435436248
sentence-transformers/LaBSE,en,140,mean_pool,0.4613028764724731,-0.2279422432184219,-0.7721945643424988,-0.1744173318147659
sentence-transformers/LaBSE,en,141,mean_pool,0.412592738866806,-0.1613285839557647,-0.8210352659225464,-0.0963200852274894
sentence-transformers/LaBSE,en,142,mean_pool,0.4125372171401977,-0.0991245582699775,-0.8271072506904602,-0.1675984859466552
sentence-transformers/LaBSE,en,143,mean_pool,0.4423903822898865,-0.1049545407295227,-0.7947531938552856,-0.1609391421079635
sentence-transformers/LaBSE,en,144,mean_pool,0.4561588168144226,-0.0642838478088378,-0.785742461681366,-0.2509858310222626
sentence-transformers/LaBSE,en,145,mean_pool,0.4942351281642914,-0.0561534464359283,-0.7633933424949646,-0.2336695045232772
sentence-transformers/LaBSE,en,146,mean_pool,0.4527309238910675,-0.1302952170372009,-0.7631004452705383,-0.2471568882465362
sentence-transformers/LaBSE,en,147,mean_pool,0.4929332435131073,-0.0729655548930168,-0.7598357200622559,-0.180773451924324
sentence-transformers/LaBSE,en,148,mean_pool,0.4658468663692474,-0.1283659040927887,-0.7755714058876038,-0.2564379274845123
sentence-transformers/LaBSE,en,149,mean_pool,0.4997662305831909,-0.091852843761444,-0.7533355355262756,-0.2286387383937835
sentence-transformers/LaBSE,en,150,mean_pool,0.4834636747837066,-0.1114703863859176,-0.779910147190094,-0.2272604405879974
sentence-transformers/LaBSE,en,151,mean_pool,0.4511886239051819,-0.1184959337115287,-0.7930220365524292,-0.0996488556265831
sentence-transformers/LaBSE,en,152,mean_pool,0.4607312381267547,-0.117381751537323,-0.7765789031982422,-0.298975795507431
sentence-transformers/LaBSE,en,153,mean_pool,0.4394904375076294,-0.1897000819444656,-0.7659562230110168,-0.3362005352973938
sentence-transformers/LaBSE,en,154,mean_pool,0.4794462025165558,-0.1555836200714111,-0.778051495552063,-0.1067198365926742
sentence-transformers/LaBSE,en,155,mean_pool,0.4912993907928467,-0.1101031750440597,-0.7312170267105103,-0.1839162856340408
sentence-transformers/LaBSE,en,156,mean_pool,0.5149485468864441,-0.1346153914928436,-0.7928321957588196,-0.1288154572248459
sentence-transformers/LaBSE,en,157,mean_pool,0.4231884181499481,-0.089419849216938,-0.8074329495429993,-0.2024797797203064
sentence-transformers/LaBSE,en,158,mean_pool,0.5075696110725403,-0.0877768173813819,-0.7881131768226624,-0.3005588948726654
sentence-transformers/LaBSE,en,159,mean_pool,0.395499587059021,-0.101191408932209,-0.807743489742279,-0.0980791226029396
sentence-transformers/LaBSE,ru,0,mean_pool,0.179490864276886,-0.3845890462398529,-0.3148775994777679,-0.3787899017333984
sentence-transformers/LaBSE,ru,1,mean_pool,0.0938852503895759,-0.1860849261283874,-0.3828233182430267,-0.5219165086746216
sentence-transformers/LaBSE,ru,2,mean_pool,0.3216946423053741,-0.2436650991439819,-0.5223219394683838,-0.4384093582630157
sentence-transformers/LaBSE,ru,3,mean_pool,0.0616802312433719,-0.2240280956029892,-0.3571280539035797,-0.3441147208213806
sentence-transformers/LaBSE,ru,4,mean_pool,0.1009967103600502,-0.223886489868164,-0.4804248511791229,-0.3996428847312927
sentence-transformers/LaBSE,ru,5,mean_pool,0.0677649974822998,-0.1544193178415298,-0.3502646684646606,-0.2895451486110687
sentence-transformers/LaBSE,ru,6,mean_pool,0.159999206662178,-0.2878018915653229,-0.3310306370258331,-0.268337994813919
sentence-transformers/LaBSE,ru,7,mean_pool,0.0663477554917335,-0.2336153984069824,-0.3569726943969726,-0.5242154598236084
sentence-transformers/LaBSE,ru,8,mean_pool,0.1695363968610763,-0.190014898777008,-0.4023085236549377,-0.5874186754226685
sentence-transformers/LaBSE,ru,9,mean_pool,0.0886250883340835,-0.2154223024845123,-0.2517534792423248,-0.4701467454433441
sentence-transformers/LaBSE,ru,10,mean_pool,0.1777540296316146,-0.1754524558782577,-0.2841275632381439,-0.5251851081848145
sentence-transformers/LaBSE,ru,11,mean_pool,0.1335984766483307,-0.1417775452136993,-0.3366583287715912,-0.5353724956512451
sentence-transformers/LaBSE,ru,12,mean_pool,0.3127151131629944,-0.2097897380590438,-0.3852140009403229,-0.6112355589866638
sentence-transformers/LaBSE,ru,13,mean_pool,0.0749092400074005,-0.2589035630226135,-0.4149022996425628,-0.137733519077301
sentence-transformers/LaBSE,ru,14,mean_pool,0.1606895327568054,-0.2763136029243469,-0.4721558094024658,-0.3354129791259765
sentence-transformers/LaBSE,ru,15,mean_pool,0.1020472943782806,-0.6089779734611511,-0.3619967103004455,-0.4991967678070068
sentence-transformers/LaBSE,ru,16,mean_pool,0.0961850360035896,-0.4664464294910431,-0.3938752710819244,-0.3382212221622467
sentence-transformers/LaBSE,ru,17,mean_pool,0.2442960739135742,-0.2832538187503814,-0.4646549224853515,-0.5706086754798889
sentence-transformers/LaBSE,ru,18,mean_pool,0.1642363220453262,-0.2390916794538498,-0.3981582522392273,-0.4179981052875519
sentence-transformers/LaBSE,ru,19,mean_pool,0.1280096024274826,-0.1761970520019531,-0.4937550723552704,-0.312292218208313
sentence-transformers/LaBSE,ru,20,mean_pool,0.0821620598435401,-0.5398976802825928,-0.3442643284797668,-0.2474362403154373
sentence-transformers/LaBSE,ru,21,mean_pool,0.2492397874593734,-0.0691698491573333,-0.3300975561141968,-0.5801509618759155
sentence-transformers/LaBSE,ru,22,mean_pool,0.2067728340625763,-0.1124467551708221,-0.1545533537864685,-0.4671068787574768
sentence-transformers/LaBSE,ru,23,mean_pool,0.1178697794675827,-0.3711593747138977,-0.3505361676216125,-0.2816500663757324
sentence-transformers/LaBSE,ru,24,mean_pool,0.1841304302215576,-0.5187418460845947,-0.4301624894142151,-0.3884002864360809
sentence-transformers/LaBSE,ru,25,mean_pool,0.3238517045974731,-0.2391945421695709,-0.5674845576286316,-0.4147285223007202
sentence-transformers/LaBSE,ru,26,mean_pool,0.1225984469056129,-0.1922300606966018,-0.455890029668808,-0.1360596567392349
sentence-transformers/LaBSE,ru,27,mean_pool,0.1150865331292152,-0.2075285762548446,-0.4599271714687347,-0.2245725691318512
sentence-transformers/LaBSE,ru,28,mean_pool,0.0932698771357536,-0.3812064528465271,-0.3697772920131683,-0.34044349193573
sentence-transformers/LaBSE,ru,29,mean_pool,0.1687768101692199,-0.2601833045482635,-0.4013672769069671,-0.5632200837135315
sentence-transformers/LaBSE,ru,30,mean_pool,0.0955975800752639,-0.1441764682531356,-0.1946526765823364,-0.5393730998039246
sentence-transformers/LaBSE,ru,31,mean_pool,0.1271327584981918,-0.5200926661491394,-0.3351230323314667,-0.4972088038921356
sentence-transformers/LaBSE,ru,32,mean_pool,0.0350103117525577,-0.1195863038301467,-0.3278828561306,-0.4798386693000793
sentence-transformers/LaBSE,ru,33,mean_pool,0.1876157224178314,-0.2885810136795044,-0.4191244542598724,-0.6347832083702087
sentence-transformers/LaBSE,ru,34,mean_pool,0.0896034613251686,-0.4380936920642853,-0.3140796720981598,-0.3119171857833862
sentence-transformers/LaBSE,ru,35,mean_pool,0.1177163124084472,-0.1199432536959648,-0.3859231173992157,-0.3136450052261352
sentence-transformers/LaBSE,ru,36,mean_pool,0.1039588525891304,-0.2544336020946502,-0.3803987205028534,-0.3009089529514313
sentence-transformers/LaBSE,ru,37,mean_pool,0.1090928241610527,-0.1793926060199737,-0.4106656014919281,-0.5072365999221802
sentence-transformers/LaBSE,ru,38,mean_pool,0.1698621064424514,-0.2259305268526077,-0.5029067993164062,-0.5099819302558899
sentence-transformers/LaBSE,ru,39,mean_pool,0.1111314073204994,-0.2900475859642029,-0.3958326876163482,-0.1986776739358902
sentence-transformers/LaBSE,ru,40,mean_pool,0.1141912937164306,-0.5449160933494568,-0.1947782933712005,-0.4240369796752929
sentence-transformers/LaBSE,ru,41,mean_pool,0.2354281097650528,-0.1678123772144317,-0.2239265441894531,-0.5392215251922607
sentence-transformers/LaBSE,ru,42,mean_pool,0.1040064394474029,-0.2487958520650863,-0.4424399733543396,-0.3068005442619324
sentence-transformers/LaBSE,ru,43,mean_pool,0.059931356459856,-0.2399812340736389,-0.3768251836299896,-0.4273163378238678
sentence-transformers/LaBSE,ru,44,mean_pool,0.0499005131423473,-0.5034490823745728,-0.28047975897789,-0.4714272916316986
sentence-transformers/LaBSE,ru,45,mean_pool,0.2807467877864837,-0.3977523148059845,-0.3456051051616668,-0.4741795063018799
sentence-transformers/LaBSE,ru,46,mean_pool,0.1996923685073852,-0.4864713847637176,-0.2177570313215255,-0.3955631852149963
sentence-transformers/LaBSE,ru,47,mean_pool,0.0605306960642337,-0.3579653203487396,-0.3604073226451874,-0.5767762064933777
sentence-transformers/LaBSE,ru,48,mean_pool,0.1968109309673309,-0.0461496077477932,-0.3720357418060303,-0.4515527784824371
sentence-transformers/LaBSE,ru,49,mean_pool,0.1752646565437317,-0.5282900929450989,-0.3942639827728271,-0.4291575849056244
sentence-transformers/LaBSE,ru,50,mean_pool,0.0718331560492515,-0.2552839517593384,-0.388867050409317,-0.3963927924633026
sentence-transformers/LaBSE,ru,51,mean_pool,0.1255160570144653,-0.390614241361618,-0.4172565340995788,-0.4032726585865021
sentence-transformers/LaBSE,ru,52,mean_pool,0.3756076693534851,-0.178189679980278,-0.3546980619430542,-0.5669828057289124
sentence-transformers/LaBSE,ru,53,mean_pool,0.0945556163787841,-0.2912313640117645,-0.2520608305931091,-0.5388705134391785
sentence-transformers/LaBSE,ru,54,mean_pool,0.1216796040534973,-0.3652145564556122,-0.3343002796173095,-0.2809865176677704
sentence-transformers/LaBSE,ru,55,mean_pool,0.1289428025484085,-0.1684933453798294,-0.2851111590862274,-0.4450168013572693
sentence-transformers/LaBSE,ru,56,mean_pool,0.1129587963223457,-0.0826192200183868,-0.3644489645957947,-0.3540321290493011
sentence-transformers/LaBSE,ru,57,mean_pool,0.1716513335704803,-0.1621635556221008,-0.1776357442140579,-0.4404793083667755
sentence-transformers/LaBSE,ru,58,mean_pool,0.2190822958946228,-0.3496811687946319,-0.2136805206537246,-0.5852813720703125
sentence-transformers/LaBSE,ru,59,mean_pool,0.1881034225225448,-0.2881694138050079,-0.4659554362297058,-0.2205748409032821
sentence-transformers/LaBSE,ru,60,mean_pool,0.100331462919712,-0.5864936709403992,-0.3042850494384765,-0.499248743057251
sentence-transformers/LaBSE,ru,61,mean_pool,0.0769203528761863,-0.3235566914081573,-0.2170630842447281,-0.4434424638748169
sentence-transformers/LaBSE,ru,62,mean_pool,0.1258299350738525,-0.1849697232246399,-0.4224960505962372,-0.4240387380123138
sentence-transformers/LaBSE,ru,63,mean_pool,0.0932322368025779,-0.1600772887468338,-0.4666570425033569,-0.4118529856204986
sentence-transformers/LaBSE,ru,64,mean_pool,0.1221738904714584,-0.0904400795698165,-0.3274325430393219,-0.4708022177219391
sentence-transformers/LaBSE,ru,65,mean_pool,0.1040783897042274,-0.2180154770612716,-0.3228511810302734,-0.4998578429222107
sentence-transformers/LaBSE,ru,66,mean_pool,0.0681463703513145,-0.1587498188018798,-0.3179156482219696,-0.4734467267990112
sentence-transformers/LaBSE,ru,67,mean_pool,0.1127052679657936,-0.1663693636655807,-0.3783296644687652,-0.3596281111240387
sentence-transformers/LaBSE,ru,68,mean_pool,0.2001969814300537,-0.1146607473492622,-0.4001531898975372,-0.5402095913887024
sentence-transformers/LaBSE,ru,69,mean_pool,0.0977140516042709,-0.1266885250806808,-0.3564639091491699,-0.4797452986240387
sentence-transformers/LaBSE,ru,70,mean_pool,0.0588888600468635,-0.2134929299354553,-0.2907307147979736,-0.3885514140129089
sentence-transformers/LaBSE,ru,71,mean_pool,0.1687711477279663,-0.2641642987728119,-0.4177290797233581,-0.3866224884986877
sentence-transformers/LaBSE,ru,72,mean_pool,0.1714488565921783,-0.5048783421516418,-0.222310185432434,-0.4811796247959137
sentence-transformers/LaBSE,ru,73,mean_pool,0.1671019792556762,-0.1519582718610763,-0.2997013032436371,-0.5333327651023865
sentence-transformers/LaBSE,ru,74,mean_pool,0.1029565334320068,-0.6157875657081604,-0.2625904977321625,-0.3590213358402252
sentence-transformers/LaBSE,ru,75,mean_pool,0.1214093640446662,-0.6133514642715454,-0.4338829815387726,-0.6189387440681458
sentence-transformers/LaBSE,ru,76,mean_pool,0.1050713434815406,-0.4665927588939667,-0.3958477675914764,-0.6190394759178162
sentence-transformers/LaBSE,ru,77,mean_pool,0.1233102679252624,-0.4072446823120117,-0.1900637298822403,-0.4157496988773346
sentence-transformers/LaBSE,ru,78,mean_pool,0.0438263677060604,-0.3206590414047241,-0.3276850879192352,-0.3207058310508728
sentence-transformers/LaBSE,ru,79,mean_pool,0.1854028403759002,-0.1679978221654892,-0.3310694694519043,-0.4550189673900604
sentence-transformers/LaBSE,ru,80,mean_pool,0.188329130411148,-0.2885430753231048,-0.267973929643631,-0.497509241104126
sentence-transformers/LaBSE,ru,81,mean_pool,0.1649980694055557,-0.3069667220115661,-0.3450934290885925,-0.5523136854171753
sentence-transformers/LaBSE,ru,82,mean_pool,0.0868995115160942,-0.1438851654529571,-0.1266253590583801,-0.5256887674331665
sentence-transformers/LaBSE,ru,83,mean_pool,0.0968757644295692,-0.2810711562633514,-0.312569797039032,-0.4771833419799804
sentence-transformers/LaBSE,ru,84,mean_pool,0.2123696953058242,-0.3247184455394745,-0.3946657180786133,-0.3519122898578644
sentence-transformers/LaBSE,ru,85,mean_pool,0.0965727120637893,-0.1730069369077682,-0.4643135666847229,-0.3175956904888153
sentence-transformers/LaBSE,ru,86,mean_pool,0.0846398174762725,-0.2128219455480575,-0.4292614459991455,-0.333746999502182
sentence-transformers/LaBSE,ru,87,mean_pool,0.0604560561478138,-0.2191772609949112,-0.4388160705566406,-0.5292860269546509
sentence-transformers/LaBSE,ru,88,mean_pool,0.1042397171258926,-0.5688953399658203,-0.2972189486026764,-0.3458928763866424
sentence-transformers/LaBSE,ru,89,mean_pool,0.1622237861156463,-0.2777222394943237,-0.3213875889778137,-0.5254505276679993
sentence-transformers/LaBSE,ru,90,mean_pool,0.1801594793796539,-0.5511678457260132,-0.4408985376358032,-0.3756836652755737
sentence-transformers/LaBSE,ru,91,mean_pool,0.0575252585113048,-0.2353964895009994,-0.4004677832126617,-0.4316227734088897
sentence-transformers/LaBSE,ru,92,mean_pool,0.0914474800229072,-0.076492853462696,-0.2697109282016754,-0.4228771328926086
sentence-transformers/LaBSE,ru,93,mean_pool,0.0259739756584167,-0.2521676123142242,-0.3516160547733307,-0.2599174976348877
sentence-transformers/LaBSE,ru,94,mean_pool,0.1925462335348129,-0.240458458662033,-0.3204676806926727,-0.5348179340362549
sentence-transformers/LaBSE,ru,95,mean_pool,0.3101634681224823,-0.184669628739357,-0.3667699694633484,-0.4499625265598297
sentence-transformers/LaBSE,ru,96,mean_pool,0.1889796406030655,-0.2099588215351104,-0.4805030524730682,-0.3837215304374695
sentence-transformers/LaBSE,ru,97,mean_pool,0.0899156779050827,-0.1849319189786911,-0.4114610552787781,-0.4382216334342956
sentence-transformers/LaBSE,ru,98,mean_pool,0.081655316054821,-0.2611457705497741,-0.4242866635322571,-0.2416556924581527
sentence-transformers/LaBSE,ru,99,mean_pool,0.1264626234769821,-0.1688960939645767,-0.3985547423362732,-0.4390231668949127
sentence-transformers/LaBSE,ru,100,mean_pool,0.1330088526010513,-0.2857843041419983,-0.320468008518219,-0.4402129650115967
sentence-transformers/LaBSE,ru,101,mean_pool,0.1487541794776916,-0.30329230427742,-0.4734123945236206,-0.3607187569141388
sentence-transformers/LaBSE,ru,102,mean_pool,0.1593974232673645,-0.233146071434021,-0.3747699558734894,-0.4983780086040497
sentence-transformers/LaBSE,ru,103,mean_pool,0.1634990274906158,-0.2441538870334625,-0.2756325304508209,-0.4922468662261963
sentence-transformers/LaBSE,ru,104,mean_pool,0.191733106970787,-0.3908698856830597,-0.3469288945198059,-0.518210768699646
sentence-transformers/LaBSE,ru,105,mean_pool,0.1146314516663551,-0.4342152774333954,-0.436679869890213,-0.4735221266746521
sentence-transformers/LaBSE,ru,106,mean_pool,0.2123787701129913,-0.2901630997657776,-0.1298774033784866,-0.439460277557373
sentence-transformers/LaBSE,ru,107,mean_pool,0.0951504781842231,-0.3069052398204803,-0.3213847875595093,-0.2077871710062027
sentence-transformers/LaBSE,ru,108,mean_pool,0.1410051435232162,-0.1773122400045395,-0.3435322642326355,-0.4479950368404388
sentence-transformers/LaBSE,ru,109,mean_pool,0.0954930707812309,-0.1922262907028198,-0.4672705233097076,-0.4460375308990478
sentence-transformers/LaBSE,ru,110,mean_pool,0.0935234650969505,-0.2345247417688369,-0.2448747158050537,-0.5359399914741516
sentence-transformers/LaBSE,ru,111,mean_pool,0.2374986708164215,-0.3794760704040527,-0.256142258644104,-0.4191710650920868
sentence-transformers/LaBSE,ru,112,mean_pool,0.1481180489063263,-0.325512558221817,-0.2836254239082336,-0.5457218885421753
sentence-transformers/LaBSE,ru,113,mean_pool,0.114351250231266,-0.1012375652790069,-0.3201549351215362,-0.5206053853034973
sentence-transformers/LaBSE,ru,114,mean_pool,0.1931109577417373,-0.208005279302597,-0.3797954022884369,-0.5341848731040955
sentence-transformers/LaBSE,ru,115,mean_pool,0.222852811217308,-0.4025329649448395,-0.3074699342250824,-0.4964941143989563
sentence-transformers/LaBSE,ru,116,mean_pool,0.2561004161834717,-0.2807796895503998,-0.4453985691070556,-0.5574154257774353
sentence-transformers/LaBSE,ru,117,mean_pool,0.1145601943135261,-0.2922883033752441,-0.5011240839958191,-0.2803250849246979
sentence-transformers/LaBSE,ru,118,mean_pool,0.1773196011781692,-0.3214187324047088,-0.4281130731105804,-0.3667847216129303
sentence-transformers/LaBSE,ru,119,mean_pool,0.2289563119411468,-0.3313355445861816,-0.4131491780281067,-0.4859215021133423
sentence-transformers/LaBSE,ru,120,mean_pool,0.1792329549789428,-0.0191106554120779,-0.2367560267448425,-0.5426740646362305
sentence-transformers/LaBSE,ru,121,mean_pool,0.054958775639534,-0.2747703790664673,-0.2910839915275574,-0.422010213136673
sentence-transformers/LaBSE,ru,122,mean_pool,0.0462328791618347,-0.103485032916069,-0.4177152514457702,-0.5339052081108093
sentence-transformers/LaBSE,ru,123,mean_pool,0.1062833666801452,-0.4896462261676788,-0.354350596666336,-0.3843059241771698
sentence-transformers/LaBSE,ru,124,mean_pool,0.1995154917240142,-0.1879313290119171,-0.2316275537014007,-0.25090092420578
sentence-transformers/LaBSE,ru,125,mean_pool,0.0575591996312141,-0.4402893483638763,-0.3969061374664306,-0.4773386716842651
sentence-transformers/LaBSE,ru,126,mean_pool,0.1409287899732589,-0.2399186342954635,-0.3476014733314514,-0.5695801973342896
sentence-transformers/LaBSE,ru,127,mean_pool,0.1419499218463897,-0.1298716217279434,-0.5205440521240234,-0.1534392982721328
sentence-transformers/LaBSE,ru,128,mean_pool,0.0663627162575721,-0.5618676543235779,-0.1109631806612014,-0.4806750118732452
sentence-transformers/LaBSE,ru,129,mean_pool,0.1245873942971229,-0.121982492506504,-0.4279689788818359,-0.4516038000583648
sentence-transformers/LaBSE,ru,130,mean_pool,0.0706356763839721,-0.5583309531211853,-0.3483552634716034,-0.4425421357154846
sentence-transformers/LaBSE,ru,131,mean_pool,0.1279248893260955,-0.1061482280492782,-0.1940149962902069,-0.3128599822521209
sentence-transformers/LaBSE,ru,132,mean_pool,0.1097935810685157,-0.6146801114082336,-0.2727417349815368,-0.4085274040699005
sentence-transformers/LaBSE,ru,133,mean_pool,0.1728040874004364,-0.3642152547836303,-0.3610130548477173,-0.363041877746582
sentence-transformers/LaBSE,ru,134,mean_pool,0.1057797521352768,-0.1973558813333511,-0.2539620995521545,-0.4145885407924652
sentence-transformers/LaBSE,ru,135,mean_pool,0.2556647360324859,-0.2263576239347458,-0.4321990609169006,-0.4633295834064483
sentence-transformers/LaBSE,ru,136,mean_pool,0.1933251023292541,-0.2753119766712188,-0.3561741411685943,-0.4691284596920013
sentence-transformers/LaBSE,ru,137,mean_pool,0.1015695631504058,-0.236835092306137,-0.3718548119068146,-0.544330894947052
sentence-transformers/LaBSE,ru,138,mean_pool,0.1294052749872207,-0.4850879311561584,-0.3738276362419128,-0.505692720413208
sentence-transformers/LaBSE,ru,139,mean_pool,0.1654875129461288,-0.2256200909614563,-0.4314762055873871,-0.5661624670028687
sentence-transformers/LaBSE,ru,140,mean_pool,0.1121595278382301,-0.3940125703811645,-0.2714476585388183,-0.3229081332683563
sentence-transformers/LaBSE,ru,141,mean_pool,0.1031699031591415,-0.1932996958494186,-0.3430491089820862,-0.3966558575630188
sentence-transformers/LaBSE,ru,142,mean_pool,0.0458523593842983,-0.1333037912845611,-0.3408630192279815,-0.4910864233970642
sentence-transformers/LaBSE,ru,143,mean_pool,0.1483643651008606,-0.0313472039997577,-0.2388403713703155,-0.5025558471679688
sentence-transformers/LaBSE,ru,144,mean_pool,0.4145993292331695,-0.2411308884620666,-0.4113290011882782,-0.6358500719070435
sentence-transformers/LaBSE,ru,145,mean_pool,0.2217632979154586,-0.3416705429553985,-0.3950902223587036,-0.4917435944080353
sentence-transformers/LaBSE,ru,146,mean_pool,0.1081134974956512,-0.0878750681877136,-0.3684360384941101,-0.4211616814136505
sentence-transformers/LaBSE,ru,147,mean_pool,0.1149425879120826,-0.0122877033427357,-0.2085603326559066,-0.5467683672904968
sentence-transformers/LaBSE,ru,148,mean_pool,0.1225946843624115,-0.4182465076446533,-0.2589472532272339,-0.5039628148078918
sentence-transformers/LaBSE,ru,149,mean_pool,0.1188175603747367,-0.3204525709152221,-0.3333908021450043,-0.3801318109035492
sentence-transformers/LaBSE,ru,150,mean_pool,0.2267007082700729,-0.154057502746582,-0.3777176141738891,-0.4457660615444183
sentence-transformers/LaBSE,ru,151,mean_pool,0.1140109300613403,-0.126874953508377,-0.1898505538702011,-0.4484027326107025
sentence-transformers/LaBSE,ru,152,mean_pool,0.0582746341824531,-0.2948735356330871,-0.3783347606658935,-0.3605923056602478
sentence-transformers/LaBSE,ru,153,mean_pool,0.0666830390691757,-0.1639448255300521,-0.3893124461174011,-0.301460325717926
sentence-transformers/LaBSE,ru,154,mean_pool,0.0483177751302719,-0.3418242037296295,-0.400962084531784,-0.3958828747272491
sentence-transformers/LaBSE,ru,155,mean_pool,0.039457943290472,-0.1336814910173416,-0.3750015795230865,-0.3744030594825744
sentence-transformers/LaBSE,ru,156,mean_pool,0.1167668476700782,-0.0453352406620979,-0.4693869948387146,-0.3023734390735626
sentence-transformers/LaBSE,ru,157,mean_pool,0.1083631590008735,-0.2157342284917831,-0.4119418561458587,-0.1808070242404937
sentence-transformers/LaBSE,ru,158,mean_pool,0.0780744925141334,-0.2458150386810302,-0.4118986427783966,-0.2687432467937469
sentence-transformers/LaBSE,ru,159,mean_pool,0.1110878139734268,-0.4115515351295471,-0.3996919989585876,-0.2832574844360351
sentence-transformers/LaBSE,zh,0,mean_pool,0.0576633363962173,-0.4209297299385071,-0.6692192554473877,-0.4752801060676574
sentence-transformers/LaBSE,zh,1,mean_pool,0.0720865651965141,-0.4611270725727081,-0.5548397302627563,-0.2794786393642425
sentence-transformers/LaBSE,zh,2,mean_pool,0.0378961972892284,-0.3901859223842621,-0.5972046256065369,-0.3989941477775574
sentence-transformers/LaBSE,zh,3,mean_pool,0.0368125028908252,-0.4037060141563415,-0.6500469446182251,-0.4361353814601898
sentence-transformers/LaBSE,zh,4,mean_pool,0.1880199760198593,-0.4277863502502441,-0.6085245609283447,-0.2922700941562652
sentence-transformers/LaBSE,zh,5,mean_pool,0.0329809188842773,-0.4358431100845337,-0.5811982750892639,-0.3978991210460663
sentence-transformers/LaBSE,zh,6,mean_pool,0.1380813121795654,-0.5876924395561218,-0.524827778339386,-0.3042744994163513
sentence-transformers/LaBSE,zh,7,mean_pool,0.1139332130551338,-0.5222505331039429,-0.5945172905921936,-0.3354448080062866
sentence-transformers/LaBSE,zh,8,mean_pool,0.0987071692943573,-0.4949055314064026,-0.4724068939685821,-0.4503222107887268
sentence-transformers/LaBSE,zh,9,mean_pool,0.0389080308377742,-0.4447131156921386,-0.5687832832336426,-0.4338095784187317
sentence-transformers/LaBSE,zh,10,mean_pool,0.1190153360366821,-0.2371489703655243,-0.7730876803398132,-0.2899515926837921
sentence-transformers/LaBSE,zh,11,mean_pool,0.1849977076053619,-0.5328056216239929,-0.3953411877155304,-0.2355198264122009
sentence-transformers/LaBSE,zh,12,mean_pool,0.1401214897632599,-0.2286479175090789,-0.7782421708106995,-0.3267525136470794
sentence-transformers/LaBSE,zh,13,mean_pool,0.0439489744603633,-0.4326644241809845,-0.6264370083808899,-0.4736952781677246
sentence-transformers/LaBSE,zh,14,mean_pool,0.2273679375648498,-0.5746610760688782,-0.5018559098243713,-0.4077232480049133
sentence-transformers/LaBSE,zh,15,mean_pool,0.0567467436194419,-0.4466714859008789,-0.6728909015655518,-0.3598291873931885
sentence-transformers/LaBSE,zh,16,mean_pool,0.0601369515061378,-0.4157485067844391,-0.5134312510490417,-0.3089739084243774
sentence-transformers/LaBSE,zh,17,mean_pool,0.1184307187795639,-0.4589819312095642,-0.4644348621368408,-0.5086734890937805
sentence-transformers/LaBSE,zh,18,mean_pool,0.1367421448230743,-0.2136549204587936,-0.7963959574699402,-0.4726168215274811
sentence-transformers/LaBSE,zh,19,mean_pool,0.060119092464447,-0.4426925182342529,-0.6016824245452881,-0.510400116443634
sentence-transformers/LaBSE,zh,20,mean_pool,0.1050942838191986,-0.4032151103019714,-0.7514269948005676,-0.5589717030525208
sentence-transformers/LaBSE,zh,21,mean_pool,0.049924973398447,-0.4659173786640167,-0.4651533365249634,-0.3121962249279022
sentence-transformers/LaBSE,zh,22,mean_pool,0.0721949562430381,-0.4094069600105285,-0.6483336687088013,-0.5356278419494629
sentence-transformers/LaBSE,zh,23,mean_pool,0.111211821436882,-0.4376948475837707,-0.7405327558517456,-0.3830574154853821
sentence-transformers/LaBSE,zh,24,mean_pool,0.1817352026700973,-0.5682297945022583,-0.6750115752220154,-0.7080618143081665
sentence-transformers/LaBSE,zh,25,mean_pool,0.0439133048057556,-0.4558208286762237,-0.5897983908653259,-0.3287400305271148
sentence-transformers/LaBSE,zh,26,mean_pool,0.0714634880423545,-0.5633105039596558,-0.6826106905937195,-0.4937310218811035
sentence-transformers/LaBSE,zh,27,mean_pool,0.1619404554367065,-0.7544748783111572,-0.7482591867446899,-0.6977114081382751
sentence-transformers/LaBSE,zh,28,mean_pool,0.0636530965566635,-0.3937786221504211,-0.6865463256835938,-0.3187719285488128
sentence-transformers/LaBSE,zh,29,mean_pool,0.0352088995277881,-0.4333634376525879,-0.5970718264579773,-0.2440690696239471
sentence-transformers/LaBSE,zh,30,mean_pool,0.0935656353831291,-0.4410513639450073,-0.5759836435317993,-0.4752300679683685
sentence-transformers/LaBSE,zh,31,mean_pool,0.1465355157852172,-0.3879025876522064,-0.7312784790992737,-0.3776821196079254
sentence-transformers/LaBSE,zh,32,mean_pool,0.0926610752940177,-0.3616524636745453,-0.5754452347755432,-0.3402678966522217
sentence-transformers/LaBSE,zh,33,mean_pool,0.0940422341227531,-0.3911403119564056,-0.5819053053855896,-0.3744108378887176
sentence-transformers/LaBSE,zh,34,mean_pool,0.1044048890471458,-0.5289070010185242,-0.6705384254455566,-0.5387412309646606
sentence-transformers/LaBSE,zh,35,mean_pool,0.1091216057538986,-0.4015567302703857,-0.620938241481781,-0.4249348640441894
sentence-transformers/LaBSE,zh,36,mean_pool,0.0318336524069309,-0.4411037862300873,-0.6425477266311646,-0.3893264830112457
sentence-transformers/LaBSE,zh,37,mean_pool,0.0786699205636978,-0.3734599351882934,-0.6325045228004456,-0.3894728422164917
sentence-transformers/LaBSE,zh,38,mean_pool,0.0531417354941368,-0.3996701538562774,-0.5621013045310974,-0.4368993937969208
sentence-transformers/LaBSE,zh,39,mean_pool,0.0805498957633972,-0.4092853367328644,-0.5568832159042358,-0.4594269394874573
sentence-transformers/LaBSE,zh,40,mean_pool,0.0908695310354232,-0.3234778046607971,-0.6789650321006775,-0.5681058764457703
sentence-transformers/LaBSE,zh,41,mean_pool,0.1408764123916626,-0.3253721296787262,-0.5693711042404175,-0.4132460653781891
sentence-transformers/LaBSE,zh,42,mean_pool,0.0533978827297687,-0.4851641356945038,-0.5595554709434509,-0.1966756582260131
sentence-transformers/LaBSE,zh,43,mean_pool,0.0911156013607978,-0.3053496479988098,-0.7019419074058533,-0.5202988386154175
sentence-transformers/LaBSE,zh,44,mean_pool,0.0690901055932045,-0.3350703120231628,-0.6289603114128113,-0.2857337594032287
sentence-transformers/LaBSE,zh,45,mean_pool,0.0782546326518058,-0.4983803033828735,-0.5862990021705627,-0.4731288850307464
sentence-transformers/LaBSE,zh,46,mean_pool,0.0745454579591751,-0.4605734646320343,-0.5293353199958801,-0.2626239657402038
sentence-transformers/LaBSE,zh,47,mean_pool,0.054212674498558,-0.3953213095664978,-0.5906769633293152,-0.303737610578537
sentence-transformers/LaBSE,zh,48,mean_pool,0.0483574979007244,-0.4266271889209747,-0.5492475032806396,-0.3289402723312378
sentence-transformers/LaBSE,zh,49,mean_pool,0.0683411508798599,-0.5218310952186584,-0.4712488949298858,-0.3482640087604522
sentence-transformers/LaBSE,zh,50,mean_pool,0.104439377784729,-0.1961903125047683,-0.7479038238525391,-0.6759853363037109
sentence-transformers/LaBSE,zh,51,mean_pool,0.0492159314453601,-0.4454977512359619,-0.6167799830436707,-0.3464835882186889
sentence-transformers/LaBSE,zh,52,mean_pool,0.083937868475914,-0.3498710393905639,-0.6779078841209412,-0.334219366312027
sentence-transformers/LaBSE,zh,53,mean_pool,0.0309375245124101,-0.4898384511470794,-0.5879250168800354,-0.3951252102851867
sentence-transformers/LaBSE,zh,54,mean_pool,0.0312226936221122,-0.4369772672653198,-0.5765165686607361,-0.4290245175361633
sentence-transformers/LaBSE,zh,55,mean_pool,0.0483329109847545,-0.5740241408348083,-0.6967288851737976,-0.4497828781604767
sentence-transformers/LaBSE,zh,56,mean_pool,0.0561430566012859,-0.3715492784976959,-0.591878354549408,-0.4110414385795593
sentence-transformers/LaBSE,zh,57,mean_pool,0.0728132724761962,-0.4017380475997925,-0.5631791353225708,-0.365287184715271
sentence-transformers/LaBSE,zh,58,mean_pool,0.062495294958353,-0.540047287940979,-0.5097731947898865,-0.4059518575668335
sentence-transformers/LaBSE,zh,59,mean_pool,0.1261594146490097,-0.3581620454788208,-0.5586087703704834,-0.3131073713302612
sentence-transformers/LaBSE,zh,60,mean_pool,0.1163099408149719,-0.361283928155899,-0.6567279100418091,-0.5034650564193726
sentence-transformers/LaBSE,zh,61,mean_pool,0.0566914863884449,-0.5534250736236572,-0.5848730206489563,-0.1232538670301437
sentence-transformers/LaBSE,zh,62,mean_pool,0.1090650111436843,-0.4711824357509613,-0.6985301971435547,-0.5767371654510498
sentence-transformers/LaBSE,zh,63,mean_pool,0.135280042886734,-0.3596172034740448,-0.5498257279396057,-0.5716531276702881
sentence-transformers/LaBSE,zh,64,mean_pool,0.159386396408081,-0.2776969075202942,-0.6957680583000183,-0.4120125770568847
sentence-transformers/LaBSE,zh,65,mean_pool,0.0781889781355857,-0.4300764501094818,-0.5962633490562439,-0.4388006031513214
sentence-transformers/LaBSE,zh,66,mean_pool,0.0633852556347847,-0.4476446807384491,-0.5738838315010071,-0.5555930137634277
sentence-transformers/LaBSE,zh,67,mean_pool,0.1226951256394386,-0.4951243102550506,-0.5149693489074707,-0.3260506689548492
sentence-transformers/LaBSE,zh,68,mean_pool,0.0974703356623649,-0.3078045845031738,-0.7192348837852478,-0.4367265701293945
sentence-transformers/LaBSE,zh,69,mean_pool,0.0815974846482276,-0.3931850492954254,-0.5897849798202515,-0.4558314681053161
sentence-transformers/LaBSE,zh,70,mean_pool,0.0383682437241077,-0.4843513965606689,-0.5190343856811523,-0.2595139145851135
sentence-transformers/LaBSE,zh,71,mean_pool,0.110334575176239,-0.4549116492271423,-0.4914256632328033,-0.4840907454490661
sentence-transformers/LaBSE,zh,72,mean_pool,0.0777638778090477,-0.263386607170105,-0.7311035394668579,-0.4572687149047851
sentence-transformers/LaBSE,zh,73,mean_pool,0.0896349251270294,-0.4075711965560913,-0.543907642364502,-0.4024651348590851
sentence-transformers/LaBSE,zh,74,mean_pool,0.2799731492996216,-0.0778292864561081,-0.8527681231498718,-0.4001873433589935
sentence-transformers/LaBSE,zh,75,mean_pool,0.1660299003124237,-0.0777538940310478,-0.7881162166595459,-0.7364602088928223
sentence-transformers/LaBSE,zh,76,mean_pool,0.0358933135867118,-0.4594816863536834,-0.6194474697113037,-0.3041055500507355
sentence-transformers/LaBSE,zh,77,mean_pool,0.0451797768473625,-0.4005773961544037,-0.5758459568023682,-0.2667576670646667
sentence-transformers/LaBSE,zh,78,mean_pool,0.0808244869112968,-0.5087613463401794,-0.7027978897094727,-0.551160991191864
sentence-transformers/LaBSE,zh,79,mean_pool,0.0473345518112182,-0.3706250190734863,-0.6724640727043152,-0.4344597458839416
sentence-transformers/LaBSE,zh,80,mean_pool,0.0602853782474994,-0.6457495093345642,-0.671393096446991,-0.5886597633361816
sentence-transformers/LaBSE,zh,81,mean_pool,0.1285748481750488,-0.5113219022750854,-0.4399486780166626,-0.5891150236129761
sentence-transformers/LaBSE,zh,82,mean_pool,0.1050981506705284,-0.3819169402122497,-0.558385968208313,-0.4409986138343811
sentence-transformers/LaBSE,zh,83,mean_pool,0.0587923601269722,-0.4654634892940521,-0.5431079864501953,-0.4205790162086487
sentence-transformers/LaBSE,zh,84,mean_pool,0.0556534938514232,-0.379671037197113,-0.5598026514053345,-0.473499059677124
sentence-transformers/LaBSE,zh,85,mean_pool,0.1981528103351593,-0.4060594439506531,-0.4653091430664062,-0.6186797022819519
sentence-transformers/LaBSE,zh,86,mean_pool,0.0231521781533956,-0.356519490480423,-0.6890419125556946,-0.3142521977424621
sentence-transformers/LaBSE,zh,87,mean_pool,0.2097385376691818,-0.6314184069633484,-0.5415377616882324,-0.2886110246181488
sentence-transformers/LaBSE,zh,88,mean_pool,0.1232982948422432,-0.4495421051979065,-0.7129316329956055,-0.5150392651557922
sentence-transformers/LaBSE,zh,89,mean_pool,0.0488748811185359,-0.3677221536636352,-0.6063367128372192,-0.343939334154129
sentence-transformers/LaBSE,zh,90,mean_pool,0.0597508400678634,-0.2767987847328186,-0.7210673689842224,-0.3828115463256836
sentence-transformers/LaBSE,zh,91,mean_pool,0.0787823051214218,-0.3539374768733978,-0.3950416445732116,-0.3422589302062988
sentence-transformers/LaBSE,zh,92,mean_pool,0.0506204888224601,-0.3854999542236328,-0.600419819355011,-0.3613164126873016
sentence-transformers/LaBSE,zh,93,mean_pool,0.0746980458498001,-0.4553737342357635,-0.5205555558204651,-0.4747706651687622
sentence-transformers/LaBSE,zh,94,mean_pool,0.116212360560894,-0.3784313201904297,-0.6135287880897522,-0.4210971295833587
sentence-transformers/LaBSE,zh,95,mean_pool,0.1888214945793151,-0.5402920246124268,-0.5524387359619141,-0.2479990869760513
sentence-transformers/LaBSE,zh,96,mean_pool,0.0654162243008613,-0.4326367080211639,-0.626582145690918,-0.4588052928447723
sentence-transformers/LaBSE,zh,97,mean_pool,0.0814428851008415,-0.3849595785140991,-0.6316536068916321,-0.651203989982605
sentence-transformers/LaBSE,zh,98,mean_pool,0.1719940602779388,-0.3210669159889221,-0.6373701691627502,-0.579245388507843
sentence-transformers/LaBSE,zh,99,mean_pool,0.1721209585666656,-0.2625425457954407,-0.7444154024124146,-0.6371578574180603
sentence-transformers/LaBSE,zh,100,mean_pool,0.074894368648529,-0.272441416978836,-0.7370907664299011,-0.5875612497329712
sentence-transformers/LaBSE,zh,101,mean_pool,0.0615804195404052,-0.4425044655799866,-0.591970682144165,-0.3984065651893616
sentence-transformers/LaBSE,zh,102,mean_pool,0.0807557851076126,-0.3472865223884582,-0.6293187141418457,-0.3102213144302368
sentence-transformers/LaBSE,zh,103,mean_pool,0.1637531965970993,-0.6016725301742554,-0.6540220379829407,-0.5659375190734863
sentence-transformers/LaBSE,zh,104,mean_pool,0.0675983950495719,-0.4843935370445251,-0.5353960394859314,-0.345172256231308
sentence-transformers/LaBSE,zh,105,mean_pool,0.0783857330679893,-0.404539942741394,-0.7479594349861145,-0.2716339230537414
sentence-transformers/LaBSE,zh,106,mean_pool,0.0547437407076358,-0.5861695408821106,-0.6912044882774353,-0.4123376011848449
sentence-transformers/LaBSE,zh,107,mean_pool,0.0725446492433548,-0.3585520088672638,-0.582904040813446,-0.4961554408073425
sentence-transformers/LaBSE,zh,108,mean_pool,0.0885498896241188,-0.3592811524868011,-0.6256351470947266,-0.4185856580734253
sentence-transformers/LaBSE,zh,109,mean_pool,0.0710239931941032,-0.4131653308868408,-0.7255820035934448,-0.4540863633155823
sentence-transformers/LaBSE,zh,110,mean_pool,0.0814196988940239,-0.4331871271133423,-0.579430878162384,-0.4176978170871734
sentence-transformers/LaBSE,zh,111,mean_pool,0.0923761799931526,-0.3781189024448395,-0.7190290093421936,-0.35149085521698
sentence-transformers/LaBSE,zh,112,mean_pool,0.0713944435119628,-0.4202804863452911,-0.6408911943435669,-0.3804198205471039
sentence-transformers/LaBSE,zh,113,mean_pool,0.0668051391839981,-0.3850877285003662,-0.5623140335083008,-0.3524831533432007
sentence-transformers/LaBSE,zh,114,mean_pool,0.2625466585159302,-0.4942083358764648,-0.7501164078712463,-0.8173002600669861
sentence-transformers/LaBSE,zh,115,mean_pool,0.0561768300831317,-0.4184984266757965,-0.5492222309112549,-0.4228560328483581
sentence-transformers/LaBSE,zh,116,mean_pool,0.0610207505524158,-0.4157354533672333,-0.5516575574874878,-0.3003600835800171
sentence-transformers/LaBSE,zh,117,mean_pool,0.1119190454483032,-0.3798871040344238,-0.7592038512229919,-0.6310306191444397
sentence-transformers/LaBSE,zh,118,mean_pool,0.0703843310475349,-0.3824513256549835,-0.5692819356918335,-0.3274724781513214
sentence-transformers/LaBSE,zh,119,mean_pool,0.0482673309743404,-0.436748057603836,-0.6711556315422058,-0.4361647665500641
sentence-transformers/LaBSE,zh,120,mean_pool,0.0337059497833251,-0.3857894241809845,-0.6587857007980347,-0.2792279422283172
sentence-transformers/LaBSE,zh,121,mean_pool,0.1030877903103828,-0.5068634152412415,-0.7431154847145081,-0.4416370391845703
sentence-transformers/LaBSE,zh,122,mean_pool,0.0239437855780124,-0.4332694709300995,-0.5978006720542908,-0.2988028228282928
sentence-transformers/LaBSE,zh,123,mean_pool,0.103776678442955,-0.3630783855915069,-0.5880722403526306,-0.3452963232994079
sentence-transformers/LaBSE,zh,124,mean_pool,0.0412435196340084,-0.4294235110282898,-0.5444189310073853,-0.2942943274974823
sentence-transformers/LaBSE,zh,125,mean_pool,0.1217630133032798,-0.4731020629405975,-0.639898955821991,-0.3563396036624908
sentence-transformers/LaBSE,zh,126,mean_pool,0.1734630018472671,-0.5750717520713806,-0.4600500464439392,-0.3516981303691864
sentence-transformers/LaBSE,zh,127,mean_pool,0.1992811262607574,-0.4139060080051422,-0.575604259967804,-0.5472085475921631
sentence-transformers/LaBSE,zh,128,mean_pool,0.0845937430858612,-0.4445852041244507,-0.5436264276504517,-0.4399487376213074
sentence-transformers/LaBSE,zh,129,mean_pool,0.2484122663736343,-0.6888116002082825,-0.6673917174339294,-0.6541875004768372
sentence-transformers/LaBSE,zh,130,mean_pool,0.0243381559848785,-0.4364045858383178,-0.6534926295280457,-0.37154221534729
sentence-transformers/LaBSE,zh,131,mean_pool,0.1927582025527954,-0.2550857961177826,-0.7586474418640137,-0.4602156579494476
sentence-transformers/LaBSE,zh,132,mean_pool,0.2236926257610321,-0.5802997350692749,-0.7363647818565369,-0.7216970920562744
sentence-transformers/LaBSE,zh,133,mean_pool,0.0622714050114154,-0.4712177515029907,-0.6780861020088196,-0.5855474472045898
sentence-transformers/LaBSE,zh,134,mean_pool,0.1391926258802414,-0.4070120751857757,-0.750880777835846,-0.4904869794845581
sentence-transformers/LaBSE,zh,135,mean_pool,0.0677892565727233,-0.4380592703819275,-0.5116906762123108,-0.4422580301761627
sentence-transformers/LaBSE,zh,136,mean_pool,0.024275979027152,-0.4006031453609466,-0.5934762358665466,-0.3933804035186767
sentence-transformers/LaBSE,zh,137,mean_pool,0.19603331387043,-0.3575332462787628,-0.5579135417938232,-0.6297858357429504
sentence-transformers/LaBSE,zh,138,mean_pool,0.0581008233129978,-0.2550667226314544,-0.6998915672302246,-0.6162881255149841
sentence-transformers/LaBSE,zh,139,mean_pool,0.1131511554121971,-0.349743127822876,-0.5592358112335205,-0.5084099173545837
sentence-transformers/LaBSE,zh,140,mean_pool,0.134921059012413,-0.3667892217636108,-0.5332249999046326,-0.569074809551239
sentence-transformers/LaBSE,zh,141,mean_pool,0.0642159655690193,-0.360654354095459,-0.6919770240783691,-0.3989696800708771
sentence-transformers/LaBSE,zh,142,mean_pool,0.0509967431426048,-0.3846366703510284,-0.5819799304008484,-0.4069829881191253
sentence-transformers/LaBSE,zh,143,mean_pool,0.0944628342986106,-0.4650879204273224,-0.7073261737823486,-0.2976734340190887
sentence-transformers/LaBSE,zh,144,mean_pool,0.2539268136024475,-0.1364054679870605,-0.8409626483917236,-0.5205885767936707
sentence-transformers/LaBSE,zh,145,mean_pool,0.13157320022583,-0.4050067961215973,-0.4932937622070312,-0.4898585081100464
sentence-transformers/LaBSE,zh,146,mean_pool,0.1261463016271591,-0.4811132252216339,-0.766355037689209,-0.6673099994659424
sentence-transformers/LaBSE,zh,147,mean_pool,0.0234945230185985,-0.4229920506477356,-0.6223587393760681,-0.3385831415653229
sentence-transformers/LaBSE,zh,148,mean_pool,0.299145758152008,-0.1678285151720047,-0.7173154354095459,-0.7477560043334961
sentence-transformers/LaBSE,zh,149,mean_pool,0.0895338580012321,-0.3152667582035064,-0.7486110925674438,-0.4443826973438263
sentence-transformers/LaBSE,zh,150,mean_pool,0.1409633755683899,-0.4031479358673095,-0.4417460560798645,-0.4343914687633514
sentence-transformers/LaBSE,zh,151,mean_pool,0.1692547351121902,-0.4282751381397247,-0.4256731569766998,-0.641247570514679
sentence-transformers/LaBSE,zh,152,mean_pool,0.1087590456008911,-0.2673000693321228,-0.7574989795684814,-0.3443563580513
sentence-transformers/LaBSE,zh,153,mean_pool,0.094020240008831,-0.5592653751373291,-0.6903162598609924,-0.5210637450218201
sentence-transformers/LaBSE,zh,154,mean_pool,0.1048814952373504,-0.4450065493583679,-0.6252384781837463,-0.4737007021903991
sentence-transformers/LaBSE,zh,155,mean_pool,0.0915065184235572,-0.2685315608978271,-0.6236745715141296,-0.6523453593254089
sentence-transformers/LaBSE,zh,156,mean_pool,0.0874160155653953,-0.4316571950912475,-0.7661001682281494,-0.7571408152580261
sentence-transformers/LaBSE,zh,157,mean_pool,0.0115534551441669,-0.4064714610576629,-0.6120054721832275,-0.3040237426757812
sentence-transformers/LaBSE,zh,158,mean_pool,0.090589515864849,-0.4344551563262939,-0.4382583200931549,-0.4035169780254364
sentence-transformers/LaBSE,zh,159,mean_pool,0.1247312501072883,-0.4069187939167022,-0.742072582244873,-0.5259246826171875
sentence-transformers/LaBSE,en,0,marker_pool,0.4500976800918579,-0.2036094665527343,-0.8049139976501465,-0.1592079997062683
sentence-transformers/LaBSE,en,1,marker_pool,0.4593149423599243,-0.2313449829816818,-0.7842258214950562,-0.2810019850730896
sentence-transformers/LaBSE,en,2,marker_pool,0.4523583352565765,-0.2438858598470688,-0.8020308017730713,-0.2946090698242187
sentence-transformers/LaBSE,en,3,marker_pool,0.465570718050003,-0.2834939956665039,-0.809222936630249,-0.2304902374744415
sentence-transformers/LaBSE,en,4,marker_pool,0.4897491335868835,-0.2586145997047424,-0.790998637676239,-0.2668637931346893
sentence-transformers/LaBSE,en,5,marker_pool,0.4122548997402191,-0.2740707695484161,-0.8287752270698547,-0.178571805357933
sentence-transformers/LaBSE,en,6,marker_pool,0.4649567008018493,-0.2893500924110412,-0.7679811120033264,-0.3740323185920715
sentence-transformers/LaBSE,en,7,marker_pool,0.440532922744751,-0.2731729745864868,-0.8180698752403259,-0.1203570440411567
sentence-transformers/LaBSE,en,8,marker_pool,0.4726352989673614,-0.1937110275030136,-0.8060525059700012,-0.2625420689582824
sentence-transformers/LaBSE,en,9,marker_pool,0.4763599932193756,-0.2838289141654968,-0.7860669493675232,-0.2081525176763534
sentence-transformers/LaBSE,en,10,marker_pool,0.4340431690216064,-0.2429498434066772,-0.7491029500961304,-0.2279639840126037
sentence-transformers/LaBSE,en,11,marker_pool,0.5119504928588867,-0.2739492058753967,-0.7699853777885437,-0.2262320518493652
sentence-transformers/LaBSE,en,12,marker_pool,0.4290677309036255,-0.1539969444274902,-0.8068274259567261,-0.0986844226717948
sentence-transformers/LaBSE,en,13,marker_pool,0.4076659679412842,-0.2582161426544189,-0.8297777771949768,-0.1346692591905594
sentence-transformers/LaBSE,en,14,marker_pool,0.4115811586380005,-0.3258692920207977,-0.8533979654312134,-0.1881046146154403
sentence-transformers/LaBSE,en,15,marker_pool,0.457732617855072,-0.2071706503629684,-0.8067895174026489,-0.094680868089199
sentence-transformers/LaBSE,en,16,marker_pool,0.4854751229286194,-0.3076403439044952,-0.8204793334007263,-0.2544696927070617
sentence-transformers/LaBSE,en,17,marker_pool,0.445622831583023,-0.2656386792659759,-0.8190510869026184,-0.2469805777072906
sentence-transformers/LaBSE,en,18,marker_pool,0.4842967987060547,-0.2654626369476318,-0.8158499598503113,-0.1800540536642074
sentence-transformers/LaBSE,en,19,marker_pool,0.4709687530994415,-0.3164863884449005,-0.7760947346687317,-0.1742784678936004
sentence-transformers/LaBSE,en,20,marker_pool,0.4500885307788849,-0.2422199547290802,-0.7826254367828369,-0.1391357481479644
sentence-transformers/LaBSE,en,21,marker_pool,0.4700013995170593,-0.2037178426980972,-0.8022972345352173,-0.2739307284355163
sentence-transformers/LaBSE,en,22,marker_pool,0.4305562674999237,-0.2892883121967315,-0.7584927678108215,-0.2121639549732208
sentence-transformers/LaBSE,en,23,marker_pool,0.4667454361915588,-0.3140988945960998,-0.8044307827949524,-0.2412614822387695
sentence-transformers/LaBSE,en,24,marker_pool,0.353551298379898,-0.2211702466011047,-0.8161412477493286,-0.1187178790569305
sentence-transformers/LaBSE,en,25,marker_pool,0.423145443201065,-0.2719004452228546,-0.8046128749847412,-0.2216393649578094
sentence-transformers/LaBSE,en,26,marker_pool,0.4457539916038513,-0.3368256390094757,-0.8165863752365112,-0.2430186420679092
sentence-transformers/LaBSE,en,27,marker_pool,0.452584445476532,-0.3081435859203338,-0.769184947013855,-0.1632831394672393
sentence-transformers/LaBSE,en,28,marker_pool,0.4248890876770019,-0.2195887714624405,-0.7863538265228271,-0.254176527261734
sentence-transformers/LaBSE,en,29,marker_pool,0.3549915850162506,-0.1679063588380813,-0.8036730289459229,-0.1118310987949371
sentence-transformers/LaBSE,en,30,marker_pool,0.4827889800071716,-0.2414420545101165,-0.7876917719841003,-0.2166322469711303
sentence-transformers/LaBSE,en,31,marker_pool,0.4724290370941162,-0.1772513836622238,-0.8092140555381775,-0.211539089679718
sentence-transformers/LaBSE,en,32,marker_pool,0.4009878039360046,-0.2954981923103332,-0.807372510433197,-0.1356994658708572
sentence-transformers/LaBSE,en,33,marker_pool,0.491476833820343,-0.2559630274772644,-0.8151216506958008,-0.2156107723712921
sentence-transformers/LaBSE,en,34,marker_pool,0.3849203884601593,-0.2089825272560119,-0.8358429074287415,-0.1577480584383011
sentence-transformers/LaBSE,en,35,marker_pool,0.4422983229160309,-0.2408965826034546,-0.7896216511726379,-0.2496995031833648
sentence-transformers/LaBSE,en,36,marker_pool,0.4582119882106781,-0.2390193939208984,-0.7906653881072998,-0.216643139719963
sentence-transformers/LaBSE,en,37,marker_pool,0.3745937645435333,-0.2457968145608902,-0.8128005266189575,-0.165765956044197
sentence-transformers/LaBSE,en,38,marker_pool,0.456687718629837,-0.325547456741333,-0.806834876537323,-0.260698139667511
sentence-transformers/LaBSE,en,39,marker_pool,0.4360292553901672,-0.2941615283489227,-0.7681800723075867,-0.1890919059514999
sentence-transformers/LaBSE,en,40,marker_pool,0.499712735414505,-0.2943846583366394,-0.7960641384124756,-0.2569806575775146
sentence-transformers/LaBSE,en,41,marker_pool,0.4510503709316253,-0.2134229838848114,-0.7996798753738403,-0.1344573646783828
sentence-transformers/LaBSE,en,42,marker_pool,0.4324291050434112,-0.2318281382322311,-0.8215872049331665,-0.1404230594635009
sentence-transformers/LaBSE,en,43,marker_pool,0.4433128535747528,-0.1904166787862777,-0.7874732613563538,-0.1391739100217819
sentence-transformers/LaBSE,en,44,marker_pool,0.4249406456947326,-0.2812368869781494,-0.8169549703598022,-0.1594957113265991
sentence-transformers/LaBSE,en,45,marker_pool,0.4531930983066559,-0.3098672032356262,-0.7559335231781006,-0.293652206659317
sentence-transformers/LaBSE,en,46,marker_pool,0.4202745854854584,-0.178932636976242,-0.8088503479957581,-0.2451933771371841
sentence-transformers/LaBSE,en,47,marker_pool,0.4677350521087646,-0.2538003921508789,-0.7822197079658508,-0.2049613296985626
sentence-transformers/LaBSE,en,48,marker_pool,0.4502913355827331,-0.2437859326601028,-0.8019520044326782,-0.1801199913024902
sentence-transformers/LaBSE,en,49,marker_pool,0.4564301967620849,-0.3009142279624939,-0.7641978859901428,-0.1489930301904678
sentence-transformers/LaBSE,en,50,marker_pool,0.4218143820762634,-0.3064293265342712,-0.7903252840042114,-0.1830606311559677
sentence-transformers/LaBSE,en,51,marker_pool,0.4723381400108337,-0.2370284348726272,-0.8210005760192871,-0.1586450040340423
sentence-transformers/LaBSE,en,52,marker_pool,0.4304213523864746,-0.250104159116745,-0.77970951795578,-0.1527073383331298
sentence-transformers/LaBSE,en,53,marker_pool,0.3842790722846985,-0.2176180332899093,-0.818034291267395,-0.1662634909152984
sentence-transformers/LaBSE,en,54,marker_pool,0.483215868473053,-0.312383085489273,-0.7808947563171387,-0.1961160600185394
sentence-transformers/LaBSE,en,55,marker_pool,0.5073592066764832,-0.2921298146247864,-0.7989394664764404,-0.2792568504810333
sentence-transformers/LaBSE,en,56,marker_pool,0.3956970870494842,-0.2585440576076507,-0.7894586324691772,-0.116346575319767
sentence-transformers/LaBSE,en,57,marker_pool,0.4913393557071686,-0.1802138835191726,-0.78675776720047,-0.2931996285915375
sentence-transformers/LaBSE,en,58,marker_pool,0.445697546005249,-0.308068037033081,-0.8191778063774109,-0.2521664202213287
sentence-transformers/LaBSE,en,59,marker_pool,0.3380489349365234,-0.1816612333059311,-0.8293428421020508,-0.0530087240040302
sentence-transformers/LaBSE,en,60,marker_pool,0.4204658269882202,-0.1901430040597915,-0.7973865866661072,-0.1291379183530807
sentence-transformers/LaBSE,en,61,marker_pool,0.4479129016399383,-0.2195266634225845,-0.8130216598510742,-0.1351547390222549
sentence-transformers/LaBSE,en,62,marker_pool,0.4769070744514465,-0.2781453728675842,-0.7623045444488525,-0.2764287889003753
sentence-transformers/LaBSE,en,63,marker_pool,0.4451247155666351,-0.2883038520812988,-0.7266076803207397,-0.293541818857193
sentence-transformers/LaBSE,en,64,marker_pool,0.3973459899425506,-0.235776737332344,-0.8181101083755493,-0.094566561281681
sentence-transformers/LaBSE,en,65,marker_pool,0.4316126108169555,-0.2540032267570495,-0.784818172454834,-0.2304563075304031
sentence-transformers/LaBSE,en,66,marker_pool,0.4354599416255951,-0.2592121362686157,-0.7803980708122253,-0.2989709377288818
sentence-transformers/LaBSE,en,67,marker_pool,0.4885271191596985,-0.2133238464593887,-0.8116490840911865,-0.1338043361902237
sentence-transformers/LaBSE,en,68,marker_pool,0.4646711945533752,-0.1754607260227203,-0.7764195799827576,-0.136394202709198
sentence-transformers/LaBSE,en,69,marker_pool,0.4536939859390259,-0.2539490163326263,-0.8019923567771912,-0.3148217499256134
sentence-transformers/LaBSE,en,70,marker_pool,0.3540850281715393,-0.2071915864944458,-0.8159792423248291,-0.0937525480985641
sentence-transformers/LaBSE,en,71,marker_pool,0.3701351583003998,-0.1664275974035263,-0.8085912466049194,-0.0324972830712795
sentence-transformers/LaBSE,en,72,marker_pool,0.4325540363788605,-0.2959993481636047,-0.7880728244781494,-0.3793119788169861
sentence-transformers/LaBSE,en,73,marker_pool,0.4224861860275268,-0.2680608034133911,-0.7930048704147339,-0.1941401660442352
sentence-transformers/LaBSE,en,74,marker_pool,0.43788543343544,-0.2742149233818054,-0.7730318903923035,-0.1488871723413467
sentence-transformers/LaBSE,en,75,marker_pool,0.4691149294376373,-0.2873030006885528,-0.8103061318397522,-0.2586499452590942
sentence-transformers/LaBSE,en,76,marker_pool,0.3676958680152893,-0.2130216509103775,-0.8321719169616699,-0.0933849811553955
sentence-transformers/LaBSE,en,77,marker_pool,0.4491544663906097,-0.2456660270690918,-0.8054808378219604,-0.2667299509048462
sentence-transformers/LaBSE,en,78,marker_pool,0.4683650434017181,-0.3299480378627777,-0.7987343072891235,-0.2182188034057617
sentence-transformers/LaBSE,en,79,marker_pool,0.4784294962882995,-0.3083378672599792,-0.7764620780944824,-0.1696093529462814
sentence-transformers/LaBSE,en,80,marker_pool,0.4496142268180847,-0.2383330315351486,-0.7851800322532654,-0.2026202976703643
sentence-transformers/LaBSE,en,81,marker_pool,0.4348610341548919,-0.2428313046693802,-0.7852380275726318,-0.3543935120105743
sentence-transformers/LaBSE,en,82,marker_pool,0.4185271561145782,-0.3174333274364471,-0.8001144528388977,-0.2111323624849319
sentence-transformers/LaBSE,en,83,marker_pool,0.4058771133422851,-0.2642862796783447,-0.8111456036567688,-0.1636562943458557
sentence-transformers/LaBSE,en,84,marker_pool,0.4491815567016601,-0.3354795575141907,-0.8329585790634155,-0.2813654541969299
sentence-transformers/LaBSE,en,85,marker_pool,0.4670870900154114,-0.2010539919137954,-0.8013243079185486,-0.2164111137390136
sentence-transformers/LaBSE,en,86,marker_pool,0.4241476058959961,-0.2986450791358948,-0.7704238891601562,-0.2467456012964248
sentence-transformers/LaBSE,en,87,marker_pool,0.4527584612369537,-0.190859854221344,-0.8016018271446228,-0.1763144731521606
sentence-transformers/LaBSE,en,88,marker_pool,0.3943468332290649,-0.2261158376932144,-0.8083873987197876,-0.1088862717151641
sentence-transformers/LaBSE,en,89,marker_pool,0.4598836302757263,-0.2390004694461822,-0.7818093299865723,-0.2461680918931961
sentence-transformers/LaBSE,en,90,marker_pool,0.459916889667511,-0.186552032828331,-0.8041887283325195,-0.2414757758378982
sentence-transformers/LaBSE,en,91,marker_pool,0.4667592644691467,-0.2349300682544708,-0.8121833205223083,-0.2099903225898742
sentence-transformers/LaBSE,en,92,marker_pool,0.3996927738189697,-0.2695144116878509,-0.8015899658203125,-0.2350124567747116
sentence-transformers/LaBSE,en,93,marker_pool,0.4206415116786957,-0.2820324301719665,-0.7868304252624512,-0.1509487628936767
sentence-transformers/LaBSE,en,94,marker_pool,0.4319483637809753,-0.1952493041753769,-0.7811930775642395,-0.0524995177984237
sentence-transformers/LaBSE,en,95,marker_pool,0.4091961681842804,-0.2178294956684112,-0.8245538473129272,-0.1440409272909164
sentence-transformers/LaBSE,en,96,marker_pool,0.4499145448207855,-0.3110352456569671,-0.7884677648544312,-0.2509521245956421
sentence-transformers/LaBSE,en,97,marker_pool,0.3510539829730987,-0.1320945769548416,-0.8412196040153503,-0.057082824409008
sentence-transformers/LaBSE,en,98,marker_pool,0.4467151463031769,-0.3331317007541656,-0.7845223546028137,-0.2168405950069427
sentence-transformers/LaBSE,en,99,marker_pool,0.467620313167572,-0.1374511569738388,-0.8264716863632202,-0.141591265797615
sentence-transformers/LaBSE,en,100,marker_pool,0.4349282383918762,-0.1943143457174301,-0.7934408187866211,-0.1423930823802948
sentence-transformers/LaBSE,en,101,marker_pool,0.4005630612373352,-0.2677755653858185,-0.8156806230545044,-0.1695846617221832
sentence-transformers/LaBSE,en,102,marker_pool,0.4237140715122223,-0.3106622099876404,-0.7902047038078308,-0.1549491435289383
sentence-transformers/LaBSE,en,103,marker_pool,0.3703827559947967,-0.2471606880426406,-0.8310955166816711,-0.0934063047170639
sentence-transformers/LaBSE,en,104,marker_pool,0.4349223971366882,-0.3408996164798736,-0.8122696280479431,-0.2855175137519836
sentence-transformers/LaBSE,en,105,marker_pool,0.403987318277359,-0.2119108140468597,-0.7988532781600952,-0.0823736786842346
sentence-transformers/LaBSE,en,106,marker_pool,0.3902789950370788,-0.2758207321166992,-0.8213759064674377,-0.2023469656705856
sentence-transformers/LaBSE,en,107,marker_pool,0.4643638134002685,-0.2426146417856216,-0.7753875255584717,-0.1657573580741882
sentence-transformers/LaBSE,en,108,marker_pool,0.4213495850563049,-0.2165053784847259,-0.8079875707626343,-0.2436470538377761
sentence-transformers/LaBSE,en,109,marker_pool,0.4256218075752258,-0.3078254759311676,-0.7622310519218445,-0.3613241910934448
sentence-transformers/LaBSE,en,110,marker_pool,0.3583874106407165,-0.1460193842649459,-0.7455753087997437,-0.1633180379867553
sentence-transformers/LaBSE,en,111,marker_pool,0.4347706437110901,-0.223709225654602,-0.798496663570404,-0.093071661889553
sentence-transformers/LaBSE,en,112,marker_pool,0.4548179805278778,-0.1963955909013748,-0.7972984910011292,-0.1099171265959739
sentence-transformers/LaBSE,en,113,marker_pool,0.4540490806102752,-0.1663057506084442,-0.8061772584915161,-0.1382927000522613
sentence-transformers/LaBSE,en,114,marker_pool,0.4563778936862945,-0.2545226514339447,-0.788780689239502,-0.2219375222921371
sentence-transformers/LaBSE,en,115,marker_pool,0.4032452702522278,-0.286957323551178,-0.8019339442253113,-0.1195606663823127
sentence-transformers/LaBSE,en,116,marker_pool,0.4370119869709015,-0.2081995904445648,-0.7984846234321594,-0.171673834323883
sentence-transformers/LaBSE,en,117,marker_pool,0.4149953424930572,-0.1835552603006363,-0.7772961854934692,-0.1673625856637954
sentence-transformers/LaBSE,en,118,marker_pool,0.4952958524227142,-0.2881086766719818,-0.8171684145927429,-0.2884677052497864
sentence-transformers/LaBSE,en,119,marker_pool,0.4425338506698608,-0.1205551251769065,-0.8011078238487244,-0.2500068247318268
sentence-transformers/LaBSE,en,120,marker_pool,0.4214934408664703,-0.2294856309890747,-0.8097689151763916,-0.1367046982049942
sentence-transformers/LaBSE,en,121,marker_pool,0.369317889213562,-0.1582438051700592,-0.7935504913330078,-0.0624266639351844
sentence-transformers/LaBSE,en,122,marker_pool,0.462344080209732,-0.1681772172451019,-0.8113663196563721,-0.1907356232404709
sentence-transformers/LaBSE,en,123,marker_pool,0.4228620529174804,-0.2876508235931396,-0.7746188640594482,-0.3295654952526092
sentence-transformers/LaBSE,en,124,marker_pool,0.4323284029960632,-0.2123617678880691,-0.7629379034042358,-0.0530676618218421
sentence-transformers/LaBSE,en,125,marker_pool,0.3761090040206909,-0.2337315529584884,-0.8160676956176758,-0.135435551404953
sentence-transformers/LaBSE,en,126,marker_pool,0.4774224758148193,-0.2048221230506897,-0.8037313222885132,-0.324421763420105
sentence-transformers/LaBSE,en,127,marker_pool,0.3835879266262054,-0.1016142591834068,-0.7746772170066833,-0.0936974883079528
sentence-transformers/LaBSE,en,128,marker_pool,0.3648992478847503,-0.154590755701065,-0.7896022796630859,-0.1054511293768882
sentence-transformers/LaBSE,en,129,marker_pool,0.4251388311386108,-0.2293518185615539,-0.8021000027656555,-0.1343148946762085
sentence-transformers/LaBSE,en,130,marker_pool,0.4687174558639526,-0.1965398043394088,-0.7660418748855591,-0.1903853565454483
sentence-transformers/LaBSE,en,131,marker_pool,0.435381144285202,-0.1738888323307037,-0.7507287263870239,-0.045958187431097
sentence-transformers/LaBSE,en,132,marker_pool,0.4098824560642242,-0.1778106838464737,-0.8200148940086365,-0.1013644486665725
sentence-transformers/LaBSE,en,133,marker_pool,0.4735618233680725,-0.2027486264705658,-0.7800401449203491,-0.230114072561264
sentence-transformers/LaBSE,en,134,marker_pool,0.4859859943389892,-0.1634208410978317,-0.8164047002792358,-0.1994645297527313
sentence-transformers/LaBSE,en,135,marker_pool,0.4329550564289093,-0.2031421661376953,-0.8022343516349792,-0.1104553788900375
sentence-transformers/LaBSE,en,136,marker_pool,0.4911963939666748,-0.2756560444831848,-0.7854418754577637,-0.1877357512712478
sentence-transformers/LaBSE,en,137,marker_pool,0.3717378973960876,-0.2819216549396515,-0.822777509689331,-0.1534346491098404
sentence-transformers/LaBSE,en,138,marker_pool,0.4828387200832367,-0.2283375859260559,-0.7866648435592651,-0.1852891445159912
sentence-transformers/LaBSE,en,139,marker_pool,0.4554712474346161,-0.220680683851242,-0.7938176989555359,-0.1731107234954834
sentence-transformers/LaBSE,en,140,marker_pool,0.4221587181091308,-0.2631187438964844,-0.7762318253517151,-0.2083306759595871
sentence-transformers/LaBSE,en,141,marker_pool,0.3692109882831573,-0.2429498434066772,-0.8337175846099854,-0.0753123685717582
sentence-transformers/LaBSE,en,142,marker_pool,0.3720614016056061,-0.2443324029445648,-0.8238937258720398,-0.1584469676017761
sentence-transformers/LaBSE,en,143,marker_pool,0.4083086252212524,-0.2240904569625854,-0.7976670861244202,-0.1214443519711494
sentence-transformers/LaBSE,en,144,marker_pool,0.428147941827774,-0.2126902788877487,-0.801080584526062,-0.2330482006072998
sentence-transformers/LaBSE,en,145,marker_pool,0.490585446357727,-0.2048236280679702,-0.7905784845352173,-0.2471185773611068
sentence-transformers/LaBSE,en,146,marker_pool,0.4387106001377105,-0.3155330419540405,-0.7897365689277649,-0.2246489524841308
sentence-transformers/LaBSE,en,147,marker_pool,0.4561375677585602,-0.2917385399341583,-0.7801178693771362,-0.1514107584953308
sentence-transformers/LaBSE,en,148,marker_pool,0.4260956346988678,-0.3373408615589142,-0.7949391603469849,-0.2299272865056991
sentence-transformers/LaBSE,en,149,marker_pool,0.4752587378025055,-0.2048556208610534,-0.775103747844696,-0.1910519152879715
sentence-transformers/LaBSE,en,150,marker_pool,0.4668188989162445,-0.2293181270360946,-0.8070105910301208,-0.1516516208648681
sentence-transformers/LaBSE,en,151,marker_pool,0.4049614369869232,-0.2401401102542877,-0.8130421042442322,-0.1106011345982551
sentence-transformers/LaBSE,en,152,marker_pool,0.455079972743988,-0.2583693265914917,-0.8022934794425964,-0.2150254845619201
sentence-transformers/LaBSE,en,153,marker_pool,0.428335964679718,-0.3186445534229278,-0.8009120225906372,-0.2629553079605102
sentence-transformers/LaBSE,en,154,marker_pool,0.4547220766544342,-0.2546185851097107,-0.8076952695846558,-0.0844683647155761
sentence-transformers/LaBSE,en,155,marker_pool,0.4651624262332916,-0.2933789193630218,-0.7587620615959167,-0.1608930081129074
sentence-transformers/LaBSE,en,156,marker_pool,0.4965550601482391,-0.2470638304948806,-0.8279092311859131,-0.1269317418336868
sentence-transformers/LaBSE,en,157,marker_pool,0.381127268075943,-0.2155835926532745,-0.7960301041603088,-0.2088858932256698
sentence-transformers/LaBSE,en,158,marker_pool,0.4816950559616089,-0.206725612282753,-0.7943309545516968,-0.2719167470932007
sentence-transformers/LaBSE,en,159,marker_pool,0.3553695976734161,-0.2174379527568817,-0.8216254711151123,-0.1121523976325988
sentence-transformers/LaBSE,ru,0,marker_pool,0.1961973458528518,-0.2945445775985718,-0.4149476587772369,-0.3223403394222259
sentence-transformers/LaBSE,ru,1,marker_pool,0.0951039418578147,-0.2327321469783783,-0.3942049741744995,-0.492805153131485
sentence-transformers/LaBSE,ru,2,marker_pool,0.2940284013748169,-0.3312229812145233,-0.4908276498317718,-0.4117824733257293
sentence-transformers/LaBSE,ru,3,marker_pool,0.0476962439715862,-0.2049847096204757,-0.4349196255207062,-0.3017614781856537
sentence-transformers/LaBSE,ru,4,marker_pool,0.0585455894470214,-0.2239321768283844,-0.4340022504329681,-0.3913638889789581
sentence-transformers/LaBSE,ru,5,marker_pool,0.0535779558122158,-0.1407743245363235,-0.476945161819458,-0.2260719090700149
sentence-transformers/LaBSE,ru,6,marker_pool,0.1702615171670913,-0.2224097102880478,-0.4783696234226227,-0.2025773376226425
sentence-transformers/LaBSE,ru,7,marker_pool,0.0730895847082138,-0.2662534415721893,-0.3359639048576355,-0.4897458553314209
sentence-transformers/LaBSE,ru,8,marker_pool,0.1801878958940506,-0.2042986005544662,-0.3914957046508789,-0.5142937302589417
sentence-transformers/LaBSE,ru,9,marker_pool,0.0840753838419914,-0.1682087928056717,-0.3709817826747894,-0.3729240000247955
sentence-transformers/LaBSE,ru,10,marker_pool,0.2097066789865493,-0.1924806237220764,-0.3955705165863037,-0.4424502849578857
sentence-transformers/LaBSE,ru,11,marker_pool,0.1203253343701362,-0.1611645966768264,-0.4142281413078308,-0.4506598114967346
sentence-transformers/LaBSE,ru,12,marker_pool,0.347891092300415,-0.2108483016490936,-0.330330342054367,-0.5619637370109558
sentence-transformers/LaBSE,ru,13,marker_pool,0.0741348788142204,-0.2321481108665466,-0.517728865146637,-0.1040680110454559
sentence-transformers/LaBSE,ru,14,marker_pool,0.1197656318545341,-0.2528141438961029,-0.4634381830692291,-0.3748306334018707
sentence-transformers/LaBSE,ru,15,marker_pool,0.0858511850237846,-0.5860300064086914,-0.3598021864891052,-0.4172750115394592
sentence-transformers/LaBSE,ru,16,marker_pool,0.0922133103013038,-0.4519030153751373,-0.410680890083313,-0.2787681221961975
sentence-transformers/LaBSE,ru,17,marker_pool,0.2535294592380523,-0.2640781700611114,-0.4710040390491485,-0.4546366930007934
sentence-transformers/LaBSE,ru,18,marker_pool,0.171579509973526,-0.2406790554523468,-0.3162822425365448,-0.4288441240787506
sentence-transformers/LaBSE,ru,19,marker_pool,0.1056703329086303,-0.183523803949356,-0.5347524285316467,-0.2581908702850342
sentence-transformers/LaBSE,ru,20,marker_pool,0.0532524622976779,-0.5499922037124634,-0.3407337069511413,-0.2305391877889633
sentence-transformers/LaBSE,ru,21,marker_pool,0.2454178780317306,-0.1220635026693344,-0.3948051333427429,-0.4887942671775818
sentence-transformers/LaBSE,ru,22,marker_pool,0.2020709216594696,-0.1444896757602691,-0.3052221536636352,-0.3334994614124298
sentence-transformers/LaBSE,ru,23,marker_pool,0.1039236038923263,-0.3120518922805786,-0.4442315995693207,-0.2315197736024856
sentence-transformers/LaBSE,ru,24,marker_pool,0.239963099360466,-0.4474703967571258,-0.476824402809143,-0.3865724802017212
sentence-transformers/LaBSE,ru,25,marker_pool,0.3254911005496979,-0.2844732999801636,-0.5554392337799072,-0.3694391846656799
sentence-transformers/LaBSE,ru,26,marker_pool,0.0874813199043273,-0.1958737820386886,-0.5378354787826538,-0.1118075028061866
sentence-transformers/LaBSE,ru,27,marker_pool,0.0926671847701072,-0.2006546258926391,-0.536426305770874,-0.2029432207345962
sentence-transformers/LaBSE,ru,28,marker_pool,0.0711678937077522,-0.4398048520088196,-0.3800104260444641,-0.3141191005706787
sentence-transformers/LaBSE,ru,29,marker_pool,0.178221970796585,-0.2221365123987198,-0.4405068755149841,-0.4558196365833282
sentence-transformers/LaBSE,ru,30,marker_pool,0.1243540197610855,-0.0912811681628227,-0.2720493674278259,-0.5160466432571411
sentence-transformers/LaBSE,ru,31,marker_pool,0.0936220660805702,-0.562927782535553,-0.3188666701316833,-0.4509358406066894
sentence-transformers/LaBSE,ru,32,marker_pool,0.0643959119915962,-0.1431474238634109,-0.359879195690155,-0.4532267153263092
sentence-transformers/LaBSE,ru,33,marker_pool,0.1941332519054412,-0.3001517057418823,-0.375004768371582,-0.576693594455719
sentence-transformers/LaBSE,ru,34,marker_pool,0.101694256067276,-0.4370522201061249,-0.3614881336688995,-0.2758176028728485
sentence-transformers/LaBSE,ru,35,marker_pool,0.0673520565032959,-0.1233346164226532,-0.4179942607879638,-0.3257737159729004
sentence-transformers/LaBSE,ru,36,marker_pool,0.0592979043722152,-0.2371000349521637,-0.4298728108406067,-0.2888214290142059
sentence-transformers/LaBSE,ru,37,marker_pool,0.130620390176773,-0.2060476243495941,-0.4373288750648498,-0.4362781643867492
sentence-transformers/LaBSE,ru,38,marker_pool,0.1102662906050682,-0.2125487625598907,-0.4579056203365326,-0.4524495005607605
sentence-transformers/LaBSE,ru,39,marker_pool,0.1037170588970184,-0.322348952293396,-0.449674516916275,-0.1723717898130417
sentence-transformers/LaBSE,ru,40,marker_pool,0.1465517729520797,-0.4773928523063659,-0.2560487687587738,-0.3441512882709503
sentence-transformers/LaBSE,ru,41,marker_pool,0.2271054536104202,-0.1808959990739822,-0.3046285808086395,-0.4611977040767669
sentence-transformers/LaBSE,ru,42,marker_pool,0.0504372976720333,-0.219034805893898,-0.4512831270694732,-0.3396013081073761
sentence-transformers/LaBSE,ru,43,marker_pool,0.0582856982946395,-0.2230810225009918,-0.3993922770023346,-0.4083421528339386
sentence-transformers/LaBSE,ru,44,marker_pool,0.0594340898096561,-0.5212880969047546,-0.2994583547115326,-0.3813685774803161
sentence-transformers/LaBSE,ru,45,marker_pool,0.3041982352733612,-0.3732790648937225,-0.3835625648498535,-0.4297182261943817
sentence-transformers/LaBSE,ru,46,marker_pool,0.1989595592021942,-0.4885316491127014,-0.2284748405218124,-0.3833065032958984
sentence-transformers/LaBSE,ru,47,marker_pool,0.0787406116724014,-0.3511299192905426,-0.3392474949359894,-0.523932695388794
sentence-transformers/LaBSE,ru,48,marker_pool,0.1914999634027481,-0.0691425651311874,-0.4499037563800812,-0.4290076792240143
sentence-transformers/LaBSE,ru,49,marker_pool,0.2003534883260727,-0.425653874874115,-0.434067040681839,-0.398394376039505
sentence-transformers/LaBSE,ru,50,marker_pool,0.0658985525369644,-0.253849983215332,-0.3885042667388916,-0.3678623735904693
sentence-transformers/LaBSE,ru,51,marker_pool,0.2015141397714615,-0.3295435607433319,-0.3971752226352691,-0.4133631587028503
sentence-transformers/LaBSE,ru,52,marker_pool,0.3861723244190216,-0.1669873595237732,-0.3737974762916565,-0.4880306124687195
sentence-transformers/LaBSE,ru,53,marker_pool,0.1430248618125915,-0.2344690114259719,-0.361272782087326,-0.4964679777622223
sentence-transformers/LaBSE,ru,54,marker_pool,0.1133765205740928,-0.354070246219635,-0.3820644319057464,-0.2763690948486328
sentence-transformers/LaBSE,ru,55,marker_pool,0.1705470383167266,-0.1248123124241828,-0.4112159013748169,-0.4223909378051758
sentence-transformers/LaBSE,ru,56,marker_pool,0.0958887338638305,-0.1363042294979095,-0.4386322200298309,-0.3356861770153045
sentence-transformers/LaBSE,ru,57,marker_pool,0.1959326863288879,-0.1660097390413284,-0.2716525793075561,-0.3724281787872314
sentence-transformers/LaBSE,ru,58,marker_pool,0.2102846205234527,-0.3995874226093292,-0.2345178872346878,-0.5201780796051025
sentence-transformers/LaBSE,ru,59,marker_pool,0.1440281420946121,-0.2455445080995559,-0.5258435606956482,-0.2080039978027343
sentence-transformers/LaBSE,ru,60,marker_pool,0.0863496512174606,-0.5953709483146667,-0.3024328947067261,-0.3988315761089325
sentence-transformers/LaBSE,ru,61,marker_pool,0.1135202646255493,-0.2971012592315674,-0.2826617062091827,-0.4274686276912689
sentence-transformers/LaBSE,ru,62,marker_pool,0.0905743911862373,-0.2006328701972961,-0.4602607488632202,-0.3903127014636993
sentence-transformers/LaBSE,ru,63,marker_pool,0.0530890375375747,-0.184480994939804,-0.4029744863510132,-0.4255573153495788
sentence-transformers/LaBSE,ru,64,marker_pool,0.1255267709493637,-0.0974842235445976,-0.349713921546936,-0.4613602757453918
sentence-transformers/LaBSE,ru,65,marker_pool,0.1220193356275558,-0.3035760819911957,-0.3067591786384582,-0.4306540787220001
sentence-transformers/LaBSE,ru,66,marker_pool,0.0812739878892898,-0.1715999096632003,-0.3997590243816376,-0.4519190788269043
sentence-transformers/LaBSE,ru,67,marker_pool,0.0715546160936355,-0.1695459634065628,-0.4264613091945648,-0.3488485813140869
sentence-transformers/LaBSE,ru,68,marker_pool,0.1935798823833465,-0.1108803153038024,-0.4909143447875976,-0.444071501493454
sentence-transformers/LaBSE,ru,69,marker_pool,0.1163584440946579,-0.1698261201381683,-0.3421187400817871,-0.4434958696365356
sentence-transformers/LaBSE,ru,70,marker_pool,0.0890732854604721,-0.231523185968399,-0.3381103873252868,-0.3691060841083526
sentence-transformers/LaBSE,ru,71,marker_pool,0.1230498403310775,-0.2755427062511444,-0.4165648221969604,-0.401084691286087
sentence-transformers/LaBSE,ru,72,marker_pool,0.1522373855113983,-0.5383477210998535,-0.2537114918231964,-0.4417485296726227
sentence-transformers/LaBSE,ru,73,marker_pool,0.1665743589401245,-0.1247625574469566,-0.322503000497818,-0.5380629301071167
sentence-transformers/LaBSE,ru,74,marker_pool,0.0971947461366653,-0.6042192578315735,-0.3006227612495422,-0.3107868134975433
sentence-transformers/LaBSE,ru,75,marker_pool,0.0985566452145576,-0.6235710382461548,-0.3967383205890655,-0.5419878959655762
sentence-transformers/LaBSE,ru,76,marker_pool,0.0646124482154846,-0.5241434574127197,-0.3526791632175445,-0.5374004244804382
sentence-transformers/LaBSE,ru,77,marker_pool,0.1661466211080551,-0.3421454727649688,-0.2863912880420685,-0.3434566557407379
sentence-transformers/LaBSE,ru,78,marker_pool,0.0536034516990184,-0.3605220317840576,-0.3503212332725525,-0.2956173419952392
sentence-transformers/LaBSE,ru,79,marker_pool,0.1988195031881332,-0.1802128553390503,-0.4004250764846802,-0.4167737662792206
sentence-transformers/LaBSE,ru,80,marker_pool,0.1839804947376251,-0.2668942213058471,-0.2459774911403656,-0.5023120045661926
sentence-transformers/LaBSE,ru,81,marker_pool,0.1643941551446914,-0.344188243150711,-0.3047232031822204,-0.5124404430389404
sentence-transformers/LaBSE,ru,82,marker_pool,0.0891962200403213,-0.1688984334468841,-0.2192601859569549,-0.474058985710144
sentence-transformers/LaBSE,ru,83,marker_pool,0.1406396627426147,-0.2322920560836792,-0.3910641074180603,-0.4405483901500702
sentence-transformers/LaBSE,ru,84,marker_pool,0.2146477848291397,-0.2445502579212188,-0.4312570095062256,-0.4120838046073913
sentence-transformers/LaBSE,ru,85,marker_pool,0.0850009769201278,-0.206401064991951,-0.4844436645507812,-0.3001126646995544
sentence-transformers/LaBSE,ru,86,marker_pool,0.0553686283528804,-0.202999085187912,-0.4356323778629303,-0.2688791453838348
sentence-transformers/LaBSE,ru,87,marker_pool,0.0435100086033344,-0.2314998209476471,-0.4599327445030212,-0.4565364122390747
sentence-transformers/LaBSE,ru,88,marker_pool,0.1008660420775413,-0.5539000034332275,-0.3374281525611877,-0.2635845243930816
sentence-transformers/LaBSE,ru,89,marker_pool,0.171918123960495,-0.266461580991745,-0.3444992899894714,-0.4003655314445495
sentence-transformers/LaBSE,ru,90,marker_pool,0.2235395461320877,-0.4857478439807892,-0.4081703722476959,-0.3478768765926361
sentence-transformers/LaBSE,ru,91,marker_pool,0.0917144417762756,-0.2003446519374847,-0.3980016410350799,-0.3820346295833587
sentence-transformers/LaBSE,ru,92,marker_pool,0.0741734877228736,-0.1238076165318489,-0.39781454205513,-0.3851429224014282
sentence-transformers/LaBSE,ru,93,marker_pool,0.0384345725178718,-0.2205656170845031,-0.4393721222877502,-0.2393645495176315
sentence-transformers/LaBSE,ru,94,marker_pool,0.2189135402441024,-0.1740497797727584,-0.3804768919944763,-0.4388145804405212
sentence-transformers/LaBSE,ru,95,marker_pool,0.3229506611824035,-0.189536914229393,-0.3851895332336426,-0.4580440819263458
sentence-transformers/LaBSE,ru,96,marker_pool,0.1255367398262024,-0.1700408905744552,-0.4551216661930084,-0.3998504281044006
sentence-transformers/LaBSE,ru,97,marker_pool,0.0937106162309646,-0.2226428240537643,-0.4091139733791351,-0.4183246493339538
sentence-transformers/LaBSE,ru,98,marker_pool,0.0554261207580566,-0.1941185742616653,-0.4584713876247406,-0.2629593312740326
sentence-transformers/LaBSE,ru,99,marker_pool,0.1562384217977523,-0.1575786918401718,-0.4288725852966308,-0.3974139094352722
sentence-transformers/LaBSE,ru,100,marker_pool,0.1487116515636444,-0.279844582080841,-0.329122394323349,-0.3906718790531158
sentence-transformers/LaBSE,ru,101,marker_pool,0.0823623239994049,-0.2808852791786194,-0.4232804775238037,-0.4292665719985962
sentence-transformers/LaBSE,ru,102,marker_pool,0.1782023608684539,-0.1788322031497955,-0.3964772522449493,-0.4764949977397918
sentence-transformers/LaBSE,ru,103,marker_pool,0.1768806725740432,-0.2213513404130935,-0.3645673394203186,-0.4504324197769165
sentence-transformers/LaBSE,ru,104,marker_pool,0.1988017559051513,-0.3100782036781311,-0.361132800579071,-0.4882048964500427
sentence-transformers/LaBSE,ru,105,marker_pool,0.0809253975749015,-0.509012758731842,-0.3887425363063812,-0.4022825062274933
sentence-transformers/LaBSE,ru,106,marker_pool,0.2268472164869308,-0.2578039467334747,-0.2224338501691818,-0.4037184119224548
sentence-transformers/LaBSE,ru,107,marker_pool,0.0829274803400039,-0.2670927047729492,-0.4012451767921448,-0.2355022877454757
sentence-transformers/LaBSE,ru,108,marker_pool,0.1414917111396789,-0.180668830871582,-0.4132392704486847,-0.4063518047332763
sentence-transformers/LaBSE,ru,109,marker_pool,0.066425584256649,-0.2120218575000763,-0.4678989946842193,-0.4191671311855316
sentence-transformers/LaBSE,ru,110,marker_pool,0.142980083823204,-0.1902608424425125,-0.3494824469089508,-0.4905060231685638
sentence-transformers/LaBSE,ru,111,marker_pool,0.2595141232013702,-0.3623613715171814,-0.2892221212387085,-0.3403771817684173
sentence-transformers/LaBSE,ru,112,marker_pool,0.1645245999097824,-0.2138837277889251,-0.3667032420635223,-0.4922545850276947
sentence-transformers/LaBSE,ru,113,marker_pool,0.0907127410173416,-0.1062647029757499,-0.4109901487827301,-0.4501119554042816
sentence-transformers/LaBSE,ru,114,marker_pool,0.1723369359970092,-0.1962646245956421,-0.3413823544979095,-0.5273911952972412
sentence-transformers/LaBSE,ru,115,marker_pool,0.265296459197998,-0.2993931472301483,-0.3647343814373016,-0.4879102110862732
sentence-transformers/LaBSE,ru,116,marker_pool,0.2498540729284286,-0.2260592430830001,-0.4738918244838714,-0.480242520570755
sentence-transformers/LaBSE,ru,117,marker_pool,0.1311969757080078,-0.2532479465007782,-0.5417155623435974,-0.2685874700546264
sentence-transformers/LaBSE,ru,118,marker_pool,0.2328631579875946,-0.2659295201301574,-0.4249213933944702,-0.3929064273834228
sentence-transformers/LaBSE,ru,119,marker_pool,0.2367755472660064,-0.3915371298789978,-0.4140738844871521,-0.433653712272644
sentence-transformers/LaBSE,ru,120,marker_pool,0.1889405399560928,-0.08416248857975,-0.3431721329689026,-0.4913100004196167
sentence-transformers/LaBSE,ru,121,marker_pool,0.0884297415614128,-0.2809168100357055,-0.3483147621154785,-0.4252956211566925
sentence-transformers/LaBSE,ru,122,marker_pool,0.069647841155529,-0.1714346408843994,-0.428565502166748,-0.4589961171150207
sentence-transformers/LaBSE,ru,123,marker_pool,0.1532210111618042,-0.3980040848255157,-0.3607661128044128,-0.3678751289844513
sentence-transformers/LaBSE,ru,124,marker_pool,0.202652633190155,-0.2050294876098632,-0.3844536244869232,-0.2222218066453933
sentence-transformers/LaBSE,ru,125,marker_pool,0.0411603674292564,-0.5164451003074646,-0.3837354481220245,-0.3906483650207519
sentence-transformers/LaBSE,ru,126,marker_pool,0.1793067008256912,-0.2221166640520095,-0.4006606042385101,-0.4669267535209656
sentence-transformers/LaBSE,ru,127,marker_pool,0.1238336637616157,-0.175547108054161,-0.5855597853660583,-0.1375854909420013
sentence-transformers/LaBSE,ru,128,marker_pool,0.0928881764411926,-0.5491307973861694,-0.1810245364904403,-0.4235676527023315
sentence-transformers/LaBSE,ru,129,marker_pool,0.1010783240199089,-0.1585624516010284,-0.4743192493915558,-0.4056972861289978
sentence-transformers/LaBSE,ru,130,marker_pool,0.0338093563914299,-0.588919460773468,-0.301432192325592,-0.4021755456924438
sentence-transformers/LaBSE,ru,131,marker_pool,0.1326251477003097,-0.169465884566307,-0.3248603641986847,-0.248916283249855
sentence-transformers/LaBSE,ru,132,marker_pool,0.0754462331533432,-0.6189045906066895,-0.2871256172657013,-0.3714132905006408
sentence-transformers/LaBSE,ru,133,marker_pool,0.1901607364416122,-0.3286042511463165,-0.3841279447078705,-0.342766672372818
sentence-transformers/LaBSE,ru,134,marker_pool,0.1218210607767105,-0.1996049433946609,-0.3596940040588379,-0.3266424536705017
sentence-transformers/LaBSE,ru,135,marker_pool,0.221509501338005,-0.2764555811882019,-0.3574463427066803,-0.4530189037322998
sentence-transformers/LaBSE,ru,136,marker_pool,0.2084182351827621,-0.2264323234558105,-0.3288621306419372,-0.4140123724937439
sentence-transformers/LaBSE,ru,137,marker_pool,0.1209937259554863,-0.2384852617979049,-0.4254607260227203,-0.4492268860340118
sentence-transformers/LaBSE,ru,138,marker_pool,0.1503708958625793,-0.4409447312355041,-0.3977695107460022,-0.4501741528511047
sentence-transformers/LaBSE,ru,139,marker_pool,0.1767092645168304,-0.2319575250148773,-0.4575192332267761,-0.4808008670806885
sentence-transformers/LaBSE,ru,140,marker_pool,0.1564675718545913,-0.3449028134346008,-0.2853871285915375,-0.2911532521247864
sentence-transformers/LaBSE,ru,141,marker_pool,0.1243390664458274,-0.2984378933906555,-0.3230184316635132,-0.4110946953296661
sentence-transformers/LaBSE,ru,142,marker_pool,0.0832250714302063,-0.1925601363182068,-0.3710160255432129,-0.4548115134239197
sentence-transformers/LaBSE,ru,143,marker_pool,0.156329944729805,-0.0867471024394035,-0.2937154769897461,-0.4389506578445434
sentence-transformers/LaBSE,ru,144,marker_pool,0.3928122222423553,-0.2597981989383697,-0.4203051030635834,-0.5359204411506653
sentence-transformers/LaBSE,ru,145,marker_pool,0.2246741652488708,-0.2918374240398407,-0.4118208885192871,-0.4835370481014251
sentence-transformers/LaBSE,ru,146,marker_pool,0.1048089042305946,-0.1213894337415695,-0.4270544648170471,-0.3802728056907654
sentence-transformers/LaBSE,ru,147,marker_pool,0.1338952481746673,-0.0893032029271125,-0.3198339939117431,-0.4753603935241699
sentence-transformers/LaBSE,ru,148,marker_pool,0.1262592524290084,-0.4064681828022003,-0.2809829413890838,-0.495682030916214
sentence-transformers/LaBSE,ru,149,marker_pool,0.0852799266576767,-0.3142653107643127,-0.3307442963123321,-0.3920440673828125
sentence-transformers/LaBSE,ru,150,marker_pool,0.2507250607013702,-0.1252997070550918,-0.4457200765609741,-0.4046538770198822
sentence-transformers/LaBSE,ru,151,marker_pool,0.1324425041675567,-0.1291028410196304,-0.2921766340732574,-0.3759102523326874
sentence-transformers/LaBSE,ru,152,marker_pool,0.0621432140469551,-0.2822602689266205,-0.4234219789505005,-0.265867680311203
sentence-transformers/LaBSE,ru,153,marker_pool,0.015583979897201,-0.1494357883930206,-0.422149121761322,-0.2936102151870727
sentence-transformers/LaBSE,ru,154,marker_pool,0.1040948033332824,-0.2827313244342804,-0.4416001737117767,-0.358060359954834
sentence-transformers/LaBSE,ru,155,marker_pool,0.0199692882597446,-0.1659450232982635,-0.3964075744152069,-0.344622790813446
sentence-transformers/LaBSE,ru,156,marker_pool,0.0828433036804199,-0.063475415110588,-0.516057550907135,-0.2730518579483032
sentence-transformers/LaBSE,ru,157,marker_pool,0.1053688377141952,-0.1620781570672989,-0.5503398776054382,-0.1559937000274658
sentence-transformers/LaBSE,ru,158,marker_pool,0.1124829277396202,-0.1951245367527008,-0.4559224843978882,-0.3116545379161834
sentence-transformers/LaBSE,ru,159,marker_pool,0.131284549832344,-0.3552192449569702,-0.4249908328056335,-0.2475114166736602
sentence-transformers/LaBSE,zh,0,marker_pool,0.1710860729217529,-0.3553889095783233,-0.7664517164230347,-0.4346906542778015
sentence-transformers/LaBSE,zh,1,marker_pool,0.1876114308834076,-0.3600433468818664,-0.6674860119819641,-0.3265406191349029
sentence-transformers/LaBSE,zh,2,marker_pool,0.1481385082006454,-0.3405924141407013,-0.7046207189559937,-0.3802038431167602
sentence-transformers/LaBSE,zh,3,marker_pool,0.1607495993375778,-0.3832388818264007,-0.737758457660675,-0.4687628149986267
sentence-transformers/LaBSE,zh,4,marker_pool,0.2298096269369125,-0.279275894165039,-0.7524712085723877,-0.3995535969734192
sentence-transformers/LaBSE,zh,5,marker_pool,0.1414476037025451,-0.3589362502098083,-0.703125536441803,-0.3942873775959015
sentence-transformers/LaBSE,zh,6,marker_pool,0.1336668282747268,-0.328992635011673,-0.6869551539421082,-0.3665265738964081
sentence-transformers/LaBSE,zh,7,marker_pool,0.1059886813163757,-0.541467010974884,-0.6739425659179688,-0.3775035738945007
sentence-transformers/LaBSE,zh,8,marker_pool,0.1350620239973068,-0.360787034034729,-0.6233864426612854,-0.5218589901924133
sentence-transformers/LaBSE,zh,9,marker_pool,0.1512829810380935,-0.3641471862792969,-0.6896130442619324,-0.4270535409450531
sentence-transformers/LaBSE,zh,10,marker_pool,0.1911364197731018,-0.2742904126644134,-0.8127882480621338,-0.3778620064258575
sentence-transformers/LaBSE,zh,11,marker_pool,0.0586519241333007,-0.5072383880615234,-0.5129477977752686,-0.2142776995897293
sentence-transformers/LaBSE,zh,12,marker_pool,0.1284165531396865,-0.3280616998672485,-0.7788724303245544,-0.4040236473083496
sentence-transformers/LaBSE,zh,13,marker_pool,0.1539355218410492,-0.3486938774585724,-0.7213664650917053,-0.5276904106140137
sentence-transformers/LaBSE,zh,14,marker_pool,0.1629316061735153,-0.2816740572452545,-0.6685408353805542,-0.4687963426113128
sentence-transformers/LaBSE,zh,15,marker_pool,0.1585496217012405,-0.2892855703830719,-0.7148517966270447,-0.4215015172958374
sentence-transformers/LaBSE,zh,16,marker_pool,0.1586296260356903,-0.3833177089691162,-0.6334600448608398,-0.3754804134368896
sentence-transformers/LaBSE,zh,17,marker_pool,0.1659321635961532,-0.324276715517044,-0.6371756196022034,-0.500738799571991
sentence-transformers/LaBSE,zh,18,marker_pool,0.1520838588476181,-0.2714720070362091,-0.7938380241394043,-0.5806186199188232
sentence-transformers/LaBSE,zh,19,marker_pool,0.1942769438028335,-0.3398829102516174,-0.6734917163848877,-0.4917947351932525
sentence-transformers/LaBSE,zh,20,marker_pool,0.1921781599521637,-0.3063096106052398,-0.8098375201225281,-0.594053328037262
sentence-transformers/LaBSE,zh,21,marker_pool,0.1625605225563049,-0.3971915245056152,-0.6354948878288269,-0.3378702402114868
sentence-transformers/LaBSE,zh,22,marker_pool,0.1566761136054992,-0.3876115977764129,-0.7346485257148743,-0.5023911595344543
sentence-transformers/LaBSE,zh,23,marker_pool,0.1953814476728439,-0.3776791393756866,-0.7961803078651428,-0.4122487604618072
sentence-transformers/LaBSE,zh,24,marker_pool,0.2199786752462387,-0.6449355483055115,-0.7484700679779053,-0.7286460399627686
sentence-transformers/LaBSE,zh,25,marker_pool,0.1682115048170089,-0.3195787966251373,-0.6989878416061401,-0.3257088661193847
sentence-transformers/LaBSE,zh,26,marker_pool,0.1682062000036239,-0.5446646213531494,-0.7121655344963074,-0.5298467874526978
sentence-transformers/LaBSE,zh,27,marker_pool,0.1684907525777816,-0.7262311577796936,-0.7768095135688782,-0.6985299587249756
sentence-transformers/LaBSE,zh,28,marker_pool,0.1808824837207794,-0.2094265520572662,-0.8057265877723694,-0.4015334844589233
sentence-transformers/LaBSE,zh,29,marker_pool,0.1465576142072677,-0.3174850046634674,-0.7037546038627625,-0.2583041787147522
sentence-transformers/LaBSE,zh,30,marker_pool,0.1994286328554153,-0.3984491229057312,-0.686546266078949,-0.4932662546634674
sentence-transformers/LaBSE,zh,31,marker_pool,0.2270740419626236,-0.3443632125854492,-0.7971572875976562,-0.4991085231304168
sentence-transformers/LaBSE,zh,32,marker_pool,0.1895216107368469,-0.3275478780269623,-0.6881263852119446,-0.4177781343460083
sentence-transformers/LaBSE,zh,33,marker_pool,0.1814411133527755,-0.321234792470932,-0.7044578790664673,-0.3777626156806946
sentence-transformers/LaBSE,zh,34,marker_pool,0.2079543024301529,-0.4196133613586426,-0.7603930234909058,-0.5198104977607727
sentence-transformers/LaBSE,zh,35,marker_pool,0.206754595041275,-0.3424889743328094,-0.7190800309181213,-0.5487637519836426
sentence-transformers/LaBSE,zh,36,marker_pool,0.1489549428224563,-0.3375833034515381,-0.7299212217330933,-0.4834385514259338
sentence-transformers/LaBSE,zh,37,marker_pool,0.1960666328668594,-0.3134716749191284,-0.7235809564590454,-0.5158982276916504
sentence-transformers/LaBSE,zh,38,marker_pool,0.1479598730802536,-0.3325776755809784,-0.7006269097328186,-0.3834180235862732
sentence-transformers/LaBSE,zh,39,marker_pool,0.1961827427148819,-0.2992826700210571,-0.6679810881614685,-0.5033937692642212
sentence-transformers/LaBSE,zh,40,marker_pool,0.1922587454319,-0.187416985630989,-0.7246127128601074,-0.6140462160110474
sentence-transformers/LaBSE,zh,41,marker_pool,0.2000904828310012,-0.2714103162288666,-0.6820386648178101,-0.4874816834926605
sentence-transformers/LaBSE,zh,42,marker_pool,0.0919672921299934,-0.4016411304473877,-0.6501460671424866,-0.2775397002696991
sentence-transformers/LaBSE,zh,43,marker_pool,0.1845525503158569,-0.2164546400308609,-0.7658773064613342,-0.5604485869407654
sentence-transformers/LaBSE,zh,44,marker_pool,0.1505667269229889,-0.3426971435546875,-0.7165309190750122,-0.3540239036083221
sentence-transformers/LaBSE,zh,45,marker_pool,0.2018562853336334,-0.4191037714481354,-0.7037816643714905,-0.4775509238243103
sentence-transformers/LaBSE,zh,46,marker_pool,0.1435674875974655,-0.3474394977092743,-0.6957816481590271,-0.3368692696094513
sentence-transformers/LaBSE,zh,47,marker_pool,0.1275653541088104,-0.372453361749649,-0.70270836353302,-0.4364484250545501
sentence-transformers/LaBSE,zh,48,marker_pool,0.1823302805423736,-0.3068871796131134,-0.6924076080322266,-0.3753525912761688
sentence-transformers/LaBSE,zh,49,marker_pool,0.1663703620433807,-0.3461062312126159,-0.6545704007148743,-0.3855817317962646
sentence-transformers/LaBSE,zh,50,marker_pool,0.1117155253887176,-0.2961617112159729,-0.7863430380821228,-0.5518907308578491
sentence-transformers/LaBSE,zh,51,marker_pool,0.1921421587467193,-0.3273637890815735,-0.720635175704956,-0.4336198568344116
sentence-transformers/LaBSE,zh,52,marker_pool,0.1507283151149749,-0.3787725865840912,-0.7452054023742676,-0.4250690042972564
sentence-transformers/LaBSE,zh,53,marker_pool,0.1741857081651687,-0.3677555918693542,-0.6991040110588074,-0.3995140492916107
sentence-transformers/LaBSE,zh,54,marker_pool,0.1665074825286865,-0.3456722199916839,-0.6819987893104553,-0.4517599046230316
sentence-transformers/LaBSE,zh,55,marker_pool,0.1884760558605194,-0.4626936614513397,-0.7699073553085327,-0.4629241526126861
sentence-transformers/LaBSE,zh,56,marker_pool,0.169552206993103,-0.2510502934455871,-0.6950051188468933,-0.4156060218811035
sentence-transformers/LaBSE,zh,57,marker_pool,0.2081596851348877,-0.2822088003158569,-0.6761049628257751,-0.4181626737117767
sentence-transformers/LaBSE,zh,58,marker_pool,0.187361940741539,-0.4802226722240448,-0.6718482971191406,-0.4164079427719116
sentence-transformers/LaBSE,zh,59,marker_pool,0.1777452677488327,-0.3245011568069458,-0.6933727264404297,-0.415016233921051
sentence-transformers/LaBSE,zh,60,marker_pool,0.1938848048448562,-0.2889699637889862,-0.76149582862854,-0.473447322845459
sentence-transformers/LaBSE,zh,61,marker_pool,0.1215663403272628,-0.4315848350524902,-0.6700237393379211,-0.1937613934278488
sentence-transformers/LaBSE,zh,62,marker_pool,0.1904186457395553,-0.4655124843120575,-0.7607365250587463,-0.5688310861587524
sentence-transformers/LaBSE,zh,63,marker_pool,0.1480980813503265,-0.2677159607410431,-0.7041784524917603,-0.506502628326416
sentence-transformers/LaBSE,zh,64,marker_pool,0.2258170843124389,-0.1891283392906189,-0.7535905838012695,-0.5038507580757141
sentence-transformers/LaBSE,zh,65,marker_pool,0.2067468166351318,-0.3220827281475067,-0.7069672346115112,-0.4899309873580932
sentence-transformers/LaBSE,zh,66,marker_pool,0.1719588935375213,-0.365727961063385,-0.6978569626808167,-0.5890113115310669
sentence-transformers/LaBSE,zh,67,marker_pool,0.0864791423082351,-0.4037968516349792,-0.613886833190918,-0.4793051779270172
sentence-transformers/LaBSE,zh,68,marker_pool,0.1498070210218429,-0.3465211987495422,-0.7617771029472351,-0.4119426310062408
sentence-transformers/LaBSE,zh,69,marker_pool,0.1849489659070968,-0.359653502702713,-0.707978367805481,-0.4771807789802551
sentence-transformers/LaBSE,zh,70,marker_pool,0.1487019956111908,-0.4178021252155304,-0.6698855757713318,-0.2902195751667022
sentence-transformers/LaBSE,zh,71,marker_pool,0.1644439995288849,-0.320153146982193,-0.6690883040428162,-0.5116180777549744
sentence-transformers/LaBSE,zh,72,marker_pool,0.1330477148294448,-0.3117231428623199,-0.7529206275939941,-0.5218120217323303
sentence-transformers/LaBSE,zh,73,marker_pool,0.1694911420345306,-0.2748406231403351,-0.6907246112823486,-0.4273862838745117
sentence-transformers/LaBSE,zh,74,marker_pool,0.1918214410543441,-0.266582578420639,-0.8195436000823975,-0.4457134306430816
sentence-transformers/LaBSE,zh,75,marker_pool,0.1828169673681259,-0.2421240359544754,-0.7895758748054504,-0.6401926279067993
sentence-transformers/LaBSE,zh,76,marker_pool,0.1486794352531433,-0.338956207036972,-0.7340503931045532,-0.3300826251506805
sentence-transformers/LaBSE,zh,77,marker_pool,0.1900283694267273,-0.3247151374816894,-0.6945556998252869,-0.4025914371013641
sentence-transformers/LaBSE,zh,78,marker_pool,0.2021883428096771,-0.3801796734333038,-0.7574205994606018,-0.5943325161933899
sentence-transformers/LaBSE,zh,79,marker_pool,0.1707178354263305,-0.3049914836883545,-0.749965250492096,-0.5444301962852478
sentence-transformers/LaBSE,zh,80,marker_pool,0.1587533354759216,-0.6030240058898926,-0.7168082594871521,-0.6900338530540466
sentence-transformers/LaBSE,zh,81,marker_pool,0.2093863040208816,-0.5802814960479736,-0.5821315050125122,-0.5958173274993896
sentence-transformers/LaBSE,zh,82,marker_pool,0.1964259147644043,-0.3493606448173523,-0.6874912977218628,-0.4856329560279846
sentence-transformers/LaBSE,zh,83,marker_pool,0.1705885231494903,-0.4014239907264709,-0.6749977469444275,-0.4267851710319519
sentence-transformers/LaBSE,zh,84,marker_pool,0.1998742669820785,-0.2641932368278503,-0.6585264205932617,-0.5278247594833374
sentence-transformers/LaBSE,zh,85,marker_pool,0.1949798911809921,-0.2969658970832824,-0.6717239618301392,-0.6188704371452332
sentence-transformers/LaBSE,zh,86,marker_pool,0.1401704400777816,-0.2948631644248962,-0.746625542640686,-0.4576993286609649
sentence-transformers/LaBSE,zh,87,marker_pool,0.0937461107969284,-0.3525053858757019,-0.6822900176048279,-0.4035440981388092
sentence-transformers/LaBSE,zh,88,marker_pool,0.2338452637195587,-0.4667948484420776,-0.7646249532699585,-0.5151625871658325
sentence-transformers/LaBSE,zh,89,marker_pool,0.1527381688356399,-0.2176194041967392,-0.6848111152648926,-0.4317606389522552
sentence-transformers/LaBSE,zh,90,marker_pool,0.1351014673709869,-0.2996253371238708,-0.7595221996307373,-0.5015828013420105
sentence-transformers/LaBSE,zh,91,marker_pool,0.186562642455101,-0.2394718080759048,-0.5705302953720093,-0.3772900104522705
sentence-transformers/LaBSE,zh,92,marker_pool,0.1509502381086349,-0.3405510783195495,-0.6988212466239929,-0.4846138656139374
sentence-transformers/LaBSE,zh,93,marker_pool,0.1737090647220611,-0.3908867537975311,-0.6722068786621094,-0.4411899447441101
sentence-transformers/LaBSE,zh,94,marker_pool,0.222939059138298,-0.277528703212738,-0.7150017023086548,-0.4855565726757049
sentence-transformers/LaBSE,zh,95,marker_pool,0.1873410642147064,-0.3600725531578064,-0.6786296963691711,-0.3805963695049286
sentence-transformers/LaBSE,zh,96,marker_pool,0.186180830001831,-0.4020397663116455,-0.7151261568069458,-0.5062574744224548
sentence-transformers/LaBSE,zh,97,marker_pool,0.1335949450731277,-0.3934647738933563,-0.7109008431434631,-0.5703279972076416
sentence-transformers/LaBSE,zh,98,marker_pool,0.2282134890556335,-0.2532226145267486,-0.7492837905883789,-0.5295701026916504
sentence-transformers/LaBSE,zh,99,marker_pool,0.1930702030658722,-0.3109452128410339,-0.774837076663971,-0.614365816116333
sentence-transformers/LaBSE,zh,100,marker_pool,0.1328114867210388,-0.295163631439209,-0.7629644274711609,-0.6051704287528992
sentence-transformers/LaBSE,zh,101,marker_pool,0.1211120039224624,-0.372354656457901,-0.7178013324737549,-0.4006080031394958
sentence-transformers/LaBSE,zh,102,marker_pool,0.1551856696605682,-0.3820317983627319,-0.7193150520324707,-0.4066826999187469
sentence-transformers/LaBSE,zh,103,marker_pool,0.0851838812232017,-0.6109868884086609,-0.7160840630531311,-0.6036950945854187
sentence-transformers/LaBSE,zh,104,marker_pool,0.1550278961658477,-0.3335801661014557,-0.6955987811088562,-0.3834169507026672
sentence-transformers/LaBSE,zh,105,marker_pool,0.1614385843276977,-0.317835658788681,-0.8171287178993225,-0.3499070405960083
sentence-transformers/LaBSE,zh,106,marker_pool,0.1070675030350685,-0.6227365136146545,-0.7505992650985718,-0.5352509021759033
sentence-transformers/LaBSE,zh,107,marker_pool,0.1276448667049408,-0.3418594598770141,-0.7098574042320251,-0.4804253280162811
sentence-transformers/LaBSE,zh,108,marker_pool,0.2101279944181442,-0.2962501347064972,-0.725723385810852,-0.5416291952133179
sentence-transformers/LaBSE,zh,109,marker_pool,0.1958981901407241,-0.3062641024589538,-0.795556366443634,-0.4750219881534576
sentence-transformers/LaBSE,zh,110,marker_pool,0.173701524734497,-0.3019948601722717,-0.6916831135749817,-0.473945289850235
sentence-transformers/LaBSE,zh,111,marker_pool,0.1962791979312896,-0.3797559440135956,-0.783054769039154,-0.3709419071674347
sentence-transformers/LaBSE,zh,112,marker_pool,0.1743397116661071,-0.3261188268661499,-0.7324222922325134,-0.4992879629135132
sentence-transformers/LaBSE,zh,113,marker_pool,0.1829996109008789,-0.3289729058742523,-0.6936292052268982,-0.3776191174983978
sentence-transformers/LaBSE,zh,114,marker_pool,0.2618505656719208,-0.5843423008918762,-0.755285382270813,-0.8001790046691895
sentence-transformers/LaBSE,zh,115,marker_pool,0.1595606505870819,-0.3613040745258331,-0.6483109593391418,-0.4806371927261352
sentence-transformers/LaBSE,zh,116,marker_pool,0.1797461062669754,-0.3567761480808258,-0.6867583394050598,-0.3479819297790527
sentence-transformers/LaBSE,zh,117,marker_pool,0.1900589764118194,-0.3854272961616516,-0.788771390914917,-0.6551591157913208
sentence-transformers/LaBSE,zh,118,marker_pool,0.1815359741449356,-0.3302431106567383,-0.6718254089355469,-0.384406179189682
sentence-transformers/LaBSE,zh,119,marker_pool,0.1390281021595001,-0.3890591263771057,-0.747062623500824,-0.4484997093677521
sentence-transformers/LaBSE,zh,120,marker_pool,0.1740453541278839,-0.1720671653747558,-0.7126113176345825,-0.3919641673564911
sentence-transformers/LaBSE,zh,121,marker_pool,0.1897902637720108,-0.3876874446868896,-0.7976036071777344,-0.5282359719276428
sentence-transformers/LaBSE,zh,122,marker_pool,0.1356321275234222,-0.3634712994098663,-0.6816959381103516,-0.3393096625804901
sentence-transformers/LaBSE,zh,123,marker_pool,0.1841214895248413,-0.3421946465969085,-0.7127595543861389,-0.4554906785488128
sentence-transformers/LaBSE,zh,124,marker_pool,0.1263527125120163,-0.37521892786026,-0.6462060213088989,-0.383861780166626
sentence-transformers/LaBSE,zh,125,marker_pool,0.2131494134664535,-0.4045619964599609,-0.7503920793533325,-0.4323530793190002
sentence-transformers/LaBSE,zh,126,marker_pool,0.1202306672930717,-0.3469926416873932,-0.6650713086128235,-0.3667653799057007
sentence-transformers/LaBSE,zh,127,marker_pool,0.1660535186529159,-0.3245261311531067,-0.7097887396812439,-0.5652898550033569
sentence-transformers/LaBSE,zh,128,marker_pool,0.1960202306509018,-0.3596949279308319,-0.6865425705909729,-0.4188116490840912
sentence-transformers/LaBSE,zh,129,marker_pool,0.2482491284608841,-0.7066370844841003,-0.7191686630249023,-0.6978217959403992
sentence-transformers/LaBSE,zh,130,marker_pool,0.1443278789520263,-0.3521237969398498,-0.7256659865379333,-0.5399584174156189
sentence-transformers/LaBSE,zh,131,marker_pool,0.2051462680101394,-0.3455791771411896,-0.7672126293182373,-0.5061088800430298
sentence-transformers/LaBSE,zh,132,marker_pool,0.2586607336997986,-0.5585940480232239,-0.7734769582748413,-0.6503676176071167
sentence-transformers/LaBSE,zh,133,marker_pool,0.16030353307724,-0.3972713649272918,-0.726317286491394,-0.5920689702033997
sentence-transformers/LaBSE,zh,134,marker_pool,0.227775901556015,-0.345323383808136,-0.8131740689277649,-0.5557222366333008
sentence-transformers/LaBSE,zh,135,marker_pool,0.131562128663063,-0.3705292642116546,-0.6746671199798584,-0.3986479640007019
sentence-transformers/LaBSE,zh,136,marker_pool,0.1425777077674865,-0.3453378677368164,-0.708219051361084,-0.3894749879837036
sentence-transformers/LaBSE,zh,137,marker_pool,0.1872576177120208,-0.3037068247795105,-0.6894762516021729,-0.5910497307777405
sentence-transformers/LaBSE,zh,138,marker_pool,0.1237130537629127,-0.3056694269180298,-0.7646923661231995,-0.5417725443840027
sentence-transformers/LaBSE,zh,139,marker_pool,0.2250928580760955,-0.2272120118141174,-0.689373254776001,-0.5279128551483154
sentence-transformers/LaBSE,zh,140,marker_pool,0.2028171122074127,-0.2622957527637481,-0.6907707452774048,-0.5151005387306213
sentence-transformers/LaBSE,zh,141,marker_pool,0.1904525160789489,-0.3555018901824951,-0.7518234252929688,-0.5500084757804871
sentence-transformers/LaBSE,zh,142,marker_pool,0.1870923638343811,-0.3418929278850555,-0.6925607919692993,-0.4486695528030395
sentence-transformers/LaBSE,zh,143,marker_pool,0.1652727127075195,-0.3708231151103973,-0.7730698585510254,-0.3719050586223602
sentence-transformers/LaBSE,zh,144,marker_pool,0.2066637277603149,-0.2836462259292602,-0.8094314932823181,-0.5641345977783203
sentence-transformers/LaBSE,zh,145,marker_pool,0.1966128051280975,-0.3068876266479492,-0.6545209884643555,-0.5122585892677307
sentence-transformers/LaBSE,zh,146,marker_pool,0.0985066667199134,-0.4186311960220337,-0.7805074453353882,-0.6142667531967163
sentence-transformers/LaBSE,zh,147,marker_pool,0.1250610202550888,-0.346438318490982,-0.7039125561714172,-0.5111024975776672
sentence-transformers/LaBSE,zh,148,marker_pool,0.2921591103076935,-0.253824383020401,-0.7670750021934509,-0.6799010038375854
sentence-transformers/LaBSE,zh,149,marker_pool,0.1556993126869201,-0.3506022691726684,-0.7689971327781677,-0.5410221219062805
sentence-transformers/LaBSE,zh,150,marker_pool,0.2002250701189041,-0.2957098484039306,-0.6476810574531555,-0.4153617322444916
sentence-transformers/LaBSE,zh,151,marker_pool,0.2159154564142227,-0.2533760070800781,-0.6476145386695862,-0.600375771522522
sentence-transformers/LaBSE,zh,152,marker_pool,0.1358371376991272,-0.3651107549667358,-0.780242383480072,-0.3830162286758423
sentence-transformers/LaBSE,zh,153,marker_pool,0.1984246671199798,-0.4925741255283355,-0.7797672152519226,-0.5125618577003479
sentence-transformers/LaBSE,zh,154,marker_pool,0.2121142745018005,-0.4680184423923492,-0.7145838141441345,-0.5219436287879944
sentence-transformers/LaBSE,zh,155,marker_pool,0.152636781334877,-0.3290899097919464,-0.6960197687149048,-0.5980096459388733
sentence-transformers/LaBSE,zh,156,marker_pool,0.1018310561776161,-0.5608195662498474,-0.774936318397522,-0.7232068777084351
sentence-transformers/LaBSE,zh,157,marker_pool,0.1386879980564117,-0.3368768095970154,-0.7092075943946838,-0.3158583045005798
sentence-transformers/LaBSE,zh,158,marker_pool,0.1897855252027511,-0.2499156594276428,-0.6214954853057861,-0.4679147005081177
sentence-transformers/LaBSE,zh,159,marker_pool,0.2269012033939361,-0.3556586503982544,-0.7983914017677307,-0.5200065970420837
sentence-transformers/paraphrase-multilingual-mpnet-base-v2,en,0,mean_pool,0.4488377869129181,0.0325452871620655,-0.1632172763347625,-0.0429287850856781
sentence-transformers/paraphrase-multilingual-mpnet-base-v2,en,1,mean_pool,0.3854054510593414,0.1887923926115036,-0.3093674182891845,0.0011669176165014
sentence-transformers/paraphrase-multilingual-mpnet-base-v2,en,2,mean_pool,0.3693654239177704,0.2382118552923202,-0.165117010474205,-0.0434517040848732
sentence-transformers/paraphrase-multilingual-mpnet-base-v2,en,3,mean_pool,0.393679141998291,0.1901119947433471,-0.2113117426633834,-0.0049076848663389
sentence-transformers/paraphrase-multilingual-mpnet-base-v2,en,4,mean_pool,0.4189916849136352,0.120149478316307,-0.2010352313518524,-0.0727447122335434
sentence-transformers/paraphrase-multilingual-mpnet-base-v2,en,5,mean_pool,0.4383058249950409,0.171735942363739,-0.1612386703491211,-0.0366590544581413
sentence-transformers/paraphrase-multilingual-mpnet-base-v2,en,6,mean_pool,0.3901466429233551,0.1752418726682663,-0.2546452283859253,-0.059158269315958
sentence-transformers/paraphrase-multilingual-mpnet-base-v2,en,7,mean_pool,0.3271705508232116,0.1599739044904709,-0.1689525693655014,-0.0616694167256355
sentence-transformers/paraphrase-multilingual-mpnet-base-v2,en,8,mean_pool,0.359574943780899,0.218055859208107,-0.2085930407047271,-0.0010589997982606
sentence-transformers/paraphrase-multilingual-mpnet-base-v2,en,9,mean_pool,0.3966008722782135,0.0939554199576377,-0.2540673613548279,-0.0563064701855182
sentence-transformers/paraphrase-multilingual-mpnet-base-v2,en,10,mean_pool,0.4651931822299957,0.1488325595855713,-0.2792255282402038,-0.0429159067571163
sentence-transformers/paraphrase-multilingual-mpnet-base-v2,en,11,mean_pool,0.4078897535800934,0.1276892870664596,-0.2373925894498825,-0.0530874766409397
sentence-transformers/paraphrase-multilingual-mpnet-base-v2,en,12,mean_pool,0.347048819065094,0.1557386517524719,-0.2481881976127624,-0.1483484059572219
sentence-transformers/paraphrase-multilingual-mpnet-base-v2,en,13,mean_pool,0.3871259391307831,0.0883548110723495,-0.2175232023000717,-0.0916891172528266
sentence-transformers/paraphrase-multilingual-mpnet-base-v2,en,14,mean_pool,0.427295058965683,0.1117421835660934,-0.1369649767875671,-0.013272663578391
sentence-transformers/paraphrase-multilingual-mpnet-base-v2,en,15,mean_pool,0.3970061838626861,0.2804891467094421,-0.1636904180049896,-0.0377244763076305
sentence-transformers/paraphrase-multilingual-mpnet-base-v2,en,16,mean_pool,0.3774681985378265,0.0912633538246154,-0.1041433960199356,0.0053209019824862
sentence-transformers/paraphrase-multilingual-mpnet-base-v2,en,17,mean_pool,0.3803481757640838,0.1136975213885307,-0.2035313993692398,-0.0306799840182065
sentence-transformers/paraphrase-multilingual-mpnet-base-v2,en,18,mean_pool,0.3742888569831848,0.0568078830838203,-0.1717698276042938,-0.0418060235679149
sentence-transformers/paraphrase-multilingual-mpnet-base-v2,en,19,mean_pool,0.3975803256034851,0.2486149966716766,-0.1656832098960876,0.0905612558126449
sentence-transformers/paraphrase-multilingual-mpnet-base-v2,en,20,mean_pool,0.4130495488643646,0.038101565092802,-0.1794292330741882,-0.0612695701420307
sentence-transformers/paraphrase-multilingual-mpnet-base-v2,en,21,mean_pool,0.4009007811546325,0.0964180305600166,-0.1951984167098999,-0.0651450976729393
sentence-transformers/paraphrase-multilingual-mpnet-base-v2,en,22,mean_pool,0.3808137774467468,0.2115364223718643,-0.2431784719228744,-0.0643305554986
sentence-transformers/paraphrase-multilingual-mpnet-base-v2,en,23,mean_pool,0.4018312096595764,0.1455782204866409,-0.185076355934143,0.021517165005207
sentence-transformers/paraphrase-multilingual-mpnet-base-v2,en,24,mean_pool,0.4283847510814667,0.1182269006967544,-0.2070276737213134,-0.1745461374521255
sentence-transformers/paraphrase-multilingual-mpnet-base-v2,en,25,mean_pool,0.363452672958374,0.2008764296770095,-0.2548683285713196,0.0104497279971838
sentence-transformers/paraphrase-multilingual-mpnet-base-v2,en,26,mean_pool,0.349904716014862,0.1974523216485977,-0.1752876043319702,0.0346022732555866
sentence-transformers/paraphrase-multilingual-mpnet-base-v2,en,27,mean_pool,0.3890649378299713,0.1991846710443496,-0.2376305907964706,-0.0296063683927059
sentence-transformers/paraphrase-multilingual-mpnet-base-v2,en,28,mean_pool,0.3489606976509094,0.3219998180866241,-0.2813706696033478,0.0143869975581765
sentence-transformers/paraphrase-multilingual-mpnet-base-v2,en,29,mean_pool,0.449434220790863,0.114332728087902,-0.1881769150495529,-0.1593850255012512
sentence-transformers/paraphrase-multilingual-mpnet-base-v2,en,30,mean_pool,0.4236299991607666,0.0735973045229911,-0.2062890231609344,-0.045682705938816
sentence-transformers/paraphrase-multilingual-mpnet-base-v2,en,31,mean_pool,0.4055146276950836,0.2108712792396545,-0.2384825050830841,-0.0170400533825159
sentence-transformers/paraphrase-multilingual-mpnet-base-v2,en,32,mean_pool,0.424420028924942,0.1252434402704239,-0.2880339920520782,-0.0742610171437263
sentence-transformers/paraphrase-multilingual-mpnet-base-v2,en,33,mean_pool,0.3660596311092376,0.1243258267641067,-0.1863590329885482,-0.0518371388316154
sentence-transformers/paraphrase-multilingual-mpnet-base-v2,en,34,mean_pool,0.4598827660083771,0.1115985885262489,-0.222463846206665,-0.108972281217575
sentence-transformers/paraphrase-multilingual-mpnet-base-v2,en,35,mean_pool,0.3488625884056091,0.1770864576101303,-0.3024959564208984,-0.0476050712168216
sentence-transformers/paraphrase-multilingual-mpnet-base-v2,en,36,mean_pool,0.3909972608089447,0.2783155441284179,-0.2306282967329025,0.0668325573205947
sentence-transformers/paraphrase-multilingual-mpnet-base-v2,en,37,mean_pool,0.4025390744209289,0.1513188481330871,-0.2059284746646881,-0.09456218034029
sentence-transformers/paraphrase-multilingual-mpnet-base-v2,en,38,mean_pool,0.3549431264400482,0.1188266053795814,-0.2490393221378326,-0.0377791486680507
sentence-transformers/paraphrase-multilingual-mpnet-base-v2,en,39,mean_pool,0.3591425120830536,0.1594186127185821,-0.3253853023052215,-0.0352077707648277
sentence-transformers/paraphrase-multilingual-mpnet-base-v2,en,40,mean_pool,0.3980093598365783,0.1865007728338241,-0.1918567419052124,0.0271517075598239
sentence-transformers/paraphrase-multilingual-mpnet-base-v2,en,41,mean_pool,0.3830653131008148,0.1637143194675445,-0.1573429256677627,-0.0070237554609775
sentence-transformers/paraphrase-multilingual-mpnet-base-v2,en,42,mean_pool,0.3887034654617309,0.2250441163778305,-0.201193019747734,-0.0755055397748947
sentence-transformers/paraphrase-multilingual-mpnet-base-v2,en,43,mean_pool,0.4290266931056976,0.1310205310583114,-0.2342911064624786,-0.0709312185645103
sentence-transformers/paraphrase-multilingual-mpnet-base-v2,en,44,mean_pool,0.3949165940284729,0.0772956609725952,-0.2280592769384384,-0.1094186529517173
sentence-transformers/paraphrase-multilingual-mpnet-base-v2,en,45,mean_pool,0.3867068588733673,0.2309299260377884,-0.2663761675357818,-0.0050590657629072
sentence-transformers/paraphrase-multilingual-mpnet-base-v2,en,46,mean_pool,0.3596745729446411,0.183970108628273,-0.2906439900398254,-0.0472874231636524
sentence-transformers/paraphrase-multilingual-mpnet-base-v2,en,47,mean_pool,0.4101802706718445,0.2341829687356948,-0.2487287819385528,0.0382422320544719
sentence-transformers/paraphrase-multilingual-mpnet-base-v2,en,48,mean_pool,0.4180890917778015,0.0561171099543571,-0.2115314602851867,-0.0575709752738475
sentence-transformers/paraphrase-multilingual-mpnet-base-v2,en,49,mean_pool,0.3972707688808441,0.0941766127943992,-0.2607902884483337,-0.0669062212109565
sentence-transformers/paraphrase-multilingual-mpnet-base-v2,en,50,mean_pool,0.37224280834198,0.3069204092025757,-0.1759862303733825,0.0171591527760028
sentence-transformers/paraphrase-multilingual-mpnet-base-v2,en,51,mean_pool,0.3965194523334503,0.2042191922664642,-0.1634828746318817,-0.0821031108498573
sentence-transformers/paraphrase-multilingual-mpnet-base-v2,en,52,mean_pool,0.4324016571044922,0.0854962095618248,-0.2224879711866378,-0.0630513727664947
sentence-transformers/paraphrase-multilingual-mpnet-base-v2,en,53,mean_pool,0.4327403008937835,0.1344890892505645,-0.2499786913394928,-0.0733744502067565
sentence-transformers/paraphrase-multilingual-mpnet-base-v2,en,54,mean_pool,0.3896587193012237,0.1507729142904281,-0.1925817430019378,-0.0693097189068794
sentence-transformers/paraphrase-multilingual-mpnet-base-v2,en,55,mean_pool,0.3898490667343139,0.0785076990723609,-0.1987362205982208,-0.092137910425663
sentence-transformers/paraphrase-multilingual-mpnet-base-v2,en,56,mean_pool,0.4301916062831878,0.209159106016159,-0.1870508044958114,0.0192932486534118
sentence-transformers/paraphrase-multilingual-mpnet-base-v2,en,57,mean_pool,0.4149022996425628,0.1593638509511947,-0.2243376821279525,-0.0654051229357719
sentence-transformers/paraphrase-multilingual-mpnet-base-v2,en,58,mean_pool,0.3456009328365326,0.1509375572204589,-0.2243252992630005,-0.0013611167669296
sentence-transformers/paraphrase-multilingual-mpnet-base-v2,en,59,mean_pool,0.468724250793457,0.1325247436761856,-0.1846781820058822,-0.1695915758609771
sentence-transformers/paraphrase-multilingual-mpnet-base-v2,en,60,mean_pool,0.3139075636863708,0.1723941415548324,-0.2174613177776336,-0.0546929277479648
sentence-transformers/paraphrase-multilingual-mpnet-base-v2,en,61,mean_pool,0.3902336359024048,0.228986456990242,-0.2975704371929168,-0.0936354845762252
sentence-transformers/paraphrase-multilingual-mpnet-base-v2,en,62,mean_pool,0.4020194411277771,0.1847852617502212,-0.2372686862945556,-0.0105556854978203
sentence-transformers/paraphrase-multilingual-mpnet-base-v2,en,63,mean_pool,0.4130512177944183,0.1660586446523666,-0.2912299335002899,-0.0337357744574546
sentence-transformers/paraphrase-multilingual-mpnet-base-v2,en,64,mean_pool,0.4854057133197784,0.1317782253026962,-0.2755580246448517,-0.0483431965112686
sentence-transformers/paraphrase-multilingual-mpnet-base-v2,en,65,mean_pool,0.3331533074378967,0.2430753707885742,-0.220429465174675,0.030502563342452
sentence-transformers/paraphrase-multilingual-mpnet-base-v2,en,66,mean_pool,0.3886656463146209,0.2276165783405304,-0.3284074366092682,-0.0399728342890739
sentence-transformers/paraphrase-multilingual-mpnet-base-v2,en,67,mean_pool,0.3820433616638183,0.1935899257659912,-0.2031192183494568,-0.1279640942811966
sentence-transformers/paraphrase-multilingual-mpnet-base-v2,en,68,mean_pool,0.4213247895240783,0.0909003466367721,-0.1886456459760666,-0.0342730246484279
sentence-transformers/paraphrase-multilingual-mpnet-base-v2,en,69,mean_pool,0.4012423753738403,0.2524314820766449,-0.2359226197004318,0.0843438729643821
sentence-transformers/paraphrase-multilingual-mpnet-base-v2,en,70,mean_pool,0.4106941521167755,0.2101451009511947,-0.2168250679969787,-0.0974685251712799
sentence-transformers/paraphrase-multilingual-mpnet-base-v2,en,71,mean_pool,0.4521986246109009,0.0699969232082367,-0.2754950821399688,-0.1859773099422454
sentence-transformers/paraphrase-multilingual-mpnet-base-v2,en,72,mean_pool,0.3691045939922333,0.2918833494186401,-0.2829700112342834,0.0828350931406021
sentence-transformers/paraphrase-multilingual-mpnet-base-v2,en,73,mean_pool,0.3912256360054016,0.168469026684761,-0.2869085669517517,-0.0348001457750797
sentence-transformers/paraphrase-multilingual-mpnet-base-v2,en,74,mean_pool,0.3891340494155884,0.1161113530397415,-0.2057448178529739,-0.0340967997908592
sentence-transformers/paraphrase-multilingual-mpnet-base-v2,en,75,mean_pool,0.4197234809398651,0.1339408010244369,-0.1343881338834762,0.0229563601315021
sentence-transformers/paraphrase-multilingual-mpnet-base-v2,en,76,mean_pool,0.4195798933506012,0.1035248488187789,-0.1512300223112106,-0.1395351588726043
sentence-transformers/paraphrase-multilingual-mpnet-base-v2,en,77,mean_pool,0.4119501411914825,0.1568621844053268,-0.2259305864572525,-0.0224712677299976
sentence-transformers/paraphrase-multilingual-mpnet-base-v2,en,78,mean_pool,0.371476262807846,0.2116944789886474,-0.1153471320867538,0.0229623578488826
sentence-transformers/paraphrase-multilingual-mpnet-base-v2,en,79,mean_pool,0.3852742910385132,0.0375216268002986,-0.2340645641088485,-0.0868061929941177
sentence-transformers/paraphrase-multilingual-mpnet-base-v2,en,80,mean_pool,0.3650331795215606,0.1807547211647033,-0.198593258857727,0.0087308548390865
sentence-transformers/paraphrase-multilingual-mpnet-base-v2,en,81,mean_pool,0.4088621139526367,0.1646910011768341,-0.2588402926921844,-0.047326635569334
sentence-transformers/paraphrase-multilingual-mpnet-base-v2,en,82,mean_pool,0.3565967381000519,0.2748066484928131,-0.1847214847803115,0.0906645134091377
sentence-transformers/paraphrase-multilingual-mpnet-base-v2,en,83,mean_pool,0.435785174369812,0.1061274409294128,-0.2329421788454055,-0.1026482507586479
sentence-transformers/paraphrase-multilingual-mpnet-base-v2,en,84,mean_pool,0.3522436618804931,0.1861820220947265,-0.1485102176666259,0.0630567818880081
sentence-transformers/paraphrase-multilingual-mpnet-base-v2,en,85,mean_pool,0.3691173791885376,0.1655264347791671,-0.1521896123886108,0.0228663496673107
sentence-transformers/paraphrase-multilingual-mpnet-base-v2,en,86,mean_pool,0.3669396340847015,0.3082170188426971,-0.3237600028514862,0.0456548035144805
sentence-transformers/paraphrase-multilingual-mpnet-base-v2,en,87,mean_pool,0.4071520864963531,0.2741068303585052,-0.2854715585708618,-0.0466719754040241
sentence-transformers/paraphrase-multilingual-mpnet-base-v2,en,88,mean_pool,0.4473471939563751,0.15980826318264,-0.2670908570289612,-0.0336446426808834
sentence-transformers/paraphrase-multilingual-mpnet-base-v2,en,89,mean_pool,0.4421912431716919,0.1339399516582489,-0.20700503885746,-0.0071511263959109
sentence-transformers/paraphrase-multilingual-mpnet-base-v2,en,90,mean_pool,0.4246743023395538,0.1584639549255371,-0.3024306893348694,-0.0230962019413709
sentence-transformers/paraphrase-multilingual-mpnet-base-v2,en,91,mean_pool,0.4024956822395324,0.1774906069040298,-0.1944124549627304,-0.0352186746895313
sentence-transformers/paraphrase-multilingual-mpnet-base-v2,en,92,mean_pool,0.4378649890422821,0.111616626381874,-0.3256518840789795,-0.0605341047048568
sentence-transformers/paraphrase-multilingual-mpnet-base-v2,en,93,mean_pool,0.4237532913684845,0.1746730208396911,-0.2226496338844299,-0.0150714181363582
sentence-transformers/paraphrase-multilingual-mpnet-base-v2,en,94,mean_pool,0.3675035834312439,0.1909660398960113,-0.2306152582168579,-0.0866498500108718
sentence-transformers/paraphrase-multilingual-mpnet-base-v2,en,95,mean_pool,0.3619138598442077,0.2928386330604553,-0.1960048675537109,-0.0355105549097061
sentence-transformers/paraphrase-multilingual-mpnet-base-v2,en,96,mean_pool,0.4023571908473968,0.1331487596035003,-0.1471814215183258,-0.0126484362408518
sentence-transformers/paraphrase-multilingual-mpnet-base-v2,en,97,mean_pool,0.4472333788871765,0.0872089564800262,-0.273211807012558,-0.146777793765068
sentence-transformers/paraphrase-multilingual-mpnet-base-v2,en,98,mean_pool,0.4009386301040649,0.1494350135326385,-0.1786966472864151,-0.0020134078804403
sentence-transformers/paraphrase-multilingual-mpnet-base-v2,en,99,mean_pool,0.3546037673950195,0.1876634210348129,-0.2152228057384491,-0.1328208148479461
sentence-transformers/paraphrase-multilingual-mpnet-base-v2,en,100,mean_pool,0.4095067381858825,0.1199110969901084,-0.1530889421701431,-0.0146314576268196
sentence-transformers/paraphrase-multilingual-mpnet-base-v2,en,101,mean_pool,0.3996257781982422,0.2077423483133316,-0.1507729589939117,-0.0044910977594554
sentence-transformers/paraphrase-multilingual-mpnet-base-v2,en,102,mean_pool,0.3860489130020141,0.214139237999916,-0.2212772518396377,-0.0144196022301912
sentence-transformers/paraphrase-multilingual-mpnet-base-v2,en,103,mean_pool,0.4276694357395172,0.1345625519752502,-0.2087620943784713,-0.1167770102620124
sentence-transformers/paraphrase-multilingual-mpnet-base-v2,en,104,mean_pool,0.3779160976409912,0.209152415394783,-0.252589464187622,0.0430512949824333
sentence-transformers/paraphrase-multilingual-mpnet-base-v2,en,105,mean_pool,0.336662620306015,0.1859383881092071,-0.1447977423667907,-0.1060978174209594
sentence-transformers/paraphrase-multilingual-mpnet-base-v2,en,106,mean_pool,0.4377574026584625,0.1613586395978927,-0.2077744007110595,-0.0010513525921851
sentence-transformers/paraphrase-multilingual-mpnet-base-v2,en,107,mean_pool,0.3826540410518646,0.2103896588087082,-0.2126908302307129,-0.0525955967605114
sentence-transformers/paraphrase-multilingual-mpnet-base-v2,en,108,mean_pool,0.3416463732719421,0.2344247847795486,-0.2884557247161865,-0.0032035005278885
sentence-transformers/paraphrase-multilingual-mpnet-base-v2,en,109,mean_pool,0.3452100753784179,0.2332692593336105,-0.3403930068016052,0.0019439862808212
sentence-transformers/paraphrase-multilingual-mpnet-base-v2,en,110,mean_pool,0.3989269137382507,0.1756030023097992,-0.2957121133804321,-0.2865446209907532
sentence-transformers/paraphrase-multilingual-mpnet-base-v2,en,111,mean_pool,0.3834570050239563,0.1398593187332153,-0.1728999763727188,-0.1718281060457229
sentence-transformers/paraphrase-multilingual-mpnet-base-v2,en,112,mean_pool,0.3797589838504791,0.2526933848857879,-0.2429513782262802,-0.0176796466112136
sentence-transformers/paraphrase-multilingual-mpnet-base-v2,en,113,mean_pool,0.3720099031925201,0.164786621928215,-0.222359612584114,-0.0027462621219456
sentence-transformers/paraphrase-multilingual-mpnet-base-v2,en,114,mean_pool,0.4085453748703003,0.2583201229572296,-0.1581550985574722,0.0577091574668884
sentence-transformers/paraphrase-multilingual-mpnet-base-v2,en,115,mean_pool,0.3953664898872375,0.254528284072876,-0.1497709453105926,0.0219428464770317
sentence-transformers/paraphrase-multilingual-mpnet-base-v2,en,116,mean_pool,0.43731689453125,0.1422398090362548,-0.2562276124954223,-0.084557868540287
sentence-transformers/paraphrase-multilingual-mpnet-base-v2,en,117,mean_pool,0.4855771660804748,0.1769400835037231,-0.2513481676578522,-0.0701096430420875
sentence-transformers/paraphrase-multilingual-mpnet-base-v2,en,118,mean_pool,0.3709362149238586,0.1509829312562942,-0.1444548666477203,-0.0157854538410902
sentence-transformers/paraphrase-multilingual-mpnet-base-v2,en,119,mean_pool,0.3893665373325348,0.1684091091156005,-0.2559984922409057,-0.0436511449515819
sentence-transformers/paraphrase-multilingual-mpnet-base-v2,en,120,mean_pool,0.3620324432849884,0.1774610728025436,-0.1562859714031219,-0.0209416542202234
sentence-transformers/paraphrase-multilingual-mpnet-base-v2,en,121,mean_pool,0.480845957994461,0.1463863402605056,-0.2552216649055481,-0.0241947975009679
sentence-transformers/paraphrase-multilingual-mpnet-base-v2,en,122,mean_pool,0.3602647483348846,0.1987456232309341,-0.2483981847763061,-0.0299714934080839
sentence-transformers/paraphrase-multilingual-mpnet-base-v2,en,123,mean_pool,0.3730332255363464,0.2989946901798248,-0.3596380650997162,0.0513024590909481
sentence-transformers/paraphrase-multilingual-mpnet-base-v2,en,124,mean_pool,0.4300950467586517,0.1770250499248504,-0.217203676700592,0.0035313046537339
sentence-transformers/paraphrase-multilingual-mpnet-base-v2,en,125,mean_pool,0.4451008439064026,0.1093527749180793,-0.2968921959400177,-0.1454411745071411
sentence-transformers/paraphrase-multilingual-mpnet-base-v2,en,126,mean_pool,0.4001825749874115,0.2322914004325866,-0.1804194301366806,0.0184780657291412
sentence-transformers/paraphrase-multilingual-mpnet-base-v2,en,127,mean_pool,0.4266212880611419,0.1355761885643005,-0.2759213745594024,-0.1957098692655563
sentence-transformers/paraphrase-multilingual-mpnet-base-v2,en,128,mean_pool,0.4155099987983703,0.1218400076031684,-0.3308002352714538,-0.2109403759241104
sentence-transformers/paraphrase-multilingual-mpnet-base-v2,en,129,mean_pool,0.3663386404514313,0.2394482791423797,-0.2198084592819214,-0.0155789731070399
sentence-transformers/paraphrase-multilingual-mpnet-base-v2,en,130,mean_pool,0.3822557330131531,0.2009600102901458,-0.2955872714519501,-0.0030631837435066
sentence-transformers/paraphrase-multilingual-mpnet-base-v2,en,131,mean_pool,0.4259908497333526,0.1193075850605964,-0.2518440783023834,-0.025217916816473
sentence-transformers/paraphrase-multilingual-mpnet-base-v2,en,132,mean_pool,0.4240712821483612,0.1878276020288467,-0.2123766541481018,-0.1632736772298813
sentence-transformers/paraphrase-multilingual-mpnet-base-v2,en,133,mean_pool,0.4074187278747558,0.1348800659179687,-0.2314167320728302,-0.0351433679461479
sentence-transformers/paraphrase-multilingual-mpnet-base-v2,en,134,mean_pool,0.4161068499088287,0.202582761645317,-0.1885204315185547,-0.0737031772732734
sentence-transformers/paraphrase-multilingual-mpnet-base-v2,en,135,mean_pool,0.3646292984485626,0.1330235749483108,-0.1405016183853149,-0.1389361768960952
sentence-transformers/paraphrase-multilingual-mpnet-base-v2,en,136,mean_pool,0.4131922423839569,0.17317995429039,-0.1634977906942367,0.0468226857483387
sentence-transformers/paraphrase-multilingual-mpnet-base-v2,en,137,mean_pool,0.4255252480506897,0.0924122110009193,-0.3078069388866424,-0.1531938910484314
sentence-transformers/paraphrase-multilingual-mpnet-base-v2,en,138,mean_pool,0.4079052209854126,0.2517187595367431,-0.1280735582113266,-0.0078529911115765
sentence-transformers/paraphrase-multilingual-mpnet-base-v2,en,139,mean_pool,0.4048841595649719,0.2365207374095916,-0.3214583098888397,0.0191841144114732
sentence-transformers/paraphrase-multilingual-mpnet-base-v2,en,140,mean_pool,0.3155297935009002,0.3020538091659546,-0.1977071017026901,0.0404934175312519
sentence-transformers/paraphrase-multilingual-mpnet-base-v2,en,141,mean_pool,0.4795333743095398,0.0822699815034866,-0.2336102873086929,-0.1541447639465332
sentence-transformers/paraphrase-multilingual-mpnet-base-v2,en,142,mean_pool,0.4451670944690704,0.1357887536287307,-0.2097815126180648,-0.0755180865526199
sentence-transformers/paraphrase-multilingual-mpnet-base-v2,en,143,mean_pool,0.404587835073471,0.1597225666046142,-0.2505030035972595,-0.074595533311367
sentence-transformers/paraphrase-multilingual-mpnet-base-v2,en,144,mean_pool,0.3973073065280914,0.1755648851394653,-0.1870034039020538,-0.0142652774229645
sentence-transformers/paraphrase-multilingual-mpnet-base-v2,en,145,mean_pool,0.3861040771007538,0.1513811200857162,-0.2340953648090362,-0.0728269070386886
sentence-transformers/paraphrase-multilingual-mpnet-base-v2,en,146,mean_pool,0.4138403832912445,0.2465266734361648,-0.1457612961530685,0.0415678694844245
sentence-transformers/paraphrase-multilingual-mpnet-base-v2,en,147,mean_pool,0.380006343126297,0.262927383184433,-0.2476147711277008,0.0915692746639251
sentence-transformers/paraphrase-multilingual-mpnet-base-v2,en,148,mean_pool,0.3639010190963745,0.2335542291402816,-0.2401724010705948,0.0443731099367141
sentence-transformers/paraphrase-multilingual-mpnet-base-v2,en,149,mean_pool,0.4191432297229767,0.2087673246860504,-0.2110207080841064,-0.012416067533195
sentence-transformers/paraphrase-multilingual-mpnet-base-v2,en,150,mean_pool,0.408546894788742,0.1053035929799079,-0.1883068531751632,-0.0317558422684669
sentence-transformers/paraphrase-multilingual-mpnet-base-v2,en,151,mean_pool,0.3296695053577423,0.2436091005802154,-0.1604812741279602,0.0275415033102035
sentence-transformers/paraphrase-multilingual-mpnet-base-v2,en,152,mean_pool,0.3871987760066986,0.2087160944938659,-0.3203971683979034,2.5881407054839656e-05
sentence-transformers/paraphrase-multilingual-mpnet-base-v2,en,153,mean_pool,0.3688727617263794,0.1618965715169906,-0.319607138633728,-0.0352569557726383
sentence-transformers/paraphrase-multilingual-mpnet-base-v2,en,154,mean_pool,0.334992378950119,0.1173340082168579,-0.1703137904405594,-0.1665477156639099
sentence-transformers/paraphrase-multilingual-mpnet-base-v2,en,155,mean_pool,0.4077431261539459,0.19099922478199,-0.1903663277626037,0.0641309544444084
sentence-transformers/paraphrase-multilingual-mpnet-base-v2,en,156,mean_pool,0.3850321173667907,0.1029587611556053,-0.1412513256072998,-0.1684091389179229
sentence-transformers/paraphrase-multilingual-mpnet-base-v2,en,157,mean_pool,0.381975919008255,0.1837185323238372,-0.2167772352695465,-0.2346418499946594
sentence-transformers/paraphrase-multilingual-mpnet-base-v2,en,158,mean_pool,0.4288166463375091,0.1765199154615402,-0.1394804865121841,0.0224487148225307
sentence-transformers/paraphrase-multilingual-mpnet-base-v2,en,159,mean_pool,0.3799567818641662,0.1703395396471023,-0.1682488769292831,-0.0949841439723968
sentence-transformers/paraphrase-multilingual-mpnet-base-v2,ru,0,mean_pool,0.4140060544013977,-0.4459404349327087,-0.3216172456741333,-0.3052100539207458
sentence-transformers/paraphrase-multilingual-mpnet-base-v2,ru,1,mean_pool,0.3361522257328033,-0.3594956994056701,-0.570671796798706,-0.7327133417129517
sentence-transformers/paraphrase-multilingual-mpnet-base-v2,ru,2,mean_pool,0.2436833381652832,-0.2602287530899048,-0.7058324217796326,0.0092900181189179
sentence-transformers/paraphrase-multilingual-mpnet-base-v2,ru,3,mean_pool,0.2896158695220947,-0.6411080360412598,-0.7608951926231384,-0.7672840356826782
sentence-transformers/paraphrase-multilingual-mpnet-base-v2,ru,4,mean_pool,0.2552755177021026,-0.380257248878479,-0.6052048802375793,0.3501282632350921
sentence-transformers/paraphrase-multilingual-mpnet-base-v2,ru,5,mean_pool,0.1438339203596115,0.0328642129898071,-0.6255267262458801,-0.1917028129100799
sentence-transformers/paraphrase-multilingual-mpnet-base-v2,ru,6,mean_pool,0.2651922702789306,-0.3353977501392364,-0.5387333631515503,-0.1994920521974563
sentence-transformers/paraphrase-multilingual-mpnet-base-v2,ru,7,mean_pool,0.2793736159801483,-0.6011083722114563,-0.5777049660682678,-0.7657992243766785
sentence-transformers/paraphrase-multilingual-mpnet-base-v2,ru,8,mean_pool,0.2304661720991134,-0.112043097615242,-0.4098022282123565,-0.6622670888900757
sentence-transformers/paraphrase-multilingual-mpnet-base-v2,ru,9,mean_pool,0.4148825109004974,-0.4868521392345428,-0.6984847187995911,-0.8375257849693298
sentence-transformers/paraphrase-multilingual-mpnet-base-v2,ru,10,mean_pool,0.1974624842405319,-0.2092774361371994,-0.386807233095169,-0.6960767507553101
sentence-transformers/paraphrase-multilingual-mpnet-base-v2,ru,11,mean_pool,0.095679797232151,-0.6062831878662109,-0.1733982264995575,-0.563112199306488
sentence-transformers/paraphrase-multilingual-mpnet-base-v2,ru,12,mean_pool,0.3313506841659546,-0.4933107197284698,-0.4502004384994507,-0.0392820201814174
sentence-transformers/paraphrase-multilingual-mpnet-base-v2,ru,13,mean_pool,0.2857216000556946,-0.5379080176353455,-0.5578484535217285,-0.1648238152265548
sentence-transformers/paraphrase-multilingual-mpnet-base-v2,ru,14,mean_pool,0.1269415766000747,-0.6379753947257996,-0.5336875319480896,-0.1736989766359329
sentence-transformers/paraphrase-multilingual-mpnet-base-v2,ru,15,mean_pool,0.2731399536132812,-0.2256297469139099,-0.6864164471626282,-0.1826038956642151
sentence-transformers/paraphrase-multilingual-mpnet-base-v2,ru,16,mean_pool,0.0730925798416137,-0.0577400922775268,-0.4846919476985931,-0.2313317954540252
sentence-transformers/paraphrase-multilingual-mpnet-base-v2,ru,17,mean_pool,0.056802324950695,-0.3723372519016266,-0.4050219655036926,-0.4787658154964447
sentence-transformers/paraphrase-multilingual-mpnet-base-v2,ru,18,mean_pool,0.5865116715431213,-0.2675749659538269,-0.6959152817726135,-0.3297612965106964
sentence-transformers/paraphrase-multilingual-mpnet-base-v2,ru,19,mean_pool,0.1702014654874801,-0.526178240776062,-0.4623745083808899,-0.6469084024429321
sentence-transformers/paraphrase-multilingual-mpnet-base-v2,ru,20,mean_pool,0.1026831045746803,-0.3841500580310821,-0.2907478511333465,-0.2478302866220474
sentence-transformers/paraphrase-multilingual-mpnet-base-v2,ru,21,mean_pool,0.100128598511219,-0.4038694500923157,-0.478522390127182,-0.1661663800477981
sentence-transformers/paraphrase-multilingual-mpnet-base-v2,ru,22,mean_pool,0.2907537221908569,-0.4800789654254913,-0.4439983963966369,-0.8769979476928711
sentence-transformers/paraphrase-multilingual-mpnet-base-v2,ru,23,mean_pool,0.2982179820537567,-0.7292196750640869,-0.3305816948413849,-0.0200609341263771
sentence-transformers/paraphrase-multilingual-mpnet-base-v2,ru,24,mean_pool,0.2816698849201202,-0.4964774549007416,-0.3967718183994293,0.0931122824549675
sentence-transformers/paraphrase-multilingual-mpnet-base-v2,ru,25,mean_pool,0.1843272298574447,-0.3151032924652099,-0.5583879351615906,0.1114965677261352
sentence-transformers/paraphrase-multilingual-mpnet-base-v2,ru,26,mean_pool,0.1817076355218887,-0.3919467031955719,-0.3622767925262451,-0.5217681527137756
sentence-transformers/paraphrase-multilingual-mpnet-base-v2,ru,27,mean_pool,0.2542740106582641,-0.2620521485805511,-0.2789181470870971,-0.437757134437561
sentence-transformers/paraphrase-multilingual-mpnet-base-v2,ru,28,mean_pool,0.2737982869148254,-0.2524605393409729,-0.0022540476638823,-0.5395514369010925
sentence-transformers/paraphrase-multilingual-mpnet-base-v2,ru,29,mean_pool,0.447890430688858,-0.314433604478836,-0.7171998620033264,-0.5523906946182251
sentence-transformers/paraphrase-multilingual-mpnet-base-v2,ru,30,mean_pool,0.2395870685577392,-0.5442818999290466,-0.088968925178051,-0.3481276631355285
sentence-transformers/paraphrase-multilingual-mpnet-base-v2,ru,31,mean_pool,0.2303132265806198,0.2961527109146118,-0.8345423340797424,0.1490210890769958
sentence-transformers/paraphrase-multilingual-mpnet-base-v2,ru,32,mean_pool,0.4858326911926269,-0.2376727759838104,-0.5945487022399902,-0.7018302083015442
sentence-transformers/paraphrase-multilingual-mpnet-base-v2,ru,33,mean_pool,0.5167505741119385,-0.3080882728099823,-0.4684416651725769,-0.8581946492195129
sentence-transformers/paraphrase-multilingual-mpnet-base-v2,ru,34,mean_pool,0.123704046010971,-0.047579288482666,-0.532610297203064,-0.2468637973070144
sentence-transformers/paraphrase-multilingual-mpnet-base-v2,ru,35,mean_pool,0.1372634619474411,0.1432355344295501,-0.6579152941703796,-0.2640378177165985
sentence-transformers/paraphrase-multilingual-mpnet-base-v2,ru,36,mean_pool,0.1059706732630729,-0.5510849356651306,-0.7119569182395935,-0.4193436205387115
sentence-transformers/paraphrase-multilingual-mpnet-base-v2,ru,37,mean_pool,0.3738020658493042,-0.0965579822659492,-0.5008663535118103,-0.8818141222000122
sentence-transformers/paraphrase-multilingual-mpnet-base-v2,ru,38,mean_pool,0.2203963696956634,-0.4902505576610565,-0.40542072057724,-0.7130667567253113
sentence-transformers/paraphrase-multilingual-mpnet-base-v2,ru,39,mean_pool,0.2935336828231811,-0.2879276573657989,-0.6149982213973999,0.0142781259492039
sentence-transformers/paraphrase-multilingual-mpnet-base-v2,ru,40,mean_pool,0.3486027717590332,-0.5679396986961365,-0.2947453260421753,-0.1847811788320541
sentence-transformers/paraphrase-multilingual-mpnet-base-v2,ru,41,mean_pool,0.4962349832057953,-0.311966061592102,-0.6811919212341309,-0.6992597579956055
sentence-transformers/paraphrase-multilingual-mpnet-base-v2,ru,42,mean_pool,0.2038512229919433,-0.6741165518760681,-0.6984174251556396,-0.4043422341346741
sentence-transformers/paraphrase-multilingual-mpnet-base-v2,ru,43,mean_pool,0.1515833288431167,-0.0722132101655006,-0.792452871799469,-0.2393582761287689
sentence-transformers/paraphrase-multilingual-mpnet-base-v2,ru,44,mean_pool,0.1718851625919342,-0.4492204487323761,-0.3721067905426025,-0.7277778387069702
sentence-transformers/paraphrase-multilingual-mpnet-base-v2,ru,45,mean_pool,0.0618292056024074,-0.4619956314563751,-0.3870787918567657,-0.1244682967662811
sentence-transformers/paraphrase-multilingual-mpnet-base-v2,ru,46,mean_pool,0.066903680562973,-0.3163469135761261,-0.5210692286491394,0.0326134115457534
sentence-transformers/paraphrase-multilingual-mpnet-base-v2,ru,47,mean_pool,0.0780470892786979,-0.6393114924430847,-0.27223601937294,-0.5028496384620667
sentence-transformers/paraphrase-multilingual-mpnet-base-v2,ru,48,mean_pool,0.1345776170492172,-0.5646860003471375,-0.1579869389533996,-0.2422416359186172
sentence-transformers/paraphrase-multilingual-mpnet-base-v2,ru,49,mean_pool,0.2923726141452789,-0.5937528014183044,-0.2768530547618866,0.2641607820987701
sentence-transformers/paraphrase-multilingual-mpnet-base-v2,ru,50,mean_pool,0.1509313881397247,-0.4938675165176391,-0.3007525205612182,-0.2589856684207916
sentence-transformers/paraphrase-multilingual-mpnet-base-v2,ru,51,mean_pool,0.3402069807052612,-0.4896369278430938,-0.304475724697113,0.0135799832642078
sentence-transformers/paraphrase-multilingual-mpnet-base-v2,ru,52,mean_pool,0.2539533972740173,-0.4124880135059356,-0.2430548220872879,-0.2658619582653045
sentence-transformers/paraphrase-multilingual-mpnet-base-v2,ru,53,mean_pool,0.2882603704929352,-0.4596060216426849,-0.2137334942817688,-0.2831306159496307
sentence-transformers/paraphrase-multilingual-mpnet-base-v2,ru,54,mean_pool,0.2444270551204681,-0.481099933385849,-0.5598984360694885,-0.4067022800445556
sentence-transformers/paraphrase-multilingual-mpnet-base-v2,ru,55,mean_pool,0.2072120904922485,-0.5535067319869995,-0.3510370254516601,-0.0230245012789964
sentence-transformers/paraphrase-multilingual-mpnet-base-v2,ru,56,mean_pool,0.4049007892608642,-0.3102075755596161,-0.5155685544013977,-0.6327617764472961
sentence-transformers/paraphrase-multilingual-mpnet-base-v2,ru,57,mean_pool,0.156287282705307,-0.4362322390079498,-0.2762031257152557,-0.7886644005775452
sentence-transformers/paraphrase-multilingual-mpnet-base-v2,ru,58,mean_pool,0.2227380126714706,-0.3871294856071472,-0.6548367738723755,0.0763305872678756
sentence-transformers/paraphrase-multilingual-mpnet-base-v2,ru,59,mean_pool,0.1530756801366806,-0.2974988222122192,-0.4634992778301239,-0.479822427034378
sentence-transformers/paraphrase-multilingual-mpnet-base-v2,ru,60,mean_pool,0.1526451110839843,-0.2860943675041199,-0.6829971671104431,-0.4613091647624969
sentence-transformers/paraphrase-multilingual-mpnet-base-v2,ru,61,mean_pool,0.3003440797328949,-0.4461714029312134,-0.6299235224723816,-0.2813311815261841
sentence-transformers/paraphrase-multilingual-mpnet-base-v2,ru,62,mean_pool,0.2017370164394378,-0.263368159532547,-0.4899640083312988,-0.502147912979126
sentence-transformers/paraphrase-multilingual-mpnet-base-v2,ru,63,mean_pool,0.2105720490217209,-0.5432952642440796,-0.6108102202415466,-0.3609646260738373
sentence-transformers/paraphrase-multilingual-mpnet-base-v2,ru,64,mean_pool,0.4578779339790344,-0.136785551905632,-0.6072410345077515,-0.528644323348999
sentence-transformers/paraphrase-multilingual-mpnet-base-v2,ru,65,mean_pool,0.5065414905548096,-0.3809891939163208,-0.6503041386604309,-0.7630495429039001
sentence-transformers/paraphrase-multilingual-mpnet-base-v2,ru,66,mean_pool,0.1319111734628677,-0.0737709701061248,-0.5317714810371399,-0.3205082714557647
sentence-transformers/paraphrase-multilingual-mpnet-base-v2,ru,67,mean_pool,0.1183980256319046,-0.0817362070083618,-0.3739798963069916,-0.5380514860153198
sentence-transformers/paraphrase-multilingual-mpnet-base-v2,ru,68,mean_pool,0.2513794898986816,-0.2130654752254486,-0.5130661725997925,-0.8373268246650696
sentence-transformers/paraphrase-multilingual-mpnet-base-v2,ru,69,mean_pool,0.3683816492557525,-0.2130612730979919,-0.6010679602622986,-0.4694534838199615
sentence-transformers/paraphrase-multilingual-mpnet-base-v2,ru,70,mean_pool,0.4747099280357361,-0.6013389825820923,-0.7747865319252014,-0.5022026896476746
sentence-transformers/paraphrase-multilingual-mpnet-base-v2,ru,71,mean_pool,0.2603070437908172,-0.4843339323997497,-0.7778167724609375,-0.1640557944774627
sentence-transformers/paraphrase-multilingual-mpnet-base-v2,ru,72,mean_pool,0.2486163526773452,-0.4972892701625824,-0.6137688755989075,-0.4122532904148102
sentence-transformers/paraphrase-multilingual-mpnet-base-v2,ru,73,mean_pool,0.072867713868618,-0.5735493302345276,-0.0526506192982196,-0.0631120949983596
sentence-transformers/paraphrase-multilingual-mpnet-base-v2,ru,74,mean_pool,0.0581462495028972,-0.1475907266139984,-0.3335574567317962,-0.4014039635658264
sentence-transformers/paraphrase-multilingual-mpnet-base-v2,ru,75,mean_pool,0.3062230348587036,-0.1267875880002975,-0.549461841583252,-0.3353825211524963
sentence-transformers/paraphrase-multilingual-mpnet-base-v2,ru,76,mean_pool,0.1837611049413681,-0.5186951756477356,-0.4850494563579559,-0.6061210036277771
sentence-transformers/paraphrase-multilingual-mpnet-base-v2,ru,77,mean_pool,0.3792591094970703,-0.6055556535720825,-0.5640310645103455,-0.6725209951400757
sentence-transformers/paraphrase-multilingual-mpnet-base-v2,ru,78,mean_pool,0.2247813791036605,-0.3240455389022827,-0.6152791380882263,-0.0631831288337707
sentence-transformers/paraphrase-multilingual-mpnet-base-v2,ru,79,mean_pool,0.2703032791614532,-0.5637723207473755,-0.5849997401237488,-0.4872868657112121
sentence-transformers/paraphrase-multilingual-mpnet-base-v2,ru,80,mean_pool,0.3070720136165619,-0.1496545672416687,-0.5869360566139221,-0.5316318869590759
sentence-transformers/paraphrase-multilingual-mpnet-base-v2,ru,81,mean_pool,0.2750932872295379,-0.4894896149635315,-0.6433143019676208,-0.4818058013916015
sentence-transformers/paraphrase-multilingual-mpnet-base-v2,ru,82,mean_pool,0.0799000188708305,-0.0453579537570476,-0.5322520136833191,-0.0694824159145355
sentence-transformers/paraphrase-multilingual-mpnet-base-v2,ru,83,mean_pool,0.3520437479019165,-0.0656185820698738,-0.4179689288139343,-0.3713417053222656
sentence-transformers/paraphrase-multilingual-mpnet-base-v2,ru,84,mean_pool,0.2220434993505478,-0.5435479879379272,-0.3389201164245605,-0.0815603286027908
sentence-transformers/paraphrase-multilingual-mpnet-base-v2,ru,85,mean_pool,0.28016397356987,-0.4186288118362427,-0.5402771830558777,-0.3862796127796173
sentence-transformers/paraphrase-multilingual-mpnet-base-v2,ru,86,mean_pool,0.3734672963619232,-0.6215912699699402,-0.6414999961853027,-0.3524343371391296
sentence-transformers/paraphrase-multilingual-mpnet-base-v2,ru,87,mean_pool,0.4196037948131561,-0.2325713485479354,-0.7282113432884216,-0.0462866052985191
sentence-transformers/paraphrase-multilingual-mpnet-base-v2,ru,88,mean_pool,0.2147336602210998,-0.2463276982307434,-0.5369359254837036,-0.1178685128688812
sentence-transformers/paraphrase-multilingual-mpnet-base-v2,ru,89,mean_pool,0.0800539478659629,-0.4737620949745178,-0.315115362405777,-0.732771098613739
sentence-transformers/paraphrase-multilingual-mpnet-base-v2,ru,90,mean_pool,0.1900319755077362,-0.4012577831745147,-0.6098884344100952,-0.1086438447237014
sentence-transformers/paraphrase-multilingual-mpnet-base-v2,ru,91,mean_pool,0.1194810345768928,-0.529405415058136,-0.2222741991281509,-0.2550081312656402
sentence-transformers/paraphrase-multilingual-mpnet-base-v2,ru,92,mean_pool,0.1869532763957977,-0.2907129228115082,-0.7863449454307556,-0.4638214409351349
sentence-transformers/paraphrase-multilingual-mpnet-base-v2,ru,93,mean_pool,0.2843471169471741,-0.3410319089889526,-0.5123475193977356,-0.1187344714999198
sentence-transformers/paraphrase-multilingual-mpnet-base-v2,ru,94,mean_pool,0.3614504933357239,0.0588328875601291,-0.5912083387374878,-0.5761126279830933
sentence-transformers/paraphrase-multilingual-mpnet-base-v2,ru,95,mean_pool,0.3426190018653869,-0.4408218562602997,-0.5274814367294312,0.0190318878740072
sentence-transformers/paraphrase-multilingual-mpnet-base-v2,ru,96,mean_pool,0.5790849924087524,-0.2502485513687134,-0.4655310213565826,-0.8831201195716858
sentence-transformers/paraphrase-multilingual-mpnet-base-v2,ru,97,mean_pool,0.265690803527832,-0.567896842956543,-0.6659343242645264,-0.6635282635688782
sentence-transformers/paraphrase-multilingual-mpnet-base-v2,ru,98,mean_pool,0.0751638934016227,-0.0809364169836044,-0.431366354227066,-0.0678216740489006
sentence-transformers/paraphrase-multilingual-mpnet-base-v2,ru,99,mean_pool,0.212272435426712,-0.3264093101024627,-0.3395322859287262,-0.3449539840221405
sentence-transformers/paraphrase-multilingual-mpnet-base-v2,ru,100,mean_pool,0.4673204720020294,-0.3671987056732178,-0.5996622443199158,-0.476179838180542
sentence-transformers/paraphrase-multilingual-mpnet-base-v2,ru,101,mean_pool,0.2399210482835769,-0.5106063485145569,-0.7741936445236206,-0.0269956272095441
sentence-transformers/paraphrase-multilingual-mpnet-base-v2,ru,102,mean_pool,0.3160501718521118,-0.5392720699310303,-0.2155228108167648,-0.3528487384319305
sentence-transformers/paraphrase-multilingual-mpnet-base-v2,ru,103,mean_pool,0.1983973681926727,-0.3568257987499237,-0.6503688097000122,-0.058347925543785
sentence-transformers/paraphrase-multilingual-mpnet-base-v2,ru,104,mean_pool,0.4290972352027893,-0.216380774974823,-0.4077542722225189,-0.4511778354644775
sentence-transformers/paraphrase-multilingual-mpnet-base-v2,ru,105,mean_pool,0.3993925154209137,-0.1693439781665802,-0.6473308801651001,-0.0773100480437278
sentence-transformers/paraphrase-multilingual-mpnet-base-v2,ru,106,mean_pool,0.1452322453260421,-0.3461560010910034,-0.4254718422889709,-0.6166201233863831
sentence-transformers/paraphrase-multilingual-mpnet-base-v2,ru,107,mean_pool,0.0661974400281906,-0.153853952884674,-0.4035869538784027,-0.3371132016181946
sentence-transformers/paraphrase-multilingual-mpnet-base-v2,ru,108,mean_pool,0.2390644401311874,-0.1940214186906814,-0.1916519701480865,-0.3235502243041992
sentence-transformers/paraphrase-multilingual-mpnet-base-v2,ru,109,mean_pool,0.2779842317104339,-0.2264198064804077,-0.6900962591171265,-0.203727051615715
sentence-transformers/paraphrase-multilingual-mpnet-base-v2,ru,110,mean_pool,0.177215576171875,-0.3463585376739502,-0.181301549077034,0.1706059724092483
sentence-transformers/paraphrase-multilingual-mpnet-base-v2,ru,111,mean_pool,0.08953657746315,-0.6160232424736023,-0.4225086569786072,-0.6836967468261719
sentence-transformers/paraphrase-multilingual-mpnet-base-v2,ru,112,mean_pool,0.3014597296714782,-0.2198807746171951,-0.3665083050727844,-0.3794559836387634
sentence-transformers/paraphrase-multilingual-mpnet-base-v2,ru,113,mean_pool,0.1551554352045059,-0.2819215357303619,-0.5978642106056213,-0.6385921835899353
sentence-transformers/paraphrase-multilingual-mpnet-base-v2,ru,114,mean_pool,0.1388737708330154,-0.3232035934925079,-0.3061515986919403,-0.312727689743042
sentence-transformers/paraphrase-multilingual-mpnet-base-v2,ru,115,mean_pool,0.2975563406944275,-0.5179907083511353,-0.2993119955062866,-0.288665771484375
sentence-transformers/paraphrase-multilingual-mpnet-base-v2,ru,116,mean_pool,0.2899475991725921,-0.1845917403697967,-0.391189694404602,-0.5957054495811462
sentence-transformers/paraphrase-multilingual-mpnet-base-v2,ru,117,mean_pool,0.0978519767522811,-0.0313207395374774,-0.3985698819160461,-0.2583746612071991
sentence-transformers/paraphrase-multilingual-mpnet-base-v2,ru,118,mean_pool,0.3570937812328338,-0.5806623101234436,-0.4158177375793457,0.1065690219402313
sentence-transformers/paraphrase-multilingual-mpnet-base-v2,ru,119,mean_pool,0.1545305401086807,-0.4942879676818847,-0.333651065826416,-0.600049614906311
sentence-transformers/paraphrase-multilingual-mpnet-base-v2,ru,120,mean_pool,0.1941905915737152,-0.3488439321517944,-0.6904289126396179,-0.4435224831104278
sentence-transformers/paraphrase-multilingual-mpnet-base-v2,ru,121,mean_pool,0.3541790246963501,-0.5852493047714233,-0.6367489695549011,-0.1466105729341507
sentence-transformers/paraphrase-multilingual-mpnet-base-v2,ru,122,mean_pool,0.2609550654888153,-0.3883416056632995,-0.5964613556861877,-0.9062584042549132
sentence-transformers/paraphrase-multilingual-mpnet-base-v2,ru,123,mean_pool,0.3469807803630829,-0.5260036587715149,-0.4358228743076324,-0.7531915307044983
sentence-transformers/paraphrase-multilingual-mpnet-base-v2,ru,124,mean_pool,0.2202156335115432,-0.4815203249454498,-0.5531458258628845,-0.7496148943901062
sentence-transformers/paraphrase-multilingual-mpnet-base-v2,ru,125,mean_pool,0.1244310662150383,-0.4445452094078064,-0.5905235409736633,-0.4973039329051971
sentence-transformers/paraphrase-multilingual-mpnet-base-v2,ru,126,mean_pool,0.2649065256118774,-0.555828869342804,-0.146210491657257,-0.261057049036026
sentence-transformers/paraphrase-multilingual-mpnet-base-v2,ru,127,mean_pool,0.2514682412147522,-0.2489994615316391,-0.4343273937702179,-0.4424923658370971
sentence-transformers/paraphrase-multilingual-mpnet-base-v2,ru,128,mean_pool,0.22362120449543,-0.6103579998016357,-0.0765115991234779,-0.3859572410583496
sentence-transformers/paraphrase-multilingual-mpnet-base-v2,ru,129,mean_pool,0.2676695883274078,-0.3006261885166168,-0.7668542265892029,-0.1154091656208038
sentence-transformers/paraphrase-multilingual-mpnet-base-v2,ru,130,mean_pool,0.4136753380298614,-0.0495198890566825,-0.5872836709022522,0.0101704401895403
sentence-transformers/paraphrase-multilingual-mpnet-base-v2,ru,131,mean_pool,0.1338252574205398,-0.6090453267097473,-0.3290241956710815,-0.794925332069397
sentence-transformers/paraphrase-multilingual-mpnet-base-v2,ru,132,mean_pool,0.0759387239813804,-0.455228328704834,-0.5132583975791931,-0.3942539989948272
sentence-transformers/paraphrase-multilingual-mpnet-base-v2,ru,133,mean_pool,0.1542790681123733,-0.2646457850933075,-0.4451859593391418,-0.6032658219337463
sentence-transformers/paraphrase-multilingual-mpnet-base-v2,ru,134,mean_pool,0.2660931944847107,-0.3108903765678406,-0.4643117189407348,-0.4430030882358551
sentence-transformers/paraphrase-multilingual-mpnet-base-v2,ru,135,mean_pool,0.3761700093746185,-0.1541579067707061,-0.8748295307159424,-0.1961891502141952
sentence-transformers/paraphrase-multilingual-mpnet-base-v2,ru,136,mean_pool,0.1180653125047683,-0.4415656924247741,-0.5296265482902527,-0.4078434407711029
sentence-transformers/paraphrase-multilingual-mpnet-base-v2,ru,137,mean_pool,0.3941391408443451,-0.2713581919670105,-0.6244025826454163,-0.5216164588928223
sentence-transformers/paraphrase-multilingual-mpnet-base-v2,ru,138,mean_pool,0.2119838744401931,-0.4123050570487976,-0.3690419495105743,-0.003849223954603
sentence-transformers/paraphrase-multilingual-mpnet-base-v2,ru,139,mean_pool,0.2637302875518799,-0.4137077927589416,-0.545630156993866,-0.2625824213027954
sentence-transformers/paraphrase-multilingual-mpnet-base-v2,ru,140,mean_pool,0.0986311212182045,-0.6509368419647217,-0.3150294423103332,-0.2809424996376037
sentence-transformers/paraphrase-multilingual-mpnet-base-v2,ru,141,mean_pool,0.3256864547729492,-0.3085192441940307,-0.6489524841308594,-0.0113769713789224
sentence-transformers/paraphrase-multilingual-mpnet-base-v2,ru,142,mean_pool,0.2271406054496765,-0.2447965741157531,-0.5354141592979431,-0.7875909209251404
sentence-transformers/paraphrase-multilingual-mpnet-base-v2,ru,143,mean_pool,0.1507091969251632,-0.0341074615716934,-0.3986679017543793,-0.3012670874595642
sentence-transformers/paraphrase-multilingual-mpnet-base-v2,ru,144,mean_pool,0.1314186453819275,-0.6525311470031738,-0.3623136281967163,-0.3325537145137787
sentence-transformers/paraphrase-multilingual-mpnet-base-v2,ru,145,mean_pool,0.3110065758228302,-0.2697511911392212,-0.6547353267669678,-0.1947563737630844
sentence-transformers/paraphrase-multilingual-mpnet-base-v2,ru,146,mean_pool,0.199274331331253,-0.5345620512962341,-0.4247391819953918,-0.2315087169408798
sentence-transformers/paraphrase-multilingual-mpnet-base-v2,ru,147,mean_pool,0.2502882480621338,-0.2231248617172241,-0.493282288312912,-0.2668319344520569
sentence-transformers/paraphrase-multilingual-mpnet-base-v2,ru,148,mean_pool,0.102573849260807,-0.5731585621833801,-0.0933152884244918,-0.3910038471221924
sentence-transformers/paraphrase-multilingual-mpnet-base-v2,ru,149,mean_pool,0.3760634958744049,-0.5895987153053284,-0.5777769088745117,0.0301596466451883
sentence-transformers/paraphrase-multilingual-mpnet-base-v2,ru,150,mean_pool,0.1321798712015152,-0.2136519700288772,-0.3664906024932861,-0.6518452167510986
sentence-transformers/paraphrase-multilingual-mpnet-base-v2,ru,151,mean_pool,0.1366030871868133,-0.6557704210281372,-0.4113079607486725,-0.3460074365139007
sentence-transformers/paraphrase-multilingual-mpnet-base-v2,ru,152,mean_pool,0.0556804277002811,-0.0927067697048187,-0.4754984378814697,-0.1496213376522064
sentence-transformers/paraphrase-multilingual-mpnet-base-v2,ru,153,mean_pool,0.1724630296230316,-0.3190559148788452,-0.1066922098398208,-0.3629049062728882
sentence-transformers/paraphrase-multilingual-mpnet-base-v2,ru,154,mean_pool,0.1124610155820846,-0.227648988366127,-0.2671597301959991,-0.21492600440979
sentence-transformers/paraphrase-multilingual-mpnet-base-v2,ru,155,mean_pool,0.4122515022754669,-0.5166347622871399,-0.5807307958602905,-0.8123847246170044
sentence-transformers/paraphrase-multilingual-mpnet-base-v2,ru,156,mean_pool,0.2089518457651138,0.051472682505846,-0.6689467430114746,-0.2506214678287506
sentence-transformers/paraphrase-multilingual-mpnet-base-v2,ru,157,mean_pool,0.2659754157066345,-0.4674426615238189,-0.4934646785259247,-0.1081942915916442
sentence-transformers/paraphrase-multilingual-mpnet-base-v2,ru,158,mean_pool,0.167642131447792,-0.163379430770874,-0.2807967960834503,-0.1293004900217056
sentence-transformers/paraphrase-multilingual-mpnet-base-v2,ru,159,mean_pool,0.3283332586288452,-0.3009784817695617,-0.6325311064720154,-0.1970432996749878
sentence-transformers/paraphrase-multilingual-mpnet-base-v2,zh,0,mean_pool,0.0568274855613708,-0.4534984827041626,-0.9045031070709229,-0.6566610336303711
sentence-transformers/paraphrase-multilingual-mpnet-base-v2,zh,1,mean_pool,0.1626859903335571,-0.5576909184455872,-0.9316672086715698,-0.2899665236473083
sentence-transformers/paraphrase-multilingual-mpnet-base-v2,zh,2,mean_pool,0.1758796423673629,-0.4809674322605133,-0.9075125455856324,-0.5407243967056274
sentence-transformers/paraphrase-multilingual-mpnet-base-v2,zh,3,mean_pool,0.3409601151943207,-0.4265778362751007,-0.9182557463645936,-0.264357328414917
sentence-transformers/paraphrase-multilingual-mpnet-base-v2,zh,4,mean_pool,0.4273136258125305,-0.7637311220169067,-0.9708417057991028,0.1808232963085174
sentence-transformers/paraphrase-multilingual-mpnet-base-v2,zh,5,mean_pool,0.0513212941586971,-0.4419553577899933,-0.815600574016571,-0.4929343163967132
sentence-transformers/paraphrase-multilingual-mpnet-base-v2,zh,6,mean_pool,0.3404682576656341,-0.6747166514396667,-0.9643828868865968,-0.6368449330329895
sentence-transformers/paraphrase-multilingual-mpnet-base-v2,zh,7,mean_pool,0.4126103222370147,-0.4955876171588897,-0.6329063773155212,-0.2376990467309951
sentence-transformers/paraphrase-multilingual-mpnet-base-v2,zh,8,mean_pool,0.2129849642515182,-0.6185660362243652,-0.9544515609741212,-0.1807365119457245
sentence-transformers/paraphrase-multilingual-mpnet-base-v2,zh,9,mean_pool,0.0584247112274169,-0.4602929949760437,-0.8840174078941345,-0.5141021013259888
sentence-transformers/paraphrase-multilingual-mpnet-base-v2,zh,10,mean_pool,0.063248336315155,-0.5608907341957092,-0.9312076568603516,-0.6847336292266846
sentence-transformers/paraphrase-multilingual-mpnet-base-v2,zh,11,mean_pool,0.3317108154296875,-0.8259710073471069,-0.8969054818153381,0.3086644411087036
sentence-transformers/paraphrase-multilingual-mpnet-base-v2,zh,12,mean_pool,0.1870255172252655,-0.5272283554077148,-0.8700370192527771,-0.8249977231025696
sentence-transformers/paraphrase-multilingual-mpnet-base-v2,zh,13,mean_pool,0.0762803182005882,-0.4670277237892151,-0.8691940307617188,-0.4314468502998352
sentence-transformers/paraphrase-multilingual-mpnet-base-v2,zh,14,mean_pool,0.1631745547056198,-0.5433409810066223,-0.8917468786239624,-0.6438970565795898
sentence-transformers/paraphrase-multilingual-mpnet-base-v2,zh,15,mean_pool,0.1897927969694137,-0.560635507106781,-0.839299201965332,-0.5538268685340881
sentence-transformers/paraphrase-multilingual-mpnet-base-v2,zh,16,mean_pool,0.3035604953765869,-0.6745290160179138,-0.8678101301193237,-0.071323238313198
sentence-transformers/paraphrase-multilingual-mpnet-base-v2,zh,17,mean_pool,0.1795600354671478,-0.4072161912918091,-0.9267054200172424,-0.5864892601966858
sentence-transformers/paraphrase-multilingual-mpnet-base-v2,zh,18,mean_pool,0.1654099524021148,-0.4725219309329986,-0.8639163970947266,-0.8503471612930298
sentence-transformers/paraphrase-multilingual-mpnet-base-v2,zh,19,mean_pool,0.2334907799959182,-0.4637225866317749,-0.8653988242149353,-0.5737854242324829
sentence-transformers/paraphrase-multilingual-mpnet-base-v2,zh,20,mean_pool,0.1710643321275711,-0.4779492020606994,-0.9526801109313964,-0.4806135296821594
sentence-transformers/paraphrase-multilingual-mpnet-base-v2,zh,21,mean_pool,0.3338876068592071,-0.5667505860328674,-0.7726196646690369,-0.0416218861937522
sentence-transformers/paraphrase-multilingual-mpnet-base-v2,zh,22,mean_pool,0.2020041793584823,-0.5392960906028748,-0.8826821446418762,-0.7160522937774658
sentence-transformers/paraphrase-multilingual-mpnet-base-v2,zh,23,mean_pool,0.1237477213144302,-0.5835021734237671,-0.918463945388794,-0.4805361330509186
sentence-transformers/paraphrase-multilingual-mpnet-base-v2,zh,24,mean_pool,0.1936791837215423,-0.6028417348861694,-0.869384765625,-0.5749317407608032
sentence-transformers/paraphrase-multilingual-mpnet-base-v2,zh,25,mean_pool,0.2226133346557617,-0.4312534630298614,-0.9186688661575316,-0.5532618165016174
sentence-transformers/paraphrase-multilingual-mpnet-base-v2,zh,26,mean_pool,0.1458789557218551,-0.6354716420173645,-0.8107184767723083,-0.1717546731233596
sentence-transformers/paraphrase-multilingual-mpnet-base-v2,zh,27,mean_pool,0.1639214009046554,-0.5697399973869324,-0.7415329217910767,-0.4524618089199066
sentence-transformers/paraphrase-multilingual-mpnet-base-v2,zh,28,mean_pool,0.0918470099568367,-0.6193886995315552,-0.9425938725471495,-0.7385443449020386
sentence-transformers/paraphrase-multilingual-mpnet-base-v2,zh,29,mean_pool,0.1181613281369209,-0.3438369929790497,-0.8787341117858887,-0.4148920178413391
sentence-transformers/paraphrase-multilingual-mpnet-base-v2,zh,30,mean_pool,0.0704991891980171,-0.5914089679718018,-0.9201778769493104,-0.5601133108139038
sentence-transformers/paraphrase-multilingual-mpnet-base-v2,zh,31,mean_pool,0.3318495452404022,-0.6545348167419434,-0.923969268798828,0.5015150904655457
sentence-transformers/paraphrase-multilingual-mpnet-base-v2,zh,32,mean_pool,0.1084388718008995,-0.5163674354553223,-0.9674190282821656,-0.5742479562759399
sentence-transformers/paraphrase-multilingual-mpnet-base-v2,zh,33,mean_pool,0.1158585622906684,-0.5575939416885376,-0.900842785835266,-0.5688180923461914
sentence-transformers/paraphrase-multilingual-mpnet-base-v2,zh,34,mean_pool,0.1823115944862365,-0.5021854639053345,-0.9367948174476624,-0.6138628125190735
sentence-transformers/paraphrase-multilingual-mpnet-base-v2,zh,35,mean_pool,0.2215656489133834,-0.6453140377998352,-0.9398118853569032,-0.3889051079750061
sentence-transformers/paraphrase-multilingual-mpnet-base-v2,zh,36,mean_pool,0.0743531286716461,-0.4841939210891723,-0.8126052021980286,-0.4636824429035187
sentence-transformers/paraphrase-multilingual-mpnet-base-v2,zh,37,mean_pool,0.0818311125040054,-0.5947734117507935,-0.9207283854484558,-0.4294164776802063
sentence-transformers/paraphrase-multilingual-mpnet-base-v2,zh,38,mean_pool,0.180384486913681,-0.466049462556839,-0.9185563325881958,-0.6056004762649536
sentence-transformers/paraphrase-multilingual-mpnet-base-v2,zh,39,mean_pool,0.2497742772102356,-0.4758059382438659,-0.862109363079071,-0.5460362434387207
sentence-transformers/paraphrase-multilingual-mpnet-base-v2,zh,40,mean_pool,0.2317033112049102,-0.458421528339386,-0.8765673637390137,-0.6223289966583252
sentence-transformers/paraphrase-multilingual-mpnet-base-v2,zh,41,mean_pool,0.1129513457417488,-0.4864519536495209,-0.9130359292030334,-0.5861815214157104
sentence-transformers/paraphrase-multilingual-mpnet-base-v2,zh,42,mean_pool,0.5207745432853699,-0.544188380241394,-0.7500472068786621,-0.0909556150436401
sentence-transformers/paraphrase-multilingual-mpnet-base-v2,zh,43,mean_pool,0.2316923588514328,-0.4557187855243683,-0.9023430943489076,-0.6137699484825134
sentence-transformers/paraphrase-multilingual-mpnet-base-v2,zh,44,mean_pool,0.203517660498619,-0.677897036075592,-0.8779993057250977,-0.3426485359668731
sentence-transformers/paraphrase-multilingual-mpnet-base-v2,zh,45,mean_pool,0.201280876994133,-0.5871855020523071,-0.8592143654823303,-0.4324491620063782
sentence-transformers/paraphrase-multilingual-mpnet-base-v2,zh,46,mean_pool,0.0911395996809005,-0.4526698589324951,-0.9560696482658386,-0.7103955745697021
sentence-transformers/paraphrase-multilingual-mpnet-base-v2,zh,47,mean_pool,0.153604194521904,-0.4618045091629028,-0.9201965928077698,-0.6383950710296631
sentence-transformers/paraphrase-multilingual-mpnet-base-v2,zh,48,mean_pool,0.3618831634521484,-0.5216584205627441,-0.937126100063324,-0.508955180644989
sentence-transformers/paraphrase-multilingual-mpnet-base-v2,zh,49,mean_pool,0.1817265450954437,-0.6218018531799316,-0.9656844735145568,-0.2155556231737136
sentence-transformers/paraphrase-multilingual-mpnet-base-v2,zh,50,mean_pool,0.1949190646409988,-0.5951993465423584,-0.9035314917564392,-0.6875584125518799
sentence-transformers/paraphrase-multilingual-mpnet-base-v2,zh,51,mean_pool,0.1158729791641235,-0.4675168991088867,-0.8890472650527954,-0.4598475098609924
sentence-transformers/paraphrase-multilingual-mpnet-base-v2,zh,52,mean_pool,0.2636300325393677,-0.5164783596992493,-0.9279897809028624,-0.6495664119720459
sentence-transformers/paraphrase-multilingual-mpnet-base-v2,zh,53,mean_pool,0.086495041847229,-0.3945117890834808,-0.8670482635498047,-0.527086615562439
sentence-transformers/paraphrase-multilingual-mpnet-base-v2,zh,54,mean_pool,0.1728172898292541,-0.6113585233688354,-0.9361664056777954,-0.579918622970581
sentence-transformers/paraphrase-multilingual-mpnet-base-v2,zh,55,mean_pool,0.0402937345206737,-0.3944871723651886,-0.8877829909324646,-0.5739502310752869
sentence-transformers/paraphrase-multilingual-mpnet-base-v2,zh,56,mean_pool,0.2144442945718765,-0.4038037657737732,-0.8870368599891663,-0.5759115219116211
sentence-transformers/paraphrase-multilingual-mpnet-base-v2,zh,57,mean_pool,0.2032869160175323,-0.594658374786377,-0.8664191365242004,-0.3054005205631256
sentence-transformers/paraphrase-multilingual-mpnet-base-v2,zh,58,mean_pool,0.1943426877260208,-0.5882867574691772,-0.9360746145248412,-0.3339745700359344
sentence-transformers/paraphrase-multilingual-mpnet-base-v2,zh,59,mean_pool,0.1367071270942688,-0.6375188827514648,-0.929445743560791,-0.5614733099937439
sentence-transformers/paraphrase-multilingual-mpnet-base-v2,zh,60,mean_pool,0.1018181219696998,-0.3830732107162475,-0.858474612236023,-0.6045811772346497
sentence-transformers/paraphrase-multilingual-mpnet-base-v2,zh,61,mean_pool,0.381443977355957,-0.6099996566772461,-0.7356474995613098,-0.5412093997001648
sentence-transformers/paraphrase-multilingual-mpnet-base-v2,zh,62,mean_pool,0.2523297965526581,-0.6697562336921692,-0.8666396141052246,-0.5872396230697632
sentence-transformers/paraphrase-multilingual-mpnet-base-v2,zh,63,mean_pool,0.0970135554671287,-0.3970368802547455,-0.7652758359909058,-0.5070121884346008
sentence-transformers/paraphrase-multilingual-mpnet-base-v2,zh,64,mean_pool,0.2474034279584884,-0.6305369138717651,-0.8777921199798584,-0.4860905408859253
sentence-transformers/paraphrase-multilingual-mpnet-base-v2,zh,65,mean_pool,0.2418562918901443,-0.546317458152771,-0.926343023777008,-0.6415627598762512
sentence-transformers/paraphrase-multilingual-mpnet-base-v2,zh,66,mean_pool,0.1213799342513084,-0.5301709771156311,-0.912505567073822,-0.5555930733680725
sentence-transformers/paraphrase-multilingual-mpnet-base-v2,zh,67,mean_pool,0.154636412858963,-0.6994315981864929,-0.7607213258743286,-0.043151382356882
sentence-transformers/paraphrase-multilingual-mpnet-base-v2,zh,68,mean_pool,0.0365181677043437,-0.4879952073097229,-0.890119731426239,-0.6558522582054138
sentence-transformers/paraphrase-multilingual-mpnet-base-v2,zh,69,mean_pool,0.1454481333494186,-0.6129599809646606,-0.8576356768608093,-0.499011367559433
sentence-transformers/paraphrase-multilingual-mpnet-base-v2,zh,70,mean_pool,0.44377201795578,-0.7072344422340393,-0.8974429965019226,0.0951569452881813
sentence-transformers/paraphrase-multilingual-mpnet-base-v2,zh,71,mean_pool,0.1669074445962906,-0.7183111310005188,-0.979263424873352,-0.1853962987661361
sentence-transformers/paraphrase-multilingual-mpnet-base-v2,zh,72,mean_pool,0.2392132580280304,-0.4713630378246307,-0.920031726360321,-0.4621904492378235
sentence-transformers/paraphrase-multilingual-mpnet-base-v2,zh,73,mean_pool,0.1185677722096443,-0.4288169741630554,-0.8611801862716675,-0.4332586228847503
sentence-transformers/paraphrase-multilingual-mpnet-base-v2,zh,74,mean_pool,0.1191795840859413,-0.6651455163955688,-0.902048408985138,-0.6986243724822998
sentence-transformers/paraphrase-multilingual-mpnet-base-v2,zh,75,mean_pool,0.1207514703273773,-0.6626055836677551,-0.8910509347915649,-0.6711328029632568
sentence-transformers/paraphrase-multilingual-mpnet-base-v2,zh,76,mean_pool,0.2769429385662079,-0.5648608207702637,-0.9593583941459656,-0.5222222208976746
sentence-transformers/paraphrase-multilingual-mpnet-base-v2,zh,77,mean_pool,0.4608131647109985,-0.6457506418228149,-0.7295660376548767,-0.2423568964004516
sentence-transformers/paraphrase-multilingual-mpnet-base-v2,zh,78,mean_pool,0.1372194290161132,-0.4916925728321075,-0.9579035639762878,-0.5534180402755737
sentence-transformers/paraphrase-multilingual-mpnet-base-v2,zh,79,mean_pool,0.1614096909761428,-0.6322317123413086,-0.8688124418258667,-0.5166311264038086
sentence-transformers/paraphrase-multilingual-mpnet-base-v2,zh,80,mean_pool,0.188422754406929,-0.7689033150672913,-0.698785126209259,-0.0198274943977594
sentence-transformers/paraphrase-multilingual-mpnet-base-v2,zh,81,mean_pool,0.1876875162124633,-0.6231222748756409,-0.8195853233337402,-0.6399747133255005
sentence-transformers/paraphrase-multilingual-mpnet-base-v2,zh,82,mean_pool,0.1949971169233322,-0.6322073340415955,-0.9279003739356996,-0.4018801748752594
sentence-transformers/paraphrase-multilingual-mpnet-base-v2,zh,83,mean_pool,0.1973988264799118,-0.6000291705131531,-0.906900942325592,-0.6358004212379456
sentence-transformers/paraphrase-multilingual-mpnet-base-v2,zh,84,mean_pool,0.2288115173578262,-0.5249179005622864,-0.8820839524269104,-0.5325032472610474
sentence-transformers/paraphrase-multilingual-mpnet-base-v2,zh,85,mean_pool,0.1837013959884643,-0.6732439398765564,-0.9377572536468506,-0.5733663439750671
sentence-transformers/paraphrase-multilingual-mpnet-base-v2,zh,86,mean_pool,0.2762697637081146,-0.7043593525886536,-0.8508909344673157,-0.2439710050821304
sentence-transformers/paraphrase-multilingual-mpnet-base-v2,zh,87,mean_pool,0.3345577120780945,-0.7185111045837402,-0.9722939133644104,-0.0994995906949043
sentence-transformers/paraphrase-multilingual-mpnet-base-v2,zh,88,mean_pool,0.1182019859552383,-0.5007708072662354,-0.836478590965271,-0.0930364653468132
sentence-transformers/paraphrase-multilingual-mpnet-base-v2,zh,89,mean_pool,0.2192120999097824,-0.3444426357746124,-0.912519097328186,-0.3326655030250549
sentence-transformers/paraphrase-multilingual-mpnet-base-v2,zh,90,mean_pool,0.1911151707172393,-0.5299570560455322,-0.8494877815246582,0.515466570854187
sentence-transformers/paraphrase-multilingual-mpnet-base-v2,zh,91,mean_pool,0.1952573508024215,-0.4851362109184265,-0.8628087639808655,-0.5031312704086304
sentence-transformers/paraphrase-multilingual-mpnet-base-v2,zh,92,mean_pool,0.423025906085968,-0.6854830980300903,-0.8625254034996033,0.169420063495636
sentence-transformers/paraphrase-multilingual-mpnet-base-v2,zh,93,mean_pool,0.13304303586483,-0.5175530910491943,-0.916373372077942,-0.6423482894897461
sentence-transformers/paraphrase-multilingual-mpnet-base-v2,zh,94,mean_pool,0.2132833003997802,-0.590017557144165,-0.8787757754325867,-0.4991344809532165
sentence-transformers/paraphrase-multilingual-mpnet-base-v2,zh,95,mean_pool,0.1991118788719177,-0.7109076976776123,-0.8637513518333435,-0.1041542813181877
sentence-transformers/paraphrase-multilingual-mpnet-base-v2,zh,96,mean_pool,0.2723124921321869,-0.5036724209785461,-0.8982338905334473,-0.6117259860038757
sentence-transformers/paraphrase-multilingual-mpnet-base-v2,zh,97,mean_pool,0.081998772919178,-0.5656172037124634,-0.8526706099510193,-0.6144680976867676
sentence-transformers/paraphrase-multilingual-mpnet-base-v2,zh,98,mean_pool,0.0946614295244216,-0.4536855518817901,-0.9329897165298462,-0.6168112754821777
sentence-transformers/paraphrase-multilingual-mpnet-base-v2,zh,99,mean_pool,0.1217880547046661,-0.7153741121292114,-0.8400335907936096,-0.1246884614229202
sentence-transformers/paraphrase-multilingual-mpnet-base-v2,zh,100,mean_pool,0.1398669183254242,-0.4776309430599212,-0.901664137840271,-0.641621470451355
sentence-transformers/paraphrase-multilingual-mpnet-base-v2,zh,101,mean_pool,0.068893514573574,-0.4092525839805603,-0.9121036529541016,-0.4151699244976043
sentence-transformers/paraphrase-multilingual-mpnet-base-v2,zh,102,mean_pool,0.2105343788862228,-0.538257896900177,-0.8919202089309692,-0.1578035503625869
sentence-transformers/paraphrase-multilingual-mpnet-base-v2,zh,103,mean_pool,0.1385090202093124,-0.5749221444129944,-0.7792803645133972,-0.3777196705341339
sentence-transformers/paraphrase-multilingual-mpnet-base-v2,zh,104,mean_pool,0.1037051826715469,-0.4854088127613067,-0.8440290689468384,-0.5041978359222412
sentence-transformers/paraphrase-multilingual-mpnet-base-v2,zh,105,mean_pool,0.1543490886688232,-0.5173964500427246,-0.9599381685256958,-0.2884523868560791
sentence-transformers/paraphrase-multilingual-mpnet-base-v2,zh,106,mean_pool,0.337717741727829,-0.5905531048774719,-0.8188849687576294,0.0870324969291687
sentence-transformers/paraphrase-multilingual-mpnet-base-v2,zh,107,mean_pool,0.1357184052467346,-0.4268636107444763,-0.8554204106330872,-0.5226348638534546
sentence-transformers/paraphrase-multilingual-mpnet-base-v2,zh,108,mean_pool,0.1587848514318466,-0.6067062616348267,-0.8578703999519348,-0.4818262159824371
sentence-transformers/paraphrase-multilingual-mpnet-base-v2,zh,109,mean_pool,0.1607767939567566,-0.5294457674026489,-0.9529454708099364,-0.5573931932449341
sentence-transformers/paraphrase-multilingual-mpnet-base-v2,zh,110,mean_pool,0.1985152065753936,-0.5931091904640198,-0.8812887668609619,-0.5278114676475525
sentence-transformers/paraphrase-multilingual-mpnet-base-v2,zh,111,mean_pool,0.0340936481952667,-0.5847246050834656,-0.965948224067688,-0.7833881974220276
sentence-transformers/paraphrase-multilingual-mpnet-base-v2,zh,112,mean_pool,0.1433722525835037,-0.4744019210338592,-0.9737064242362976,-0.2955220341682434
sentence-transformers/paraphrase-multilingual-mpnet-base-v2,zh,113,mean_pool,0.164955735206604,-0.5048583745956421,-0.9575145244598388,-0.5376105904579163
sentence-transformers/paraphrase-multilingual-mpnet-base-v2,zh,114,mean_pool,0.2009973227977752,-0.7778407335281372,-0.9779092669487,0.4511508643627167
sentence-transformers/paraphrase-multilingual-mpnet-base-v2,zh,115,mean_pool,0.154426023364067,-0.529985249042511,-0.9388558864593506,-0.6347514986991882
sentence-transformers/paraphrase-multilingual-mpnet-base-v2,zh,116,mean_pool,0.1766890287399292,-0.5274035930633545,-0.9669300317764282,-0.6002895832061768
sentence-transformers/paraphrase-multilingual-mpnet-base-v2,zh,117,mean_pool,0.2615616619586944,-0.6619921922683716,-0.8825581669807434,-0.6319801807403564
sentence-transformers/paraphrase-multilingual-mpnet-base-v2,zh,118,mean_pool,0.0846702083945274,-0.5706537365913391,-0.925489068031311,-0.380242109298706
sentence-transformers/paraphrase-multilingual-mpnet-base-v2,zh,119,mean_pool,0.136199414730072,-0.4730370044708252,-0.8719449043273926,-0.5964667201042175
sentence-transformers/paraphrase-multilingual-mpnet-base-v2,zh,120,mean_pool,0.3750185668468475,-0.3488826155662536,-0.8188416957855225,-0.170671060681343
sentence-transformers/paraphrase-multilingual-mpnet-base-v2,zh,121,mean_pool,0.0660043731331825,-0.3594184517860412,-0.9194854497909546,-0.5168293118476868
sentence-transformers/paraphrase-multilingual-mpnet-base-v2,zh,122,mean_pool,0.213772714138031,-0.5422136187553406,-0.8695265054702759,-0.213056668639183
sentence-transformers/paraphrase-multilingual-mpnet-base-v2,zh,123,mean_pool,0.0938470363616943,-0.5402950048446655,-0.856244683265686,-0.532831609249115
sentence-transformers/paraphrase-multilingual-mpnet-base-v2,zh,124,mean_pool,0.3341223895549774,-0.465957373380661,-0.5944240689277649,-0.0756518617272377
sentence-transformers/paraphrase-multilingual-mpnet-base-v2,zh,125,mean_pool,0.0374367833137512,-0.5438553690910339,-0.950830340385437,-0.5007582306861877
sentence-transformers/paraphrase-multilingual-mpnet-base-v2,zh,126,mean_pool,0.118840254843235,-0.6040356755256653,-0.9278324842453004,-0.6917203068733215
sentence-transformers/paraphrase-multilingual-mpnet-base-v2,zh,127,mean_pool,0.1302435547113418,-0.501649022102356,-0.7998759746551514,-0.507983922958374
sentence-transformers/paraphrase-multilingual-mpnet-base-v2,zh,128,mean_pool,0.2079603523015976,-0.5656192302703857,-0.8969284892082214,-0.5158353447914124
sentence-transformers/paraphrase-multilingual-mpnet-base-v2,zh,129,mean_pool,0.4495461881160736,-0.813485324382782,-0.9727603793144226,0.558122992515564
sentence-transformers/paraphrase-multilingual-mpnet-base-v2,zh,130,mean_pool,0.1290477067232132,-0.3437604904174804,-0.8946666717529297,-0.6121540069580078
sentence-transformers/paraphrase-multilingual-mpnet-base-v2,zh,131,mean_pool,0.1781973391771316,-0.6139108538627625,-0.8999332189559937,-0.6315085887908936
sentence-transformers/paraphrase-multilingual-mpnet-base-v2,zh,132,mean_pool,0.1935504674911499,-0.7322956323623657,-0.9080333709716796,-0.4883484244346618
sentence-transformers/paraphrase-multilingual-mpnet-base-v2,zh,133,mean_pool,0.2021055072546005,-0.4685137867927551,-0.8800553679466248,-0.6981776356697083
sentence-transformers/paraphrase-multilingual-mpnet-base-v2,zh,134,mean_pool,0.044142697006464,-0.5991098284721375,-0.9455857872962952,-0.376699686050415
sentence-transformers/paraphrase-multilingual-mpnet-base-v2,zh,135,mean_pool,0.0735885053873062,-0.4635710716247558,-0.919495165348053,-0.5388801097869873
sentence-transformers/paraphrase-multilingual-mpnet-base-v2,zh,136,mean_pool,0.1446460336446762,-0.4040493667125702,-0.8874267935752869,-0.540362536907196
sentence-transformers/paraphrase-multilingual-mpnet-base-v2,zh,137,mean_pool,0.0788720771670341,-0.5099111199378967,-0.9018173217773438,-0.59306401014328
sentence-transformers/paraphrase-multilingual-mpnet-base-v2,zh,138,mean_pool,0.2591429352760315,-0.5698987245559692,-0.9125126600265504,-0.5361354947090149
sentence-transformers/paraphrase-multilingual-mpnet-base-v2,zh,139,mean_pool,0.1494779735803604,-0.6139360070228577,-0.9529597759246826,-0.5833224654197693
sentence-transformers/paraphrase-multilingual-mpnet-base-v2,zh,140,mean_pool,0.1829176694154739,-0.6022312641143799,-0.913420021533966,-0.5925843119621277
sentence-transformers/paraphrase-multilingual-mpnet-base-v2,zh,141,mean_pool,0.2694774866104126,-0.388478547334671,-0.9075995087623596,-0.6135432720184326
sentence-transformers/paraphrase-multilingual-mpnet-base-v2,zh,142,mean_pool,0.1292651444673538,-0.5510106682777405,-0.8569019436836243,-0.4325345158576965
sentence-transformers/paraphrase-multilingual-mpnet-base-v2,zh,143,mean_pool,0.0839395448565483,-0.3327102959156036,-0.9052968621253968,-0.4800105392932892
sentence-transformers/paraphrase-multilingual-mpnet-base-v2,zh,144,mean_pool,0.1846403628587722,-0.6612286567687988,-0.8971007466316223,-0.6445147395133972
sentence-transformers/paraphrase-multilingual-mpnet-base-v2,zh,145,mean_pool,0.2731011211872101,-0.8293799161911011,-0.9770082831382751,-0.1097012236714363
sentence-transformers/paraphrase-multilingual-mpnet-base-v2,zh,146,mean_pool,0.1847513020038604,-0.438670665025711,-0.8956693410873413,-0.733125627040863
sentence-transformers/paraphrase-multilingual-mpnet-base-v2,zh,147,mean_pool,0.3039708733558655,-0.3783299326896667,-0.5502218008041382,-0.0181268155574798
sentence-transformers/paraphrase-multilingual-mpnet-base-v2,zh,148,mean_pool,0.0437909364700317,-0.5700994729995728,-0.9285016059875488,-0.5275372862815857
sentence-transformers/paraphrase-multilingual-mpnet-base-v2,zh,149,mean_pool,0.418023943901062,-0.5466967225074768,-0.6776027679443359,-0.2487583309412002
sentence-transformers/paraphrase-multilingual-mpnet-base-v2,zh,150,mean_pool,0.3453243970870971,-0.6040518283843994,-0.9103926420211792,0.1303045153617859
sentence-transformers/paraphrase-multilingual-mpnet-base-v2,zh,151,mean_pool,0.0966625288128852,-0.4975119829177856,-0.8604613542556763,-0.5444415211677551
sentence-transformers/paraphrase-multilingual-mpnet-base-v2,zh,152,mean_pool,0.2098808288574218,-0.6057191491127014,-0.9237688779830932,-0.1619657427072525
sentence-transformers/paraphrase-multilingual-mpnet-base-v2,zh,153,mean_pool,0.0304357763379812,-0.5640541315078735,-0.9459726214408876,-0.5792960524559021
sentence-transformers/paraphrase-multilingual-mpnet-base-v2,zh,154,mean_pool,0.2698695361614227,-0.5778509974479675,-0.874293327331543,0.0080817695707082
sentence-transformers/paraphrase-multilingual-mpnet-base-v2,zh,155,mean_pool,0.1513372808694839,-0.6067508459091187,-0.9249343872070312,-0.4393096268177032
sentence-transformers/paraphrase-multilingual-mpnet-base-v2,zh,156,mean_pool,0.1419687271118164,-0.4806186556816101,-0.834870457649231,-0.2379726022481918
sentence-transformers/paraphrase-multilingual-mpnet-base-v2,zh,157,mean_pool,0.0751824453473091,-0.3612453043460846,-0.8384455442428589,-0.4542755782604217
sentence-transformers/paraphrase-multilingual-mpnet-base-v2,zh,158,mean_pool,0.3433156609535217,-0.5955992341041565,-0.9376312494277954,-0.0745730623602867
sentence-transformers/paraphrase-multilingual-mpnet-base-v2,zh,159,mean_pool,0.1723921597003936,-0.5377814769744873,-0.9186407923698424,-0.6409436464309692
sentence-transformers/paraphrase-multilingual-mpnet-base-v2,en,0,marker_pool,0.3790991902351379,-0.0098985088989138,-0.2454236894845962,-0.2208792567253112
sentence-transformers/paraphrase-multilingual-mpnet-base-v2,en,1,marker_pool,0.3427069783210754,0.0612138919532299,-0.3277981281280517,-0.2265259027481079
sentence-transformers/paraphrase-multilingual-mpnet-base-v2,en,2,marker_pool,0.3252864480018616,0.0805031657218933,-0.3045086860656738,-0.2289886772632599
sentence-transformers/paraphrase-multilingual-mpnet-base-v2,en,3,marker_pool,0.3391899764537811,0.0889828652143478,-0.2895431816577911,-0.2111145555973053
sentence-transformers/paraphrase-multilingual-mpnet-base-v2,en,4,marker_pool,0.3562401533126831,0.0394383743405342,-0.2409380972385406,-0.2534221112728119
sentence-transformers/paraphrase-multilingual-mpnet-base-v2,en,5,marker_pool,0.3825763463973999,0.0588877387344837,-0.2172004282474517,-0.274626761674881
sentence-transformers/paraphrase-multilingual-mpnet-base-v2,en,6,marker_pool,0.3373630344867706,0.0307820960879325,-0.2888989746570587,-0.2490132451057434
sentence-transformers/paraphrase-multilingual-mpnet-base-v2,en,7,marker_pool,0.2791987061500549,0.041281908750534,-0.308784544467926,-0.2400418668985366
sentence-transformers/paraphrase-multilingual-mpnet-base-v2,en,8,marker_pool,0.3239994347095489,0.1138179525732994,-0.2418122589588165,-0.2147342264652252
sentence-transformers/paraphrase-multilingual-mpnet-base-v2,en,9,marker_pool,0.3460873663425445,-0.00380993145518,-0.2978269159793854,-0.274904191493988
sentence-transformers/paraphrase-multilingual-mpnet-base-v2,en,10,marker_pool,0.3901419639587402,0.0282963123172521,-0.3359956443309784,-0.2289238721132278
sentence-transformers/paraphrase-multilingual-mpnet-base-v2,en,11,marker_pool,0.3612267971038818,0.0258840806782245,-0.2988966107368469,-0.2775953710079193
sentence-transformers/paraphrase-multilingual-mpnet-base-v2,en,12,marker_pool,0.3087278306484222,0.0572145655751228,-0.3339393734931946,-0.2795828878879547
sentence-transformers/paraphrase-multilingual-mpnet-base-v2,en,13,marker_pool,0.3538762331008911,0.0328950472176075,-0.2893961668014526,-0.295900285243988
sentence-transformers/paraphrase-multilingual-mpnet-base-v2,en,14,marker_pool,0.3757800459861755,0.0169026087969541,-0.2115914970636367,-0.2964691817760467
sentence-transformers/paraphrase-multilingual-mpnet-base-v2,en,15,marker_pool,0.3465209007263183,0.1278647035360336,-0.3390227556228637,-0.2100906819105148
sentence-transformers/paraphrase-multilingual-mpnet-base-v2,en,16,marker_pool,0.3298419713973999,0.0399499163031578,-0.1736047267913818,-0.2301798909902572
sentence-transformers/paraphrase-multilingual-mpnet-base-v2,en,17,marker_pool,0.3421117067337036,0.0387473963201046,-0.2613242864608764,-0.2576174139976501
sentence-transformers/paraphrase-multilingual-mpnet-base-v2,en,18,marker_pool,0.3305980265140533,0.0151795046404004,-0.2656106948852539,-0.2450439631938934
sentence-transformers/paraphrase-multilingual-mpnet-base-v2,en,19,marker_pool,0.3448750972747803,0.1234380826354026,-0.2385465949773788,-0.2212589383125305
sentence-transformers/paraphrase-multilingual-mpnet-base-v2,en,20,marker_pool,0.3434038460254669,0.005048322957009,-0.2379463464021682,-0.2513633370399475
sentence-transformers/paraphrase-multilingual-mpnet-base-v2,en,21,marker_pool,0.3550558984279632,0.0362345576286315,-0.233785405755043,-0.26764777302742
sentence-transformers/paraphrase-multilingual-mpnet-base-v2,en,22,marker_pool,0.3294429779052734,0.0403712689876556,-0.3321746289730072,-0.2414523363113403
sentence-transformers/paraphrase-multilingual-mpnet-base-v2,en,23,marker_pool,0.3375429213047027,0.0562320947647094,-0.2341734021902084,-0.2175042629241943
sentence-transformers/paraphrase-multilingual-mpnet-base-v2,en,24,marker_pool,0.385059505701065,0.0723723545670509,-0.3298339545726776,-0.3268980681896209
sentence-transformers/paraphrase-multilingual-mpnet-base-v2,en,25,marker_pool,0.3224549889564514,0.0757157281041145,-0.2934894561767578,-0.241103783249855
sentence-transformers/paraphrase-multilingual-mpnet-base-v2,en,26,marker_pool,0.3078002333641052,0.0758735314011573,-0.2200010120868683,-0.2295749187469482
sentence-transformers/paraphrase-multilingual-mpnet-base-v2,en,27,marker_pool,0.3369416296482086,0.0739677846431732,-0.2924666702747345,-0.261178195476532
sentence-transformers/paraphrase-multilingual-mpnet-base-v2,en,28,marker_pool,0.3113105893135071,0.1130944490432739,-0.381674587726593,-0.2227645367383957
sentence-transformers/paraphrase-multilingual-mpnet-base-v2,en,29,marker_pool,0.3926218152046203,0.0700703859329223,-0.2962313294410705,-0.2917354702949524
sentence-transformers/paraphrase-multilingual-mpnet-base-v2,en,30,marker_pool,0.3635464906692505,-0.0015484545147046,-0.2636525928974151,-0.2504990696907043
sentence-transformers/paraphrase-multilingual-mpnet-base-v2,en,31,marker_pool,0.3585982620716095,0.1108700707554817,-0.3092366456985473,-0.2079183906316757
sentence-transformers/paraphrase-multilingual-mpnet-base-v2,en,32,marker_pool,0.3770610988140106,0.0016706926980987,-0.3260048031806946,-0.3043064475059509
sentence-transformers/paraphrase-multilingual-mpnet-base-v2,en,33,marker_pool,0.3289041221141815,0.054179348051548,-0.2645281851291656,-0.2475917339324951
sentence-transformers/paraphrase-multilingual-mpnet-base-v2,en,34,marker_pool,0.4010038673877716,0.0453051961958408,-0.2764412462711334,-0.3124801516532898
sentence-transformers/paraphrase-multilingual-mpnet-base-v2,en,35,marker_pool,0.3215876519680023,0.0727654993534088,-0.3252409398555755,-0.2805026471614837
sentence-transformers/paraphrase-multilingual-mpnet-base-v2,en,36,marker_pool,0.3447251617908478,0.0851998105645179,-0.2677963674068451,-0.1963286101818084
sentence-transformers/paraphrase-multilingual-mpnet-base-v2,en,37,marker_pool,0.3674350380897522,0.0761643946170806,-0.312605082988739,-0.2670018970966339
sentence-transformers/paraphrase-multilingual-mpnet-base-v2,en,38,marker_pool,0.3254348635673523,0.0369147211313247,-0.282724380493164,-0.2914456129074096
sentence-transformers/paraphrase-multilingual-mpnet-base-v2,en,39,marker_pool,0.3239704668521881,0.0250083617866039,-0.3373766541481018,-0.2813056707382202
sentence-transformers/paraphrase-multilingual-mpnet-base-v2,en,40,marker_pool,0.3501587808132171,0.0855769664049148,-0.2599102258682251,-0.2323906421661377
sentence-transformers/paraphrase-multilingual-mpnet-base-v2,en,41,marker_pool,0.3403248488903045,0.0720833837985992,-0.2764458954334259,-0.2122383862733841
sentence-transformers/paraphrase-multilingual-mpnet-base-v2,en,42,marker_pool,0.3255708515644073,0.0892209932208061,-0.3097340166568756,-0.2517701983451843
sentence-transformers/paraphrase-multilingual-mpnet-base-v2,en,43,marker_pool,0.3762502074241638,0.0667915344238281,-0.3240146934986114,-0.2235059589147567
sentence-transformers/paraphrase-multilingual-mpnet-base-v2,en,44,marker_pool,0.3610338270664215,0.003816561307758,-0.2540421485900879,-0.3344215750694275
sentence-transformers/paraphrase-multilingual-mpnet-base-v2,en,45,marker_pool,0.3266813158988952,0.041642677038908,-0.3037095069885254,-0.2282596826553344
sentence-transformers/paraphrase-multilingual-mpnet-base-v2,en,46,marker_pool,0.3328352868556976,0.0873736143112182,-0.3275984227657318,-0.2512620091438293
sentence-transformers/paraphrase-multilingual-mpnet-base-v2,en,47,marker_pool,0.3568686246871948,0.0753024667501449,-0.356617271900177,-0.1697996407747268
sentence-transformers/paraphrase-multilingual-mpnet-base-v2,en,48,marker_pool,0.3566876947879791,-0.0025679885875433,-0.2747450470924377,-0.235727459192276
sentence-transformers/paraphrase-multilingual-mpnet-base-v2,en,49,marker_pool,0.3298670053482055,4.309110863687238e-06,-0.2872333526611328,-0.264370709657669
sentence-transformers/paraphrase-multilingual-mpnet-base-v2,en,50,marker_pool,0.3200118839740753,0.1148639842867851,-0.3253005445003509,-0.2110610902309417
sentence-transformers/paraphrase-multilingual-mpnet-base-v2,en,51,marker_pool,0.33746999502182,0.0959119796752929,-0.305152416229248,-0.2121578305959701
sentence-transformers/paraphrase-multilingual-mpnet-base-v2,en,52,marker_pool,0.3598260581493377,0.0216480512171983,-0.291630208492279,-0.2338115274906158
sentence-transformers/paraphrase-multilingual-mpnet-base-v2,en,53,marker_pool,0.3876702785491943,0.0394417308270931,-0.3097262978553772,-0.3345444500446319
sentence-transformers/paraphrase-multilingual-mpnet-base-v2,en,54,marker_pool,0.3403297066688537,0.0681819915771484,-0.2384980767965316,-0.2685911357402801
sentence-transformers/paraphrase-multilingual-mpnet-base-v2,en,55,marker_pool,0.344780296087265,0.0153614990413188,-0.2414153963327407,-0.2717663943767547
sentence-transformers/paraphrase-multilingual-mpnet-base-v2,en,56,marker_pool,0.3595419824123382,0.0983627885580062,-0.2627080082893371,-0.1810669749975204
sentence-transformers/paraphrase-multilingual-mpnet-base-v2,en,57,marker_pool,0.3657397925853729,0.0510695613920688,-0.2653825283050537,-0.2475079894065857
sentence-transformers/paraphrase-multilingual-mpnet-base-v2,en,58,marker_pool,0.3138794004917145,0.0714080706238746,-0.292755514383316,-0.2471589595079422
sentence-transformers/paraphrase-multilingual-mpnet-base-v2,en,59,marker_pool,0.3632290363311767,0.0543256774544715,-0.3424322009086609,-0.3055087327957153
sentence-transformers/paraphrase-multilingual-mpnet-base-v2,en,60,marker_pool,0.2731601595878601,0.0454784333705902,-0.3510438501834869,-0.2531408965587616
sentence-transformers/paraphrase-multilingual-mpnet-base-v2,en,61,marker_pool,0.3073014616966247,0.0828528627753257,-0.3496481478214264,-0.2924959361553192
sentence-transformers/paraphrase-multilingual-mpnet-base-v2,en,62,marker_pool,0.3506477177143097,0.0159204211086034,-0.3089918494224548,-0.2126784920692443
sentence-transformers/paraphrase-multilingual-mpnet-base-v2,en,63,marker_pool,0.3424168527126312,0.0035791383124887,-0.3156989514827728,-0.2277027368545532
sentence-transformers/paraphrase-multilingual-mpnet-base-v2,en,64,marker_pool,0.4094235301017761,0.0507277622818946,-0.3347549736499786,-0.236302837729454
sentence-transformers/paraphrase-multilingual-mpnet-base-v2,en,65,marker_pool,0.3015673160552978,0.0851318463683128,-0.2699314057826996,-0.2365392595529556
sentence-transformers/paraphrase-multilingual-mpnet-base-v2,en,66,marker_pool,0.3513499796390533,0.0827133655548095,-0.3520124852657318,-0.2445899844169616
sentence-transformers/paraphrase-multilingual-mpnet-base-v2,en,67,marker_pool,0.332869291305542,0.0601455010473728,-0.3107154667377472,-0.2819116115570068
sentence-transformers/paraphrase-multilingual-mpnet-base-v2,en,68,marker_pool,0.3716714382171631,0.0100820073857903,-0.2979757487773895,-0.2477680146694183
sentence-transformers/paraphrase-multilingual-mpnet-base-v2,en,69,marker_pool,0.3457977771759033,0.1188984215259552,-0.2792877554893493,-0.1857181340456009
sentence-transformers/paraphrase-multilingual-mpnet-base-v2,en,70,marker_pool,0.3581052422523498,0.0555410757660865,-0.3364336788654327,-0.2859874963760376
sentence-transformers/paraphrase-multilingual-mpnet-base-v2,en,71,marker_pool,0.3703460991382599,0.0457928925752639,-0.429053395986557,-0.3224356770515442
sentence-transformers/paraphrase-multilingual-mpnet-base-v2,en,72,marker_pool,0.3225594758987427,0.1017933562397956,-0.3145321011543274,-0.2083868831396103
sentence-transformers/paraphrase-multilingual-mpnet-base-v2,en,73,marker_pool,0.3482626080513,0.0433156676590442,-0.3167083263397217,-0.2424338907003402
sentence-transformers/paraphrase-multilingual-mpnet-base-v2,en,74,marker_pool,0.3339181244373321,0.0028740239795297,-0.2483535856008529,-0.2490753084421157
sentence-transformers/paraphrase-multilingual-mpnet-base-v2,en,75,marker_pool,0.3567145466804504,0.0602058731019496,-0.2072091251611709,-0.2053098231554031
sentence-transformers/paraphrase-multilingual-mpnet-base-v2,en,76,marker_pool,0.3581247925758362,0.0143190370872616,-0.2942444086074829,-0.3075230419635772
sentence-transformers/paraphrase-multilingual-mpnet-base-v2,en,77,marker_pool,0.3550992310047149,0.07172891497612,-0.2688332796096802,-0.2373620122671127
sentence-transformers/paraphrase-multilingual-mpnet-base-v2,en,78,marker_pool,0.322305679321289,0.1101205721497535,-0.1826689392328262,-0.2182821631431579
sentence-transformers/paraphrase-multilingual-mpnet-base-v2,en,79,marker_pool,0.3290701508522033,-0.0011725983349606,-0.2516773343086242,-0.2795811295509338
sentence-transformers/paraphrase-multilingual-mpnet-base-v2,en,80,marker_pool,0.3197315633296966,0.0813556313514709,-0.2419755756855011,-0.2109424918889999
sentence-transformers/paraphrase-multilingual-mpnet-base-v2,en,81,marker_pool,0.3555268347263336,0.0449508912861347,-0.2918804883956909,-0.25738525390625
sentence-transformers/paraphrase-multilingual-mpnet-base-v2,en,82,marker_pool,0.313569575548172,0.0970856919884681,-0.2355160117149353,-0.1825755387544632
sentence-transformers/paraphrase-multilingual-mpnet-base-v2,en,83,marker_pool,0.3887364268302917,-0.0042096334509551,-0.2643139660358429,-0.3224216401576996
sentence-transformers/paraphrase-multilingual-mpnet-base-v2,en,84,marker_pool,0.3145037293434143,0.0921747386455535,-0.2087211161851883,-0.2328697144985199
sentence-transformers/paraphrase-multilingual-mpnet-base-v2,en,85,marker_pool,0.3271221220493316,0.0695814713835716,-0.2229550778865814,-0.2146798521280288
sentence-transformers/paraphrase-multilingual-mpnet-base-v2,en,86,marker_pool,0.337031215429306,0.0836740732192993,-0.3608405888080597,-0.192732036113739
sentence-transformers/paraphrase-multilingual-mpnet-base-v2,en,87,marker_pool,0.3525370955467224,0.1138363182544708,-0.3868148922920227,-0.224855437874794
sentence-transformers/paraphrase-multilingual-mpnet-base-v2,en,88,marker_pool,0.4055745899677276,0.084074966609478,-0.3687664568424225,-0.2470272928476333
sentence-transformers/paraphrase-multilingual-mpnet-base-v2,en,89,marker_pool,0.3841909170150757,0.0289375353604555,-0.2950562536716461,-0.1982191503047943
sentence-transformers/paraphrase-multilingual-mpnet-base-v2,en,90,marker_pool,0.375639259815216,0.0631359592080116,-0.3418936431407928,-0.2170639783143997
sentence-transformers/paraphrase-multilingual-mpnet-base-v2,en,91,marker_pool,0.3473195731639862,0.0912123396992683,-0.2660754024982452,-0.2192004472017288
sentence-transformers/paraphrase-multilingual-mpnet-base-v2,en,92,marker_pool,0.4001662135124206,0.0207741353660821,-0.3789832293987274,-0.355385273694992
sentence-transformers/paraphrase-multilingual-mpnet-base-v2,en,93,marker_pool,0.3550649881362915,0.0827149078249931,-0.2981753349304199,-0.2205228060483932
sentence-transformers/paraphrase-multilingual-mpnet-base-v2,en,94,marker_pool,0.3155259490013122,0.032587680965662,-0.3293360769748688,-0.2757242619991302
sentence-transformers/paraphrase-multilingual-mpnet-base-v2,en,95,marker_pool,0.30807626247406,0.127878651022911,-0.3059075176715851,-0.2370589971542358
sentence-transformers/paraphrase-multilingual-mpnet-base-v2,en,96,marker_pool,0.3406673967838287,0.0494865700602531,-0.2131317108869552,-0.2264491766691208
sentence-transformers/paraphrase-multilingual-mpnet-base-v2,en,97,marker_pool,0.3615958988666534,0.0375840291380882,-0.4041748046875,-0.3206502199172973
sentence-transformers/paraphrase-multilingual-mpnet-base-v2,en,98,marker_pool,0.3324103355407715,0.063306413590908,-0.2412239015102386,-0.2215579003095626
sentence-transformers/paraphrase-multilingual-mpnet-base-v2,en,99,marker_pool,0.3237517774105072,0.0915094763040542,-0.3354363143444061,-0.2541910111904144
sentence-transformers/paraphrase-multilingual-mpnet-base-v2,en,100,marker_pool,0.3576694428920746,0.0408748127520084,-0.2514674067497253,-0.2076760232448578
sentence-transformers/paraphrase-multilingual-mpnet-base-v2,en,101,marker_pool,0.3534715175628662,0.092400461435318,-0.2254505306482315,-0.2378115057945251
sentence-transformers/paraphrase-multilingual-mpnet-base-v2,en,102,marker_pool,0.3344303071498871,0.1143336445093154,-0.3154094815254211,-0.2324550598859787
sentence-transformers/paraphrase-multilingual-mpnet-base-v2,en,103,marker_pool,0.3538488745689392,0.0393342748284339,-0.3417423069477081,-0.2646553218364715
sentence-transformers/paraphrase-multilingual-mpnet-base-v2,en,104,marker_pool,0.3199756741523742,0.1033247411251068,-0.2732696235179901,-0.2324021011590957
sentence-transformers/paraphrase-multilingual-mpnet-base-v2,en,105,marker_pool,0.3087020516395569,0.0480350852012634,-0.2903225421905517,-0.2700861394405365
sentence-transformers/paraphrase-multilingual-mpnet-base-v2,en,106,marker_pool,0.38648521900177,0.0578435584902763,-0.289286732673645,-0.3153480291366577
sentence-transformers/paraphrase-multilingual-mpnet-base-v2,en,107,marker_pool,0.3397387266159057,0.0972658172249794,-0.2686611413955688,-0.2582685649394989
sentence-transformers/paraphrase-multilingual-mpnet-base-v2,en,108,marker_pool,0.3115344047546386,0.1110189855098724,-0.3404631316661834,-0.2352085709571838
sentence-transformers/paraphrase-multilingual-mpnet-base-v2,en,109,marker_pool,0.3093173801898956,0.0598052553832531,-0.3517675101757049,-0.2270277291536331
sentence-transformers/paraphrase-multilingual-mpnet-base-v2,en,110,marker_pool,0.3826778829097748,0.0439387522637844,-0.3488210141658783,-0.3909797370433807
sentence-transformers/paraphrase-multilingual-mpnet-base-v2,en,111,marker_pool,0.3221123516559601,0.035440269857645,-0.2951698303222656,-0.2684321999549866
sentence-transformers/paraphrase-multilingual-mpnet-base-v2,en,112,marker_pool,0.3320756256580353,0.0752394571900367,-0.3724046349525451,-0.1997490674257278
sentence-transformers/paraphrase-multilingual-mpnet-base-v2,en,113,marker_pool,0.3291856944561004,0.0625643953680992,-0.3170882165431976,-0.218341663479805
sentence-transformers/paraphrase-multilingual-mpnet-base-v2,en,114,marker_pool,0.3532410860061645,0.1133548617362976,-0.2286610603332519,-0.1829542964696884
sentence-transformers/paraphrase-multilingual-mpnet-base-v2,en,115,marker_pool,0.3412806987762451,0.1380736380815506,-0.2641022503376007,-0.1877342909574508
sentence-transformers/paraphrase-multilingual-mpnet-base-v2,en,116,marker_pool,0.3913815915584564,0.0112444879487156,-0.2965360283851623,-0.2907030582427978
sentence-transformers/paraphrase-multilingual-mpnet-base-v2,en,117,marker_pool,0.4236024618148803,0.0479784645140171,-0.305521696805954,-0.2329040467739105
sentence-transformers/paraphrase-multilingual-mpnet-base-v2,en,118,marker_pool,0.3282114267349243,0.0676969364285469,-0.1966168880462646,-0.2287650853395462
sentence-transformers/paraphrase-multilingual-mpnet-base-v2,en,119,marker_pool,0.3514767289161682,0.0906055942177772,-0.2844318449497223,-0.2460336685180664
sentence-transformers/paraphrase-multilingual-mpnet-base-v2,en,120,marker_pool,0.3046751320362091,0.046366199851036,-0.2931393682956695,-0.2203289270401001
sentence-transformers/paraphrase-multilingual-mpnet-base-v2,en,121,marker_pool,0.4192160665988922,0.0604970790445804,-0.3298242688179016,-0.232624277472496
sentence-transformers/paraphrase-multilingual-mpnet-base-v2,en,122,marker_pool,0.3269859850406647,0.1032318398356437,-0.3119885325431824,-0.2290136665105819
sentence-transformers/paraphrase-multilingual-mpnet-base-v2,en,123,marker_pool,0.3286947906017303,0.1388178467750549,-0.4024854302406311,-0.1913488209247589
sentence-transformers/paraphrase-multilingual-mpnet-base-v2,en,124,marker_pool,0.3747143447399139,0.0779373049736023,-0.2942687273025512,-0.2493789196014404
sentence-transformers/paraphrase-multilingual-mpnet-base-v2,en,125,marker_pool,0.3934869766235351,0.0420311950147151,-0.3608134090900421,-0.3140287697315216
sentence-transformers/paraphrase-multilingual-mpnet-base-v2,en,126,marker_pool,0.3502817451953888,0.1208680719137191,-0.2315551042556762,-0.1946722418069839
sentence-transformers/paraphrase-multilingual-mpnet-base-v2,en,127,marker_pool,0.3992688357830047,0.0431739836931228,-0.3503080606460571,-0.3356832265853882
sentence-transformers/paraphrase-multilingual-mpnet-base-v2,en,128,marker_pool,0.3865737020969391,0.0324930883944034,-0.3876327574253082,-0.3828639686107635
sentence-transformers/paraphrase-multilingual-mpnet-base-v2,en,129,marker_pool,0.323627769947052,0.1340091377496719,-0.304660826921463,-0.2282347828149795
sentence-transformers/paraphrase-multilingual-mpnet-base-v2,en,130,marker_pool,0.3432452380657196,0.0369658321142196,-0.3161531686782837,-0.2306454926729202
sentence-transformers/paraphrase-multilingual-mpnet-base-v2,en,131,marker_pool,0.3755273222923279,0.0211391430348157,-0.3366384506225586,-0.2470396161079406
sentence-transformers/paraphrase-multilingual-mpnet-base-v2,en,132,marker_pool,0.3767410814762115,0.0713995620608329,-0.3687793016433716,-0.2782810926437378
sentence-transformers/paraphrase-multilingual-mpnet-base-v2,en,133,marker_pool,0.3639525473117828,0.0543596260249614,-0.2875551581382751,-0.2657749652862549
sentence-transformers/paraphrase-multilingual-mpnet-base-v2,en,134,marker_pool,0.3626858592033386,0.1043170318007469,-0.3427320718765259,-0.2154091596603393
sentence-transformers/paraphrase-multilingual-mpnet-base-v2,en,135,marker_pool,0.3225156366825104,0.0220282170921564,-0.2704613506793976,-0.2708154618740082
sentence-transformers/paraphrase-multilingual-mpnet-base-v2,en,136,marker_pool,0.3598144352436065,0.0699420124292373,-0.2668038010597229,-0.2376418113708496
sentence-transformers/paraphrase-multilingual-mpnet-base-v2,en,137,marker_pool,0.3800818026065826,0.0283647142350673,-0.377878189086914,-0.3538234531879425
sentence-transformers/paraphrase-multilingual-mpnet-base-v2,en,138,marker_pool,0.3611883521080017,0.045326717197895,-0.287367582321167,-0.205169528722763
sentence-transformers/paraphrase-multilingual-mpnet-base-v2,en,139,marker_pool,0.3624644875526428,0.0820577666163444,-0.349971204996109,-0.2025531083345413
sentence-transformers/paraphrase-multilingual-mpnet-base-v2,en,140,marker_pool,0.2908396422863006,0.08379478007555,-0.3321501612663269,-0.1871762424707412
sentence-transformers/paraphrase-multilingual-mpnet-base-v2,en,141,marker_pool,0.3712193965911865,0.0255758371204137,-0.3579919934272766,-0.314554214477539
sentence-transformers/paraphrase-multilingual-mpnet-base-v2,en,142,marker_pool,0.3893909156322479,0.032780110836029,-0.2810955941677093,-0.3209753632545471
sentence-transformers/paraphrase-multilingual-mpnet-base-v2,en,143,marker_pool,0.362558364868164,0.0444628559052944,-0.2937768399715423,-0.2856948375701904
sentence-transformers/paraphrase-multilingual-mpnet-base-v2,en,144,marker_pool,0.3492743074893951,0.0901535153388977,-0.2442987561225891,-0.2224925011396408
sentence-transformers/paraphrase-multilingual-mpnet-base-v2,en,145,marker_pool,0.346431702375412,0.0579691268503665,-0.2764738798141479,-0.2567684948444366
sentence-transformers/paraphrase-multilingual-mpnet-base-v2,en,146,marker_pool,0.3445234298706054,0.1276281923055648,-0.2144097685813903,-0.1895266622304916
sentence-transformers/paraphrase-multilingual-mpnet-base-v2,en,147,marker_pool,0.3391482234001159,0.1028575301170349,-0.2862911224365234,-0.2437147051095962
sentence-transformers/paraphrase-multilingual-mpnet-base-v2,en,148,marker_pool,0.3185272514820099,0.0762374326586723,-0.2751339673995971,-0.233808696269989
sentence-transformers/paraphrase-multilingual-mpnet-base-v2,en,149,marker_pool,0.3614820837974548,0.0618923045694828,-0.2701188921928406,-0.2255541086196899
sentence-transformers/paraphrase-multilingual-mpnet-base-v2,en,150,marker_pool,0.356606513261795,0.0341040417551994,-0.2770971059799194,-0.2238171547651291
sentence-transformers/paraphrase-multilingual-mpnet-base-v2,en,151,marker_pool,0.2860509157180786,0.0795561820268631,-0.2995276749134063,-0.2017042785882949
sentence-transformers/paraphrase-multilingual-mpnet-base-v2,en,152,marker_pool,0.3437293469905853,0.1167800575494766,-0.3711384832859039,-0.2590438723564148
sentence-transformers/paraphrase-multilingual-mpnet-base-v2,en,153,marker_pool,0.3236735165119171,0.0795961394906044,-0.349332183599472,-0.2568201422691345
sentence-transformers/paraphrase-multilingual-mpnet-base-v2,en,154,marker_pool,0.2964869141578674,0.021075515076518,-0.2935576438903808,-0.2820286154747009
sentence-transformers/paraphrase-multilingual-mpnet-base-v2,en,155,marker_pool,0.3524799942970276,0.0624142810702323,-0.2870479226112366,-0.2339667230844497
sentence-transformers/paraphrase-multilingual-mpnet-base-v2,en,156,marker_pool,0.3372006118297577,0.0126187913119792,-0.2862736582756042,-0.2736183702945709
sentence-transformers/paraphrase-multilingual-mpnet-base-v2,en,157,marker_pool,0.3524121344089508,0.0472287610173225,-0.2806853055953979,-0.4263933002948761
sentence-transformers/paraphrase-multilingual-mpnet-base-v2,en,158,marker_pool,0.3689585626125335,0.0717891603708267,-0.2210393548011779,-0.1933637410402298
sentence-transformers/paraphrase-multilingual-mpnet-base-v2,en,159,marker_pool,0.3257954716682434,0.0572082102298736,-0.3227102160453796,-0.2719608545303345
sentence-transformers/paraphrase-multilingual-mpnet-base-v2,ru,0,marker_pool,0.2904939353466034,-0.3338407278060913,-0.2528943419456482,-0.4010343253612518
sentence-transformers/paraphrase-multilingual-mpnet-base-v2,ru,1,marker_pool,0.2471384555101394,-0.1716013848781585,-0.5799492001533508,-0.6080960631370544
sentence-transformers/paraphrase-multilingual-mpnet-base-v2,ru,2,marker_pool,0.3025683164596557,-0.1689356565475464,-0.7717808485031128,-0.1155657395720481
sentence-transformers/paraphrase-multilingual-mpnet-base-v2,ru,3,marker_pool,0.212445318698883,-0.3937165737152099,-0.6535061597824097,-0.4649128317832947
sentence-transformers/paraphrase-multilingual-mpnet-base-v2,ru,4,marker_pool,0.2736139297485351,-0.2540372908115387,-0.6699091196060181,0.021486684679985
sentence-transformers/paraphrase-multilingual-mpnet-base-v2,ru,5,marker_pool,0.0981800556182861,0.0099606858566403,-0.5152332186698914,-0.4920418858528137
sentence-transformers/paraphrase-multilingual-mpnet-base-v2,ru,6,marker_pool,0.1790375411510467,-0.1958487778902053,-0.4585108160972595,-0.2838643789291382
sentence-transformers/paraphrase-multilingual-mpnet-base-v2,ru,7,marker_pool,0.1338254809379577,-0.3372684419155121,-0.4160404205322265,-0.6342624425888062
sentence-transformers/paraphrase-multilingual-mpnet-base-v2,ru,8,marker_pool,0.1545381546020507,-0.1135252863168716,-0.5079423785209656,-0.4941378831863403
sentence-transformers/paraphrase-multilingual-mpnet-base-v2,ru,9,marker_pool,0.2872778475284576,-0.2183362692594528,-0.5748361349105835,-0.5973506569862366
sentence-transformers/paraphrase-multilingual-mpnet-base-v2,ru,10,marker_pool,0.1611489504575729,-0.1927483230829239,-0.4741952121257782,-0.6151607632637024
sentence-transformers/paraphrase-multilingual-mpnet-base-v2,ru,11,marker_pool,0.0204424988478422,-0.3755166232585907,-0.3241352438926697,-0.464927077293396
sentence-transformers/paraphrase-multilingual-mpnet-base-v2,ru,12,marker_pool,0.2945368587970733,-0.4201788008213043,-0.5521594285964966,-0.0915534049272537
sentence-transformers/paraphrase-multilingual-mpnet-base-v2,ru,13,marker_pool,0.251837283372879,-0.249771386384964,-0.5540956258773804,-0.3206758201122284
sentence-transformers/paraphrase-multilingual-mpnet-base-v2,ru,14,marker_pool,0.1897935271263122,-0.4754031300544739,-0.6482017636299133,-0.232310265302658
sentence-transformers/paraphrase-multilingual-mpnet-base-v2,ru,15,marker_pool,0.2905892133712768,-0.1972162276506424,-0.7217513918876648,-0.1737235188484192
sentence-transformers/paraphrase-multilingual-mpnet-base-v2,ru,16,marker_pool,0.0973771139979362,-0.108490914106369,-0.4470817148685455,-0.4438900649547577
sentence-transformers/paraphrase-multilingual-mpnet-base-v2,ru,17,marker_pool,0.1034096628427505,-0.3305582106113434,-0.4915699362754822,-0.3642198145389557
sentence-transformers/paraphrase-multilingual-mpnet-base-v2,ru,18,marker_pool,0.407670110464096,-0.1992353945970535,-0.6836268901824951,-0.2543427348136902
sentence-transformers/paraphrase-multilingual-mpnet-base-v2,ru,19,marker_pool,0.1525798588991165,-0.40123051404953,-0.5414639115333557,-0.5460097789764404
sentence-transformers/paraphrase-multilingual-mpnet-base-v2,ru,20,marker_pool,0.0782696157693862,-0.2102201581001281,-0.2520767152309418,-0.4513827860355377
sentence-transformers/paraphrase-multilingual-mpnet-base-v2,ru,21,marker_pool,0.1773076206445694,-0.2450488209724426,-0.6667551398277283,-0.1408776938915252
sentence-transformers/paraphrase-multilingual-mpnet-base-v2,ru,22,marker_pool,0.210178717970848,-0.2851608991622925,-0.4132293462753296,-0.7671818733215332
sentence-transformers/paraphrase-multilingual-mpnet-base-v2,ru,23,marker_pool,0.2059126943349838,-0.5402894616127014,-0.3317111134529114,-0.3237204551696777
sentence-transformers/paraphrase-multilingual-mpnet-base-v2,ru,24,marker_pool,0.2695205211639404,-0.5017468333244324,-0.4735126197338104,0.0011566545581445
sentence-transformers/paraphrase-multilingual-mpnet-base-v2,ru,25,marker_pool,0.1557480245828628,-0.2287395149469375,-0.6399175524711609,-0.0322415083646774
sentence-transformers/paraphrase-multilingual-mpnet-base-v2,ru,26,marker_pool,0.2627901434898376,-0.2908636331558227,-0.3106740117073059,-0.7012536525726318
sentence-transformers/paraphrase-multilingual-mpnet-base-v2,ru,27,marker_pool,0.3213308453559875,-0.2638102769851684,-0.2168451398611068,-0.6531612277030945
sentence-transformers/paraphrase-multilingual-mpnet-base-v2,ru,28,marker_pool,0.2699449062347412,-0.1125819981098175,-0.1066909506916999,-0.6444099545478821
sentence-transformers/paraphrase-multilingual-mpnet-base-v2,ru,29,marker_pool,0.3302927613258362,-0.1246295571327209,-0.6241366863250732,-0.554550290107727
sentence-transformers/paraphrase-multilingual-mpnet-base-v2,ru,30,marker_pool,0.1586491912603378,-0.3555087149143219,-0.258557379245758,-0.3761062324047088
sentence-transformers/paraphrase-multilingual-mpnet-base-v2,ru,31,marker_pool,0.2705610990524292,0.218685582280159,-0.8630841970443726,-0.0276848655194044
sentence-transformers/paraphrase-multilingual-mpnet-base-v2,ru,32,marker_pool,0.2651475071907043,-0.1528205126523971,-0.5643090009689331,-0.5199561715126038
sentence-transformers/paraphrase-multilingual-mpnet-base-v2,ru,33,marker_pool,0.3592494130134582,-0.0910859480500221,-0.4620077311992645,-0.7336028814315796
sentence-transformers/paraphrase-multilingual-mpnet-base-v2,ru,34,marker_pool,0.1401542723178863,-0.1456829011440277,-0.5049988627433777,-0.3858063817024231
sentence-transformers/paraphrase-multilingual-mpnet-base-v2,ru,35,marker_pool,0.103515587747097,0.1036408245563507,-0.547328770160675,-0.4999955892562866
sentence-transformers/paraphrase-multilingual-mpnet-base-v2,ru,36,marker_pool,0.2496035993099212,-0.4005283415317535,-0.7611315846443176,-0.3371638655662536
sentence-transformers/paraphrase-multilingual-mpnet-base-v2,ru,37,marker_pool,0.2548278272151947,0.0056029655970633,-0.4585548639297485,-0.7716482281684875
sentence-transformers/paraphrase-multilingual-mpnet-base-v2,ru,38,marker_pool,0.1572898030281067,-0.3268283903598785,-0.5013004541397095,-0.4091942012310028
sentence-transformers/paraphrase-multilingual-mpnet-base-v2,ru,39,marker_pool,0.2652405202388763,-0.1402983516454696,-0.6029630303382874,-0.2554363906383514
sentence-transformers/paraphrase-multilingual-mpnet-base-v2,ru,40,marker_pool,0.2246203422546386,-0.5454356670379639,-0.2886560261249542,-0.3871191740036011
sentence-transformers/paraphrase-multilingual-mpnet-base-v2,ru,41,marker_pool,0.3089106380939483,-0.037861417979002,-0.6152864694595337,-0.5076354742050171
sentence-transformers/paraphrase-multilingual-mpnet-base-v2,ru,42,marker_pool,0.3137062489986419,-0.4393519759178161,-0.7524720430374146,-0.2682966887950897
sentence-transformers/paraphrase-multilingual-mpnet-base-v2,ru,43,marker_pool,0.0896784886717796,-0.0225109867751598,-0.6512815952301025,-0.4805693328380584
sentence-transformers/paraphrase-multilingual-mpnet-base-v2,ru,44,marker_pool,0.086571954190731,-0.3001379370689392,-0.4231614172458648,-0.5802753567695618
sentence-transformers/paraphrase-multilingual-mpnet-base-v2,ru,45,marker_pool,0.0832405835390091,-0.4215512573719024,-0.4586321115493774,-0.1787987947463989
sentence-transformers/paraphrase-multilingual-mpnet-base-v2,ru,46,marker_pool,0.1079992353916168,-0.1661342233419418,-0.5233715176582336,-0.0714626833796501
sentence-transformers/paraphrase-multilingual-mpnet-base-v2,ru,47,marker_pool,0.0895273834466934,-0.3872767388820648,-0.2001777291297912,-0.5499514937400818
sentence-transformers/paraphrase-multilingual-mpnet-base-v2,ru,48,marker_pool,0.1483018398284912,-0.4654231071472168,-0.3481826484203338,-0.1617342084646225
sentence-transformers/paraphrase-multilingual-mpnet-base-v2,ru,49,marker_pool,0.2532565295696258,-0.4530664980411529,-0.4314332902431488,0.0955728366971015
sentence-transformers/paraphrase-multilingual-mpnet-base-v2,ru,50,marker_pool,0.1382890492677688,-0.2828623354434967,-0.356893390417099,-0.3770443201065063
sentence-transformers/paraphrase-multilingual-mpnet-base-v2,ru,51,marker_pool,0.2906352281570434,-0.4912755489349365,-0.4451635479927063,-0.0363565422594547
sentence-transformers/paraphrase-multilingual-mpnet-base-v2,ru,52,marker_pool,0.2679629921913147,-0.3984178602695465,-0.4196412563323974,-0.1514609158039093
sentence-transformers/paraphrase-multilingual-mpnet-base-v2,ru,53,marker_pool,0.2496423870325088,-0.4477973282337188,-0.3375688791275024,-0.2089712768793106
sentence-transformers/paraphrase-multilingual-mpnet-base-v2,ru,54,marker_pool,0.2055204510688781,-0.4728811085224151,-0.603777289390564,-0.3270482718944549
sentence-transformers/paraphrase-multilingual-mpnet-base-v2,ru,55,marker_pool,0.2209138125181198,-0.4615771770477295,-0.459766149520874,-0.1209253445267677
sentence-transformers/paraphrase-multilingual-mpnet-base-v2,ru,56,marker_pool,0.3575289845466614,-0.1411693841218948,-0.7294424772262573,-0.4057439267635345
sentence-transformers/paraphrase-multilingual-mpnet-base-v2,ru,57,marker_pool,0.0678026229143142,-0.3767322897911072,-0.4047036468982696,-0.5528625249862671
sentence-transformers/paraphrase-multilingual-mpnet-base-v2,ru,58,marker_pool,0.2521325349807739,-0.2443878501653671,-0.7411271929740906,-0.0470944121479988
sentence-transformers/paraphrase-multilingual-mpnet-base-v2,ru,59,marker_pool,0.2527945637702942,-0.1942418217658996,-0.3290961384773254,-0.683364748954773
sentence-transformers/paraphrase-multilingual-mpnet-base-v2,ru,60,marker_pool,0.1876157820224762,-0.1813270151615142,-0.7115934491157532,-0.3567860722541809
sentence-transformers/paraphrase-multilingual-mpnet-base-v2,ru,61,marker_pool,0.2442921996116638,-0.3190100193023681,-0.6456103324890137,-0.3049646019935608
sentence-transformers/paraphrase-multilingual-mpnet-base-v2,ru,62,marker_pool,0.2580911219120025,-0.2004480361938476,-0.3735641837120056,-0.6358019113540649
sentence-transformers/paraphrase-multilingual-mpnet-base-v2,ru,63,marker_pool,0.1970563530921936,-0.3641700148582458,-0.6073064208030701,-0.2944979965686798
sentence-transformers/paraphrase-multilingual-mpnet-base-v2,ru,64,marker_pool,0.2972573339939117,0.0275023616850376,-0.685867190361023,-0.4197115004062652
sentence-transformers/paraphrase-multilingual-mpnet-base-v2,ru,65,marker_pool,0.3122486770153045,-0.2276573181152343,-0.5706996917724609,-0.5720720291137695
sentence-transformers/paraphrase-multilingual-mpnet-base-v2,ru,66,marker_pool,0.1082972139120101,-0.0690211728215217,-0.4877975881099701,-0.5038180351257324
sentence-transformers/paraphrase-multilingual-mpnet-base-v2,ru,67,marker_pool,0.0986254662275314,-0.0764815732836723,-0.3867816925048828,-0.5748369097709656
sentence-transformers/paraphrase-multilingual-mpnet-base-v2,ru,68,marker_pool,0.1662770062685012,-0.1205767840147018,-0.4956733584403991,-0.6944248676300049
sentence-transformers/paraphrase-multilingual-mpnet-base-v2,ru,69,marker_pool,0.2351898103952407,-0.0681924819946289,-0.6371815800666809,-0.3673279285430908
sentence-transformers/paraphrase-multilingual-mpnet-base-v2,ru,70,marker_pool,0.3622955083847046,-0.3693268299102783,-0.7289208173751831,-0.3153012692928314
sentence-transformers/paraphrase-multilingual-mpnet-base-v2,ru,71,marker_pool,0.3052957952022552,-0.3944632709026336,-0.8008274435997009,-0.2368316054344177
sentence-transformers/paraphrase-multilingual-mpnet-base-v2,ru,72,marker_pool,0.1743508577346801,-0.3727743923664093,-0.6084428429603577,-0.4128205180168152
sentence-transformers/paraphrase-multilingual-mpnet-base-v2,ru,73,marker_pool,0.1620828211307525,-0.4414930939674377,-0.1543910354375839,-0.3512192070484161
sentence-transformers/paraphrase-multilingual-mpnet-base-v2,ru,74,marker_pool,0.0298560559749603,-0.0452023968100547,-0.3217138946056366,-0.5565747618675232
sentence-transformers/paraphrase-multilingual-mpnet-base-v2,ru,75,marker_pool,0.2734319269657135,-0.065610222518444,-0.6275637745857239,-0.2922277152538299
sentence-transformers/paraphrase-multilingual-mpnet-base-v2,ru,76,marker_pool,0.0778090357780456,-0.2937822043895721,-0.3214093744754791,-0.5212771892547607
sentence-transformers/paraphrase-multilingual-mpnet-base-v2,ru,77,marker_pool,0.2922139763832092,-0.4170049726963043,-0.5220993757247925,-0.5769087076187134
sentence-transformers/paraphrase-multilingual-mpnet-base-v2,ru,78,marker_pool,0.1929433047771453,-0.1430905014276504,-0.5838474035263062,-0.3127585053443908
sentence-transformers/paraphrase-multilingual-mpnet-base-v2,ru,79,marker_pool,0.2090963572263717,-0.2908579707145691,-0.6013769507408142,-0.4786326885223388
sentence-transformers/paraphrase-multilingual-mpnet-base-v2,ru,80,marker_pool,0.1997411102056503,-0.023476468399167,-0.6815571784973145,-0.3286172151565552
sentence-transformers/paraphrase-multilingual-mpnet-base-v2,ru,81,marker_pool,0.2089243680238723,-0.229078933596611,-0.6337368488311768,-0.3120569288730621
sentence-transformers/paraphrase-multilingual-mpnet-base-v2,ru,82,marker_pool,0.0873195901513099,-0.0079735228791832,-0.6173290014266968,-0.1955597847700119
sentence-transformers/paraphrase-multilingual-mpnet-base-v2,ru,83,marker_pool,0.2662141621112823,-0.1184989959001541,-0.5393738746643066,-0.3659027516841888
sentence-transformers/paraphrase-multilingual-mpnet-base-v2,ru,84,marker_pool,0.2327530682086944,-0.4192997813224792,-0.4200583100318908,-0.156300276517868
sentence-transformers/paraphrase-multilingual-mpnet-base-v2,ru,85,marker_pool,0.2084774374961853,-0.3283019363880157,-0.5826036930084229,-0.3739277422428131
sentence-transformers/paraphrase-multilingual-mpnet-base-v2,ru,86,marker_pool,0.324278175830841,-0.3663172721862793,-0.67857426404953,-0.251254141330719
sentence-transformers/paraphrase-multilingual-mpnet-base-v2,ru,87,marker_pool,0.2572577893733978,-0.1186200305819511,-0.6701145768165588,-0.1569245755672454
sentence-transformers/paraphrase-multilingual-mpnet-base-v2,ru,88,marker_pool,0.1618704944849014,-0.2921581864356994,-0.4962718784809112,-0.2950840592384338
sentence-transformers/paraphrase-multilingual-mpnet-base-v2,ru,89,marker_pool,0.0930157154798507,-0.386625587940216,-0.3998036980628967,-0.5771368741989136
sentence-transformers/paraphrase-multilingual-mpnet-base-v2,ru,90,marker_pool,0.1449000686407089,-0.2478645741939544,-0.6522595882415771,-0.1719107925891876
sentence-transformers/paraphrase-multilingual-mpnet-base-v2,ru,91,marker_pool,0.1613794863224029,-0.3925405442714691,-0.2061124742031097,-0.4753185212612152
sentence-transformers/paraphrase-multilingual-mpnet-base-v2,ru,92,marker_pool,0.2244451344013214,-0.1528837829828262,-0.7716493010520935,-0.4235575795173645
sentence-transformers/paraphrase-multilingual-mpnet-base-v2,ru,93,marker_pool,0.2088185846805572,-0.2757046520709991,-0.3583156764507293,-0.4351209700107574
sentence-transformers/paraphrase-multilingual-mpnet-base-v2,ru,94,marker_pool,0.25446218252182,0.054773461073637,-0.6100766062736511,-0.5060052871704102
sentence-transformers/paraphrase-multilingual-mpnet-base-v2,ru,95,marker_pool,0.303986132144928,-0.37592613697052,-0.5885527729988098,-0.1357804983854293
sentence-transformers/paraphrase-multilingual-mpnet-base-v2,ru,96,marker_pool,0.3339599668979645,-0.1555576175451278,-0.5102995038032532,-0.5816365480422974
sentence-transformers/paraphrase-multilingual-mpnet-base-v2,ru,97,marker_pool,0.1671577990055084,-0.3671095073223114,-0.5678027272224426,-0.5587949156761169
sentence-transformers/paraphrase-multilingual-mpnet-base-v2,ru,98,marker_pool,0.0312354527413845,-0.0652023032307624,-0.403436928987503,-0.4181273281574249
sentence-transformers/paraphrase-multilingual-mpnet-base-v2,ru,99,marker_pool,0.1501305401325225,-0.2389232367277145,-0.3809878528118133,-0.3551913797855377
sentence-transformers/paraphrase-multilingual-mpnet-base-v2,ru,100,marker_pool,0.3491795361042022,-0.2689330577850342,-0.6604798436164856,-0.3081469237804413
sentence-transformers/paraphrase-multilingual-mpnet-base-v2,ru,101,marker_pool,0.3087403178215027,-0.3649170100688934,-0.7991096377372742,-0.2156067341566085
sentence-transformers/paraphrase-multilingual-mpnet-base-v2,ru,102,marker_pool,0.2457766830921173,-0.3898264467716217,-0.2842499613761902,-0.3376460075378418
sentence-transformers/paraphrase-multilingual-mpnet-base-v2,ru,103,marker_pool,0.2811598479747772,-0.3119526505470276,-0.7132501602172852,-0.1587414592504501
sentence-transformers/paraphrase-multilingual-mpnet-base-v2,ru,104,marker_pool,0.2807858288288116,-0.0809772461652755,-0.4551792740821838,-0.47713702917099
sentence-transformers/paraphrase-multilingual-mpnet-base-v2,ru,105,marker_pool,0.3085642457008362,-0.0739099010825157,-0.6683820486068726,-0.1581929475069046
sentence-transformers/paraphrase-multilingual-mpnet-base-v2,ru,106,marker_pool,0.1542337238788604,-0.2079310864210128,-0.5673431754112244,-0.4053987860679626
sentence-transformers/paraphrase-multilingual-mpnet-base-v2,ru,107,marker_pool,0.0698602348566055,-0.1585106402635574,-0.3757822513580322,-0.4857915043830871
sentence-transformers/paraphrase-multilingual-mpnet-base-v2,ru,108,marker_pool,0.1704984903335571,-0.0845413357019424,-0.2321433126926422,-0.3882604539394378
sentence-transformers/paraphrase-multilingual-mpnet-base-v2,ru,109,marker_pool,0.2128278464078903,-0.1945647895336151,-0.5676453113555908,-0.4935347139835357
sentence-transformers/paraphrase-multilingual-mpnet-base-v2,ru,110,marker_pool,0.2010388076305389,-0.3151386976242065,-0.3290454745292663,0.0109951812773942
sentence-transformers/paraphrase-multilingual-mpnet-base-v2,ru,111,marker_pool,0.0710932612419128,-0.4725497364997864,-0.467203825712204,-0.4605205953121185
sentence-transformers/paraphrase-multilingual-mpnet-base-v2,ru,112,marker_pool,0.2701286375522613,-0.1798328757286071,-0.4589152634143829,-0.320537805557251
sentence-transformers/paraphrase-multilingual-mpnet-base-v2,ru,113,marker_pool,0.1452649384737014,-0.1094259470701217,-0.6116418242454529,-0.4905405342578888
sentence-transformers/paraphrase-multilingual-mpnet-base-v2,ru,114,marker_pool,0.0492547675967216,-0.207105666399002,-0.3725852072238922,-0.4755870699882507
sentence-transformers/paraphrase-multilingual-mpnet-base-v2,ru,115,marker_pool,0.2619641125202179,-0.400937557220459,-0.43314990401268,-0.3022245168685913
sentence-transformers/paraphrase-multilingual-mpnet-base-v2,ru,116,marker_pool,0.1931625604629516,-0.1377556174993515,-0.4316030740737915,-0.5293770432472229
sentence-transformers/paraphrase-multilingual-mpnet-base-v2,ru,117,marker_pool,0.09021907299757,-0.1002810224890708,-0.3891398012638092,-0.4448556900024414
sentence-transformers/paraphrase-multilingual-mpnet-base-v2,ru,118,marker_pool,0.3058301210403442,-0.5100006461143494,-0.4821440577507019,-0.0424877703189849
sentence-transformers/paraphrase-multilingual-mpnet-base-v2,ru,119,marker_pool,0.1087503656744957,-0.4308210909366607,-0.357787013053894,-0.6352819204330444
sentence-transformers/paraphrase-multilingual-mpnet-base-v2,ru,120,marker_pool,0.2732148468494415,-0.235410138964653,-0.7535426616668701,-0.3634434044361114
sentence-transformers/paraphrase-multilingual-mpnet-base-v2,ru,121,marker_pool,0.2970506548881531,-0.4735815227031708,-0.6217713952064514,-0.1926555335521698
sentence-transformers/paraphrase-multilingual-mpnet-base-v2,ru,122,marker_pool,0.1718893200159073,-0.204887717962265,-0.4649011492729187,-0.8166133165359497
sentence-transformers/paraphrase-multilingual-mpnet-base-v2,ru,123,marker_pool,0.2729405760765075,-0.43594890832901,-0.4888086915016174,-0.6003778576850891
sentence-transformers/paraphrase-multilingual-mpnet-base-v2,ru,124,marker_pool,0.1730800122022628,-0.2481860965490341,-0.5377544164657593,-0.6047248244285583
sentence-transformers/paraphrase-multilingual-mpnet-base-v2,ru,125,marker_pool,0.1430102288722992,-0.3023480176925659,-0.5812689065933228,-0.3813028335571289
sentence-transformers/paraphrase-multilingual-mpnet-base-v2,ru,126,marker_pool,0.20405974984169,-0.4866638481616974,-0.2477746754884719,-0.2998007237911224
sentence-transformers/paraphrase-multilingual-mpnet-base-v2,ru,127,marker_pool,0.2997827231884002,-0.2166054397821426,-0.3545481264591217,-0.617523729801178
sentence-transformers/paraphrase-multilingual-mpnet-base-v2,ru,128,marker_pool,0.1600868254899978,-0.4936723113059997,-0.0586618855595588,-0.5172193646430969
sentence-transformers/paraphrase-multilingual-mpnet-base-v2,ru,129,marker_pool,0.2977153956890106,-0.1453777998685836,-0.8042775988578796,-0.1745581030845642
sentence-transformers/paraphrase-multilingual-mpnet-base-v2,ru,130,marker_pool,0.3028191924095154,0.0293459594249725,-0.5843120217323303,-0.0772715434432029
sentence-transformers/paraphrase-multilingual-mpnet-base-v2,ru,131,marker_pool,0.063755877315998,-0.5312955379486084,-0.3213934898376465,-0.703332781791687
sentence-transformers/paraphrase-multilingual-mpnet-base-v2,ru,132,marker_pool,0.0694405287504196,-0.1540872603654861,-0.5938933491706848,-0.4132321774959564
sentence-transformers/paraphrase-multilingual-mpnet-base-v2,ru,133,marker_pool,0.1173452138900756,-0.2347524613142013,-0.4655717313289642,-0.5980223417282104
sentence-transformers/paraphrase-multilingual-mpnet-base-v2,ru,134,marker_pool,0.1783137023448944,-0.2015272229909896,-0.4287039935588836,-0.5885934233665466
sentence-transformers/paraphrase-multilingual-mpnet-base-v2,ru,135,marker_pool,0.3030695021152496,0.012442348524928,-0.8217061161994934,-0.1783565133810043
sentence-transformers/paraphrase-multilingual-mpnet-base-v2,ru,136,marker_pool,0.1227243468165397,-0.29936084151268,-0.5779477953910828,-0.2402322739362716
sentence-transformers/paraphrase-multilingual-mpnet-base-v2,ru,137,marker_pool,0.261549711227417,-0.2168053090572357,-0.5065253376960754,-0.5697469115257263
sentence-transformers/paraphrase-multilingual-mpnet-base-v2,ru,138,marker_pool,0.1976433098316192,-0.3915501832962036,-0.4347265064716339,-0.1173181980848312
sentence-transformers/paraphrase-multilingual-mpnet-base-v2,ru,139,marker_pool,0.229021355509758,-0.2700839936733246,-0.6116514801979065,-0.2673611938953399
sentence-transformers/paraphrase-multilingual-mpnet-base-v2,ru,140,marker_pool,0.1187957152724266,-0.4786428809165954,-0.3968167304992676,-0.2320747226476669
sentence-transformers/paraphrase-multilingual-mpnet-base-v2,ru,141,marker_pool,0.2927132248878479,-0.2933928370475769,-0.6799521446228027,-0.0360979102551937
sentence-transformers/paraphrase-multilingual-mpnet-base-v2,ru,142,marker_pool,0.1535139232873916,-0.1182099133729934,-0.5229949951171875,-0.6568554043769836
sentence-transformers/paraphrase-multilingual-mpnet-base-v2,ru,143,marker_pool,0.0873922407627105,-0.0170390550047159,-0.5084390044212341,-0.2770774960517883
sentence-transformers/paraphrase-multilingual-mpnet-base-v2,ru,144,marker_pool,0.1970046758651733,-0.4941970109939575,-0.5356648564338684,-0.2618525326251983
sentence-transformers/paraphrase-multilingual-mpnet-base-v2,ru,145,marker_pool,0.3351288735866546,-0.1629755795001983,-0.7031010985374451,-0.2377621233463287
sentence-transformers/paraphrase-multilingual-mpnet-base-v2,ru,146,marker_pool,0.2143510580062866,-0.361207365989685,-0.5915858149528503,-0.1890521496534347
sentence-transformers/paraphrase-multilingual-mpnet-base-v2,ru,147,marker_pool,0.153495192527771,-0.1173890009522438,-0.5724440813064575,-0.2776275277137756
sentence-transformers/paraphrase-multilingual-mpnet-base-v2,ru,148,marker_pool,0.042885884642601,-0.3628944158554077,-0.3009554147720337,-0.3989529311656952
sentence-transformers/paraphrase-multilingual-mpnet-base-v2,ru,149,marker_pool,0.3357123136520386,-0.4876612424850464,-0.668000340461731,-0.0447465516626834
sentence-transformers/paraphrase-multilingual-mpnet-base-v2,ru,150,marker_pool,0.1183820068836212,-0.2651488780975342,-0.4972604215145111,-0.44644495844841
sentence-transformers/paraphrase-multilingual-mpnet-base-v2,ru,151,marker_pool,0.1308186799287796,-0.4169126749038696,-0.3920617699623108,-0.3228442072868347
sentence-transformers/paraphrase-multilingual-mpnet-base-v2,ru,152,marker_pool,0.0650319010019302,-0.1561251282691955,-0.4082598984241485,-0.4454803764820099
sentence-transformers/paraphrase-multilingual-mpnet-base-v2,ru,153,marker_pool,0.1695086508989334,-0.1771492511034011,-0.1181361228227615,-0.6122386455535889
sentence-transformers/paraphrase-multilingual-mpnet-base-v2,ru,154,marker_pool,0.0473865196108818,-0.2682984471321106,-0.2417830973863601,-0.4882378876209259
sentence-transformers/paraphrase-multilingual-mpnet-base-v2,ru,155,marker_pool,0.2817324995994568,-0.3236615061759949,-0.5980991125106812,-0.6017165780067444
sentence-transformers/paraphrase-multilingual-mpnet-base-v2,ru,156,marker_pool,0.1685525774955749,-0.0010158030781894,-0.5599327087402344,-0.4887275695800781
sentence-transformers/paraphrase-multilingual-mpnet-base-v2,ru,157,marker_pool,0.165842205286026,-0.3786149322986603,-0.3614119291305542,-0.1593354344367981
sentence-transformers/paraphrase-multilingual-mpnet-base-v2,ru,158,marker_pool,0.0625351071357727,-0.1366442441940307,-0.2522548139095306,-0.4630375206470489
sentence-transformers/paraphrase-multilingual-mpnet-base-v2,ru,159,marker_pool,0.2381161451339721,-0.2524473369121551,-0.5143068432807922,-0.34723562002182
sentence-transformers/paraphrase-multilingual-mpnet-base-v2,zh,0,marker_pool,0.108074739575386,-0.4144161641597748,-0.8822234869003296,-0.6259639263153076
sentence-transformers/paraphrase-multilingual-mpnet-base-v2,zh,1,marker_pool,0.1664790511131286,-0.372328907251358,-0.8883839845657349,-0.5337108373641968
sentence-transformers/paraphrase-multilingual-mpnet-base-v2,zh,2,marker_pool,0.1040477380156517,-0.447965145111084,-0.8311847448348999,-0.6208568811416626
sentence-transformers/paraphrase-multilingual-mpnet-base-v2,zh,3,marker_pool,0.1786110550165176,-0.3894699513912201,-0.9050576686859132,-0.6006397008895874
sentence-transformers/paraphrase-multilingual-mpnet-base-v2,zh,4,marker_pool,0.1477328389883041,-0.5830817222595215,-0.961886465549469,0.0897831842303276
sentence-transformers/paraphrase-multilingual-mpnet-base-v2,zh,5,marker_pool,0.1670344322919845,-0.404542475938797,-0.7551373243331909,-0.5084698796272278
sentence-transformers/paraphrase-multilingual-mpnet-base-v2,zh,6,marker_pool,0.1160942539572715,-0.4650433957576751,-0.8842317461967468,-0.5940632820129395
sentence-transformers/paraphrase-multilingual-mpnet-base-v2,zh,7,marker_pool,0.3572390079498291,-0.4562956690788269,-0.6948358416557312,0.0787768065929412
sentence-transformers/paraphrase-multilingual-mpnet-base-v2,zh,8,marker_pool,0.0878561362624168,-0.5006932616233826,-0.8508578538894653,-0.5722548365592957
sentence-transformers/paraphrase-multilingual-mpnet-base-v2,zh,9,marker_pool,0.154195636510849,-0.4438737332820892,-0.8212510347366333,-0.55811607837677
sentence-transformers/paraphrase-multilingual-mpnet-base-v2,zh,10,marker_pool,0.1167345270514488,-0.3771951794624328,-0.8871822357177734,-0.6647356152534485
sentence-transformers/paraphrase-multilingual-mpnet-base-v2,zh,11,marker_pool,0.2188937216997146,-0.6886281967163086,-0.879629373550415,0.2253788262605667
sentence-transformers/paraphrase-multilingual-mpnet-base-v2,zh,12,marker_pool,0.153213083744049,-0.4765746295452118,-0.8728843927383423,-0.8518327474594116
sentence-transformers/paraphrase-multilingual-mpnet-base-v2,zh,13,marker_pool,0.1550890505313873,-0.4447198808193207,-0.8156106472015381,-0.5777699947357178
sentence-transformers/paraphrase-multilingual-mpnet-base-v2,zh,14,marker_pool,0.1088659688830375,-0.4353965520858764,-0.8318445682525635,-0.6664057970046997
sentence-transformers/paraphrase-multilingual-mpnet-base-v2,zh,15,marker_pool,0.0806895419955253,-0.4664031267166137,-0.8661662936210632,-0.6140797734260559
sentence-transformers/paraphrase-multilingual-mpnet-base-v2,zh,16,marker_pool,0.2009419500827789,-0.6039748191833496,-0.8967345952987671,-0.0033506797626614
sentence-transformers/paraphrase-multilingual-mpnet-base-v2,zh,17,marker_pool,0.1314051300287246,-0.388618141412735,-0.874036431312561,-0.6475100517272949
sentence-transformers/paraphrase-multilingual-mpnet-base-v2,zh,18,marker_pool,0.1372162699699401,-0.4867335855960846,-0.8441998958587646,-0.8623244166374207
sentence-transformers/paraphrase-multilingual-mpnet-base-v2,zh,19,marker_pool,0.1301384419202804,-0.4341556131839752,-0.758208155632019,-0.6205862164497375
sentence-transformers/paraphrase-multilingual-mpnet-base-v2,zh,20,marker_pool,0.080513134598732,-0.410344123840332,-0.8846766948699951,-0.624478280544281
sentence-transformers/paraphrase-multilingual-mpnet-base-v2,zh,21,marker_pool,0.3311072885990143,-0.5304833054542542,-0.8472479581832886,0.0091564571484923
sentence-transformers/paraphrase-multilingual-mpnet-base-v2,zh,22,marker_pool,0.1366990357637405,-0.4592694044113159,-0.8089734315872192,-0.7367166876792908
sentence-transformers/paraphrase-multilingual-mpnet-base-v2,zh,23,marker_pool,0.1010498479008674,-0.3730995655059814,-0.8691429495811462,-0.6530802845954895
sentence-transformers/paraphrase-multilingual-mpnet-base-v2,zh,24,marker_pool,0.215077593922615,-0.4034757912158966,-0.8651650547981262,-0.6917701959609985
sentence-transformers/paraphrase-multilingual-mpnet-base-v2,zh,25,marker_pool,0.116617739200592,-0.4005773663520813,-0.847359299659729,-0.5603867769241333
sentence-transformers/paraphrase-multilingual-mpnet-base-v2,zh,26,marker_pool,0.1996670812368393,-0.5005875825881958,-0.783332347869873,-0.3358851969242096
sentence-transformers/paraphrase-multilingual-mpnet-base-v2,zh,27,marker_pool,0.2291968464851379,-0.4104643166065216,-0.7339287996292114,-0.6168054342269897
sentence-transformers/paraphrase-multilingual-mpnet-base-v2,zh,28,marker_pool,0.1034767031669616,-0.4084238708019256,-0.8989182710647583,-0.7548016309738159
sentence-transformers/paraphrase-multilingual-mpnet-base-v2,zh,29,marker_pool,0.1798387467861175,-0.3690042197704315,-0.7854584455490112,-0.5467406511306763
sentence-transformers/paraphrase-multilingual-mpnet-base-v2,zh,30,marker_pool,0.1369687169790268,-0.4549845159053802,-0.8917507529258728,-0.6565520763397217
sentence-transformers/paraphrase-multilingual-mpnet-base-v2,zh,31,marker_pool,0.2482852935791015,-0.5585788488388062,-0.9244276881217957,0.253299206495285
sentence-transformers/paraphrase-multilingual-mpnet-base-v2,zh,32,marker_pool,0.1200123950839042,-0.4410285651683807,-0.902995228767395,-0.7087864279747009
sentence-transformers/paraphrase-multilingual-mpnet-base-v2,zh,33,marker_pool,0.0893881916999816,-0.3909595608711242,-0.862898051738739,-0.6174176931381226
sentence-transformers/paraphrase-multilingual-mpnet-base-v2,zh,34,marker_pool,0.0583163499832153,-0.4233200848102569,-0.8768026232719421,-0.6091309189796448
sentence-transformers/paraphrase-multilingual-mpnet-base-v2,zh,35,marker_pool,0.0701809078454971,-0.4471076130867004,-0.8724522590637207,-0.584027111530304
sentence-transformers/paraphrase-multilingual-mpnet-base-v2,zh,36,marker_pool,0.1553959399461746,-0.4263340830802917,-0.7565493583679199,-0.5251417756080627
sentence-transformers/paraphrase-multilingual-mpnet-base-v2,zh,37,marker_pool,0.1480104327201843,-0.4790077209472656,-0.8742048144340515,-0.6681060194969177
sentence-transformers/paraphrase-multilingual-mpnet-base-v2,zh,38,marker_pool,0.1071458011865615,-0.4293479323387146,-0.8515987396240234,-0.5828909873962402
sentence-transformers/paraphrase-multilingual-mpnet-base-v2,zh,39,marker_pool,0.1386162638664245,-0.412308931350708,-0.8430370092391968,-0.6320932507514954
sentence-transformers/paraphrase-multilingual-mpnet-base-v2,zh,40,marker_pool,0.1355595141649246,-0.4777951240539551,-0.7575998306274414,-0.6579002141952515
sentence-transformers/paraphrase-multilingual-mpnet-base-v2,zh,41,marker_pool,0.1033053696155548,-0.3936345279216766,-0.8635909557342529,-0.6702718734741211
sentence-transformers/paraphrase-multilingual-mpnet-base-v2,zh,42,marker_pool,0.2816813290119171,-0.5297638773918152,-0.8190465569496155,0.2865000665187835
sentence-transformers/paraphrase-multilingual-mpnet-base-v2,zh,43,marker_pool,0.1257842481136322,-0.4534390568733215,-0.8018189072608948,-0.6105097532272339
sentence-transformers/paraphrase-multilingual-mpnet-base-v2,zh,44,marker_pool,0.1096638292074203,-0.5691186785697937,-0.8074670433998108,-0.467551976442337
sentence-transformers/paraphrase-multilingual-mpnet-base-v2,zh,45,marker_pool,0.1614504158496856,-0.4709500968456268,-0.8038175702095032,-0.573178768157959
sentence-transformers/paraphrase-multilingual-mpnet-base-v2,zh,46,marker_pool,0.1036879196763038,-0.4351941347122192,-0.9263021945953368,-0.7605820298194885
sentence-transformers/paraphrase-multilingual-mpnet-base-v2,zh,47,marker_pool,0.0974050462245941,-0.4429642558097839,-0.8924197554588318,-0.6833934187889099
sentence-transformers/paraphrase-multilingual-mpnet-base-v2,zh,48,marker_pool,0.156804159283638,-0.4369855225086212,-0.8897832036018372,-0.6197327971458435
sentence-transformers/paraphrase-multilingual-mpnet-base-v2,zh,49,marker_pool,0.1600859314203262,-0.381784439086914,-0.9034247994422911,-0.5507550835609436
sentence-transformers/paraphrase-multilingual-mpnet-base-v2,zh,50,marker_pool,0.137992650270462,-0.4921859502792358,-0.8445575833320618,-0.7488663196563721
sentence-transformers/paraphrase-multilingual-mpnet-base-v2,zh,51,marker_pool,0.1223871633410453,-0.4218051433563232,-0.8131152987480164,-0.5938495993614197
sentence-transformers/paraphrase-multilingual-mpnet-base-v2,zh,52,marker_pool,0.1654814928770065,-0.4272748529911041,-0.8934810161590576,-0.7958027720451355
sentence-transformers/paraphrase-multilingual-mpnet-base-v2,zh,53,marker_pool,0.1298497915267944,-0.3675222396850586,-0.8065907955169678,-0.5841159224510193
sentence-transformers/paraphrase-multilingual-mpnet-base-v2,zh,54,marker_pool,0.087053433060646,-0.512637197971344,-0.9001164436340332,-0.6276079416275024
sentence-transformers/paraphrase-multilingual-mpnet-base-v2,zh,55,marker_pool,0.1550281196832656,-0.3818264901638031,-0.8376390933990479,-0.5912022590637207
sentence-transformers/paraphrase-multilingual-mpnet-base-v2,zh,56,marker_pool,0.1562472283840179,-0.3915503323078155,-0.8140276074409485,-0.6153837442398071
sentence-transformers/paraphrase-multilingual-mpnet-base-v2,zh,57,marker_pool,0.1728831827640533,-0.4544104635715484,-0.814179003238678,-0.5432223081588745
sentence-transformers/paraphrase-multilingual-mpnet-base-v2,zh,58,marker_pool,0.1303613632917404,-0.4155952632427215,-0.8925653696060181,-0.5121602416038513
sentence-transformers/paraphrase-multilingual-mpnet-base-v2,zh,59,marker_pool,0.0765987783670425,-0.4181148707866668,-0.8894469738006592,-0.6626805067062378
sentence-transformers/paraphrase-multilingual-mpnet-base-v2,zh,60,marker_pool,0.2126097679138183,-0.3557442128658294,-0.8251309990882874,-0.626567006111145
sentence-transformers/paraphrase-multilingual-mpnet-base-v2,zh,61,marker_pool,0.321924090385437,-0.5582957863807678,-0.7984029650688171,0.0092222699895501
sentence-transformers/paraphrase-multilingual-mpnet-base-v2,zh,62,marker_pool,0.1793299615383148,-0.5460377931594849,-0.7985810041427612,-0.7289291024208069
sentence-transformers/paraphrase-multilingual-mpnet-base-v2,zh,63,marker_pool,0.2261159271001815,-0.3889770805835724,-0.7240903973579407,-0.5409033298492432
sentence-transformers/paraphrase-multilingual-mpnet-base-v2,zh,64,marker_pool,0.0845228284597396,-0.4580250680446625,-0.8016225695610046,-0.5714018940925598
sentence-transformers/paraphrase-multilingual-mpnet-base-v2,zh,65,marker_pool,0.1078168526291847,-0.4762780666351318,-0.8423137068748474,-0.5689135193824768
sentence-transformers/paraphrase-multilingual-mpnet-base-v2,zh,66,marker_pool,0.0886231735348701,-0.492824912071228,-0.8485656976699829,-0.6180382966995239
sentence-transformers/paraphrase-multilingual-mpnet-base-v2,zh,67,marker_pool,0.1957300305366516,-0.5235006809234619,-0.7693520188331604,-0.3238571286201477
sentence-transformers/paraphrase-multilingual-mpnet-base-v2,zh,68,marker_pool,0.1130724176764488,-0.3733518123626709,-0.8822922110557556,-0.7064617872238159
sentence-transformers/paraphrase-multilingual-mpnet-base-v2,zh,69,marker_pool,0.0947566479444503,-0.4781481623649597,-0.8055669665336609,-0.566482663154602
sentence-transformers/paraphrase-multilingual-mpnet-base-v2,zh,70,marker_pool,0.3179190456867218,-0.5910089015960693,-0.9039222598075868,0.1774219125509262
sentence-transformers/paraphrase-multilingual-mpnet-base-v2,zh,71,marker_pool,0.1442207545042038,-0.4643522799015045,-0.9012295603752136,-0.5527408123016357
sentence-transformers/paraphrase-multilingual-mpnet-base-v2,zh,72,marker_pool,0.1551863253116607,-0.405095487833023,-0.8881576061248779,-0.7624452114105225
sentence-transformers/paraphrase-multilingual-mpnet-base-v2,zh,73,marker_pool,0.1870614886283874,-0.3425310254096985,-0.785509467124939,-0.6033960580825806
sentence-transformers/paraphrase-multilingual-mpnet-base-v2,zh,74,marker_pool,0.0991433188319206,-0.4305020868778229,-0.8606119751930237,-0.7188550233840942
sentence-transformers/paraphrase-multilingual-mpnet-base-v2,zh,75,marker_pool,0.114766426384449,-0.4136422276496887,-0.8176698684692383,-0.6955201625823975
sentence-transformers/paraphrase-multilingual-mpnet-base-v2,zh,76,marker_pool,0.1103278771042823,-0.4376174509525299,-0.923410177230835,-0.5764474868774414
sentence-transformers/paraphrase-multilingual-mpnet-base-v2,zh,77,marker_pool,0.3349598348140716,-0.5868838429450989,-0.7804558873176575,0.1263109445571899
sentence-transformers/paraphrase-multilingual-mpnet-base-v2,zh,78,marker_pool,0.1111074835062027,-0.4112631678581238,-0.916124165058136,-0.6896702647209167
sentence-transformers/paraphrase-multilingual-mpnet-base-v2,zh,79,marker_pool,0.0976308733224868,-0.4948769509792328,-0.8153753876686096,-0.5946005582809448
sentence-transformers/paraphrase-multilingual-mpnet-base-v2,zh,80,marker_pool,0.2200003713369369,-0.5579913258552551,-0.7103286981582642,-0.2968868613243103
sentence-transformers/paraphrase-multilingual-mpnet-base-v2,zh,81,marker_pool,0.198764756321907,-0.4897210597991943,-0.8403480648994446,-0.6890901923179626
sentence-transformers/paraphrase-multilingual-mpnet-base-v2,zh,82,marker_pool,0.0726186037063598,-0.4285730123519897,-0.8663063049316406,-0.5835590958595276
sentence-transformers/paraphrase-multilingual-mpnet-base-v2,zh,83,marker_pool,0.1005235910415649,-0.4887118637561798,-0.8457971811294556,-0.638213574886322
sentence-transformers/paraphrase-multilingual-mpnet-base-v2,zh,84,marker_pool,0.1097839698195457,-0.4961588680744171,-0.79475998878479,-0.606514036655426
sentence-transformers/paraphrase-multilingual-mpnet-base-v2,zh,85,marker_pool,0.0895669162273407,-0.4223298728466034,-0.8412145376205444,-0.6510828733444214
sentence-transformers/paraphrase-multilingual-mpnet-base-v2,zh,86,marker_pool,0.124643474817276,-0.622269332408905,-0.7737202048301697,-0.393593430519104
sentence-transformers/paraphrase-multilingual-mpnet-base-v2,zh,87,marker_pool,0.1231540292501449,-0.5213418006896973,-0.9151354432106018,-0.3946385085582733
sentence-transformers/paraphrase-multilingual-mpnet-base-v2,zh,88,marker_pool,0.1138716861605644,-0.4427738487720489,-0.7902258038520813,-0.3301344215869903
sentence-transformers/paraphrase-multilingual-mpnet-base-v2,zh,89,marker_pool,0.183476522564888,-0.3528292179107666,-0.8586685657501221,-0.64816814661026
sentence-transformers/paraphrase-multilingual-mpnet-base-v2,zh,90,marker_pool,0.2333079278469085,-0.4345080554485321,-0.8454327583312988,0.0333214700222015
sentence-transformers/paraphrase-multilingual-mpnet-base-v2,zh,91,marker_pool,0.1231432482600212,-0.4600806534290313,-0.7817752361297607,-0.6198149919509888
sentence-transformers/paraphrase-multilingual-mpnet-base-v2,zh,92,marker_pool,0.2880093157291412,-0.5873939394950867,-0.8863656520843506,0.233766108751297
sentence-transformers/paraphrase-multilingual-mpnet-base-v2,zh,93,marker_pool,0.0800763890147209,-0.4607050120830536,-0.8561884164810181,-0.5837484002113342
sentence-transformers/paraphrase-multilingual-mpnet-base-v2,zh,94,marker_pool,0.0723433047533035,-0.4186825156211853,-0.8285841941833496,-0.6013278961181641
sentence-transformers/paraphrase-multilingual-mpnet-base-v2,zh,95,marker_pool,0.138963982462883,-0.5637520551681519,-0.8092222213745117,-0.2889744341373443
sentence-transformers/paraphrase-multilingual-mpnet-base-v2,zh,96,marker_pool,0.1437773406505584,-0.4785444736480713,-0.8769281506538391,-0.6816452741622925
sentence-transformers/paraphrase-multilingual-mpnet-base-v2,zh,97,marker_pool,0.1236724108457565,-0.4920980334281921,-0.7885695099830627,-0.6397368907928467
sentence-transformers/paraphrase-multilingual-mpnet-base-v2,zh,98,marker_pool,0.1127953305840492,-0.4006988406181335,-0.8634722232818604,-0.6065847277641296
sentence-transformers/paraphrase-multilingual-mpnet-base-v2,zh,99,marker_pool,0.1341375112533569,-0.5302424430847168,-0.7633442282676697,-0.4828093647956848
sentence-transformers/paraphrase-multilingual-mpnet-base-v2,zh,100,marker_pool,0.1260074973106384,-0.4792603552341461,-0.8064926862716675,-0.7395663261413574
sentence-transformers/paraphrase-multilingual-mpnet-base-v2,zh,101,marker_pool,0.1617255359888076,-0.4135474264621734,-0.8436641097068787,-0.6323079466819763
sentence-transformers/paraphrase-multilingual-mpnet-base-v2,zh,102,marker_pool,0.1694821864366531,-0.4570257365703583,-0.8883844017982483,-0.4120603203773498
sentence-transformers/paraphrase-multilingual-mpnet-base-v2,zh,103,marker_pool,0.1637416332960128,-0.4360363185405731,-0.7975608110427856,-0.4876374304294586
sentence-transformers/paraphrase-multilingual-mpnet-base-v2,zh,104,marker_pool,0.1909684836864471,-0.3983075022697449,-0.7656303644180298,-0.5979124903678894
sentence-transformers/paraphrase-multilingual-mpnet-base-v2,zh,105,marker_pool,0.0707385465502739,-0.4305746555328369,-0.9288551807403564,-0.520657479763031
sentence-transformers/paraphrase-multilingual-mpnet-base-v2,zh,106,marker_pool,0.2961512207984924,-0.6158096790313721,-0.7826299071311951,0.1946126073598861
sentence-transformers/paraphrase-multilingual-mpnet-base-v2,zh,107,marker_pool,0.124369628727436,-0.451478362083435,-0.8108503222465515,-0.5392374992370605
sentence-transformers/paraphrase-multilingual-mpnet-base-v2,zh,108,marker_pool,0.0849256664514541,-0.4479350447654724,-0.8066584467887878,-0.5663484334945679
sentence-transformers/paraphrase-multilingual-mpnet-base-v2,zh,109,marker_pool,0.0724137052893638,-0.4180084466934204,-0.9185041785240172,-0.6371264457702637
sentence-transformers/paraphrase-multilingual-mpnet-base-v2,zh,110,marker_pool,0.0567174591124057,-0.486979067325592,-0.8711327314376831,-0.5592145919799805
sentence-transformers/paraphrase-multilingual-mpnet-base-v2,zh,111,marker_pool,0.101846233010292,-0.4120065867900848,-0.9312629103660583,-0.7661057114601135
sentence-transformers/paraphrase-multilingual-mpnet-base-v2,zh,112,marker_pool,0.1271423250436782,-0.398818701505661,-0.9277232885360718,-0.6227730512619019
sentence-transformers/paraphrase-multilingual-mpnet-base-v2,zh,113,marker_pool,0.1490774899721145,-0.4111498594284057,-0.8843085765838623,-0.6956573128700256
sentence-transformers/paraphrase-multilingual-mpnet-base-v2,zh,114,marker_pool,0.1036343798041343,-0.6256301999092102,-0.9255781173706056,-0.0076295710168778
sentence-transformers/paraphrase-multilingual-mpnet-base-v2,zh,115,marker_pool,0.1108789592981338,-0.4774837493896484,-0.891917884349823,-0.7007038593292236
sentence-transformers/paraphrase-multilingual-mpnet-base-v2,zh,116,marker_pool,0.1210210546851158,-0.3950763344764709,-0.9143478274345398,-0.6435877680778503
sentence-transformers/paraphrase-multilingual-mpnet-base-v2,zh,117,marker_pool,0.1881806999444961,-0.5630201697349548,-0.8028168678283691,-0.7696776390075684
sentence-transformers/paraphrase-multilingual-mpnet-base-v2,zh,118,marker_pool,0.1648087054491043,-0.421118825674057,-0.9013113975524902,-0.6156691312789917
sentence-transformers/paraphrase-multilingual-mpnet-base-v2,zh,119,marker_pool,0.1258914172649383,-0.4379542469978332,-0.8113592863082886,-0.7155295610427856
sentence-transformers/paraphrase-multilingual-mpnet-base-v2,zh,120,marker_pool,0.2291894108057022,-0.418831318616867,-0.8480098247528076,-0.4208237826824188
sentence-transformers/paraphrase-multilingual-mpnet-base-v2,zh,121,marker_pool,0.1503385305404663,-0.3858894109725952,-0.8615930676460266,-0.6255784034729004
sentence-transformers/paraphrase-multilingual-mpnet-base-v2,zh,122,marker_pool,0.1454208642244339,-0.4626915454864502,-0.8930747509002686,-0.5506067872047424
sentence-transformers/paraphrase-multilingual-mpnet-base-v2,zh,123,marker_pool,0.1240827217698097,-0.4276522397994995,-0.8157142400741577,-0.6034561395645142
sentence-transformers/paraphrase-multilingual-mpnet-base-v2,zh,124,marker_pool,0.3147063851356506,-0.487224817276001,-0.6539310216903687,0.0246603731065988
sentence-transformers/paraphrase-multilingual-mpnet-base-v2,zh,125,marker_pool,0.1453608274459839,-0.3747278451919555,-0.90481299161911,-0.670299232006073
sentence-transformers/paraphrase-multilingual-mpnet-base-v2,zh,126,marker_pool,0.1179956719279289,-0.4579086899757385,-0.8708999752998352,-0.7354292869567871
sentence-transformers/paraphrase-multilingual-mpnet-base-v2,zh,127,marker_pool,0.2381547540426254,-0.452829509973526,-0.7273727059364319,-0.5936295390129089
sentence-transformers/paraphrase-multilingual-mpnet-base-v2,zh,128,marker_pool,0.0753889232873916,-0.3917381167411804,-0.8297425508499146,-0.5776416659355164
sentence-transformers/paraphrase-multilingual-mpnet-base-v2,zh,129,marker_pool,0.304054319858551,-0.6806020140647888,-0.9725083112716676,0.4077752530574798
sentence-transformers/paraphrase-multilingual-mpnet-base-v2,zh,130,marker_pool,0.1784306466579437,-0.352972537279129,-0.8449544310569763,-0.7261520028114319
sentence-transformers/paraphrase-multilingual-mpnet-base-v2,zh,131,marker_pool,0.0821343660354614,-0.4439999461174011,-0.8314257264137268,-0.6643331050872803
sentence-transformers/paraphrase-multilingual-mpnet-base-v2,zh,132,marker_pool,0.124272421002388,-0.5672782063484192,-0.7818987369537354,-0.5725762248039246
sentence-transformers/paraphrase-multilingual-mpnet-base-v2,zh,133,marker_pool,0.1471908241510391,-0.446787565946579,-0.7889532446861267,-0.7595930099487305
sentence-transformers/paraphrase-multilingual-mpnet-base-v2,zh,134,marker_pool,0.1299733221530914,-0.4283744692802429,-0.904928982257843,-0.6522046327590942
sentence-transformers/paraphrase-multilingual-mpnet-base-v2,zh,135,marker_pool,0.1237768977880477,-0.4799791276454925,-0.8689156770706177,-0.5675413012504578
sentence-transformers/paraphrase-multilingual-mpnet-base-v2,zh,136,marker_pool,0.1259950250387191,-0.4009726941585541,-0.8118777871131897,-0.5372774004936218
sentence-transformers/paraphrase-multilingual-mpnet-base-v2,zh,137,marker_pool,0.1372922956943512,-0.4760016202926636,-0.807593822479248,-0.5764065384864807
sentence-transformers/paraphrase-multilingual-mpnet-base-v2,zh,138,marker_pool,0.1625373661518097,-0.4404736757278442,-0.8425620198249817,-0.7099752426147461
sentence-transformers/paraphrase-multilingual-mpnet-base-v2,zh,139,marker_pool,0.1198499426245689,-0.4431655704975128,-0.9102888107299804,-0.7179484963417053
sentence-transformers/paraphrase-multilingual-mpnet-base-v2,zh,140,marker_pool,0.0960399210453033,-0.3923424780368805,-0.8113833665847778,-0.6226694583892822
sentence-transformers/paraphrase-multilingual-mpnet-base-v2,zh,141,marker_pool,0.1544762849807739,-0.4486444890499115,-0.8793448209762573,-0.7188193202018738
sentence-transformers/paraphrase-multilingual-mpnet-base-v2,zh,142,marker_pool,0.1200075298547744,-0.3850157856941223,-0.8222207427024841,-0.5608524084091187
sentence-transformers/paraphrase-multilingual-mpnet-base-v2,zh,143,marker_pool,0.1951747238636016,-0.352938711643219,-0.8390873074531555,-0.5685023665428162
sentence-transformers/paraphrase-multilingual-mpnet-base-v2,zh,144,marker_pool,0.0810506939888,-0.4990531206130981,-0.8197893500328064,-0.6790614128112793
sentence-transformers/paraphrase-multilingual-mpnet-base-v2,zh,145,marker_pool,0.145632803440094,-0.6326375007629395,-0.9051251411437988,-0.3627889454364776
sentence-transformers/paraphrase-multilingual-mpnet-base-v2,zh,146,marker_pool,0.1878566145896911,-0.3956974744796753,-0.8306845426559448,-0.8381943106651306
sentence-transformers/paraphrase-multilingual-mpnet-base-v2,zh,147,marker_pool,0.3509413301944732,-0.4572304487228393,-0.6480623483657837,0.0838285535573959
sentence-transformers/paraphrase-multilingual-mpnet-base-v2,zh,148,marker_pool,0.1478258818387985,-0.4037321507930755,-0.836834728717804,-0.6164129376411438
sentence-transformers/paraphrase-multilingual-mpnet-base-v2,zh,149,marker_pool,0.4342780411243438,-0.5033658146858215,-0.7308891415596008,-0.2905499041080475
sentence-transformers/paraphrase-multilingual-mpnet-base-v2,zh,150,marker_pool,0.0982862636446952,-0.5442861914634705,-0.9218146204948424,0.1324937641620636
sentence-transformers/paraphrase-multilingual-mpnet-base-v2,zh,151,marker_pool,0.1569835692644119,-0.3840905725955963,-0.7832920551300049,-0.5943047404289246
sentence-transformers/paraphrase-multilingual-mpnet-base-v2,zh,152,marker_pool,0.2966003119945526,-0.4933863580226898,-0.8652371168136597,-0.5397380590438843
sentence-transformers/paraphrase-multilingual-mpnet-base-v2,zh,153,marker_pool,0.1137542203068733,-0.4032253324985504,-0.9048921465873718,-0.6809139251708984
sentence-transformers/paraphrase-multilingual-mpnet-base-v2,zh,154,marker_pool,0.2499295473098755,-0.5318257212638855,-0.8627488017082214,-0.1324541866779327
sentence-transformers/paraphrase-multilingual-mpnet-base-v2,zh,155,marker_pool,0.1020728573203086,-0.4498545229434967,-0.8342471718788147,-0.6193521022796631
sentence-transformers/paraphrase-multilingual-mpnet-base-v2,zh,156,marker_pool,0.203539103269577,-0.4189887046813965,-0.8126000165939331,-0.5502115488052368
sentence-transformers/paraphrase-multilingual-mpnet-base-v2,zh,157,marker_pool,0.2180971205234527,-0.3507781028747558,-0.7597019672393799,-0.5211762189865112
sentence-transformers/paraphrase-multilingual-mpnet-base-v2,zh,158,marker_pool,0.1173986867070198,-0.4742411375045776,-0.8697778582572937,-0.4747166931629181
sentence-transformers/paraphrase-multilingual-mpnet-base-v2,zh,159,marker_pool,0.0736905261874198,-0.37556192278862,-0.852279007434845,-0.6572939157485962
xlm-roberta-base,en,0,mean_pool,0.3938409090042114,0.1373957097530365,-0.8218410611152649,0.1828864067792892
xlm-roberta-base,en,1,mean_pool,0.4933105409145355,-0.0876704752445221,-0.8674769401550293,-0.109234869480133
xlm-roberta-base,en,2,mean_pool,0.3140921592712402,-0.0187567565590143,-0.8087925314903259,0.270495057106018
xlm-roberta-base,en,3,mean_pool,0.3799894452095032,0.1033984273672103,-0.8082507252693176,-0.1123476326465606
xlm-roberta-base,en,4,mean_pool,0.4438748657703399,0.2900702059268951,-0.8477110266685486,-0.0260905902832746
xlm-roberta-base,en,5,mean_pool,0.4421194195747375,0.2679677307605743,-0.9070882797241212,-0.4227416217327118
xlm-roberta-base,en,6,mean_pool,0.4320862889289856,0.0241646636277437,-0.8682068586349487,0.2531464099884033
xlm-roberta-base,en,7,mean_pool,0.4106259644031524,0.0260847713798284,-0.831620991230011,-0.038428645581007
xlm-roberta-base,en,8,mean_pool,0.4298305511474609,0.3563345372676849,-0.8732292056083679,0.0795277506113052
xlm-roberta-base,en,9,mean_pool,0.4840981960296631,0.1663078367710113,-0.8937662839889526,-0.0049718744121491
xlm-roberta-base,en,10,mean_pool,0.4054157435894012,-0.0361162275075912,-0.7325276136398315,-0.1875373870134353
xlm-roberta-base,en,11,mean_pool,0.3934136629104614,0.3062012195587158,-0.8701910376548767,0.1964005976915359
xlm-roberta-base,en,12,mean_pool,0.429244190454483,0.2477289289236068,-0.8761744499206543,-0.4839989244937897
xlm-roberta-base,en,13,mean_pool,0.3973639607429504,-0.0142436847090721,-0.8276212811470032,-0.3412553966045379
xlm-roberta-base,en,14,mean_pool,0.3976186215877533,0.2664572298526764,-0.8961511254310608,0.3594952225685119
xlm-roberta-base,en,15,mean_pool,0.3639333546161651,0.0032065641134977,-0.7454497218132019,0.1746628582477569
xlm-roberta-base,en,16,mean_pool,0.5025680661201477,0.049930565059185,-0.8764379024505615,0.0648411884903907
xlm-roberta-base,en,17,mean_pool,0.5368791818618774,0.0281388964504003,-0.9108867645263672,-0.0867867544293403
xlm-roberta-base,en,18,mean_pool,0.4745432436466217,0.0328547433018684,-0.8446576595306396,-0.2649679481983185
xlm-roberta-base,en,19,mean_pool,0.4016831815242767,0.0255229547619819,-0.8407324552536011,-0.1403138041496276
xlm-roberta-base,en,20,mean_pool,0.4628364443778991,0.1100073531270027,-0.8361491560935974,0.0335502140223979
xlm-roberta-base,en,21,mean_pool,0.5070414543151855,0.2598426938056946,-0.9155147075653076,0.3599135875701904
xlm-roberta-base,en,22,mean_pool,0.3598418831825256,-0.2430238872766494,-0.7364331483840942,-0.015382632613182
xlm-roberta-base,en,23,mean_pool,0.4517992436885834,0.2624901235103607,-0.8557183742523193,0.1358658075332641
xlm-roberta-base,en,24,mean_pool,0.3550032377243042,0.10085429251194,-0.8888692855834961,0.000268801493803
xlm-roberta-base,en,25,mean_pool,0.4705184996128082,0.0716269016265869,-0.908702313899994,-0.2047709822654724
xlm-roberta-base,en,26,mean_pool,0.4622239470481872,-0.0443377122282981,-0.877862274646759,-0.145887553691864
xlm-roberta-base,en,27,mean_pool,0.4493613243103027,0.0577152818441391,-0.8139969706535339,-0.148543581366539
xlm-roberta-base,en,28,mean_pool,0.3588220477104187,-0.089201733469963,-0.7743061780929565,0.0640964359045028
xlm-roberta-base,en,29,mean_pool,0.454330563545227,0.1159180179238319,-0.9140175580978394,-0.1888009309768676
xlm-roberta-base,en,30,mean_pool,0.4939747452735901,0.0559599474072456,-0.9048138856887816,-0.047951053828001
xlm-roberta-base,en,31,mean_pool,0.5129305124282837,-0.0566711314022541,-0.9286426901817322,0.362529844045639
xlm-roberta-base,en,32,mean_pool,0.4719962179660797,-0.1221749559044838,-0.8966636061668396,-0.416842520236969
xlm-roberta-base,en,33,mean_pool,0.4577088356018066,0.0466008968651294,-0.8759959936141968,-0.0780008807778358
xlm-roberta-base,en,34,mean_pool,0.4759663641452789,0.1852134466171264,-0.9178867936134338,-0.033703651279211
xlm-roberta-base,en,35,mean_pool,0.438834547996521,0.2929918169975281,-0.8710331320762634,-0.2477615475654602
xlm-roberta-base,en,36,mean_pool,0.4396447241306305,0.065761312842369,-0.857451319694519,-0.0780596584081649
xlm-roberta-base,en,37,mean_pool,0.4111727476119995,0.2988602221012115,-0.8703635334968567,-0.3763338923454284
xlm-roberta-base,en,38,mean_pool,0.4752553105354309,-0.0771327391266822,-0.8754842877388,-0.2829295992851257
xlm-roberta-base,en,39,mean_pool,0.4520628154277801,-0.0355054140090942,-0.849918782711029,-0.1537549942731857
xlm-roberta-base,en,40,mean_pool,0.4000450074672699,0.2965620756149292,-0.8789771795272827,0.0698203667998313
xlm-roberta-base,en,41,mean_pool,0.4106247723102569,0.2531158328056335,-0.8598766922950745,-0.2318873852491378
xlm-roberta-base,en,42,mean_pool,0.4271754026412964,-0.1417340338230133,-0.8743135333061218,-0.1378698199987411
xlm-roberta-base,en,43,mean_pool,0.4233556091785431,-0.1232300773262977,-0.869803786277771,0.2665832042694092
xlm-roberta-base,en,44,mean_pool,0.4968781769275665,0.0624405331909656,-0.9091367125511168,-0.3095182180404663
xlm-roberta-base,en,45,mean_pool,0.4091271460056305,-0.0603607334196567,-0.7755337357521057,0.0227947533130645
xlm-roberta-base,en,46,mean_pool,0.4019288718700409,0.2937084138393402,-0.8982581496238708,-0.1366090327501297
xlm-roberta-base,en,47,mean_pool,0.3770359754562378,-0.1322084069252014,-0.7842356562614441,0.0089963497593998
xlm-roberta-base,en,48,mean_pool,0.435829609632492,0.1334392726421356,-0.7541533708572388,0.1106625944375991
xlm-roberta-base,en,49,mean_pool,0.4755581021308899,0.1141676902770996,-0.8856917023658752,-0.1855211108922958
xlm-roberta-base,en,50,mean_pool,0.3366369605064392,-0.2798203825950622,-0.6498858332633972,0.0427759438753128
xlm-roberta-base,en,51,mean_pool,0.4601326584815979,0.1488332450389862,-0.8599852323532104,-0.003130872035399
xlm-roberta-base,en,52,mean_pool,0.3582655489444732,-0.0095233526080846,-0.7855952382087708,-0.0013551389565691
xlm-roberta-base,en,53,mean_pool,0.4133780598640442,0.2732143402099609,-0.8718869686126709,-0.4260577261447906
xlm-roberta-base,en,54,mean_pool,0.5100668668746948,0.0992026254534721,-0.8620668053627014,-0.0942545756697654
xlm-roberta-base,en,55,mean_pool,0.5040386319160461,0.0949131324887275,-0.8889212012290955,-0.0737159848213195
xlm-roberta-base,en,56,mean_pool,0.3772187829017639,0.0700881332159042,-0.8055066466331482,-0.1199022084474563
xlm-roberta-base,en,57,mean_pool,0.4873217940330505,0.3247621357440948,-0.9001922011375427,0.3725576102733612
xlm-roberta-base,en,58,mean_pool,0.4492454528808594,0.0300730448216199,-0.8529660105705261,-0.3576773703098297
xlm-roberta-base,en,59,mean_pool,0.4342368841171264,0.1883123070001602,-0.9035570025444032,-0.2375765591859817
xlm-roberta-base,en,60,mean_pool,0.411508172750473,0.1219137907028198,-0.804348886013031,-0.2378911674022674
xlm-roberta-base,en,61,mean_pool,0.3161025643348694,0.2194030135869979,-0.854942798614502,-0.3694120645523071
xlm-roberta-base,en,62,mean_pool,0.4612887799739837,-0.058675393462181,-0.8519018888473511,-0.092269167304039
xlm-roberta-base,en,63,mean_pool,0.4317222535610199,-0.0536535233259201,-0.7899795770645142,0.0150240054354071
xlm-roberta-base,en,64,mean_pool,0.3884498476982116,-0.172538623213768,-0.7046959400177002,-0.2244866043329239
xlm-roberta-base,en,65,mean_pool,0.3775593042373657,0.1674399822950363,-0.8472571969032288,0.0056825405918061
xlm-roberta-base,en,66,mean_pool,0.4427647292613983,-0.1873677223920822,-0.7940734028816223,-0.0086346957832574
xlm-roberta-base,en,67,mean_pool,0.3421185612678528,0.2034968882799148,-0.8628128170967102,-0.1587158143520355
xlm-roberta-base,en,68,mean_pool,0.4060879051685333,0.1743634045124054,-0.8241472840309143,-0.0613352507352829
xlm-roberta-base,en,69,mean_pool,0.5026504397392273,0.0258094202727079,-0.8828149437904358,-0.1584658473730087
xlm-roberta-base,en,70,mean_pool,0.3032110631465912,0.169589027762413,-0.8312719464302063,-0.5606357455253601
xlm-roberta-base,en,71,mean_pool,0.3751872479915619,0.1469080746173858,-0.9122628569602966,0.241669699549675
xlm-roberta-base,en,72,mean_pool,0.3493838608264923,-0.1509237289428711,-0.782584011554718,-0.0855965167284011
xlm-roberta-base,en,73,mean_pool,0.4139295816421509,-0.1209170743823051,-0.7223185896873474,-0.1281588822603225
xlm-roberta-base,en,74,mean_pool,0.4900940954685211,0.2421776056289672,-0.923285961151123,-0.2218136340379715
xlm-roberta-base,en,75,mean_pool,0.4311567842960357,0.3104070127010345,-0.896145761013031,0.0649919658899307
xlm-roberta-base,en,76,mean_pool,0.4257903695106506,0.1514648199081421,-0.8822572827339172,-0.4422513842582702
xlm-roberta-base,en,77,mean_pool,0.3889756500720978,0.2075273841619491,-0.7910143733024597,0.1271151900291443
xlm-roberta-base,en,78,mean_pool,0.4901446104049682,-0.094751089811325,-0.8288789987564087,-0.0383180081844329
xlm-roberta-base,en,79,mean_pool,0.5297349691390991,0.092065542936325,-0.8756178021430969,-0.1684229671955108
xlm-roberta-base,en,80,mean_pool,0.4484613835811615,0.2302604168653488,-0.8806115388870239,-0.2172228246927261
xlm-roberta-base,en,81,mean_pool,0.3653046786785126,-0.0594505295157432,-0.823552668094635,0.120510920882225
xlm-roberta-base,en,82,mean_pool,0.4302130341529846,0.2338153421878814,-0.8903094530105591,-0.252417653799057
xlm-roberta-base,en,83,mean_pool,0.4795646071434021,-0.0025000344030559,-0.9266670346260072,-0.3450538516044616
xlm-roberta-base,en,84,mean_pool,0.5113837718963623,-0.0818229839205741,-0.8845572471618652,-0.21157968044281
xlm-roberta-base,en,85,mean_pool,0.4204384982585907,0.3692105710506439,-0.8878951668739319,0.0186874102801084
xlm-roberta-base,en,86,mean_pool,0.3628765344619751,-0.1547872722148895,-0.731986939907074,0.0376459658145904
xlm-roberta-base,en,87,mean_pool,0.3746049106121063,0.2196880131959915,-0.8277295231819153,0.0496235415339469
xlm-roberta-base,en,88,mean_pool,0.3400407135486603,0.0926896706223487,-0.8707063794136047,-0.2839813530445099
xlm-roberta-base,en,89,mean_pool,0.4247326552867889,-0.0854057297110557,-0.76822429895401,0.0328511632978916
xlm-roberta-base,en,90,mean_pool,0.5241855978965759,0.0055627995170652,-0.8659190535545349,0.0806549414992332
xlm-roberta-base,en,91,mean_pool,0.4317860007286072,0.1359984129667282,-0.8373333811759949,-0.1896552294492721
xlm-roberta-base,en,92,mean_pool,0.4752296507358551,0.0966298729181289,-0.907896876335144,-0.1979082375764846
xlm-roberta-base,en,93,mean_pool,0.4341762065887451,-0.0489397719502449,-0.6285533905029297,-0.0453869327902793
xlm-roberta-base,en,94,mean_pool,0.3089377880096435,0.0992591902613639,-0.7935829758644104,-0.1465196907520294
xlm-roberta-base,en,95,mean_pool,0.4428774714469909,-0.0247820001095533,-0.894550621509552,-0.1694396436214447
xlm-roberta-base,en,96,mean_pool,0.4105648398399353,0.0563261732459068,-0.8716581463813782,0.122365653514862
xlm-roberta-base,en,97,mean_pool,0.3005768358707428,0.207371324300766,-0.8451358079910278,0.022268708795309
xlm-roberta-base,en,98,mean_pool,0.4182773232460022,0.0757468715310096,-0.8400903940200806,0.0142985405400395
xlm-roberta-base,en,99,mean_pool,0.4487404823303222,0.3948039710521698,-0.8963203430175781,-0.0307761076837778
xlm-roberta-base,en,100,mean_pool,0.3607247769832611,0.2221797257661819,-0.8677076697349548,-0.0509326495230197
xlm-roberta-base,en,101,mean_pool,0.4460327923297882,0.3656478822231293,-0.8949840664863586,-0.3590079247951507
xlm-roberta-base,en,102,mean_pool,0.4071607887744903,-0.0830702632665634,-0.7314317226409912,-0.3280270993709564
xlm-roberta-base,en,103,mean_pool,0.3909657895565033,0.0592125654220581,-0.8137170672416687,-0.3111433386802673
xlm-roberta-base,en,104,mean_pool,0.4190191328525543,0.0963142216205596,-0.8108423352241516,-0.1634564101696014
xlm-roberta-base,en,105,mean_pool,0.4473183453083038,0.1470635533332824,-0.876288652420044,-0.4287333786487579
xlm-roberta-base,en,106,mean_pool,0.4905674755573272,0.0004578294756356,-0.92808735370636,0.1279189139604568
xlm-roberta-base,en,107,mean_pool,0.4306163191795349,0.1056016832590103,-0.8183699250221252,-0.2158152759075164
xlm-roberta-base,en,108,mean_pool,0.3722452819347381,0.0762619003653526,-0.8411308526992798,-0.341740071773529
xlm-roberta-base,en,109,mean_pool,0.4356647729873657,-0.1784682869911193,-0.8339018225669861,-0.0065178838558495
xlm-roberta-base,en,110,mean_pool,0.4125143885612488,0.0583626963198185,-0.843518078327179,0.0337780378758907
xlm-roberta-base,en,111,mean_pool,0.4084551036357879,0.0229880884289741,-0.8629503846168518,-0.045813288539648
xlm-roberta-base,en,112,mean_pool,0.3635387122631073,-0.0402176044881343,-0.6869550347328186,-0.0146679654717445
xlm-roberta-base,en,113,mean_pool,0.3676590919494629,0.1262900829315185,-0.8283424973487854,-0.2500554919242859
xlm-roberta-base,en,114,mean_pool,0.4760261178016662,0.0414146706461906,-0.8359410762786865,0.0996728241443634
xlm-roberta-base,en,115,mean_pool,0.3898466825485229,0.0154008511453866,-0.8453682661056519,-0.2837067544460296
xlm-roberta-base,en,116,mean_pool,0.4813252091407776,0.0712710171937942,-0.855803370475769,-0.1907038986682891
xlm-roberta-base,en,117,mean_pool,0.3836265206336975,-0.077428713440895,-0.6942399740219116,-0.2162948250770568
xlm-roberta-base,en,118,mean_pool,0.5218381881713867,0.1137590855360031,-0.8873567581176758,0.1213166937232017
xlm-roberta-base,en,119,mean_pool,0.3483550250530243,0.2933486700057983,-0.8566100597381592,0.3061476051807403
xlm-roberta-base,en,120,mean_pool,0.3927543461322784,0.040177721530199,-0.8398380875587463,-0.2007951885461807
xlm-roberta-base,en,121,mean_pool,0.3853272199630737,0.0992292091250419,-0.8427681922912598,-0.5005947351455688
xlm-roberta-base,en,122,mean_pool,0.3680866956710815,0.2815745174884796,-0.8591464757919312,-0.1781238317489624
xlm-roberta-base,en,123,mean_pool,0.3823626935482025,-0.1463854759931564,-0.8068438172340393,-0.0028122186195105
xlm-roberta-base,en,124,mean_pool,0.4295938909053802,0.0463062524795532,-0.7513668537139893,-0.1970306932926178
xlm-roberta-base,en,125,mean_pool,0.3502206802368164,-0.032716117799282,-0.8602396249771118,-0.023127069696784
xlm-roberta-base,en,126,mean_pool,0.5663687586784363,0.0355659425258636,-0.9115706086158752,0.2990054190158844
xlm-roberta-base,en,127,mean_pool,0.4538441896438598,0.1304437816143036,-0.8777817487716675,0.1246571615338325
xlm-roberta-base,en,128,mean_pool,0.477457195520401,-0.0372189953923225,-0.9295207262039183,0.1586174815893173
xlm-roberta-base,en,129,mean_pool,0.3195299804210663,-0.0826029181480407,-0.7501904368400574,-0.4029972851276397
xlm-roberta-base,en,130,mean_pool,0.4761671721935272,0.0650534480810165,-0.8495966196060181,-0.1314960122108459
xlm-roberta-base,en,131,mean_pool,0.41761514544487,0.015949809923768,-0.7884199023246765,-0.1895976066589355
xlm-roberta-base,en,132,mean_pool,0.3865399360656738,0.1016221791505813,-0.747348427772522,-0.1458893567323684
xlm-roberta-base,en,133,mean_pool,0.3894078135490417,0.4011002779006958,-0.861006498336792,0.1386683732271194
xlm-roberta-base,en,134,mean_pool,0.3959493041038513,0.2840422391891479,-0.8982458710670471,0.4449666738510132
xlm-roberta-base,en,135,mean_pool,0.4593249559402466,-0.0859365686774253,-0.883988082408905,0.01969606988132
xlm-roberta-base,en,136,mean_pool,0.4000627994537353,0.2579554915428161,-0.8888898491859436,0.0601759180426597
xlm-roberta-base,en,137,mean_pool,0.3417749404907226,0.1235779598355293,-0.8263480067253113,-0.0501936972141265
xlm-roberta-base,en,138,mean_pool,0.3670756220817566,-0.0942767560482025,-0.8008927702903748,0.1284150332212448
xlm-roberta-base,en,139,mean_pool,0.4227672517299652,0.005894782487303,-0.8654451966285706,0.0729171112179756
xlm-roberta-base,en,140,mean_pool,0.3544062674045563,-0.251985639333725,-0.6597912907600403,0.0449644662439823
xlm-roberta-base,en,141,mean_pool,0.3420943021774292,0.1070305407047271,-0.8452113270759583,-0.0549970865249633
xlm-roberta-base,en,142,mean_pool,0.4761744737625122,0.2931734025478363,-0.9105055332183838,-0.2709338665008545
xlm-roberta-base,en,143,mean_pool,0.4450762569904327,0.3041991591453552,-0.9014337062835692,-0.3655531108379364
xlm-roberta-base,en,144,mean_pool,0.4133976101875305,0.3392089307308197,-0.8832679390907288,-0.1105178743600845
xlm-roberta-base,en,145,mean_pool,0.4489874839782715,0.3668927252292633,-0.8759158849716187,-0.1733143478631973
xlm-roberta-base,en,146,mean_pool,0.3857313692569732,0.0661548525094986,-0.7843841910362244,0.1664781272411346
xlm-roberta-base,en,147,mean_pool,0.360021024942398,0.0865785479545593,-0.8853039741516113,-0.4274184107780456
xlm-roberta-base,en,148,mean_pool,0.3961151242256164,0.0011804868699982,-0.8024149537086487,-0.073675625026226
xlm-roberta-base,en,149,mean_pool,0.4918591976165771,0.0815158709883689,-0.8412387371063232,0.0829305872321128
xlm-roberta-base,en,150,mean_pool,0.4266537129878998,0.0789234787225723,-0.8390743136405945,-0.0487597808241844
xlm-roberta-base,en,151,mean_pool,0.4129985272884369,0.107462465763092,-0.8762101531028748,-0.2395260035991668
xlm-roberta-base,en,152,mean_pool,0.3751130104064941,0.0712300986051559,-0.8511852622032166,-0.3814859986305237
xlm-roberta-base,en,153,mean_pool,0.4162453413009643,0.0301922596991062,-0.8133628368377686,-0.3213255703449249
xlm-roberta-base,en,154,mean_pool,0.4193364679813385,0.0748456120491027,-0.8139215111732483,-0.0013000966282561
xlm-roberta-base,en,155,mean_pool,0.4370902776718139,0.0816427618265152,-0.8821219801902771,0.0324439443647861
xlm-roberta-base,en,156,mean_pool,0.4296599924564361,0.0691497400403022,-0.8662301301956177,-0.0768607556819915
xlm-roberta-base,en,157,mean_pool,0.4141839742660522,-0.176766961812973,-0.8205985426902771,-0.1225650757551193
xlm-roberta-base,en,158,mean_pool,0.5342068672180176,-0.0892448648810386,-0.8882694840431213,0.2167487740516662
xlm-roberta-base,en,159,mean_pool,0.4365257024765014,0.1788140088319778,-0.8862809538841248,-0.3227686285972595
xlm-roberta-base,ru,0,mean_pool,0.1926877051591873,-0.1735498011112213,-0.6619718670845032,-0.3594296276569366
xlm-roberta-base,ru,1,mean_pool,0.1050713434815406,-0.4275633990764618,-0.6183696985244751,-0.3224981725215912
xlm-roberta-base,ru,2,mean_pool,0.151197001338005,-0.6298247575759888,-0.6368669867515564,-0.7061700224876404
xlm-roberta-base,ru,3,mean_pool,0.2125033736228943,-0.4978589117527008,-0.690833568572998,-0.351987212896347
xlm-roberta-base,ru,4,mean_pool,0.1207464709877967,-0.2945766448974609,-0.7150000929832458,-0.1088434755802154
xlm-roberta-base,ru,5,mean_pool,0.3263541162014007,-0.163981020450592,-0.8000528216362,-0.3179128468036651
xlm-roberta-base,ru,6,mean_pool,0.2033134847879409,-0.2477915734052658,-0.7319580316543579,-0.30392587184906
xlm-roberta-base,ru,7,mean_pool,0.0622218139469623,-0.5069475173950195,-0.6611095666885376,-0.4965640902519226
xlm-roberta-base,ru,8,mean_pool,0.0621088482439518,-0.536893367767334,-0.6456418037414551,-0.2304987907409668
xlm-roberta-base,ru,9,mean_pool,0.1581097990274429,-0.2164357006549835,-0.718861997127533,-0.1786848902702331
xlm-roberta-base,ru,10,mean_pool,0.1860634684562683,-0.4762398600578308,-0.5284901261329651,-0.2778650224208832
xlm-roberta-base,ru,11,mean_pool,0.1911590248346328,-0.3983116149902344,-0.6143931150436401,-0.3897074162960052
xlm-roberta-base,ru,12,mean_pool,0.1766225099563598,-0.6093904376029968,-0.6142180562019348,-0.1422486752271652
xlm-roberta-base,ru,13,mean_pool,0.0839388445019722,-0.467161625623703,-0.6312205195426941,-0.2616671919822693
xlm-roberta-base,ru,14,mean_pool,0.0717218369245529,-0.5678609609603882,-0.6433343887329102,-0.1248729303479194
xlm-roberta-base,ru,15,mean_pool,0.1488917022943496,-0.4948461055755615,-0.6087968945503235,-0.4113762974739074
xlm-roberta-base,ru,16,mean_pool,0.0958648175001144,-0.6079935431480408,-0.5836845636367798,-0.4033544361591339
xlm-roberta-base,ru,17,mean_pool,0.1707468032836914,-0.6008909344673157,-0.4782997369766235,-0.3002265989780426
xlm-roberta-base,ru,18,mean_pool,0.1009536981582641,-0.569258987903595,-0.6810703873634338,-0.3644924759864807
xlm-roberta-base,ru,19,mean_pool,0.0697447061538696,-0.5421725511550903,-0.5540647506713867,-0.5024314522743225
xlm-roberta-base,ru,20,mean_pool,0.2410423904657364,-0.3074829280376434,-0.8387939929962158,-0.048093743622303
xlm-roberta-base,ru,21,mean_pool,0.1990320086479187,-0.7113791108131409,-0.7870364189147949,-0.4229315817356109
xlm-roberta-base,ru,22,mean_pool,0.2722308933734894,-0.5472554564476013,-0.6284164786338806,-0.1454658657312393
xlm-roberta-base,ru,23,mean_pool,0.0934968292713165,-0.4880262315273285,-0.6623982191085815,-0.2077174484729766
xlm-roberta-base,ru,24,mean_pool,0.1113454475998878,-0.4878743886947632,-0.6496853232383728,-0.0609499737620353
xlm-roberta-base,ru,25,mean_pool,0.1468803286552429,-0.5640389323234558,-0.4629274010658264,-0.5963056683540344
xlm-roberta-base,ru,26,mean_pool,0.1489475667476654,-0.5179283618927002,-0.5323202610015869,-0.2375991940498352
xlm-roberta-base,ru,27,mean_pool,0.0356784015893936,-0.5862926840782166,-0.6001228094100952,-0.2204293608665466
xlm-roberta-base,ru,28,mean_pool,0.2074365317821502,-0.6440029144287109,-0.5489317774772644,-0.0475309789180755
xlm-roberta-base,ru,29,mean_pool,0.1701724082231521,-0.5964311957359314,-0.6053189635276794,-0.4951779246330261
xlm-roberta-base,ru,30,mean_pool,0.2624216079711914,-0.4634266495704651,-0.8375566005706787,0.1265951842069625
xlm-roberta-base,ru,31,mean_pool,0.1429388523101806,-0.565670907497406,-0.6457791328430176,-0.3618035614490509
xlm-roberta-base,ru,32,mean_pool,0.1090748161077499,-0.5603923797607422,-0.6647095680236816,-0.4174346625804901
xlm-roberta-base,ru,33,mean_pool,0.115288607776165,-0.3072429597377777,-0.7834740281105042,-0.2414612025022506
xlm-roberta-base,ru,34,mean_pool,0.1578582823276519,-0.6171873807907104,-0.387552410364151,-0.1354985982179641
xlm-roberta-base,ru,35,mean_pool,0.1109965145587921,-0.4656458497047424,-0.7200621366500854,-0.4111695289611816
xlm-roberta-base,ru,36,mean_pool,0.0965134799480438,-0.56437087059021,-0.5555793046951294,-0.2666008472442627
xlm-roberta-base,ru,37,mean_pool,0.134853184223175,-0.2657286822795868,-0.7200527191162109,-0.2113423943519592
xlm-roberta-base,ru,38,mean_pool,0.0693239942193031,-0.6238736510276794,-0.5788264274597168,-0.4625907838344574
xlm-roberta-base,ru,39,mean_pool,0.1198332905769348,-0.4901681542396545,-0.6222482323646545,-0.2324753254652023
xlm-roberta-base,ru,40,mean_pool,0.0919370427727699,-0.4817036688327789,-0.6583981513977051,-0.5228180885314941
xlm-roberta-base,ru,41,mean_pool,0.1936200112104416,-0.1012226566672325,-0.7679035067558289,-0.1894696801900863
xlm-roberta-base,ru,42,mean_pool,0.073809303343296,-0.4872979521751404,-0.7028914093971252,-0.1942918747663498
xlm-roberta-base,ru,43,mean_pool,0.0853021517395973,-0.445908635854721,-0.6695447564125061,-0.2866327464580536
xlm-roberta-base,ru,44,mean_pool,0.273537665605545,-0.2840759456157684,-0.8151158690452576,-0.0256543364375829
xlm-roberta-base,ru,45,mean_pool,0.1083345711231231,-0.6533233523368835,-0.4168742299079895,-0.4490053057670593
xlm-roberta-base,ru,46,mean_pool,0.1655377447605133,-0.7394494414329529,-0.4170595705509186,-0.5387254357337952
xlm-roberta-base,ru,47,mean_pool,0.2876418828964233,-0.3699303269386291,-0.8369287848472595,0.2135564386844635
xlm-roberta-base,ru,48,mean_pool,0.1138873696327209,-0.662563681602478,-0.6178554892539978,-0.1149077713489532
xlm-roberta-base,ru,49,mean_pool,0.1786714941263198,-0.2313766777515411,-0.7036519050598145,-0.2324895113706588
xlm-roberta-base,ru,50,mean_pool,0.0473669171333313,-0.5944855213165283,-0.5630267262458801,-0.3031459152698517
xlm-roberta-base,ru,51,mean_pool,0.1176454573869705,-0.6296221017837524,-0.6154845356941223,-0.4271250665187835
xlm-roberta-base,ru,52,mean_pool,0.1691255271434784,-0.4746828079223633,-0.5865530371665955,-0.006929540541023
xlm-roberta-base,ru,53,mean_pool,0.1773692518472671,-0.5204774737358093,-0.7546458840370178,0.1652869433164596
xlm-roberta-base,ru,54,mean_pool,0.1060373559594154,-0.4408715665340423,-0.5651929378509521,-0.391801118850708
xlm-roberta-base,ru,55,mean_pool,0.1438865661621093,-0.3616030216217041,-0.7162314653396606,0.0643901154398918
xlm-roberta-base,ru,56,mean_pool,0.0814818516373634,-0.5237482786178589,-0.6464533805847168,-0.2509336173534393
xlm-roberta-base,ru,57,mean_pool,0.270402580499649,-0.3692488968372345,-0.7360018491744995,-0.1971632987260818
xlm-roberta-base,ru,58,mean_pool,0.1754049807786941,-0.5952935814857483,-0.6691950559616089,-0.4561617076396942
xlm-roberta-base,ru,59,mean_pool,0.1343996673822403,-0.4904850423336029,-0.7079297304153442,-0.1525308936834335
xlm-roberta-base,ru,60,mean_pool,0.2734987139701843,-0.1643853932619094,-0.820923388004303,-0.2983435690402984
xlm-roberta-base,ru,61,mean_pool,0.0704910457134246,-0.5605161190032959,-0.6117443442344666,-0.181279644370079
xlm-roberta-base,ru,62,mean_pool,0.1110213622450828,-0.2800172567367553,-0.6703290939331055,-0.2036128342151641
xlm-roberta-base,ru,63,mean_pool,0.0566555261611938,-0.2986529767513275,-0.6496930718421936,-0.3356010615825653
xlm-roberta-base,ru,64,mean_pool,0.1572389453649521,-0.3179430961608886,-0.7095690369606018,-0.3067039847373962
xlm-roberta-base,ru,65,mean_pool,0.1112488061189651,-0.4798221886157989,-0.6372718811035156,-0.4404371976852417
xlm-roberta-base,ru,66,mean_pool,0.0967672541737556,-0.6097657084465027,-0.5292418599128723,-0.2582667469978332
xlm-roberta-base,ru,67,mean_pool,0.0735100656747818,-0.585045337677002,-0.6225273013114929,-0.4679971635341644
xlm-roberta-base,ru,68,mean_pool,0.2616055309772491,-0.5268034338951111,-0.5697588324546814,-0.3242768943309784
xlm-roberta-base,ru,69,mean_pool,0.1252936869859695,-0.4821198880672455,-0.5765280723571777,-0.4165116250514984
xlm-roberta-base,ru,70,mean_pool,0.1568285375833511,-0.6466345191001892,-0.5661260485649109,-0.4068912863731384
xlm-roberta-base,ru,71,mean_pool,0.0841137543320655,-0.5225815176963806,-0.6490098834037781,-0.2523098886013031
xlm-roberta-base,ru,72,mean_pool,0.1831319630146026,-0.4307980537414551,-0.7275310754776001,-0.2956821322441101
xlm-roberta-base,ru,73,mean_pool,0.1917749792337417,-0.4467864334583282,-0.7835870981216431,0.1087627336382865
xlm-roberta-base,ru,74,mean_pool,0.1740607619285583,-0.5381323099136353,-0.457175463438034,-0.4463328421115875
xlm-roberta-base,ru,75,mean_pool,0.0373073518276214,-0.5261842012405396,-0.6117679476737976,-0.5691134929656982
xlm-roberta-base,ru,76,mean_pool,0.1695360243320465,-0.3762600123882293,-0.7865707278251648,-0.2417907118797302
xlm-roberta-base,ru,77,mean_pool,0.2534202039241791,-0.4057418406009674,-0.7863572239875793,-0.0360845103859901
xlm-roberta-base,ru,78,mean_pool,0.0998149588704109,-0.3946130573749542,-0.5810367465019226,-0.3132789134979248
xlm-roberta-base,ru,79,mean_pool,0.181246742606163,-0.2087484002113342,-0.7446418404579163,-0.0924699008464813
xlm-roberta-base,ru,80,mean_pool,0.0982325971126556,-0.5251784920692444,-0.5605326294898987,-0.4526235461235046
xlm-roberta-base,ru,81,mean_pool,0.1575264632701873,-0.7207756042480469,-0.5251410007476807,-0.5221468210220337
xlm-roberta-base,ru,82,mean_pool,0.188001662492752,-0.3178437650203705,-0.7663080096244812,-0.3994730710983276
xlm-roberta-base,ru,83,mean_pool,0.0756650045514106,-0.3661272823810577,-0.6756592988967896,0.0862928926944732
xlm-roberta-base,ru,84,mean_pool,0.1024683788418769,-0.4764578938484192,-0.729555070400238,-0.0303808823227882
xlm-roberta-base,ru,85,mean_pool,0.0646669864654541,-0.5757465362548828,-0.6427830457687378,-0.267168641090393
xlm-roberta-base,ru,86,mean_pool,0.0614802837371826,-0.5850861668586731,-0.6123219728469849,-0.2765503227710724
xlm-roberta-base,ru,87,mean_pool,0.0612743496894836,-0.4786849319934845,-0.5603777766227722,-0.1602687686681747
xlm-roberta-base,ru,88,mean_pool,0.1750199645757675,-0.3776513934135437,-0.7726224660873413,-0.4720770418643951
xlm-roberta-base,ru,89,mean_pool,0.2353399395942688,-0.5234834551811218,-0.6942650079727173,-0.0656415820121765
xlm-roberta-base,ru,90,mean_pool,0.1231581643223762,-0.566740870475769,-0.6535336375236511,-0.5160725116729736
xlm-roberta-base,ru,91,mean_pool,0.2933839559555053,-0.3509722054004669,-0.8058136701583862,0.1597746908664703
xlm-roberta-base,ru,92,mean_pool,0.2601453065872192,-0.2674243748188019,-0.6640874147415161,-0.3427662849426269
xlm-roberta-base,ru,93,mean_pool,0.2258070111274719,-0.3948046863079071,-0.7003505825996399,-0.3632694482803345
xlm-roberta-base,ru,94,mean_pool,0.2217827439308166,-0.3603931069374084,-0.6513659954071045,-0.2786525189876556
xlm-roberta-base,ru,95,mean_pool,0.0738656148314476,-0.4689367115497589,-0.5153783559799194,-0.3008757531642914
xlm-roberta-base,ru,96,mean_pool,0.1156905815005302,-0.4855030179023742,-0.638574481010437,-0.4007415175437927
xlm-roberta-base,ru,97,mean_pool,0.0756066963076591,-0.413513720035553,-0.5589883923530579,-0.4999967217445373
xlm-roberta-base,ru,98,mean_pool,0.1921902447938919,-0.4854088723659515,-0.7089759707450867,-0.32182577252388
xlm-roberta-base,ru,99,mean_pool,0.2396884858608245,-0.308998167514801,-0.7398619055747986,0.0633675307035446
xlm-roberta-base,ru,100,mean_pool,0.1530400961637497,-0.5821963548660278,-0.6664658784866333,-0.3292979598045349
xlm-roberta-base,ru,101,mean_pool,0.1141324862837791,-0.4010528028011322,-0.6381492018699646,-0.3378936648368835
xlm-roberta-base,ru,102,mean_pool,0.1420597285032272,-0.47585129737854,-0.6989723443984985,-0.042656309902668
xlm-roberta-base,ru,103,mean_pool,0.0792935118079185,-0.5674165487289429,-0.6320081949234009,-0.1293876618146896
xlm-roberta-base,ru,104,mean_pool,0.0728987008333206,-0.521148145198822,-0.6889175772666931,-0.0389230325818061
xlm-roberta-base,ru,105,mean_pool,0.130201980471611,-0.5615370273590088,-0.4532341659069061,-0.4063747227191925
xlm-roberta-base,ru,106,mean_pool,0.1715219467878341,-0.370160162448883,-0.659761369228363,-0.1964277327060699
xlm-roberta-base,ru,107,mean_pool,0.2607943415641784,-0.4341857731342315,-0.7073217630386353,-0.2726952731609344
xlm-roberta-base,ru,108,mean_pool,0.22664675116539,-0.2282398343086242,-0.8162489533424377,0.0178615562617778
xlm-roberta-base,ru,109,mean_pool,0.0304014831781387,-0.398505836725235,-0.4338746666908264,-0.2658059597015381
xlm-roberta-base,ru,110,mean_pool,0.1231379583477974,-0.404613047838211,-0.7749285697937012,-0.0452370382845401
xlm-roberta-base,ru,111,mean_pool,0.1463997662067413,-0.4784294366836548,-0.7031570672988892,-0.1980958878993988
xlm-roberta-base,ru,112,mean_pool,0.2100107818841934,-0.3392578661441803,-0.7208031415939331,-0.0591050684452056
xlm-roberta-base,ru,113,mean_pool,0.1871015280485153,-0.5218787789344788,-0.7373914122581482,-0.2983229458332062
xlm-roberta-base,ru,114,mean_pool,0.0682531371712684,-0.711035966873169,-0.5351200103759766,-0.5846244096755981
xlm-roberta-base,ru,115,mean_pool,0.207109197974205,-0.4179603457450866,-0.6773455142974854,-0.0291618611663579
xlm-roberta-base,ru,116,mean_pool,0.0813721865415573,-0.4289470613002777,-0.5686581134796143,-0.2233847975730896
xlm-roberta-base,ru,117,mean_pool,0.0659823641180992,-0.5600774884223938,-0.6181845664978027,-0.2334140092134475
xlm-roberta-base,ru,118,mean_pool,0.1663115322589874,-0.5467976331710815,-0.7495902180671692,-0.1576916575431823
xlm-roberta-base,ru,119,mean_pool,0.0453225336968898,-0.5952622890472412,-0.4778797030448913,-0.4834245443344116
xlm-roberta-base,ru,120,mean_pool,0.1554584950208664,-0.592704713344574,-0.4531260132789612,-0.2225609272718429
xlm-roberta-base,ru,121,mean_pool,0.0815921574831008,-0.479571521282196,-0.5241984128952026,-0.2611109912395477
xlm-roberta-base,ru,122,mean_pool,0.0973695218563079,-0.2698011398315429,-0.6719989776611328,-0.3327520191669464
xlm-roberta-base,ru,123,mean_pool,0.2089257985353469,-0.5350409746170044,-0.6825153827667236,-0.1975529640913009
xlm-roberta-base,ru,124,mean_pool,0.2312141954898834,-0.4699488878250122,-0.7063875794410706,-0.1662419140338897
xlm-roberta-base,ru,125,mean_pool,0.1421249359846115,-0.4675799310207367,-0.5592438578605652,-0.4031183123588562
xlm-roberta-base,ru,126,mean_pool,0.1336197406053543,-0.7112969756126404,-0.6283329129219055,-0.2740347385406494
xlm-roberta-base,ru,127,mean_pool,0.0970775783061981,-0.4940643310546875,-0.6016057729721069,-0.3042524755001068
xlm-roberta-base,ru,128,mean_pool,0.1111103519797325,-0.391270637512207,-0.6468946933746338,-0.1740547269582748
xlm-roberta-base,ru,129,mean_pool,0.1861805170774459,-0.5674129724502563,-0.6427165269851685,-0.2153993844985962
xlm-roberta-base,ru,130,mean_pool,0.0983679816126823,-0.6285154223442078,-0.4867563545703888,-0.4462129175662994
xlm-roberta-base,ru,131,mean_pool,0.2630078792572021,-0.4696576297283172,-0.5974749326705933,-0.3003940880298614
xlm-roberta-base,ru,132,mean_pool,0.3055672347545624,-0.2091252356767654,-0.7748540043830872,0.171880841255188
xlm-roberta-base,ru,133,mean_pool,0.1958542913198471,-0.481105774641037,-0.7769051790237427,-0.3875766396522522
xlm-roberta-base,ru,134,mean_pool,0.2675927281379699,-0.2188461571931839,-0.7987188696861267,-0.1812306642532348
xlm-roberta-base,ru,135,mean_pool,0.0906781777739524,-0.7573854327201843,-0.4418967366218567,-0.5820378065109253
xlm-roberta-base,ru,136,mean_pool,0.186711236834526,-0.7424842119216919,-0.6127524375915527,-0.4676025807857513
xlm-roberta-base,ru,137,mean_pool,0.090697057545185,-0.3520027995109558,-0.5600188374519348,-0.2528228461742401
xlm-roberta-base,ru,138,mean_pool,0.1093000918626785,-0.499060571193695,-0.7351114153862,-0.3177932500839233
xlm-roberta-base,ru,139,mean_pool,0.0909870490431785,-0.4825575649738312,-0.6022674441337585,-0.4167187809944153
xlm-roberta-base,ru,140,mean_pool,0.3510757386684418,-0.5430301427841187,-0.7249647974967957,0.0514037832617759
xlm-roberta-base,ru,141,mean_pool,0.2006563246250152,-0.5858147144317627,-0.3779484033584595,-0.274390310049057
xlm-roberta-base,ru,142,mean_pool,0.0910607650876045,-0.4162577390670776,-0.6384761929512024,-0.2688537240028381
xlm-roberta-base,ru,143,mean_pool,0.2744657695293426,-0.1842759996652603,-0.6698948740959167,-0.2597174942493438
xlm-roberta-base,ru,144,mean_pool,0.1179701834917068,-0.6996820569038391,-0.5195477604866028,-0.4532134234905243
xlm-roberta-base,ru,145,mean_pool,0.0667317956686019,-0.4268039762973785,-0.688306450843811,-0.1222904622554779
xlm-roberta-base,ru,146,mean_pool,0.1798247098922729,-0.7185003757476807,-0.6546157002449036,-0.3337555229663849
xlm-roberta-base,ru,147,mean_pool,0.1958311051130294,-0.4938399493694305,-0.6351493000984192,-0.1855097115039825
xlm-roberta-base,ru,148,mean_pool,0.1622824519872665,-0.4860579371452331,-0.7510135173797607,0.0317835323512554
xlm-roberta-base,ru,149,mean_pool,0.0748392269015312,-0.3142240047454834,-0.6490973234176636,-0.3020258545875549
xlm-roberta-base,ru,150,mean_pool,0.2018231302499771,-0.6787756085395813,-0.6297627091407776,-0.3672543168067932
xlm-roberta-base,ru,151,mean_pool,0.0955072045326232,-0.6372343897819519,-0.5284622311592102,-0.1989964842796325
xlm-roberta-base,ru,152,mean_pool,0.3044837415218353,-0.3231349289417267,-0.7712781429290771,-0.4449700117111206
xlm-roberta-base,ru,153,mean_pool,0.3130871057510376,-0.3507737815380096,-0.7867048382759094,-0.0110969245433807
xlm-roberta-base,ru,154,mean_pool,0.0508128330111503,-0.6444073915481567,-0.5382305383682251,-0.406402051448822
xlm-roberta-base,ru,155,mean_pool,0.1667428314685821,-0.3862592279911041,-0.6417347192764282,-0.3294289112091064
xlm-roberta-base,ru,156,mean_pool,0.1037909984588623,-0.5816659927368164,-0.6308100819587708,-0.466302752494812
xlm-roberta-base,ru,157,mean_pool,0.1928309202194214,-0.3479355275630951,-0.7240473628044128,-0.4895206093788147
xlm-roberta-base,ru,158,mean_pool,0.1075883954763412,-0.5189353227615356,-0.7691079378128052,-0.1373011320829391
xlm-roberta-base,ru,159,mean_pool,0.1169652491807937,-0.4538708627223968,-0.7104568481445312,-0.3013498783111572
xlm-roberta-base,zh,0,mean_pool,0.2464946806430816,-0.5736817121505737,-0.8672253489494324,-0.7052516937255859
xlm-roberta-base,zh,1,mean_pool,0.2077105939388275,-0.512714147567749,-0.8123629093170166,-0.5659491419792175
xlm-roberta-base,zh,2,mean_pool,0.25921231508255,-0.367172360420227,-0.8254355788230896,-0.5821983218193054
xlm-roberta-base,zh,3,mean_pool,0.0933377146720886,-0.7269436120986938,-0.8024165630340576,-0.5347871780395508
xlm-roberta-base,zh,4,mean_pool,0.1472061872482299,-0.6081204414367676,-0.8402418494224548,-0.5846975445747375
xlm-roberta-base,zh,5,mean_pool,0.1701288968324661,-0.451951652765274,-0.8182183504104614,-0.4202311336994171
xlm-roberta-base,zh,6,mean_pool,0.0961546078324318,-0.6577437520027161,-0.8297889232635498,-0.5925625562667847
xlm-roberta-base,zh,7,mean_pool,0.1344572454690933,-0.6774437427520752,-0.7798541188240051,-0.5772811770439148
xlm-roberta-base,zh,8,mean_pool,0.1277077198028564,-0.5650424361228943,-0.8557955026626587,-0.571629524230957
xlm-roberta-base,zh,9,mean_pool,0.1241561472415924,-0.6202976703643799,-0.8371573686599731,-0.5883834362030029
xlm-roberta-base,zh,10,mean_pool,0.2295615971088409,-0.5781973004341125,-0.8905731439590454,-0.6117373704910278
xlm-roberta-base,zh,11,mean_pool,0.1062841042876243,-0.6228392720222473,-0.7255613207817078,-0.5961990356445312
xlm-roberta-base,zh,12,mean_pool,0.1290967613458633,-0.381386786699295,-0.8050475120544434,-0.25689697265625
xlm-roberta-base,zh,13,mean_pool,0.2278339266777038,-0.5656457543373108,-0.895637035369873,-0.4575895071029663
xlm-roberta-base,zh,14,mean_pool,0.1494673192501068,-0.7395536303520203,-0.8278778791427612,-0.6441203355789185
xlm-roberta-base,zh,15,mean_pool,0.1799329668283462,-0.5731173157691956,-0.8644092679023743,-0.6024110913276672
xlm-roberta-base,zh,16,mean_pool,0.1085700988769531,-0.6952760219573975,-0.852716863155365,-0.639005184173584
xlm-roberta-base,zh,17,mean_pool,0.1389400064945221,-0.6171667575836182,-0.7988532185554504,-0.5761958956718445
xlm-roberta-base,zh,18,mean_pool,0.0790227651596069,-0.4949004352092743,-0.7310087084770203,-0.6041538119316101
xlm-roberta-base,zh,19,mean_pool,0.2564384341239929,-0.2746677994728088,-0.8240850567817688,-0.4892383217811584
xlm-roberta-base,zh,20,mean_pool,0.1746419370174408,-0.6021275520324707,-0.8703271150588989,-0.7379711866378784
xlm-roberta-base,zh,21,mean_pool,0.1978386342525482,-0.4019648134708404,-0.8075898289680481,-0.5627942681312561
xlm-roberta-base,zh,22,mean_pool,0.0786132216453552,-0.5130884051322937,-0.8765665292739868,-0.7432569265365601
xlm-roberta-base,zh,23,mean_pool,0.2178514748811721,-0.574268639087677,-0.8975929617881775,-0.7347343564033508
xlm-roberta-base,zh,24,mean_pool,0.2160098552703857,-0.524057924747467,-0.91063129901886,-0.4021884799003601
xlm-roberta-base,zh,25,mean_pool,0.1172510385513305,-0.5098294615745544,-0.8199915289878845,-0.6507754921913147
xlm-roberta-base,zh,26,mean_pool,0.1357915550470352,-0.4468778669834137,-0.7354676127433777,-0.5993925333023071
xlm-roberta-base,zh,27,mean_pool,0.1942087709903717,-0.5276398658752441,-0.8528885245323181,-0.5251194834709167
xlm-roberta-base,zh,28,mean_pool,0.0712678655982017,-0.6860383152961731,-0.8435277342796326,-0.6144857406616211
xlm-roberta-base,zh,29,mean_pool,0.1470631659030914,-0.514367401599884,-0.7479615807533264,-0.5038661360740662
xlm-roberta-base,zh,30,mean_pool,0.2182708084583282,-0.6789050102233887,-0.8889456391334534,-0.6874024271965027
xlm-roberta-base,zh,31,mean_pool,0.1230798661708831,-0.6219553351402283,-0.7688552737236023,-0.6824600696563721
xlm-roberta-base,zh,32,mean_pool,0.1525349169969558,-0.6330578923225403,-0.7834572196006775,-0.5619149804115295
xlm-roberta-base,zh,33,mean_pool,0.3099859952926636,-0.3897863030433655,-0.8718230128288269,-0.5701197385787964
xlm-roberta-base,zh,34,mean_pool,0.2317951321601867,-0.533077597618103,-0.8992827534675598,-0.6850519180297852
xlm-roberta-base,zh,35,mean_pool,0.1608349084854126,-0.5430423021316528,-0.8643736243247986,-0.6670976877212524
xlm-roberta-base,zh,36,mean_pool,0.1732046604156494,-0.4772163927555084,-0.8384630680084229,-0.3877028226852417
xlm-roberta-base,zh,37,mean_pool,0.2593483924865722,-0.6888552904129028,-0.9266157746315002,-0.684709906578064
xlm-roberta-base,zh,38,mean_pool,0.25153449177742,-0.4006310105323791,-0.8891496658325195,-0.728111207485199
xlm-roberta-base,zh,39,mean_pool,0.204483762383461,-0.5021560192108154,-0.7996883392333984,-0.5678945183753967
xlm-roberta-base,zh,40,mean_pool,0.1862301677465438,-0.5136818289756775,-0.739993691444397,-0.5011959671974182
xlm-roberta-base,zh,41,mean_pool,0.1429478526115417,-0.652952253818512,-0.7462196350097656,-0.5616481304168701
xlm-roberta-base,zh,42,mean_pool,0.1687448173761367,-0.7194869518280029,-0.8744056224822998,-0.5840998291969299
xlm-roberta-base,zh,43,mean_pool,0.1672788262367248,-0.5426891446113586,-0.8788843750953674,-0.7090412378311157
xlm-roberta-base,zh,44,mean_pool,0.1977741569280624,-0.5700497031211853,-0.9169735312461852,-0.6056085824966431
xlm-roberta-base,zh,45,mean_pool,0.2290854305028915,-0.5372233390808105,-0.8502281904220581,-0.5774818658828735
xlm-roberta-base,zh,46,mean_pool,0.112325832247734,-0.7266427874565125,-0.8547282218933105,-0.729076087474823
xlm-roberta-base,zh,47,mean_pool,0.2004282921552658,-0.5679139494895935,-0.915548861026764,-0.6226279139518738
xlm-roberta-base,zh,48,mean_pool,0.2772227823734283,-0.4890945255756378,-0.8748254776000977,-0.6306695342063904
xlm-roberta-base,zh,49,mean_pool,0.1730559021234512,-0.5871718525886536,-0.8475378155708313,-0.5573746562004089
xlm-roberta-base,zh,50,mean_pool,0.1415928304195404,-0.4505944848060608,-0.8961815237998962,-0.7293896079063416
xlm-roberta-base,zh,51,mean_pool,0.1973728388547897,-0.3183424472808838,-0.7740651369094849,-0.6005234122276306
xlm-roberta-base,zh,52,mean_pool,0.041962094604969,-0.5503390431404114,-0.8369864821434021,-0.4185905754566192
xlm-roberta-base,zh,53,mean_pool,0.2341251522302627,-0.471086710691452,-0.8022572994232178,-0.506230890750885
xlm-roberta-base,zh,54,mean_pool,0.1897912770509719,-0.5504467487335205,-0.88777756690979,-0.7244255542755127
xlm-roberta-base,zh,55,mean_pool,0.2268486618995666,-0.5803163647651672,-0.8549243807792664,-0.5713769793510437
xlm-roberta-base,zh,56,mean_pool,0.153010755777359,-0.5253476500511169,-0.8319360613822937,-0.5648083686828613
xlm-roberta-base,zh,57,mean_pool,0.2195258736610412,-0.5817798972129822,-0.8622167110443115,-0.5271970629692078
xlm-roberta-base,zh,58,mean_pool,0.2087214589118957,-0.503056526184082,-0.7596303224563599,-0.5912779569625854
xlm-roberta-base,zh,59,mean_pool,0.2158320248126983,-0.5530334711074829,-0.8484904170036316,-0.5108125805854797
xlm-roberta-base,zh,60,mean_pool,0.1649977564811706,-0.5940414667129517,-0.8527665734291077,-0.5499975681304932
xlm-roberta-base,zh,61,mean_pool,0.1605640351772308,-0.6037541031837463,-0.8040636777877808,-0.5613279938697815
xlm-roberta-base,zh,62,mean_pool,0.1151617988944053,-0.5771719217300415,-0.8429275751113892,-0.632087230682373
xlm-roberta-base,zh,63,mean_pool,0.0955574139952659,-0.5564766526222229,-0.8294448852539062,-0.5770221948623657
xlm-roberta-base,zh,64,mean_pool,0.2443632930517196,-0.4744982719421386,-0.8871904611587524,-0.6480597853660583
xlm-roberta-base,zh,65,mean_pool,0.1560269892215728,-0.5244818329811096,-0.852121889591217,-0.6650694012641907
xlm-roberta-base,zh,66,mean_pool,0.1849892735481262,-0.6908050179481506,-0.9029093384742736,-0.6706304550170898
xlm-roberta-base,zh,67,mean_pool,0.0903851762413978,-0.6303671598434448,-0.778242826461792,-0.5660147666931152
xlm-roberta-base,zh,68,mean_pool,0.1125528886914253,-0.707023024559021,-0.828887403011322,-0.7008376121520996
xlm-roberta-base,zh,69,mean_pool,0.1974179744720459,-0.4194547533988952,-0.8375009894371033,-0.3695048093795776
xlm-roberta-base,zh,70,mean_pool,0.2329398542642593,-0.3892310857772827,-0.8015937805175781,-0.6158376336097717
xlm-roberta-base,zh,71,mean_pool,0.2671862542629242,-0.6523346900939941,-0.9029462337493896,-0.6073097586631775
xlm-roberta-base,zh,72,mean_pool,0.1046398356556892,-0.6456527709960938,-0.8211227655410767,-0.6310991644859314
xlm-roberta-base,zh,73,mean_pool,0.2182541340589523,-0.5266236066818237,-0.8555442690849304,-0.5491271615028381
xlm-roberta-base,zh,74,mean_pool,0.1670456379652023,-0.5586772561073303,-0.8821194767951965,-0.5598143935203552
xlm-roberta-base,zh,75,mean_pool,0.1064522191882133,-0.5484782457351685,-0.8565150499343872,-0.5686786770820618
xlm-roberta-base,zh,76,mean_pool,0.256161093711853,-0.5042943954467773,-0.8543384075164795,-0.608496367931366
xlm-roberta-base,zh,77,mean_pool,0.2029758840799331,-0.4898171424865722,-0.8562461733818054,-0.6801567077636719
xlm-roberta-base,zh,78,mean_pool,0.2709597945213318,-0.4723170399665832,-0.8589367866516113,-0.541141152381897
xlm-roberta-base,zh,79,mean_pool,0.2413786947727203,-0.3756386637687683,-0.8925149440765381,-0.4251896739006042
xlm-roberta-base,zh,80,mean_pool,0.199508711695671,-0.5905635952949524,-0.7191069722175598,-0.3326205313205719
xlm-roberta-base,zh,81,mean_pool,0.2324047535657882,-0.3793967366218567,-0.88593989610672,-0.6246258616447449
xlm-roberta-base,zh,82,mean_pool,0.214563712477684,-0.4714981615543365,-0.90083110332489,-0.6270561218261719
xlm-roberta-base,zh,83,mean_pool,0.138412594795227,-0.5667038559913635,-0.8952291011810303,-0.7299442887306213
xlm-roberta-base,zh,84,mean_pool,0.1706871837377548,-0.5094303488731384,-0.7129672765731812,-0.4604806303977966
xlm-roberta-base,zh,85,mean_pool,0.1101685240864753,-0.6644798517227173,-0.882372260093689,-0.66180419921875
xlm-roberta-base,zh,86,mean_pool,0.231261596083641,-0.4052467346191406,-0.8948431611061096,-0.4181544780731201
xlm-roberta-base,zh,87,mean_pool,0.1576852053403854,-0.7277018427848816,-0.8837387561798096,-0.6986674070358276
xlm-roberta-base,zh,88,mean_pool,0.3000129461288452,-0.472575694322586,-0.9140809774398804,-0.5869806408882141
xlm-roberta-base,zh,89,mean_pool,0.1371700763702392,-0.513301432132721,-0.8063622117042542,-0.5912081599235535
xlm-roberta-base,zh,90,mean_pool,0.1856207400560379,-0.6583148241043091,-0.8662343621253967,-0.5496943593025208
xlm-roberta-base,zh,91,mean_pool,0.1203648447990417,-0.5043197274208069,-0.6516141295433044,-0.5384891629219055
xlm-roberta-base,zh,92,mean_pool,0.2281288057565689,-0.6945604085922241,-0.9050843715667723,-0.6370129585266113
xlm-roberta-base,zh,93,mean_pool,0.1341651082038879,-0.6887190341949463,-0.883361279964447,-0.7664799094200134
xlm-roberta-base,zh,94,mean_pool,0.2246830910444259,-0.4295798540115356,-0.8589930534362793,-0.6641868948936462
xlm-roberta-base,zh,95,mean_pool,0.1287794858217239,-0.6198902130126953,-0.8496995568275452,-0.5794307589530945
xlm-roberta-base,zh,96,mean_pool,0.1151591092348098,-0.5234394669532776,-0.8455100059509277,-0.6400270462036133
xlm-roberta-base,zh,97,mean_pool,0.1545168757438659,-0.4708859920501709,-0.7904838919639587,-0.5387791991233826
xlm-roberta-base,zh,98,mean_pool,0.1522257477045059,-0.5766531229019165,-0.8776543736457825,-0.6981819272041321
xlm-roberta-base,zh,99,mean_pool,0.1458764523267746,-0.4997948110103607,-0.789089560508728,-0.4901386499404907
xlm-roberta-base,zh,100,mean_pool,0.2395450621843338,-0.2798666059970855,-0.8253934979438782,-0.4336106479167938
xlm-roberta-base,zh,101,mean_pool,0.2172089666128158,-0.3839651942253113,-0.8434427976608276,-0.6184421181678772
xlm-roberta-base,zh,102,mean_pool,0.2590463757514953,-0.3330074250698089,-0.8740730881690979,-0.5702112317085266
xlm-roberta-base,zh,103,mean_pool,0.2144580632448196,-0.4006038308143616,-0.8650820851325989,-0.4998450577259063
xlm-roberta-base,zh,104,mean_pool,0.1224464252591133,-0.4934568703174591,-0.769036591053009,-0.4811617732048034
xlm-roberta-base,zh,105,mean_pool,0.1579996347427368,-0.6548490524291992,-0.8630295395851135,-0.658111572265625
xlm-roberta-base,zh,106,mean_pool,0.1254916787147522,-0.2415180057287216,-0.7089172005653381,-0.3557759821414947
xlm-roberta-base,zh,107,mean_pool,0.2089851349592209,-0.6458679437637329,-0.9011035561561584,-0.5656911134719849
xlm-roberta-base,zh,108,mean_pool,0.261961430311203,-0.5934991836547852,-0.8901117444038391,-0.5554137825965881
xlm-roberta-base,zh,109,mean_pool,0.2179280817508697,-0.3820019364356994,-0.8491109013557434,-0.6452009677886963
xlm-roberta-base,zh,110,mean_pool,0.2085986286401748,-0.5275711417198181,-0.8594029545783997,-0.574965238571167
xlm-roberta-base,zh,111,mean_pool,0.1671067625284195,-0.6410120129585266,-0.8027439713478088,-0.500690221786499
xlm-roberta-base,zh,112,mean_pool,0.2059374302625656,-0.6273193955421448,-0.8675309419631958,-0.6972389817237854
xlm-roberta-base,zh,113,mean_pool,0.2215864658355713,-0.5366568565368652,-0.814071774482727,-0.542023241519928
xlm-roberta-base,zh,114,mean_pool,0.1527196913957595,-0.615773618221283,-0.8797773718833923,-0.6251701712608337
xlm-roberta-base,zh,115,mean_pool,0.1168712824583053,-0.6486290097236633,-0.8626176714897156,-0.6701266169548035
xlm-roberta-base,zh,116,mean_pool,0.224923089146614,-0.4332741498947143,-0.8147746324539185,-0.5426416993141174
xlm-roberta-base,zh,117,mean_pool,0.1500371545553207,-0.6089968085289001,-0.8453998565673828,-0.5489550232887268
xlm-roberta-base,zh,118,mean_pool,0.232030376791954,-0.6009365916252136,-0.9004219174385071,-0.4639826416969299
xlm-roberta-base,zh,119,mean_pool,0.2171009629964828,-0.3543929159641266,-0.8559901118278503,-0.4790933430194855
xlm-roberta-base,zh,120,mean_pool,0.1995220482349395,-0.6146798133850098,-0.7996954321861267,-0.5125313401222229
xlm-roberta-base,zh,121,mean_pool,0.2384231388568878,-0.5588126182556152,-0.866253137588501,-0.5867235064506531
xlm-roberta-base,zh,122,mean_pool,0.1627824902534485,-0.7702816128730774,-0.8901289701461792,-0.6836908459663391
xlm-roberta-base,zh,123,mean_pool,0.2335865944623947,-0.5401644706726074,-0.8948870301246643,-0.619405210018158
xlm-roberta-base,zh,124,mean_pool,0.1923505812883377,-0.5815836787223816,-0.90872323513031,-0.720276951789856
xlm-roberta-base,zh,125,mean_pool,0.2065201103687286,-0.5936512351036072,-0.867479145526886,-0.6439670324325562
xlm-roberta-base,zh,126,mean_pool,0.1162540912628173,-0.7237449288368225,-0.8828528523445129,-0.7328251004219055
xlm-roberta-base,zh,127,mean_pool,0.1893935948610305,-0.5863526463508606,-0.8496788740158081,-0.5303257703781128
xlm-roberta-base,zh,128,mean_pool,0.2382978349924087,-0.2973345816135406,-0.8449521660804749,-0.5894002318382263
xlm-roberta-base,zh,129,mean_pool,0.1781129688024521,-0.4321421682834625,-0.8277146220207214,-0.3489709198474884
xlm-roberta-base,zh,130,mean_pool,0.1414358466863632,-0.4439292550086975,-0.8453763127326965,-0.654289186000824
xlm-roberta-base,zh,131,mean_pool,0.131790280342102,-0.4477777481079101,-0.850695788860321,-0.6647076606750488
xlm-roberta-base,zh,132,mean_pool,0.2096078544855117,-0.6308903694152832,-0.815687358379364,-0.532458484172821
xlm-roberta-base,zh,133,mean_pool,0.1837563514709472,-0.3384391665458679,-0.7693814635276794,-0.5412326455116272
xlm-roberta-base,zh,134,mean_pool,0.1115328073501586,-0.5734403133392334,-0.841347873210907,-0.6200885772705078
xlm-roberta-base,zh,135,mean_pool,0.1410524845123291,-0.6647307276725769,-0.9057343006134032,-0.7552413940429688
xlm-roberta-base,zh,136,mean_pool,0.1477653533220291,-0.5876758098602295,-0.8568111062049866,-0.5263544917106628
xlm-roberta-base,zh,137,mean_pool,0.1833259165287017,-0.6754496693611145,-0.869598925113678,-0.663113534450531
xlm-roberta-base,zh,138,mean_pool,0.156289055943489,-0.599216103553772,-0.831511378288269,-0.5725847482681274
xlm-roberta-base,zh,139,mean_pool,0.1254337430000305,-0.5635309815406799,-0.8353646993637085,-0.5425142645835876
xlm-roberta-base,zh,140,mean_pool,0.1694740206003189,-0.6237238645553589,-0.9076734185218812,-0.6607997417449951
xlm-roberta-base,zh,141,mean_pool,0.0649960115551948,-0.5857021808624268,-0.840019941329956,-0.5036607980728149
xlm-roberta-base,zh,142,mean_pool,0.1871622651815414,-0.5700895190238953,-0.8521023392677307,-0.538555383682251
xlm-roberta-base,zh,143,mean_pool,0.1322525292634964,-0.5842999815940857,-0.824686586856842,-0.612358570098877
xlm-roberta-base,zh,144,mean_pool,0.0775263234972953,-0.5435455441474915,-0.8036714792251587,-0.6820016503334045
xlm-roberta-base,zh,145,mean_pool,0.2568194568157196,-0.6679061651229858,-0.9035568237304688,-0.6344208121299744
xlm-roberta-base,zh,146,mean_pool,0.1363193094730377,-0.5064699053764343,-0.8261297345161438,-0.585268497467041
xlm-roberta-base,zh,147,mean_pool,0.1151439100503921,-0.5161415934562683,-0.8021715879440308,-0.7146162390708923
xlm-roberta-base,zh,148,mean_pool,0.227289468050003,-0.4946934282779693,-0.8834230303764343,-0.516061544418335
xlm-roberta-base,zh,149,mean_pool,0.0563204325735569,-0.5872264504432678,-0.599220335483551,-0.5811641216278076
xlm-roberta-base,zh,150,mean_pool,0.2602203786373138,-0.5997059345245361,-0.8677119612693787,-0.554073691368103
xlm-roberta-base,zh,151,mean_pool,0.1153657808899879,-0.684469997882843,-0.8705039024353027,-0.6106392741203308
xlm-roberta-base,zh,152,mean_pool,0.0758578181266784,-0.4437518417835235,-0.6271041631698608,-0.4375585615634918
xlm-roberta-base,zh,153,mean_pool,0.2550906240940094,-0.4780996441841125,-0.8629603385925293,-0.6218559145927429
xlm-roberta-base,zh,154,mean_pool,0.3081488609313965,-0.5094270706176758,-0.8960773944854736,-0.6881611347198486
xlm-roberta-base,zh,155,mean_pool,0.1622271090745926,-0.5851879715919495,-0.7537122368812561,-0.5750256776809692
xlm-roberta-base,zh,156,mean_pool,0.2640054523944855,-0.2088061571121215,-0.8593398928642273,-0.4260666072368622
xlm-roberta-base,zh,157,mean_pool,0.1670881956815719,-0.5658015012741089,-0.7842170000076294,-0.3530135452747345
xlm-roberta-base,zh,158,mean_pool,0.1294873654842376,-0.5307579040527344,-0.853565514087677,-0.5979665517807007
xlm-roberta-base,zh,159,mean_pool,0.2288371175527572,-0.4176169633865356,-0.9070385694503784,-0.5863012671470642
xlm-roberta-base,en,0,marker_pool,0.3517860472202301,-0.3077693283557892,-0.8394680023193359,-0.2433418035507202
xlm-roberta-base,en,1,marker_pool,0.317393034696579,-0.3176909685134887,-0.7894715666770935,-0.2936473488807678
xlm-roberta-base,en,2,marker_pool,0.3081099390983581,-0.2606120109558105,-0.8253606557846069,-0.1413263380527496
xlm-roberta-base,en,3,marker_pool,0.3420614302158355,-0.2361593395471573,-0.8598317503929138,-0.2886397540569305
xlm-roberta-base,en,4,marker_pool,0.3628949522972107,-0.2272263765335083,-0.8316558003425598,-0.175023928284645
xlm-roberta-base,en,5,marker_pool,0.3154579997062683,-0.2831609547138214,-0.8766322731971741,-0.3209902644157409
xlm-roberta-base,en,6,marker_pool,0.3299956023693084,-0.2476586252450943,-0.8179960250854492,-0.1262252628803253
xlm-roberta-base,en,7,marker_pool,0.328057587146759,-0.2768377959728241,-0.8200790286064148,-0.2669275403022766
xlm-roberta-base,en,8,marker_pool,0.377269834280014,-0.1438617408275604,-0.8633959293365479,-0.1297395080327987
xlm-roberta-base,en,9,marker_pool,0.3854613304138183,-0.197197213768959,-0.8853598237037659,-0.1731750518083572
xlm-roberta-base,en,10,marker_pool,0.3019386529922485,-0.2763110101222992,-0.7778059244155884,-0.2348093390464782
xlm-roberta-base,en,11,marker_pool,0.3549430966377258,-0.2712879180908203,-0.8520543575286865,-0.0496016964316368
xlm-roberta-base,en,12,marker_pool,0.2955752611160278,-0.294815331697464,-0.8371962904930115,-0.3388340771198272
xlm-roberta-base,en,13,marker_pool,0.3061625957489013,-0.2430149316787719,-0.834662675857544,-0.3582988977432251
xlm-roberta-base,en,14,marker_pool,0.3470227718353271,-0.29734006524086,-0.8587512969970703,-0.2412617206573486
xlm-roberta-base,en,15,marker_pool,0.3160863518714905,-0.3273046612739563,-0.7491750121116638,-0.3650845289230346
xlm-roberta-base,en,16,marker_pool,0.3680200278759002,-0.2864187061786651,-0.8699292540550232,-0.192182645201683
xlm-roberta-base,en,17,marker_pool,0.3521741032600403,-0.3047883212566376,-0.853868305683136,-0.2527082562446594
xlm-roberta-base,en,18,marker_pool,0.3555675745010376,-0.249419555068016,-0.861514687538147,-0.2675831019878387
xlm-roberta-base,en,19,marker_pool,0.3310862779617309,-0.3032063543796539,-0.8477799892425537,-0.2682052552700043
xlm-roberta-base,en,20,marker_pool,0.3556956648826599,-0.3088085651397705,-0.8063989281654358,-0.2849864959716797
xlm-roberta-base,en,21,marker_pool,0.4268802404403686,-0.2402674704790115,-0.863186240196228,-0.0878344401717186
xlm-roberta-base,en,22,marker_pool,0.3265840709209442,-0.3384514153003692,-0.8013912439346313,-0.2636742293834686
xlm-roberta-base,en,23,marker_pool,0.3855831921100616,-0.1845248788595199,-0.866098165512085,-0.1701844036579132
xlm-roberta-base,en,24,marker_pool,0.3024248480796814,-0.2538534700870514,-0.8803001046180725,-0.4362068474292755
xlm-roberta-base,en,25,marker_pool,0.3328288793563843,-0.31812185049057,-0.8767642378807068,-0.2771482467651367
xlm-roberta-base,en,26,marker_pool,0.3421041071414947,-0.2843758463859558,-0.8604643940925598,-0.2876133918762207
xlm-roberta-base,en,27,marker_pool,0.3492474853992462,-0.2920186221599579,-0.8263485431671143,-0.3031626343727112
xlm-roberta-base,en,28,marker_pool,0.3122905492782593,-0.1993988156318664,-0.8188504576683044,-0.1336684226989746
xlm-roberta-base,en,29,marker_pool,0.3027366697788238,-0.3606054484844208,-0.8537850379943848,-0.4987242817878723
xlm-roberta-base,en,30,marker_pool,0.3531984388828277,-0.3303038775920868,-0.8598970174789429,-0.2152203023433685
xlm-roberta-base,en,31,marker_pool,0.3447510600090027,-0.3041790127754211,-0.8580486178398132,-0.23991659283638
xlm-roberta-base,en,32,marker_pool,0.3434019088745117,-0.3389023840427398,-0.8624725937843323,-0.3252397179603576
xlm-roberta-base,en,33,marker_pool,0.3545371294021606,-0.2300575077533722,-0.8690725564956665,-0.1988480985164642
xlm-roberta-base,en,34,marker_pool,0.3510202169418335,-0.3501156568527221,-0.8630278706550598,-0.4126693904399872
xlm-roberta-base,en,35,marker_pool,0.3577758967876434,-0.1588270366191864,-0.874208927154541,-0.2342332005500793
xlm-roberta-base,en,36,marker_pool,0.3151609003543854,-0.2924140989780426,-0.822140634059906,-0.2987757623195648
xlm-roberta-base,en,37,marker_pool,0.3042908906936645,-0.1788221448659896,-0.8414132595062256,-0.4750785529613495
xlm-roberta-base,en,38,marker_pool,0.3257380425930023,-0.2727881073951721,-0.8531479239463806,-0.2219097912311554
xlm-roberta-base,en,39,marker_pool,0.3492053151130676,-0.2443253397941589,-0.8604668974876404,-0.2792728543281555
xlm-roberta-base,en,40,marker_pool,0.3563015758991241,-0.253676027059555,-0.8635579943656921,-0.0866782516241073
xlm-roberta-base,en,41,marker_pool,0.3421461582183838,-0.2588130831718445,-0.870309054851532,-0.3417302072048187
xlm-roberta-base,en,42,marker_pool,0.3188721835613251,-0.2388177365064621,-0.8375536799430847,-0.2848520278930664
xlm-roberta-base,en,43,marker_pool,0.3371592760086059,-0.3215885758399963,-0.8334962129592896,-0.3108165264129638
xlm-roberta-base,en,44,marker_pool,0.34309783577919,-0.2650220990180969,-0.8640027642250061,-0.255987137556076
xlm-roberta-base,en,45,marker_pool,0.328262597322464,-0.383131206035614,-0.7917467951774597,-0.2239905148744583
xlm-roberta-base,en,46,marker_pool,0.3031933605670929,-0.1934137791395187,-0.8620476722717285,-0.314148336648941
xlm-roberta-base,en,47,marker_pool,0.3213651180267334,-0.3051138818264007,-0.8359969854354858,-0.1768773645162582
xlm-roberta-base,en,48,marker_pool,0.3760714530944824,-0.1981373429298401,-0.8284125328063965,-0.2700864672660827
xlm-roberta-base,en,49,marker_pool,0.3634645342826843,-0.327746719121933,-0.8637983798980713,-0.2483004182577133
xlm-roberta-base,en,50,marker_pool,0.3210056722164154,-0.3381694555282593,-0.7640932202339172,-0.2824448943138122
xlm-roberta-base,en,51,marker_pool,0.3570329248905182,-0.2362994253635406,-0.8339272141456604,-0.2493291646242141
xlm-roberta-base,en,52,marker_pool,0.3283006250858307,-0.3587137162685394,-0.8046198487281799,-0.302258163690567
xlm-roberta-base,en,53,marker_pool,0.3307907879352569,-0.275064468383789,-0.8517082333564758,-0.3454237878322601
xlm-roberta-base,en,54,marker_pool,0.3555999994277954,-0.3190094530582428,-0.8130453824996948,-0.2712709605693817
xlm-roberta-base,en,55,marker_pool,0.3738256394863128,-0.1936366260051727,-0.8743444085121155,-0.1563982665538787
xlm-roberta-base,en,56,marker_pool,0.3211956918239593,-0.364747017621994,-0.7944519519805908,-0.374910831451416
xlm-roberta-base,en,57,marker_pool,0.3585023581981659,-0.2353602349758148,-0.8309474587440491,-0.2177176624536514
xlm-roberta-base,en,58,marker_pool,0.3171542584896087,-0.2056241780519485,-0.8512430191040039,-0.2877025008201599
xlm-roberta-base,en,59,marker_pool,0.2907142043113708,-0.2911326587200165,-0.8416306376457214,-0.4538399875164032
xlm-roberta-base,en,60,marker_pool,0.2967317998409271,-0.2839261889457702,-0.8137723207473755,-0.2388587445020675
xlm-roberta-base,en,61,marker_pool,0.2832300364971161,-0.2092187702655792,-0.8251887559890747,-0.3117108047008514
xlm-roberta-base,en,62,marker_pool,0.3323604762554168,-0.3252955973148346,-0.8486036658287048,-0.1326878666877746
xlm-roberta-base,en,63,marker_pool,0.322680652141571,-0.3710123896598816,-0.8093547224998474,-0.1900797933340072
xlm-roberta-base,en,64,marker_pool,0.3140792846679687,-0.3489933013916015,-0.7558375597000122,-0.3735130429267883
xlm-roberta-base,en,65,marker_pool,0.3418440520763397,-0.2551513016223907,-0.8494004011154175,-0.2212138324975967
xlm-roberta-base,en,66,marker_pool,0.3429852724075317,-0.2564875483512878,-0.8229343891143799,-0.0699328854680061
xlm-roberta-base,en,67,marker_pool,0.2972302138805389,-0.2531718611717224,-0.8414595723152161,-0.1747616976499557
xlm-roberta-base,en,68,marker_pool,0.3390809595584869,-0.2455071061849594,-0.844609797000885,-0.2100297510623932
xlm-roberta-base,en,69,marker_pool,0.2996233105659485,-0.3289667069911957,-0.7722529768943787,-0.2974472045898437
xlm-roberta-base,en,70,marker_pool,0.2568580210208893,-0.2896357476711273,-0.8192065954208374,-0.4459680318832397
xlm-roberta-base,en,71,marker_pool,0.2915286123752594,-0.264154702425003,-0.840936541557312,-0.4562602937221527
xlm-roberta-base,en,72,marker_pool,0.294322520494461,-0.3318798840045929,-0.8256842494010925,-0.1491625010967254
xlm-roberta-base,en,73,marker_pool,0.3462025225162506,-0.1884772479534149,-0.8043065667152405,-0.366639107465744
xlm-roberta-base,en,74,marker_pool,0.3628676235675812,-0.3259105980396271,-0.8858454823493958,-0.3433657586574554
xlm-roberta-base,en,75,marker_pool,0.3632800579071045,-0.2513692080974579,-0.8689854145050049,-0.2350236773490905
xlm-roberta-base,en,76,marker_pool,0.2923552989959717,-0.2890410125255584,-0.818949818611145,-0.3586525321006775
xlm-roberta-base,en,77,marker_pool,0.3824927508831024,-0.1971144676208496,-0.8183460831642151,-0.2350637465715408
xlm-roberta-base,en,78,marker_pool,0.3497684895992279,-0.3280926048755646,-0.8115726709365845,-0.2654973566532135
xlm-roberta-base,en,79,marker_pool,0.3759101331233978,-0.3212725818157196,-0.8595017194747925,-0.1490921378135681
xlm-roberta-base,en,80,marker_pool,0.3640283942222595,-0.2993979752063751,-0.8695583343505859,-0.2436840385198593
xlm-roberta-base,en,81,marker_pool,0.3104750216007232,-0.2741436958312988,-0.8451939821243286,-0.0757509768009185
xlm-roberta-base,en,82,marker_pool,0.3405527770519256,-0.2186428308486938,-0.875799834728241,-0.3757976293563843
xlm-roberta-base,en,83,marker_pool,0.3118622899055481,-0.3315503001213074,-0.8683708310127258,-0.2869716286659241
xlm-roberta-base,en,84,marker_pool,0.3134917914867401,-0.2784416973590851,-0.8395551443099976,-0.2696751654148102
xlm-roberta-base,en,85,marker_pool,0.3779050707817077,-0.1692174077033996,-0.8774197101593018,-0.1603157520294189
xlm-roberta-base,en,86,marker_pool,0.3085612952709198,-0.3145023584365845,-0.8153930306434631,-0.2185986340045929
xlm-roberta-base,en,87,marker_pool,0.320527046918869,-0.1715851724147796,-0.8156954646110535,-0.288216084241867
xlm-roberta-base,en,88,marker_pool,0.2822821736335754,-0.2648850679397583,-0.8463338613510132,-0.3558251559734344
xlm-roberta-base,en,89,marker_pool,0.3391649127006531,-0.2503068149089813,-0.8508689999580383,-0.1318496316671371
xlm-roberta-base,en,90,marker_pool,0.3579607605934143,-0.2541629076004028,-0.7990055680274963,-0.2760922014713287
xlm-roberta-base,en,91,marker_pool,0.344865620136261,-0.2607069611549377,-0.8693466186523438,-0.2904112637042999
xlm-roberta-base,en,92,marker_pool,0.318119078874588,-0.3434832394123077,-0.8650802373886108,-0.2993403077125549
xlm-roberta-base,en,93,marker_pool,0.3443730771541595,-0.3131582140922546,-0.7444604635238647,-0.3172790110111236
xlm-roberta-base,en,94,marker_pool,0.2991999983787536,-0.2661756575107574,-0.8275349140167236,-0.2364145517349243
xlm-roberta-base,en,95,marker_pool,0.3316960632801056,-0.2600409388542175,-0.8553987145423889,-0.2910361886024475
xlm-roberta-base,en,96,marker_pool,0.3560555875301361,-0.3532021939754486,-0.8708239197731018,-0.2764348685741424
xlm-roberta-base,en,97,marker_pool,0.2657467126846313,-0.286895751953125,-0.8383461833000183,-0.362697571516037
xlm-roberta-base,en,98,marker_pool,0.3571176528930664,-0.3109715580940246,-0.8559933304786682,-0.2652953565120697
xlm-roberta-base,en,99,marker_pool,0.3427698612213135,-0.1656859070062637,-0.8545239567756653,-0.2447377145290374
xlm-roberta-base,en,100,marker_pool,0.3527304232120514,-0.3004677593708038,-0.8685044646263123,-0.296979695558548
xlm-roberta-base,en,101,marker_pool,0.3498650789260864,-0.1578261107206344,-0.8585686087608337,-0.3957045078277588
xlm-roberta-base,en,102,marker_pool,0.3299362659454345,-0.2938807606697082,-0.8236692547798157,-0.3298171162605285
xlm-roberta-base,en,103,marker_pool,0.3032718896865845,-0.2853055000305176,-0.7968770861625671,-0.3762789368629455
xlm-roberta-base,en,104,marker_pool,0.3233266174793243,-0.2532394826412201,-0.8341374397277832,-0.2601073086261749
xlm-roberta-base,en,105,marker_pool,0.3373521566390991,-0.2893728017807007,-0.8305618166923523,-0.3587365746498108
xlm-roberta-base,en,106,marker_pool,0.3211787939071655,-0.3804352283477783,-0.8743392825126648,-0.3241349160671234
xlm-roberta-base,en,107,marker_pool,0.34229177236557,-0.2974239289760589,-0.8343324661254883,-0.1680227816104889
xlm-roberta-base,en,108,marker_pool,0.311962366104126,-0.2059313058853149,-0.8664284348487854,-0.2785485088825226
xlm-roberta-base,en,109,marker_pool,0.3187526166439056,-0.3567903637886047,-0.8258398175239563,-0.1212703585624694
xlm-roberta-base,en,110,marker_pool,0.3251706957817077,-0.2708807289600372,-0.8467599749565125,-0.358608067035675
xlm-roberta-base,en,111,marker_pool,0.3373969495296478,-0.2871485948562622,-0.828069806098938,-0.3136618435382843
xlm-roberta-base,en,112,marker_pool,0.3063469529151916,-0.3216101825237274,-0.7699558734893799,-0.3565888106822967
xlm-roberta-base,en,113,marker_pool,0.3289942443370819,-0.2327665984630584,-0.869059145450592,-0.2843560576438904
xlm-roberta-base,en,114,marker_pool,0.3453611135482788,-0.2976059019565582,-0.8005525469779968,-0.2913609445095062
xlm-roberta-base,en,115,marker_pool,0.3330211043357849,-0.3056600093841553,-0.8463341593742371,-0.3868621289730072
xlm-roberta-base,en,116,marker_pool,0.3212740421295166,-0.2864682376384735,-0.8247186541557312,-0.3237575590610504
xlm-roberta-base,en,117,marker_pool,0.2940603196620941,-0.2767702043056488,-0.7622363567352295,-0.2719283401966095
xlm-roberta-base,en,118,marker_pool,0.3825195729732513,-0.2687678039073944,-0.8650621771812439,-0.1795343309640884
xlm-roberta-base,en,119,marker_pool,0.3742777705192566,-0.1755213141441345,-0.8334105610847473,-0.1810307800769806
xlm-roberta-base,en,120,marker_pool,0.308765709400177,-0.2908450067043304,-0.8182471394538879,-0.333488404750824
xlm-roberta-base,en,121,marker_pool,0.2784553170204162,-0.2838867902755737,-0.8283187747001648,-0.4093260169029236
xlm-roberta-base,en,122,marker_pool,0.3537891507148742,-0.1743825376033783,-0.867857813835144,-0.2402121722698211
xlm-roberta-base,en,123,marker_pool,0.3078398406505584,-0.241344466805458,-0.835539698600769,-0.1487717926502227
xlm-roberta-base,en,124,marker_pool,0.3126088678836822,-0.285496324300766,-0.7871806621551514,-0.3152703940868377
xlm-roberta-base,en,125,marker_pool,0.3070553541183471,-0.4276019930839538,-0.8412235975265503,-0.4358253479003906
xlm-roberta-base,en,126,marker_pool,0.3633742332458496,-0.3041767179965973,-0.843917727470398,-0.2106621265411377
xlm-roberta-base,en,127,marker_pool,0.3251641392707824,-0.2875208258628845,-0.8367595076560974,-0.3784320950508117
xlm-roberta-base,en,128,marker_pool,0.3277148306369781,-0.3132438063621521,-0.886058509349823,-0.4344391822814941
xlm-roberta-base,en,129,marker_pool,0.3070041537284851,-0.3198980391025543,-0.826861560344696,-0.297649621963501
xlm-roberta-base,en,130,marker_pool,0.3334534168243408,-0.2917196154594421,-0.8241621851921082,-0.3139934241771698
xlm-roberta-base,en,131,marker_pool,0.3135146200656891,-0.3016317188739776,-0.8045278191566467,-0.2952184081077575
xlm-roberta-base,en,132,marker_pool,0.2950742244720459,-0.337521493434906,-0.762551486492157,-0.3856374025344848
xlm-roberta-base,en,133,marker_pool,0.3466126322746277,-0.2080899178981781,-0.8349372148513794,-0.0972699150443077
xlm-roberta-base,en,134,marker_pool,0.3270532190799713,-0.3056741654872894,-0.8251112103462219,-0.3377969264984131
xlm-roberta-base,en,135,marker_pool,0.3369642496109009,-0.3166466951370239,-0.8408835530281067,-0.3166229426860809
xlm-roberta-base,en,136,marker_pool,0.3456032872200012,-0.2599803805351257,-0.8688850402832031,-0.1563981473445892
xlm-roberta-base,en,137,marker_pool,0.2838924527168274,-0.2844984531402588,-0.8541575074195862,-0.4169680774211883
xlm-roberta-base,en,138,marker_pool,0.3238822817802429,-0.2823943495750427,-0.8423317074775696,-0.1776758581399917
xlm-roberta-base,en,139,marker_pool,0.3053238093852997,-0.2668988704681396,-0.8292019367218018,-0.2907232642173767
xlm-roberta-base,en,140,marker_pool,0.3170385658740997,-0.3300468921661377,-0.7826073169708252,-0.256582111120224
xlm-roberta-base,en,141,marker_pool,0.2863651514053345,-0.3184358179569244,-0.8337588310241699,-0.4088404774665832
xlm-roberta-base,en,142,marker_pool,0.3425228595733642,-0.3411953449249267,-0.877065896987915,-0.4195726215839386
xlm-roberta-base,en,143,marker_pool,0.3418431878089905,-0.184081420302391,-0.8619865775108337,-0.371539294719696
xlm-roberta-base,en,144,marker_pool,0.3950830399990082,-0.1897869557142257,-0.858708381652832,-0.2562756240367889
xlm-roberta-base,en,145,marker_pool,0.3826103210449219,-0.1458314955234527,-0.853150486946106,-0.1668087393045425
xlm-roberta-base,en,146,marker_pool,0.3399249315261841,-0.3197210133075714,-0.8352664709091187,-0.3080577254295349
xlm-roberta-base,en,147,marker_pool,0.2993439733982086,-0.2836568653583526,-0.8742198348045349,-0.3252760767936706
xlm-roberta-base,en,148,marker_pool,0.3345390558242798,-0.2477450668811798,-0.8503124713897705,-0.3058110177516937
xlm-roberta-base,en,149,marker_pool,0.3432267606258392,-0.2992259860038757,-0.799614429473877,-0.3151927292346954
xlm-roberta-base,en,150,marker_pool,0.3418664634227752,-0.2568565011024475,-0.867301881313324,-0.2828870415687561
xlm-roberta-base,en,151,marker_pool,0.316335916519165,-0.286545991897583,-0.8323014974594116,-0.393683522939682
xlm-roberta-base,en,152,marker_pool,0.3035955727100372,-0.2185524702072143,-0.8525115847587585,-0.2739956974983215
xlm-roberta-base,en,153,marker_pool,0.3189368546009063,-0.1834903061389923,-0.8596094250679016,-0.2963044345378876
xlm-roberta-base,en,154,marker_pool,0.3266418874263763,-0.2986864149570465,-0.8059702515602112,-0.1938589364290237
xlm-roberta-base,en,155,marker_pool,0.3527287244796753,-0.3162104487419128,-0.8724296689033508,-0.1915420144796371
xlm-roberta-base,en,156,marker_pool,0.3403983116149902,-0.242501899600029,-0.8525497317314148,-0.2639596164226532
xlm-roberta-base,en,157,marker_pool,0.3502151370048523,-0.3743864297866821,-0.8753165602684021,-0.3039425611495971
xlm-roberta-base,en,158,marker_pool,0.3539369702339172,-0.3718326091766357,-0.8377873301506042,-0.2786740064620971
xlm-roberta-base,en,159,marker_pool,0.3076416552066803,-0.2810873389244079,-0.8209685683250427,-0.428020179271698
xlm-roberta-base,ru,0,marker_pool,0.1193610727787017,-0.3270824551582336,-0.7858364582061768,-0.192541241645813
xlm-roberta-base,ru,1,marker_pool,0.1106237322092056,-0.5055400729179382,-0.7192686200141907,-0.1168675571680069
xlm-roberta-base,ru,2,marker_pool,0.2064669281244278,-0.4486480951309204,-0.5841882228851318,-0.4793792366981506
xlm-roberta-base,ru,3,marker_pool,0.0872994065284729,-0.4000240266323089,-0.7029129266738892,-0.2115204632282257
xlm-roberta-base,ru,4,marker_pool,0.1145384311676025,-0.397987812757492,-0.7627331614494324,0.0226469840854406
xlm-roberta-base,ru,5,marker_pool,0.1460027694702148,-0.3577247560024261,-0.7888634204864502,-0.0650954023003578
xlm-roberta-base,ru,6,marker_pool,0.1260221302509308,-0.4797315597534179,-0.7097417712211609,-0.0635935515165329
xlm-roberta-base,ru,7,marker_pool,0.1166205778717994,-0.4441498219966888,-0.7310688495635986,-0.3226383030414581
xlm-roberta-base,ru,8,marker_pool,0.1016248315572738,-0.4271749556064605,-0.7901759743690491,-0.1842563301324844
xlm-roberta-base,ru,9,marker_pool,0.0635497570037841,-0.3232721388339996,-0.7069647908210754,-0.1767066717147827
xlm-roberta-base,ru,10,marker_pool,0.0828075110912323,-0.2930866479873657,-0.6925119161605835,-0.1047844886779785
xlm-roberta-base,ru,11,marker_pool,0.1208426132798194,-0.2945445775985718,-0.7003623843193054,-0.2159197628498077
xlm-roberta-base,ru,12,marker_pool,0.118147574365139,-0.4606951177120209,-0.7311537265777588,-0.3243737816810608
xlm-roberta-base,ru,13,marker_pool,0.1537044197320938,-0.5085828304290771,-0.6998683214187622,-0.0570049956440925
xlm-roberta-base,ru,14,marker_pool,0.1621241271495819,-0.3479824364185333,-0.751448392868042,-0.1742666363716125
xlm-roberta-base,ru,15,marker_pool,0.067959189414978,-0.4936010539531708,-0.7104524970054626,-0.1811883002519607
xlm-roberta-base,ru,16,marker_pool,0.2210593372583389,-0.4318791627883911,-0.7612734436988831,-0.0769338458776474
xlm-roberta-base,ru,17,marker_pool,0.0959892198443412,-0.4018946290016174,-0.6854416728019714,-0.1422105729579925
xlm-roberta-base,ru,18,marker_pool,0.0668616890907287,-0.4056324660778045,-0.7581722736358643,-0.207339271903038
xlm-roberta-base,ru,19,marker_pool,0.1543283015489578,-0.4175886213779449,-0.5688077211380005,-0.1983801275491714
xlm-roberta-base,ru,20,marker_pool,0.1079025343060493,-0.5181067585945129,-0.7431831955909729,-0.0444929115474224
xlm-roberta-base,ru,21,marker_pool,0.0791656970977783,-0.6226565837860107,-0.6634576320648193,-0.3258793652057647
xlm-roberta-base,ru,22,marker_pool,0.0966333672404289,-0.3947269022464752,-0.7096096277236938,-0.0744648948311805
xlm-roberta-base,ru,23,marker_pool,0.16028992831707,-0.433866798877716,-0.7479373812675476,-0.0677673891186714
xlm-roberta-base,ru,24,marker_pool,0.1366280764341354,-0.301704078912735,-0.7912527322769165,-0.1662163883447647
xlm-roberta-base,ru,25,marker_pool,0.1492298394441604,-0.4659303426742553,-0.6213045120239258,-0.3556250929832458
xlm-roberta-base,ru,26,marker_pool,0.1327443569898605,-0.427676796913147,-0.7266449928283691,-0.0685616135597229
xlm-roberta-base,ru,27,marker_pool,0.1677521020174026,-0.3812608420848846,-0.7728570103645325,-0.1879171133041381
xlm-roberta-base,ru,28,marker_pool,0.2501032650470733,-0.3910353779792785,-0.7898356318473816,-0.0578395649790763
xlm-roberta-base,ru,29,marker_pool,0.2369323670864105,-0.4112780690193176,-0.7134799957275391,-0.0975595340132713
xlm-roberta-base,ru,30,marker_pool,0.2001958340406417,-0.3072817027568817,-0.8359805941581726,-0.0069991420023143
xlm-roberta-base,ru,31,marker_pool,0.118451215326786,-0.6236692667007446,-0.5734326243400574,-0.3559589385986328
xlm-roberta-base,ru,32,marker_pool,0.1046460345387458,-0.4802031219005584,-0.7393633127212524,-0.2243122458457946
xlm-roberta-base,ru,33,marker_pool,0.0891181677579879,-0.3544824421405792,-0.8159712553024292,-0.1283176839351654
xlm-roberta-base,ru,34,marker_pool,0.1036498472094535,-0.4634278416633606,-0.663368284702301,-0.1408098191022873
xlm-roberta-base,ru,35,marker_pool,0.0819402784109115,-0.3979185819625854,-0.7801334261894226,-0.2207192927598953
xlm-roberta-base,ru,36,marker_pool,0.1295149475336074,-0.4306668937206268,-0.7012290358543396,-0.1500169336795807
xlm-roberta-base,ru,37,marker_pool,0.1145477816462516,-0.3518690764904022,-0.7679359316825867,-0.1113669276237487
xlm-roberta-base,ru,38,marker_pool,0.0789566785097122,-0.5015065670013428,-0.6463854312896729,-0.2356094270944595
xlm-roberta-base,ru,39,marker_pool,0.1690931469202041,-0.4497637152671814,-0.7087992429733276,-0.0307799838483333
xlm-roberta-base,ru,40,marker_pool,0.0892500951886177,-0.4319179654121399,-0.7318645715713501,-0.2398209571838379
xlm-roberta-base,ru,41,marker_pool,0.0659602507948875,-0.2850898206233978,-0.7338310480117798,-0.1803101152181625
xlm-roberta-base,ru,42,marker_pool,0.0906328186392784,-0.4986183643341064,-0.7165341973304749,-0.2459352761507034
xlm-roberta-base,ru,43,marker_pool,0.1597458869218826,-0.4587812125682831,-0.7413147687911987,-0.1391619145870208
xlm-roberta-base,ru,44,marker_pool,0.092514730989933,-0.4414703249931335,-0.7825154662132263,-0.0874868854880333
xlm-roberta-base,ru,45,marker_pool,0.0666019469499588,-0.5012767910957336,-0.666286051273346,-0.3596096634864807
xlm-roberta-base,ru,46,marker_pool,0.0159323960542678,-0.597866415977478,-0.4882151186466217,-0.4656480848789215
xlm-roberta-base,ru,47,marker_pool,0.1222863942384719,-0.4354781806468963,-0.7828222513198853,-0.0464099794626235
xlm-roberta-base,ru,48,marker_pool,0.1397846490144729,-0.4510007798671722,-0.7479459047317505,-0.0776979774236679
xlm-roberta-base,ru,49,marker_pool,0.1117015033960342,-0.2856467068195343,-0.7692447900772095,-0.139188602566719
xlm-roberta-base,ru,50,marker_pool,0.1625395864248275,-0.4281337857246399,-0.7354185581207275,-0.2310825288295745
xlm-roberta-base,ru,51,marker_pool,0.09074567258358,-0.3539780676364898,-0.7719447016716003,-0.222986415028572
xlm-roberta-base,ru,52,marker_pool,0.0817730352282524,-0.437456339597702,-0.7119066119194031,-0.2891714572906494
xlm-roberta-base,ru,53,marker_pool,0.1341448426246643,-0.2921332418918609,-0.7656546831130981,-0.0478497482836246
xlm-roberta-base,ru,54,marker_pool,0.1225389391183853,-0.3559808433055877,-0.6572972536087036,-0.2597272396087646
xlm-roberta-base,ru,55,marker_pool,0.1558341830968856,-0.3724240362644195,-0.8115236759185791,-0.1087194085121154
xlm-roberta-base,ru,56,marker_pool,0.1085934564471244,-0.4671461582183838,-0.6691049933433533,-0.2519366443157196
xlm-roberta-base,ru,57,marker_pool,0.0948551893234252,-0.386884480714798,-0.7606112957000732,-0.2054178714752197
xlm-roberta-base,ru,58,marker_pool,0.0558035708963871,-0.6259667873382568,-0.641434371471405,-0.334523469209671
xlm-roberta-base,ru,59,marker_pool,0.0891856327652931,-0.4578081369400024,-0.7543047070503235,-0.2015924304723739
xlm-roberta-base,ru,60,marker_pool,0.066485971212387,-0.4180508852005005,-0.7497093081474304,-0.1043773740530014
xlm-roberta-base,ru,61,marker_pool,0.1206472665071487,-0.6063949465751648,-0.6540307998657227,-0.1216721981763839
xlm-roberta-base,ru,62,marker_pool,0.0813573896884918,-0.3489441275596618,-0.7851901054382324,-0.0635217651724815
xlm-roberta-base,ru,63,marker_pool,0.1335998624563217,-0.4126399755477905,-0.7272237539291382,-0.0811173841357231
xlm-roberta-base,ru,64,marker_pool,0.0748301520943641,-0.316426008939743,-0.7298306822776794,-0.187292993068695
xlm-roberta-base,ru,65,marker_pool,0.0895367562770843,-0.430368036031723,-0.7446730732917786,-0.2348759621381759
xlm-roberta-base,ru,66,marker_pool,0.0900268480181694,-0.5499381422996521,-0.6699032783508301,-0.2443739026784896
xlm-roberta-base,ru,67,marker_pool,0.0786312520503997,-0.4349788129329681,-0.7160742282867432,-0.2524972558021545
xlm-roberta-base,ru,68,marker_pool,0.1026945412158966,-0.290796548128128,-0.7168833613395691,-0.1232687979936599
xlm-roberta-base,ru,69,marker_pool,0.0910470262169838,-0.4412214159965515,-0.698915958404541,-0.2094453126192093
xlm-roberta-base,ru,70,marker_pool,0.0932115539908409,-0.5044301152229309,-0.6886284351348877,-0.2330291420221328
xlm-roberta-base,ru,71,marker_pool,0.1154892519116401,-0.3632779121398926,-0.7106413245201111,-0.1692958325147628
xlm-roberta-base,ru,72,marker_pool,0.053232979029417,-0.4516502916812897,-0.6815427541732788,-0.2793274819850921
xlm-roberta-base,ru,73,marker_pool,0.1898551285266876,-0.3998309373855591,-0.7781487703323364,-0.0281298384070396
xlm-roberta-base,ru,74,marker_pool,0.0415947139263153,-0.5672847628593445,-0.5424500107765198,-0.1802674829959869
xlm-roberta-base,ru,75,marker_pool,0.1416397243738174,-0.4454533457756042,-0.639803946018219,-0.4667500555515289
xlm-roberta-base,ru,76,marker_pool,0.1084068045020103,-0.4033918380737304,-0.8035944104194641,-0.2061903625726699
xlm-roberta-base,ru,77,marker_pool,0.114933006465435,-0.4187009036540985,-0.773985743522644,-0.0394268557429313
xlm-roberta-base,ru,78,marker_pool,0.1113060191273689,-0.3754273056983948,-0.7676584720611572,0.0154016762971878
xlm-roberta-base,ru,79,marker_pool,0.082879289984703,-0.3073683679103851,-0.7499120235443115,-0.1050941869616508
xlm-roberta-base,ru,80,marker_pool,0.109827771782875,-0.4214222133159637,-0.7093314528465271,-0.1556236445903778
xlm-roberta-base,ru,81,marker_pool,0.0578497573733329,-0.5232690572738647,-0.5919609069824219,-0.4474108815193176
xlm-roberta-base,ru,82,marker_pool,0.1021302193403244,-0.4280722439289093,-0.7329719066619873,-0.1677477061748504
xlm-roberta-base,ru,83,marker_pool,0.1551716178655624,-0.3637847006320953,-0.763331413269043,0.0130187300965189
xlm-roberta-base,ru,84,marker_pool,0.0679834857583046,-0.3994241058826446,-0.7946066856384277,-0.1514252871274948
xlm-roberta-base,ru,85,marker_pool,0.1576965749263763,-0.4250511229038238,-0.6541703939437866,-0.1587345749139785
xlm-roberta-base,ru,86,marker_pool,0.0897564068436622,-0.5190731883049011,-0.665558397769928,-0.2630330920219421
xlm-roberta-base,ru,87,marker_pool,0.1333932280540466,-0.5961202383041382,-0.6822025775909424,-0.092761680483818
xlm-roberta-base,ru,88,marker_pool,0.0942491739988327,-0.4923713803291321,-0.7382291555404663,-0.0859453380107879
xlm-roberta-base,ru,89,marker_pool,0.0704749003052711,-0.4001776576042175,-0.7091253995895386,-0.0590052641928195
xlm-roberta-base,ru,90,marker_pool,0.0880764946341514,-0.522516667842865,-0.7142979502677917,-0.3232102990150451
xlm-roberta-base,ru,91,marker_pool,0.1284818649291992,-0.4735767841339111,-0.7206791043281555,0.0685123801231384
xlm-roberta-base,ru,92,marker_pool,0.1083707883954048,-0.4130025506019592,-0.7223712205886841,-0.1298239529132843
xlm-roberta-base,ru,93,marker_pool,0.0926568880677223,-0.4186408221721649,-0.7088298201560974,-0.0704522877931594
xlm-roberta-base,ru,94,marker_pool,0.0818047523498535,-0.2693136930465698,-0.7225950360298157,-0.1290031820535659
xlm-roberta-base,ru,95,marker_pool,0.0945345535874366,-0.4489372968673706,-0.6659207940101624,-0.3304657638072967
xlm-roberta-base,ru,96,marker_pool,0.0687550529837608,-0.3950277864933014,-0.704241931438446,-0.2227797955274582
xlm-roberta-base,ru,97,marker_pool,0.1227302625775337,-0.3851980865001678,-0.6821551322937012,-0.2761914432048797
xlm-roberta-base,ru,98,marker_pool,0.094720646739006,-0.358785331249237,-0.8065934777259827,-0.0112183056771755
xlm-roberta-base,ru,99,marker_pool,0.1255411058664322,-0.4428183138370514,-0.7761452198028564,-0.1280336230993271
xlm-roberta-base,ru,100,marker_pool,0.0984120219945907,-0.441156655550003,-0.7562398910522461,-0.200610265135765
xlm-roberta-base,ru,101,marker_pool,0.0798386707901954,-0.3621282875537872,-0.7611080408096313,-0.1431946605443954
xlm-roberta-base,ru,102,marker_pool,0.1136122569441795,-0.3694542944431305,-0.7859722971916199,-0.1256242543458938
xlm-roberta-base,ru,103,marker_pool,0.1064862385392189,-0.3793497681617737,-0.816489040851593,-0.1096441000699997
xlm-roberta-base,ru,104,marker_pool,0.2228069454431533,-0.3897075951099396,-0.7515966296195984,0.0797734558582305
xlm-roberta-base,ru,105,marker_pool,0.0969660654664039,-0.6676666140556335,-0.5943614840507507,-0.1566166579723358
xlm-roberta-base,ru,106,marker_pool,0.0807154849171638,-0.2660838365554809,-0.7505525350570679,-0.1366516351699829
xlm-roberta-base,ru,107,marker_pool,0.1480970978736877,-0.3861238360404968,-0.7664909958839417,-0.1105834767222404
xlm-roberta-base,ru,108,marker_pool,0.1174536570906639,-0.3238669335842132,-0.7860202789306641,-0.12397151440382
xlm-roberta-base,ru,109,marker_pool,0.1479530036449432,-0.4995653927326202,-0.6833682060241699,-0.1122902706265449
xlm-roberta-base,ru,110,marker_pool,0.1276993602514267,-0.3673411011695862,-0.8006361722946167,-0.1826026439666748
xlm-roberta-base,ru,111,marker_pool,0.0586342401802539,-0.4928371012210846,-0.6952812075614929,-0.2237093299627304
xlm-roberta-base,ru,112,marker_pool,0.0890330895781517,-0.2587305605411529,-0.746004581451416,-0.1327564418315887
xlm-roberta-base,ru,113,marker_pool,0.0864565372467041,-0.5160045027732849,-0.7411861419677734,-0.1418285071849823
xlm-roberta-base,ru,114,marker_pool,0.0937572121620178,-0.5089039206504822,-0.65604168176651,-0.417290061712265
xlm-roberta-base,ru,115,marker_pool,0.1288862824440002,-0.3543635010719299,-0.7759537100791931,-0.1172589063644409
xlm-roberta-base,ru,116,marker_pool,0.0912755206227302,-0.3572546243667602,-0.7207403182983398,-0.1651116609573364
xlm-roberta-base,ru,117,marker_pool,0.1536813229322433,-0.367715984582901,-0.7669621706008911,-0.0772222802042961
xlm-roberta-base,ru,118,marker_pool,0.0856648311018943,-0.3414952456951141,-0.7959699630737305,-0.1334717273712158
xlm-roberta-base,ru,119,marker_pool,0.0967801138758659,-0.4852972626686096,-0.6841394305229187,-0.2354297786951065
xlm-roberta-base,ru,120,marker_pool,0.0885730311274528,-0.4506378471851349,-0.7008012533187866,-0.1348102837800979
xlm-roberta-base,ru,121,marker_pool,0.1103203669190406,-0.6211187839508057,-0.6222646832466125,-0.1475914567708969
xlm-roberta-base,ru,122,marker_pool,0.1172582954168319,-0.3539741039276123,-0.7669629454612732,-0.1813284307718277
xlm-roberta-base,ru,123,marker_pool,0.1017435565590858,-0.3805634081363678,-0.785620391368866,-0.0050534103065729
xlm-roberta-base,ru,124,marker_pool,0.1177854388952255,-0.3238744437694549,-0.7168391942977905,-8.382773376069963e-05
xlm-roberta-base,ru,125,marker_pool,0.1291176974773407,-0.5550585985183716,-0.7142447233200073,-0.1471013128757476
xlm-roberta-base,ru,126,marker_pool,0.0624024644494056,-0.3828404247760772,-0.7300499081611633,-0.2596310675144195
xlm-roberta-base,ru,127,marker_pool,0.1113322749733924,-0.3691515326499939,-0.7065380215644836,-0.142103299498558
xlm-roberta-base,ru,128,marker_pool,0.0997232049703598,-0.3208491802215576,-0.7270870804786682,-0.1198797821998596
xlm-roberta-base,ru,129,marker_pool,0.1257993131875991,-0.6085671186447144,-0.6945369839668274,-0.1056372597813606
xlm-roberta-base,ru,130,marker_pool,0.0729881525039672,-0.6594461798667908,-0.5975874662399292,-0.1926790177822113
xlm-roberta-base,ru,131,marker_pool,0.0806110352277755,-0.2711873352527618,-0.6602262854576111,-0.0849708914756774
xlm-roberta-base,ru,132,marker_pool,0.039684597402811,-0.4366556406021118,-0.7215791940689087,0.0076927985064685
xlm-roberta-base,ru,133,marker_pool,0.1097203567624092,-0.5171903967857361,-0.7592223882675171,-0.2664796710014343
xlm-roberta-base,ru,134,marker_pool,0.0893829837441444,-0.4341221749782562,-0.7266135811805725,-0.0242365393787622
xlm-roberta-base,ru,135,marker_pool,0.0482352450489997,-0.6140739321708679,-0.5111136436462402,-0.5102018713951111
xlm-roberta-base,ru,136,marker_pool,0.0861505791544914,-0.5814590454101562,-0.657046914100647,-0.3574641346931457
xlm-roberta-base,ru,137,marker_pool,0.2405122965574264,-0.3138070106506347,-0.685799777507782,0.0047923815436661
xlm-roberta-base,ru,138,marker_pool,0.068667933344841,-0.4077305793762207,-0.7511740922927856,-0.2403313815593719
xlm-roberta-base,ru,139,marker_pool,0.0559823438525199,-0.4731539785861969,-0.6714583039283752,-0.2752457559108734
xlm-roberta-base,ru,140,marker_pool,0.1411207765340805,-0.4539888203144073,-0.7752783298492432,-0.0776029676198959
xlm-roberta-base,ru,141,marker_pool,0.0894756391644477,-0.748307466506958,-0.5197386145591736,-0.1556491106748581
xlm-roberta-base,ru,142,marker_pool,0.0881684049963951,-0.5215027928352356,-0.7080833911895752,-0.1206262335181236
xlm-roberta-base,ru,143,marker_pool,0.1054154336452484,-0.1999380588531494,-0.7642211318016052,-0.1469683051109314
xlm-roberta-base,ru,144,marker_pool,0.0742089971899986,-0.5020700693130493,-0.6431335210800171,-0.3454265296459198
xlm-roberta-base,ru,145,marker_pool,0.0700184851884841,-0.4143227934837341,-0.7654004096984863,-0.1065065488219261
xlm-roberta-base,ru,146,marker_pool,0.1346330195665359,-0.4258271753787994,-0.7010159492492676,-0.2485192865133285
xlm-roberta-base,ru,147,marker_pool,0.1051962673664093,-0.5008264780044556,-0.6944677233695984,-0.1700244098901748
xlm-roberta-base,ru,148,marker_pool,0.1207769736647605,-0.4150079190731048,-0.7926255464553833,-0.0936865955591201
xlm-roberta-base,ru,149,marker_pool,0.0938214287161827,-0.379731684923172,-0.7177254557609558,-0.1070729419589042
xlm-roberta-base,ru,150,marker_pool,0.0961196050047874,-0.4353947639465332,-0.722690999507904,-0.177948996424675
xlm-roberta-base,ru,151,marker_pool,0.1393201500177383,-0.4883755147457123,-0.6504963636398315,-0.0779050067067146
xlm-roberta-base,ru,152,marker_pool,0.1143623515963554,-0.378456562757492,-0.7743349671363831,-0.0847704857587814
xlm-roberta-base,ru,153,marker_pool,0.1248139664530754,-0.4207642376422882,-0.782798171043396,-0.0009277813951484
xlm-roberta-base,ru,154,marker_pool,0.1196324452757835,-0.4039251804351806,-0.7701072692871094,-0.1813009530305862
xlm-roberta-base,ru,155,marker_pool,0.1303857415914535,-0.4323901534080505,-0.691039502620697,-0.3482955694198608
xlm-roberta-base,ru,156,marker_pool,0.1034087315201759,-0.4371168911457062,-0.7419878244400024,-0.2345791757106781
xlm-roberta-base,ru,157,marker_pool,0.1353289783000946,-0.477201908826828,-0.7286685705184937,-0.0964861959218978
xlm-roberta-base,ru,158,marker_pool,0.1194926872849464,-0.4177708625793457,-0.8299156427383423,-0.1323128193616867
xlm-roberta-base,ru,159,marker_pool,0.0948089659214019,-0.4835136532783508,-0.766646146774292,-0.0439608357846736
xlm-roberta-base,zh,0,marker_pool,0.0971288755536079,-0.464256078004837,-0.864318311214447,-0.5781747102737427
xlm-roberta-base,zh,1,marker_pool,0.149436354637146,-0.2844016849994659,-0.8875799179077148,-0.5571529865264893
xlm-roberta-base,zh,2,marker_pool,0.1854969710111618,-0.3070946037769317,-0.8693878054618835,-0.5327797532081604
xlm-roberta-base,zh,3,marker_pool,0.1343619525432586,-0.3916681706905365,-0.8662807941436768,-0.5804370045661926
xlm-roberta-base,zh,4,marker_pool,0.0954867750406265,-0.397006630897522,-0.8936155438423157,-0.494302362203598
xlm-roberta-base,zh,5,marker_pool,0.1054210141301155,-0.4502392113208771,-0.8706099390983582,-0.5628166198730469
xlm-roberta-base,zh,6,marker_pool,0.1228179037570953,-0.3803108334541321,-0.8894097208976746,-0.5256121754646301
xlm-roberta-base,zh,7,marker_pool,0.10939522087574,-0.3953492641448974,-0.8857187628746033,-0.6077302098274231
xlm-roberta-base,zh,8,marker_pool,0.0720216035842895,-0.3774924576282501,-0.8962593674659729,-0.5161669850349426
xlm-roberta-base,zh,9,marker_pool,0.1064289510250091,-0.3637746572494507,-0.849180281162262,-0.5561944246292114
xlm-roberta-base,zh,10,marker_pool,0.1262318640947342,-0.3766844272613525,-0.8608874678611755,-0.5132690668106079
xlm-roberta-base,zh,11,marker_pool,0.1140038818120956,-0.3705149292945862,-0.8639278411865234,-0.660851001739502
xlm-roberta-base,zh,12,marker_pool,0.1037023589015007,-0.3557293117046356,-0.8848419189453125,-0.3991821110248565
xlm-roberta-base,zh,13,marker_pool,0.096430629491806,-0.3585563898086548,-0.8683031797409058,-0.5456472039222717
xlm-roberta-base,zh,14,marker_pool,0.0805683135986328,-0.4222055971622467,-0.8508740663528442,-0.5578893423080444
xlm-roberta-base,zh,15,marker_pool,0.1323036551475525,-0.3498576581478119,-0.850281834602356,-0.583720326423645
xlm-roberta-base,zh,16,marker_pool,0.1009900495409965,-0.4127420485019684,-0.8457550406455994,-0.5748236775398254
xlm-roberta-base,zh,17,marker_pool,0.0632605105638504,-0.4464218616485595,-0.8639205098152161,-0.5503026843070984
xlm-roberta-base,zh,18,marker_pool,0.1117635816335678,-0.3389618396759033,-0.8744685053825378,-0.5556578040122986
xlm-roberta-base,zh,19,marker_pool,0.0953754484653472,-0.3739203810691833,-0.8470295071601868,-0.5265476107597351
xlm-roberta-base,zh,20,marker_pool,0.0725076124072074,-0.46835458278656,-0.885723352432251,-0.6039514541625977
xlm-roberta-base,zh,21,marker_pool,0.1000781506299972,-0.4155608713626861,-0.8751630187034607,-0.4878386855125427
xlm-roberta-base,zh,22,marker_pool,0.0602918453514575,-0.4577485918998718,-0.8803688883781433,-0.6372683644294739
xlm-roberta-base,zh,23,marker_pool,0.1438887417316436,-0.3443705439567566,-0.8771798014640808,-0.6004003286361694
xlm-roberta-base,zh,24,marker_pool,0.1607584655284881,-0.2833585739135742,-0.9287367463111876,-0.5236678123474121
xlm-roberta-base,zh,25,marker_pool,0.0663061514496803,-0.4043866991996765,-0.8541882634162903,-0.576004147529602
xlm-roberta-base,zh,26,marker_pool,0.1069028079509735,-0.3243550956249237,-0.8610954880714417,-0.5672226548194885
xlm-roberta-base,zh,27,marker_pool,0.1689389944076538,-0.3090719580650329,-0.9010851979255676,-0.6101648211479187
xlm-roberta-base,zh,28,marker_pool,0.1015558242797851,-0.3882984519004822,-0.8888667225837708,-0.4957376718521118
xlm-roberta-base,zh,29,marker_pool,0.0875179544091224,-0.3425237834453583,-0.8772362470626831,-0.5429083108901978
xlm-roberta-base,zh,30,marker_pool,0.1159162148833274,-0.3625307977199554,-0.8894280195236206,-0.607814371585846
xlm-roberta-base,zh,31,marker_pool,0.0952748358249664,-0.4015095829963684,-0.8573903441429138,-0.5561488270759583
xlm-roberta-base,zh,32,marker_pool,0.0643547847867012,-0.4514723718166351,-0.8314726948738098,-0.5076836943626404
xlm-roberta-base,zh,33,marker_pool,0.1418664008378982,-0.3333047330379486,-0.8568348288536072,-0.5045199990272522
xlm-roberta-base,zh,34,marker_pool,0.0881085321307182,-0.4627857208251953,-0.8841626644134521,-0.600735604763031
xlm-roberta-base,zh,35,marker_pool,0.121434710919857,-0.3493717610836029,-0.8706039786338806,-0.5265540480613708
xlm-roberta-base,zh,36,marker_pool,0.1166005730628967,-0.421035885810852,-0.8674259185791016,-0.5407873392105103
xlm-roberta-base,zh,37,marker_pool,0.1625987589359283,-0.3521480560302734,-0.9116674661636353,-0.6462142467498779
xlm-roberta-base,zh,38,marker_pool,0.125712901353836,-0.4125026166439056,-0.8742536902427673,-0.594498336315155
xlm-roberta-base,zh,39,marker_pool,0.0961403474211692,-0.4184942841529846,-0.8603157997131348,-0.5421554446220398
xlm-roberta-base,zh,40,marker_pool,0.0782972946763038,-0.427743136882782,-0.8560814261436462,-0.5438920855522156
xlm-roberta-base,zh,41,marker_pool,0.1046532168984413,-0.4311307072639465,-0.8793355226516724,-0.5659592747688293
xlm-roberta-base,zh,42,marker_pool,0.1025519371032714,-0.3885001838207245,-0.8559253811836243,-0.609926164150238
xlm-roberta-base,zh,43,marker_pool,0.0696811601519584,-0.4764693081378937,-0.8798295259475708,-0.606730580329895
xlm-roberta-base,zh,44,marker_pool,0.1300441473722458,-0.41183602809906,-0.8794362545013428,-0.5397234559059143
xlm-roberta-base,zh,45,marker_pool,0.1228709369897842,-0.3888357579708099,-0.8882798552513123,-0.5580287575721741
xlm-roberta-base,zh,46,marker_pool,0.0905495434999466,-0.4456512928009033,-0.8452888131141663,-0.551247775554657
xlm-roberta-base,zh,47,marker_pool,0.1368578225374221,-0.4127813875675201,-0.8839154243469238,-0.5415017604827881
xlm-roberta-base,zh,48,marker_pool,0.1496493965387344,-0.4069704413414001,-0.8770391941070557,-0.5283246040344238
xlm-roberta-base,zh,49,marker_pool,0.1152798309922218,-0.3816725611686706,-0.9053515791893004,-0.5329561829566956
xlm-roberta-base,zh,50,marker_pool,0.1315337866544723,-0.422777384519577,-0.8851820230484009,-0.5892994403839111
xlm-roberta-base,zh,51,marker_pool,0.0904668420553207,-0.3615076243877411,-0.8792491555213928,-0.5452141165733337
xlm-roberta-base,zh,52,marker_pool,0.1045274510979652,-0.3975265622138977,-0.8654521107673645,-0.4266364872455597
xlm-roberta-base,zh,53,marker_pool,0.0700262188911438,-0.4098255038261413,-0.877546489238739,-0.5295409560203552
xlm-roberta-base,zh,54,marker_pool,0.1702858209609985,-0.3253010809421539,-0.8545165657997131,-0.6148093342781067
xlm-roberta-base,zh,55,marker_pool,0.0979654937982559,-0.4356189370155334,-0.8785656094551086,-0.5592690110206604
xlm-roberta-base,zh,56,marker_pool,0.0669789612293243,-0.4225064218044281,-0.844551146030426,-0.5712212920188904
xlm-roberta-base,zh,57,marker_pool,0.1490071415901184,-0.3462911248207092,-0.8792524337768555,-0.5322816371917725
xlm-roberta-base,zh,58,marker_pool,0.0691338628530502,-0.3652850091457367,-0.8805150389671326,-0.5513659119606018
xlm-roberta-base,zh,59,marker_pool,0.0946070030331611,-0.4044483304023742,-0.84859299659729,-0.4656004607677459
xlm-roberta-base,zh,60,marker_pool,0.0958715453743934,-0.3905124068260193,-0.8993352651596069,-0.5125771164894104
xlm-roberta-base,zh,61,marker_pool,0.10422333329916,-0.4054441750049591,-0.8760051131248474,-0.5862302780151367
xlm-roberta-base,zh,62,marker_pool,0.0963540524244308,-0.3540542125701904,-0.8930667042732239,-0.6186672449111938
xlm-roberta-base,zh,63,marker_pool,0.0829411596059799,-0.4023620188236236,-0.8727417588233948,-0.5357579588890076
xlm-roberta-base,zh,64,marker_pool,0.1346077919006347,-0.3635622859001159,-0.8720508217811584,-0.5065749287605286
xlm-roberta-base,zh,65,marker_pool,0.0513878613710403,-0.468711256980896,-0.877170741558075,-0.5744481682777405
xlm-roberta-base,zh,66,marker_pool,0.0894009992480278,-0.3942983746528625,-0.8767374753952026,-0.5979024767875671
xlm-roberta-base,zh,67,marker_pool,0.1434654891490936,-0.3101764619350433,-0.8826747536659241,-0.5999053716659546
xlm-roberta-base,zh,68,marker_pool,0.1090818047523498,-0.4241105020046234,-0.8477236032485962,-0.5356651544570923
xlm-roberta-base,zh,69,marker_pool,0.1364736109972,-0.4314441978931427,-0.8632320165634155,-0.5664276480674744
xlm-roberta-base,zh,70,marker_pool,0.0955190658569336,-0.4216650724411011,-0.8744072914123535,-0.5089101195335388
xlm-roberta-base,zh,71,marker_pool,0.0883441418409347,-0.3784763813018799,-0.9020374417304992,-0.5611358284950256
xlm-roberta-base,zh,72,marker_pool,0.1137726455926895,-0.4094745218753814,-0.8919399380683899,-0.627754271030426
xlm-roberta-base,zh,73,marker_pool,0.1039869934320449,-0.3707383871078491,-0.9053569436073304,-0.5269335508346558
xlm-roberta-base,zh,74,marker_pool,0.1038838103413581,-0.3641349673271179,-0.8640410304069519,-0.4480857849121094
xlm-roberta-base,zh,75,marker_pool,0.0875378400087356,-0.3647820353507995,-0.8744606971740723,-0.5378775000572205
xlm-roberta-base,zh,76,marker_pool,0.1489286422729492,-0.4089499413967132,-0.8845263719558716,-0.5208894610404968
xlm-roberta-base,zh,77,marker_pool,0.0926546305418014,-0.4095500409603119,-0.8949552774429321,-0.5603598952293396
xlm-roberta-base,zh,78,marker_pool,0.1717979460954666,-0.3714409172534942,-0.879997730255127,-0.5261948704719543
xlm-roberta-base,zh,79,marker_pool,0.1441599428653717,-0.3716118931770324,-0.8749879002571106,-0.5389202833175659
xlm-roberta-base,zh,80,marker_pool,0.1024009436368942,-0.3191537857055664,-0.8578375577926636,-0.5643410086631775
xlm-roberta-base,zh,81,marker_pool,0.2283097356557846,-0.2833352386951446,-0.9155836701393129,-0.6175002455711365
xlm-roberta-base,zh,82,marker_pool,0.1338055282831192,-0.3281619846820831,-0.8640791773796082,-0.5871917605400085
xlm-roberta-base,zh,83,marker_pool,0.068346194922924,-0.445983737707138,-0.8724361658096313,-0.6217412352561951
xlm-roberta-base,zh,84,marker_pool,0.0848238691687583,-0.4166324436664581,-0.8654898405075073,-0.530250608921051
xlm-roberta-base,zh,85,marker_pool,0.0968088582158088,-0.396874338388443,-0.8766042590141296,-0.5466660261154175
xlm-roberta-base,zh,86,marker_pool,0.1474820375442505,-0.4011456966400146,-0.8826767802238464,-0.5409826636314392
xlm-roberta-base,zh,87,marker_pool,0.0974547863006591,-0.3774828314781189,-0.9011720418930054,-0.5513861775398254
xlm-roberta-base,zh,88,marker_pool,0.1400021463632583,-0.3431926071643829,-0.8802096843719482,-0.5378009676933289
xlm-roberta-base,zh,89,marker_pool,0.0952820256352424,-0.3773226737976074,-0.867233157157898,-0.5642256140708923
xlm-roberta-base,zh,90,marker_pool,0.1517862826585769,-0.3655061423778534,-0.9143376350402832,-0.6159527897834778
xlm-roberta-base,zh,91,marker_pool,0.1223283559083938,-0.3734907805919647,-0.8546519875526428,-0.5469737648963928
xlm-roberta-base,zh,92,marker_pool,0.0925401970744133,-0.3992100059986114,-0.8856801390647888,-0.6098840832710266
xlm-roberta-base,zh,93,marker_pool,0.1189459338784217,-0.4047783315181732,-0.838709831237793,-0.621005117893219
xlm-roberta-base,zh,94,marker_pool,0.1335771083831787,-0.3282691538333893,-0.8631925582885742,-0.541576087474823
xlm-roberta-base,zh,95,marker_pool,0.0808846727013588,-0.4349151253700256,-0.8793889284133911,-0.5605408549308777
xlm-roberta-base,zh,96,marker_pool,0.1293042749166488,-0.3427873253822326,-0.8661169409751892,-0.6112837791442871
xlm-roberta-base,zh,97,marker_pool,0.0748471245169639,-0.3545957207679748,-0.869412899017334,-0.5320057272911072
xlm-roberta-base,zh,98,marker_pool,0.0798100605607032,-0.4186902642250061,-0.88648521900177,-0.5797722935676575
xlm-roberta-base,zh,99,marker_pool,0.1051367223262786,-0.2906946837902069,-0.8822126984596252,-0.581568717956543
xlm-roberta-base,zh,100,marker_pool,0.1570429652929306,-0.3045125901699066,-0.9007853865623474,-0.563587486743927
xlm-roberta-base,zh,101,marker_pool,0.1092412620782852,-0.3639768362045288,-0.891856849193573,-0.5472963452339172
xlm-roberta-base,zh,102,marker_pool,0.1371041387319564,-0.398159772157669,-0.8813084363937378,-0.5534887909889221
xlm-roberta-base,zh,103,marker_pool,0.1788100749254226,-0.3629319369792938,-0.8975185751914978,-0.5965833067893982
xlm-roberta-base,zh,104,marker_pool,0.1010539904236793,-0.3245392143726349,-0.8945913314819336,-0.4843392372131347
xlm-roberta-base,zh,105,marker_pool,0.1653057336807251,-0.371365338563919,-0.8862545490264893,-0.5881972312927246
xlm-roberta-base,zh,106,marker_pool,0.1531324684619903,-0.1786703467369079,-0.8509101271629333,-0.4853208363056183
xlm-roberta-base,zh,107,marker_pool,0.1043450981378555,-0.4361416697502136,-0.8606731295585632,-0.5260171294212341
xlm-roberta-base,zh,108,marker_pool,0.1276257187128067,-0.3708281517028808,-0.8210143446922302,-0.548640787601471
xlm-roberta-base,zh,109,marker_pool,0.1210678443312645,-0.3786000907421112,-0.8794549703598022,-0.5584347248077393
xlm-roberta-base,zh,110,marker_pool,0.1291828602552414,-0.3734778761863708,-0.853507399559021,-0.5678370594978333
xlm-roberta-base,zh,111,marker_pool,0.0763967037200927,-0.4799824953079223,-0.8457913994789124,-0.5178162455558777
xlm-roberta-base,zh,112,marker_pool,0.1629095524549484,-0.3973712623119354,-0.8984066843986511,-0.5944029688835144
xlm-roberta-base,zh,113,marker_pool,0.0728570744395256,-0.4261270463466644,-0.8602356910705566,-0.5170652866363525
xlm-roberta-base,zh,114,marker_pool,0.1113431602716445,-0.3715212047100067,-0.9168071150779724,-0.5987817645072937
xlm-roberta-base,zh,115,marker_pool,0.1208459064364433,-0.393729567527771,-0.8602510690689087,-0.5961761474609375
xlm-roberta-base,zh,116,marker_pool,0.1066943183541297,-0.3798906505107879,-0.8763277530670166,-0.5119002461433411
xlm-roberta-base,zh,117,marker_pool,0.1622471362352371,-0.307505190372467,-0.8983935117721558,-0.604672908782959
xlm-roberta-base,zh,118,marker_pool,0.1478377431631088,-0.2909052670001983,-0.8753743171691895,-0.6187338829040527
xlm-roberta-base,zh,119,marker_pool,0.1150830909609794,-0.3587659299373626,-0.8942552804946899,-0.5773584246635437
xlm-roberta-base,zh,120,marker_pool,0.1438424736261367,-0.3549559116363525,-0.8508553504943848,-0.5417868494987488
xlm-roberta-base,zh,121,marker_pool,0.1130621954798698,-0.4157696366310119,-0.8878285884857178,-0.5655877590179443
xlm-roberta-base,zh,122,marker_pool,0.1146994903683662,-0.3744793832302093,-0.8762504458427429,-0.6104987859725952
xlm-roberta-base,zh,123,marker_pool,0.1266389787197113,-0.373464822769165,-0.83600252866745,-0.5185724496841431
xlm-roberta-base,zh,124,marker_pool,0.0947866514325141,-0.4252537786960602,-0.8833492994308472,-0.6109762787818909
xlm-roberta-base,zh,125,marker_pool,0.1922104507684707,-0.3189511895179748,-0.9136377573013306,-0.5875602960586548
xlm-roberta-base,zh,126,marker_pool,0.1207092031836509,-0.3754784166812897,-0.8735964894294739,-0.605427622795105
xlm-roberta-base,zh,127,marker_pool,0.0900991708040237,-0.3486177027225494,-0.870415210723877,-0.5437349081039429
xlm-roberta-base,zh,128,marker_pool,0.1246808543801307,-0.2796532809734344,-0.8143843412399292,-0.5567005276679993
xlm-roberta-base,zh,129,marker_pool,0.1304062306880951,-0.2791365683078766,-0.9038264751434326,-0.4528772234916687
xlm-roberta-base,zh,130,marker_pool,0.1437212973833084,-0.3589068353176117,-0.884351372718811,-0.5807695388793945
xlm-roberta-base,zh,131,marker_pool,0.1047183200716972,-0.3070118725299835,-0.8461401462554932,-0.5594860315322876
xlm-roberta-base,zh,132,marker_pool,0.0758963897824287,-0.3861228823661804,-0.8844637274742126,-0.5962509512901306
xlm-roberta-base,zh,133,marker_pool,0.0881368145346641,-0.3215532898902893,-0.8517085313796997,-0.5579344034194946
xlm-roberta-base,zh,134,marker_pool,0.1046009138226509,-0.3578405082225799,-0.8824456334114075,-0.6055976152420044
xlm-roberta-base,zh,135,marker_pool,0.0772661566734314,-0.4601367712020874,-0.8706660866737366,-0.604098916053772
xlm-roberta-base,zh,136,marker_pool,0.0985297784209251,-0.4307946562767029,-0.8504449129104614,-0.5737764835357666
xlm-roberta-base,zh,137,marker_pool,0.0680849775671958,-0.4101621508598327,-0.8708807826042175,-0.5921308994293213
xlm-roberta-base,zh,138,marker_pool,0.0823138654232025,-0.4227568805217743,-0.8712063431739807,-0.5947126150131226
xlm-roberta-base,zh,139,marker_pool,0.0834350660443306,-0.4034278988838196,-0.8917163014411926,-0.5148881673812866
xlm-roberta-base,zh,140,marker_pool,0.0991552174091339,-0.3998907506465912,-0.8868731260299683,-0.5442752838134766
xlm-roberta-base,zh,141,marker_pool,0.1248188614845275,-0.353307694196701,-0.8816543817520142,-0.5116592049598694
xlm-roberta-base,zh,142,marker_pool,0.1246059909462928,-0.3582616746425628,-0.817716121673584,-0.5439754724502563
xlm-roberta-base,zh,143,marker_pool,0.1234173700213432,-0.4317867457866668,-0.8961516618728638,-0.5975794792175293
xlm-roberta-base,zh,144,marker_pool,0.1133297979831695,-0.2856010794639587,-0.8609015941619873,-0.5207588076591492
xlm-roberta-base,zh,145,marker_pool,0.0822303593158721,-0.4088504612445831,-0.9097171425819396,-0.5494663715362549
xlm-roberta-base,zh,146,marker_pool,0.1456150263547897,-0.3320511281490326,-0.8690600395202637,-0.4997856616973877
xlm-roberta-base,zh,147,marker_pool,0.1112492159008979,-0.3525951206684112,-0.8828875422477722,-0.5985247492790222
xlm-roberta-base,zh,148,marker_pool,0.099562294781208,-0.3373878300189972,-0.886884868144989,-0.5156688094139099
xlm-roberta-base,zh,149,marker_pool,0.1029075682163238,-0.3192968964576721,-0.872392475605011,-0.536156415939331
xlm-roberta-base,zh,150,marker_pool,0.0761828199028968,-0.4199568033218384,-0.8985540866851807,-0.500592052936554
xlm-roberta-base,zh,151,marker_pool,0.095782496035099,-0.3917780816555023,-0.8268572688102722,-0.5614314079284668
xlm-roberta-base,zh,152,marker_pool,0.0869617760181427,-0.3427460491657257,-0.8496735095977783,-0.4022215902805328
xlm-roberta-base,zh,153,marker_pool,0.1333723068237304,-0.3369539976119995,-0.8967357277870178,-0.5912250280380249
xlm-roberta-base,zh,154,marker_pool,0.1436602771282196,-0.4443175792694092,-0.8949988484382629,-0.6001377105712891
xlm-roberta-base,zh,155,marker_pool,0.0425411872565746,-0.3827406466007232,-0.8882580399513245,-0.5152881741523743
xlm-roberta-base,zh,156,marker_pool,0.1915498524904251,-0.3026471734046936,-0.884841799736023,-0.5417270660400391
xlm-roberta-base,zh,157,marker_pool,0.096663549542427,-0.4281737208366394,-0.8705771565437317,-0.5336715579032898
xlm-roberta-base,zh,158,marker_pool,0.0780253857374191,-0.3856193423271179,-0.8971223831176758,-0.5254095196723938
xlm-roberta-base,zh,159,marker_pool,0.1219488307833671,-0.3006566166877746,-0.8639078736305237,-0.5368708968162537
