model,language,template_id,representation,from_level,to_level,step_size,delta_norm
bert-base-multilingual-cased,en,0,mean_pool,-2,-1,1,4.122011661529541
bert-base-multilingual-cased,en,0,mean_pool,-1,0,1,5.509184837341309
bert-base-multilingual-cased,en,0,mean_pool,0,1,1,5.76554536819458
bert-base-multilingual-cased,en,0,mean_pool,1,2,1,4.054924964904785
bert-base-multilingual-cased,en,0,mean_pool,-2,0,2,5.831507205963135
bert-base-multilingual-cased,en,0,mean_pool,-1,1,2,4.393240928649902
bert-base-multilingual-cased,en,0,mean_pool,0,2,2,6.763216018676758
bert-base-multilingual-cased,en,0,mean_pool,-2,2,4,4.4795331954956055
bert-base-multilingual-cased,en,1,mean_pool,-2,-1,1,2.548452377319336
bert-base-multilingual-cased,en,1,mean_pool,-1,0,1,4.640036582946777
bert-base-multilingual-cased,en,1,mean_pool,0,1,1,5.013564109802246
bert-base-multilingual-cased,en,1,mean_pool,1,2,1,4.02799129486084
bert-base-multilingual-cased,en,1,mean_pool,-2,0,2,4.887995719909668
bert-base-multilingual-cased,en,1,mean_pool,-1,1,2,2.9413795471191406
bert-base-multilingual-cased,en,1,mean_pool,0,2,2,6.424751281738281
bert-base-multilingual-cased,en,1,mean_pool,-2,2,4,4.095400333404541
bert-base-multilingual-cased,en,2,mean_pool,-2,-1,1,4.25986385345459
bert-base-multilingual-cased,en,2,mean_pool,-1,0,1,5.627871036529541
bert-base-multilingual-cased,en,2,mean_pool,0,1,1,6.167996406555176
bert-base-multilingual-cased,en,2,mean_pool,1,2,1,3.337977409362793
bert-base-multilingual-cased,en,2,mean_pool,-2,0,2,6.366361618041992
bert-base-multilingual-cased,en,2,mean_pool,-1,1,2,4.2702202796936035
bert-base-multilingual-cased,en,2,mean_pool,0,2,2,6.415458679199219
bert-base-multilingual-cased,en,2,mean_pool,-2,2,4,4.022725582122803
bert-base-multilingual-cased,en,3,mean_pool,-2,-1,1,2.821254253387451
bert-base-multilingual-cased,en,3,mean_pool,-1,0,1,4.914803981781006
bert-base-multilingual-cased,en,3,mean_pool,0,1,1,5.605057239532471
bert-base-multilingual-cased,en,3,mean_pool,1,2,1,4.443397521972656
bert-base-multilingual-cased,en,3,mean_pool,-2,0,2,4.8367438316345215
bert-base-multilingual-cased,en,3,mean_pool,-1,1,2,4.334932804107666
bert-base-multilingual-cased,en,3,mean_pool,0,2,2,5.683175563812256
bert-base-multilingual-cased,en,3,mean_pool,-2,2,4,4.0303730964660645
bert-base-multilingual-cased,en,4,mean_pool,-2,-1,1,2.839054584503174
bert-base-multilingual-cased,en,4,mean_pool,-1,0,1,4.526540279388428
bert-base-multilingual-cased,en,4,mean_pool,0,1,1,5.325020790100098
bert-base-multilingual-cased,en,4,mean_pool,1,2,1,4.083138465881348
bert-base-multilingual-cased,en,4,mean_pool,-2,0,2,4.871030330657959
bert-base-multilingual-cased,en,4,mean_pool,-1,1,2,3.7516205310821533
bert-base-multilingual-cased,en,4,mean_pool,0,2,2,5.579975128173828
bert-base-multilingual-cased,en,4,mean_pool,-2,2,4,4.034852027893066
bert-base-multilingual-cased,en,5,mean_pool,-2,-1,1,2.9891133308410645
bert-base-multilingual-cased,en,5,mean_pool,-1,0,1,4.868896961212158
bert-base-multilingual-cased,en,5,mean_pool,0,1,1,5.740138530731201
bert-base-multilingual-cased,en,5,mean_pool,1,2,1,4.045424461364746
bert-base-multilingual-cased,en,5,mean_pool,-2,0,2,5.357868194580078
bert-base-multilingual-cased,en,5,mean_pool,-1,1,2,3.610413074493408
bert-base-multilingual-cased,en,5,mean_pool,0,2,2,5.758019924163818
bert-base-multilingual-cased,en,5,mean_pool,-2,2,4,3.606191873550415
bert-base-multilingual-cased,en,6,mean_pool,-2,-1,1,3.3901593685150146
bert-base-multilingual-cased,en,6,mean_pool,-1,0,1,5.002837657928467
bert-base-multilingual-cased,en,6,mean_pool,0,1,1,5.227701663970947
bert-base-multilingual-cased,en,6,mean_pool,1,2,1,3.2349512577056885
bert-base-multilingual-cased,en,6,mean_pool,-2,0,2,5.267182350158691
bert-base-multilingual-cased,en,6,mean_pool,-1,1,2,3.7244956493377686
bert-base-multilingual-cased,en,6,mean_pool,0,2,2,5.826471328735352
bert-base-multilingual-cased,en,6,mean_pool,-2,2,4,3.7179832458496094
bert-base-multilingual-cased,en,7,mean_pool,-2,-1,1,4.0475664138793945
bert-base-multilingual-cased,en,7,mean_pool,-1,0,1,5.318600177764893
bert-base-multilingual-cased,en,7,mean_pool,0,1,1,6.102410316467285
bert-base-multilingual-cased,en,7,mean_pool,1,2,1,3.992276906967163
bert-base-multilingual-cased,en,7,mean_pool,-2,0,2,5.821793556213379
bert-base-multilingual-cased,en,7,mean_pool,-1,1,2,4.5341691970825195
bert-base-multilingual-cased,en,7,mean_pool,0,2,2,6.418006896972656
bert-base-multilingual-cased,en,7,mean_pool,-2,2,4,3.6853153705596924
bert-base-multilingual-cased,en,8,mean_pool,-2,-1,1,2.4642977714538574
bert-base-multilingual-cased,en,8,mean_pool,-1,0,1,4.147463321685791
bert-base-multilingual-cased,en,8,mean_pool,0,1,1,4.977686405181885
bert-base-multilingual-cased,en,8,mean_pool,1,2,1,3.52240252494812
bert-base-multilingual-cased,en,8,mean_pool,-2,0,2,4.493585586547852
bert-base-multilingual-cased,en,8,mean_pool,-1,1,2,3.3595118522644043
bert-base-multilingual-cased,en,8,mean_pool,0,2,2,5.800185680389404
bert-base-multilingual-cased,en,8,mean_pool,-2,2,4,4.21316385269165
bert-base-multilingual-cased,en,9,mean_pool,-2,-1,1,3.2345829010009766
bert-base-multilingual-cased,en,9,mean_pool,-1,0,1,4.529754161834717
bert-base-multilingual-cased,en,9,mean_pool,0,1,1,5.3032002449035645
bert-base-multilingual-cased,en,9,mean_pool,1,2,1,3.129750967025757
bert-base-multilingual-cased,en,9,mean_pool,-2,0,2,5.366946697235107
bert-base-multilingual-cased,en,9,mean_pool,-1,1,2,3.599236488342285
bert-base-multilingual-cased,en,9,mean_pool,0,2,2,5.826289176940918
bert-base-multilingual-cased,en,9,mean_pool,-2,2,4,3.2216169834136963
bert-base-multilingual-cased,en,10,mean_pool,-2,-1,1,4.351390361785889
bert-base-multilingual-cased,en,10,mean_pool,-1,0,1,6.030521869659424
bert-base-multilingual-cased,en,10,mean_pool,0,1,1,6.52748966217041
bert-base-multilingual-cased,en,10,mean_pool,1,2,1,4.508265018463135
bert-base-multilingual-cased,en,10,mean_pool,-2,0,2,6.663990497589111
bert-base-multilingual-cased,en,10,mean_pool,-1,1,2,4.816812515258789
bert-base-multilingual-cased,en,10,mean_pool,0,2,2,7.478978157043457
bert-base-multilingual-cased,en,10,mean_pool,-2,2,4,5.708130836486816
bert-base-multilingual-cased,en,11,mean_pool,-2,-1,1,3.195782423019409
bert-base-multilingual-cased,en,11,mean_pool,-1,0,1,5.01814079284668
bert-base-multilingual-cased,en,11,mean_pool,0,1,1,5.856184005737305
bert-base-multilingual-cased,en,11,mean_pool,1,2,1,3.2320923805236816
bert-base-multilingual-cased,en,11,mean_pool,-2,0,2,5.6246232986450195
bert-base-multilingual-cased,en,11,mean_pool,-1,1,2,3.385986804962158
bert-base-multilingual-cased,en,11,mean_pool,0,2,2,6.119106769561768
bert-base-multilingual-cased,en,11,mean_pool,-2,2,4,3.465198278427124
bert-base-multilingual-cased,en,12,mean_pool,-2,-1,1,4.024902820587158
bert-base-multilingual-cased,en,12,mean_pool,-1,0,1,4.971635341644287
bert-base-multilingual-cased,en,12,mean_pool,0,1,1,5.215435028076172
bert-base-multilingual-cased,en,12,mean_pool,1,2,1,3.4371469020843506
bert-base-multilingual-cased,en,12,mean_pool,-2,0,2,5.315682411193848
bert-base-multilingual-cased,en,12,mean_pool,-1,1,2,3.627530574798584
bert-base-multilingual-cased,en,12,mean_pool,0,2,2,5.989964485168457
bert-base-multilingual-cased,en,12,mean_pool,-2,2,4,3.4009549617767334
bert-base-multilingual-cased,en,13,mean_pool,-2,-1,1,3.1956448554992676
bert-base-multilingual-cased,en,13,mean_pool,-1,0,1,5.075990200042725
bert-base-multilingual-cased,en,13,mean_pool,0,1,1,5.412208557128906
bert-base-multilingual-cased,en,13,mean_pool,1,2,1,4.002361297607422
bert-base-multilingual-cased,en,13,mean_pool,-2,0,2,5.449499130249023
bert-base-multilingual-cased,en,13,mean_pool,-1,1,2,4.461615085601807
bert-base-multilingual-cased,en,13,mean_pool,0,2,2,5.923879623413086
bert-base-multilingual-cased,en,13,mean_pool,-2,2,4,3.4057798385620117
bert-base-multilingual-cased,en,14,mean_pool,-2,-1,1,3.675931453704834
bert-base-multilingual-cased,en,14,mean_pool,-1,0,1,5.304036617279053
bert-base-multilingual-cased,en,14,mean_pool,0,1,1,5.7011919021606445
bert-base-multilingual-cased,en,14,mean_pool,1,2,1,3.954059600830078
bert-base-multilingual-cased,en,14,mean_pool,-2,0,2,5.798469066619873
bert-base-multilingual-cased,en,14,mean_pool,-1,1,2,4.204729080200195
bert-base-multilingual-cased,en,14,mean_pool,0,2,2,6.272323131561279
bert-base-multilingual-cased,en,14,mean_pool,-2,2,4,3.8191449642181396
bert-base-multilingual-cased,en,15,mean_pool,-2,-1,1,2.959826707839966
bert-base-multilingual-cased,en,15,mean_pool,-1,0,1,5.358381271362305
bert-base-multilingual-cased,en,15,mean_pool,0,1,1,6.130076885223389
bert-base-multilingual-cased,en,15,mean_pool,1,2,1,3.9872827529907227
bert-base-multilingual-cased,en,15,mean_pool,-2,0,2,5.191450119018555
bert-base-multilingual-cased,en,15,mean_pool,-1,1,2,3.887436866760254
bert-base-multilingual-cased,en,15,mean_pool,0,2,2,6.778631687164307
bert-base-multilingual-cased,en,15,mean_pool,-2,2,4,4.58018684387207
bert-base-multilingual-cased,en,16,mean_pool,-2,-1,1,3.2880828380584717
bert-base-multilingual-cased,en,16,mean_pool,-1,0,1,4.725883483886719
bert-base-multilingual-cased,en,16,mean_pool,0,1,1,5.349757671356201
bert-base-multilingual-cased,en,16,mean_pool,1,2,1,3.5473721027374268
bert-base-multilingual-cased,en,16,mean_pool,-2,0,2,5.169075965881348
bert-base-multilingual-cased,en,16,mean_pool,-1,1,2,4.284831523895264
bert-base-multilingual-cased,en,16,mean_pool,0,2,2,5.70010232925415
bert-base-multilingual-cased,en,16,mean_pool,-2,2,4,3.5337717533111572
bert-base-multilingual-cased,en,17,mean_pool,-2,-1,1,4.444947719573975
bert-base-multilingual-cased,en,17,mean_pool,-1,0,1,5.265792369842529
bert-base-multilingual-cased,en,17,mean_pool,0,1,1,6.247489929199219
bert-base-multilingual-cased,en,17,mean_pool,1,2,1,4.14524507522583
bert-base-multilingual-cased,en,17,mean_pool,-2,0,2,6.1344404220581055
bert-base-multilingual-cased,en,17,mean_pool,-1,1,2,5.000295639038086
bert-base-multilingual-cased,en,17,mean_pool,0,2,2,7.148488521575928
bert-base-multilingual-cased,en,17,mean_pool,-2,2,4,3.955502510070801
bert-base-multilingual-cased,en,18,mean_pool,-2,-1,1,3.4695630073547363
bert-base-multilingual-cased,en,18,mean_pool,-1,0,1,5.244795799255371
bert-base-multilingual-cased,en,18,mean_pool,0,1,1,5.914834976196289
bert-base-multilingual-cased,en,18,mean_pool,1,2,1,3.7059028148651123
bert-base-multilingual-cased,en,18,mean_pool,-2,0,2,5.768235206604004
bert-base-multilingual-cased,en,18,mean_pool,-1,1,2,4.462034702301025
bert-base-multilingual-cased,en,18,mean_pool,0,2,2,6.17988395690918
bert-base-multilingual-cased,en,18,mean_pool,-2,2,4,3.4284327030181885
bert-base-multilingual-cased,en,19,mean_pool,-2,-1,1,2.7853989601135254
bert-base-multilingual-cased,en,19,mean_pool,-1,0,1,5.123136043548584
bert-base-multilingual-cased,en,19,mean_pool,0,1,1,5.653645992279053
bert-base-multilingual-cased,en,19,mean_pool,1,2,1,3.419935464859009
bert-base-multilingual-cased,en,19,mean_pool,-2,0,2,5.165935516357422
bert-base-multilingual-cased,en,19,mean_pool,-1,1,2,3.060364246368408
bert-base-multilingual-cased,en,19,mean_pool,0,2,2,5.742157459259033
bert-base-multilingual-cased,en,19,mean_pool,-2,2,4,3.573486328125
bert-base-multilingual-cased,en,20,mean_pool,-2,-1,1,3.8769733905792236
bert-base-multilingual-cased,en,20,mean_pool,-1,0,1,5.713808536529541
bert-base-multilingual-cased,en,20,mean_pool,0,1,1,6.051059246063232
bert-base-multilingual-cased,en,20,mean_pool,1,2,1,4.238109588623047
bert-base-multilingual-cased,en,20,mean_pool,-2,0,2,6.033522129058838
bert-base-multilingual-cased,en,20,mean_pool,-1,1,2,4.122124195098877
bert-base-multilingual-cased,en,20,mean_pool,0,2,2,6.317885398864746
bert-base-multilingual-cased,en,20,mean_pool,-2,2,4,4.18251895904541
bert-base-multilingual-cased,en,21,mean_pool,-2,-1,1,3.9648730754852295
bert-base-multilingual-cased,en,21,mean_pool,-1,0,1,5.23729944229126
bert-base-multilingual-cased,en,21,mean_pool,0,1,1,5.712151050567627
bert-base-multilingual-cased,en,21,mean_pool,1,2,1,3.806875467300415
bert-base-multilingual-cased,en,21,mean_pool,-2,0,2,5.59535026550293
bert-base-multilingual-cased,en,21,mean_pool,-1,1,2,4.396517276763916
bert-base-multilingual-cased,en,21,mean_pool,0,2,2,6.235785007476807
bert-base-multilingual-cased,en,21,mean_pool,-2,2,4,3.799685478210449
bert-base-multilingual-cased,en,22,mean_pool,-2,-1,1,4.113092422485352
bert-base-multilingual-cased,en,22,mean_pool,-1,0,1,5.953097820281982
bert-base-multilingual-cased,en,22,mean_pool,0,1,1,6.525379180908203
bert-base-multilingual-cased,en,22,mean_pool,1,2,1,3.050753593444824
bert-base-multilingual-cased,en,22,mean_pool,-2,0,2,6.842899322509766
bert-base-multilingual-cased,en,22,mean_pool,-1,1,2,3.9825990200042725
bert-base-multilingual-cased,en,22,mean_pool,0,2,2,6.526611804962158
bert-base-multilingual-cased,en,22,mean_pool,-2,2,4,4.213292598724365
bert-base-multilingual-cased,en,23,mean_pool,-2,-1,1,3.148993492126465
bert-base-multilingual-cased,en,23,mean_pool,-1,0,1,4.714975833892822
bert-base-multilingual-cased,en,23,mean_pool,0,1,1,5.417281150817871
bert-base-multilingual-cased,en,23,mean_pool,1,2,1,3.5017688274383545
bert-base-multilingual-cased,en,23,mean_pool,-2,0,2,5.165824890136719
bert-base-multilingual-cased,en,23,mean_pool,-1,1,2,3.9870524406433105
bert-base-multilingual-cased,en,23,mean_pool,0,2,2,5.520398139953613
bert-base-multilingual-cased,en,23,mean_pool,-2,2,4,3.62697172164917
bert-base-multilingual-cased,en,24,mean_pool,-2,-1,1,3.25667405128479
bert-base-multilingual-cased,en,24,mean_pool,-1,0,1,5.079392910003662
bert-base-multilingual-cased,en,24,mean_pool,0,1,1,5.873560428619385
bert-base-multilingual-cased,en,24,mean_pool,1,2,1,3.477889060974121
bert-base-multilingual-cased,en,24,mean_pool,-2,0,2,5.8580780029296875
bert-base-multilingual-cased,en,24,mean_pool,-1,1,2,3.707003593444824
bert-base-multilingual-cased,en,24,mean_pool,0,2,2,6.207200527191162
bert-base-multilingual-cased,en,24,mean_pool,-2,2,4,3.5783536434173584
bert-base-multilingual-cased,en,25,mean_pool,-2,-1,1,2.536529064178467
bert-base-multilingual-cased,en,25,mean_pool,-1,0,1,3.863774538040161
bert-base-multilingual-cased,en,25,mean_pool,0,1,1,4.3167219161987305
bert-base-multilingual-cased,en,25,mean_pool,1,2,1,2.9428727626800537
bert-base-multilingual-cased,en,25,mean_pool,-2,0,2,4.108150005340576
bert-base-multilingual-cased,en,25,mean_pool,-1,1,2,3.0802483558654785
bert-base-multilingual-cased,en,25,mean_pool,0,2,2,4.838076114654541
bert-base-multilingual-cased,en,25,mean_pool,-2,2,4,3.081843614578247
bert-base-multilingual-cased,en,26,mean_pool,-2,-1,1,3.026616334915161
bert-base-multilingual-cased,en,26,mean_pool,-1,0,1,4.6112284660339355
bert-base-multilingual-cased,en,26,mean_pool,0,1,1,5.5377373695373535
bert-base-multilingual-cased,en,26,mean_pool,1,2,1,3.6803414821624756
bert-base-multilingual-cased,en,26,mean_pool,-2,0,2,5.086298942565918
bert-base-multilingual-cased,en,26,mean_pool,-1,1,2,3.9530553817749023
bert-base-multilingual-cased,en,26,mean_pool,0,2,2,5.856986999511719
bert-base-multilingual-cased,en,26,mean_pool,-2,2,4,3.4383561611175537
bert-base-multilingual-cased,en,27,mean_pool,-2,-1,1,2.7195613384246826
bert-base-multilingual-cased,en,27,mean_pool,-1,0,1,4.648792266845703
bert-base-multilingual-cased,en,27,mean_pool,0,1,1,4.945496082305908
bert-base-multilingual-cased,en,27,mean_pool,1,2,1,3.2794227600097656
bert-base-multilingual-cased,en,27,mean_pool,-2,0,2,4.5079569816589355
bert-base-multilingual-cased,en,27,mean_pool,-1,1,2,3.4600155353546143
bert-base-multilingual-cased,en,27,mean_pool,0,2,2,5.391561985015869
bert-base-multilingual-cased,en,27,mean_pool,-2,2,4,3.6348838806152344
bert-base-multilingual-cased,en,28,mean_pool,-2,-1,1,4.08908224105835
bert-base-multilingual-cased,en,28,mean_pool,-1,0,1,5.772509574890137
bert-base-multilingual-cased,en,28,mean_pool,0,1,1,6.823277950286865
bert-base-multilingual-cased,en,28,mean_pool,1,2,1,3.034980535507202
bert-base-multilingual-cased,en,28,mean_pool,-2,0,2,6.964481353759766
bert-base-multilingual-cased,en,28,mean_pool,-1,1,2,4.665103912353516
bert-base-multilingual-cased,en,28,mean_pool,0,2,2,7.378543853759766
bert-base-multilingual-cased,en,28,mean_pool,-2,2,4,3.7353055477142334
bert-base-multilingual-cased,en,29,mean_pool,-2,-1,1,3.4002668857574463
bert-base-multilingual-cased,en,29,mean_pool,-1,0,1,5.209561347961426
bert-base-multilingual-cased,en,29,mean_pool,0,1,1,6.60181999206543
bert-base-multilingual-cased,en,29,mean_pool,1,2,1,3.4855480194091797
bert-base-multilingual-cased,en,29,mean_pool,-2,0,2,6.105288982391357
bert-base-multilingual-cased,en,29,mean_pool,-1,1,2,4.24255895614624
bert-base-multilingual-cased,en,29,mean_pool,0,2,2,6.540778636932373
bert-base-multilingual-cased,en,29,mean_pool,-2,2,4,3.723984718322754
bert-base-multilingual-cased,en,30,mean_pool,-2,-1,1,3.0475172996520996
bert-base-multilingual-cased,en,30,mean_pool,-1,0,1,4.643768787384033
bert-base-multilingual-cased,en,30,mean_pool,0,1,1,5.3240966796875
bert-base-multilingual-cased,en,30,mean_pool,1,2,1,3.4712460041046143
bert-base-multilingual-cased,en,30,mean_pool,-2,0,2,5.281817436218262
bert-base-multilingual-cased,en,30,mean_pool,-1,1,2,3.550556182861328
bert-base-multilingual-cased,en,30,mean_pool,0,2,2,5.856574058532715
bert-base-multilingual-cased,en,30,mean_pool,-2,2,4,3.622577428817749
bert-base-multilingual-cased,en,31,mean_pool,-2,-1,1,2.67763614654541
bert-base-multilingual-cased,en,31,mean_pool,-1,0,1,5.032519817352295
bert-base-multilingual-cased,en,31,mean_pool,0,1,1,5.403525352478027
bert-base-multilingual-cased,en,31,mean_pool,1,2,1,4.345778465270996
bert-base-multilingual-cased,en,31,mean_pool,-2,0,2,4.807198524475098
bert-base-multilingual-cased,en,31,mean_pool,-1,1,2,3.687779188156128
bert-base-multilingual-cased,en,31,mean_pool,0,2,2,6.475303649902344
bert-base-multilingual-cased,en,31,mean_pool,-2,2,4,4.895411491394043
bert-base-multilingual-cased,en,32,mean_pool,-2,-1,1,2.908397912979126
bert-base-multilingual-cased,en,32,mean_pool,-1,0,1,4.575250625610352
bert-base-multilingual-cased,en,32,mean_pool,0,1,1,4.534467697143555
bert-base-multilingual-cased,en,32,mean_pool,1,2,1,3.0076887607574463
bert-base-multilingual-cased,en,32,mean_pool,-2,0,2,4.533619403839111
bert-base-multilingual-cased,en,32,mean_pool,-1,1,2,3.141087055206299
bert-base-multilingual-cased,en,32,mean_pool,0,2,2,4.994753360748291
bert-base-multilingual-cased,en,32,mean_pool,-2,2,4,2.999032735824585
bert-base-multilingual-cased,en,33,mean_pool,-2,-1,1,3.143045663833618
bert-base-multilingual-cased,en,33,mean_pool,-1,0,1,5.2308807373046875
bert-base-multilingual-cased,en,33,mean_pool,0,1,1,6.00553035736084
bert-base-multilingual-cased,en,33,mean_pool,1,2,1,4.421326160430908
bert-base-multilingual-cased,en,33,mean_pool,-2,0,2,5.416479587554932
bert-base-multilingual-cased,en,33,mean_pool,-1,1,2,4.797889709472656
bert-base-multilingual-cased,en,33,mean_pool,0,2,2,6.009031295776367
bert-base-multilingual-cased,en,33,mean_pool,-2,2,4,3.449925184249878
bert-base-multilingual-cased,en,34,mean_pool,-2,-1,1,4.143789291381836
bert-base-multilingual-cased,en,34,mean_pool,-1,0,1,5.691792964935303
bert-base-multilingual-cased,en,34,mean_pool,0,1,1,6.940652370452881
bert-base-multilingual-cased,en,34,mean_pool,1,2,1,4.465516090393066
bert-base-multilingual-cased,en,34,mean_pool,-2,0,2,6.607935428619385
bert-base-multilingual-cased,en,34,mean_pool,-1,1,2,5.39060640335083
bert-base-multilingual-cased,en,34,mean_pool,0,2,2,7.813498020172119
bert-base-multilingual-cased,en,34,mean_pool,-2,2,4,5.36448860168457
bert-base-multilingual-cased,en,35,mean_pool,-2,-1,1,2.984172821044922
bert-base-multilingual-cased,en,35,mean_pool,-1,0,1,4.427947998046875
bert-base-multilingual-cased,en,35,mean_pool,0,1,1,4.985229015350342
bert-base-multilingual-cased,en,35,mean_pool,1,2,1,3.771665334701538
bert-base-multilingual-cased,en,35,mean_pool,-2,0,2,5.15108585357666
bert-base-multilingual-cased,en,35,mean_pool,-1,1,2,3.350226402282715
bert-base-multilingual-cased,en,35,mean_pool,0,2,2,6.2936177253723145
bert-base-multilingual-cased,en,35,mean_pool,-2,2,4,3.4674699306488037
bert-base-multilingual-cased,en,36,mean_pool,-2,-1,1,2.682856559753418
bert-base-multilingual-cased,en,36,mean_pool,-1,0,1,5.018352031707764
bert-base-multilingual-cased,en,36,mean_pool,0,1,1,5.795247554779053
bert-base-multilingual-cased,en,36,mean_pool,1,2,1,3.5350563526153564
bert-base-multilingual-cased,en,36,mean_pool,-2,0,2,5.190633773803711
bert-base-multilingual-cased,en,36,mean_pool,-1,1,2,3.443972587585449
bert-base-multilingual-cased,en,36,mean_pool,0,2,2,6.655959606170654
bert-base-multilingual-cased,en,36,mean_pool,-2,2,4,3.960287094116211
bert-base-multilingual-cased,en,37,mean_pool,-2,-1,1,3.328641653060913
bert-base-multilingual-cased,en,37,mean_pool,-1,0,1,4.768672943115234
bert-base-multilingual-cased,en,37,mean_pool,0,1,1,5.104259014129639
bert-base-multilingual-cased,en,37,mean_pool,1,2,1,3.6780712604522705
bert-base-multilingual-cased,en,37,mean_pool,-2,0,2,4.833866596221924
bert-base-multilingual-cased,en,37,mean_pool,-1,1,2,4.650843620300293
bert-base-multilingual-cased,en,37,mean_pool,0,2,2,5.30674934387207
bert-base-multilingual-cased,en,37,mean_pool,-2,2,4,3.5689847469329834
bert-base-multilingual-cased,en,38,mean_pool,-2,-1,1,3.1879804134368896
bert-base-multilingual-cased,en,38,mean_pool,-1,0,1,4.546316146850586
bert-base-multilingual-cased,en,38,mean_pool,0,1,1,5.2534074783325195
bert-base-multilingual-cased,en,38,mean_pool,1,2,1,3.470802068710327
bert-base-multilingual-cased,en,38,mean_pool,-2,0,2,5.132221698760986
bert-base-multilingual-cased,en,38,mean_pool,-1,1,2,3.76019549369812
bert-base-multilingual-cased,en,38,mean_pool,0,2,2,5.679140567779541
bert-base-multilingual-cased,en,38,mean_pool,-2,2,4,3.1282055377960205
bert-base-multilingual-cased,en,39,mean_pool,-2,-1,1,2.937464714050293
bert-base-multilingual-cased,en,39,mean_pool,-1,0,1,4.516182899475098
bert-base-multilingual-cased,en,39,mean_pool,0,1,1,4.745609760284424
bert-base-multilingual-cased,en,39,mean_pool,1,2,1,3.411121129989624
bert-base-multilingual-cased,en,39,mean_pool,-2,0,2,4.7675065994262695
bert-base-multilingual-cased,en,39,mean_pool,-1,1,2,3.0791146755218506
bert-base-multilingual-cased,en,39,mean_pool,0,2,2,5.355414390563965
bert-base-multilingual-cased,en,39,mean_pool,-2,2,4,3.4716289043426514
bert-base-multilingual-cased,en,40,mean_pool,-2,-1,1,3.0712780952453613
bert-base-multilingual-cased,en,40,mean_pool,-1,0,1,4.921058654785156
bert-base-multilingual-cased,en,40,mean_pool,0,1,1,5.554760456085205
bert-base-multilingual-cased,en,40,mean_pool,1,2,1,3.71079683303833
bert-base-multilingual-cased,en,40,mean_pool,-2,0,2,5.252644062042236
bert-base-multilingual-cased,en,40,mean_pool,-1,1,2,3.3518452644348145
bert-base-multilingual-cased,en,40,mean_pool,0,2,2,5.683453559875488
bert-base-multilingual-cased,en,40,mean_pool,-2,2,4,3.656649351119995
bert-base-multilingual-cased,en,41,mean_pool,-2,-1,1,3.2016355991363525
bert-base-multilingual-cased,en,41,mean_pool,-1,0,1,4.484189510345459
bert-base-multilingual-cased,en,41,mean_pool,0,1,1,4.562144756317139
bert-base-multilingual-cased,en,41,mean_pool,1,2,1,3.3277947902679443
bert-base-multilingual-cased,en,41,mean_pool,-2,0,2,4.584407806396484
bert-base-multilingual-cased,en,41,mean_pool,-1,1,2,3.5400218963623047
bert-base-multilingual-cased,en,41,mean_pool,0,2,2,5.35862398147583
bert-base-multilingual-cased,en,41,mean_pool,-2,2,4,3.645643472671509
bert-base-multilingual-cased,en,42,mean_pool,-2,-1,1,3.4360098838806152
bert-base-multilingual-cased,en,42,mean_pool,-1,0,1,5.258785247802734
bert-base-multilingual-cased,en,42,mean_pool,0,1,1,5.981281280517578
bert-base-multilingual-cased,en,42,mean_pool,1,2,1,3.4980859756469727
bert-base-multilingual-cased,en,42,mean_pool,-2,0,2,5.8112030029296875
bert-base-multilingual-cased,en,42,mean_pool,-1,1,2,3.860027551651001
bert-base-multilingual-cased,en,42,mean_pool,0,2,2,6.265663146972656
bert-base-multilingual-cased,en,42,mean_pool,-2,2,4,3.505768299102783
bert-base-multilingual-cased,en,43,mean_pool,-2,-1,1,3.5455050468444824
bert-base-multilingual-cased,en,43,mean_pool,-1,0,1,6.385115146636963
bert-base-multilingual-cased,en,43,mean_pool,0,1,1,6.065743923187256
bert-base-multilingual-cased,en,43,mean_pool,1,2,1,4.046603202819824
bert-base-multilingual-cased,en,43,mean_pool,-2,0,2,6.207362651824951
bert-base-multilingual-cased,en,43,mean_pool,-1,1,2,4.2875752449035645
bert-base-multilingual-cased,en,43,mean_pool,0,2,2,6.507636070251465
bert-base-multilingual-cased,en,43,mean_pool,-2,2,4,3.9801998138427734
bert-base-multilingual-cased,en,44,mean_pool,-2,-1,1,2.9790003299713135
bert-base-multilingual-cased,en,44,mean_pool,-1,0,1,4.470022201538086
bert-base-multilingual-cased,en,44,mean_pool,0,1,1,4.898047924041748
bert-base-multilingual-cased,en,44,mean_pool,1,2,1,3.3645503520965576
bert-base-multilingual-cased,en,44,mean_pool,-2,0,2,4.87966775894165
bert-base-multilingual-cased,en,44,mean_pool,-1,1,2,3.4903724193573
bert-base-multilingual-cased,en,44,mean_pool,0,2,2,5.345849990844727
bert-base-multilingual-cased,en,44,mean_pool,-2,2,4,3.2254650592803955
bert-base-multilingual-cased,en,45,mean_pool,-2,-1,1,3.2008676528930664
bert-base-multilingual-cased,en,45,mean_pool,-1,0,1,4.995089530944824
bert-base-multilingual-cased,en,45,mean_pool,0,1,1,5.6000447273254395
bert-base-multilingual-cased,en,45,mean_pool,1,2,1,2.688702344894409
bert-base-multilingual-cased,en,45,mean_pool,-2,0,2,5.265955924987793
bert-base-multilingual-cased,en,45,mean_pool,-1,1,2,3.664060115814209
bert-base-multilingual-cased,en,45,mean_pool,0,2,2,5.911565780639648
bert-base-multilingual-cased,en,45,mean_pool,-2,2,4,2.7755444049835205
bert-base-multilingual-cased,en,46,mean_pool,-2,-1,1,3.4244742393493652
bert-base-multilingual-cased,en,46,mean_pool,-1,0,1,4.793175220489502
bert-base-multilingual-cased,en,46,mean_pool,0,1,1,5.365558624267578
bert-base-multilingual-cased,en,46,mean_pool,1,2,1,4.199946403503418
bert-base-multilingual-cased,en,46,mean_pool,-2,0,2,5.348944664001465
bert-base-multilingual-cased,en,46,mean_pool,-1,1,2,3.6923749446868896
bert-base-multilingual-cased,en,46,mean_pool,0,2,2,6.595953941345215
bert-base-multilingual-cased,en,46,mean_pool,-2,2,4,3.6732494831085205
bert-base-multilingual-cased,en,47,mean_pool,-2,-1,1,4.128495216369629
bert-base-multilingual-cased,en,47,mean_pool,-1,0,1,5.341255187988281
bert-base-multilingual-cased,en,47,mean_pool,0,1,1,6.296500205993652
bert-base-multilingual-cased,en,47,mean_pool,1,2,1,3.6726083755493164
bert-base-multilingual-cased,en,47,mean_pool,-2,0,2,6.440651893615723
bert-base-multilingual-cased,en,47,mean_pool,-1,1,2,5.012098789215088
bert-base-multilingual-cased,en,47,mean_pool,0,2,2,7.25454044342041
bert-base-multilingual-cased,en,47,mean_pool,-2,2,4,4.679152488708496
bert-base-multilingual-cased,en,48,mean_pool,-2,-1,1,4.0632219314575195
bert-base-multilingual-cased,en,48,mean_pool,-1,0,1,5.330761909484863
bert-base-multilingual-cased,en,48,mean_pool,0,1,1,5.9167890548706055
bert-base-multilingual-cased,en,48,mean_pool,1,2,1,4.082050800323486
bert-base-multilingual-cased,en,48,mean_pool,-2,0,2,5.7864484786987305
bert-base-multilingual-cased,en,48,mean_pool,-1,1,2,4.48065710067749
bert-base-multilingual-cased,en,48,mean_pool,0,2,2,6.783194541931152
bert-base-multilingual-cased,en,48,mean_pool,-2,2,4,4.44682502746582
bert-base-multilingual-cased,en,49,mean_pool,-2,-1,1,2.9882349967956543
bert-base-multilingual-cased,en,49,mean_pool,-1,0,1,5.075830459594727
bert-base-multilingual-cased,en,49,mean_pool,0,1,1,5.261166572570801
bert-base-multilingual-cased,en,49,mean_pool,1,2,1,3.0678598880767822
bert-base-multilingual-cased,en,49,mean_pool,-2,0,2,5.3176655769348145
bert-base-multilingual-cased,en,49,mean_pool,-1,1,2,3.4162888526916504
bert-base-multilingual-cased,en,49,mean_pool,0,2,2,5.6405768394470215
bert-base-multilingual-cased,en,49,mean_pool,-2,2,4,3.1701858043670654
bert-base-multilingual-cased,en,50,mean_pool,-2,-1,1,3.515967845916748
bert-base-multilingual-cased,en,50,mean_pool,-1,0,1,5.427070140838623
bert-base-multilingual-cased,en,50,mean_pool,0,1,1,6.57116174697876
bert-base-multilingual-cased,en,50,mean_pool,1,2,1,3.248513698577881
bert-base-multilingual-cased,en,50,mean_pool,-2,0,2,5.986711025238037
bert-base-multilingual-cased,en,50,mean_pool,-1,1,2,4.394059181213379
bert-base-multilingual-cased,en,50,mean_pool,0,2,2,6.967933654785156
bert-base-multilingual-cased,en,50,mean_pool,-2,2,4,4.644530296325684
bert-base-multilingual-cased,en,51,mean_pool,-2,-1,1,3.519214153289795
bert-base-multilingual-cased,en,51,mean_pool,-1,0,1,5.030148983001709
bert-base-multilingual-cased,en,51,mean_pool,0,1,1,5.681121826171875
bert-base-multilingual-cased,en,51,mean_pool,1,2,1,4.076542854309082
bert-base-multilingual-cased,en,51,mean_pool,-2,0,2,5.137331485748291
bert-base-multilingual-cased,en,51,mean_pool,-1,1,2,4.291016101837158
bert-base-multilingual-cased,en,51,mean_pool,0,2,2,5.891887664794922
bert-base-multilingual-cased,en,51,mean_pool,-2,2,4,3.815814733505249
bert-base-multilingual-cased,en,52,mean_pool,-2,-1,1,3.7243287563323975
bert-base-multilingual-cased,en,52,mean_pool,-1,0,1,6.254847526550293
bert-base-multilingual-cased,en,52,mean_pool,0,1,1,6.0233354568481445
bert-base-multilingual-cased,en,52,mean_pool,1,2,1,4.936133861541748
bert-base-multilingual-cased,en,52,mean_pool,-2,0,2,6.096568584442139
bert-base-multilingual-cased,en,52,mean_pool,-1,1,2,4.231089115142822
bert-base-multilingual-cased,en,52,mean_pool,0,2,2,6.62283182144165
bert-base-multilingual-cased,en,52,mean_pool,-2,2,4,5.357591152191162
bert-base-multilingual-cased,en,53,mean_pool,-2,-1,1,3.573122024536133
bert-base-multilingual-cased,en,53,mean_pool,-1,0,1,5.103532791137695
bert-base-multilingual-cased,en,53,mean_pool,0,1,1,5.765672206878662
bert-base-multilingual-cased,en,53,mean_pool,1,2,1,3.368000030517578
bert-base-multilingual-cased,en,53,mean_pool,-2,0,2,6.0605926513671875
bert-base-multilingual-cased,en,53,mean_pool,-1,1,2,3.6434738636016846
bert-base-multilingual-cased,en,53,mean_pool,0,2,2,6.2758402824401855
bert-base-multilingual-cased,en,53,mean_pool,-2,2,4,3.264303207397461
bert-base-multilingual-cased,en,54,mean_pool,-2,-1,1,2.9465861320495605
bert-base-multilingual-cased,en,54,mean_pool,-1,0,1,4.7994489669799805
bert-base-multilingual-cased,en,54,mean_pool,0,1,1,5.357203006744385
bert-base-multilingual-cased,en,54,mean_pool,1,2,1,3.5125601291656494
bert-base-multilingual-cased,en,54,mean_pool,-2,0,2,4.894285678863525
bert-base-multilingual-cased,en,54,mean_pool,-1,1,2,3.6995513439178467
bert-base-multilingual-cased,en,54,mean_pool,0,2,2,5.577523231506348
bert-base-multilingual-cased,en,54,mean_pool,-2,2,4,3.3714520931243896
bert-base-multilingual-cased,en,55,mean_pool,-2,-1,1,3.1977014541625977
bert-base-multilingual-cased,en,55,mean_pool,-1,0,1,4.7569451332092285
bert-base-multilingual-cased,en,55,mean_pool,0,1,1,5.6129961013793945
bert-base-multilingual-cased,en,55,mean_pool,1,2,1,3.8349711894989014
bert-base-multilingual-cased,en,55,mean_pool,-2,0,2,5.179614543914795
bert-base-multilingual-cased,en,55,mean_pool,-1,1,2,4.089217185974121
bert-base-multilingual-cased,en,55,mean_pool,0,2,2,5.874497890472412
bert-base-multilingual-cased,en,55,mean_pool,-2,2,4,3.4385592937469482
bert-base-multilingual-cased,en,56,mean_pool,-2,-1,1,3.0670676231384277
bert-base-multilingual-cased,en,56,mean_pool,-1,0,1,5.312700271606445
bert-base-multilingual-cased,en,56,mean_pool,0,1,1,5.256979465484619
bert-base-multilingual-cased,en,56,mean_pool,1,2,1,3.7825515270233154
bert-base-multilingual-cased,en,56,mean_pool,-2,0,2,4.842353343963623
bert-base-multilingual-cased,en,56,mean_pool,-1,1,2,3.8342697620391846
bert-base-multilingual-cased,en,56,mean_pool,0,2,2,5.8543925285339355
bert-base-multilingual-cased,en,56,mean_pool,-2,2,4,4.540843963623047
bert-base-multilingual-cased,en,57,mean_pool,-2,-1,1,2.5158727169036865
bert-base-multilingual-cased,en,57,mean_pool,-1,0,1,4.455806732177734
bert-base-multilingual-cased,en,57,mean_pool,0,1,1,5.056159019470215
bert-base-multilingual-cased,en,57,mean_pool,1,2,1,4.1365790367126465
bert-base-multilingual-cased,en,57,mean_pool,-2,0,2,4.591174602508545
bert-base-multilingual-cased,en,57,mean_pool,-1,1,2,3.201713800430298
bert-base-multilingual-cased,en,57,mean_pool,0,2,2,6.470236301422119
bert-base-multilingual-cased,en,57,mean_pool,-2,2,4,5.124744892120361
bert-base-multilingual-cased,en,58,mean_pool,-2,-1,1,3.2938385009765625
bert-base-multilingual-cased,en,58,mean_pool,-1,0,1,5.174190044403076
bert-base-multilingual-cased,en,58,mean_pool,0,1,1,5.785308361053467
bert-base-multilingual-cased,en,58,mean_pool,1,2,1,4.196326732635498
bert-base-multilingual-cased,en,58,mean_pool,-2,0,2,5.6970953941345215
bert-base-multilingual-cased,en,58,mean_pool,-1,1,2,4.224199295043945
bert-base-multilingual-cased,en,58,mean_pool,0,2,2,6.305351734161377
bert-base-multilingual-cased,en,58,mean_pool,-2,2,4,3.338252067565918
bert-base-multilingual-cased,en,59,mean_pool,-2,-1,1,3.2656900882720947
bert-base-multilingual-cased,en,59,mean_pool,-1,0,1,5.163858413696289
bert-base-multilingual-cased,en,59,mean_pool,0,1,1,6.165746688842773
bert-base-multilingual-cased,en,59,mean_pool,1,2,1,3.7000057697296143
bert-base-multilingual-cased,en,59,mean_pool,-2,0,2,5.994924545288086
bert-base-multilingual-cased,en,59,mean_pool,-1,1,2,3.559077024459839
bert-base-multilingual-cased,en,59,mean_pool,0,2,2,6.1958394050598145
bert-base-multilingual-cased,en,59,mean_pool,-2,2,4,3.481981039047241
bert-base-multilingual-cased,en,60,mean_pool,-2,-1,1,3.313978672027588
bert-base-multilingual-cased,en,60,mean_pool,-1,0,1,5.010858535766602
bert-base-multilingual-cased,en,60,mean_pool,0,1,1,5.808910369873047
bert-base-multilingual-cased,en,60,mean_pool,1,2,1,3.8697352409362793
bert-base-multilingual-cased,en,60,mean_pool,-2,0,2,5.587177753448486
bert-base-multilingual-cased,en,60,mean_pool,-1,1,2,3.437102794647217
bert-base-multilingual-cased,en,60,mean_pool,0,2,2,6.487239360809326
bert-base-multilingual-cased,en,60,mean_pool,-2,2,4,3.5151071548461914
bert-base-multilingual-cased,en,61,mean_pool,-2,-1,1,3.740324020385742
bert-base-multilingual-cased,en,61,mean_pool,-1,0,1,5.958520412445068
bert-base-multilingual-cased,en,61,mean_pool,0,1,1,6.779505252838135
bert-base-multilingual-cased,en,61,mean_pool,1,2,1,3.500326633453369
bert-base-multilingual-cased,en,61,mean_pool,-2,0,2,6.677292346954346
bert-base-multilingual-cased,en,61,mean_pool,-1,1,2,3.6092207431793213
bert-base-multilingual-cased,en,61,mean_pool,0,2,2,6.662461280822754
bert-base-multilingual-cased,en,61,mean_pool,-2,2,4,3.1668241024017334
bert-base-multilingual-cased,en,62,mean_pool,-2,-1,1,3.3008832931518555
bert-base-multilingual-cased,en,62,mean_pool,-1,0,1,4.771419048309326
bert-base-multilingual-cased,en,62,mean_pool,0,1,1,5.1267170906066895
bert-base-multilingual-cased,en,62,mean_pool,1,2,1,2.8402960300445557
bert-base-multilingual-cased,en,62,mean_pool,-2,0,2,5.426209449768066
bert-base-multilingual-cased,en,62,mean_pool,-1,1,2,3.6889848709106445
bert-base-multilingual-cased,en,62,mean_pool,0,2,2,5.711151599884033
bert-base-multilingual-cased,en,62,mean_pool,-2,2,4,3.4417002201080322
bert-base-multilingual-cased,en,63,mean_pool,-2,-1,1,3.199526786804199
bert-base-multilingual-cased,en,63,mean_pool,-1,0,1,5.346766948699951
bert-base-multilingual-cased,en,63,mean_pool,0,1,1,5.41825532913208
bert-base-multilingual-cased,en,63,mean_pool,1,2,1,2.9665162563323975
bert-base-multilingual-cased,en,63,mean_pool,-2,0,2,5.811891555786133
bert-base-multilingual-cased,en,63,mean_pool,-1,1,2,3.4596452713012695
bert-base-multilingual-cased,en,63,mean_pool,0,2,2,5.910943031311035
bert-base-multilingual-cased,en,63,mean_pool,-2,2,4,3.3780877590179443
bert-base-multilingual-cased,en,64,mean_pool,-2,-1,1,4.089087963104248
bert-base-multilingual-cased,en,64,mean_pool,-1,0,1,6.202828884124756
bert-base-multilingual-cased,en,64,mean_pool,0,1,1,5.894268035888672
bert-base-multilingual-cased,en,64,mean_pool,1,2,1,4.594474792480469
bert-base-multilingual-cased,en,64,mean_pool,-2,0,2,5.904915809631348
bert-base-multilingual-cased,en,64,mean_pool,-1,1,2,4.140995979309082
bert-base-multilingual-cased,en,64,mean_pool,0,2,2,6.753350257873535
bert-base-multilingual-cased,en,64,mean_pool,-2,2,4,5.034326553344727
bert-base-multilingual-cased,en,65,mean_pool,-2,-1,1,2.724285125732422
bert-base-multilingual-cased,en,65,mean_pool,-1,0,1,4.540167808532715
bert-base-multilingual-cased,en,65,mean_pool,0,1,1,5.267479419708252
bert-base-multilingual-cased,en,65,mean_pool,1,2,1,3.482696771621704
bert-base-multilingual-cased,en,65,mean_pool,-2,0,2,5.016746520996094
bert-base-multilingual-cased,en,65,mean_pool,-1,1,2,3.0042824745178223
bert-base-multilingual-cased,en,65,mean_pool,0,2,2,6.002072334289551
bert-base-multilingual-cased,en,65,mean_pool,-2,2,4,3.526900291442871
bert-base-multilingual-cased,en,66,mean_pool,-2,-1,1,4.338561058044434
bert-base-multilingual-cased,en,66,mean_pool,-1,0,1,6.091419219970703
bert-base-multilingual-cased,en,66,mean_pool,0,1,1,7.4784321784973145
bert-base-multilingual-cased,en,66,mean_pool,1,2,1,3.889413595199585
bert-base-multilingual-cased,en,66,mean_pool,-2,0,2,7.6695876121521
bert-base-multilingual-cased,en,66,mean_pool,-1,1,2,5.329099655151367
bert-base-multilingual-cased,en,66,mean_pool,0,2,2,8.577534675598145
bert-base-multilingual-cased,en,66,mean_pool,-2,2,4,4.210296154022217
bert-base-multilingual-cased,en,67,mean_pool,-2,-1,1,3.788466215133667
bert-base-multilingual-cased,en,67,mean_pool,-1,0,1,5.488611698150635
bert-base-multilingual-cased,en,67,mean_pool,0,1,1,6.33921480178833
bert-base-multilingual-cased,en,67,mean_pool,1,2,1,3.707491874694824
bert-base-multilingual-cased,en,67,mean_pool,-2,0,2,6.159952640533447
bert-base-multilingual-cased,en,67,mean_pool,-1,1,2,3.6023216247558594
bert-base-multilingual-cased,en,67,mean_pool,0,2,2,6.080945014953613
bert-base-multilingual-cased,en,67,mean_pool,-2,2,4,3.5961830615997314
bert-base-multilingual-cased,en,68,mean_pool,-2,-1,1,4.156027317047119
bert-base-multilingual-cased,en,68,mean_pool,-1,0,1,5.278527736663818
bert-base-multilingual-cased,en,68,mean_pool,0,1,1,5.700014591217041
bert-base-multilingual-cased,en,68,mean_pool,1,2,1,3.6019017696380615
bert-base-multilingual-cased,en,68,mean_pool,-2,0,2,6.142805576324463
bert-base-multilingual-cased,en,68,mean_pool,-1,1,2,4.361546039581299
bert-base-multilingual-cased,en,68,mean_pool,0,2,2,6.483717441558838
bert-base-multilingual-cased,en,68,mean_pool,-2,2,4,4.123568058013916
bert-base-multilingual-cased,en,69,mean_pool,-2,-1,1,2.6605868339538574
bert-base-multilingual-cased,en,69,mean_pool,-1,0,1,4.8567352294921875
bert-base-multilingual-cased,en,69,mean_pool,0,1,1,5.766931056976318
bert-base-multilingual-cased,en,69,mean_pool,1,2,1,3.76153564453125
bert-base-multilingual-cased,en,69,mean_pool,-2,0,2,5.211960792541504
bert-base-multilingual-cased,en,69,mean_pool,-1,1,2,3.4121739864349365
bert-base-multilingual-cased,en,69,mean_pool,0,2,2,6.61234188079834
bert-base-multilingual-cased,en,69,mean_pool,-2,2,4,3.961169719696045
bert-base-multilingual-cased,en,70,mean_pool,-2,-1,1,3.9251811504364014
bert-base-multilingual-cased,en,70,mean_pool,-1,0,1,6.027929306030273
bert-base-multilingual-cased,en,70,mean_pool,0,1,1,6.171756267547607
bert-base-multilingual-cased,en,70,mean_pool,1,2,1,3.672799825668335
bert-base-multilingual-cased,en,70,mean_pool,-2,0,2,6.325409412384033
bert-base-multilingual-cased,en,70,mean_pool,-1,1,2,3.525068759918213
bert-base-multilingual-cased,en,70,mean_pool,0,2,2,6.181208610534668
bert-base-multilingual-cased,en,70,mean_pool,-2,2,4,3.9573452472686768
bert-base-multilingual-cased,en,71,mean_pool,-2,-1,1,3.935346841812134
bert-base-multilingual-cased,en,71,mean_pool,-1,0,1,5.977748394012451
bert-base-multilingual-cased,en,71,mean_pool,0,1,1,6.871634006500244
bert-base-multilingual-cased,en,71,mean_pool,1,2,1,4.598569393157959
bert-base-multilingual-cased,en,71,mean_pool,-2,0,2,6.613745212554932
bert-base-multilingual-cased,en,71,mean_pool,-1,1,2,4.329344272613525
bert-base-multilingual-cased,en,71,mean_pool,0,2,2,6.734259605407715
bert-base-multilingual-cased,en,71,mean_pool,-2,2,4,4.079678058624268
bert-base-multilingual-cased,en,72,mean_pool,-2,-1,1,3.264211893081665
bert-base-multilingual-cased,en,72,mean_pool,-1,0,1,5.154446601867676
bert-base-multilingual-cased,en,72,mean_pool,0,1,1,6.328985214233398
bert-base-multilingual-cased,en,72,mean_pool,1,2,1,3.104776382446289
bert-base-multilingual-cased,en,72,mean_pool,-2,0,2,6.1535444259643555
bert-base-multilingual-cased,en,72,mean_pool,-1,1,2,3.874098300933838
bert-base-multilingual-cased,en,72,mean_pool,0,2,2,6.711709976196289
bert-base-multilingual-cased,en,72,mean_pool,-2,2,4,3.2117738723754883
bert-base-multilingual-cased,en,73,mean_pool,-2,-1,1,4.226341247558594
bert-base-multilingual-cased,en,73,mean_pool,-1,0,1,5.904140472412109
bert-base-multilingual-cased,en,73,mean_pool,0,1,1,5.76662015914917
bert-base-multilingual-cased,en,73,mean_pool,1,2,1,3.6393866539001465
bert-base-multilingual-cased,en,73,mean_pool,-2,0,2,5.859729290008545
bert-base-multilingual-cased,en,73,mean_pool,-1,1,2,4.471830368041992
bert-base-multilingual-cased,en,73,mean_pool,0,2,2,6.644866943359375
bert-base-multilingual-cased,en,73,mean_pool,-2,2,4,4.514065265655518
bert-base-multilingual-cased,en,74,mean_pool,-2,-1,1,2.7665295600891113
bert-base-multilingual-cased,en,74,mean_pool,-1,0,1,4.35769510269165
bert-base-multilingual-cased,en,74,mean_pool,0,1,1,4.456028938293457
bert-base-multilingual-cased,en,74,mean_pool,1,2,1,3.1476030349731445
bert-base-multilingual-cased,en,74,mean_pool,-2,0,2,5.084781646728516
bert-base-multilingual-cased,en,74,mean_pool,-1,1,2,2.8073036670684814
bert-base-multilingual-cased,en,74,mean_pool,0,2,2,5.028919219970703
bert-base-multilingual-cased,en,74,mean_pool,-2,2,4,3.970893144607544
bert-base-multilingual-cased,en,75,mean_pool,-2,-1,1,3.1009976863861084
bert-base-multilingual-cased,en,75,mean_pool,-1,0,1,4.7994794845581055
bert-base-multilingual-cased,en,75,mean_pool,0,1,1,5.268471717834473
bert-base-multilingual-cased,en,75,mean_pool,1,2,1,3.7615644931793213
bert-base-multilingual-cased,en,75,mean_pool,-2,0,2,5.20637321472168
bert-base-multilingual-cased,en,75,mean_pool,-1,1,2,3.692835807800293
bert-base-multilingual-cased,en,75,mean_pool,0,2,2,5.617982387542725
bert-base-multilingual-cased,en,75,mean_pool,-2,2,4,3.792701482772827
bert-base-multilingual-cased,en,76,mean_pool,-2,-1,1,3.6536734104156494
bert-base-multilingual-cased,en,76,mean_pool,-1,0,1,5.290252685546875
bert-base-multilingual-cased,en,76,mean_pool,0,1,1,6.192802906036377
bert-base-multilingual-cased,en,76,mean_pool,1,2,1,4.062321662902832
bert-base-multilingual-cased,en,76,mean_pool,-2,0,2,5.942110538482666
bert-base-multilingual-cased,en,76,mean_pool,-1,1,2,3.9353268146514893
bert-base-multilingual-cased,en,76,mean_pool,0,2,2,6.330881595611572
bert-base-multilingual-cased,en,76,mean_pool,-2,2,4,3.9801084995269775
bert-base-multilingual-cased,en,77,mean_pool,-2,-1,1,3.508742570877075
bert-base-multilingual-cased,en,77,mean_pool,-1,0,1,5.57261848449707
bert-base-multilingual-cased,en,77,mean_pool,0,1,1,5.471033096313477
bert-base-multilingual-cased,en,77,mean_pool,1,2,1,4.149313449859619
bert-base-multilingual-cased,en,77,mean_pool,-2,0,2,5.314967632293701
bert-base-multilingual-cased,en,77,mean_pool,-1,1,2,3.7894699573516846
bert-base-multilingual-cased,en,77,mean_pool,0,2,2,6.064654350280762
bert-base-multilingual-cased,en,77,mean_pool,-2,2,4,4.556267738342285
bert-base-multilingual-cased,en,78,mean_pool,-2,-1,1,2.8408052921295166
bert-base-multilingual-cased,en,78,mean_pool,-1,0,1,4.945804595947266
bert-base-multilingual-cased,en,78,mean_pool,0,1,1,5.633952617645264
bert-base-multilingual-cased,en,78,mean_pool,1,2,1,3.9028866291046143
bert-base-multilingual-cased,en,78,mean_pool,-2,0,2,5.065659046173096
bert-base-multilingual-cased,en,78,mean_pool,-1,1,2,3.9582629203796387
bert-base-multilingual-cased,en,78,mean_pool,0,2,2,5.833870887756348
bert-base-multilingual-cased,en,78,mean_pool,-2,2,4,3.546963691711426
bert-base-multilingual-cased,en,79,mean_pool,-2,-1,1,3.0299441814422607
bert-base-multilingual-cased,en,79,mean_pool,-1,0,1,5.043471813201904
bert-base-multilingual-cased,en,79,mean_pool,0,1,1,5.365694522857666
bert-base-multilingual-cased,en,79,mean_pool,1,2,1,3.1907079219818115
bert-base-multilingual-cased,en,79,mean_pool,-2,0,2,5.588356018066406
bert-base-multilingual-cased,en,79,mean_pool,-1,1,2,3.4010093212127686
bert-base-multilingual-cased,en,79,mean_pool,0,2,2,5.891858100891113
bert-base-multilingual-cased,en,79,mean_pool,-2,2,4,3.180208683013916
bert-base-multilingual-cased,en,80,mean_pool,-2,-1,1,2.8358242511749268
bert-base-multilingual-cased,en,80,mean_pool,-1,0,1,4.789286136627197
bert-base-multilingual-cased,en,80,mean_pool,0,1,1,5.267203330993652
bert-base-multilingual-cased,en,80,mean_pool,1,2,1,3.2852652072906494
bert-base-multilingual-cased,en,80,mean_pool,-2,0,2,5.048814296722412
bert-base-multilingual-cased,en,80,mean_pool,-1,1,2,3.027679920196533
bert-base-multilingual-cased,en,80,mean_pool,0,2,2,5.655850887298584
bert-base-multilingual-cased,en,80,mean_pool,-2,2,4,3.7568836212158203
bert-base-multilingual-cased,en,81,mean_pool,-2,-1,1,3.8896403312683105
bert-base-multilingual-cased,en,81,mean_pool,-1,0,1,5.566988468170166
bert-base-multilingual-cased,en,81,mean_pool,0,1,1,6.312774181365967
bert-base-multilingual-cased,en,81,mean_pool,1,2,1,4.010883331298828
bert-base-multilingual-cased,en,81,mean_pool,-2,0,2,6.319321155548096
bert-base-multilingual-cased,en,81,mean_pool,-1,1,2,4.275216579437256
bert-base-multilingual-cased,en,81,mean_pool,0,2,2,7.344664573669434
bert-base-multilingual-cased,en,81,mean_pool,-2,2,4,4.446738243103027
bert-base-multilingual-cased,en,82,mean_pool,-2,-1,1,2.5083038806915283
bert-base-multilingual-cased,en,82,mean_pool,-1,0,1,4.175973415374756
bert-base-multilingual-cased,en,82,mean_pool,0,1,1,4.85661506652832
bert-base-multilingual-cased,en,82,mean_pool,1,2,1,3.212346315383911
bert-base-multilingual-cased,en,82,mean_pool,-2,0,2,4.36849308013916
bert-base-multilingual-cased,en,82,mean_pool,-1,1,2,3.191929340362549
bert-base-multilingual-cased,en,82,mean_pool,0,2,2,5.266844272613525
bert-base-multilingual-cased,en,82,mean_pool,-2,2,4,3.4730825424194336
bert-base-multilingual-cased,en,83,mean_pool,-2,-1,1,2.9632482528686523
bert-base-multilingual-cased,en,83,mean_pool,-1,0,1,4.5083842277526855
bert-base-multilingual-cased,en,83,mean_pool,0,1,1,5.042491436004639
bert-base-multilingual-cased,en,83,mean_pool,1,2,1,3.492687940597534
bert-base-multilingual-cased,en,83,mean_pool,-2,0,2,4.964404582977295
bert-base-multilingual-cased,en,83,mean_pool,-1,1,2,3.48447322845459
bert-base-multilingual-cased,en,83,mean_pool,0,2,2,5.316652774810791
bert-base-multilingual-cased,en,83,mean_pool,-2,2,4,3.4117789268493652
bert-base-multilingual-cased,en,84,mean_pool,-2,-1,1,2.9446258544921875
bert-base-multilingual-cased,en,84,mean_pool,-1,0,1,4.619637966156006
bert-base-multilingual-cased,en,84,mean_pool,0,1,1,5.452978134155273
bert-base-multilingual-cased,en,84,mean_pool,1,2,1,3.805985927581787
bert-base-multilingual-cased,en,84,mean_pool,-2,0,2,5.151225566864014
bert-base-multilingual-cased,en,84,mean_pool,-1,1,2,3.85984206199646
bert-base-multilingual-cased,en,84,mean_pool,0,2,2,5.860730171203613
bert-base-multilingual-cased,en,84,mean_pool,-2,2,4,3.330669403076172
bert-base-multilingual-cased,en,85,mean_pool,-2,-1,1,2.7538692951202393
bert-base-multilingual-cased,en,85,mean_pool,-1,0,1,4.270596981048584
bert-base-multilingual-cased,en,85,mean_pool,0,1,1,5.051325798034668
bert-base-multilingual-cased,en,85,mean_pool,1,2,1,3.1224160194396973
bert-base-multilingual-cased,en,85,mean_pool,-2,0,2,4.880185604095459
bert-base-multilingual-cased,en,85,mean_pool,-1,1,2,3.4054927825927734
bert-base-multilingual-cased,en,85,mean_pool,0,2,2,5.8697357177734375
bert-base-multilingual-cased,en,85,mean_pool,-2,2,4,3.658252477645874
bert-base-multilingual-cased,en,86,mean_pool,-2,-1,1,3.607574224472046
bert-base-multilingual-cased,en,86,mean_pool,-1,0,1,5.498145580291748
bert-base-multilingual-cased,en,86,mean_pool,0,1,1,6.633105754852295
bert-base-multilingual-cased,en,86,mean_pool,1,2,1,3.604766845703125
bert-base-multilingual-cased,en,86,mean_pool,-2,0,2,6.750442028045654
bert-base-multilingual-cased,en,86,mean_pool,-1,1,2,4.304901123046875
bert-base-multilingual-cased,en,86,mean_pool,0,2,2,7.3166961669921875
bert-base-multilingual-cased,en,86,mean_pool,-2,2,4,3.976874828338623
bert-base-multilingual-cased,en,87,mean_pool,-2,-1,1,3.1834006309509277
bert-base-multilingual-cased,en,87,mean_pool,-1,0,1,5.371801376342773
bert-base-multilingual-cased,en,87,mean_pool,0,1,1,6.166740417480469
bert-base-multilingual-cased,en,87,mean_pool,1,2,1,3.6300840377807617
bert-base-multilingual-cased,en,87,mean_pool,-2,0,2,5.718452453613281
bert-base-multilingual-cased,en,87,mean_pool,-1,1,2,3.6662044525146484
bert-base-multilingual-cased,en,87,mean_pool,0,2,2,6.883706092834473
bert-base-multilingual-cased,en,87,mean_pool,-2,2,4,4.0981879234313965
bert-base-multilingual-cased,en,88,mean_pool,-2,-1,1,3.398599624633789
bert-base-multilingual-cased,en,88,mean_pool,-1,0,1,5.696279525756836
bert-base-multilingual-cased,en,88,mean_pool,0,1,1,5.548508644104004
bert-base-multilingual-cased,en,88,mean_pool,1,2,1,3.276587963104248
bert-base-multilingual-cased,en,88,mean_pool,-2,0,2,5.848434925079346
bert-base-multilingual-cased,en,88,mean_pool,-1,1,2,4.1303839683532715
bert-base-multilingual-cased,en,88,mean_pool,0,2,2,5.790550231933594
bert-base-multilingual-cased,en,88,mean_pool,-2,2,4,3.544312000274658
bert-base-multilingual-cased,en,89,mean_pool,-2,-1,1,4.244378566741943
bert-base-multilingual-cased,en,89,mean_pool,-1,0,1,5.440905570983887
bert-base-multilingual-cased,en,89,mean_pool,0,1,1,6.351902008056641
bert-base-multilingual-cased,en,89,mean_pool,1,2,1,4.106368541717529
bert-base-multilingual-cased,en,89,mean_pool,-2,0,2,6.448829174041748
bert-base-multilingual-cased,en,89,mean_pool,-1,1,2,4.80073356628418
bert-base-multilingual-cased,en,89,mean_pool,0,2,2,7.389195919036865
bert-base-multilingual-cased,en,89,mean_pool,-2,2,4,5.106818199157715
bert-base-multilingual-cased,en,90,mean_pool,-2,-1,1,4.475701808929443
bert-base-multilingual-cased,en,90,mean_pool,-1,0,1,5.6047515869140625
bert-base-multilingual-cased,en,90,mean_pool,0,1,1,6.598800182342529
bert-base-multilingual-cased,en,90,mean_pool,1,2,1,3.3035478591918945
bert-base-multilingual-cased,en,90,mean_pool,-2,0,2,6.634542465209961
bert-base-multilingual-cased,en,90,mean_pool,-1,1,2,4.894635200500488
bert-base-multilingual-cased,en,90,mean_pool,0,2,2,7.547565460205078
bert-base-multilingual-cased,en,90,mean_pool,-2,2,4,4.051881790161133
bert-base-multilingual-cased,en,91,mean_pool,-2,-1,1,2.8029463291168213
bert-base-multilingual-cased,en,91,mean_pool,-1,0,1,4.855367183685303
bert-base-multilingual-cased,en,91,mean_pool,0,1,1,5.768198490142822
bert-base-multilingual-cased,en,91,mean_pool,1,2,1,4.800343036651611
bert-base-multilingual-cased,en,91,mean_pool,-2,0,2,4.998095512390137
bert-base-multilingual-cased,en,91,mean_pool,-1,1,2,4.221526145935059
bert-base-multilingual-cased,en,91,mean_pool,0,2,2,5.953449726104736
bert-base-multilingual-cased,en,91,mean_pool,-2,2,4,4.110112190246582
bert-base-multilingual-cased,en,92,mean_pool,-2,-1,1,3.26339054107666
bert-base-multilingual-cased,en,92,mean_pool,-1,0,1,5.897449493408203
bert-base-multilingual-cased,en,92,mean_pool,0,1,1,6.2563066482543945
bert-base-multilingual-cased,en,92,mean_pool,1,2,1,3.3278939723968506
bert-base-multilingual-cased,en,92,mean_pool,-2,0,2,5.892738342285156
bert-base-multilingual-cased,en,92,mean_pool,-1,1,2,3.21616530418396
bert-base-multilingual-cased,en,92,mean_pool,0,2,2,6.007718563079834
bert-base-multilingual-cased,en,92,mean_pool,-2,2,4,3.069664716720581
bert-base-multilingual-cased,en,93,mean_pool,-2,-1,1,3.7417304515838623
bert-base-multilingual-cased,en,93,mean_pool,-1,0,1,6.049337387084961
bert-base-multilingual-cased,en,93,mean_pool,0,1,1,5.813880920410156
bert-base-multilingual-cased,en,93,mean_pool,1,2,1,4.100167751312256
bert-base-multilingual-cased,en,93,mean_pool,-2,0,2,5.553135395050049
bert-base-multilingual-cased,en,93,mean_pool,-1,1,2,4.571406364440918
bert-base-multilingual-cased,en,93,mean_pool,0,2,2,6.715506076812744
bert-base-multilingual-cased,en,93,mean_pool,-2,2,4,5.142928600311279
bert-base-multilingual-cased,en,94,mean_pool,-2,-1,1,3.57472562789917
bert-base-multilingual-cased,en,94,mean_pool,-1,0,1,6.567413806915283
bert-base-multilingual-cased,en,94,mean_pool,0,1,1,7.1419782638549805
bert-base-multilingual-cased,en,94,mean_pool,1,2,1,3.608968496322632
bert-base-multilingual-cased,en,94,mean_pool,-2,0,2,7.257601737976074
bert-base-multilingual-cased,en,94,mean_pool,-1,1,2,3.0534839630126953
bert-base-multilingual-cased,en,94,mean_pool,0,2,2,6.716948986053467
bert-base-multilingual-cased,en,94,mean_pool,-2,2,4,3.632845163345337
bert-base-multilingual-cased,en,95,mean_pool,-2,-1,1,3.068476438522339
bert-base-multilingual-cased,en,95,mean_pool,-1,0,1,4.509018421173096
bert-base-multilingual-cased,en,95,mean_pool,0,1,1,5.080771446228027
bert-base-multilingual-cased,en,95,mean_pool,1,2,1,3.3444325923919678
bert-base-multilingual-cased,en,95,mean_pool,-2,0,2,4.79824161529541
bert-base-multilingual-cased,en,95,mean_pool,-1,1,2,3.6046106815338135
bert-base-multilingual-cased,en,95,mean_pool,0,2,2,5.6606268882751465
bert-base-multilingual-cased,en,95,mean_pool,-2,2,4,3.5778350830078125
bert-base-multilingual-cased,en,96,mean_pool,-2,-1,1,2.890284776687622
bert-base-multilingual-cased,en,96,mean_pool,-1,0,1,5.135516166687012
bert-base-multilingual-cased,en,96,mean_pool,0,1,1,5.690914630889893
bert-base-multilingual-cased,en,96,mean_pool,1,2,1,4.004777908325195
bert-base-multilingual-cased,en,96,mean_pool,-2,0,2,5.424577236175537
bert-base-multilingual-cased,en,96,mean_pool,-1,1,2,3.4141457080841064
bert-base-multilingual-cased,en,96,mean_pool,0,2,2,5.724954128265381
bert-base-multilingual-cased,en,96,mean_pool,-2,2,4,4.021315097808838
bert-base-multilingual-cased,en,97,mean_pool,-2,-1,1,3.5670852661132812
bert-base-multilingual-cased,en,97,mean_pool,-1,0,1,4.974837303161621
bert-base-multilingual-cased,en,97,mean_pool,0,1,1,5.761748790740967
bert-base-multilingual-cased,en,97,mean_pool,1,2,1,3.6929149627685547
bert-base-multilingual-cased,en,97,mean_pool,-2,0,2,5.823291301727295
bert-base-multilingual-cased,en,97,mean_pool,-1,1,2,3.627070188522339
bert-base-multilingual-cased,en,97,mean_pool,0,2,2,6.6356658935546875
bert-base-multilingual-cased,en,97,mean_pool,-2,2,4,3.825345993041992
bert-base-multilingual-cased,en,98,mean_pool,-2,-1,1,3.008610725402832
bert-base-multilingual-cased,en,98,mean_pool,-1,0,1,5.33723258972168
bert-base-multilingual-cased,en,98,mean_pool,0,1,1,5.578851222991943
bert-base-multilingual-cased,en,98,mean_pool,1,2,1,3.818187713623047
bert-base-multilingual-cased,en,98,mean_pool,-2,0,2,5.390522480010986
bert-base-multilingual-cased,en,98,mean_pool,-1,1,2,3.6589348316192627
bert-base-multilingual-cased,en,98,mean_pool,0,2,2,5.566386699676514
bert-base-multilingual-cased,en,98,mean_pool,-2,2,4,3.7144203186035156
bert-base-multilingual-cased,en,99,mean_pool,-2,-1,1,3.304743766784668
bert-base-multilingual-cased,en,99,mean_pool,-1,0,1,4.386531352996826
bert-base-multilingual-cased,en,99,mean_pool,0,1,1,5.478492259979248
bert-base-multilingual-cased,en,99,mean_pool,1,2,1,3.6429977416992188
bert-base-multilingual-cased,en,99,mean_pool,-2,0,2,5.056957244873047
bert-base-multilingual-cased,en,99,mean_pool,-1,1,2,3.8360369205474854
bert-base-multilingual-cased,en,99,mean_pool,0,2,2,6.426750183105469
bert-base-multilingual-cased,en,99,mean_pool,-2,2,4,3.8937597274780273
bert-base-multilingual-cased,en,100,mean_pool,-2,-1,1,3.8286077976226807
bert-base-multilingual-cased,en,100,mean_pool,-1,0,1,5.434795379638672
bert-base-multilingual-cased,en,100,mean_pool,0,1,1,5.312351226806641
bert-base-multilingual-cased,en,100,mean_pool,1,2,1,4.335456848144531
bert-base-multilingual-cased,en,100,mean_pool,-2,0,2,5.014438152313232
bert-base-multilingual-cased,en,100,mean_pool,-1,1,2,3.523993492126465
bert-base-multilingual-cased,en,100,mean_pool,0,2,2,5.72932767868042
bert-base-multilingual-cased,en,100,mean_pool,-2,2,4,4.306224822998047
bert-base-multilingual-cased,en,101,mean_pool,-2,-1,1,2.7284157276153564
bert-base-multilingual-cased,en,101,mean_pool,-1,0,1,4.332014083862305
bert-base-multilingual-cased,en,101,mean_pool,0,1,1,5.132988929748535
bert-base-multilingual-cased,en,101,mean_pool,1,2,1,3.80696439743042
bert-base-multilingual-cased,en,101,mean_pool,-2,0,2,4.714324474334717
bert-base-multilingual-cased,en,101,mean_pool,-1,1,2,3.6849355697631836
bert-base-multilingual-cased,en,101,mean_pool,0,2,2,5.346588134765625
bert-base-multilingual-cased,en,101,mean_pool,-2,2,4,3.8723154067993164
bert-base-multilingual-cased,en,102,mean_pool,-2,-1,1,3.334150552749634
bert-base-multilingual-cased,en,102,mean_pool,-1,0,1,5.554997444152832
bert-base-multilingual-cased,en,102,mean_pool,0,1,1,5.738648891448975
bert-base-multilingual-cased,en,102,mean_pool,1,2,1,4.219151973724365
bert-base-multilingual-cased,en,102,mean_pool,-2,0,2,5.07875394821167
bert-base-multilingual-cased,en,102,mean_pool,-1,1,2,4.172054290771484
bert-base-multilingual-cased,en,102,mean_pool,0,2,2,6.197882175445557
bert-base-multilingual-cased,en,102,mean_pool,-2,2,4,4.199514865875244
bert-base-multilingual-cased,en,103,mean_pool,-2,-1,1,3.6261279582977295
bert-base-multilingual-cased,en,103,mean_pool,-1,0,1,5.699198246002197
bert-base-multilingual-cased,en,103,mean_pool,0,1,1,6.0768351554870605
bert-base-multilingual-cased,en,103,mean_pool,1,2,1,3.9646828174591064
bert-base-multilingual-cased,en,103,mean_pool,-2,0,2,5.809657096862793
bert-base-multilingual-cased,en,103,mean_pool,-1,1,2,3.9541122913360596
bert-base-multilingual-cased,en,103,mean_pool,0,2,2,6.7130937576293945
bert-base-multilingual-cased,en,103,mean_pool,-2,2,4,4.417718887329102
bert-base-multilingual-cased,en,104,mean_pool,-2,-1,1,2.9656503200531006
bert-base-multilingual-cased,en,104,mean_pool,-1,0,1,4.772741794586182
bert-base-multilingual-cased,en,104,mean_pool,0,1,1,5.565279960632324
bert-base-multilingual-cased,en,104,mean_pool,1,2,1,3.633474826812744
bert-base-multilingual-cased,en,104,mean_pool,-2,0,2,5.292999267578125
bert-base-multilingual-cased,en,104,mean_pool,-1,1,2,3.8366026878356934
bert-base-multilingual-cased,en,104,mean_pool,0,2,2,5.828075408935547
bert-base-multilingual-cased,en,104,mean_pool,-2,2,4,3.340221643447876
bert-base-multilingual-cased,en,105,mean_pool,-2,-1,1,2.806440591812134
bert-base-multilingual-cased,en,105,mean_pool,-1,0,1,4.951716423034668
bert-base-multilingual-cased,en,105,mean_pool,0,1,1,5.485330581665039
bert-base-multilingual-cased,en,105,mean_pool,1,2,1,3.819795608520508
bert-base-multilingual-cased,en,105,mean_pool,-2,0,2,5.377164840698242
bert-base-multilingual-cased,en,105,mean_pool,-1,1,2,3.181152582168579
bert-base-multilingual-cased,en,105,mean_pool,0,2,2,5.759356498718262
bert-base-multilingual-cased,en,105,mean_pool,-2,2,4,3.893660068511963
bert-base-multilingual-cased,en,106,mean_pool,-2,-1,1,3.956702947616577
bert-base-multilingual-cased,en,106,mean_pool,-1,0,1,5.859922409057617
bert-base-multilingual-cased,en,106,mean_pool,0,1,1,6.136584281921387
bert-base-multilingual-cased,en,106,mean_pool,1,2,1,3.6767914295196533
bert-base-multilingual-cased,en,106,mean_pool,-2,0,2,5.934225082397461
bert-base-multilingual-cased,en,106,mean_pool,-1,1,2,3.8206708431243896
bert-base-multilingual-cased,en,106,mean_pool,0,2,2,6.170568466186523
bert-base-multilingual-cased,en,106,mean_pool,-2,2,4,3.534783363342285
bert-base-multilingual-cased,en,107,mean_pool,-2,-1,1,3.3721683025360107
bert-base-multilingual-cased,en,107,mean_pool,-1,0,1,4.357302665710449
bert-base-multilingual-cased,en,107,mean_pool,0,1,1,5.092050075531006
bert-base-multilingual-cased,en,107,mean_pool,1,2,1,3.2569587230682373
bert-base-multilingual-cased,en,107,mean_pool,-2,0,2,5.073984622955322
bert-base-multilingual-cased,en,107,mean_pool,-1,1,2,3.6431527137756348
bert-base-multilingual-cased,en,107,mean_pool,0,2,2,6.079123020172119
bert-base-multilingual-cased,en,107,mean_pool,-2,2,4,3.583883047103882
bert-base-multilingual-cased,en,108,mean_pool,-2,-1,1,2.9013237953186035
bert-base-multilingual-cased,en,108,mean_pool,-1,0,1,4.768261432647705
bert-base-multilingual-cased,en,108,mean_pool,0,1,1,4.970383167266846
bert-base-multilingual-cased,en,108,mean_pool,1,2,1,4.188537120819092
bert-base-multilingual-cased,en,108,mean_pool,-2,0,2,5.311947345733643
bert-base-multilingual-cased,en,108,mean_pool,-1,1,2,3.4611964225769043
bert-base-multilingual-cased,en,108,mean_pool,0,2,2,6.567428112030029
bert-base-multilingual-cased,en,108,mean_pool,-2,2,4,3.9373114109039307
bert-base-multilingual-cased,en,109,mean_pool,-2,-1,1,3.188535690307617
bert-base-multilingual-cased,en,109,mean_pool,-1,0,1,4.932559967041016
bert-base-multilingual-cased,en,109,mean_pool,0,1,1,5.847565650939941
bert-base-multilingual-cased,en,109,mean_pool,1,2,1,3.537202835083008
bert-base-multilingual-cased,en,109,mean_pool,-2,0,2,5.653379440307617
bert-base-multilingual-cased,en,109,mean_pool,-1,1,2,3.6432199478149414
bert-base-multilingual-cased,en,109,mean_pool,0,2,2,6.070148944854736
bert-base-multilingual-cased,en,109,mean_pool,-2,2,4,2.753769874572754
bert-base-multilingual-cased,en,110,mean_pool,-2,-1,1,5.016219139099121
bert-base-multilingual-cased,en,110,mean_pool,-1,0,1,7.088298797607422
bert-base-multilingual-cased,en,110,mean_pool,0,1,1,7.9220757484436035
bert-base-multilingual-cased,en,110,mean_pool,1,2,1,4.717594146728516
bert-base-multilingual-cased,en,110,mean_pool,-2,0,2,8.457886695861816
bert-base-multilingual-cased,en,110,mean_pool,-1,1,2,5.103204727172852
bert-base-multilingual-cased,en,110,mean_pool,0,2,2,9.303450584411621
bert-base-multilingual-cased,en,110,mean_pool,-2,2,4,5.032371520996094
bert-base-multilingual-cased,en,111,mean_pool,-2,-1,1,3.482715129852295
bert-base-multilingual-cased,en,111,mean_pool,-1,0,1,5.800416469573975
bert-base-multilingual-cased,en,111,mean_pool,0,1,1,6.2737836837768555
bert-base-multilingual-cased,en,111,mean_pool,1,2,1,4.106471538543701
bert-base-multilingual-cased,en,111,mean_pool,-2,0,2,6.028663158416748
bert-base-multilingual-cased,en,111,mean_pool,-1,1,2,3.842790365219116
bert-base-multilingual-cased,en,111,mean_pool,0,2,2,6.499691009521484
bert-base-multilingual-cased,en,111,mean_pool,-2,2,4,4.129988193511963
bert-base-multilingual-cased,en,112,mean_pool,-2,-1,1,3.2745747566223145
bert-base-multilingual-cased,en,112,mean_pool,-1,0,1,5.632910251617432
bert-base-multilingual-cased,en,112,mean_pool,0,1,1,6.390742778778076
bert-base-multilingual-cased,en,112,mean_pool,1,2,1,3.539401054382324
bert-base-multilingual-cased,en,112,mean_pool,-2,0,2,5.894799709320068
bert-base-multilingual-cased,en,112,mean_pool,-1,1,2,4.056618690490723
bert-base-multilingual-cased,en,112,mean_pool,0,2,2,6.94834566116333
bert-base-multilingual-cased,en,112,mean_pool,-2,2,4,3.910806894302368
bert-base-multilingual-cased,en,113,mean_pool,-2,-1,1,3.0783565044403076
bert-base-multilingual-cased,en,113,mean_pool,-1,0,1,4.811002254486084
bert-base-multilingual-cased,en,113,mean_pool,0,1,1,5.4591145515441895
bert-base-multilingual-cased,en,113,mean_pool,1,2,1,3.251070499420166
bert-base-multilingual-cased,en,113,mean_pool,-2,0,2,5.559739589691162
bert-base-multilingual-cased,en,113,mean_pool,-1,1,2,3.8774526119232178
bert-base-multilingual-cased,en,113,mean_pool,0,2,2,6.423830986022949
bert-base-multilingual-cased,en,113,mean_pool,-2,2,4,3.464926242828369
bert-base-multilingual-cased,en,114,mean_pool,-2,-1,1,2.5413522720336914
bert-base-multilingual-cased,en,114,mean_pool,-1,0,1,4.953882217407227
bert-base-multilingual-cased,en,114,mean_pool,0,1,1,5.9349470138549805
bert-base-multilingual-cased,en,114,mean_pool,1,2,1,3.9479808807373047
bert-base-multilingual-cased,en,114,mean_pool,-2,0,2,4.83303689956665
bert-base-multilingual-cased,en,114,mean_pool,-1,1,2,3.4505271911621094
bert-base-multilingual-cased,en,114,mean_pool,0,2,2,6.840818405151367
bert-base-multilingual-cased,en,114,mean_pool,-2,2,4,4.471724033355713
bert-base-multilingual-cased,en,115,mean_pool,-2,-1,1,2.938828945159912
bert-base-multilingual-cased,en,115,mean_pool,-1,0,1,4.771128177642822
bert-base-multilingual-cased,en,115,mean_pool,0,1,1,4.859553337097168
bert-base-multilingual-cased,en,115,mean_pool,1,2,1,3.6423356533050537
bert-base-multilingual-cased,en,115,mean_pool,-2,0,2,4.315491676330566
bert-base-multilingual-cased,en,115,mean_pool,-1,1,2,3.412357807159424
bert-base-multilingual-cased,en,115,mean_pool,0,2,2,5.933882236480713
bert-base-multilingual-cased,en,115,mean_pool,-2,2,4,4.116212368011475
bert-base-multilingual-cased,en,116,mean_pool,-2,-1,1,2.7833504676818848
bert-base-multilingual-cased,en,116,mean_pool,-1,0,1,4.684148788452148
bert-base-multilingual-cased,en,116,mean_pool,0,1,1,4.798907279968262
bert-base-multilingual-cased,en,116,mean_pool,1,2,1,2.992410182952881
bert-base-multilingual-cased,en,116,mean_pool,-2,0,2,4.871308326721191
bert-base-multilingual-cased,en,116,mean_pool,-1,1,2,3.1368155479431152
bert-base-multilingual-cased,en,116,mean_pool,0,2,2,5.538374423980713
bert-base-multilingual-cased,en,116,mean_pool,-2,2,4,2.929471731185913
bert-base-multilingual-cased,en,117,mean_pool,-2,-1,1,4.622856616973877
bert-base-multilingual-cased,en,117,mean_pool,-1,0,1,6.406708717346191
bert-base-multilingual-cased,en,117,mean_pool,0,1,1,7.036514759063721
bert-base-multilingual-cased,en,117,mean_pool,1,2,1,4.258437156677246
bert-base-multilingual-cased,en,117,mean_pool,-2,0,2,7.392701148986816
bert-base-multilingual-cased,en,117,mean_pool,-1,1,2,5.475646495819092
bert-base-multilingual-cased,en,117,mean_pool,0,2,2,8.498311996459961
bert-base-multilingual-cased,en,117,mean_pool,-2,2,4,6.085301399230957
bert-base-multilingual-cased,en,118,mean_pool,-2,-1,1,2.801126003265381
bert-base-multilingual-cased,en,118,mean_pool,-1,0,1,4.683003902435303
bert-base-multilingual-cased,en,118,mean_pool,0,1,1,5.670684337615967
bert-base-multilingual-cased,en,118,mean_pool,1,2,1,4.172294616699219
bert-base-multilingual-cased,en,118,mean_pool,-2,0,2,5.007225513458252
bert-base-multilingual-cased,en,118,mean_pool,-1,1,2,4.457418918609619
bert-base-multilingual-cased,en,118,mean_pool,0,2,2,5.825151443481445
bert-base-multilingual-cased,en,118,mean_pool,-2,2,4,3.6505556106567383
bert-base-multilingual-cased,en,119,mean_pool,-2,-1,1,3.427828788757324
bert-base-multilingual-cased,en,119,mean_pool,-1,0,1,4.63240385055542
bert-base-multilingual-cased,en,119,mean_pool,0,1,1,5.205698490142822
bert-base-multilingual-cased,en,119,mean_pool,1,2,1,3.5261027812957764
bert-base-multilingual-cased,en,119,mean_pool,-2,0,2,4.936645030975342
bert-base-multilingual-cased,en,119,mean_pool,-1,1,2,3.660496711730957
bert-base-multilingual-cased,en,119,mean_pool,0,2,2,6.291584014892578
bert-base-multilingual-cased,en,119,mean_pool,-2,2,4,3.8835694789886475
bert-base-multilingual-cased,en,120,mean_pool,-2,-1,1,3.5161471366882324
bert-base-multilingual-cased,en,120,mean_pool,-1,0,1,5.5615129470825195
bert-base-multilingual-cased,en,120,mean_pool,0,1,1,6.368707180023193
bert-base-multilingual-cased,en,120,mean_pool,1,2,1,3.7340760231018066
bert-base-multilingual-cased,en,120,mean_pool,-2,0,2,5.774537563323975
bert-base-multilingual-cased,en,120,mean_pool,-1,1,2,4.199188709259033
bert-base-multilingual-cased,en,120,mean_pool,0,2,2,6.459228515625
bert-base-multilingual-cased,en,120,mean_pool,-2,2,4,3.7456471920013428
bert-base-multilingual-cased,en,121,mean_pool,-2,-1,1,4.28542423248291
bert-base-multilingual-cased,en,121,mean_pool,-1,0,1,5.832004547119141
bert-base-multilingual-cased,en,121,mean_pool,0,1,1,5.721663475036621
bert-base-multilingual-cased,en,121,mean_pool,1,2,1,4.405338287353516
bert-base-multilingual-cased,en,121,mean_pool,-2,0,2,6.059922695159912
bert-base-multilingual-cased,en,121,mean_pool,-1,1,2,4.314270973205566
bert-base-multilingual-cased,en,121,mean_pool,0,2,2,6.563308238983154
bert-base-multilingual-cased,en,121,mean_pool,-2,2,4,5.214704990386963
bert-base-multilingual-cased,en,122,mean_pool,-2,-1,1,2.7883248329162598
bert-base-multilingual-cased,en,122,mean_pool,-1,0,1,4.541140556335449
bert-base-multilingual-cased,en,122,mean_pool,0,1,1,5.334310531616211
bert-base-multilingual-cased,en,122,mean_pool,1,2,1,3.7319834232330322
bert-base-multilingual-cased,en,122,mean_pool,-2,0,2,4.7987895011901855
bert-base-multilingual-cased,en,122,mean_pool,-1,1,2,3.866107225418091
bert-base-multilingual-cased,en,122,mean_pool,0,2,2,6.156045913696289
bert-base-multilingual-cased,en,122,mean_pool,-2,2,4,4.291286468505859
bert-base-multilingual-cased,en,123,mean_pool,-2,-1,1,4.092555522918701
bert-base-multilingual-cased,en,123,mean_pool,-1,0,1,5.689936637878418
bert-base-multilingual-cased,en,123,mean_pool,0,1,1,7.246277332305908
bert-base-multilingual-cased,en,123,mean_pool,1,2,1,3.5311291217803955
bert-base-multilingual-cased,en,123,mean_pool,-2,0,2,7.169893741607666
bert-base-multilingual-cased,en,123,mean_pool,-1,1,2,5.148120403289795
bert-base-multilingual-cased,en,123,mean_pool,0,2,2,7.566377639770508
bert-base-multilingual-cased,en,123,mean_pool,-2,2,4,3.2531139850616455
bert-base-multilingual-cased,en,124,mean_pool,-2,-1,1,3.6632440090179443
bert-base-multilingual-cased,en,124,mean_pool,-1,0,1,5.684239387512207
bert-base-multilingual-cased,en,124,mean_pool,0,1,1,5.691410541534424
bert-base-multilingual-cased,en,124,mean_pool,1,2,1,3.695589065551758
bert-base-multilingual-cased,en,124,mean_pool,-2,0,2,5.795742034912109
bert-base-multilingual-cased,en,124,mean_pool,-1,1,2,4.027965068817139
bert-base-multilingual-cased,en,124,mean_pool,0,2,2,6.320580005645752
bert-base-multilingual-cased,en,124,mean_pool,-2,2,4,4.614607334136963
bert-base-multilingual-cased,en,125,mean_pool,-2,-1,1,4.414326190948486
bert-base-multilingual-cased,en,125,mean_pool,-1,0,1,5.989272594451904
bert-base-multilingual-cased,en,125,mean_pool,0,1,1,7.330450534820557
bert-base-multilingual-cased,en,125,mean_pool,1,2,1,4.306264877319336
bert-base-multilingual-cased,en,125,mean_pool,-2,0,2,6.9894304275512695
bert-base-multilingual-cased,en,125,mean_pool,-1,1,2,5.529146671295166
bert-base-multilingual-cased,en,125,mean_pool,0,2,2,8.395325660705566
bert-base-multilingual-cased,en,125,mean_pool,-2,2,4,5.264760971069336
bert-base-multilingual-cased,en,126,mean_pool,-2,-1,1,2.5052108764648438
bert-base-multilingual-cased,en,126,mean_pool,-1,0,1,4.568608283996582
bert-base-multilingual-cased,en,126,mean_pool,0,1,1,5.440106391906738
bert-base-multilingual-cased,en,126,mean_pool,1,2,1,4.211061954498291
bert-base-multilingual-cased,en,126,mean_pool,-2,0,2,4.539431571960449
bert-base-multilingual-cased,en,126,mean_pool,-1,1,2,3.5564115047454834
bert-base-multilingual-cased,en,126,mean_pool,0,2,2,6.266762733459473
bert-base-multilingual-cased,en,126,mean_pool,-2,2,4,4.647805690765381
bert-base-multilingual-cased,en,127,mean_pool,-2,-1,1,4.259647369384766
bert-base-multilingual-cased,en,127,mean_pool,-1,0,1,6.703566074371338
bert-base-multilingual-cased,en,127,mean_pool,0,1,1,7.897727966308594
bert-base-multilingual-cased,en,127,mean_pool,1,2,1,4.65716552734375
bert-base-multilingual-cased,en,127,mean_pool,-2,0,2,7.54758358001709
bert-base-multilingual-cased,en,127,mean_pool,-1,1,2,4.595017910003662
bert-base-multilingual-cased,en,127,mean_pool,0,2,2,7.921785831451416
bert-base-multilingual-cased,en,127,mean_pool,-2,2,4,4.929871559143066
bert-base-multilingual-cased,en,128,mean_pool,-2,-1,1,3.855391025543213
bert-base-multilingual-cased,en,128,mean_pool,-1,0,1,6.1354594230651855
bert-base-multilingual-cased,en,128,mean_pool,0,1,1,6.686594009399414
bert-base-multilingual-cased,en,128,mean_pool,1,2,1,4.576870918273926
bert-base-multilingual-cased,en,128,mean_pool,-2,0,2,6.796401500701904
bert-base-multilingual-cased,en,128,mean_pool,-1,1,2,4.374155044555664
bert-base-multilingual-cased,en,128,mean_pool,0,2,2,7.158935070037842
bert-base-multilingual-cased,en,128,mean_pool,-2,2,4,3.859755039215088
bert-base-multilingual-cased,en,129,mean_pool,-2,-1,1,3.008235454559326
bert-base-multilingual-cased,en,129,mean_pool,-1,0,1,4.874334335327148
bert-base-multilingual-cased,en,129,mean_pool,0,1,1,5.519796848297119
bert-base-multilingual-cased,en,129,mean_pool,1,2,1,3.7112464904785156
bert-base-multilingual-cased,en,129,mean_pool,-2,0,2,4.933482646942139
bert-base-multilingual-cased,en,129,mean_pool,-1,1,2,4.053760051727295
bert-base-multilingual-cased,en,129,mean_pool,0,2,2,6.286789894104004
bert-base-multilingual-cased,en,129,mean_pool,-2,2,4,4.243580341339111
bert-base-multilingual-cased,en,130,mean_pool,-2,-1,1,2.5199382305145264
bert-base-multilingual-cased,en,130,mean_pool,-1,0,1,4.642735481262207
bert-base-multilingual-cased,en,130,mean_pool,0,1,1,5.053256988525391
bert-base-multilingual-cased,en,130,mean_pool,1,2,1,3.881101131439209
bert-base-multilingual-cased,en,130,mean_pool,-2,0,2,4.8319268226623535
bert-base-multilingual-cased,en,130,mean_pool,-1,1,2,2.7333548069000244
bert-base-multilingual-cased,en,130,mean_pool,0,2,2,5.985928058624268
bert-base-multilingual-cased,en,130,mean_pool,-2,2,4,3.7841594219207764
bert-base-multilingual-cased,en,131,mean_pool,-2,-1,1,3.8688340187072754
bert-base-multilingual-cased,en,131,mean_pool,-1,0,1,5.902111530303955
bert-base-multilingual-cased,en,131,mean_pool,0,1,1,6.020143985748291
bert-base-multilingual-cased,en,131,mean_pool,1,2,1,3.606581211090088
bert-base-multilingual-cased,en,131,mean_pool,-2,0,2,6.788724899291992
bert-base-multilingual-cased,en,131,mean_pool,-1,1,2,4.039123058319092
bert-base-multilingual-cased,en,131,mean_pool,0,2,2,6.344384670257568
bert-base-multilingual-cased,en,131,mean_pool,-2,2,4,4.38439416885376
bert-base-multilingual-cased,en,132,mean_pool,-2,-1,1,3.6175360679626465
bert-base-multilingual-cased,en,132,mean_pool,-1,0,1,5.664328098297119
bert-base-multilingual-cased,en,132,mean_pool,0,1,1,6.243093490600586
bert-base-multilingual-cased,en,132,mean_pool,1,2,1,3.7117056846618652
bert-base-multilingual-cased,en,132,mean_pool,-2,0,2,5.9409499168396
bert-base-multilingual-cased,en,132,mean_pool,-1,1,2,4.175721645355225
bert-base-multilingual-cased,en,132,mean_pool,0,2,2,6.595826625823975
bert-base-multilingual-cased,en,132,mean_pool,-2,2,4,4.134100437164307
bert-base-multilingual-cased,en,133,mean_pool,-2,-1,1,4.280048370361328
bert-base-multilingual-cased,en,133,mean_pool,-1,0,1,5.279411792755127
bert-base-multilingual-cased,en,133,mean_pool,0,1,1,5.655040740966797
bert-base-multilingual-cased,en,133,mean_pool,1,2,1,3.4070968627929688
bert-base-multilingual-cased,en,133,mean_pool,-2,0,2,6.008833885192871
bert-base-multilingual-cased,en,133,mean_pool,-1,1,2,4.019514083862305
bert-base-multilingual-cased,en,133,mean_pool,0,2,2,6.045045375823975
bert-base-multilingual-cased,en,133,mean_pool,-2,2,4,3.8453638553619385
bert-base-multilingual-cased,en,134,mean_pool,-2,-1,1,2.8458609580993652
bert-base-multilingual-cased,en,134,mean_pool,-1,0,1,4.976208209991455
bert-base-multilingual-cased,en,134,mean_pool,0,1,1,5.522883415222168
bert-base-multilingual-cased,en,134,mean_pool,1,2,1,3.8211092948913574
bert-base-multilingual-cased,en,134,mean_pool,-2,0,2,4.911834239959717
bert-base-multilingual-cased,en,134,mean_pool,-1,1,2,4.011109352111816
bert-base-multilingual-cased,en,134,mean_pool,0,2,2,6.142568111419678
bert-base-multilingual-cased,en,134,mean_pool,-2,2,4,4.551806449890137
bert-base-multilingual-cased,en,135,mean_pool,-2,-1,1,3.3447182178497314
bert-base-multilingual-cased,en,135,mean_pool,-1,0,1,5.756409645080566
bert-base-multilingual-cased,en,135,mean_pool,0,1,1,6.460750102996826
bert-base-multilingual-cased,en,135,mean_pool,1,2,1,4.097031116485596
bert-base-multilingual-cased,en,135,mean_pool,-2,0,2,6.188196182250977
bert-base-multilingual-cased,en,135,mean_pool,-1,1,2,3.7528350353240967
bert-base-multilingual-cased,en,135,mean_pool,0,2,2,6.592859745025635
bert-base-multilingual-cased,en,135,mean_pool,-2,2,4,4.255216598510742
bert-base-multilingual-cased,en,136,mean_pool,-2,-1,1,3.3043441772460938
bert-base-multilingual-cased,en,136,mean_pool,-1,0,1,4.9730401039123535
bert-base-multilingual-cased,en,136,mean_pool,0,1,1,5.535868167877197
bert-base-multilingual-cased,en,136,mean_pool,1,2,1,3.1736438274383545
bert-base-multilingual-cased,en,136,mean_pool,-2,0,2,5.572879314422607
bert-base-multilingual-cased,en,136,mean_pool,-1,1,2,3.4574856758117676
bert-base-multilingual-cased,en,136,mean_pool,0,2,2,5.88101053237915
bert-base-multilingual-cased,en,136,mean_pool,-2,2,4,3.4635415077209473
bert-base-multilingual-cased,en,137,mean_pool,-2,-1,1,3.902907133102417
bert-base-multilingual-cased,en,137,mean_pool,-1,0,1,5.829046726226807
bert-base-multilingual-cased,en,137,mean_pool,0,1,1,6.534297943115234
bert-base-multilingual-cased,en,137,mean_pool,1,2,1,3.9615015983581543
bert-base-multilingual-cased,en,137,mean_pool,-2,0,2,6.524927139282227
bert-base-multilingual-cased,en,137,mean_pool,-1,1,2,4.757234573364258
bert-base-multilingual-cased,en,137,mean_pool,0,2,2,7.122321128845215
bert-base-multilingual-cased,en,137,mean_pool,-2,2,4,4.052942752838135
bert-base-multilingual-cased,en,138,mean_pool,-2,-1,1,4.385197162628174
bert-base-multilingual-cased,en,138,mean_pool,-1,0,1,5.480523586273193
bert-base-multilingual-cased,en,138,mean_pool,0,1,1,6.209327697753906
bert-base-multilingual-cased,en,138,mean_pool,1,2,1,3.3178675174713135
bert-base-multilingual-cased,en,138,mean_pool,-2,0,2,6.609107971191406
bert-base-multilingual-cased,en,138,mean_pool,-1,1,2,4.376990795135498
bert-base-multilingual-cased,en,138,mean_pool,0,2,2,6.61283016204834
bert-base-multilingual-cased,en,138,mean_pool,-2,2,4,5.006535530090332
bert-base-multilingual-cased,en,139,mean_pool,-2,-1,1,3.4792985916137695
bert-base-multilingual-cased,en,139,mean_pool,-1,0,1,5.48231840133667
bert-base-multilingual-cased,en,139,mean_pool,0,1,1,6.025111198425293
bert-base-multilingual-cased,en,139,mean_pool,1,2,1,4.000673294067383
bert-base-multilingual-cased,en,139,mean_pool,-2,0,2,5.741461277008057
bert-base-multilingual-cased,en,139,mean_pool,-1,1,2,4.2882866859436035
bert-base-multilingual-cased,en,139,mean_pool,0,2,2,7.1531267166137695
bert-base-multilingual-cased,en,139,mean_pool,-2,2,4,4.203286647796631
bert-base-multilingual-cased,en,140,mean_pool,-2,-1,1,4.106441020965576
bert-base-multilingual-cased,en,140,mean_pool,-1,0,1,5.7476043701171875
bert-base-multilingual-cased,en,140,mean_pool,0,1,1,6.91794490814209
bert-base-multilingual-cased,en,140,mean_pool,1,2,1,3.2997524738311768
bert-base-multilingual-cased,en,140,mean_pool,-2,0,2,6.800361156463623
bert-base-multilingual-cased,en,140,mean_pool,-1,1,2,4.513905048370361
bert-base-multilingual-cased,en,140,mean_pool,0,2,2,7.356575965881348
bert-base-multilingual-cased,en,140,mean_pool,-2,2,4,4.386870861053467
bert-base-multilingual-cased,en,141,mean_pool,-2,-1,1,3.9938695430755615
bert-base-multilingual-cased,en,141,mean_pool,-1,0,1,5.664409637451172
bert-base-multilingual-cased,en,141,mean_pool,0,1,1,6.51039981842041
bert-base-multilingual-cased,en,141,mean_pool,1,2,1,4.056956768035889
bert-base-multilingual-cased,en,141,mean_pool,-2,0,2,6.4787726402282715
bert-base-multilingual-cased,en,141,mean_pool,-1,1,2,4.470576286315918
bert-base-multilingual-cased,en,141,mean_pool,0,2,2,7.132393836975098
bert-base-multilingual-cased,en,141,mean_pool,-2,2,4,4.493535995483398
bert-base-multilingual-cased,en,142,mean_pool,-2,-1,1,2.742677688598633
bert-base-multilingual-cased,en,142,mean_pool,-1,0,1,4.279099941253662
bert-base-multilingual-cased,en,142,mean_pool,0,1,1,4.799209117889404
bert-base-multilingual-cased,en,142,mean_pool,1,2,1,3.053072452545166
bert-base-multilingual-cased,en,142,mean_pool,-2,0,2,4.774270534515381
bert-base-multilingual-cased,en,142,mean_pool,-1,1,2,3.0351552963256836
bert-base-multilingual-cased,en,142,mean_pool,0,2,2,4.800634860992432
bert-base-multilingual-cased,en,142,mean_pool,-2,2,4,2.9208645820617676
bert-base-multilingual-cased,en,143,mean_pool,-2,-1,1,2.941519021987915
bert-base-multilingual-cased,en,143,mean_pool,-1,0,1,4.312427997589111
bert-base-multilingual-cased,en,143,mean_pool,0,1,1,4.496109962463379
bert-base-multilingual-cased,en,143,mean_pool,1,2,1,3.3289239406585693
bert-base-multilingual-cased,en,143,mean_pool,-2,0,2,4.779736042022705
bert-base-multilingual-cased,en,143,mean_pool,-1,1,2,2.8954269886016846
bert-base-multilingual-cased,en,143,mean_pool,0,2,2,5.588313579559326
bert-base-multilingual-cased,en,143,mean_pool,-2,2,4,2.991210460662842
bert-base-multilingual-cased,en,144,mean_pool,-2,-1,1,3.434964179992676
bert-base-multilingual-cased,en,144,mean_pool,-1,0,1,5.010269641876221
bert-base-multilingual-cased,en,144,mean_pool,0,1,1,5.198672771453857
bert-base-multilingual-cased,en,144,mean_pool,1,2,1,4.627308368682861
bert-base-multilingual-cased,en,144,mean_pool,-2,0,2,4.850462913513184
bert-base-multilingual-cased,en,144,mean_pool,-1,1,2,3.6695640087127686
bert-base-multilingual-cased,en,144,mean_pool,0,2,2,5.503065586090088
bert-base-multilingual-cased,en,144,mean_pool,-2,2,4,4.5484161376953125
bert-base-multilingual-cased,en,145,mean_pool,-2,-1,1,3.5316884517669678
bert-base-multilingual-cased,en,145,mean_pool,-1,0,1,4.523937225341797
bert-base-multilingual-cased,en,145,mean_pool,0,1,1,5.725691795349121
bert-base-multilingual-cased,en,145,mean_pool,1,2,1,3.3575854301452637
bert-base-multilingual-cased,en,145,mean_pool,-2,0,2,5.806854724884033
bert-base-multilingual-cased,en,145,mean_pool,-1,1,2,3.8137917518615723
bert-base-multilingual-cased,en,145,mean_pool,0,2,2,6.530320167541504
bert-base-multilingual-cased,en,145,mean_pool,-2,2,4,3.575281858444214
bert-base-multilingual-cased,en,146,mean_pool,-2,-1,1,2.6223583221435547
bert-base-multilingual-cased,en,146,mean_pool,-1,0,1,4.801126480102539
bert-base-multilingual-cased,en,146,mean_pool,0,1,1,5.70449686050415
bert-base-multilingual-cased,en,146,mean_pool,1,2,1,3.8603460788726807
bert-base-multilingual-cased,en,146,mean_pool,-2,0,2,4.936478614807129
bert-base-multilingual-cased,en,146,mean_pool,-1,1,2,3.5286974906921387
bert-base-multilingual-cased,en,146,mean_pool,0,2,2,5.802234649658203
bert-base-multilingual-cased,en,146,mean_pool,-2,2,4,3.5874695777893066
bert-base-multilingual-cased,en,147,mean_pool,-2,-1,1,3.1499903202056885
bert-base-multilingual-cased,en,147,mean_pool,-1,0,1,4.848182201385498
bert-base-multilingual-cased,en,147,mean_pool,0,1,1,5.424921989440918
bert-base-multilingual-cased,en,147,mean_pool,1,2,1,3.237511396408081
bert-base-multilingual-cased,en,147,mean_pool,-2,0,2,5.1924662590026855
bert-base-multilingual-cased,en,147,mean_pool,-1,1,2,3.237220525741577
bert-base-multilingual-cased,en,147,mean_pool,0,2,2,5.527533531188965
bert-base-multilingual-cased,en,147,mean_pool,-2,2,4,3.4198403358459473
bert-base-multilingual-cased,en,148,mean_pool,-2,-1,1,3.0099985599517822
bert-base-multilingual-cased,en,148,mean_pool,-1,0,1,4.921852111816406
bert-base-multilingual-cased,en,148,mean_pool,0,1,1,5.373209476470947
bert-base-multilingual-cased,en,148,mean_pool,1,2,1,3.546492338180542
bert-base-multilingual-cased,en,148,mean_pool,-2,0,2,5.154871463775635
bert-base-multilingual-cased,en,148,mean_pool,-1,1,2,3.5832679271698
bert-base-multilingual-cased,en,148,mean_pool,0,2,2,5.752523899078369
bert-base-multilingual-cased,en,148,mean_pool,-2,2,4,3.5517091751098633
bert-base-multilingual-cased,en,149,mean_pool,-2,-1,1,2.5133912563323975
bert-base-multilingual-cased,en,149,mean_pool,-1,0,1,4.729697227478027
bert-base-multilingual-cased,en,149,mean_pool,0,1,1,5.34407377243042
bert-base-multilingual-cased,en,149,mean_pool,1,2,1,3.741846799850464
bert-base-multilingual-cased,en,149,mean_pool,-2,0,2,4.730658054351807
bert-base-multilingual-cased,en,149,mean_pool,-1,1,2,3.359386682510376
bert-base-multilingual-cased,en,149,mean_pool,0,2,2,6.255441665649414
bert-base-multilingual-cased,en,149,mean_pool,-2,2,4,4.251327037811279
bert-base-multilingual-cased,en,150,mean_pool,-2,-1,1,3.2409732341766357
bert-base-multilingual-cased,en,150,mean_pool,-1,0,1,5.251066207885742
bert-base-multilingual-cased,en,150,mean_pool,0,1,1,5.686872959136963
bert-base-multilingual-cased,en,150,mean_pool,1,2,1,3.726158857345581
bert-base-multilingual-cased,en,150,mean_pool,-2,0,2,5.5478596687316895
bert-base-multilingual-cased,en,150,mean_pool,-1,1,2,3.9745261669158936
bert-base-multilingual-cased,en,150,mean_pool,0,2,2,6.273532867431641
bert-base-multilingual-cased,en,150,mean_pool,-2,2,4,3.8713910579681396
bert-base-multilingual-cased,en,151,mean_pool,-2,-1,1,3.139918804168701
bert-base-multilingual-cased,en,151,mean_pool,-1,0,1,4.958911418914795
bert-base-multilingual-cased,en,151,mean_pool,0,1,1,5.473437309265137
bert-base-multilingual-cased,en,151,mean_pool,1,2,1,3.3436279296875
bert-base-multilingual-cased,en,151,mean_pool,-2,0,2,5.064769268035889
bert-base-multilingual-cased,en,151,mean_pool,-1,1,2,3.5066373348236084
bert-base-multilingual-cased,en,151,mean_pool,0,2,2,5.9310407638549805
bert-base-multilingual-cased,en,151,mean_pool,-2,2,4,3.4747092723846436
bert-base-multilingual-cased,en,152,mean_pool,-2,-1,1,3.2826433181762695
bert-base-multilingual-cased,en,152,mean_pool,-1,0,1,5.758768558502197
bert-base-multilingual-cased,en,152,mean_pool,0,1,1,6.510173797607422
bert-base-multilingual-cased,en,152,mean_pool,1,2,1,3.206362009048462
bert-base-multilingual-cased,en,152,mean_pool,-2,0,2,6.241952896118164
bert-base-multilingual-cased,en,152,mean_pool,-1,1,2,3.681898832321167
bert-base-multilingual-cased,en,152,mean_pool,0,2,2,6.657281875610352
bert-base-multilingual-cased,en,152,mean_pool,-2,2,4,3.2169790267944336
bert-base-multilingual-cased,en,153,mean_pool,-2,-1,1,3.520176887512207
bert-base-multilingual-cased,en,153,mean_pool,-1,0,1,5.5702900886535645
bert-base-multilingual-cased,en,153,mean_pool,0,1,1,5.951544761657715
bert-base-multilingual-cased,en,153,mean_pool,1,2,1,3.7333486080169678
bert-base-multilingual-cased,en,153,mean_pool,-2,0,2,5.808682918548584
bert-base-multilingual-cased,en,153,mean_pool,-1,1,2,4.2797441482543945
bert-base-multilingual-cased,en,153,mean_pool,0,2,2,6.404489040374756
bert-base-multilingual-cased,en,153,mean_pool,-2,2,4,3.7629456520080566
bert-base-multilingual-cased,en,154,mean_pool,-2,-1,1,3.5356976985931396
bert-base-multilingual-cased,en,154,mean_pool,-1,0,1,5.741806983947754
bert-base-multilingual-cased,en,154,mean_pool,0,1,1,6.360588550567627
bert-base-multilingual-cased,en,154,mean_pool,1,2,1,3.8277785778045654
bert-base-multilingual-cased,en,154,mean_pool,-2,0,2,6.273621559143066
bert-base-multilingual-cased,en,154,mean_pool,-1,1,2,3.8863162994384766
bert-base-multilingual-cased,en,154,mean_pool,0,2,2,6.530320167541504
bert-base-multilingual-cased,en,154,mean_pool,-2,2,4,3.690011501312256
bert-base-multilingual-cased,en,155,mean_pool,-2,-1,1,3.0216221809387207
bert-base-multilingual-cased,en,155,mean_pool,-1,0,1,5.464806079864502
bert-base-multilingual-cased,en,155,mean_pool,0,1,1,5.961660385131836
bert-base-multilingual-cased,en,155,mean_pool,1,2,1,3.140523672103882
bert-base-multilingual-cased,en,155,mean_pool,-2,0,2,5.915122032165527
bert-base-multilingual-cased,en,155,mean_pool,-1,1,2,3.1403355598449707
bert-base-multilingual-cased,en,155,mean_pool,0,2,2,6.074855327606201
bert-base-multilingual-cased,en,155,mean_pool,-2,2,4,3.5573103427886963
bert-base-multilingual-cased,en,156,mean_pool,-2,-1,1,3.8416740894317627
bert-base-multilingual-cased,en,156,mean_pool,-1,0,1,5.083820343017578
bert-base-multilingual-cased,en,156,mean_pool,0,1,1,6.155735492706299
bert-base-multilingual-cased,en,156,mean_pool,1,2,1,3.636382579803467
bert-base-multilingual-cased,en,156,mean_pool,-2,0,2,5.990177631378174
bert-base-multilingual-cased,en,156,mean_pool,-1,1,2,4.21624231338501
bert-base-multilingual-cased,en,156,mean_pool,0,2,2,6.495419979095459
bert-base-multilingual-cased,en,156,mean_pool,-2,2,4,3.578453540802002
bert-base-multilingual-cased,en,157,mean_pool,-2,-1,1,3.952576160430908
bert-base-multilingual-cased,en,157,mean_pool,-1,0,1,5.889191150665283
bert-base-multilingual-cased,en,157,mean_pool,0,1,1,6.223217964172363
bert-base-multilingual-cased,en,157,mean_pool,1,2,1,4.273691177368164
bert-base-multilingual-cased,en,157,mean_pool,-2,0,2,7.101418495178223
bert-base-multilingual-cased,en,157,mean_pool,-1,1,2,4.0573530197143555
bert-base-multilingual-cased,en,157,mean_pool,0,2,2,7.6225175857543945
bert-base-multilingual-cased,en,157,mean_pool,-2,2,4,4.539384841918945
bert-base-multilingual-cased,en,158,mean_pool,-2,-1,1,2.7661566734313965
bert-base-multilingual-cased,en,158,mean_pool,-1,0,1,4.670598030090332
bert-base-multilingual-cased,en,158,mean_pool,0,1,1,5.334812164306641
bert-base-multilingual-cased,en,158,mean_pool,1,2,1,3.9714226722717285
bert-base-multilingual-cased,en,158,mean_pool,-2,0,2,4.9230875968933105
bert-base-multilingual-cased,en,158,mean_pool,-1,1,2,3.5613253116607666
bert-base-multilingual-cased,en,158,mean_pool,0,2,2,6.338622570037842
bert-base-multilingual-cased,en,158,mean_pool,-2,2,4,4.829197406768799
bert-base-multilingual-cased,en,159,mean_pool,-2,-1,1,3.167992115020752
bert-base-multilingual-cased,en,159,mean_pool,-1,0,1,4.970199108123779
bert-base-multilingual-cased,en,159,mean_pool,0,1,1,5.641163349151611
bert-base-multilingual-cased,en,159,mean_pool,1,2,1,4.110793590545654
bert-base-multilingual-cased,en,159,mean_pool,-2,0,2,5.186795711517334
bert-base-multilingual-cased,en,159,mean_pool,-1,1,2,3.818748712539673
bert-base-multilingual-cased,en,159,mean_pool,0,2,2,6.049554347991943
bert-base-multilingual-cased,en,159,mean_pool,-2,2,4,3.8989920616149902
bert-base-multilingual-cased,ru,0,mean_pool,-2,-1,1,4.058588981628418
bert-base-multilingual-cased,ru,0,mean_pool,-1,0,1,5.27021598815918
bert-base-multilingual-cased,ru,0,mean_pool,0,1,1,5.530693531036377
bert-base-multilingual-cased,ru,0,mean_pool,1,2,1,4.117691993713379
bert-base-multilingual-cased,ru,0,mean_pool,-2,0,2,4.383723735809326
bert-base-multilingual-cased,ru,0,mean_pool,-1,1,2,4.875457763671875
bert-base-multilingual-cased,ru,0,mean_pool,0,2,2,5.454179763793945
bert-base-multilingual-cased,ru,0,mean_pool,-2,2,4,3.983281373977661
bert-base-multilingual-cased,ru,1,mean_pool,-2,-1,1,2.957184314727783
bert-base-multilingual-cased,ru,1,mean_pool,-1,0,1,3.5839359760284424
bert-base-multilingual-cased,ru,1,mean_pool,0,1,1,4.337377548217773
bert-base-multilingual-cased,ru,1,mean_pool,1,2,1,4.368535995483398
bert-base-multilingual-cased,ru,1,mean_pool,-2,0,2,3.9945545196533203
bert-base-multilingual-cased,ru,1,mean_pool,-1,1,2,3.9061384201049805
bert-base-multilingual-cased,ru,1,mean_pool,0,2,2,3.9882636070251465
bert-base-multilingual-cased,ru,1,mean_pool,-2,2,4,3.5891878604888916
bert-base-multilingual-cased,ru,2,mean_pool,-2,-1,1,3.6726038455963135
bert-base-multilingual-cased,ru,2,mean_pool,-1,0,1,4.19865083694458
bert-base-multilingual-cased,ru,2,mean_pool,0,1,1,4.227336406707764
bert-base-multilingual-cased,ru,2,mean_pool,1,2,1,4.650271892547607
bert-base-multilingual-cased,ru,2,mean_pool,-2,0,2,3.653196096420288
bert-base-multilingual-cased,ru,2,mean_pool,-1,1,2,4.183620929718018
bert-base-multilingual-cased,ru,2,mean_pool,0,2,2,4.614510536193848
bert-base-multilingual-cased,ru,2,mean_pool,-2,2,4,3.7757039070129395
bert-base-multilingual-cased,ru,3,mean_pool,-2,-1,1,2.8321168422698975
bert-base-multilingual-cased,ru,3,mean_pool,-1,0,1,3.638522148132324
bert-base-multilingual-cased,ru,3,mean_pool,0,1,1,3.837641954421997
bert-base-multilingual-cased,ru,3,mean_pool,1,2,1,3.256633996963501
bert-base-multilingual-cased,ru,3,mean_pool,-2,0,2,3.3564751148223877
bert-base-multilingual-cased,ru,3,mean_pool,-1,1,2,3.9768991470336914
bert-base-multilingual-cased,ru,3,mean_pool,0,2,2,3.5320146083831787
bert-base-multilingual-cased,ru,3,mean_pool,-2,2,4,2.735419511795044
bert-base-multilingual-cased,ru,4,mean_pool,-2,-1,1,3.3562002182006836
bert-base-multilingual-cased,ru,4,mean_pool,-1,0,1,3.897015333175659
bert-base-multilingual-cased,ru,4,mean_pool,0,1,1,4.2923431396484375
bert-base-multilingual-cased,ru,4,mean_pool,1,2,1,4.397846221923828
bert-base-multilingual-cased,ru,4,mean_pool,-2,0,2,3.9631431102752686
bert-base-multilingual-cased,ru,4,mean_pool,-1,1,2,4.434396266937256
bert-base-multilingual-cased,ru,4,mean_pool,0,2,2,4.042052745819092
bert-base-multilingual-cased,ru,4,mean_pool,-2,2,4,3.174421787261963
bert-base-multilingual-cased,ru,5,mean_pool,-2,-1,1,3.8242084980010986
bert-base-multilingual-cased,ru,5,mean_pool,-1,0,1,4.131893157958984
bert-base-multilingual-cased,ru,5,mean_pool,0,1,1,3.991777181625366
bert-base-multilingual-cased,ru,5,mean_pool,1,2,1,4.221369743347168
bert-base-multilingual-cased,ru,5,mean_pool,-2,0,2,3.9163496494293213
bert-base-multilingual-cased,ru,5,mean_pool,-1,1,2,4.17567253112793
bert-base-multilingual-cased,ru,5,mean_pool,0,2,2,4.108357906341553
bert-base-multilingual-cased,ru,5,mean_pool,-2,2,4,3.6893880367279053
bert-base-multilingual-cased,ru,6,mean_pool,-2,-1,1,4.0367302894592285
bert-base-multilingual-cased,ru,6,mean_pool,-1,0,1,4.22328519821167
bert-base-multilingual-cased,ru,6,mean_pool,0,1,1,4.427302837371826
bert-base-multilingual-cased,ru,6,mean_pool,1,2,1,4.120856761932373
bert-base-multilingual-cased,ru,6,mean_pool,-2,0,2,4.270049095153809
bert-base-multilingual-cased,ru,6,mean_pool,-1,1,2,4.590246200561523
bert-base-multilingual-cased,ru,6,mean_pool,0,2,2,4.0606689453125
bert-base-multilingual-cased,ru,6,mean_pool,-2,2,4,3.8105640411376953
bert-base-multilingual-cased,ru,7,mean_pool,-2,-1,1,2.808911085128784
bert-base-multilingual-cased,ru,7,mean_pool,-1,0,1,3.1195261478424072
bert-base-multilingual-cased,ru,7,mean_pool,0,1,1,3.6612093448638916
bert-base-multilingual-cased,ru,7,mean_pool,1,2,1,3.2622222900390625
bert-base-multilingual-cased,ru,7,mean_pool,-2,0,2,2.9601261615753174
bert-base-multilingual-cased,ru,7,mean_pool,-1,1,2,4.036709308624268
bert-base-multilingual-cased,ru,7,mean_pool,0,2,2,3.1827638149261475
bert-base-multilingual-cased,ru,7,mean_pool,-2,2,4,2.5501163005828857
bert-base-multilingual-cased,ru,8,mean_pool,-2,-1,1,3.08626127243042
bert-base-multilingual-cased,ru,8,mean_pool,-1,0,1,3.935424327850342
bert-base-multilingual-cased,ru,8,mean_pool,0,1,1,4.388177394866943
bert-base-multilingual-cased,ru,8,mean_pool,1,2,1,3.676528215408325
bert-base-multilingual-cased,ru,8,mean_pool,-2,0,2,3.7967519760131836
bert-base-multilingual-cased,ru,8,mean_pool,-1,1,2,3.882023572921753
bert-base-multilingual-cased,ru,8,mean_pool,0,2,2,4.150473117828369
bert-base-multilingual-cased,ru,8,mean_pool,-2,2,4,3.317579507827759
bert-base-multilingual-cased,ru,9,mean_pool,-2,-1,1,2.6857874393463135
bert-base-multilingual-cased,ru,9,mean_pool,-1,0,1,3.3534417152404785
bert-base-multilingual-cased,ru,9,mean_pool,0,1,1,4.314401626586914
bert-base-multilingual-cased,ru,9,mean_pool,1,2,1,3.7472333908081055
bert-base-multilingual-cased,ru,9,mean_pool,-2,0,2,2.924104690551758
bert-base-multilingual-cased,ru,9,mean_pool,-1,1,2,4.468621253967285
bert-base-multilingual-cased,ru,9,mean_pool,0,2,2,3.497270107269287
bert-base-multilingual-cased,ru,9,mean_pool,-2,2,4,3.267531394958496
bert-base-multilingual-cased,ru,10,mean_pool,-2,-1,1,3.6444287300109863
bert-base-multilingual-cased,ru,10,mean_pool,-1,0,1,4.006654739379883
bert-base-multilingual-cased,ru,10,mean_pool,0,1,1,4.115230083465576
bert-base-multilingual-cased,ru,10,mean_pool,1,2,1,4.147740840911865
bert-base-multilingual-cased,ru,10,mean_pool,-2,0,2,4.1193013191223145
bert-base-multilingual-cased,ru,10,mean_pool,-1,1,2,3.9922194480895996
bert-base-multilingual-cased,ru,10,mean_pool,0,2,2,4.365984916687012
bert-base-multilingual-cased,ru,10,mean_pool,-2,2,4,3.885929584503174
bert-base-multilingual-cased,ru,11,mean_pool,-2,-1,1,4.207893371582031
bert-base-multilingual-cased,ru,11,mean_pool,-1,0,1,4.638021469116211
bert-base-multilingual-cased,ru,11,mean_pool,0,1,1,4.412777900695801
bert-base-multilingual-cased,ru,11,mean_pool,1,2,1,5.44495153427124
bert-base-multilingual-cased,ru,11,mean_pool,-2,0,2,3.653437376022339
bert-base-multilingual-cased,ru,11,mean_pool,-1,1,2,4.637535572052002
bert-base-multilingual-cased,ru,11,mean_pool,0,2,2,5.419353008270264
bert-base-multilingual-cased,ru,11,mean_pool,-2,2,4,5.119167327880859
bert-base-multilingual-cased,ru,12,mean_pool,-2,-1,1,3.0991098880767822
bert-base-multilingual-cased,ru,12,mean_pool,-1,0,1,3.38397216796875
bert-base-multilingual-cased,ru,12,mean_pool,0,1,1,3.8084359169006348
bert-base-multilingual-cased,ru,12,mean_pool,1,2,1,3.6352386474609375
bert-base-multilingual-cased,ru,12,mean_pool,-2,0,2,3.164565324783325
bert-base-multilingual-cased,ru,12,mean_pool,-1,1,2,3.498347759246826
bert-base-multilingual-cased,ru,12,mean_pool,0,2,2,3.6411759853363037
bert-base-multilingual-cased,ru,12,mean_pool,-2,2,4,3.2357118129730225
bert-base-multilingual-cased,ru,13,mean_pool,-2,-1,1,3.5553743839263916
bert-base-multilingual-cased,ru,13,mean_pool,-1,0,1,3.7691471576690674
bert-base-multilingual-cased,ru,13,mean_pool,0,1,1,4.151740074157715
bert-base-multilingual-cased,ru,13,mean_pool,1,2,1,3.9770443439483643
bert-base-multilingual-cased,ru,13,mean_pool,-2,0,2,3.777827501296997
bert-base-multilingual-cased,ru,13,mean_pool,-1,1,2,4.2217278480529785
bert-base-multilingual-cased,ru,13,mean_pool,0,2,2,3.864271640777588
bert-base-multilingual-cased,ru,13,mean_pool,-2,2,4,3.5914762020111084
bert-base-multilingual-cased,ru,14,mean_pool,-2,-1,1,3.328829765319824
bert-base-multilingual-cased,ru,14,mean_pool,-1,0,1,3.5284523963928223
bert-base-multilingual-cased,ru,14,mean_pool,0,1,1,3.5502724647521973
bert-base-multilingual-cased,ru,14,mean_pool,1,2,1,3.6386044025421143
bert-base-multilingual-cased,ru,14,mean_pool,-2,0,2,3.4720394611358643
bert-base-multilingual-cased,ru,14,mean_pool,-1,1,2,3.882080078125
bert-base-multilingual-cased,ru,14,mean_pool,0,2,2,3.6343307495117188
bert-base-multilingual-cased,ru,14,mean_pool,-2,2,4,3.722677230834961
bert-base-multilingual-cased,ru,15,mean_pool,-2,-1,1,3.9747071266174316
bert-base-multilingual-cased,ru,15,mean_pool,-1,0,1,4.411840915679932
bert-base-multilingual-cased,ru,15,mean_pool,0,1,1,4.506467819213867
bert-base-multilingual-cased,ru,15,mean_pool,1,2,1,4.9935431480407715
bert-base-multilingual-cased,ru,15,mean_pool,-2,0,2,4.0317230224609375
bert-base-multilingual-cased,ru,15,mean_pool,-1,1,2,4.654951095581055
bert-base-multilingual-cased,ru,15,mean_pool,0,2,2,4.506388187408447
bert-base-multilingual-cased,ru,15,mean_pool,-2,2,4,4.448360443115234
bert-base-multilingual-cased,ru,16,mean_pool,-2,-1,1,4.164792060852051
bert-base-multilingual-cased,ru,16,mean_pool,-1,0,1,4.912578582763672
bert-base-multilingual-cased,ru,16,mean_pool,0,1,1,5.019747257232666
bert-base-multilingual-cased,ru,16,mean_pool,1,2,1,5.006542205810547
bert-base-multilingual-cased,ru,16,mean_pool,-2,0,2,4.718864917755127
bert-base-multilingual-cased,ru,16,mean_pool,-1,1,2,4.767596244812012
bert-base-multilingual-cased,ru,16,mean_pool,0,2,2,5.294652938842773
bert-base-multilingual-cased,ru,16,mean_pool,-2,2,4,4.600612163543701
bert-base-multilingual-cased,ru,17,mean_pool,-2,-1,1,3.8465735912323
bert-base-multilingual-cased,ru,17,mean_pool,-1,0,1,4.444781303405762
bert-base-multilingual-cased,ru,17,mean_pool,0,1,1,4.970858097076416
bert-base-multilingual-cased,ru,17,mean_pool,1,2,1,4.618394374847412
bert-base-multilingual-cased,ru,17,mean_pool,-2,0,2,4.050238609313965
bert-base-multilingual-cased,ru,17,mean_pool,-1,1,2,4.391304969787598
bert-base-multilingual-cased,ru,17,mean_pool,0,2,2,4.942107677459717
bert-base-multilingual-cased,ru,17,mean_pool,-2,2,4,4.943244457244873
bert-base-multilingual-cased,ru,18,mean_pool,-2,-1,1,2.8807966709136963
bert-base-multilingual-cased,ru,18,mean_pool,-1,0,1,3.7156949043273926
bert-base-multilingual-cased,ru,18,mean_pool,0,1,1,3.743800163269043
bert-base-multilingual-cased,ru,18,mean_pool,1,2,1,3.190490245819092
bert-base-multilingual-cased,ru,18,mean_pool,-2,0,2,3.778757095336914
bert-base-multilingual-cased,ru,18,mean_pool,-1,1,2,3.832850694656372
bert-base-multilingual-cased,ru,18,mean_pool,0,2,2,3.419400930404663
bert-base-multilingual-cased,ru,18,mean_pool,-2,2,4,3.4239561557769775
bert-base-multilingual-cased,ru,19,mean_pool,-2,-1,1,3.1939263343811035
bert-base-multilingual-cased,ru,19,mean_pool,-1,0,1,3.675976514816284
bert-base-multilingual-cased,ru,19,mean_pool,0,1,1,3.861126184463501
bert-base-multilingual-cased,ru,19,mean_pool,1,2,1,3.600717544555664
bert-base-multilingual-cased,ru,19,mean_pool,-2,0,2,3.3231348991394043
bert-base-multilingual-cased,ru,19,mean_pool,-1,1,2,4.079195499420166
bert-base-multilingual-cased,ru,19,mean_pool,0,2,2,3.619472026824951
bert-base-multilingual-cased,ru,19,mean_pool,-2,2,4,3.4225690364837646
bert-base-multilingual-cased,ru,20,mean_pool,-2,-1,1,4.3820109367370605
bert-base-multilingual-cased,ru,20,mean_pool,-1,0,1,5.092940807342529
bert-base-multilingual-cased,ru,20,mean_pool,0,1,1,4.922276020050049
bert-base-multilingual-cased,ru,20,mean_pool,1,2,1,4.989134311676025
bert-base-multilingual-cased,ru,20,mean_pool,-2,0,2,4.403950214385986
bert-base-multilingual-cased,ru,20,mean_pool,-1,1,2,5.303181171417236
bert-base-multilingual-cased,ru,20,mean_pool,0,2,2,4.834441661834717
bert-base-multilingual-cased,ru,20,mean_pool,-2,2,4,3.8969430923461914
bert-base-multilingual-cased,ru,21,mean_pool,-2,-1,1,3.198803424835205
bert-base-multilingual-cased,ru,21,mean_pool,-1,0,1,4.284754276275635
bert-base-multilingual-cased,ru,21,mean_pool,0,1,1,4.763761520385742
bert-base-multilingual-cased,ru,21,mean_pool,1,2,1,6.4879350662231445
bert-base-multilingual-cased,ru,21,mean_pool,-2,0,2,3.706153392791748
bert-base-multilingual-cased,ru,21,mean_pool,-1,1,2,4.368078708648682
bert-base-multilingual-cased,ru,21,mean_pool,0,2,2,6.152560710906982
bert-base-multilingual-cased,ru,21,mean_pool,-2,2,4,5.008362770080566
bert-base-multilingual-cased,ru,22,mean_pool,-2,-1,1,3.4849467277526855
bert-base-multilingual-cased,ru,22,mean_pool,-1,0,1,3.5222327709198
bert-base-multilingual-cased,ru,22,mean_pool,0,1,1,3.922516345977783
bert-base-multilingual-cased,ru,22,mean_pool,1,2,1,5.19530725479126
bert-base-multilingual-cased,ru,22,mean_pool,-2,0,2,3.4055206775665283
bert-base-multilingual-cased,ru,22,mean_pool,-1,1,2,3.9108827114105225
bert-base-multilingual-cased,ru,22,mean_pool,0,2,2,4.511659622192383
bert-base-multilingual-cased,ru,22,mean_pool,-2,2,4,4.539237976074219
bert-base-multilingual-cased,ru,23,mean_pool,-2,-1,1,3.5024566650390625
bert-base-multilingual-cased,ru,23,mean_pool,-1,0,1,4.382415771484375
bert-base-multilingual-cased,ru,23,mean_pool,0,1,1,4.482755661010742
bert-base-multilingual-cased,ru,23,mean_pool,1,2,1,3.9158506393432617
bert-base-multilingual-cased,ru,23,mean_pool,-2,0,2,4.200460910797119
bert-base-multilingual-cased,ru,23,mean_pool,-1,1,2,4.5138397216796875
bert-base-multilingual-cased,ru,23,mean_pool,0,2,2,4.129245758056641
bert-base-multilingual-cased,ru,23,mean_pool,-2,2,4,3.5144288539886475
bert-base-multilingual-cased,ru,24,mean_pool,-2,-1,1,4.398436069488525
bert-base-multilingual-cased,ru,24,mean_pool,-1,0,1,4.35064697265625
bert-base-multilingual-cased,ru,24,mean_pool,0,1,1,4.754719257354736
bert-base-multilingual-cased,ru,24,mean_pool,1,2,1,4.134711265563965
bert-base-multilingual-cased,ru,24,mean_pool,-2,0,2,3.9285714626312256
bert-base-multilingual-cased,ru,24,mean_pool,-1,1,2,4.3351240158081055
bert-base-multilingual-cased,ru,24,mean_pool,0,2,2,3.790903091430664
bert-base-multilingual-cased,ru,24,mean_pool,-2,2,4,3.2308740615844727
bert-base-multilingual-cased,ru,25,mean_pool,-2,-1,1,3.553744077682495
bert-base-multilingual-cased,ru,25,mean_pool,-1,0,1,3.9697866439819336
bert-base-multilingual-cased,ru,25,mean_pool,0,1,1,4.0473127365112305
bert-base-multilingual-cased,ru,25,mean_pool,1,2,1,3.60894775390625
bert-base-multilingual-cased,ru,25,mean_pool,-2,0,2,3.4476656913757324
bert-base-multilingual-cased,ru,25,mean_pool,-1,1,2,4.105579376220703
bert-base-multilingual-cased,ru,25,mean_pool,0,2,2,3.441800355911255
bert-base-multilingual-cased,ru,25,mean_pool,-2,2,4,3.1039512157440186
bert-base-multilingual-cased,ru,26,mean_pool,-2,-1,1,3.321767807006836
bert-base-multilingual-cased,ru,26,mean_pool,-1,0,1,3.5585906505584717
bert-base-multilingual-cased,ru,26,mean_pool,0,1,1,3.451728343963623
bert-base-multilingual-cased,ru,26,mean_pool,1,2,1,3.2528510093688965
bert-base-multilingual-cased,ru,26,mean_pool,-2,0,2,3.44586181640625
bert-base-multilingual-cased,ru,26,mean_pool,-1,1,2,3.6449358463287354
bert-base-multilingual-cased,ru,26,mean_pool,0,2,2,3.6015939712524414
bert-base-multilingual-cased,ru,26,mean_pool,-2,2,4,2.9912424087524414
bert-base-multilingual-cased,ru,27,mean_pool,-2,-1,1,3.687682867050171
bert-base-multilingual-cased,ru,27,mean_pool,-1,0,1,3.9574921131134033
bert-base-multilingual-cased,ru,27,mean_pool,0,1,1,4.2166547775268555
bert-base-multilingual-cased,ru,27,mean_pool,1,2,1,3.592595338821411
bert-base-multilingual-cased,ru,27,mean_pool,-2,0,2,4.105865955352783
bert-base-multilingual-cased,ru,27,mean_pool,-1,1,2,4.251885890960693
bert-base-multilingual-cased,ru,27,mean_pool,0,2,2,3.994699716567993
bert-base-multilingual-cased,ru,27,mean_pool,-2,2,4,3.6187970638275146
bert-base-multilingual-cased,ru,28,mean_pool,-2,-1,1,4.502594470977783
bert-base-multilingual-cased,ru,28,mean_pool,-1,0,1,5.173266887664795
bert-base-multilingual-cased,ru,28,mean_pool,0,1,1,4.881795406341553
bert-base-multilingual-cased,ru,28,mean_pool,1,2,1,5.175488471984863
bert-base-multilingual-cased,ru,28,mean_pool,-2,0,2,4.751114368438721
bert-base-multilingual-cased,ru,28,mean_pool,-1,1,2,5.020980358123779
bert-base-multilingual-cased,ru,28,mean_pool,0,2,2,5.5312089920043945
bert-base-multilingual-cased,ru,28,mean_pool,-2,2,4,4.796170711517334
bert-base-multilingual-cased,ru,29,mean_pool,-2,-1,1,4.54356050491333
bert-base-multilingual-cased,ru,29,mean_pool,-1,0,1,4.656209945678711
bert-base-multilingual-cased,ru,29,mean_pool,0,1,1,5.121159076690674
bert-base-multilingual-cased,ru,29,mean_pool,1,2,1,4.9899115562438965
bert-base-multilingual-cased,ru,29,mean_pool,-2,0,2,5.020237922668457
bert-base-multilingual-cased,ru,29,mean_pool,-1,1,2,4.705599308013916
bert-base-multilingual-cased,ru,29,mean_pool,0,2,2,5.460046291351318
bert-base-multilingual-cased,ru,29,mean_pool,-2,2,4,4.88755464553833
bert-base-multilingual-cased,ru,30,mean_pool,-2,-1,1,3.8627240657806396
bert-base-multilingual-cased,ru,30,mean_pool,-1,0,1,4.370462417602539
bert-base-multilingual-cased,ru,30,mean_pool,0,1,1,4.455857753753662
bert-base-multilingual-cased,ru,30,mean_pool,1,2,1,3.5848841667175293
bert-base-multilingual-cased,ru,30,mean_pool,-2,0,2,4.473472595214844
bert-base-multilingual-cased,ru,30,mean_pool,-1,1,2,4.00108528137207
bert-base-multilingual-cased,ru,30,mean_pool,0,2,2,4.366659164428711
bert-base-multilingual-cased,ru,30,mean_pool,-2,2,4,3.2219369411468506
bert-base-multilingual-cased,ru,31,mean_pool,-2,-1,1,3.5776190757751465
bert-base-multilingual-cased,ru,31,mean_pool,-1,0,1,4.266996383666992
bert-base-multilingual-cased,ru,31,mean_pool,0,1,1,4.805623531341553
bert-base-multilingual-cased,ru,31,mean_pool,1,2,1,4.5329742431640625
bert-base-multilingual-cased,ru,31,mean_pool,-2,0,2,4.208247184753418
bert-base-multilingual-cased,ru,31,mean_pool,-1,1,2,4.189267635345459
bert-base-multilingual-cased,ru,31,mean_pool,0,2,2,4.977743148803711
bert-base-multilingual-cased,ru,31,mean_pool,-2,2,4,3.31697416305542
bert-base-multilingual-cased,ru,32,mean_pool,-2,-1,1,2.7756688594818115
bert-base-multilingual-cased,ru,32,mean_pool,-1,0,1,3.3954200744628906
bert-base-multilingual-cased,ru,32,mean_pool,0,1,1,4.00761604309082
bert-base-multilingual-cased,ru,32,mean_pool,1,2,1,2.9324824810028076
bert-base-multilingual-cased,ru,32,mean_pool,-2,0,2,3.4089274406433105
bert-base-multilingual-cased,ru,32,mean_pool,-1,1,2,3.661520481109619
bert-base-multilingual-cased,ru,32,mean_pool,0,2,2,3.2159512042999268
bert-base-multilingual-cased,ru,32,mean_pool,-2,2,4,2.5397448539733887
bert-base-multilingual-cased,ru,33,mean_pool,-2,-1,1,3.281170606613159
bert-base-multilingual-cased,ru,33,mean_pool,-1,0,1,3.8432135581970215
bert-base-multilingual-cased,ru,33,mean_pool,0,1,1,4.569122314453125
bert-base-multilingual-cased,ru,33,mean_pool,1,2,1,4.177585124969482
bert-base-multilingual-cased,ru,33,mean_pool,-2,0,2,4.20366096496582
bert-base-multilingual-cased,ru,33,mean_pool,-1,1,2,4.10614538192749
bert-base-multilingual-cased,ru,33,mean_pool,0,2,2,4.175797939300537
bert-base-multilingual-cased,ru,33,mean_pool,-2,2,4,3.606290102005005
bert-base-multilingual-cased,ru,34,mean_pool,-2,-1,1,4.286825180053711
bert-base-multilingual-cased,ru,34,mean_pool,-1,0,1,4.877327919006348
bert-base-multilingual-cased,ru,34,mean_pool,0,1,1,4.710836410522461
bert-base-multilingual-cased,ru,34,mean_pool,1,2,1,5.362768173217773
bert-base-multilingual-cased,ru,34,mean_pool,-2,0,2,4.3342695236206055
bert-base-multilingual-cased,ru,34,mean_pool,-1,1,2,4.794900894165039
bert-base-multilingual-cased,ru,34,mean_pool,0,2,2,5.517266273498535
bert-base-multilingual-cased,ru,34,mean_pool,-2,2,4,5.29714298248291
bert-base-multilingual-cased,ru,35,mean_pool,-2,-1,1,2.8496580123901367
bert-base-multilingual-cased,ru,35,mean_pool,-1,0,1,3.6375482082366943
bert-base-multilingual-cased,ru,35,mean_pool,0,1,1,3.9343924522399902
bert-base-multilingual-cased,ru,35,mean_pool,1,2,1,3.244140148162842
bert-base-multilingual-cased,ru,35,mean_pool,-2,0,2,3.6473844051361084
bert-base-multilingual-cased,ru,35,mean_pool,-1,1,2,3.7239460945129395
bert-base-multilingual-cased,ru,35,mean_pool,0,2,2,3.4956367015838623
bert-base-multilingual-cased,ru,35,mean_pool,-2,2,4,2.615013837814331
bert-base-multilingual-cased,ru,36,mean_pool,-2,-1,1,3.3227627277374268
bert-base-multilingual-cased,ru,36,mean_pool,-1,0,1,3.318899631500244
bert-base-multilingual-cased,ru,36,mean_pool,0,1,1,3.526481866836548
bert-base-multilingual-cased,ru,36,mean_pool,1,2,1,3.8483402729034424
bert-base-multilingual-cased,ru,36,mean_pool,-2,0,2,3.1465885639190674
bert-base-multilingual-cased,ru,36,mean_pool,-1,1,2,3.830599784851074
bert-base-multilingual-cased,ru,36,mean_pool,0,2,2,3.5056986808776855
bert-base-multilingual-cased,ru,36,mean_pool,-2,2,4,3.3272387981414795
bert-base-multilingual-cased,ru,37,mean_pool,-2,-1,1,3.214099884033203
bert-base-multilingual-cased,ru,37,mean_pool,-1,0,1,3.5372631549835205
bert-base-multilingual-cased,ru,37,mean_pool,0,1,1,4.3526387214660645
bert-base-multilingual-cased,ru,37,mean_pool,1,2,1,5.228192329406738
bert-base-multilingual-cased,ru,37,mean_pool,-2,0,2,3.7588770389556885
bert-base-multilingual-cased,ru,37,mean_pool,-1,1,2,3.987464427947998
bert-base-multilingual-cased,ru,37,mean_pool,0,2,2,4.897676944732666
bert-base-multilingual-cased,ru,37,mean_pool,-2,2,4,4.594167709350586
bert-base-multilingual-cased,ru,38,mean_pool,-2,-1,1,2.6176564693450928
bert-base-multilingual-cased,ru,38,mean_pool,-1,0,1,3.725548028945923
bert-base-multilingual-cased,ru,38,mean_pool,0,1,1,3.9649829864501953
bert-base-multilingual-cased,ru,38,mean_pool,1,2,1,2.9677646160125732
bert-base-multilingual-cased,ru,38,mean_pool,-2,0,2,3.369447708129883
bert-base-multilingual-cased,ru,38,mean_pool,-1,1,2,3.5972657203674316
bert-base-multilingual-cased,ru,38,mean_pool,0,2,2,3.592637538909912
bert-base-multilingual-cased,ru,38,mean_pool,-2,2,4,2.6452884674072266
bert-base-multilingual-cased,ru,39,mean_pool,-2,-1,1,3.69409441947937
bert-base-multilingual-cased,ru,39,mean_pool,-1,0,1,4.477372646331787
bert-base-multilingual-cased,ru,39,mean_pool,0,1,1,4.706890106201172
bert-base-multilingual-cased,ru,39,mean_pool,1,2,1,4.229542255401611
bert-base-multilingual-cased,ru,39,mean_pool,-2,0,2,4.2632246017456055
bert-base-multilingual-cased,ru,39,mean_pool,-1,1,2,4.834589004516602
bert-base-multilingual-cased,ru,39,mean_pool,0,2,2,4.232542514801025
bert-base-multilingual-cased,ru,39,mean_pool,-2,2,4,3.676875114440918
bert-base-multilingual-cased,ru,40,mean_pool,-2,-1,1,4.030017375946045
bert-base-multilingual-cased,ru,40,mean_pool,-1,0,1,4.952643394470215
bert-base-multilingual-cased,ru,40,mean_pool,0,1,1,5.081657409667969
bert-base-multilingual-cased,ru,40,mean_pool,1,2,1,4.363780975341797
bert-base-multilingual-cased,ru,40,mean_pool,-2,0,2,4.29472541809082
bert-base-multilingual-cased,ru,40,mean_pool,-1,1,2,4.845470428466797
bert-base-multilingual-cased,ru,40,mean_pool,0,2,2,5.059591293334961
bert-base-multilingual-cased,ru,40,mean_pool,-2,2,4,3.8914859294891357
bert-base-multilingual-cased,ru,41,mean_pool,-2,-1,1,2.7639639377593994
bert-base-multilingual-cased,ru,41,mean_pool,-1,0,1,3.2526204586029053
bert-base-multilingual-cased,ru,41,mean_pool,0,1,1,3.855165481567383
bert-base-multilingual-cased,ru,41,mean_pool,1,2,1,3.379887580871582
bert-base-multilingual-cased,ru,41,mean_pool,-2,0,2,3.2621004581451416
bert-base-multilingual-cased,ru,41,mean_pool,-1,1,2,3.879056453704834
bert-base-multilingual-cased,ru,41,mean_pool,0,2,2,3.396815061569214
bert-base-multilingual-cased,ru,41,mean_pool,-2,2,4,2.7576637268066406
bert-base-multilingual-cased,ru,42,mean_pool,-2,-1,1,2.4957947731018066
bert-base-multilingual-cased,ru,42,mean_pool,-1,0,1,3.2498743534088135
bert-base-multilingual-cased,ru,42,mean_pool,0,1,1,3.4587881565093994
bert-base-multilingual-cased,ru,42,mean_pool,1,2,1,3.1085238456726074
bert-base-multilingual-cased,ru,42,mean_pool,-2,0,2,2.9020395278930664
bert-base-multilingual-cased,ru,42,mean_pool,-1,1,2,3.6229512691497803
bert-base-multilingual-cased,ru,42,mean_pool,0,2,2,3.1159212589263916
bert-base-multilingual-cased,ru,42,mean_pool,-2,2,4,2.433677911758423
bert-base-multilingual-cased,ru,43,mean_pool,-2,-1,1,3.670811891555786
bert-base-multilingual-cased,ru,43,mean_pool,-1,0,1,4.76124382019043
bert-base-multilingual-cased,ru,43,mean_pool,0,1,1,5.150707721710205
bert-base-multilingual-cased,ru,43,mean_pool,1,2,1,5.485116958618164
bert-base-multilingual-cased,ru,43,mean_pool,-2,0,2,4.507019519805908
bert-base-multilingual-cased,ru,43,mean_pool,-1,1,2,4.8657402992248535
bert-base-multilingual-cased,ru,43,mean_pool,0,2,2,5.7413811683654785
bert-base-multilingual-cased,ru,43,mean_pool,-2,2,4,4.119994640350342
bert-base-multilingual-cased,ru,44,mean_pool,-2,-1,1,3.167989730834961
bert-base-multilingual-cased,ru,44,mean_pool,-1,0,1,3.266242265701294
bert-base-multilingual-cased,ru,44,mean_pool,0,1,1,3.714510440826416
bert-base-multilingual-cased,ru,44,mean_pool,1,2,1,3.2409610748291016
bert-base-multilingual-cased,ru,44,mean_pool,-2,0,2,3.241847515106201
bert-base-multilingual-cased,ru,44,mean_pool,-1,1,2,3.505539655685425
bert-base-multilingual-cased,ru,44,mean_pool,0,2,2,3.612792730331421
bert-base-multilingual-cased,ru,44,mean_pool,-2,2,4,3.702826738357544
bert-base-multilingual-cased,ru,45,mean_pool,-2,-1,1,3.535289764404297
bert-base-multilingual-cased,ru,45,mean_pool,-1,0,1,4.222771167755127
bert-base-multilingual-cased,ru,45,mean_pool,0,1,1,4.608860492706299
bert-base-multilingual-cased,ru,45,mean_pool,1,2,1,4.423669815063477
bert-base-multilingual-cased,ru,45,mean_pool,-2,0,2,3.9399540424346924
bert-base-multilingual-cased,ru,45,mean_pool,-1,1,2,4.368741512298584
bert-base-multilingual-cased,ru,45,mean_pool,0,2,2,4.596266269683838
bert-base-multilingual-cased,ru,45,mean_pool,-2,2,4,3.6352896690368652
bert-base-multilingual-cased,ru,46,mean_pool,-2,-1,1,2.700770378112793
bert-base-multilingual-cased,ru,46,mean_pool,-1,0,1,3.6051576137542725
bert-base-multilingual-cased,ru,46,mean_pool,0,1,1,4.30258846282959
bert-base-multilingual-cased,ru,46,mean_pool,1,2,1,3.511176347732544
bert-base-multilingual-cased,ru,46,mean_pool,-2,0,2,3.1839258670806885
bert-base-multilingual-cased,ru,46,mean_pool,-1,1,2,3.938351631164551
bert-base-multilingual-cased,ru,46,mean_pool,0,2,2,3.7327568531036377
bert-base-multilingual-cased,ru,46,mean_pool,-2,2,4,2.5814740657806396
bert-base-multilingual-cased,ru,47,mean_pool,-2,-1,1,3.391610622406006
bert-base-multilingual-cased,ru,47,mean_pool,-1,0,1,3.6948769092559814
bert-base-multilingual-cased,ru,47,mean_pool,0,1,1,3.872946262359619
bert-base-multilingual-cased,ru,47,mean_pool,1,2,1,3.821718454360962
bert-base-multilingual-cased,ru,47,mean_pool,-2,0,2,3.3151986598968506
bert-base-multilingual-cased,ru,47,mean_pool,-1,1,2,3.971060037612915
bert-base-multilingual-cased,ru,47,mean_pool,0,2,2,4.084495544433594
bert-base-multilingual-cased,ru,47,mean_pool,-2,2,4,3.782064437866211
bert-base-multilingual-cased,ru,48,mean_pool,-2,-1,1,3.5062882900238037
bert-base-multilingual-cased,ru,48,mean_pool,-1,0,1,3.9656689167022705
bert-base-multilingual-cased,ru,48,mean_pool,0,1,1,4.043447017669678
bert-base-multilingual-cased,ru,48,mean_pool,1,2,1,3.869621515274048
bert-base-multilingual-cased,ru,48,mean_pool,-2,0,2,3.629178524017334
bert-base-multilingual-cased,ru,48,mean_pool,-1,1,2,4.174247741699219
bert-base-multilingual-cased,ru,48,mean_pool,0,2,2,4.2169036865234375
bert-base-multilingual-cased,ru,48,mean_pool,-2,2,4,3.929176092147827
bert-base-multilingual-cased,ru,49,mean_pool,-2,-1,1,4.483150959014893
bert-base-multilingual-cased,ru,49,mean_pool,-1,0,1,3.9530515670776367
bert-base-multilingual-cased,ru,49,mean_pool,0,1,1,3.913034200668335
bert-base-multilingual-cased,ru,49,mean_pool,1,2,1,3.8512089252471924
bert-base-multilingual-cased,ru,49,mean_pool,-2,0,2,3.972949504852295
bert-base-multilingual-cased,ru,49,mean_pool,-1,1,2,4.509435176849365
bert-base-multilingual-cased,ru,49,mean_pool,0,2,2,4.108826637268066
bert-base-multilingual-cased,ru,49,mean_pool,-2,2,4,4.473354816436768
bert-base-multilingual-cased,ru,50,mean_pool,-2,-1,1,3.110767126083374
bert-base-multilingual-cased,ru,50,mean_pool,-1,0,1,3.0885002613067627
bert-base-multilingual-cased,ru,50,mean_pool,0,1,1,3.3794782161712646
bert-base-multilingual-cased,ru,50,mean_pool,1,2,1,3.175734043121338
bert-base-multilingual-cased,ru,50,mean_pool,-2,0,2,3.4442059993743896
bert-base-multilingual-cased,ru,50,mean_pool,-1,1,2,3.662895917892456
bert-base-multilingual-cased,ru,50,mean_pool,0,2,2,3.1209328174591064
bert-base-multilingual-cased,ru,50,mean_pool,-2,2,4,3.0463473796844482
bert-base-multilingual-cased,ru,51,mean_pool,-2,-1,1,4.098029136657715
bert-base-multilingual-cased,ru,51,mean_pool,-1,0,1,4.225139141082764
bert-base-multilingual-cased,ru,51,mean_pool,0,1,1,4.427005290985107
bert-base-multilingual-cased,ru,51,mean_pool,1,2,1,3.859565258026123
bert-base-multilingual-cased,ru,51,mean_pool,-2,0,2,4.113933563232422
bert-base-multilingual-cased,ru,51,mean_pool,-1,1,2,4.3090338706970215
bert-base-multilingual-cased,ru,51,mean_pool,0,2,2,4.044167995452881
bert-base-multilingual-cased,ru,51,mean_pool,-2,2,4,3.6837737560272217
bert-base-multilingual-cased,ru,52,mean_pool,-2,-1,1,3.5159645080566406
bert-base-multilingual-cased,ru,52,mean_pool,-1,0,1,3.822686195373535
bert-base-multilingual-cased,ru,52,mean_pool,0,1,1,3.967740774154663
bert-base-multilingual-cased,ru,52,mean_pool,1,2,1,4.510642051696777
bert-base-multilingual-cased,ru,52,mean_pool,-2,0,2,3.4869370460510254
bert-base-multilingual-cased,ru,52,mean_pool,-1,1,2,3.8316118717193604
bert-base-multilingual-cased,ru,52,mean_pool,0,2,2,4.540750980377197
bert-base-multilingual-cased,ru,52,mean_pool,-2,2,4,4.339883804321289
bert-base-multilingual-cased,ru,53,mean_pool,-2,-1,1,3.620499849319458
bert-base-multilingual-cased,ru,53,mean_pool,-1,0,1,4.050140380859375
bert-base-multilingual-cased,ru,53,mean_pool,0,1,1,4.011555194854736
bert-base-multilingual-cased,ru,53,mean_pool,1,2,1,3.7725207805633545
bert-base-multilingual-cased,ru,53,mean_pool,-2,0,2,3.844479560852051
bert-base-multilingual-cased,ru,53,mean_pool,-1,1,2,4.130335330963135
bert-base-multilingual-cased,ru,53,mean_pool,0,2,2,4.170230388641357
bert-base-multilingual-cased,ru,53,mean_pool,-2,2,4,3.3450827598571777
bert-base-multilingual-cased,ru,54,mean_pool,-2,-1,1,3.334592342376709
bert-base-multilingual-cased,ru,54,mean_pool,-1,0,1,3.86604642868042
bert-base-multilingual-cased,ru,54,mean_pool,0,1,1,3.921574831008911
bert-base-multilingual-cased,ru,54,mean_pool,1,2,1,3.5643198490142822
bert-base-multilingual-cased,ru,54,mean_pool,-2,0,2,4.00994348526001
bert-base-multilingual-cased,ru,54,mean_pool,-1,1,2,4.028219699859619
bert-base-multilingual-cased,ru,54,mean_pool,0,2,2,3.6263647079467773
bert-base-multilingual-cased,ru,54,mean_pool,-2,2,4,3.1773579120635986
bert-base-multilingual-cased,ru,55,mean_pool,-2,-1,1,4.156155109405518
bert-base-multilingual-cased,ru,55,mean_pool,-1,0,1,4.725499629974365
bert-base-multilingual-cased,ru,55,mean_pool,0,1,1,4.972229957580566
bert-base-multilingual-cased,ru,55,mean_pool,1,2,1,3.7637417316436768
bert-base-multilingual-cased,ru,55,mean_pool,-2,0,2,4.13821268081665
bert-base-multilingual-cased,ru,55,mean_pool,-1,1,2,4.075013160705566
bert-base-multilingual-cased,ru,55,mean_pool,0,2,2,4.25792121887207
bert-base-multilingual-cased,ru,55,mean_pool,-2,2,4,3.665846586227417
bert-base-multilingual-cased,ru,56,mean_pool,-2,-1,1,2.7264363765716553
bert-base-multilingual-cased,ru,56,mean_pool,-1,0,1,3.3083479404449463
bert-base-multilingual-cased,ru,56,mean_pool,0,1,1,3.665933609008789
bert-base-multilingual-cased,ru,56,mean_pool,1,2,1,3.0999152660369873
bert-base-multilingual-cased,ru,56,mean_pool,-2,0,2,3.6689085960388184
bert-base-multilingual-cased,ru,56,mean_pool,-1,1,2,3.543231964111328
bert-base-multilingual-cased,ru,56,mean_pool,0,2,2,3.2836790084838867
bert-base-multilingual-cased,ru,56,mean_pool,-2,2,4,2.530333995819092
bert-base-multilingual-cased,ru,57,mean_pool,-2,-1,1,3.4053189754486084
bert-base-multilingual-cased,ru,57,mean_pool,-1,0,1,4.477022171020508
bert-base-multilingual-cased,ru,57,mean_pool,0,1,1,4.407421588897705
bert-base-multilingual-cased,ru,57,mean_pool,1,2,1,4.818614482879639
bert-base-multilingual-cased,ru,57,mean_pool,-2,0,2,3.9142329692840576
bert-base-multilingual-cased,ru,57,mean_pool,-1,1,2,3.510049343109131
bert-base-multilingual-cased,ru,57,mean_pool,0,2,2,5.217817783355713
bert-base-multilingual-cased,ru,57,mean_pool,-2,2,4,4.477774620056152
bert-base-multilingual-cased,ru,58,mean_pool,-2,-1,1,3.0088462829589844
bert-base-multilingual-cased,ru,58,mean_pool,-1,0,1,3.621013641357422
bert-base-multilingual-cased,ru,58,mean_pool,0,1,1,4.631515026092529
bert-base-multilingual-cased,ru,58,mean_pool,1,2,1,4.320192337036133
bert-base-multilingual-cased,ru,58,mean_pool,-2,0,2,3.2914741039276123
bert-base-multilingual-cased,ru,58,mean_pool,-1,1,2,3.829867124557495
bert-base-multilingual-cased,ru,58,mean_pool,0,2,2,3.659547805786133
bert-base-multilingual-cased,ru,58,mean_pool,-2,2,4,3.0158567428588867
bert-base-multilingual-cased,ru,59,mean_pool,-2,-1,1,2.80155348777771
bert-base-multilingual-cased,ru,59,mean_pool,-1,0,1,3.6895644664764404
bert-base-multilingual-cased,ru,59,mean_pool,0,1,1,4.076369285583496
bert-base-multilingual-cased,ru,59,mean_pool,1,2,1,2.872520923614502
bert-base-multilingual-cased,ru,59,mean_pool,-2,0,2,3.7324142456054688
bert-base-multilingual-cased,ru,59,mean_pool,-1,1,2,3.7368810176849365
bert-base-multilingual-cased,ru,59,mean_pool,0,2,2,3.4341795444488525
bert-base-multilingual-cased,ru,59,mean_pool,-2,2,4,2.6734893321990967
bert-base-multilingual-cased,ru,60,mean_pool,-2,-1,1,3.617002487182617
bert-base-multilingual-cased,ru,60,mean_pool,-1,0,1,3.8066158294677734
bert-base-multilingual-cased,ru,60,mean_pool,0,1,1,4.006837844848633
bert-base-multilingual-cased,ru,60,mean_pool,1,2,1,4.3218841552734375
bert-base-multilingual-cased,ru,60,mean_pool,-2,0,2,3.717313051223755
bert-base-multilingual-cased,ru,60,mean_pool,-1,1,2,4.080360412597656
bert-base-multilingual-cased,ru,60,mean_pool,0,2,2,3.757213592529297
bert-base-multilingual-cased,ru,60,mean_pool,-2,2,4,3.8351895809173584
bert-base-multilingual-cased,ru,61,mean_pool,-2,-1,1,3.6257712841033936
bert-base-multilingual-cased,ru,61,mean_pool,-1,0,1,4.189443588256836
bert-base-multilingual-cased,ru,61,mean_pool,0,1,1,4.629334449768066
bert-base-multilingual-cased,ru,61,mean_pool,1,2,1,4.305416107177734
bert-base-multilingual-cased,ru,61,mean_pool,-2,0,2,3.697068452835083
bert-base-multilingual-cased,ru,61,mean_pool,-1,1,2,4.458689212799072
bert-base-multilingual-cased,ru,61,mean_pool,0,2,2,4.444270133972168
bert-base-multilingual-cased,ru,61,mean_pool,-2,2,4,3.246190309524536
bert-base-multilingual-cased,ru,62,mean_pool,-2,-1,1,3.3928403854370117
bert-base-multilingual-cased,ru,62,mean_pool,-1,0,1,4.176854133605957
bert-base-multilingual-cased,ru,62,mean_pool,0,1,1,4.668422222137451
bert-base-multilingual-cased,ru,62,mean_pool,1,2,1,4.023221969604492
bert-base-multilingual-cased,ru,62,mean_pool,-2,0,2,4.432981967926025
bert-base-multilingual-cased,ru,62,mean_pool,-1,1,2,4.383672714233398
bert-base-multilingual-cased,ru,62,mean_pool,0,2,2,4.328249931335449
bert-base-multilingual-cased,ru,62,mean_pool,-2,2,4,2.9220149517059326
bert-base-multilingual-cased,ru,63,mean_pool,-2,-1,1,2.8368775844573975
bert-base-multilingual-cased,ru,63,mean_pool,-1,0,1,2.9551796913146973
bert-base-multilingual-cased,ru,63,mean_pool,0,1,1,3.619751453399658
bert-base-multilingual-cased,ru,63,mean_pool,1,2,1,3.5953338146209717
bert-base-multilingual-cased,ru,63,mean_pool,-2,0,2,3.213013172149658
bert-base-multilingual-cased,ru,63,mean_pool,-1,1,2,3.622530937194824
bert-base-multilingual-cased,ru,63,mean_pool,0,2,2,3.2279319763183594
bert-base-multilingual-cased,ru,63,mean_pool,-2,2,4,2.8049533367156982
bert-base-multilingual-cased,ru,64,mean_pool,-2,-1,1,2.7384207248687744
bert-base-multilingual-cased,ru,64,mean_pool,-1,0,1,3.1354925632476807
bert-base-multilingual-cased,ru,64,mean_pool,0,1,1,3.544203519821167
bert-base-multilingual-cased,ru,64,mean_pool,1,2,1,3.2619199752807617
bert-base-multilingual-cased,ru,64,mean_pool,-2,0,2,3.266119956970215
bert-base-multilingual-cased,ru,64,mean_pool,-1,1,2,3.712028741836548
bert-base-multilingual-cased,ru,64,mean_pool,0,2,2,3.006575345993042
bert-base-multilingual-cased,ru,64,mean_pool,-2,2,4,2.8147780895233154
bert-base-multilingual-cased,ru,65,mean_pool,-2,-1,1,2.702572822570801
bert-base-multilingual-cased,ru,65,mean_pool,-1,0,1,3.0677926540374756
bert-base-multilingual-cased,ru,65,mean_pool,0,1,1,3.6612935066223145
bert-base-multilingual-cased,ru,65,mean_pool,1,2,1,3.199514627456665
bert-base-multilingual-cased,ru,65,mean_pool,-2,0,2,3.0155913829803467
bert-base-multilingual-cased,ru,65,mean_pool,-1,1,2,3.541199207305908
bert-base-multilingual-cased,ru,65,mean_pool,0,2,2,3.3365681171417236
bert-base-multilingual-cased,ru,65,mean_pool,-2,2,4,2.6591711044311523
bert-base-multilingual-cased,ru,66,mean_pool,-2,-1,1,3.5658161640167236
bert-base-multilingual-cased,ru,66,mean_pool,-1,0,1,4.857329845428467
bert-base-multilingual-cased,ru,66,mean_pool,0,1,1,5.2562255859375
bert-base-multilingual-cased,ru,66,mean_pool,1,2,1,4.0288405418396
bert-base-multilingual-cased,ru,66,mean_pool,-2,0,2,4.628036975860596
bert-base-multilingual-cased,ru,66,mean_pool,-1,1,2,4.39813756942749
bert-base-multilingual-cased,ru,66,mean_pool,0,2,2,4.97428560256958
bert-base-multilingual-cased,ru,66,mean_pool,-2,2,4,3.3134024143218994
bert-base-multilingual-cased,ru,67,mean_pool,-2,-1,1,3.147247791290283
bert-base-multilingual-cased,ru,67,mean_pool,-1,0,1,4.6530561447143555
bert-base-multilingual-cased,ru,67,mean_pool,0,1,1,5.427652359008789
bert-base-multilingual-cased,ru,67,mean_pool,1,2,1,3.5456130504608154
bert-base-multilingual-cased,ru,67,mean_pool,-2,0,2,4.385839462280273
bert-base-multilingual-cased,ru,67,mean_pool,-1,1,2,3.7416019439697266
bert-base-multilingual-cased,ru,67,mean_pool,0,2,2,3.9876956939697266
bert-base-multilingual-cased,ru,67,mean_pool,-2,2,4,2.9699137210845947
bert-base-multilingual-cased,ru,68,mean_pool,-2,-1,1,5.0497355461120605
bert-base-multilingual-cased,ru,68,mean_pool,-1,0,1,4.924546241760254
bert-base-multilingual-cased,ru,68,mean_pool,0,1,1,4.792425632476807
bert-base-multilingual-cased,ru,68,mean_pool,1,2,1,6.874721527099609
bert-base-multilingual-cased,ru,68,mean_pool,-2,0,2,3.6004507541656494
bert-base-multilingual-cased,ru,68,mean_pool,-1,1,2,4.410691261291504
bert-base-multilingual-cased,ru,68,mean_pool,0,2,2,6.507759094238281
bert-base-multilingual-cased,ru,68,mean_pool,-2,2,4,5.919159889221191
bert-base-multilingual-cased,ru,69,mean_pool,-2,-1,1,2.633424997329712
bert-base-multilingual-cased,ru,69,mean_pool,-1,0,1,3.810062885284424
bert-base-multilingual-cased,ru,69,mean_pool,0,1,1,4.0107340812683105
bert-base-multilingual-cased,ru,69,mean_pool,1,2,1,3.2367489337921143
bert-base-multilingual-cased,ru,69,mean_pool,-2,0,2,3.764103889465332
bert-base-multilingual-cased,ru,69,mean_pool,-1,1,2,3.448986768722534
bert-base-multilingual-cased,ru,69,mean_pool,0,2,2,3.5593197345733643
bert-base-multilingual-cased,ru,69,mean_pool,-2,2,4,2.63966703414917
bert-base-multilingual-cased,ru,70,mean_pool,-2,-1,1,2.8189992904663086
bert-base-multilingual-cased,ru,70,mean_pool,-1,0,1,4.016315937042236
bert-base-multilingual-cased,ru,70,mean_pool,0,1,1,3.5499675273895264
bert-base-multilingual-cased,ru,70,mean_pool,1,2,1,3.8705968856811523
bert-base-multilingual-cased,ru,70,mean_pool,-2,0,2,4.204341411590576
bert-base-multilingual-cased,ru,70,mean_pool,-1,1,2,4.083376407623291
bert-base-multilingual-cased,ru,70,mean_pool,0,2,2,4.2454962730407715
bert-base-multilingual-cased,ru,70,mean_pool,-2,2,4,2.4867398738861084
bert-base-multilingual-cased,ru,71,mean_pool,-2,-1,1,3.3634772300720215
bert-base-multilingual-cased,ru,71,mean_pool,-1,0,1,3.3895623683929443
bert-base-multilingual-cased,ru,71,mean_pool,0,1,1,3.763421058654785
bert-base-multilingual-cased,ru,71,mean_pool,1,2,1,3.986426591873169
bert-base-multilingual-cased,ru,71,mean_pool,-2,0,2,3.259195566177368
bert-base-multilingual-cased,ru,71,mean_pool,-1,1,2,4.097745895385742
bert-base-multilingual-cased,ru,71,mean_pool,0,2,2,3.7171993255615234
bert-base-multilingual-cased,ru,71,mean_pool,-2,2,4,3.3959178924560547
bert-base-multilingual-cased,ru,72,mean_pool,-2,-1,1,3.6276214122772217
bert-base-multilingual-cased,ru,72,mean_pool,-1,0,1,3.6845650672912598
bert-base-multilingual-cased,ru,72,mean_pool,0,1,1,4.110099792480469
bert-base-multilingual-cased,ru,72,mean_pool,1,2,1,3.9156644344329834
bert-base-multilingual-cased,ru,72,mean_pool,-2,0,2,3.5520761013031006
bert-base-multilingual-cased,ru,72,mean_pool,-1,1,2,3.8667256832122803
bert-base-multilingual-cased,ru,72,mean_pool,0,2,2,3.7064285278320312
bert-base-multilingual-cased,ru,72,mean_pool,-2,2,4,3.6080667972564697
bert-base-multilingual-cased,ru,73,mean_pool,-2,-1,1,4.374363899230957
bert-base-multilingual-cased,ru,73,mean_pool,-1,0,1,4.712233543395996
bert-base-multilingual-cased,ru,73,mean_pool,0,1,1,5.2559814453125
bert-base-multilingual-cased,ru,73,mean_pool,1,2,1,4.189915180206299
bert-base-multilingual-cased,ru,73,mean_pool,-2,0,2,4.7094502449035645
bert-base-multilingual-cased,ru,73,mean_pool,-1,1,2,4.796743392944336
bert-base-multilingual-cased,ru,73,mean_pool,0,2,2,5.352175712585449
bert-base-multilingual-cased,ru,73,mean_pool,-2,2,4,3.9029417037963867
bert-base-multilingual-cased,ru,74,mean_pool,-2,-1,1,4.825122356414795
bert-base-multilingual-cased,ru,74,mean_pool,-1,0,1,5.587996006011963
bert-base-multilingual-cased,ru,74,mean_pool,0,1,1,5.476510047912598
bert-base-multilingual-cased,ru,74,mean_pool,1,2,1,5.22430944442749
bert-base-multilingual-cased,ru,74,mean_pool,-2,0,2,5.462820529937744
bert-base-multilingual-cased,ru,74,mean_pool,-1,1,2,5.564215660095215
bert-base-multilingual-cased,ru,74,mean_pool,0,2,2,5.6543145179748535
bert-base-multilingual-cased,ru,74,mean_pool,-2,2,4,4.112297058105469
bert-base-multilingual-cased,ru,75,mean_pool,-2,-1,1,2.8706343173980713
bert-base-multilingual-cased,ru,75,mean_pool,-1,0,1,3.406883716583252
bert-base-multilingual-cased,ru,75,mean_pool,0,1,1,3.9715309143066406
bert-base-multilingual-cased,ru,75,mean_pool,1,2,1,5.029686450958252
bert-base-multilingual-cased,ru,75,mean_pool,-2,0,2,3.422196865081787
bert-base-multilingual-cased,ru,75,mean_pool,-1,1,2,3.8717973232269287
bert-base-multilingual-cased,ru,75,mean_pool,0,2,2,4.5389204025268555
bert-base-multilingual-cased,ru,75,mean_pool,-2,2,4,4.058932304382324
bert-base-multilingual-cased,ru,76,mean_pool,-2,-1,1,3.625580072402954
bert-base-multilingual-cased,ru,76,mean_pool,-1,0,1,4.157671928405762
bert-base-multilingual-cased,ru,76,mean_pool,0,1,1,4.2407755851745605
bert-base-multilingual-cased,ru,76,mean_pool,1,2,1,4.360481262207031
bert-base-multilingual-cased,ru,76,mean_pool,-2,0,2,3.713909864425659
bert-base-multilingual-cased,ru,76,mean_pool,-1,1,2,4.288830757141113
bert-base-multilingual-cased,ru,76,mean_pool,0,2,2,4.9079365730285645
bert-base-multilingual-cased,ru,76,mean_pool,-2,2,4,4.729959964752197
bert-base-multilingual-cased,ru,77,mean_pool,-2,-1,1,4.254918575286865
bert-base-multilingual-cased,ru,77,mean_pool,-1,0,1,3.6993443965911865
bert-base-multilingual-cased,ru,77,mean_pool,0,1,1,3.8795125484466553
bert-base-multilingual-cased,ru,77,mean_pool,1,2,1,3.7091307640075684
bert-base-multilingual-cased,ru,77,mean_pool,-2,0,2,4.200695037841797
bert-base-multilingual-cased,ru,77,mean_pool,-1,1,2,3.67655873298645
bert-base-multilingual-cased,ru,77,mean_pool,0,2,2,3.7771475315093994
bert-base-multilingual-cased,ru,77,mean_pool,-2,2,4,4.451323986053467
bert-base-multilingual-cased,ru,78,mean_pool,-2,-1,1,3.3279409408569336
bert-base-multilingual-cased,ru,78,mean_pool,-1,0,1,4.197929382324219
bert-base-multilingual-cased,ru,78,mean_pool,0,1,1,4.596506595611572
bert-base-multilingual-cased,ru,78,mean_pool,1,2,1,4.576202392578125
bert-base-multilingual-cased,ru,78,mean_pool,-2,0,2,3.8804848194122314
bert-base-multilingual-cased,ru,78,mean_pool,-1,1,2,4.704245567321777
bert-base-multilingual-cased,ru,78,mean_pool,0,2,2,4.393351078033447
bert-base-multilingual-cased,ru,78,mean_pool,-2,2,4,3.3991036415100098
bert-base-multilingual-cased,ru,79,mean_pool,-2,-1,1,2.8350765705108643
bert-base-multilingual-cased,ru,79,mean_pool,-1,0,1,3.371500015258789
bert-base-multilingual-cased,ru,79,mean_pool,0,1,1,3.430553674697876
bert-base-multilingual-cased,ru,79,mean_pool,1,2,1,3.5557126998901367
bert-base-multilingual-cased,ru,79,mean_pool,-2,0,2,3.394515037536621
bert-base-multilingual-cased,ru,79,mean_pool,-1,1,2,3.635800838470459
bert-base-multilingual-cased,ru,79,mean_pool,0,2,2,3.950044870376587
bert-base-multilingual-cased,ru,79,mean_pool,-2,2,4,2.9476325511932373
bert-base-multilingual-cased,ru,80,mean_pool,-2,-1,1,2.822415351867676
bert-base-multilingual-cased,ru,80,mean_pool,-1,0,1,3.9687867164611816
bert-base-multilingual-cased,ru,80,mean_pool,0,1,1,4.7143964767456055
bert-base-multilingual-cased,ru,80,mean_pool,1,2,1,3.372136116027832
bert-base-multilingual-cased,ru,80,mean_pool,-2,0,2,4.068613052368164
bert-base-multilingual-cased,ru,80,mean_pool,-1,1,2,3.4573795795440674
bert-base-multilingual-cased,ru,80,mean_pool,0,2,2,3.7561259269714355
bert-base-multilingual-cased,ru,80,mean_pool,-2,2,4,2.827784299850464
bert-base-multilingual-cased,ru,81,mean_pool,-2,-1,1,2.616502046585083
bert-base-multilingual-cased,ru,81,mean_pool,-1,0,1,2.821831703186035
bert-base-multilingual-cased,ru,81,mean_pool,0,1,1,3.34661865234375
bert-base-multilingual-cased,ru,81,mean_pool,1,2,1,3.2510526180267334
bert-base-multilingual-cased,ru,81,mean_pool,-2,0,2,2.8868894577026367
bert-base-multilingual-cased,ru,81,mean_pool,-1,1,2,3.4706406593322754
bert-base-multilingual-cased,ru,81,mean_pool,0,2,2,3.2901482582092285
bert-base-multilingual-cased,ru,81,mean_pool,-2,2,4,2.794710636138916
bert-base-multilingual-cased,ru,82,mean_pool,-2,-1,1,3.8080503940582275
bert-base-multilingual-cased,ru,82,mean_pool,-1,0,1,4.1493449211120605
bert-base-multilingual-cased,ru,82,mean_pool,0,1,1,4.95236873626709
bert-base-multilingual-cased,ru,82,mean_pool,1,2,1,4.443684101104736
bert-base-multilingual-cased,ru,82,mean_pool,-2,0,2,4.603318214416504
bert-base-multilingual-cased,ru,82,mean_pool,-1,1,2,4.275785446166992
bert-base-multilingual-cased,ru,82,mean_pool,0,2,2,4.322389602661133
bert-base-multilingual-cased,ru,82,mean_pool,-2,2,4,3.6286797523498535
bert-base-multilingual-cased,ru,83,mean_pool,-2,-1,1,4.104218482971191
bert-base-multilingual-cased,ru,83,mean_pool,-1,0,1,4.876308917999268
bert-base-multilingual-cased,ru,83,mean_pool,0,1,1,5.202358245849609
bert-base-multilingual-cased,ru,83,mean_pool,1,2,1,4.256159782409668
bert-base-multilingual-cased,ru,83,mean_pool,-2,0,2,5.168309211730957
bert-base-multilingual-cased,ru,83,mean_pool,-1,1,2,4.238760948181152
bert-base-multilingual-cased,ru,83,mean_pool,0,2,2,5.626517295837402
bert-base-multilingual-cased,ru,83,mean_pool,-2,2,4,3.6968257427215576
bert-base-multilingual-cased,ru,84,mean_pool,-2,-1,1,3.5608272552490234
bert-base-multilingual-cased,ru,84,mean_pool,-1,0,1,3.866302251815796
bert-base-multilingual-cased,ru,84,mean_pool,0,1,1,3.8729069232940674
bert-base-multilingual-cased,ru,84,mean_pool,1,2,1,4.331121921539307
bert-base-multilingual-cased,ru,84,mean_pool,-2,0,2,3.441875696182251
bert-base-multilingual-cased,ru,84,mean_pool,-1,1,2,4.487301826477051
bert-base-multilingual-cased,ru,84,mean_pool,0,2,2,4.137310028076172
bert-base-multilingual-cased,ru,84,mean_pool,-2,2,4,4.290821075439453
bert-base-multilingual-cased,ru,85,mean_pool,-2,-1,1,3.3918378353118896
bert-base-multilingual-cased,ru,85,mean_pool,-1,0,1,3.8369648456573486
bert-base-multilingual-cased,ru,85,mean_pool,0,1,1,4.361560821533203
bert-base-multilingual-cased,ru,85,mean_pool,1,2,1,4.209599494934082
bert-base-multilingual-cased,ru,85,mean_pool,-2,0,2,3.997742176055908
bert-base-multilingual-cased,ru,85,mean_pool,-1,1,2,4.272324085235596
bert-base-multilingual-cased,ru,85,mean_pool,0,2,2,3.8426761627197266
bert-base-multilingual-cased,ru,85,mean_pool,-2,2,4,3.6309385299682617
bert-base-multilingual-cased,ru,86,mean_pool,-2,-1,1,2.717179298400879
bert-base-multilingual-cased,ru,86,mean_pool,-1,0,1,3.5362918376922607
bert-base-multilingual-cased,ru,86,mean_pool,0,1,1,3.8820948600769043
bert-base-multilingual-cased,ru,86,mean_pool,1,2,1,2.972163200378418
bert-base-multilingual-cased,ru,86,mean_pool,-2,0,2,3.7420947551727295
bert-base-multilingual-cased,ru,86,mean_pool,-1,1,2,3.510246753692627
bert-base-multilingual-cased,ru,86,mean_pool,0,2,2,3.3736894130706787
bert-base-multilingual-cased,ru,86,mean_pool,-2,2,4,2.907702922821045
bert-base-multilingual-cased,ru,87,mean_pool,-2,-1,1,3.883103370666504
bert-base-multilingual-cased,ru,87,mean_pool,-1,0,1,4.727182388305664
bert-base-multilingual-cased,ru,87,mean_pool,0,1,1,4.996988773345947
bert-base-multilingual-cased,ru,87,mean_pool,1,2,1,4.716344356536865
bert-base-multilingual-cased,ru,87,mean_pool,-2,0,2,4.5415544509887695
bert-base-multilingual-cased,ru,87,mean_pool,-1,1,2,4.91474723815918
bert-base-multilingual-cased,ru,87,mean_pool,0,2,2,5.101835250854492
bert-base-multilingual-cased,ru,87,mean_pool,-2,2,4,3.257079601287842
bert-base-multilingual-cased,ru,88,mean_pool,-2,-1,1,3.831603527069092
bert-base-multilingual-cased,ru,88,mean_pool,-1,0,1,4.19907808303833
bert-base-multilingual-cased,ru,88,mean_pool,0,1,1,4.121774196624756
bert-base-multilingual-cased,ru,88,mean_pool,1,2,1,4.3218865394592285
bert-base-multilingual-cased,ru,88,mean_pool,-2,0,2,4.043510913848877
bert-base-multilingual-cased,ru,88,mean_pool,-1,1,2,4.201323509216309
bert-base-multilingual-cased,ru,88,mean_pool,0,2,2,4.402448654174805
bert-base-multilingual-cased,ru,88,mean_pool,-2,2,4,3.9579036235809326
bert-base-multilingual-cased,ru,89,mean_pool,-2,-1,1,3.199261426925659
bert-base-multilingual-cased,ru,89,mean_pool,-1,0,1,3.8486459255218506
bert-base-multilingual-cased,ru,89,mean_pool,0,1,1,3.7442996501922607
bert-base-multilingual-cased,ru,89,mean_pool,1,2,1,3.4323484897613525
bert-base-multilingual-cased,ru,89,mean_pool,-2,0,2,3.5741961002349854
bert-base-multilingual-cased,ru,89,mean_pool,-1,1,2,3.404953956604004
bert-base-multilingual-cased,ru,89,mean_pool,0,2,2,3.9234299659729004
bert-base-multilingual-cased,ru,89,mean_pool,-2,2,4,3.8248579502105713
bert-base-multilingual-cased,ru,90,mean_pool,-2,-1,1,3.3962385654449463
bert-base-multilingual-cased,ru,90,mean_pool,-1,0,1,3.760254383087158
bert-base-multilingual-cased,ru,90,mean_pool,0,1,1,3.878232717514038
bert-base-multilingual-cased,ru,90,mean_pool,1,2,1,3.438762664794922
bert-base-multilingual-cased,ru,90,mean_pool,-2,0,2,3.5036404132843018
bert-base-multilingual-cased,ru,90,mean_pool,-1,1,2,3.7965376377105713
bert-base-multilingual-cased,ru,90,mean_pool,0,2,2,3.382688283920288
bert-base-multilingual-cased,ru,90,mean_pool,-2,2,4,3.1287126541137695
bert-base-multilingual-cased,ru,91,mean_pool,-2,-1,1,4.320446491241455
bert-base-multilingual-cased,ru,91,mean_pool,-1,0,1,4.442189693450928
bert-base-multilingual-cased,ru,91,mean_pool,0,1,1,4.7448296546936035
bert-base-multilingual-cased,ru,91,mean_pool,1,2,1,4.575948715209961
bert-base-multilingual-cased,ru,91,mean_pool,-2,0,2,4.1905131340026855
bert-base-multilingual-cased,ru,91,mean_pool,-1,1,2,4.909453868865967
bert-base-multilingual-cased,ru,91,mean_pool,0,2,2,4.485520839691162
bert-base-multilingual-cased,ru,91,mean_pool,-2,2,4,4.0244221687316895
bert-base-multilingual-cased,ru,92,mean_pool,-2,-1,1,3.8934671878814697
bert-base-multilingual-cased,ru,92,mean_pool,-1,0,1,3.867192506790161
bert-base-multilingual-cased,ru,92,mean_pool,0,1,1,4.13685941696167
bert-base-multilingual-cased,ru,92,mean_pool,1,2,1,4.0564703941345215
bert-base-multilingual-cased,ru,92,mean_pool,-2,0,2,3.8369784355163574
bert-base-multilingual-cased,ru,92,mean_pool,-1,1,2,4.166901111602783
bert-base-multilingual-cased,ru,92,mean_pool,0,2,2,3.9569475650787354
bert-base-multilingual-cased,ru,92,mean_pool,-2,2,4,3.3495280742645264
bert-base-multilingual-cased,ru,93,mean_pool,-2,-1,1,3.851503849029541
bert-base-multilingual-cased,ru,93,mean_pool,-1,0,1,4.232804775238037
bert-base-multilingual-cased,ru,93,mean_pool,0,1,1,4.111891269683838
bert-base-multilingual-cased,ru,93,mean_pool,1,2,1,4.05110502243042
bert-base-multilingual-cased,ru,93,mean_pool,-2,0,2,4.218001365661621
bert-base-multilingual-cased,ru,93,mean_pool,-1,1,2,4.0776495933532715
bert-base-multilingual-cased,ru,93,mean_pool,0,2,2,4.368306636810303
bert-base-multilingual-cased,ru,93,mean_pool,-2,2,4,3.5645196437835693
bert-base-multilingual-cased,ru,94,mean_pool,-2,-1,1,4.0660834312438965
bert-base-multilingual-cased,ru,94,mean_pool,-1,0,1,3.9522666931152344
bert-base-multilingual-cased,ru,94,mean_pool,0,1,1,4.2773756980896
bert-base-multilingual-cased,ru,94,mean_pool,1,2,1,4.257955074310303
bert-base-multilingual-cased,ru,94,mean_pool,-2,0,2,4.064544677734375
bert-base-multilingual-cased,ru,94,mean_pool,-1,1,2,4.321081161499023
bert-base-multilingual-cased,ru,94,mean_pool,0,2,2,4.0425262451171875
bert-base-multilingual-cased,ru,94,mean_pool,-2,2,4,4.336374759674072
bert-base-multilingual-cased,ru,95,mean_pool,-2,-1,1,3.5515964031219482
bert-base-multilingual-cased,ru,95,mean_pool,-1,0,1,3.5409088134765625
bert-base-multilingual-cased,ru,95,mean_pool,0,1,1,3.9377150535583496
bert-base-multilingual-cased,ru,95,mean_pool,1,2,1,4.006628513336182
bert-base-multilingual-cased,ru,95,mean_pool,-2,0,2,3.36775279045105
bert-base-multilingual-cased,ru,95,mean_pool,-1,1,2,3.8152787685394287
bert-base-multilingual-cased,ru,95,mean_pool,0,2,2,4.33602237701416
bert-base-multilingual-cased,ru,95,mean_pool,-2,2,4,4.184488296508789
bert-base-multilingual-cased,ru,96,mean_pool,-2,-1,1,2.6172566413879395
bert-base-multilingual-cased,ru,96,mean_pool,-1,0,1,3.3372509479522705
bert-base-multilingual-cased,ru,96,mean_pool,0,1,1,3.953378915786743
bert-base-multilingual-cased,ru,96,mean_pool,1,2,1,3.708794355392456
bert-base-multilingual-cased,ru,96,mean_pool,-2,0,2,3.066349744796753
bert-base-multilingual-cased,ru,96,mean_pool,-1,1,2,4.19912052154541
bert-base-multilingual-cased,ru,96,mean_pool,0,2,2,3.4120755195617676
bert-base-multilingual-cased,ru,96,mean_pool,-2,2,4,2.9955272674560547
bert-base-multilingual-cased,ru,97,mean_pool,-2,-1,1,3.0450401306152344
bert-base-multilingual-cased,ru,97,mean_pool,-1,0,1,3.1138017177581787
bert-base-multilingual-cased,ru,97,mean_pool,0,1,1,3.8020384311676025
bert-base-multilingual-cased,ru,97,mean_pool,1,2,1,3.2866601943969727
bert-base-multilingual-cased,ru,97,mean_pool,-2,0,2,3.1869168281555176
bert-base-multilingual-cased,ru,97,mean_pool,-1,1,2,3.7699685096740723
bert-base-multilingual-cased,ru,97,mean_pool,0,2,2,3.231224298477173
bert-base-multilingual-cased,ru,97,mean_pool,-2,2,4,2.9908251762390137
bert-base-multilingual-cased,ru,98,mean_pool,-2,-1,1,3.4825990200042725
bert-base-multilingual-cased,ru,98,mean_pool,-1,0,1,3.88677716255188
bert-base-multilingual-cased,ru,98,mean_pool,0,1,1,3.8952250480651855
bert-base-multilingual-cased,ru,98,mean_pool,1,2,1,4.032914638519287
bert-base-multilingual-cased,ru,98,mean_pool,-2,0,2,3.8995957374572754
bert-base-multilingual-cased,ru,98,mean_pool,-1,1,2,4.124159812927246
bert-base-multilingual-cased,ru,98,mean_pool,0,2,2,3.9223647117614746
bert-base-multilingual-cased,ru,98,mean_pool,-2,2,4,3.4181969165802
bert-base-multilingual-cased,ru,99,mean_pool,-2,-1,1,3.27547025680542
bert-base-multilingual-cased,ru,99,mean_pool,-1,0,1,3.5280072689056396
bert-base-multilingual-cased,ru,99,mean_pool,0,1,1,4.1130266189575195
bert-base-multilingual-cased,ru,99,mean_pool,1,2,1,3.305084705352783
bert-base-multilingual-cased,ru,99,mean_pool,-2,0,2,3.4338297843933105
bert-base-multilingual-cased,ru,99,mean_pool,-1,1,2,3.977519989013672
bert-base-multilingual-cased,ru,99,mean_pool,0,2,2,3.6056692600250244
bert-base-multilingual-cased,ru,99,mean_pool,-2,2,4,3.231544017791748
bert-base-multilingual-cased,ru,100,mean_pool,-2,-1,1,2.8504185676574707
bert-base-multilingual-cased,ru,100,mean_pool,-1,0,1,3.562206268310547
bert-base-multilingual-cased,ru,100,mean_pool,0,1,1,3.8405234813690186
bert-base-multilingual-cased,ru,100,mean_pool,1,2,1,3.533615827560425
bert-base-multilingual-cased,ru,100,mean_pool,-2,0,2,3.368818521499634
bert-base-multilingual-cased,ru,100,mean_pool,-1,1,2,3.9624345302581787
bert-base-multilingual-cased,ru,100,mean_pool,0,2,2,3.8209238052368164
bert-base-multilingual-cased,ru,100,mean_pool,-2,2,4,3.4555675983428955
bert-base-multilingual-cased,ru,101,mean_pool,-2,-1,1,3.0356192588806152
bert-base-multilingual-cased,ru,101,mean_pool,-1,0,1,3.6227807998657227
bert-base-multilingual-cased,ru,101,mean_pool,0,1,1,3.8358895778656006
bert-base-multilingual-cased,ru,101,mean_pool,1,2,1,3.850268602371216
bert-base-multilingual-cased,ru,101,mean_pool,-2,0,2,3.482875108718872
bert-base-multilingual-cased,ru,101,mean_pool,-1,1,2,3.9520936012268066
bert-base-multilingual-cased,ru,101,mean_pool,0,2,2,4.082167625427246
bert-base-multilingual-cased,ru,101,mean_pool,-2,2,4,2.9504692554473877
bert-base-multilingual-cased,ru,102,mean_pool,-2,-1,1,3.7092931270599365
bert-base-multilingual-cased,ru,102,mean_pool,-1,0,1,4.189024925231934
bert-base-multilingual-cased,ru,102,mean_pool,0,1,1,4.01686429977417
bert-base-multilingual-cased,ru,102,mean_pool,1,2,1,4.342729091644287
bert-base-multilingual-cased,ru,102,mean_pool,-2,0,2,3.4644644260406494
bert-base-multilingual-cased,ru,102,mean_pool,-1,1,2,4.604769706726074
bert-base-multilingual-cased,ru,102,mean_pool,0,2,2,4.120073318481445
bert-base-multilingual-cased,ru,102,mean_pool,-2,2,4,4.028956890106201
bert-base-multilingual-cased,ru,103,mean_pool,-2,-1,1,4.140413284301758
bert-base-multilingual-cased,ru,103,mean_pool,-1,0,1,4.593071460723877
bert-base-multilingual-cased,ru,103,mean_pool,0,1,1,4.840347766876221
bert-base-multilingual-cased,ru,103,mean_pool,1,2,1,4.3676958084106445
bert-base-multilingual-cased,ru,103,mean_pool,-2,0,2,4.259153842926025
bert-base-multilingual-cased,ru,103,mean_pool,-1,1,2,4.310373306274414
bert-base-multilingual-cased,ru,103,mean_pool,0,2,2,4.774775981903076
bert-base-multilingual-cased,ru,103,mean_pool,-2,2,4,3.761219024658203
bert-base-multilingual-cased,ru,104,mean_pool,-2,-1,1,3.783572196960449
bert-base-multilingual-cased,ru,104,mean_pool,-1,0,1,4.357875347137451
bert-base-multilingual-cased,ru,104,mean_pool,0,1,1,5.367736339569092
bert-base-multilingual-cased,ru,104,mean_pool,1,2,1,4.475404262542725
bert-base-multilingual-cased,ru,104,mean_pool,-2,0,2,5.005984783172607
bert-base-multilingual-cased,ru,104,mean_pool,-1,1,2,4.7015299797058105
bert-base-multilingual-cased,ru,104,mean_pool,0,2,2,5.004951000213623
bert-base-multilingual-cased,ru,104,mean_pool,-2,2,4,3.7383058071136475
bert-base-multilingual-cased,ru,105,mean_pool,-2,-1,1,3.7198684215545654
bert-base-multilingual-cased,ru,105,mean_pool,-1,0,1,3.944114923477173
bert-base-multilingual-cased,ru,105,mean_pool,0,1,1,4.525710105895996
bert-base-multilingual-cased,ru,105,mean_pool,1,2,1,4.621313095092773
bert-base-multilingual-cased,ru,105,mean_pool,-2,0,2,4.626182556152344
bert-base-multilingual-cased,ru,105,mean_pool,-1,1,2,4.275699615478516
bert-base-multilingual-cased,ru,105,mean_pool,0,2,2,4.6631293296813965
bert-base-multilingual-cased,ru,105,mean_pool,-2,2,4,3.2212088108062744
bert-base-multilingual-cased,ru,106,mean_pool,-2,-1,1,3.337090492248535
bert-base-multilingual-cased,ru,106,mean_pool,-1,0,1,3.7950074672698975
bert-base-multilingual-cased,ru,106,mean_pool,0,1,1,4.051799774169922
bert-base-multilingual-cased,ru,106,mean_pool,1,2,1,3.572666645050049
bert-base-multilingual-cased,ru,106,mean_pool,-2,0,2,3.7654531002044678
bert-base-multilingual-cased,ru,106,mean_pool,-1,1,2,3.4717655181884766
bert-base-multilingual-cased,ru,106,mean_pool,0,2,2,3.7065412998199463
bert-base-multilingual-cased,ru,106,mean_pool,-2,2,4,3.2892937660217285
bert-base-multilingual-cased,ru,107,mean_pool,-2,-1,1,3.7121992111206055
bert-base-multilingual-cased,ru,107,mean_pool,-1,0,1,4.509513854980469
bert-base-multilingual-cased,ru,107,mean_pool,0,1,1,4.25924015045166
bert-base-multilingual-cased,ru,107,mean_pool,1,2,1,3.4903311729431152
bert-base-multilingual-cased,ru,107,mean_pool,-2,0,2,4.434500217437744
bert-base-multilingual-cased,ru,107,mean_pool,-1,1,2,3.777355194091797
bert-base-multilingual-cased,ru,107,mean_pool,0,2,2,4.277584552764893
bert-base-multilingual-cased,ru,107,mean_pool,-2,2,4,3.506441116333008
bert-base-multilingual-cased,ru,108,mean_pool,-2,-1,1,3.146996259689331
bert-base-multilingual-cased,ru,108,mean_pool,-1,0,1,3.0895156860351562
bert-base-multilingual-cased,ru,108,mean_pool,0,1,1,3.715630531311035
bert-base-multilingual-cased,ru,108,mean_pool,1,2,1,3.713989496231079
bert-base-multilingual-cased,ru,108,mean_pool,-2,0,2,3.154667854309082
bert-base-multilingual-cased,ru,108,mean_pool,-1,1,2,3.9242374897003174
bert-base-multilingual-cased,ru,108,mean_pool,0,2,2,4.014362335205078
bert-base-multilingual-cased,ru,108,mean_pool,-2,2,4,3.866701364517212
bert-base-multilingual-cased,ru,109,mean_pool,-2,-1,1,3.7836780548095703
bert-base-multilingual-cased,ru,109,mean_pool,-1,0,1,5.153654098510742
bert-base-multilingual-cased,ru,109,mean_pool,0,1,1,5.223367214202881
bert-base-multilingual-cased,ru,109,mean_pool,1,2,1,4.440695762634277
bert-base-multilingual-cased,ru,109,mean_pool,-2,0,2,4.738315582275391
bert-base-multilingual-cased,ru,109,mean_pool,-1,1,2,4.895534992218018
bert-base-multilingual-cased,ru,109,mean_pool,0,2,2,5.209570407867432
bert-base-multilingual-cased,ru,109,mean_pool,-2,2,4,3.1295955181121826
bert-base-multilingual-cased,ru,110,mean_pool,-2,-1,1,4.074760913848877
bert-base-multilingual-cased,ru,110,mean_pool,-1,0,1,5.073270320892334
bert-base-multilingual-cased,ru,110,mean_pool,0,1,1,5.546054840087891
bert-base-multilingual-cased,ru,110,mean_pool,1,2,1,3.585012912750244
bert-base-multilingual-cased,ru,110,mean_pool,-2,0,2,4.54570198059082
bert-base-multilingual-cased,ru,110,mean_pool,-1,1,2,4.213045597076416
bert-base-multilingual-cased,ru,110,mean_pool,0,2,2,4.717564582824707
bert-base-multilingual-cased,ru,110,mean_pool,-2,2,4,3.6172034740448
bert-base-multilingual-cased,ru,111,mean_pool,-2,-1,1,3.328415632247925
bert-base-multilingual-cased,ru,111,mean_pool,-1,0,1,3.852351188659668
bert-base-multilingual-cased,ru,111,mean_pool,0,1,1,4.041084289550781
bert-base-multilingual-cased,ru,111,mean_pool,1,2,1,5.302756309509277
bert-base-multilingual-cased,ru,111,mean_pool,-2,0,2,3.3302500247955322
bert-base-multilingual-cased,ru,111,mean_pool,-1,1,2,3.9463677406311035
bert-base-multilingual-cased,ru,111,mean_pool,0,2,2,4.860144138336182
bert-base-multilingual-cased,ru,111,mean_pool,-2,2,4,4.417849540710449
bert-base-multilingual-cased,ru,112,mean_pool,-2,-1,1,3.702495813369751
bert-base-multilingual-cased,ru,112,mean_pool,-1,0,1,4.037872791290283
bert-base-multilingual-cased,ru,112,mean_pool,0,1,1,4.0591206550598145
bert-base-multilingual-cased,ru,112,mean_pool,1,2,1,3.541948080062866
bert-base-multilingual-cased,ru,112,mean_pool,-2,0,2,3.611621618270874
bert-base-multilingual-cased,ru,112,mean_pool,-1,1,2,4.005551815032959
bert-base-multilingual-cased,ru,112,mean_pool,0,2,2,3.9302821159362793
bert-base-multilingual-cased,ru,112,mean_pool,-2,2,4,3.388930320739746
bert-base-multilingual-cased,ru,113,mean_pool,-2,-1,1,2.9866209030151367
bert-base-multilingual-cased,ru,113,mean_pool,-1,0,1,4.005495548248291
bert-base-multilingual-cased,ru,113,mean_pool,0,1,1,4.704245090484619
bert-base-multilingual-cased,ru,113,mean_pool,1,2,1,6.350908279418945
bert-base-multilingual-cased,ru,113,mean_pool,-2,0,2,3.65729022026062
bert-base-multilingual-cased,ru,113,mean_pool,-1,1,2,4.803889751434326
bert-base-multilingual-cased,ru,113,mean_pool,0,2,2,5.834896087646484
bert-base-multilingual-cased,ru,113,mean_pool,-2,2,4,5.109889507293701
bert-base-multilingual-cased,ru,114,mean_pool,-2,-1,1,2.6741995811462402
bert-base-multilingual-cased,ru,114,mean_pool,-1,0,1,3.7656443119049072
bert-base-multilingual-cased,ru,114,mean_pool,0,1,1,4.4123311042785645
bert-base-multilingual-cased,ru,114,mean_pool,1,2,1,3.1834535598754883
bert-base-multilingual-cased,ru,114,mean_pool,-2,0,2,3.5270891189575195
bert-base-multilingual-cased,ru,114,mean_pool,-1,1,2,3.5839550495147705
bert-base-multilingual-cased,ru,114,mean_pool,0,2,2,3.6592555046081543
bert-base-multilingual-cased,ru,114,mean_pool,-2,2,4,2.4985454082489014
bert-base-multilingual-cased,ru,115,mean_pool,-2,-1,1,3.5011870861053467
bert-base-multilingual-cased,ru,115,mean_pool,-1,0,1,4.394226551055908
bert-base-multilingual-cased,ru,115,mean_pool,0,1,1,4.87739372253418
bert-base-multilingual-cased,ru,115,mean_pool,1,2,1,3.598442316055298
bert-base-multilingual-cased,ru,115,mean_pool,-2,0,2,4.171234607696533
bert-base-multilingual-cased,ru,115,mean_pool,-1,1,2,3.704683542251587
bert-base-multilingual-cased,ru,115,mean_pool,0,2,2,4.0717363357543945
bert-base-multilingual-cased,ru,115,mean_pool,-2,2,4,3.316730499267578
bert-base-multilingual-cased,ru,116,mean_pool,-2,-1,1,3.433060884475708
bert-base-multilingual-cased,ru,116,mean_pool,-1,0,1,4.0681986808776855
bert-base-multilingual-cased,ru,116,mean_pool,0,1,1,4.759078025817871
bert-base-multilingual-cased,ru,116,mean_pool,1,2,1,7.113100051879883
bert-base-multilingual-cased,ru,116,mean_pool,-2,0,2,3.710824728012085
bert-base-multilingual-cased,ru,116,mean_pool,-1,1,2,4.71728515625
bert-base-multilingual-cased,ru,116,mean_pool,0,2,2,6.729579925537109
bert-base-multilingual-cased,ru,116,mean_pool,-2,2,4,6.142209529876709
bert-base-multilingual-cased,ru,117,mean_pool,-2,-1,1,4.072607040405273
bert-base-multilingual-cased,ru,117,mean_pool,-1,0,1,5.165642738342285
bert-base-multilingual-cased,ru,117,mean_pool,0,1,1,5.1455159187316895
bert-base-multilingual-cased,ru,117,mean_pool,1,2,1,4.082329750061035
bert-base-multilingual-cased,ru,117,mean_pool,-2,0,2,4.890586853027344
bert-base-multilingual-cased,ru,117,mean_pool,-1,1,2,4.490015506744385
bert-base-multilingual-cased,ru,117,mean_pool,0,2,2,5.036524295806885
bert-base-multilingual-cased,ru,117,mean_pool,-2,2,4,3.9521210193634033
bert-base-multilingual-cased,ru,118,mean_pool,-2,-1,1,4.340588092803955
bert-base-multilingual-cased,ru,118,mean_pool,-1,0,1,4.138743877410889
bert-base-multilingual-cased,ru,118,mean_pool,0,1,1,4.046514987945557
bert-base-multilingual-cased,ru,118,mean_pool,1,2,1,3.848069667816162
bert-base-multilingual-cased,ru,118,mean_pool,-2,0,2,4.229803085327148
bert-base-multilingual-cased,ru,118,mean_pool,-1,1,2,4.269474029541016
bert-base-multilingual-cased,ru,118,mean_pool,0,2,2,4.091178894042969
bert-base-multilingual-cased,ru,118,mean_pool,-2,2,4,4.669036388397217
bert-base-multilingual-cased,ru,119,mean_pool,-2,-1,1,3.698298215866089
bert-base-multilingual-cased,ru,119,mean_pool,-1,0,1,4.124886512756348
bert-base-multilingual-cased,ru,119,mean_pool,0,1,1,4.528853893280029
bert-base-multilingual-cased,ru,119,mean_pool,1,2,1,4.525145530700684
bert-base-multilingual-cased,ru,119,mean_pool,-2,0,2,3.8482506275177
bert-base-multilingual-cased,ru,119,mean_pool,-1,1,2,4.40903902053833
bert-base-multilingual-cased,ru,119,mean_pool,0,2,2,4.263739109039307
bert-base-multilingual-cased,ru,119,mean_pool,-2,2,4,3.6921491622924805
bert-base-multilingual-cased,ru,120,mean_pool,-2,-1,1,4.050161361694336
bert-base-multilingual-cased,ru,120,mean_pool,-1,0,1,4.3807525634765625
bert-base-multilingual-cased,ru,120,mean_pool,0,1,1,4.311668872833252
bert-base-multilingual-cased,ru,120,mean_pool,1,2,1,4.1550703048706055
bert-base-multilingual-cased,ru,120,mean_pool,-2,0,2,4.22224235534668
bert-base-multilingual-cased,ru,120,mean_pool,-1,1,2,4.381359100341797
bert-base-multilingual-cased,ru,120,mean_pool,0,2,2,4.484115123748779
bert-base-multilingual-cased,ru,120,mean_pool,-2,2,4,4.147534370422363
bert-base-multilingual-cased,ru,121,mean_pool,-2,-1,1,3.713149309158325
bert-base-multilingual-cased,ru,121,mean_pool,-1,0,1,4.047754287719727
bert-base-multilingual-cased,ru,121,mean_pool,0,1,1,4.010117530822754
bert-base-multilingual-cased,ru,121,mean_pool,1,2,1,3.262570858001709
bert-base-multilingual-cased,ru,121,mean_pool,-2,0,2,3.4154398441314697
bert-base-multilingual-cased,ru,121,mean_pool,-1,1,2,3.9561896324157715
bert-base-multilingual-cased,ru,121,mean_pool,0,2,2,3.6753602027893066
bert-base-multilingual-cased,ru,121,mean_pool,-2,2,4,2.621870756149292
bert-base-multilingual-cased,ru,122,mean_pool,-2,-1,1,3.3559629917144775
bert-base-multilingual-cased,ru,122,mean_pool,-1,0,1,4.065589904785156
bert-base-multilingual-cased,ru,122,mean_pool,0,1,1,4.334207057952881
bert-base-multilingual-cased,ru,122,mean_pool,1,2,1,3.9871644973754883
bert-base-multilingual-cased,ru,122,mean_pool,-2,0,2,3.9489192962646484
bert-base-multilingual-cased,ru,122,mean_pool,-1,1,2,4.171694755554199
bert-base-multilingual-cased,ru,122,mean_pool,0,2,2,4.350753307342529
bert-base-multilingual-cased,ru,122,mean_pool,-2,2,4,3.854893922805786
bert-base-multilingual-cased,ru,123,mean_pool,-2,-1,1,3.802412748336792
bert-base-multilingual-cased,ru,123,mean_pool,-1,0,1,4.0273237228393555
bert-base-multilingual-cased,ru,123,mean_pool,0,1,1,3.669010877609253
bert-base-multilingual-cased,ru,123,mean_pool,1,2,1,3.6611380577087402
bert-base-multilingual-cased,ru,123,mean_pool,-2,0,2,4.372295379638672
bert-base-multilingual-cased,ru,123,mean_pool,-1,1,2,3.582824468612671
bert-base-multilingual-cased,ru,123,mean_pool,0,2,2,3.649554967880249
bert-base-multilingual-cased,ru,123,mean_pool,-2,2,4,4.529518127441406
bert-base-multilingual-cased,ru,124,mean_pool,-2,-1,1,3.291619300842285
bert-base-multilingual-cased,ru,124,mean_pool,-1,0,1,3.378687620162964
bert-base-multilingual-cased,ru,124,mean_pool,0,1,1,3.4773244857788086
bert-base-multilingual-cased,ru,124,mean_pool,1,2,1,3.6147565841674805
bert-base-multilingual-cased,ru,124,mean_pool,-2,0,2,3.4500720500946045
bert-base-multilingual-cased,ru,124,mean_pool,-1,1,2,3.564552068710327
bert-base-multilingual-cased,ru,124,mean_pool,0,2,2,3.618314266204834
bert-base-multilingual-cased,ru,124,mean_pool,-2,2,4,3.3626620769500732
bert-base-multilingual-cased,ru,125,mean_pool,-2,-1,1,2.9967257976531982
bert-base-multilingual-cased,ru,125,mean_pool,-1,0,1,3.302753210067749
bert-base-multilingual-cased,ru,125,mean_pool,0,1,1,3.9134316444396973
bert-base-multilingual-cased,ru,125,mean_pool,1,2,1,4.272646427154541
bert-base-multilingual-cased,ru,125,mean_pool,-2,0,2,3.572997808456421
bert-base-multilingual-cased,ru,125,mean_pool,-1,1,2,3.7249529361724854
bert-base-multilingual-cased,ru,125,mean_pool,0,2,2,4.056217193603516
bert-base-multilingual-cased,ru,125,mean_pool,-2,2,4,3.31783390045166
bert-base-multilingual-cased,ru,126,mean_pool,-2,-1,1,3.5114834308624268
bert-base-multilingual-cased,ru,126,mean_pool,-1,0,1,4.156032085418701
bert-base-multilingual-cased,ru,126,mean_pool,0,1,1,4.318546295166016
bert-base-multilingual-cased,ru,126,mean_pool,1,2,1,3.48038649559021
bert-base-multilingual-cased,ru,126,mean_pool,-2,0,2,3.9404141902923584
bert-base-multilingual-cased,ru,126,mean_pool,-1,1,2,4.049900531768799
bert-base-multilingual-cased,ru,126,mean_pool,0,2,2,4.307437419891357
bert-base-multilingual-cased,ru,126,mean_pool,-2,2,4,3.758730411529541
bert-base-multilingual-cased,ru,127,mean_pool,-2,-1,1,3.5420405864715576
bert-base-multilingual-cased,ru,127,mean_pool,-1,0,1,4.047929286956787
bert-base-multilingual-cased,ru,127,mean_pool,0,1,1,4.1769232749938965
bert-base-multilingual-cased,ru,127,mean_pool,1,2,1,3.64292311668396
bert-base-multilingual-cased,ru,127,mean_pool,-2,0,2,4.060947418212891
bert-base-multilingual-cased,ru,127,mean_pool,-1,1,2,4.320310115814209
bert-base-multilingual-cased,ru,127,mean_pool,0,2,2,4.083319187164307
bert-base-multilingual-cased,ru,127,mean_pool,-2,2,4,3.382565498352051
bert-base-multilingual-cased,ru,128,mean_pool,-2,-1,1,4.060854911804199
bert-base-multilingual-cased,ru,128,mean_pool,-1,0,1,5.514970302581787
bert-base-multilingual-cased,ru,128,mean_pool,0,1,1,6.126798629760742
bert-base-multilingual-cased,ru,128,mean_pool,1,2,1,4.459279537200928
bert-base-multilingual-cased,ru,128,mean_pool,-2,0,2,5.077891826629639
bert-base-multilingual-cased,ru,128,mean_pool,-1,1,2,5.1180949211120605
bert-base-multilingual-cased,ru,128,mean_pool,0,2,2,5.733031749725342
bert-base-multilingual-cased,ru,128,mean_pool,-2,2,4,3.9794442653656006
bert-base-multilingual-cased,ru,129,mean_pool,-2,-1,1,3.8689486980438232
bert-base-multilingual-cased,ru,129,mean_pool,-1,0,1,4.567845821380615
bert-base-multilingual-cased,ru,129,mean_pool,0,1,1,4.911319732666016
bert-base-multilingual-cased,ru,129,mean_pool,1,2,1,4.401002883911133
bert-base-multilingual-cased,ru,129,mean_pool,-2,0,2,4.585736274719238
bert-base-multilingual-cased,ru,129,mean_pool,-1,1,2,4.709748268127441
bert-base-multilingual-cased,ru,129,mean_pool,0,2,2,5.0827107429504395
bert-base-multilingual-cased,ru,129,mean_pool,-2,2,4,3.1133761405944824
bert-base-multilingual-cased,ru,130,mean_pool,-2,-1,1,4.31273889541626
bert-base-multilingual-cased,ru,130,mean_pool,-1,0,1,4.571141242980957
bert-base-multilingual-cased,ru,130,mean_pool,0,1,1,5.344850063323975
bert-base-multilingual-cased,ru,130,mean_pool,1,2,1,5.106274127960205
bert-base-multilingual-cased,ru,130,mean_pool,-2,0,2,4.73927116394043
bert-base-multilingual-cased,ru,130,mean_pool,-1,1,2,5.238743305206299
bert-base-multilingual-cased,ru,130,mean_pool,0,2,2,5.348668575286865
bert-base-multilingual-cased,ru,130,mean_pool,-2,2,4,3.7173941135406494
bert-base-multilingual-cased,ru,131,mean_pool,-2,-1,1,3.587707281112671
bert-base-multilingual-cased,ru,131,mean_pool,-1,0,1,3.991518497467041
bert-base-multilingual-cased,ru,131,mean_pool,0,1,1,3.822277545928955
bert-base-multilingual-cased,ru,131,mean_pool,1,2,1,3.701892137527466
bert-base-multilingual-cased,ru,131,mean_pool,-2,0,2,3.7931530475616455
bert-base-multilingual-cased,ru,131,mean_pool,-1,1,2,3.8533642292022705
bert-base-multilingual-cased,ru,131,mean_pool,0,2,2,3.90775990486145
bert-base-multilingual-cased,ru,131,mean_pool,-2,2,4,3.6513965129852295
bert-base-multilingual-cased,ru,132,mean_pool,-2,-1,1,3.9296839237213135
bert-base-multilingual-cased,ru,132,mean_pool,-1,0,1,4.262444019317627
bert-base-multilingual-cased,ru,132,mean_pool,0,1,1,4.463343620300293
bert-base-multilingual-cased,ru,132,mean_pool,1,2,1,4.747241497039795
bert-base-multilingual-cased,ru,132,mean_pool,-2,0,2,3.440708875656128
bert-base-multilingual-cased,ru,132,mean_pool,-1,1,2,4.956801414489746
bert-base-multilingual-cased,ru,132,mean_pool,0,2,2,4.151639461517334
bert-base-multilingual-cased,ru,132,mean_pool,-2,2,4,3.600269317626953
bert-base-multilingual-cased,ru,133,mean_pool,-2,-1,1,3.4239470958709717
bert-base-multilingual-cased,ru,133,mean_pool,-1,0,1,3.983574628829956
bert-base-multilingual-cased,ru,133,mean_pool,0,1,1,3.970372438430786
bert-base-multilingual-cased,ru,133,mean_pool,1,2,1,3.826348066329956
bert-base-multilingual-cased,ru,133,mean_pool,-2,0,2,3.686584711074829
bert-base-multilingual-cased,ru,133,mean_pool,-1,1,2,3.80403995513916
bert-base-multilingual-cased,ru,133,mean_pool,0,2,2,3.7548155784606934
bert-base-multilingual-cased,ru,133,mean_pool,-2,2,4,3.132012128829956
bert-base-multilingual-cased,ru,134,mean_pool,-2,-1,1,4.071685314178467
bert-base-multilingual-cased,ru,134,mean_pool,-1,0,1,4.1066365242004395
bert-base-multilingual-cased,ru,134,mean_pool,0,1,1,4.387348175048828
bert-base-multilingual-cased,ru,134,mean_pool,1,2,1,4.234304428100586
bert-base-multilingual-cased,ru,134,mean_pool,-2,0,2,4.3182196617126465
bert-base-multilingual-cased,ru,134,mean_pool,-1,1,2,4.329837322235107
bert-base-multilingual-cased,ru,134,mean_pool,0,2,2,4.285702228546143
bert-base-multilingual-cased,ru,134,mean_pool,-2,2,4,3.953578233718872
bert-base-multilingual-cased,ru,135,mean_pool,-2,-1,1,2.756272077560425
bert-base-multilingual-cased,ru,135,mean_pool,-1,0,1,3.6304571628570557
bert-base-multilingual-cased,ru,135,mean_pool,0,1,1,4.187994956970215
bert-base-multilingual-cased,ru,135,mean_pool,1,2,1,3.512643575668335
bert-base-multilingual-cased,ru,135,mean_pool,-2,0,2,3.339853286743164
bert-base-multilingual-cased,ru,135,mean_pool,-1,1,2,3.77970290184021
bert-base-multilingual-cased,ru,135,mean_pool,0,2,2,3.916656017303467
bert-base-multilingual-cased,ru,135,mean_pool,-2,2,4,2.883364200592041
bert-base-multilingual-cased,ru,136,mean_pool,-2,-1,1,2.6093757152557373
bert-base-multilingual-cased,ru,136,mean_pool,-1,0,1,3.524477243423462
bert-base-multilingual-cased,ru,136,mean_pool,0,1,1,4.00514030456543
bert-base-multilingual-cased,ru,136,mean_pool,1,2,1,4.109394073486328
bert-base-multilingual-cased,ru,136,mean_pool,-2,0,2,3.2210116386413574
bert-base-multilingual-cased,ru,136,mean_pool,-1,1,2,3.797025203704834
bert-base-multilingual-cased,ru,136,mean_pool,0,2,2,3.883249044418335
bert-base-multilingual-cased,ru,136,mean_pool,-2,2,4,3.267681121826172
bert-base-multilingual-cased,ru,137,mean_pool,-2,-1,1,4.384643077850342
bert-base-multilingual-cased,ru,137,mean_pool,-1,0,1,4.892508506774902
bert-base-multilingual-cased,ru,137,mean_pool,0,1,1,5.13292932510376
bert-base-multilingual-cased,ru,137,mean_pool,1,2,1,4.501898288726807
bert-base-multilingual-cased,ru,137,mean_pool,-2,0,2,4.871091842651367
bert-base-multilingual-cased,ru,137,mean_pool,-1,1,2,4.8902812004089355
bert-base-multilingual-cased,ru,137,mean_pool,0,2,2,5.256114959716797
bert-base-multilingual-cased,ru,137,mean_pool,-2,2,4,4.287538051605225
bert-base-multilingual-cased,ru,138,mean_pool,-2,-1,1,3.7756288051605225
bert-base-multilingual-cased,ru,138,mean_pool,-1,0,1,4.0403337478637695
bert-base-multilingual-cased,ru,138,mean_pool,0,1,1,4.195383071899414
bert-base-multilingual-cased,ru,138,mean_pool,1,2,1,4.474976539611816
bert-base-multilingual-cased,ru,138,mean_pool,-2,0,2,3.6041669845581055
bert-base-multilingual-cased,ru,138,mean_pool,-1,1,2,4.404999256134033
bert-base-multilingual-cased,ru,138,mean_pool,0,2,2,4.422255039215088
bert-base-multilingual-cased,ru,138,mean_pool,-2,2,4,4.9139580726623535
bert-base-multilingual-cased,ru,139,mean_pool,-2,-1,1,3.2296805381774902
bert-base-multilingual-cased,ru,139,mean_pool,-1,0,1,3.8986926078796387
bert-base-multilingual-cased,ru,139,mean_pool,0,1,1,4.355135917663574
bert-base-multilingual-cased,ru,139,mean_pool,1,2,1,4.678106307983398
bert-base-multilingual-cased,ru,139,mean_pool,-2,0,2,3.739537477493286
bert-base-multilingual-cased,ru,139,mean_pool,-1,1,2,4.258446216583252
bert-base-multilingual-cased,ru,139,mean_pool,0,2,2,4.797270774841309
bert-base-multilingual-cased,ru,139,mean_pool,-2,2,4,4.032001972198486
bert-base-multilingual-cased,ru,140,mean_pool,-2,-1,1,4.299530506134033
bert-base-multilingual-cased,ru,140,mean_pool,-1,0,1,4.232290744781494
bert-base-multilingual-cased,ru,140,mean_pool,0,1,1,4.368878364562988
bert-base-multilingual-cased,ru,140,mean_pool,1,2,1,4.143182754516602
bert-base-multilingual-cased,ru,140,mean_pool,-2,0,2,3.924407482147217
bert-base-multilingual-cased,ru,140,mean_pool,-1,1,2,4.5354437828063965
bert-base-multilingual-cased,ru,140,mean_pool,0,2,2,4.360105991363525
bert-base-multilingual-cased,ru,140,mean_pool,-2,2,4,4.291077613830566
bert-base-multilingual-cased,ru,141,mean_pool,-2,-1,1,3.4477720260620117
bert-base-multilingual-cased,ru,141,mean_pool,-1,0,1,4.0730085372924805
bert-base-multilingual-cased,ru,141,mean_pool,0,1,1,4.418179035186768
bert-base-multilingual-cased,ru,141,mean_pool,1,2,1,3.678375005722046
bert-base-multilingual-cased,ru,141,mean_pool,-2,0,2,3.4133174419403076
bert-base-multilingual-cased,ru,141,mean_pool,-1,1,2,4.447350978851318
bert-base-multilingual-cased,ru,141,mean_pool,0,2,2,3.866114616394043
bert-base-multilingual-cased,ru,141,mean_pool,-2,2,4,3.0273189544677734
bert-base-multilingual-cased,ru,142,mean_pool,-2,-1,1,3.022383689880371
bert-base-multilingual-cased,ru,142,mean_pool,-1,0,1,3.2808008193969727
bert-base-multilingual-cased,ru,142,mean_pool,0,1,1,4.301511287689209
bert-base-multilingual-cased,ru,142,mean_pool,1,2,1,5.321684837341309
bert-base-multilingual-cased,ru,142,mean_pool,-2,0,2,3.527804374694824
bert-base-multilingual-cased,ru,142,mean_pool,-1,1,2,3.8116719722747803
bert-base-multilingual-cased,ru,142,mean_pool,0,2,2,4.58931303024292
bert-base-multilingual-cased,ru,142,mean_pool,-2,2,4,3.636306047439575
bert-base-multilingual-cased,ru,143,mean_pool,-2,-1,1,4.152327060699463
bert-base-multilingual-cased,ru,143,mean_pool,-1,0,1,4.242486476898193
bert-base-multilingual-cased,ru,143,mean_pool,0,1,1,4.47000789642334
bert-base-multilingual-cased,ru,143,mean_pool,1,2,1,4.384899616241455
bert-base-multilingual-cased,ru,143,mean_pool,-2,0,2,4.6262383460998535
bert-base-multilingual-cased,ru,143,mean_pool,-1,1,2,4.260188579559326
bert-base-multilingual-cased,ru,143,mean_pool,0,2,2,4.444580554962158
bert-base-multilingual-cased,ru,143,mean_pool,-2,2,4,4.5501203536987305
bert-base-multilingual-cased,ru,144,mean_pool,-2,-1,1,3.325166702270508
bert-base-multilingual-cased,ru,144,mean_pool,-1,0,1,3.979219913482666
bert-base-multilingual-cased,ru,144,mean_pool,0,1,1,3.9598186016082764
bert-base-multilingual-cased,ru,144,mean_pool,1,2,1,7.273238658905029
bert-base-multilingual-cased,ru,144,mean_pool,-2,0,2,3.557384490966797
bert-base-multilingual-cased,ru,144,mean_pool,-1,1,2,4.0026726722717285
bert-base-multilingual-cased,ru,144,mean_pool,0,2,2,7.007115840911865
bert-base-multilingual-cased,ru,144,mean_pool,-2,2,4,5.906964302062988
bert-base-multilingual-cased,ru,145,mean_pool,-2,-1,1,3.734149932861328
bert-base-multilingual-cased,ru,145,mean_pool,-1,0,1,4.334749221801758
bert-base-multilingual-cased,ru,145,mean_pool,0,1,1,4.5050177574157715
bert-base-multilingual-cased,ru,145,mean_pool,1,2,1,4.472097873687744
bert-base-multilingual-cased,ru,145,mean_pool,-2,0,2,4.205118179321289
bert-base-multilingual-cased,ru,145,mean_pool,-1,1,2,4.828886032104492
bert-base-multilingual-cased,ru,145,mean_pool,0,2,2,4.275969982147217
bert-base-multilingual-cased,ru,145,mean_pool,-2,2,4,3.856515884399414
bert-base-multilingual-cased,ru,146,mean_pool,-2,-1,1,3.301818370819092
bert-base-multilingual-cased,ru,146,mean_pool,-1,0,1,3.7730352878570557
bert-base-multilingual-cased,ru,146,mean_pool,0,1,1,3.5780744552612305
bert-base-multilingual-cased,ru,146,mean_pool,1,2,1,3.643162488937378
bert-base-multilingual-cased,ru,146,mean_pool,-2,0,2,4.152472019195557
bert-base-multilingual-cased,ru,146,mean_pool,-1,1,2,3.9334022998809814
bert-base-multilingual-cased,ru,146,mean_pool,0,2,2,3.9517428874969482
bert-base-multilingual-cased,ru,146,mean_pool,-2,2,4,3.075563907623291
bert-base-multilingual-cased,ru,147,mean_pool,-2,-1,1,3.5028364658355713
bert-base-multilingual-cased,ru,147,mean_pool,-1,0,1,4.048999786376953
bert-base-multilingual-cased,ru,147,mean_pool,0,1,1,4.656189918518066
bert-base-multilingual-cased,ru,147,mean_pool,1,2,1,4.282718658447266
bert-base-multilingual-cased,ru,147,mean_pool,-2,0,2,4.061271667480469
bert-base-multilingual-cased,ru,147,mean_pool,-1,1,2,4.281537055969238
bert-base-multilingual-cased,ru,147,mean_pool,0,2,2,4.231453895568848
bert-base-multilingual-cased,ru,147,mean_pool,-2,2,4,2.7761001586914062
bert-base-multilingual-cased,ru,148,mean_pool,-2,-1,1,3.991279125213623
bert-base-multilingual-cased,ru,148,mean_pool,-1,0,1,4.669792175292969
bert-base-multilingual-cased,ru,148,mean_pool,0,1,1,4.523296356201172
bert-base-multilingual-cased,ru,148,mean_pool,1,2,1,4.2394795417785645
bert-base-multilingual-cased,ru,148,mean_pool,-2,0,2,3.718898057937622
bert-base-multilingual-cased,ru,148,mean_pool,-1,1,2,4.349686145782471
bert-base-multilingual-cased,ru,148,mean_pool,0,2,2,4.978414058685303
bert-base-multilingual-cased,ru,148,mean_pool,-2,2,4,4.564464092254639
bert-base-multilingual-cased,ru,149,mean_pool,-2,-1,1,3.19655442237854
bert-base-multilingual-cased,ru,149,mean_pool,-1,0,1,3.643117904663086
bert-base-multilingual-cased,ru,149,mean_pool,0,1,1,4.053537845611572
bert-base-multilingual-cased,ru,149,mean_pool,1,2,1,3.6945688724517822
bert-base-multilingual-cased,ru,149,mean_pool,-2,0,2,3.509559154510498
bert-base-multilingual-cased,ru,149,mean_pool,-1,1,2,4.055356502532959
bert-base-multilingual-cased,ru,149,mean_pool,0,2,2,3.668628215789795
bert-base-multilingual-cased,ru,149,mean_pool,-2,2,4,2.828054189682007
bert-base-multilingual-cased,ru,150,mean_pool,-2,-1,1,3.846893072128296
bert-base-multilingual-cased,ru,150,mean_pool,-1,0,1,5.131491661071777
bert-base-multilingual-cased,ru,150,mean_pool,0,1,1,5.334705829620361
bert-base-multilingual-cased,ru,150,mean_pool,1,2,1,6.607408046722412
bert-base-multilingual-cased,ru,150,mean_pool,-2,0,2,4.386538505554199
bert-base-multilingual-cased,ru,150,mean_pool,-1,1,2,4.339541435241699
bert-base-multilingual-cased,ru,150,mean_pool,0,2,2,6.9222636222839355
bert-base-multilingual-cased,ru,150,mean_pool,-2,2,4,5.669881343841553
bert-base-multilingual-cased,ru,151,mean_pool,-2,-1,1,3.537405490875244
bert-base-multilingual-cased,ru,151,mean_pool,-1,0,1,4.48240327835083
bert-base-multilingual-cased,ru,151,mean_pool,0,1,1,4.27225399017334
bert-base-multilingual-cased,ru,151,mean_pool,1,2,1,4.913896560668945
bert-base-multilingual-cased,ru,151,mean_pool,-2,0,2,3.5731959342956543
bert-base-multilingual-cased,ru,151,mean_pool,-1,1,2,4.592528820037842
bert-base-multilingual-cased,ru,151,mean_pool,0,2,2,4.919051170349121
bert-base-multilingual-cased,ru,151,mean_pool,-2,2,4,4.510254859924316
bert-base-multilingual-cased,ru,152,mean_pool,-2,-1,1,3.583489418029785
bert-base-multilingual-cased,ru,152,mean_pool,-1,0,1,4.160369873046875
bert-base-multilingual-cased,ru,152,mean_pool,0,1,1,3.790895938873291
bert-base-multilingual-cased,ru,152,mean_pool,1,2,1,3.7643887996673584
bert-base-multilingual-cased,ru,152,mean_pool,-2,0,2,3.9012670516967773
bert-base-multilingual-cased,ru,152,mean_pool,-1,1,2,3.9375503063201904
bert-base-multilingual-cased,ru,152,mean_pool,0,2,2,4.014072895050049
bert-base-multilingual-cased,ru,152,mean_pool,-2,2,4,3.5179812908172607
bert-base-multilingual-cased,ru,153,mean_pool,-2,-1,1,4.0147385597229
bert-base-multilingual-cased,ru,153,mean_pool,-1,0,1,4.643894672393799
bert-base-multilingual-cased,ru,153,mean_pool,0,1,1,4.60671329498291
bert-base-multilingual-cased,ru,153,mean_pool,1,2,1,4.8477783203125
bert-base-multilingual-cased,ru,153,mean_pool,-2,0,2,4.2224040031433105
bert-base-multilingual-cased,ru,153,mean_pool,-1,1,2,4.9155964851379395
bert-base-multilingual-cased,ru,153,mean_pool,0,2,2,4.887831687927246
bert-base-multilingual-cased,ru,153,mean_pool,-2,2,4,3.7164764404296875
bert-base-multilingual-cased,ru,154,mean_pool,-2,-1,1,4.100839614868164
bert-base-multilingual-cased,ru,154,mean_pool,-1,0,1,4.527945041656494
bert-base-multilingual-cased,ru,154,mean_pool,0,1,1,4.692327499389648
bert-base-multilingual-cased,ru,154,mean_pool,1,2,1,4.149390697479248
bert-base-multilingual-cased,ru,154,mean_pool,-2,0,2,4.091794013977051
bert-base-multilingual-cased,ru,154,mean_pool,-1,1,2,4.407778263092041
bert-base-multilingual-cased,ru,154,mean_pool,0,2,2,4.563779830932617
bert-base-multilingual-cased,ru,154,mean_pool,-2,2,4,4.290072917938232
bert-base-multilingual-cased,ru,155,mean_pool,-2,-1,1,2.501537322998047
bert-base-multilingual-cased,ru,155,mean_pool,-1,0,1,2.849452495574951
bert-base-multilingual-cased,ru,155,mean_pool,0,1,1,3.293667793273926
bert-base-multilingual-cased,ru,155,mean_pool,1,2,1,2.7788643836975098
bert-base-multilingual-cased,ru,155,mean_pool,-2,0,2,2.9826319217681885
bert-base-multilingual-cased,ru,155,mean_pool,-1,1,2,3.3951101303100586
bert-base-multilingual-cased,ru,155,mean_pool,0,2,2,2.934274435043335
bert-base-multilingual-cased,ru,155,mean_pool,-2,2,4,2.354741334915161
bert-base-multilingual-cased,ru,156,mean_pool,-2,-1,1,3.132817506790161
bert-base-multilingual-cased,ru,156,mean_pool,-1,0,1,4.105635643005371
bert-base-multilingual-cased,ru,156,mean_pool,0,1,1,4.288694381713867
bert-base-multilingual-cased,ru,156,mean_pool,1,2,1,3.405219793319702
bert-base-multilingual-cased,ru,156,mean_pool,-2,0,2,4.172616958618164
bert-base-multilingual-cased,ru,156,mean_pool,-1,1,2,3.8654069900512695
bert-base-multilingual-cased,ru,156,mean_pool,0,2,2,4.21176815032959
bert-base-multilingual-cased,ru,156,mean_pool,-2,2,4,2.9438087940216064
bert-base-multilingual-cased,ru,157,mean_pool,-2,-1,1,3.825125217437744
bert-base-multilingual-cased,ru,157,mean_pool,-1,0,1,4.300592422485352
bert-base-multilingual-cased,ru,157,mean_pool,0,1,1,4.132303714752197
bert-base-multilingual-cased,ru,157,mean_pool,1,2,1,4.057337760925293
bert-base-multilingual-cased,ru,157,mean_pool,-2,0,2,4.322932243347168
bert-base-multilingual-cased,ru,157,mean_pool,-1,1,2,4.370026111602783
bert-base-multilingual-cased,ru,157,mean_pool,0,2,2,4.416456699371338
bert-base-multilingual-cased,ru,157,mean_pool,-2,2,4,3.383563756942749
bert-base-multilingual-cased,ru,158,mean_pool,-2,-1,1,3.9499974250793457
bert-base-multilingual-cased,ru,158,mean_pool,-1,0,1,4.290372848510742
bert-base-multilingual-cased,ru,158,mean_pool,0,1,1,4.5868659019470215
bert-base-multilingual-cased,ru,158,mean_pool,1,2,1,4.279165744781494
bert-base-multilingual-cased,ru,158,mean_pool,-2,0,2,4.111621856689453
bert-base-multilingual-cased,ru,158,mean_pool,-1,1,2,4.733455181121826
bert-base-multilingual-cased,ru,158,mean_pool,0,2,2,4.093379020690918
bert-base-multilingual-cased,ru,158,mean_pool,-2,2,4,3.6134583950042725
bert-base-multilingual-cased,ru,159,mean_pool,-2,-1,1,3.729938268661499
bert-base-multilingual-cased,ru,159,mean_pool,-1,0,1,4.0827836990356445
bert-base-multilingual-cased,ru,159,mean_pool,0,1,1,4.508178234100342
bert-base-multilingual-cased,ru,159,mean_pool,1,2,1,4.555816650390625
bert-base-multilingual-cased,ru,159,mean_pool,-2,0,2,4.099649429321289
bert-base-multilingual-cased,ru,159,mean_pool,-1,1,2,4.922602653503418
bert-base-multilingual-cased,ru,159,mean_pool,0,2,2,4.137073993682861
bert-base-multilingual-cased,ru,159,mean_pool,-2,2,4,3.7191221714019775
bert-base-multilingual-cased,zh,0,mean_pool,-2,-1,1,3.3382925987243652
bert-base-multilingual-cased,zh,0,mean_pool,-1,0,1,3.48262357711792
bert-base-multilingual-cased,zh,0,mean_pool,0,1,1,3.917895555496216
bert-base-multilingual-cased,zh,0,mean_pool,1,2,1,4.153733253479004
bert-base-multilingual-cased,zh,0,mean_pool,-2,0,2,3.2465033531188965
bert-base-multilingual-cased,zh,0,mean_pool,-1,1,2,2.467217445373535
bert-base-multilingual-cased,zh,0,mean_pool,0,2,2,3.1728389263153076
bert-base-multilingual-cased,zh,0,mean_pool,-2,2,4,3.1676275730133057
bert-base-multilingual-cased,zh,1,mean_pool,-2,-1,1,3.647913932800293
bert-base-multilingual-cased,zh,1,mean_pool,-1,0,1,7.818595886230469
bert-base-multilingual-cased,zh,1,mean_pool,0,1,1,7.285046100616455
bert-base-multilingual-cased,zh,1,mean_pool,1,2,1,4.770905494689941
bert-base-multilingual-cased,zh,1,mean_pool,-2,0,2,6.191096305847168
bert-base-multilingual-cased,zh,1,mean_pool,-1,1,2,2.4278616905212402
bert-base-multilingual-cased,zh,1,mean_pool,0,2,2,5.045797824859619
bert-base-multilingual-cased,zh,1,mean_pool,-2,2,4,3.468841791152954
bert-base-multilingual-cased,zh,2,mean_pool,-2,-1,1,3.6954567432403564
bert-base-multilingual-cased,zh,2,mean_pool,-1,0,1,3.028743028640747
bert-base-multilingual-cased,zh,2,mean_pool,0,1,1,3.7224695682525635
bert-base-multilingual-cased,zh,2,mean_pool,1,2,1,2.9182305335998535
bert-base-multilingual-cased,zh,2,mean_pool,-2,0,2,4.2231855392456055
bert-base-multilingual-cased,zh,2,mean_pool,-1,1,2,2.8738977909088135
bert-base-multilingual-cased,zh,2,mean_pool,0,2,2,3.3923585414886475
bert-base-multilingual-cased,zh,2,mean_pool,-2,2,4,2.9333155155181885
bert-base-multilingual-cased,zh,3,mean_pool,-2,-1,1,3.6342849731445312
bert-base-multilingual-cased,zh,3,mean_pool,-1,0,1,6.2975382804870605
bert-base-multilingual-cased,zh,3,mean_pool,0,1,1,5.916426658630371
bert-base-multilingual-cased,zh,3,mean_pool,1,2,1,3.5313520431518555
bert-base-multilingual-cased,zh,3,mean_pool,-2,0,2,4.359268665313721
bert-base-multilingual-cased,zh,3,mean_pool,-1,1,2,2.0939152240753174
bert-base-multilingual-cased,zh,3,mean_pool,0,2,2,4.120326042175293
bert-base-multilingual-cased,zh,3,mean_pool,-2,2,4,2.6139285564422607
bert-base-multilingual-cased,zh,4,mean_pool,-2,-1,1,4.182638168334961
bert-base-multilingual-cased,zh,4,mean_pool,-1,0,1,3.7271673679351807
bert-base-multilingual-cased,zh,4,mean_pool,0,1,1,3.722691535949707
bert-base-multilingual-cased,zh,4,mean_pool,1,2,1,3.4644510746002197
bert-base-multilingual-cased,zh,4,mean_pool,-2,0,2,3.574131727218628
bert-base-multilingual-cased,zh,4,mean_pool,-1,1,2,3.154141426086426
bert-base-multilingual-cased,zh,4,mean_pool,0,2,2,3.803717851638794
bert-base-multilingual-cased,zh,4,mean_pool,-2,2,4,2.8239946365356445
bert-base-multilingual-cased,zh,5,mean_pool,-2,-1,1,3.9332997798919678
bert-base-multilingual-cased,zh,5,mean_pool,-1,0,1,4.672172546386719
bert-base-multilingual-cased,zh,5,mean_pool,0,1,1,4.229190826416016
bert-base-multilingual-cased,zh,5,mean_pool,1,2,1,3.483729600906372
bert-base-multilingual-cased,zh,5,mean_pool,-2,0,2,4.3805460929870605
bert-base-multilingual-cased,zh,5,mean_pool,-1,1,2,2.7623884677886963
bert-base-multilingual-cased,zh,5,mean_pool,0,2,2,3.4201910495758057
bert-base-multilingual-cased,zh,5,mean_pool,-2,2,4,3.3383090496063232
bert-base-multilingual-cased,zh,6,mean_pool,-2,-1,1,3.3175909519195557
bert-base-multilingual-cased,zh,6,mean_pool,-1,0,1,4.6584906578063965
bert-base-multilingual-cased,zh,6,mean_pool,0,1,1,4.327186584472656
bert-base-multilingual-cased,zh,6,mean_pool,1,2,1,2.9634459018707275
bert-base-multilingual-cased,zh,6,mean_pool,-2,0,2,4.428765296936035
bert-base-multilingual-cased,zh,6,mean_pool,-1,1,2,2.6192426681518555
bert-base-multilingual-cased,zh,6,mean_pool,0,2,2,3.3506479263305664
bert-base-multilingual-cased,zh,6,mean_pool,-2,2,4,3.248572826385498
bert-base-multilingual-cased,zh,7,mean_pool,-2,-1,1,4.815773963928223
bert-base-multilingual-cased,zh,7,mean_pool,-1,0,1,7.043698310852051
bert-base-multilingual-cased,zh,7,mean_pool,0,1,1,6.377429008483887
bert-base-multilingual-cased,zh,7,mean_pool,1,2,1,5.482114315032959
bert-base-multilingual-cased,zh,7,mean_pool,-2,0,2,4.291092395782471
bert-base-multilingual-cased,zh,7,mean_pool,-1,1,2,2.5400993824005127
bert-base-multilingual-cased,zh,7,mean_pool,0,2,2,3.7093091011047363
bert-base-multilingual-cased,zh,7,mean_pool,-2,2,4,3.6876885890960693
bert-base-multilingual-cased,zh,8,mean_pool,-2,-1,1,4.1560564041137695
bert-base-multilingual-cased,zh,8,mean_pool,-1,0,1,5.8733038902282715
bert-base-multilingual-cased,zh,8,mean_pool,0,1,1,4.68128776550293
bert-base-multilingual-cased,zh,8,mean_pool,1,2,1,3.8545093536376953
bert-base-multilingual-cased,zh,8,mean_pool,-2,0,2,4.755949020385742
bert-base-multilingual-cased,zh,8,mean_pool,-1,1,2,3.318539619445801
bert-base-multilingual-cased,zh,8,mean_pool,0,2,2,3.5620977878570557
bert-base-multilingual-cased,zh,8,mean_pool,-2,2,4,3.8341000080108643
bert-base-multilingual-cased,zh,9,mean_pool,-2,-1,1,4.835590362548828
bert-base-multilingual-cased,zh,9,mean_pool,-1,0,1,4.769647598266602
bert-base-multilingual-cased,zh,9,mean_pool,0,1,1,4.905219554901123
bert-base-multilingual-cased,zh,9,mean_pool,1,2,1,3.8163461685180664
bert-base-multilingual-cased,zh,9,mean_pool,-2,0,2,4.528321266174316
bert-base-multilingual-cased,zh,9,mean_pool,-1,1,2,3.059103012084961
bert-base-multilingual-cased,zh,9,mean_pool,0,2,2,3.8354368209838867
bert-base-multilingual-cased,zh,9,mean_pool,-2,2,4,3.7494583129882812
bert-base-multilingual-cased,zh,10,mean_pool,-2,-1,1,3.2838847637176514
bert-base-multilingual-cased,zh,10,mean_pool,-1,0,1,4.629715442657471
bert-base-multilingual-cased,zh,10,mean_pool,0,1,1,4.157599449157715
bert-base-multilingual-cased,zh,10,mean_pool,1,2,1,4.224267482757568
bert-base-multilingual-cased,zh,10,mean_pool,-2,0,2,3.331528425216675
bert-base-multilingual-cased,zh,10,mean_pool,-1,1,2,2.2101712226867676
bert-base-multilingual-cased,zh,10,mean_pool,0,2,2,3.0991034507751465
bert-base-multilingual-cased,zh,10,mean_pool,-2,2,4,3.1323816776275635
bert-base-multilingual-cased,zh,11,mean_pool,-2,-1,1,7.169881343841553
bert-base-multilingual-cased,zh,11,mean_pool,-1,0,1,6.400755405426025
bert-base-multilingual-cased,zh,11,mean_pool,0,1,1,4.472364902496338
bert-base-multilingual-cased,zh,11,mean_pool,1,2,1,4.79236364364624
bert-base-multilingual-cased,zh,11,mean_pool,-2,0,2,5.0040082931518555
bert-base-multilingual-cased,zh,11,mean_pool,-1,1,2,5.512702941894531
bert-base-multilingual-cased,zh,11,mean_pool,0,2,2,4.5773539543151855
bert-base-multilingual-cased,zh,11,mean_pool,-2,2,4,5.441495895385742
bert-base-multilingual-cased,zh,12,mean_pool,-2,-1,1,4.8863606452941895
bert-base-multilingual-cased,zh,12,mean_pool,-1,0,1,6.678947448730469
bert-base-multilingual-cased,zh,12,mean_pool,0,1,1,5.930386066436768
bert-base-multilingual-cased,zh,12,mean_pool,1,2,1,4.645917892456055
bert-base-multilingual-cased,zh,12,mean_pool,-2,0,2,5.118732929229736
bert-base-multilingual-cased,zh,12,mean_pool,-1,1,2,3.7931594848632812
bert-base-multilingual-cased,zh,12,mean_pool,0,2,2,3.59562349319458
bert-base-multilingual-cased,zh,12,mean_pool,-2,2,4,4.0945281982421875
bert-base-multilingual-cased,zh,13,mean_pool,-2,-1,1,4.819190979003906
bert-base-multilingual-cased,zh,13,mean_pool,-1,0,1,5.248101234436035
bert-base-multilingual-cased,zh,13,mean_pool,0,1,1,5.669632434844971
bert-base-multilingual-cased,zh,13,mean_pool,1,2,1,5.078208923339844
bert-base-multilingual-cased,zh,13,mean_pool,-2,0,2,5.236068248748779
bert-base-multilingual-cased,zh,13,mean_pool,-1,1,2,2.711763858795166
bert-base-multilingual-cased,zh,13,mean_pool,0,2,2,4.153392314910889
bert-base-multilingual-cased,zh,13,mean_pool,-2,2,4,3.6068358421325684
bert-base-multilingual-cased,zh,14,mean_pool,-2,-1,1,4.24683952331543
bert-base-multilingual-cased,zh,14,mean_pool,-1,0,1,4.87912654876709
bert-base-multilingual-cased,zh,14,mean_pool,0,1,1,4.405446529388428
bert-base-multilingual-cased,zh,14,mean_pool,1,2,1,3.6873931884765625
bert-base-multilingual-cased,zh,14,mean_pool,-2,0,2,3.914518117904663
bert-base-multilingual-cased,zh,14,mean_pool,-1,1,2,3.033391237258911
bert-base-multilingual-cased,zh,14,mean_pool,0,2,2,3.7026731967926025
bert-base-multilingual-cased,zh,14,mean_pool,-2,2,4,2.673257350921631
bert-base-multilingual-cased,zh,15,mean_pool,-2,-1,1,3.710395574569702
bert-base-multilingual-cased,zh,15,mean_pool,-1,0,1,5.53863000869751
bert-base-multilingual-cased,zh,15,mean_pool,0,1,1,5.066353797912598
bert-base-multilingual-cased,zh,15,mean_pool,1,2,1,3.790205478668213
bert-base-multilingual-cased,zh,15,mean_pool,-2,0,2,4.044577121734619
bert-base-multilingual-cased,zh,15,mean_pool,-1,1,2,2.0709424018859863
bert-base-multilingual-cased,zh,15,mean_pool,0,2,2,3.716752529144287
bert-base-multilingual-cased,zh,15,mean_pool,-2,2,4,2.7648489475250244
bert-base-multilingual-cased,zh,16,mean_pool,-2,-1,1,4.602705001831055
bert-base-multilingual-cased,zh,16,mean_pool,-1,0,1,4.920668125152588
bert-base-multilingual-cased,zh,16,mean_pool,0,1,1,4.601876258850098
bert-base-multilingual-cased,zh,16,mean_pool,1,2,1,4.084964752197266
bert-base-multilingual-cased,zh,16,mean_pool,-2,0,2,3.8832263946533203
bert-base-multilingual-cased,zh,16,mean_pool,-1,1,2,3.4168663024902344
bert-base-multilingual-cased,zh,16,mean_pool,0,2,2,3.9338185787200928
bert-base-multilingual-cased,zh,16,mean_pool,-2,2,4,3.6779565811157227
bert-base-multilingual-cased,zh,17,mean_pool,-2,-1,1,4.2965803146362305
bert-base-multilingual-cased,zh,17,mean_pool,-1,0,1,4.8529582023620605
bert-base-multilingual-cased,zh,17,mean_pool,0,1,1,4.738476276397705
bert-base-multilingual-cased,zh,17,mean_pool,1,2,1,3.739788293838501
bert-base-multilingual-cased,zh,17,mean_pool,-2,0,2,4.303055763244629
bert-base-multilingual-cased,zh,17,mean_pool,-1,1,2,3.625748872756958
bert-base-multilingual-cased,zh,17,mean_pool,0,2,2,3.647946357727051
bert-base-multilingual-cased,zh,17,mean_pool,-2,2,4,2.9972517490386963
bert-base-multilingual-cased,zh,18,mean_pool,-2,-1,1,5.970466613769531
bert-base-multilingual-cased,zh,18,mean_pool,-1,0,1,7.708980083465576
bert-base-multilingual-cased,zh,18,mean_pool,0,1,1,6.028594970703125
bert-base-multilingual-cased,zh,18,mean_pool,1,2,1,4.145270824432373
bert-base-multilingual-cased,zh,18,mean_pool,-2,0,2,4.740945339202881
bert-base-multilingual-cased,zh,18,mean_pool,-1,1,2,4.097736358642578
bert-base-multilingual-cased,zh,18,mean_pool,0,2,2,4.136340141296387
bert-base-multilingual-cased,zh,18,mean_pool,-2,2,4,3.213705062866211
bert-base-multilingual-cased,zh,19,mean_pool,-2,-1,1,3.9264822006225586
bert-base-multilingual-cased,zh,19,mean_pool,-1,0,1,3.104029655456543
bert-base-multilingual-cased,zh,19,mean_pool,0,1,1,3.990670919418335
bert-base-multilingual-cased,zh,19,mean_pool,1,2,1,3.443128824234009
bert-base-multilingual-cased,zh,19,mean_pool,-2,0,2,3.999372720718384
bert-base-multilingual-cased,zh,19,mean_pool,-1,1,2,3.587061643600464
bert-base-multilingual-cased,zh,19,mean_pool,0,2,2,3.6350669860839844
bert-base-multilingual-cased,zh,19,mean_pool,-2,2,4,2.869798183441162
bert-base-multilingual-cased,zh,20,mean_pool,-2,-1,1,3.89227032661438
bert-base-multilingual-cased,zh,20,mean_pool,-1,0,1,4.396687030792236
bert-base-multilingual-cased,zh,20,mean_pool,0,1,1,4.2955002784729
bert-base-multilingual-cased,zh,20,mean_pool,1,2,1,3.8117055892944336
bert-base-multilingual-cased,zh,20,mean_pool,-2,0,2,3.4520843029022217
bert-base-multilingual-cased,zh,20,mean_pool,-1,1,2,2.6998789310455322
bert-base-multilingual-cased,zh,20,mean_pool,0,2,2,3.040193796157837
bert-base-multilingual-cased,zh,20,mean_pool,-2,2,4,2.7176575660705566
bert-base-multilingual-cased,zh,21,mean_pool,-2,-1,1,5.038691520690918
bert-base-multilingual-cased,zh,21,mean_pool,-1,0,1,4.087255954742432
bert-base-multilingual-cased,zh,21,mean_pool,0,1,1,3.932544231414795
bert-base-multilingual-cased,zh,21,mean_pool,1,2,1,3.6896865367889404
bert-base-multilingual-cased,zh,21,mean_pool,-2,0,2,4.153099060058594
bert-base-multilingual-cased,zh,21,mean_pool,-1,1,2,4.2770676612854
bert-base-multilingual-cased,zh,21,mean_pool,0,2,2,4.069276332855225
bert-base-multilingual-cased,zh,21,mean_pool,-2,2,4,3.728046178817749
bert-base-multilingual-cased,zh,22,mean_pool,-2,-1,1,3.674442768096924
bert-base-multilingual-cased,zh,22,mean_pool,-1,0,1,4.086664199829102
bert-base-multilingual-cased,zh,22,mean_pool,0,1,1,4.65112829208374
bert-base-multilingual-cased,zh,22,mean_pool,1,2,1,3.732091188430786
bert-base-multilingual-cased,zh,22,mean_pool,-2,0,2,3.972341775894165
bert-base-multilingual-cased,zh,22,mean_pool,-1,1,2,2.418016195297241
bert-base-multilingual-cased,zh,22,mean_pool,0,2,2,3.1933188438415527
bert-base-multilingual-cased,zh,22,mean_pool,-2,2,4,3.121779680252075
bert-base-multilingual-cased,zh,23,mean_pool,-2,-1,1,3.178255558013916
bert-base-multilingual-cased,zh,23,mean_pool,-1,0,1,5.611717224121094
bert-base-multilingual-cased,zh,23,mean_pool,0,1,1,4.606831073760986
bert-base-multilingual-cased,zh,23,mean_pool,1,2,1,4.435276031494141
bert-base-multilingual-cased,zh,23,mean_pool,-2,0,2,3.791477680206299
bert-base-multilingual-cased,zh,23,mean_pool,-1,1,2,1.8380186557769775
bert-base-multilingual-cased,zh,23,mean_pool,0,2,2,2.8150181770324707
bert-base-multilingual-cased,zh,23,mean_pool,-2,2,4,3.732071876525879
bert-base-multilingual-cased,zh,24,mean_pool,-2,-1,1,5.710710048675537
bert-base-multilingual-cased,zh,24,mean_pool,-1,0,1,5.669369697570801
bert-base-multilingual-cased,zh,24,mean_pool,0,1,1,3.8993468284606934
bert-base-multilingual-cased,zh,24,mean_pool,1,2,1,3.8161661624908447
bert-base-multilingual-cased,zh,24,mean_pool,-2,0,2,3.7859950065612793
bert-base-multilingual-cased,zh,24,mean_pool,-1,1,2,5.15637731552124
bert-base-multilingual-cased,zh,24,mean_pool,0,2,2,4.048335552215576
bert-base-multilingual-cased,zh,24,mean_pool,-2,2,4,3.511904716491699
bert-base-multilingual-cased,zh,25,mean_pool,-2,-1,1,2.5919387340545654
bert-base-multilingual-cased,zh,25,mean_pool,-1,0,1,4.8676676750183105
bert-base-multilingual-cased,zh,25,mean_pool,0,1,1,5.25236177444458
bert-base-multilingual-cased,zh,25,mean_pool,1,2,1,3.752077579498291
bert-base-multilingual-cased,zh,25,mean_pool,-2,0,2,4.648225784301758
bert-base-multilingual-cased,zh,25,mean_pool,-1,1,2,2.024137020111084
bert-base-multilingual-cased,zh,25,mean_pool,0,2,2,3.7029192447662354
bert-base-multilingual-cased,zh,25,mean_pool,-2,2,4,2.937990665435791
bert-base-multilingual-cased,zh,26,mean_pool,-2,-1,1,4.039505958557129
bert-base-multilingual-cased,zh,26,mean_pool,-1,0,1,4.922788619995117
bert-base-multilingual-cased,zh,26,mean_pool,0,1,1,4.675372123718262
bert-base-multilingual-cased,zh,26,mean_pool,1,2,1,3.9631235599517822
bert-base-multilingual-cased,zh,26,mean_pool,-2,0,2,4.2041544914245605
bert-base-multilingual-cased,zh,26,mean_pool,-1,1,2,2.9524776935577393
bert-base-multilingual-cased,zh,26,mean_pool,0,2,2,4.298446178436279
bert-base-multilingual-cased,zh,26,mean_pool,-2,2,4,3.4234442710876465
bert-base-multilingual-cased,zh,27,mean_pool,-2,-1,1,6.403415203094482
bert-base-multilingual-cased,zh,27,mean_pool,-1,0,1,5.6442155838012695
bert-base-multilingual-cased,zh,27,mean_pool,0,1,1,4.023593902587891
bert-base-multilingual-cased,zh,27,mean_pool,1,2,1,4.039985179901123
bert-base-multilingual-cased,zh,27,mean_pool,-2,0,2,4.05544900894165
bert-base-multilingual-cased,zh,27,mean_pool,-1,1,2,4.615997791290283
bert-base-multilingual-cased,zh,27,mean_pool,0,2,2,3.6309938430786133
bert-base-multilingual-cased,zh,27,mean_pool,-2,2,4,4.173440456390381
bert-base-multilingual-cased,zh,28,mean_pool,-2,-1,1,3.2560722827911377
bert-base-multilingual-cased,zh,28,mean_pool,-1,0,1,4.359488487243652
bert-base-multilingual-cased,zh,28,mean_pool,0,1,1,3.814617156982422
bert-base-multilingual-cased,zh,28,mean_pool,1,2,1,3.205240488052368
bert-base-multilingual-cased,zh,28,mean_pool,-2,0,2,3.5407817363739014
bert-base-multilingual-cased,zh,28,mean_pool,-1,1,2,2.0027589797973633
bert-base-multilingual-cased,zh,28,mean_pool,0,2,2,3.104156970977783
bert-base-multilingual-cased,zh,28,mean_pool,-2,2,4,2.7141005992889404
bert-base-multilingual-cased,zh,29,mean_pool,-2,-1,1,2.9684865474700928
bert-base-multilingual-cased,zh,29,mean_pool,-1,0,1,5.736696720123291
bert-base-multilingual-cased,zh,29,mean_pool,0,1,1,5.636145114898682
bert-base-multilingual-cased,zh,29,mean_pool,1,2,1,4.030198097229004
bert-base-multilingual-cased,zh,29,mean_pool,-2,0,2,4.987313270568848
bert-base-multilingual-cased,zh,29,mean_pool,-1,1,2,2.6034138202667236
bert-base-multilingual-cased,zh,29,mean_pool,0,2,2,3.8094356060028076
bert-base-multilingual-cased,zh,29,mean_pool,-2,2,4,3.5702898502349854
bert-base-multilingual-cased,zh,30,mean_pool,-2,-1,1,6.416169166564941
bert-base-multilingual-cased,zh,30,mean_pool,-1,0,1,5.543910503387451
bert-base-multilingual-cased,zh,30,mean_pool,0,1,1,6.118607044219971
bert-base-multilingual-cased,zh,30,mean_pool,1,2,1,5.252323627471924
bert-base-multilingual-cased,zh,30,mean_pool,-2,0,2,5.816749572753906
bert-base-multilingual-cased,zh,30,mean_pool,-1,1,2,4.282591819763184
bert-base-multilingual-cased,zh,30,mean_pool,0,2,2,5.330578804016113
bert-base-multilingual-cased,zh,30,mean_pool,-2,2,4,3.97688364982605
bert-base-multilingual-cased,zh,31,mean_pool,-2,-1,1,4.4930901527404785
bert-base-multilingual-cased,zh,31,mean_pool,-1,0,1,4.545800685882568
bert-base-multilingual-cased,zh,31,mean_pool,0,1,1,3.892885208129883
bert-base-multilingual-cased,zh,31,mean_pool,1,2,1,3.1084771156311035
bert-base-multilingual-cased,zh,31,mean_pool,-2,0,2,3.466627359390259
bert-base-multilingual-cased,zh,31,mean_pool,-1,1,2,3.6603879928588867
bert-base-multilingual-cased,zh,31,mean_pool,0,2,2,3.9202191829681396
bert-base-multilingual-cased,zh,31,mean_pool,-2,2,4,2.8022067546844482
bert-base-multilingual-cased,zh,32,mean_pool,-2,-1,1,8.395206451416016
bert-base-multilingual-cased,zh,32,mean_pool,-1,0,1,8.64016056060791
bert-base-multilingual-cased,zh,32,mean_pool,0,1,1,6.770018577575684
bert-base-multilingual-cased,zh,32,mean_pool,1,2,1,5.317221641540527
bert-base-multilingual-cased,zh,32,mean_pool,-2,0,2,6.266684055328369
bert-base-multilingual-cased,zh,32,mean_pool,-1,1,2,7.13210391998291
bert-base-multilingual-cased,zh,32,mean_pool,0,2,2,5.154307842254639
bert-base-multilingual-cased,zh,32,mean_pool,-2,2,4,4.700451374053955
bert-base-multilingual-cased,zh,33,mean_pool,-2,-1,1,2.9799556732177734
bert-base-multilingual-cased,zh,33,mean_pool,-1,0,1,4.326446533203125
bert-base-multilingual-cased,zh,33,mean_pool,0,1,1,4.219480514526367
bert-base-multilingual-cased,zh,33,mean_pool,1,2,1,3.105578899383545
bert-base-multilingual-cased,zh,33,mean_pool,-2,0,2,4.374114036560059
bert-base-multilingual-cased,zh,33,mean_pool,-1,1,2,2.5152900218963623
bert-base-multilingual-cased,zh,33,mean_pool,0,2,2,3.3087754249572754
bert-base-multilingual-cased,zh,33,mean_pool,-2,2,4,3.4473981857299805
bert-base-multilingual-cased,zh,34,mean_pool,-2,-1,1,3.5392005443573
bert-base-multilingual-cased,zh,34,mean_pool,-1,0,1,3.791572093963623
bert-base-multilingual-cased,zh,34,mean_pool,0,1,1,3.8446097373962402
bert-base-multilingual-cased,zh,34,mean_pool,1,2,1,3.8684744834899902
bert-base-multilingual-cased,zh,34,mean_pool,-2,0,2,3.2698159217834473
bert-base-multilingual-cased,zh,34,mean_pool,-1,1,2,2.5961358547210693
bert-base-multilingual-cased,zh,34,mean_pool,0,2,2,3.058046579360962
bert-base-multilingual-cased,zh,34,mean_pool,-2,2,4,3.067535877227783
bert-base-multilingual-cased,zh,35,mean_pool,-2,-1,1,3.9102249145507812
bert-base-multilingual-cased,zh,35,mean_pool,-1,0,1,6.102109432220459
bert-base-multilingual-cased,zh,35,mean_pool,0,1,1,5.949621200561523
bert-base-multilingual-cased,zh,35,mean_pool,1,2,1,3.9046335220336914
bert-base-multilingual-cased,zh,35,mean_pool,-2,0,2,5.487115383148193
bert-base-multilingual-cased,zh,35,mean_pool,-1,1,2,2.9989352226257324
bert-base-multilingual-cased,zh,35,mean_pool,0,2,2,4.162220001220703
bert-base-multilingual-cased,zh,35,mean_pool,-2,2,4,3.538918972015381
bert-base-multilingual-cased,zh,36,mean_pool,-2,-1,1,4.6461639404296875
bert-base-multilingual-cased,zh,36,mean_pool,-1,0,1,5.203426361083984
bert-base-multilingual-cased,zh,36,mean_pool,0,1,1,5.190625190734863
bert-base-multilingual-cased,zh,36,mean_pool,1,2,1,4.247992515563965
bert-base-multilingual-cased,zh,36,mean_pool,-2,0,2,4.816853046417236
bert-base-multilingual-cased,zh,36,mean_pool,-1,1,2,3.4549403190612793
bert-base-multilingual-cased,zh,36,mean_pool,0,2,2,4.179926872253418
bert-base-multilingual-cased,zh,36,mean_pool,-2,2,4,3.2576651573181152
bert-base-multilingual-cased,zh,37,mean_pool,-2,-1,1,8.797133445739746
bert-base-multilingual-cased,zh,37,mean_pool,-1,0,1,6.845693588256836
bert-base-multilingual-cased,zh,37,mean_pool,0,1,1,7.053575038909912
bert-base-multilingual-cased,zh,37,mean_pool,1,2,1,6.079771518707275
bert-base-multilingual-cased,zh,37,mean_pool,-2,0,2,6.865654945373535
bert-base-multilingual-cased,zh,37,mean_pool,-1,1,2,5.622941493988037
bert-base-multilingual-cased,zh,37,mean_pool,0,2,2,6.3228936195373535
bert-base-multilingual-cased,zh,37,mean_pool,-2,2,4,3.492837429046631
bert-base-multilingual-cased,zh,38,mean_pool,-2,-1,1,2.8164162635803223
bert-base-multilingual-cased,zh,38,mean_pool,-1,0,1,3.2880423069000244
bert-base-multilingual-cased,zh,38,mean_pool,0,1,1,3.462897777557373
bert-base-multilingual-cased,zh,38,mean_pool,1,2,1,3.2828261852264404
bert-base-multilingual-cased,zh,38,mean_pool,-2,0,2,3.4426562786102295
bert-base-multilingual-cased,zh,38,mean_pool,-1,1,2,2.2944581508636475
bert-base-multilingual-cased,zh,38,mean_pool,0,2,2,3.1902568340301514
bert-base-multilingual-cased,zh,38,mean_pool,-2,2,4,2.8411641120910645
bert-base-multilingual-cased,zh,39,mean_pool,-2,-1,1,3.87200927734375
bert-base-multilingual-cased,zh,39,mean_pool,-1,0,1,3.9379336833953857
bert-base-multilingual-cased,zh,39,mean_pool,0,1,1,3.7235727310180664
bert-base-multilingual-cased,zh,39,mean_pool,1,2,1,2.9088995456695557
bert-base-multilingual-cased,zh,39,mean_pool,-2,0,2,4.332034111022949
bert-base-multilingual-cased,zh,39,mean_pool,-1,1,2,2.7604687213897705
bert-base-multilingual-cased,zh,39,mean_pool,0,2,2,3.842763900756836
bert-base-multilingual-cased,zh,39,mean_pool,-2,2,4,3.274569511413574
bert-base-multilingual-cased,zh,40,mean_pool,-2,-1,1,3.35095477104187
bert-base-multilingual-cased,zh,40,mean_pool,-1,0,1,3.2308802604675293
bert-base-multilingual-cased,zh,40,mean_pool,0,1,1,4.272706508636475
bert-base-multilingual-cased,zh,40,mean_pool,1,2,1,2.889165163040161
bert-base-multilingual-cased,zh,40,mean_pool,-2,0,2,3.851947069168091
bert-base-multilingual-cased,zh,40,mean_pool,-1,1,2,3.3443925380706787
bert-base-multilingual-cased,zh,40,mean_pool,0,2,2,3.67390513420105
bert-base-multilingual-cased,zh,40,mean_pool,-2,2,4,2.53741455078125
bert-base-multilingual-cased,zh,41,mean_pool,-2,-1,1,2.6539902687072754
bert-base-multilingual-cased,zh,41,mean_pool,-1,0,1,3.852585792541504
bert-base-multilingual-cased,zh,41,mean_pool,0,1,1,3.6386938095092773
bert-base-multilingual-cased,zh,41,mean_pool,1,2,1,3.3557331562042236
bert-base-multilingual-cased,zh,41,mean_pool,-2,0,2,3.3838977813720703
bert-base-multilingual-cased,zh,41,mean_pool,-1,1,2,1.9765615463256836
bert-base-multilingual-cased,zh,41,mean_pool,0,2,2,3.2334160804748535
bert-base-multilingual-cased,zh,41,mean_pool,-2,2,4,3.0854086875915527
bert-base-multilingual-cased,zh,42,mean_pool,-2,-1,1,4.588685035705566
bert-base-multilingual-cased,zh,42,mean_pool,-1,0,1,6.206831455230713
bert-base-multilingual-cased,zh,42,mean_pool,0,1,1,5.054522514343262
bert-base-multilingual-cased,zh,42,mean_pool,1,2,1,4.89190673828125
bert-base-multilingual-cased,zh,42,mean_pool,-2,0,2,4.3150553703308105
bert-base-multilingual-cased,zh,42,mean_pool,-1,1,2,3.1842126846313477
bert-base-multilingual-cased,zh,42,mean_pool,0,2,2,3.877919912338257
bert-base-multilingual-cased,zh,42,mean_pool,-2,2,4,4.2170586585998535
bert-base-multilingual-cased,zh,43,mean_pool,-2,-1,1,3.065786600112915
bert-base-multilingual-cased,zh,43,mean_pool,-1,0,1,3.454206943511963
bert-base-multilingual-cased,zh,43,mean_pool,0,1,1,3.745020866394043
bert-base-multilingual-cased,zh,43,mean_pool,1,2,1,3.506206512451172
bert-base-multilingual-cased,zh,43,mean_pool,-2,0,2,3.27632212638855
bert-base-multilingual-cased,zh,43,mean_pool,-1,1,2,2.349616289138794
bert-base-multilingual-cased,zh,43,mean_pool,0,2,2,3.2291805744171143
bert-base-multilingual-cased,zh,43,mean_pool,-2,2,4,2.54524827003479
bert-base-multilingual-cased,zh,44,mean_pool,-2,-1,1,4.977797508239746
bert-base-multilingual-cased,zh,44,mean_pool,-1,0,1,4.9423651695251465
bert-base-multilingual-cased,zh,44,mean_pool,0,1,1,4.298141002655029
bert-base-multilingual-cased,zh,44,mean_pool,1,2,1,4.89892053604126
bert-base-multilingual-cased,zh,44,mean_pool,-2,0,2,3.796412467956543
bert-base-multilingual-cased,zh,44,mean_pool,-1,1,2,3.977062702178955
bert-base-multilingual-cased,zh,44,mean_pool,0,2,2,3.76312255859375
bert-base-multilingual-cased,zh,44,mean_pool,-2,2,4,4.2435526847839355
bert-base-multilingual-cased,zh,45,mean_pool,-2,-1,1,5.960474967956543
bert-base-multilingual-cased,zh,45,mean_pool,-1,0,1,4.866909503936768
bert-base-multilingual-cased,zh,45,mean_pool,0,1,1,4.764432907104492
bert-base-multilingual-cased,zh,45,mean_pool,1,2,1,3.861363172531128
bert-base-multilingual-cased,zh,45,mean_pool,-2,0,2,5.297082901000977
bert-base-multilingual-cased,zh,45,mean_pool,-1,1,2,3.9692201614379883
bert-base-multilingual-cased,zh,45,mean_pool,0,2,2,4.959975242614746
bert-base-multilingual-cased,zh,45,mean_pool,-2,2,4,3.604964256286621
bert-base-multilingual-cased,zh,46,mean_pool,-2,-1,1,3.9429404735565186
bert-base-multilingual-cased,zh,46,mean_pool,-1,0,1,4.628971576690674
bert-base-multilingual-cased,zh,46,mean_pool,0,1,1,4.484098434448242
bert-base-multilingual-cased,zh,46,mean_pool,1,2,1,3.338951826095581
bert-base-multilingual-cased,zh,46,mean_pool,-2,0,2,4.473029613494873
bert-base-multilingual-cased,zh,46,mean_pool,-1,1,2,2.8739771842956543
bert-base-multilingual-cased,zh,46,mean_pool,0,2,2,3.8413801193237305
bert-base-multilingual-cased,zh,46,mean_pool,-2,2,4,3.3367390632629395
bert-base-multilingual-cased,zh,47,mean_pool,-2,-1,1,5.491635799407959
bert-base-multilingual-cased,zh,47,mean_pool,-1,0,1,4.793841361999512
bert-base-multilingual-cased,zh,47,mean_pool,0,1,1,4.771583557128906
bert-base-multilingual-cased,zh,47,mean_pool,1,2,1,4.124744415283203
bert-base-multilingual-cased,zh,47,mean_pool,-2,0,2,4.464704990386963
bert-base-multilingual-cased,zh,47,mean_pool,-1,1,2,5.576998710632324
bert-base-multilingual-cased,zh,47,mean_pool,0,2,2,3.523313283920288
bert-base-multilingual-cased,zh,47,mean_pool,-2,2,4,3.8545405864715576
bert-base-multilingual-cased,zh,48,mean_pool,-2,-1,1,3.8934953212738037
bert-base-multilingual-cased,zh,48,mean_pool,-1,0,1,3.727212905883789
bert-base-multilingual-cased,zh,48,mean_pool,0,1,1,3.496363639831543
bert-base-multilingual-cased,zh,48,mean_pool,1,2,1,2.417825698852539
bert-base-multilingual-cased,zh,48,mean_pool,-2,0,2,4.057943820953369
bert-base-multilingual-cased,zh,48,mean_pool,-1,1,2,2.9909026622772217
bert-base-multilingual-cased,zh,48,mean_pool,0,2,2,3.303028106689453
bert-base-multilingual-cased,zh,48,mean_pool,-2,2,4,2.8312337398529053
bert-base-multilingual-cased,zh,49,mean_pool,-2,-1,1,5.813529014587402
bert-base-multilingual-cased,zh,49,mean_pool,-1,0,1,6.110774993896484
bert-base-multilingual-cased,zh,49,mean_pool,0,1,1,5.785787582397461
bert-base-multilingual-cased,zh,49,mean_pool,1,2,1,5.485719680786133
bert-base-multilingual-cased,zh,49,mean_pool,-2,0,2,5.5358734130859375
bert-base-multilingual-cased,zh,49,mean_pool,-1,1,2,4.3867011070251465
bert-base-multilingual-cased,zh,49,mean_pool,0,2,2,5.138814449310303
bert-base-multilingual-cased,zh,49,mean_pool,-2,2,4,4.18859338760376
bert-base-multilingual-cased,zh,50,mean_pool,-2,-1,1,3.481576681137085
bert-base-multilingual-cased,zh,50,mean_pool,-1,0,1,4.697210788726807
bert-base-multilingual-cased,zh,50,mean_pool,0,1,1,5.236810207366943
bert-base-multilingual-cased,zh,50,mean_pool,1,2,1,4.301239967346191
bert-base-multilingual-cased,zh,50,mean_pool,-2,0,2,4.110372066497803
bert-base-multilingual-cased,zh,50,mean_pool,-1,1,2,2.5270230770111084
bert-base-multilingual-cased,zh,50,mean_pool,0,2,2,3.122865676879883
bert-base-multilingual-cased,zh,50,mean_pool,-2,2,4,3.168764352798462
bert-base-multilingual-cased,zh,51,mean_pool,-2,-1,1,3.7347099781036377
bert-base-multilingual-cased,zh,51,mean_pool,-1,0,1,5.288930892944336
bert-base-multilingual-cased,zh,51,mean_pool,0,1,1,5.044159412384033
bert-base-multilingual-cased,zh,51,mean_pool,1,2,1,3.5798773765563965
bert-base-multilingual-cased,zh,51,mean_pool,-2,0,2,4.916070938110352
bert-base-multilingual-cased,zh,51,mean_pool,-1,1,2,2.8427789211273193
bert-base-multilingual-cased,zh,51,mean_pool,0,2,2,3.529202699661255
bert-base-multilingual-cased,zh,51,mean_pool,-2,2,4,3.4329755306243896
bert-base-multilingual-cased,zh,52,mean_pool,-2,-1,1,4.149835586547852
bert-base-multilingual-cased,zh,52,mean_pool,-1,0,1,6.062624454498291
bert-base-multilingual-cased,zh,52,mean_pool,0,1,1,5.7451324462890625
bert-base-multilingual-cased,zh,52,mean_pool,1,2,1,4.045302391052246
bert-base-multilingual-cased,zh,52,mean_pool,-2,0,2,4.814767837524414
bert-base-multilingual-cased,zh,52,mean_pool,-1,1,2,2.857468605041504
bert-base-multilingual-cased,zh,52,mean_pool,0,2,2,3.4758315086364746
bert-base-multilingual-cased,zh,52,mean_pool,-2,2,4,3.151319742202759
bert-base-multilingual-cased,zh,53,mean_pool,-2,-1,1,3.879525661468506
bert-base-multilingual-cased,zh,53,mean_pool,-1,0,1,4.5286736488342285
bert-base-multilingual-cased,zh,53,mean_pool,0,1,1,4.117361068725586
bert-base-multilingual-cased,zh,53,mean_pool,1,2,1,3.1284849643707275
bert-base-multilingual-cased,zh,53,mean_pool,-2,0,2,4.2490997314453125
bert-base-multilingual-cased,zh,53,mean_pool,-1,1,2,2.552382230758667
bert-base-multilingual-cased,zh,53,mean_pool,0,2,2,3.799053430557251
bert-base-multilingual-cased,zh,53,mean_pool,-2,2,4,3.1781349182128906
bert-base-multilingual-cased,zh,54,mean_pool,-2,-1,1,3.96836256980896
bert-base-multilingual-cased,zh,54,mean_pool,-1,0,1,4.65899658203125
bert-base-multilingual-cased,zh,54,mean_pool,0,1,1,4.52191162109375
bert-base-multilingual-cased,zh,54,mean_pool,1,2,1,2.7379069328308105
bert-base-multilingual-cased,zh,54,mean_pool,-2,0,2,4.366997241973877
bert-base-multilingual-cased,zh,54,mean_pool,-1,1,2,2.703064441680908
bert-base-multilingual-cased,zh,54,mean_pool,0,2,2,3.875119209289551
bert-base-multilingual-cased,zh,54,mean_pool,-2,2,4,2.5787198543548584
bert-base-multilingual-cased,zh,55,mean_pool,-2,-1,1,3.918952703475952
bert-base-multilingual-cased,zh,55,mean_pool,-1,0,1,4.214364051818848
bert-base-multilingual-cased,zh,55,mean_pool,0,1,1,3.8298232555389404
bert-base-multilingual-cased,zh,55,mean_pool,1,2,1,3.4893269538879395
bert-base-multilingual-cased,zh,55,mean_pool,-2,0,2,3.603253126144409
bert-base-multilingual-cased,zh,55,mean_pool,-1,1,2,2.3536972999572754
bert-base-multilingual-cased,zh,55,mean_pool,0,2,2,3.3789820671081543
bert-base-multilingual-cased,zh,55,mean_pool,-2,2,4,3.4863944053649902
bert-base-multilingual-cased,zh,56,mean_pool,-2,-1,1,2.774430274963379
bert-base-multilingual-cased,zh,56,mean_pool,-1,0,1,3.907618522644043
bert-base-multilingual-cased,zh,56,mean_pool,0,1,1,4.3649797439575195
bert-base-multilingual-cased,zh,56,mean_pool,1,2,1,3.264382839202881
bert-base-multilingual-cased,zh,56,mean_pool,-2,0,2,3.934813976287842
bert-base-multilingual-cased,zh,56,mean_pool,-1,1,2,1.9986354112625122
bert-base-multilingual-cased,zh,56,mean_pool,0,2,2,3.7671399116516113
bert-base-multilingual-cased,zh,56,mean_pool,-2,2,4,2.414968490600586
bert-base-multilingual-cased,zh,57,mean_pool,-2,-1,1,4.416515827178955
bert-base-multilingual-cased,zh,57,mean_pool,-1,0,1,5.704379558563232
bert-base-multilingual-cased,zh,57,mean_pool,0,1,1,5.308131217956543
bert-base-multilingual-cased,zh,57,mean_pool,1,2,1,3.8028128147125244
bert-base-multilingual-cased,zh,57,mean_pool,-2,0,2,4.673011302947998
bert-base-multilingual-cased,zh,57,mean_pool,-1,1,2,2.510965585708618
bert-base-multilingual-cased,zh,57,mean_pool,0,2,2,4.672892093658447
bert-base-multilingual-cased,zh,57,mean_pool,-2,2,4,3.0782577991485596
bert-base-multilingual-cased,zh,58,mean_pool,-2,-1,1,6.227384090423584
bert-base-multilingual-cased,zh,58,mean_pool,-1,0,1,6.490149974822998
bert-base-multilingual-cased,zh,58,mean_pool,0,1,1,6.103919982910156
bert-base-multilingual-cased,zh,58,mean_pool,1,2,1,5.526612281799316
bert-base-multilingual-cased,zh,58,mean_pool,-2,0,2,5.743317604064941
bert-base-multilingual-cased,zh,58,mean_pool,-1,1,2,4.768984317779541
bert-base-multilingual-cased,zh,58,mean_pool,0,2,2,5.993617057800293
bert-base-multilingual-cased,zh,58,mean_pool,-2,2,4,4.503021240234375
bert-base-multilingual-cased,zh,59,mean_pool,-2,-1,1,4.032048225402832
bert-base-multilingual-cased,zh,59,mean_pool,-1,0,1,5.860764026641846
bert-base-multilingual-cased,zh,59,mean_pool,0,1,1,5.373844146728516
bert-base-multilingual-cased,zh,59,mean_pool,1,2,1,4.663007736206055
bert-base-multilingual-cased,zh,59,mean_pool,-2,0,2,5.129979610443115
bert-base-multilingual-cased,zh,59,mean_pool,-1,1,2,3.0967648029327393
bert-base-multilingual-cased,zh,59,mean_pool,0,2,2,3.6384520530700684
bert-base-multilingual-cased,zh,59,mean_pool,-2,2,4,4.566934585571289
bert-base-multilingual-cased,zh,60,mean_pool,-2,-1,1,3.715968370437622
bert-base-multilingual-cased,zh,60,mean_pool,-1,0,1,3.907799482345581
bert-base-multilingual-cased,zh,60,mean_pool,0,1,1,3.6641180515289307
bert-base-multilingual-cased,zh,60,mean_pool,1,2,1,3.473653793334961
bert-base-multilingual-cased,zh,60,mean_pool,-2,0,2,3.331132650375366
bert-base-multilingual-cased,zh,60,mean_pool,-1,1,2,2.149878740310669
bert-base-multilingual-cased,zh,60,mean_pool,0,2,2,3.062995672225952
bert-base-multilingual-cased,zh,60,mean_pool,-2,2,4,2.7780609130859375
bert-base-multilingual-cased,zh,61,mean_pool,-2,-1,1,3.7355260848999023
bert-base-multilingual-cased,zh,61,mean_pool,-1,0,1,6.096126556396484
bert-base-multilingual-cased,zh,61,mean_pool,0,1,1,5.507324695587158
bert-base-multilingual-cased,zh,61,mean_pool,1,2,1,4.370751857757568
bert-base-multilingual-cased,zh,61,mean_pool,-2,0,2,4.980530261993408
bert-base-multilingual-cased,zh,61,mean_pool,-1,1,2,2.2331385612487793
bert-base-multilingual-cased,zh,61,mean_pool,0,2,2,3.833205223083496
bert-base-multilingual-cased,zh,61,mean_pool,-2,2,4,3.999570608139038
bert-base-multilingual-cased,zh,62,mean_pool,-2,-1,1,6.997814655303955
bert-base-multilingual-cased,zh,62,mean_pool,-1,0,1,6.836826324462891
bert-base-multilingual-cased,zh,62,mean_pool,0,1,1,6.712285995483398
bert-base-multilingual-cased,zh,62,mean_pool,1,2,1,5.479722023010254
bert-base-multilingual-cased,zh,62,mean_pool,-2,0,2,6.010879039764404
bert-base-multilingual-cased,zh,62,mean_pool,-1,1,2,4.836606979370117
bert-base-multilingual-cased,zh,62,mean_pool,0,2,2,5.839517593383789
bert-base-multilingual-cased,zh,62,mean_pool,-2,2,4,3.818308115005493
bert-base-multilingual-cased,zh,63,mean_pool,-2,-1,1,3.427811622619629
bert-base-multilingual-cased,zh,63,mean_pool,-1,0,1,4.267284870147705
bert-base-multilingual-cased,zh,63,mean_pool,0,1,1,4.328908443450928
bert-base-multilingual-cased,zh,63,mean_pool,1,2,1,3.8884613513946533
bert-base-multilingual-cased,zh,63,mean_pool,-2,0,2,3.901625156402588
bert-base-multilingual-cased,zh,63,mean_pool,-1,1,2,2.5105817317962646
bert-base-multilingual-cased,zh,63,mean_pool,0,2,2,3.4780828952789307
bert-base-multilingual-cased,zh,63,mean_pool,-2,2,4,3.114793300628662
bert-base-multilingual-cased,zh,64,mean_pool,-2,-1,1,3.1053895950317383
bert-base-multilingual-cased,zh,64,mean_pool,-1,0,1,3.76849365234375
bert-base-multilingual-cased,zh,64,mean_pool,0,1,1,4.221846103668213
bert-base-multilingual-cased,zh,64,mean_pool,1,2,1,2.673861503601074
bert-base-multilingual-cased,zh,64,mean_pool,-2,0,2,4.222158432006836
bert-base-multilingual-cased,zh,64,mean_pool,-1,1,2,2.529609441757202
bert-base-multilingual-cased,zh,64,mean_pool,0,2,2,3.743464946746826
bert-base-multilingual-cased,zh,64,mean_pool,-2,2,4,3.004197359085083
bert-base-multilingual-cased,zh,65,mean_pool,-2,-1,1,2.937751293182373
bert-base-multilingual-cased,zh,65,mean_pool,-1,0,1,3.857990026473999
bert-base-multilingual-cased,zh,65,mean_pool,0,1,1,4.188157081604004
bert-base-multilingual-cased,zh,65,mean_pool,1,2,1,3.615126132965088
bert-base-multilingual-cased,zh,65,mean_pool,-2,0,2,3.546311140060425
bert-base-multilingual-cased,zh,65,mean_pool,-1,1,2,2.5649523735046387
bert-base-multilingual-cased,zh,65,mean_pool,0,2,2,3.276259422302246
bert-base-multilingual-cased,zh,65,mean_pool,-2,2,4,2.81339430809021
bert-base-multilingual-cased,zh,66,mean_pool,-2,-1,1,3.4272751808166504
bert-base-multilingual-cased,zh,66,mean_pool,-1,0,1,4.771972179412842
bert-base-multilingual-cased,zh,66,mean_pool,0,1,1,5.051294326782227
bert-base-multilingual-cased,zh,66,mean_pool,1,2,1,4.536823272705078
bert-base-multilingual-cased,zh,66,mean_pool,-2,0,2,3.975750207901001
bert-base-multilingual-cased,zh,66,mean_pool,-1,1,2,2.410919666290283
bert-base-multilingual-cased,zh,66,mean_pool,0,2,2,3.3545594215393066
bert-base-multilingual-cased,zh,66,mean_pool,-2,2,4,3.120619058609009
bert-base-multilingual-cased,zh,67,mean_pool,-2,-1,1,4.59075403213501
bert-base-multilingual-cased,zh,67,mean_pool,-1,0,1,4.1300458908081055
bert-base-multilingual-cased,zh,67,mean_pool,0,1,1,4.420539855957031
bert-base-multilingual-cased,zh,67,mean_pool,1,2,1,3.84653639793396
bert-base-multilingual-cased,zh,67,mean_pool,-2,0,2,4.810775279998779
bert-base-multilingual-cased,zh,67,mean_pool,-1,1,2,3.4123880863189697
bert-base-multilingual-cased,zh,67,mean_pool,0,2,2,5.553382396697998
bert-base-multilingual-cased,zh,67,mean_pool,-2,2,4,3.5107717514038086
bert-base-multilingual-cased,zh,68,mean_pool,-2,-1,1,3.274106979370117
bert-base-multilingual-cased,zh,68,mean_pool,-1,0,1,3.285215139389038
bert-base-multilingual-cased,zh,68,mean_pool,0,1,1,3.238699436187744
bert-base-multilingual-cased,zh,68,mean_pool,1,2,1,2.820211887359619
bert-base-multilingual-cased,zh,68,mean_pool,-2,0,2,3.153043746948242
bert-base-multilingual-cased,zh,68,mean_pool,-1,1,2,2.7248237133026123
bert-base-multilingual-cased,zh,68,mean_pool,0,2,2,3.0224955081939697
bert-base-multilingual-cased,zh,68,mean_pool,-2,2,4,2.791414976119995
bert-base-multilingual-cased,zh,69,mean_pool,-2,-1,1,10.025689125061035
bert-base-multilingual-cased,zh,69,mean_pool,-1,0,1,5.626862049102783
bert-base-multilingual-cased,zh,69,mean_pool,0,1,1,6.459153175354004
bert-base-multilingual-cased,zh,69,mean_pool,1,2,1,4.143474102020264
bert-base-multilingual-cased,zh,69,mean_pool,-2,0,2,7.760899543762207
bert-base-multilingual-cased,zh,69,mean_pool,-1,1,2,7.895805835723877
bert-base-multilingual-cased,zh,69,mean_pool,0,2,2,7.342051029205322
bert-base-multilingual-cased,zh,69,mean_pool,-2,2,4,3.8644649982452393
bert-base-multilingual-cased,zh,70,mean_pool,-2,-1,1,5.180398464202881
bert-base-multilingual-cased,zh,70,mean_pool,-1,0,1,4.835408687591553
bert-base-multilingual-cased,zh,70,mean_pool,0,1,1,4.787975311279297
bert-base-multilingual-cased,zh,70,mean_pool,1,2,1,3.8925058841705322
bert-base-multilingual-cased,zh,70,mean_pool,-2,0,2,5.2201714515686035
bert-base-multilingual-cased,zh,70,mean_pool,-1,1,2,4.343953609466553
bert-base-multilingual-cased,zh,70,mean_pool,0,2,2,4.158273220062256
bert-base-multilingual-cased,zh,70,mean_pool,-2,2,4,4.270439624786377
bert-base-multilingual-cased,zh,71,mean_pool,-2,-1,1,5.9037675857543945
bert-base-multilingual-cased,zh,71,mean_pool,-1,0,1,7.4202494621276855
bert-base-multilingual-cased,zh,71,mean_pool,0,1,1,6.832865238189697
bert-base-multilingual-cased,zh,71,mean_pool,1,2,1,5.797704696655273
bert-base-multilingual-cased,zh,71,mean_pool,-2,0,2,5.531943321228027
bert-base-multilingual-cased,zh,71,mean_pool,-1,1,2,4.619168281555176
bert-base-multilingual-cased,zh,71,mean_pool,0,2,2,4.644318580627441
bert-base-multilingual-cased,zh,71,mean_pool,-2,2,4,4.054192066192627
bert-base-multilingual-cased,zh,72,mean_pool,-2,-1,1,3.5948309898376465
bert-base-multilingual-cased,zh,72,mean_pool,-1,0,1,6.875972747802734
bert-base-multilingual-cased,zh,72,mean_pool,0,1,1,6.481751441955566
bert-base-multilingual-cased,zh,72,mean_pool,1,2,1,4.443709850311279
bert-base-multilingual-cased,zh,72,mean_pool,-2,0,2,5.281782150268555
bert-base-multilingual-cased,zh,72,mean_pool,-1,1,2,2.236018180847168
bert-base-multilingual-cased,zh,72,mean_pool,0,2,2,3.9536728858947754
bert-base-multilingual-cased,zh,72,mean_pool,-2,2,4,3.60650897026062
bert-base-multilingual-cased,zh,73,mean_pool,-2,-1,1,3.425868272781372
bert-base-multilingual-cased,zh,73,mean_pool,-1,0,1,4.009236812591553
bert-base-multilingual-cased,zh,73,mean_pool,0,1,1,3.5480854511260986
bert-base-multilingual-cased,zh,73,mean_pool,1,2,1,3.2393722534179688
bert-base-multilingual-cased,zh,73,mean_pool,-2,0,2,3.2362945079803467
bert-base-multilingual-cased,zh,73,mean_pool,-1,1,2,2.506432056427002
bert-base-multilingual-cased,zh,73,mean_pool,0,2,2,3.2870802879333496
bert-base-multilingual-cased,zh,73,mean_pool,-2,2,4,2.657651662826538
bert-base-multilingual-cased,zh,74,mean_pool,-2,-1,1,4.248170852661133
bert-base-multilingual-cased,zh,74,mean_pool,-1,0,1,5.550071716308594
bert-base-multilingual-cased,zh,74,mean_pool,0,1,1,5.912084102630615
bert-base-multilingual-cased,zh,74,mean_pool,1,2,1,5.133264541625977
bert-base-multilingual-cased,zh,74,mean_pool,-2,0,2,5.026116847991943
bert-base-multilingual-cased,zh,74,mean_pool,-1,1,2,2.7366111278533936
bert-base-multilingual-cased,zh,74,mean_pool,0,2,2,3.560525417327881
bert-base-multilingual-cased,zh,74,mean_pool,-2,2,4,3.6263084411621094
bert-base-multilingual-cased,zh,75,mean_pool,-2,-1,1,2.988554000854492
bert-base-multilingual-cased,zh,75,mean_pool,-1,0,1,4.464795112609863
bert-base-multilingual-cased,zh,75,mean_pool,0,1,1,4.664007186889648
bert-base-multilingual-cased,zh,75,mean_pool,1,2,1,3.8379454612731934
bert-base-multilingual-cased,zh,75,mean_pool,-2,0,2,4.32395601272583
bert-base-multilingual-cased,zh,75,mean_pool,-1,1,2,2.466525077819824
bert-base-multilingual-cased,zh,75,mean_pool,0,2,2,3.4632081985473633
bert-base-multilingual-cased,zh,75,mean_pool,-2,2,4,3.1303532123565674
bert-base-multilingual-cased,zh,76,mean_pool,-2,-1,1,3.8498740196228027
bert-base-multilingual-cased,zh,76,mean_pool,-1,0,1,4.9269185066223145
bert-base-multilingual-cased,zh,76,mean_pool,0,1,1,4.2187066078186035
bert-base-multilingual-cased,zh,76,mean_pool,1,2,1,2.7815909385681152
bert-base-multilingual-cased,zh,76,mean_pool,-2,0,2,5.134130477905273
bert-base-multilingual-cased,zh,76,mean_pool,-1,1,2,3.2665655612945557
bert-base-multilingual-cased,zh,76,mean_pool,0,2,2,3.6758065223693848
bert-base-multilingual-cased,zh,76,mean_pool,-2,2,4,3.882270336151123
bert-base-multilingual-cased,zh,77,mean_pool,-2,-1,1,4.99674654006958
bert-base-multilingual-cased,zh,77,mean_pool,-1,0,1,5.09400749206543
bert-base-multilingual-cased,zh,77,mean_pool,0,1,1,4.333045482635498
bert-base-multilingual-cased,zh,77,mean_pool,1,2,1,3.618032693862915
bert-base-multilingual-cased,zh,77,mean_pool,-2,0,2,3.956247329711914
bert-base-multilingual-cased,zh,77,mean_pool,-1,1,2,4.077456951141357
bert-base-multilingual-cased,zh,77,mean_pool,0,2,2,3.781888723373413
bert-base-multilingual-cased,zh,77,mean_pool,-2,2,4,3.334406614303589
bert-base-multilingual-cased,zh,78,mean_pool,-2,-1,1,3.5998992919921875
bert-base-multilingual-cased,zh,78,mean_pool,-1,0,1,4.127287864685059
bert-base-multilingual-cased,zh,78,mean_pool,0,1,1,3.705103635787964
bert-base-multilingual-cased,zh,78,mean_pool,1,2,1,3.252460241317749
bert-base-multilingual-cased,zh,78,mean_pool,-2,0,2,3.6339428424835205
bert-base-multilingual-cased,zh,78,mean_pool,-1,1,2,2.201616048812866
bert-base-multilingual-cased,zh,78,mean_pool,0,2,2,3.4916818141937256
bert-base-multilingual-cased,zh,78,mean_pool,-2,2,4,3.446167230606079
bert-base-multilingual-cased,zh,79,mean_pool,-2,-1,1,8.323002815246582
bert-base-multilingual-cased,zh,79,mean_pool,-1,0,1,6.507237911224365
bert-base-multilingual-cased,zh,79,mean_pool,0,1,1,5.4158501625061035
bert-base-multilingual-cased,zh,79,mean_pool,1,2,1,4.223903179168701
bert-base-multilingual-cased,zh,79,mean_pool,-2,0,2,5.874948024749756
bert-base-multilingual-cased,zh,79,mean_pool,-1,1,2,6.920755863189697
bert-base-multilingual-cased,zh,79,mean_pool,0,2,2,6.036123752593994
bert-base-multilingual-cased,zh,79,mean_pool,-2,2,4,3.9250519275665283
bert-base-multilingual-cased,zh,80,mean_pool,-2,-1,1,3.3108303546905518
bert-base-multilingual-cased,zh,80,mean_pool,-1,0,1,4.515585899353027
bert-base-multilingual-cased,zh,80,mean_pool,0,1,1,4.501983642578125
bert-base-multilingual-cased,zh,80,mean_pool,1,2,1,3.222292423248291
bert-base-multilingual-cased,zh,80,mean_pool,-2,0,2,4.206064224243164
bert-base-multilingual-cased,zh,80,mean_pool,-1,1,2,2.4972832202911377
bert-base-multilingual-cased,zh,80,mean_pool,0,2,2,4.84853982925415
bert-base-multilingual-cased,zh,80,mean_pool,-2,2,4,2.9339964389801025
bert-base-multilingual-cased,zh,81,mean_pool,-2,-1,1,8.27618408203125
bert-base-multilingual-cased,zh,81,mean_pool,-1,0,1,7.676338195800781
bert-base-multilingual-cased,zh,81,mean_pool,0,1,1,4.660555839538574
bert-base-multilingual-cased,zh,81,mean_pool,1,2,1,4.938486576080322
bert-base-multilingual-cased,zh,81,mean_pool,-2,0,2,5.07099723815918
bert-base-multilingual-cased,zh,81,mean_pool,-1,1,2,6.94829797744751
bert-base-multilingual-cased,zh,81,mean_pool,0,2,2,5.4184722900390625
bert-base-multilingual-cased,zh,81,mean_pool,-2,2,4,4.410902500152588
bert-base-multilingual-cased,zh,82,mean_pool,-2,-1,1,3.566938638687134
bert-base-multilingual-cased,zh,82,mean_pool,-1,0,1,5.588996887207031
bert-base-multilingual-cased,zh,82,mean_pool,0,1,1,5.569830894470215
bert-base-multilingual-cased,zh,82,mean_pool,1,2,1,3.7675344944000244
bert-base-multilingual-cased,zh,82,mean_pool,-2,0,2,4.770008087158203
bert-base-multilingual-cased,zh,82,mean_pool,-1,1,2,2.6367156505584717
bert-base-multilingual-cased,zh,82,mean_pool,0,2,2,3.5652430057525635
bert-base-multilingual-cased,zh,82,mean_pool,-2,2,4,3.3249497413635254
bert-base-multilingual-cased,zh,83,mean_pool,-2,-1,1,3.794278621673584
bert-base-multilingual-cased,zh,83,mean_pool,-1,0,1,4.1991190910339355
bert-base-multilingual-cased,zh,83,mean_pool,0,1,1,4.50921630859375
bert-base-multilingual-cased,zh,83,mean_pool,1,2,1,3.662919044494629
bert-base-multilingual-cased,zh,83,mean_pool,-2,0,2,4.155593395233154
bert-base-multilingual-cased,zh,83,mean_pool,-1,1,2,2.430858612060547
bert-base-multilingual-cased,zh,83,mean_pool,0,2,2,3.619502067565918
bert-base-multilingual-cased,zh,83,mean_pool,-2,2,4,3.2090306282043457
bert-base-multilingual-cased,zh,84,mean_pool,-2,-1,1,3.669304609298706
bert-base-multilingual-cased,zh,84,mean_pool,-1,0,1,3.294020652770996
bert-base-multilingual-cased,zh,84,mean_pool,0,1,1,4.204801559448242
bert-base-multilingual-cased,zh,84,mean_pool,1,2,1,3.10609769821167
bert-base-multilingual-cased,zh,84,mean_pool,-2,0,2,4.035289764404297
bert-base-multilingual-cased,zh,84,mean_pool,-1,1,2,3.5172173976898193
bert-base-multilingual-cased,zh,84,mean_pool,0,2,2,3.567220449447632
bert-base-multilingual-cased,zh,84,mean_pool,-2,2,4,2.80328106880188
bert-base-multilingual-cased,zh,85,mean_pool,-2,-1,1,2.9342358112335205
bert-base-multilingual-cased,zh,85,mean_pool,-1,0,1,5.011594295501709
bert-base-multilingual-cased,zh,85,mean_pool,0,1,1,5.034851551055908
bert-base-multilingual-cased,zh,85,mean_pool,1,2,1,4.110658168792725
bert-base-multilingual-cased,zh,85,mean_pool,-2,0,2,4.608056545257568
bert-base-multilingual-cased,zh,85,mean_pool,-1,1,2,2.3007988929748535
bert-base-multilingual-cased,zh,85,mean_pool,0,2,2,3.352665901184082
bert-base-multilingual-cased,zh,85,mean_pool,-2,2,4,3.763780355453491
bert-base-multilingual-cased,zh,86,mean_pool,-2,-1,1,7.1382317543029785
bert-base-multilingual-cased,zh,86,mean_pool,-1,0,1,5.99560546875
bert-base-multilingual-cased,zh,86,mean_pool,0,1,1,4.328649520874023
bert-base-multilingual-cased,zh,86,mean_pool,1,2,1,4.142714023590088
bert-base-multilingual-cased,zh,86,mean_pool,-2,0,2,4.411981582641602
bert-base-multilingual-cased,zh,86,mean_pool,-1,1,2,5.52706241607666
bert-base-multilingual-cased,zh,86,mean_pool,0,2,2,4.51483678817749
bert-base-multilingual-cased,zh,86,mean_pool,-2,2,4,3.2355151176452637
bert-base-multilingual-cased,zh,87,mean_pool,-2,-1,1,4.005975246429443
bert-base-multilingual-cased,zh,87,mean_pool,-1,0,1,5.8073906898498535
bert-base-multilingual-cased,zh,87,mean_pool,0,1,1,5.283499240875244
bert-base-multilingual-cased,zh,87,mean_pool,1,2,1,3.69185209274292
bert-base-multilingual-cased,zh,87,mean_pool,-2,0,2,4.972021579742432
bert-base-multilingual-cased,zh,87,mean_pool,-1,1,2,2.9726336002349854
bert-base-multilingual-cased,zh,87,mean_pool,0,2,2,3.66460919380188
bert-base-multilingual-cased,zh,87,mean_pool,-2,2,4,3.2171149253845215
bert-base-multilingual-cased,zh,88,mean_pool,-2,-1,1,5.242233753204346
bert-base-multilingual-cased,zh,88,mean_pool,-1,0,1,6.293043613433838
bert-base-multilingual-cased,zh,88,mean_pool,0,1,1,4.722393035888672
bert-base-multilingual-cased,zh,88,mean_pool,1,2,1,4.203867435455322
bert-base-multilingual-cased,zh,88,mean_pool,-2,0,2,4.95732307434082
bert-base-multilingual-cased,zh,88,mean_pool,-1,1,2,4.6981306076049805
bert-base-multilingual-cased,zh,88,mean_pool,0,2,2,4.23604154586792
bert-base-multilingual-cased,zh,88,mean_pool,-2,2,4,4.259974479675293
bert-base-multilingual-cased,zh,89,mean_pool,-2,-1,1,3.3603901863098145
bert-base-multilingual-cased,zh,89,mean_pool,-1,0,1,4.811740875244141
bert-base-multilingual-cased,zh,89,mean_pool,0,1,1,4.5293049812316895
bert-base-multilingual-cased,zh,89,mean_pool,1,2,1,2.5860273838043213
bert-base-multilingual-cased,zh,89,mean_pool,-2,0,2,4.297116279602051
bert-base-multilingual-cased,zh,89,mean_pool,-1,1,2,2.1600887775421143
bert-base-multilingual-cased,zh,89,mean_pool,0,2,2,4.31130313873291
bert-base-multilingual-cased,zh,89,mean_pool,-2,2,4,2.8054111003875732
bert-base-multilingual-cased,zh,90,mean_pool,-2,-1,1,7.051756381988525
bert-base-multilingual-cased,zh,90,mean_pool,-1,0,1,5.3246989250183105
bert-base-multilingual-cased,zh,90,mean_pool,0,1,1,4.918661594390869
bert-base-multilingual-cased,zh,90,mean_pool,1,2,1,4.129614353179932
bert-base-multilingual-cased,zh,90,mean_pool,-2,0,2,5.282506465911865
bert-base-multilingual-cased,zh,90,mean_pool,-1,1,2,6.3563408851623535
bert-base-multilingual-cased,zh,90,mean_pool,0,2,2,5.86762809753418
bert-base-multilingual-cased,zh,90,mean_pool,-2,2,4,4.145210266113281
bert-base-multilingual-cased,zh,91,mean_pool,-2,-1,1,2.733548402786255
bert-base-multilingual-cased,zh,91,mean_pool,-1,0,1,3.9656429290771484
bert-base-multilingual-cased,zh,91,mean_pool,0,1,1,4.754306316375732
bert-base-multilingual-cased,zh,91,mean_pool,1,2,1,3.153846025466919
bert-base-multilingual-cased,zh,91,mean_pool,-2,0,2,4.356686592102051
bert-base-multilingual-cased,zh,91,mean_pool,-1,1,2,2.5505547523498535
bert-base-multilingual-cased,zh,91,mean_pool,0,2,2,4.016364574432373
bert-base-multilingual-cased,zh,91,mean_pool,-2,2,4,2.7217905521392822
bert-base-multilingual-cased,zh,92,mean_pool,-2,-1,1,6.616514205932617
bert-base-multilingual-cased,zh,92,mean_pool,-1,0,1,5.762734413146973
bert-base-multilingual-cased,zh,92,mean_pool,0,1,1,5.098846435546875
bert-base-multilingual-cased,zh,92,mean_pool,1,2,1,4.606250286102295
bert-base-multilingual-cased,zh,92,mean_pool,-2,0,2,4.952178955078125
bert-base-multilingual-cased,zh,92,mean_pool,-1,1,2,4.400540351867676
bert-base-multilingual-cased,zh,92,mean_pool,0,2,2,4.826959609985352
bert-base-multilingual-cased,zh,92,mean_pool,-2,2,4,3.284775733947754
bert-base-multilingual-cased,zh,93,mean_pool,-2,-1,1,3.38423490524292
bert-base-multilingual-cased,zh,93,mean_pool,-1,0,1,3.610734701156616
bert-base-multilingual-cased,zh,93,mean_pool,0,1,1,3.9856061935424805
bert-base-multilingual-cased,zh,93,mean_pool,1,2,1,3.4205262660980225
bert-base-multilingual-cased,zh,93,mean_pool,-2,0,2,3.648874521255493
bert-base-multilingual-cased,zh,93,mean_pool,-1,1,2,2.484997272491455
bert-base-multilingual-cased,zh,93,mean_pool,0,2,2,3.5352487564086914
bert-base-multilingual-cased,zh,93,mean_pool,-2,2,4,3.02335262298584
bert-base-multilingual-cased,zh,94,mean_pool,-2,-1,1,2.9565725326538086
bert-base-multilingual-cased,zh,94,mean_pool,-1,0,1,4.429001808166504
bert-base-multilingual-cased,zh,94,mean_pool,0,1,1,4.4959893226623535
bert-base-multilingual-cased,zh,94,mean_pool,1,2,1,3.0008091926574707
bert-base-multilingual-cased,zh,94,mean_pool,-2,0,2,4.783562183380127
bert-base-multilingual-cased,zh,94,mean_pool,-1,1,2,2.5878748893737793
bert-base-multilingual-cased,zh,94,mean_pool,0,2,2,3.90051531791687
bert-base-multilingual-cased,zh,94,mean_pool,-2,2,4,3.536623477935791
bert-base-multilingual-cased,zh,95,mean_pool,-2,-1,1,5.675812721252441
bert-base-multilingual-cased,zh,95,mean_pool,-1,0,1,5.204217910766602
bert-base-multilingual-cased,zh,95,mean_pool,0,1,1,4.495910167694092
bert-base-multilingual-cased,zh,95,mean_pool,1,2,1,5.09429931640625
bert-base-multilingual-cased,zh,95,mean_pool,-2,0,2,3.830512523651123
bert-base-multilingual-cased,zh,95,mean_pool,-1,1,2,3.6805152893066406
bert-base-multilingual-cased,zh,95,mean_pool,0,2,2,4.028016567230225
bert-base-multilingual-cased,zh,95,mean_pool,-2,2,4,3.2826168537139893
bert-base-multilingual-cased,zh,96,mean_pool,-2,-1,1,4.041610240936279
bert-base-multilingual-cased,zh,96,mean_pool,-1,0,1,5.71010160446167
bert-base-multilingual-cased,zh,96,mean_pool,0,1,1,5.316622734069824
bert-base-multilingual-cased,zh,96,mean_pool,1,2,1,3.06400465965271
bert-base-multilingual-cased,zh,96,mean_pool,-2,0,2,4.418933868408203
bert-base-multilingual-cased,zh,96,mean_pool,-1,1,2,2.4977383613586426
bert-base-multilingual-cased,zh,96,mean_pool,0,2,2,3.914216995239258
bert-base-multilingual-cased,zh,96,mean_pool,-2,2,4,2.5711989402770996
bert-base-multilingual-cased,zh,97,mean_pool,-2,-1,1,3.4919331073760986
bert-base-multilingual-cased,zh,97,mean_pool,-1,0,1,3.415252447128296
bert-base-multilingual-cased,zh,97,mean_pool,0,1,1,3.7446553707122803
bert-base-multilingual-cased,zh,97,mean_pool,1,2,1,3.351464033126831
bert-base-multilingual-cased,zh,97,mean_pool,-2,0,2,3.4202492237091064
bert-base-multilingual-cased,zh,97,mean_pool,-1,1,2,3.026968002319336
bert-base-multilingual-cased,zh,97,mean_pool,0,2,2,3.2776756286621094
bert-base-multilingual-cased,zh,97,mean_pool,-2,2,4,3.0353572368621826
bert-base-multilingual-cased,zh,98,mean_pool,-2,-1,1,3.2050530910491943
bert-base-multilingual-cased,zh,98,mean_pool,-1,0,1,4.005434513092041
bert-base-multilingual-cased,zh,98,mean_pool,0,1,1,4.2151103019714355
bert-base-multilingual-cased,zh,98,mean_pool,1,2,1,3.9789769649505615
bert-base-multilingual-cased,zh,98,mean_pool,-2,0,2,3.2085394859313965
bert-base-multilingual-cased,zh,98,mean_pool,-1,1,2,2.2512199878692627
bert-base-multilingual-cased,zh,98,mean_pool,0,2,2,2.5965592861175537
bert-base-multilingual-cased,zh,98,mean_pool,-2,2,4,2.9363648891448975
bert-base-multilingual-cased,zh,99,mean_pool,-2,-1,1,3.900850534439087
bert-base-multilingual-cased,zh,99,mean_pool,-1,0,1,4.380620956420898
bert-base-multilingual-cased,zh,99,mean_pool,0,1,1,3.668609380722046
bert-base-multilingual-cased,zh,99,mean_pool,1,2,1,3.737644910812378
bert-base-multilingual-cased,zh,99,mean_pool,-2,0,2,3.4151804447174072
bert-base-multilingual-cased,zh,99,mean_pool,-1,1,2,2.7959201335906982
bert-base-multilingual-cased,zh,99,mean_pool,0,2,2,3.8584442138671875
bert-base-multilingual-cased,zh,99,mean_pool,-2,2,4,3.0367798805236816
bert-base-multilingual-cased,zh,100,mean_pool,-2,-1,1,4.428738594055176
bert-base-multilingual-cased,zh,100,mean_pool,-1,0,1,5.869851112365723
bert-base-multilingual-cased,zh,100,mean_pool,0,1,1,6.126953601837158
bert-base-multilingual-cased,zh,100,mean_pool,1,2,1,4.3960347175598145
bert-base-multilingual-cased,zh,100,mean_pool,-2,0,2,4.915606498718262
bert-base-multilingual-cased,zh,100,mean_pool,-1,1,2,2.7744016647338867
bert-base-multilingual-cased,zh,100,mean_pool,0,2,2,4.078493595123291
bert-base-multilingual-cased,zh,100,mean_pool,-2,2,4,2.9918811321258545
bert-base-multilingual-cased,zh,101,mean_pool,-2,-1,1,3.9725983142852783
bert-base-multilingual-cased,zh,101,mean_pool,-1,0,1,5.906432628631592
bert-base-multilingual-cased,zh,101,mean_pool,0,1,1,5.52313232421875
bert-base-multilingual-cased,zh,101,mean_pool,1,2,1,5.18503999710083
bert-base-multilingual-cased,zh,101,mean_pool,-2,0,2,5.0940937995910645
bert-base-multilingual-cased,zh,101,mean_pool,-1,1,2,2.5397121906280518
bert-base-multilingual-cased,zh,101,mean_pool,0,2,2,3.792405605316162
bert-base-multilingual-cased,zh,101,mean_pool,-2,2,4,4.4524827003479
bert-base-multilingual-cased,zh,102,mean_pool,-2,-1,1,7.07058048248291
bert-base-multilingual-cased,zh,102,mean_pool,-1,0,1,5.140162944793701
bert-base-multilingual-cased,zh,102,mean_pool,0,1,1,4.751242637634277
bert-base-multilingual-cased,zh,102,mean_pool,1,2,1,3.234072208404541
bert-base-multilingual-cased,zh,102,mean_pool,-2,0,2,5.464134693145752
bert-base-multilingual-cased,zh,102,mean_pool,-1,1,2,6.090793132781982
bert-base-multilingual-cased,zh,102,mean_pool,0,2,2,5.569168567657471
bert-base-multilingual-cased,zh,102,mean_pool,-2,2,4,3.2832722663879395
bert-base-multilingual-cased,zh,103,mean_pool,-2,-1,1,6.590961933135986
bert-base-multilingual-cased,zh,103,mean_pool,-1,0,1,6.573504447937012
bert-base-multilingual-cased,zh,103,mean_pool,0,1,1,4.743716239929199
bert-base-multilingual-cased,zh,103,mean_pool,1,2,1,4.461860656738281
bert-base-multilingual-cased,zh,103,mean_pool,-2,0,2,4.084632873535156
bert-base-multilingual-cased,zh,103,mean_pool,-1,1,2,4.141679286956787
bert-base-multilingual-cased,zh,103,mean_pool,0,2,2,4.5303168296813965
bert-base-multilingual-cased,zh,103,mean_pool,-2,2,4,4.62783670425415
bert-base-multilingual-cased,zh,104,mean_pool,-2,-1,1,3.4268171787261963
bert-base-multilingual-cased,zh,104,mean_pool,-1,0,1,4.331716537475586
bert-base-multilingual-cased,zh,104,mean_pool,0,1,1,4.045629024505615
bert-base-multilingual-cased,zh,104,mean_pool,1,2,1,3.3989381790161133
bert-base-multilingual-cased,zh,104,mean_pool,-2,0,2,3.8488707542419434
bert-base-multilingual-cased,zh,104,mean_pool,-1,1,2,2.609419584274292
bert-base-multilingual-cased,zh,104,mean_pool,0,2,2,3.4003498554229736
bert-base-multilingual-cased,zh,104,mean_pool,-2,2,4,2.8923726081848145
bert-base-multilingual-cased,zh,105,mean_pool,-2,-1,1,3.254101514816284
bert-base-multilingual-cased,zh,105,mean_pool,-1,0,1,6.06108283996582
bert-base-multilingual-cased,zh,105,mean_pool,0,1,1,4.983005523681641
bert-base-multilingual-cased,zh,105,mean_pool,1,2,1,4.165386199951172
bert-base-multilingual-cased,zh,105,mean_pool,-2,0,2,4.136221408843994
bert-base-multilingual-cased,zh,105,mean_pool,-1,1,2,1.8206307888031006
bert-base-multilingual-cased,zh,105,mean_pool,0,2,2,3.117555856704712
bert-base-multilingual-cased,zh,105,mean_pool,-2,2,4,3.504045248031616
bert-base-multilingual-cased,zh,106,mean_pool,-2,-1,1,5.101473331451416
bert-base-multilingual-cased,zh,106,mean_pool,-1,0,1,4.731726169586182
bert-base-multilingual-cased,zh,106,mean_pool,0,1,1,4.577903747558594
bert-base-multilingual-cased,zh,106,mean_pool,1,2,1,3.490200996398926
bert-base-multilingual-cased,zh,106,mean_pool,-2,0,2,4.4772257804870605
bert-base-multilingual-cased,zh,106,mean_pool,-1,1,2,4.42379903793335
bert-base-multilingual-cased,zh,106,mean_pool,0,2,2,4.660830020904541
bert-base-multilingual-cased,zh,106,mean_pool,-2,2,4,3.4968557357788086
bert-base-multilingual-cased,zh,107,mean_pool,-2,-1,1,3.1266496181488037
bert-base-multilingual-cased,zh,107,mean_pool,-1,0,1,3.863492488861084
bert-base-multilingual-cased,zh,107,mean_pool,0,1,1,4.005834579467773
bert-base-multilingual-cased,zh,107,mean_pool,1,2,1,3.584569215774536
bert-base-multilingual-cased,zh,107,mean_pool,-2,0,2,3.6615004539489746
bert-base-multilingual-cased,zh,107,mean_pool,-1,1,2,2.565138578414917
bert-base-multilingual-cased,zh,107,mean_pool,0,2,2,3.293670654296875
bert-base-multilingual-cased,zh,107,mean_pool,-2,2,4,3.060298442840576
bert-base-multilingual-cased,zh,108,mean_pool,-2,-1,1,4.227177619934082
bert-base-multilingual-cased,zh,108,mean_pool,-1,0,1,5.049068450927734
bert-base-multilingual-cased,zh,108,mean_pool,0,1,1,5.344663143157959
bert-base-multilingual-cased,zh,108,mean_pool,1,2,1,4.021588325500488
bert-base-multilingual-cased,zh,108,mean_pool,-2,0,2,5.101524829864502
bert-base-multilingual-cased,zh,108,mean_pool,-1,1,2,2.5290770530700684
bert-base-multilingual-cased,zh,108,mean_pool,0,2,2,4.023411273956299
bert-base-multilingual-cased,zh,108,mean_pool,-2,2,4,3.138307809829712
bert-base-multilingual-cased,zh,109,mean_pool,-2,-1,1,3.4109625816345215
bert-base-multilingual-cased,zh,109,mean_pool,-1,0,1,4.599704742431641
bert-base-multilingual-cased,zh,109,mean_pool,0,1,1,3.8051059246063232
bert-base-multilingual-cased,zh,109,mean_pool,1,2,1,3.3207321166992188
bert-base-multilingual-cased,zh,109,mean_pool,-2,0,2,3.619626760482788
bert-base-multilingual-cased,zh,109,mean_pool,-1,1,2,1.9369862079620361
bert-base-multilingual-cased,zh,109,mean_pool,0,2,2,3.369260311126709
bert-base-multilingual-cased,zh,109,mean_pool,-2,2,4,2.9175033569335938
bert-base-multilingual-cased,zh,110,mean_pool,-2,-1,1,4.281333923339844
bert-base-multilingual-cased,zh,110,mean_pool,-1,0,1,4.752625942230225
bert-base-multilingual-cased,zh,110,mean_pool,0,1,1,4.188695907592773
bert-base-multilingual-cased,zh,110,mean_pool,1,2,1,2.911449432373047
bert-base-multilingual-cased,zh,110,mean_pool,-2,0,2,4.117162704467773
bert-base-multilingual-cased,zh,110,mean_pool,-1,1,2,2.962714195251465
bert-base-multilingual-cased,zh,110,mean_pool,0,2,2,3.5229413509368896
bert-base-multilingual-cased,zh,110,mean_pool,-2,2,4,2.6940925121307373
bert-base-multilingual-cased,zh,111,mean_pool,-2,-1,1,6.481219291687012
bert-base-multilingual-cased,zh,111,mean_pool,-1,0,1,5.43430757522583
bert-base-multilingual-cased,zh,111,mean_pool,0,1,1,5.12772274017334
bert-base-multilingual-cased,zh,111,mean_pool,1,2,1,4.9193339347839355
bert-base-multilingual-cased,zh,111,mean_pool,-2,0,2,5.058445930480957
bert-base-multilingual-cased,zh,111,mean_pool,-1,1,2,4.580784797668457
bert-base-multilingual-cased,zh,111,mean_pool,0,2,2,4.796096324920654
bert-base-multilingual-cased,zh,111,mean_pool,-2,2,4,4.194212436676025
bert-base-multilingual-cased,zh,112,mean_pool,-2,-1,1,3.097289800643921
bert-base-multilingual-cased,zh,112,mean_pool,-1,0,1,5.791823387145996
bert-base-multilingual-cased,zh,112,mean_pool,0,1,1,4.8826518058776855
bert-base-multilingual-cased,zh,112,mean_pool,1,2,1,4.127073287963867
bert-base-multilingual-cased,zh,112,mean_pool,-2,0,2,4.714572429656982
bert-base-multilingual-cased,zh,112,mean_pool,-1,1,2,2.0608930587768555
bert-base-multilingual-cased,zh,112,mean_pool,0,2,2,3.2378146648406982
bert-base-multilingual-cased,zh,112,mean_pool,-2,2,4,4.222147464752197
bert-base-multilingual-cased,zh,113,mean_pool,-2,-1,1,8.239086151123047
bert-base-multilingual-cased,zh,113,mean_pool,-1,0,1,4.945830345153809
bert-base-multilingual-cased,zh,113,mean_pool,0,1,1,5.91560697555542
bert-base-multilingual-cased,zh,113,mean_pool,1,2,1,3.719899892807007
bert-base-multilingual-cased,zh,113,mean_pool,-2,0,2,6.873718738555908
bert-base-multilingual-cased,zh,113,mean_pool,-1,1,2,6.363260746002197
bert-base-multilingual-cased,zh,113,mean_pool,0,2,2,6.023310661315918
bert-base-multilingual-cased,zh,113,mean_pool,-2,2,4,3.890350103378296
bert-base-multilingual-cased,zh,114,mean_pool,-2,-1,1,3.9778738021850586
bert-base-multilingual-cased,zh,114,mean_pool,-1,0,1,4.358482837677002
bert-base-multilingual-cased,zh,114,mean_pool,0,1,1,3.804542303085327
bert-base-multilingual-cased,zh,114,mean_pool,1,2,1,3.829723834991455
bert-base-multilingual-cased,zh,114,mean_pool,-2,0,2,3.650864839553833
bert-base-multilingual-cased,zh,114,mean_pool,-1,1,2,3.2467732429504395
bert-base-multilingual-cased,zh,114,mean_pool,0,2,2,4.6049675941467285
bert-base-multilingual-cased,zh,114,mean_pool,-2,2,4,3.245753049850464
bert-base-multilingual-cased,zh,115,mean_pool,-2,-1,1,4.319347381591797
bert-base-multilingual-cased,zh,115,mean_pool,-1,0,1,5.045368671417236
bert-base-multilingual-cased,zh,115,mean_pool,0,1,1,4.570357322692871
bert-base-multilingual-cased,zh,115,mean_pool,1,2,1,3.600325345993042
bert-base-multilingual-cased,zh,115,mean_pool,-2,0,2,4.46170711517334
bert-base-multilingual-cased,zh,115,mean_pool,-1,1,2,3.132721424102783
bert-base-multilingual-cased,zh,115,mean_pool,0,2,2,3.9996204376220703
bert-base-multilingual-cased,zh,115,mean_pool,-2,2,4,3.8578336238861084
bert-base-multilingual-cased,zh,116,mean_pool,-2,-1,1,8.509391784667969
bert-base-multilingual-cased,zh,116,mean_pool,-1,0,1,7.058467864990234
bert-base-multilingual-cased,zh,116,mean_pool,0,1,1,6.37169075012207
bert-base-multilingual-cased,zh,116,mean_pool,1,2,1,4.929590225219727
bert-base-multilingual-cased,zh,116,mean_pool,-2,0,2,6.638195991516113
bert-base-multilingual-cased,zh,116,mean_pool,-1,1,2,7.2170515060424805
bert-base-multilingual-cased,zh,116,mean_pool,0,2,2,6.701803207397461
bert-base-multilingual-cased,zh,116,mean_pool,-2,2,4,4.66239595413208
bert-base-multilingual-cased,zh,117,mean_pool,-2,-1,1,7.751532077789307
bert-base-multilingual-cased,zh,117,mean_pool,-1,0,1,8.366559982299805
bert-base-multilingual-cased,zh,117,mean_pool,0,1,1,7.44589900970459
bert-base-multilingual-cased,zh,117,mean_pool,1,2,1,5.621435642242432
bert-base-multilingual-cased,zh,117,mean_pool,-2,0,2,5.89896297454834
bert-base-multilingual-cased,zh,117,mean_pool,-1,1,2,4.976528644561768
bert-base-multilingual-cased,zh,117,mean_pool,0,2,2,5.4278974533081055
bert-base-multilingual-cased,zh,117,mean_pool,-2,2,4,3.0867180824279785
bert-base-multilingual-cased,zh,118,mean_pool,-2,-1,1,4.4622344970703125
bert-base-multilingual-cased,zh,118,mean_pool,-1,0,1,7.75399112701416
bert-base-multilingual-cased,zh,118,mean_pool,0,1,1,6.937901020050049
bert-base-multilingual-cased,zh,118,mean_pool,1,2,1,5.634239196777344
bert-base-multilingual-cased,zh,118,mean_pool,-2,0,2,5.2914719581604
bert-base-multilingual-cased,zh,118,mean_pool,-1,1,2,2.9430389404296875
bert-base-multilingual-cased,zh,118,mean_pool,0,2,2,4.514629364013672
bert-base-multilingual-cased,zh,118,mean_pool,-2,2,4,4.101903438568115
bert-base-multilingual-cased,zh,119,mean_pool,-2,-1,1,4.462300777435303
bert-base-multilingual-cased,zh,119,mean_pool,-1,0,1,5.59214973449707
bert-base-multilingual-cased,zh,119,mean_pool,0,1,1,5.805085182189941
bert-base-multilingual-cased,zh,119,mean_pool,1,2,1,3.7891392707824707
bert-base-multilingual-cased,zh,119,mean_pool,-2,0,2,4.699150562286377
bert-base-multilingual-cased,zh,119,mean_pool,-1,1,2,2.462125301361084
bert-base-multilingual-cased,zh,119,mean_pool,0,2,2,3.9994418621063232
bert-base-multilingual-cased,zh,119,mean_pool,-2,2,4,3.3274354934692383
bert-base-multilingual-cased,zh,120,mean_pool,-2,-1,1,3.14505672454834
bert-base-multilingual-cased,zh,120,mean_pool,-1,0,1,4.837014198303223
bert-base-multilingual-cased,zh,120,mean_pool,0,1,1,4.437496662139893
bert-base-multilingual-cased,zh,120,mean_pool,1,2,1,2.214744806289673
bert-base-multilingual-cased,zh,120,mean_pool,-2,0,2,3.82059907913208
bert-base-multilingual-cased,zh,120,mean_pool,-1,1,2,2.195481777191162
bert-base-multilingual-cased,zh,120,mean_pool,0,2,2,4.139801979064941
bert-base-multilingual-cased,zh,120,mean_pool,-2,2,4,2.2846131324768066
bert-base-multilingual-cased,zh,121,mean_pool,-2,-1,1,3.9842100143432617
bert-base-multilingual-cased,zh,121,mean_pool,-1,0,1,4.4625372886657715
bert-base-multilingual-cased,zh,121,mean_pool,0,1,1,4.115461349487305
bert-base-multilingual-cased,zh,121,mean_pool,1,2,1,3.8603100776672363
bert-base-multilingual-cased,zh,121,mean_pool,-2,0,2,3.695528030395508
bert-base-multilingual-cased,zh,121,mean_pool,-1,1,2,2.3376963138580322
bert-base-multilingual-cased,zh,121,mean_pool,0,2,2,3.443408727645874
bert-base-multilingual-cased,zh,121,mean_pool,-2,2,4,3.1719000339508057
bert-base-multilingual-cased,zh,122,mean_pool,-2,-1,1,4.010242462158203
bert-base-multilingual-cased,zh,122,mean_pool,-1,0,1,6.3279194831848145
bert-base-multilingual-cased,zh,122,mean_pool,0,1,1,5.292300701141357
bert-base-multilingual-cased,zh,122,mean_pool,1,2,1,4.55534553527832
bert-base-multilingual-cased,zh,122,mean_pool,-2,0,2,5.286689758300781
bert-base-multilingual-cased,zh,122,mean_pool,-1,1,2,2.67806339263916
bert-base-multilingual-cased,zh,122,mean_pool,0,2,2,3.9265847206115723
bert-base-multilingual-cased,zh,122,mean_pool,-2,2,4,4.736913204193115
bert-base-multilingual-cased,zh,123,mean_pool,-2,-1,1,3.6406047344207764
bert-base-multilingual-cased,zh,123,mean_pool,-1,0,1,4.298503398895264
bert-base-multilingual-cased,zh,123,mean_pool,0,1,1,4.6571125984191895
bert-base-multilingual-cased,zh,123,mean_pool,1,2,1,3.999068260192871
bert-base-multilingual-cased,zh,123,mean_pool,-2,0,2,4.464109897613525
bert-base-multilingual-cased,zh,123,mean_pool,-1,1,2,2.3953335285186768
bert-base-multilingual-cased,zh,123,mean_pool,0,2,2,3.5673975944519043
bert-base-multilingual-cased,zh,123,mean_pool,-2,2,4,3.4332776069641113
bert-base-multilingual-cased,zh,124,mean_pool,-2,-1,1,4.768710613250732
bert-base-multilingual-cased,zh,124,mean_pool,-1,0,1,6.528812885284424
bert-base-multilingual-cased,zh,124,mean_pool,0,1,1,5.491810321807861
bert-base-multilingual-cased,zh,124,mean_pool,1,2,1,4.5391669273376465
bert-base-multilingual-cased,zh,124,mean_pool,-2,0,2,4.442131996154785
bert-base-multilingual-cased,zh,124,mean_pool,-1,1,2,4.127294063568115
bert-base-multilingual-cased,zh,124,mean_pool,0,2,2,4.401523590087891
bert-base-multilingual-cased,zh,124,mean_pool,-2,2,4,3.8072993755340576
bert-base-multilingual-cased,zh,125,mean_pool,-2,-1,1,3.8590688705444336
bert-base-multilingual-cased,zh,125,mean_pool,-1,0,1,6.516624927520752
bert-base-multilingual-cased,zh,125,mean_pool,0,1,1,6.4384002685546875
bert-base-multilingual-cased,zh,125,mean_pool,1,2,1,5.6974029541015625
bert-base-multilingual-cased,zh,125,mean_pool,-2,0,2,4.407296180725098
bert-base-multilingual-cased,zh,125,mean_pool,-1,1,2,2.145984411239624
bert-base-multilingual-cased,zh,125,mean_pool,0,2,2,3.7808549404144287
bert-base-multilingual-cased,zh,125,mean_pool,-2,2,4,3.768872022628784
bert-base-multilingual-cased,zh,126,mean_pool,-2,-1,1,3.929069995880127
bert-base-multilingual-cased,zh,126,mean_pool,-1,0,1,4.991305828094482
bert-base-multilingual-cased,zh,126,mean_pool,0,1,1,4.771699905395508
bert-base-multilingual-cased,zh,126,mean_pool,1,2,1,3.3328921794891357
bert-base-multilingual-cased,zh,126,mean_pool,-2,0,2,4.490719795227051
bert-base-multilingual-cased,zh,126,mean_pool,-1,1,2,2.580145835876465
bert-base-multilingual-cased,zh,126,mean_pool,0,2,2,3.742891311645508
bert-base-multilingual-cased,zh,126,mean_pool,-2,2,4,2.700012445449829
bert-base-multilingual-cased,zh,127,mean_pool,-2,-1,1,3.851823091506958
bert-base-multilingual-cased,zh,127,mean_pool,-1,0,1,4.613190650939941
bert-base-multilingual-cased,zh,127,mean_pool,0,1,1,4.3700056076049805
bert-base-multilingual-cased,zh,127,mean_pool,1,2,1,3.818843364715576
bert-base-multilingual-cased,zh,127,mean_pool,-2,0,2,3.733438730239868
bert-base-multilingual-cased,zh,127,mean_pool,-1,1,2,2.535940647125244
bert-base-multilingual-cased,zh,127,mean_pool,0,2,2,3.4927172660827637
bert-base-multilingual-cased,zh,127,mean_pool,-2,2,4,3.081000566482544
bert-base-multilingual-cased,zh,128,mean_pool,-2,-1,1,2.811737298965454
bert-base-multilingual-cased,zh,128,mean_pool,-1,0,1,4.310512065887451
bert-base-multilingual-cased,zh,128,mean_pool,0,1,1,4.400440216064453
bert-base-multilingual-cased,zh,128,mean_pool,1,2,1,2.646676778793335
bert-base-multilingual-cased,zh,128,mean_pool,-2,0,2,4.306679725646973
bert-base-multilingual-cased,zh,128,mean_pool,-1,1,2,2.3856682777404785
bert-base-multilingual-cased,zh,128,mean_pool,0,2,2,3.455172061920166
bert-base-multilingual-cased,zh,128,mean_pool,-2,2,4,2.7315313816070557
bert-base-multilingual-cased,zh,129,mean_pool,-2,-1,1,5.277456283569336
bert-base-multilingual-cased,zh,129,mean_pool,-1,0,1,5.767786026000977
bert-base-multilingual-cased,zh,129,mean_pool,0,1,1,3.928785800933838
bert-base-multilingual-cased,zh,129,mean_pool,1,2,1,3.7685303688049316
bert-base-multilingual-cased,zh,129,mean_pool,-2,0,2,3.906019449234009
bert-base-multilingual-cased,zh,129,mean_pool,-1,1,2,4.213342666625977
bert-base-multilingual-cased,zh,129,mean_pool,0,2,2,4.176347732543945
bert-base-multilingual-cased,zh,129,mean_pool,-2,2,4,3.5524933338165283
bert-base-multilingual-cased,zh,130,mean_pool,-2,-1,1,5.049914836883545
bert-base-multilingual-cased,zh,130,mean_pool,-1,0,1,6.165801048278809
bert-base-multilingual-cased,zh,130,mean_pool,0,1,1,4.801346302032471
bert-base-multilingual-cased,zh,130,mean_pool,1,2,1,3.8449814319610596
bert-base-multilingual-cased,zh,130,mean_pool,-2,0,2,4.5890631675720215
bert-base-multilingual-cased,zh,130,mean_pool,-1,1,2,3.9224557876586914
bert-base-multilingual-cased,zh,130,mean_pool,0,2,2,3.7164785861968994
bert-base-multilingual-cased,zh,130,mean_pool,-2,2,4,3.8539066314697266
bert-base-multilingual-cased,zh,131,mean_pool,-2,-1,1,3.8730862140655518
bert-base-multilingual-cased,zh,131,mean_pool,-1,0,1,5.2573771476745605
bert-base-multilingual-cased,zh,131,mean_pool,0,1,1,5.488922595977783
bert-base-multilingual-cased,zh,131,mean_pool,1,2,1,3.673265218734741
bert-base-multilingual-cased,zh,131,mean_pool,-2,0,2,4.8125457763671875
bert-base-multilingual-cased,zh,131,mean_pool,-1,1,2,2.517812490463257
bert-base-multilingual-cased,zh,131,mean_pool,0,2,2,3.788151264190674
bert-base-multilingual-cased,zh,131,mean_pool,-2,2,4,2.8284425735473633
bert-base-multilingual-cased,zh,132,mean_pool,-2,-1,1,5.09041690826416
bert-base-multilingual-cased,zh,132,mean_pool,-1,0,1,5.18744421005249
bert-base-multilingual-cased,zh,132,mean_pool,0,1,1,4.39110803604126
bert-base-multilingual-cased,zh,132,mean_pool,1,2,1,4.759387493133545
bert-base-multilingual-cased,zh,132,mean_pool,-2,0,2,3.702441692352295
bert-base-multilingual-cased,zh,132,mean_pool,-1,1,2,3.933816909790039
bert-base-multilingual-cased,zh,132,mean_pool,0,2,2,3.295517683029175
bert-base-multilingual-cased,zh,132,mean_pool,-2,2,4,3.59076189994812
bert-base-multilingual-cased,zh,133,mean_pool,-2,-1,1,4.283176422119141
bert-base-multilingual-cased,zh,133,mean_pool,-1,0,1,3.3191466331481934
bert-base-multilingual-cased,zh,133,mean_pool,0,1,1,4.452951908111572
bert-base-multilingual-cased,zh,133,mean_pool,1,2,1,3.0830020904541016
bert-base-multilingual-cased,zh,133,mean_pool,-2,0,2,4.569619178771973
bert-base-multilingual-cased,zh,133,mean_pool,-1,1,2,3.5250959396362305
bert-base-multilingual-cased,zh,133,mean_pool,0,2,2,3.819958209991455
bert-base-multilingual-cased,zh,133,mean_pool,-2,2,4,2.938383102416992
bert-base-multilingual-cased,zh,134,mean_pool,-2,-1,1,5.398004531860352
bert-base-multilingual-cased,zh,134,mean_pool,-1,0,1,5.26962423324585
bert-base-multilingual-cased,zh,134,mean_pool,0,1,1,5.232486724853516
bert-base-multilingual-cased,zh,134,mean_pool,1,2,1,4.289237976074219
bert-base-multilingual-cased,zh,134,mean_pool,-2,0,2,4.757259845733643
bert-base-multilingual-cased,zh,134,mean_pool,-1,1,2,3.6101672649383545
bert-base-multilingual-cased,zh,134,mean_pool,0,2,2,4.5121750831604
bert-base-multilingual-cased,zh,134,mean_pool,-2,2,4,2.8390748500823975
bert-base-multilingual-cased,zh,135,mean_pool,-2,-1,1,3.1028501987457275
bert-base-multilingual-cased,zh,135,mean_pool,-1,0,1,3.9084155559539795
bert-base-multilingual-cased,zh,135,mean_pool,0,1,1,3.807119607925415
bert-base-multilingual-cased,zh,135,mean_pool,1,2,1,3.8632423877716064
bert-base-multilingual-cased,zh,135,mean_pool,-2,0,2,3.2899036407470703
bert-base-multilingual-cased,zh,135,mean_pool,-1,1,2,2.528379201889038
bert-base-multilingual-cased,zh,135,mean_pool,0,2,2,3.36775803565979
bert-base-multilingual-cased,zh,135,mean_pool,-2,2,4,3.282270669937134
bert-base-multilingual-cased,zh,136,mean_pool,-2,-1,1,2.4800679683685303
bert-base-multilingual-cased,zh,136,mean_pool,-1,0,1,4.396260738372803
bert-base-multilingual-cased,zh,136,mean_pool,0,1,1,4.709928512573242
bert-base-multilingual-cased,zh,136,mean_pool,1,2,1,4.168726921081543
bert-base-multilingual-cased,zh,136,mean_pool,-2,0,2,3.801692247390747
bert-base-multilingual-cased,zh,136,mean_pool,-1,1,2,1.9307752847671509
bert-base-multilingual-cased,zh,136,mean_pool,0,2,2,3.342651128768921
bert-base-multilingual-cased,zh,136,mean_pool,-2,2,4,3.116070508956909
bert-base-multilingual-cased,zh,137,mean_pool,-2,-1,1,3.2541821002960205
bert-base-multilingual-cased,zh,137,mean_pool,-1,0,1,4.414364814758301
bert-base-multilingual-cased,zh,137,mean_pool,0,1,1,4.180361270904541
bert-base-multilingual-cased,zh,137,mean_pool,1,2,1,4.046775817871094
bert-base-multilingual-cased,zh,137,mean_pool,-2,0,2,3.3052127361297607
bert-base-multilingual-cased,zh,137,mean_pool,-1,1,2,2.3669238090515137
bert-base-multilingual-cased,zh,137,mean_pool,0,2,2,2.929035186767578
bert-base-multilingual-cased,zh,137,mean_pool,-2,2,4,3.1549694538116455
bert-base-multilingual-cased,zh,138,mean_pool,-2,-1,1,2.908750295639038
bert-base-multilingual-cased,zh,138,mean_pool,-1,0,1,5.225015163421631
bert-base-multilingual-cased,zh,138,mean_pool,0,1,1,5.778447151184082
bert-base-multilingual-cased,zh,138,mean_pool,1,2,1,4.202532768249512
bert-base-multilingual-cased,zh,138,mean_pool,-2,0,2,4.694332122802734
bert-base-multilingual-cased,zh,138,mean_pool,-1,1,2,2.044210433959961
bert-base-multilingual-cased,zh,138,mean_pool,0,2,2,3.5595779418945312
bert-base-multilingual-cased,zh,138,mean_pool,-2,2,4,3.0389530658721924
bert-base-multilingual-cased,zh,139,mean_pool,-2,-1,1,3.665092945098877
bert-base-multilingual-cased,zh,139,mean_pool,-1,0,1,3.6808431148529053
bert-base-multilingual-cased,zh,139,mean_pool,0,1,1,3.622225522994995
bert-base-multilingual-cased,zh,139,mean_pool,1,2,1,3.3306777477264404
bert-base-multilingual-cased,zh,139,mean_pool,-2,0,2,3.637812614440918
bert-base-multilingual-cased,zh,139,mean_pool,-1,1,2,2.084197998046875
bert-base-multilingual-cased,zh,139,mean_pool,0,2,2,3.062037467956543
bert-base-multilingual-cased,zh,139,mean_pool,-2,2,4,3.2366108894348145
bert-base-multilingual-cased,zh,140,mean_pool,-2,-1,1,2.596578598022461
bert-base-multilingual-cased,zh,140,mean_pool,-1,0,1,3.354785203933716
bert-base-multilingual-cased,zh,140,mean_pool,0,1,1,3.4397289752960205
bert-base-multilingual-cased,zh,140,mean_pool,1,2,1,2.455012083053589
bert-base-multilingual-cased,zh,140,mean_pool,-2,0,2,3.3260202407836914
bert-base-multilingual-cased,zh,140,mean_pool,-1,1,2,2.2296128273010254
bert-base-multilingual-cased,zh,140,mean_pool,0,2,2,3.061055898666382
bert-base-multilingual-cased,zh,140,mean_pool,-2,2,4,2.4893414974212646
bert-base-multilingual-cased,zh,141,mean_pool,-2,-1,1,5.81454610824585
bert-base-multilingual-cased,zh,141,mean_pool,-1,0,1,6.984072208404541
bert-base-multilingual-cased,zh,141,mean_pool,0,1,1,5.50947380065918
bert-base-multilingual-cased,zh,141,mean_pool,1,2,1,3.755284309387207
bert-base-multilingual-cased,zh,141,mean_pool,-2,0,2,4.4532084465026855
bert-base-multilingual-cased,zh,141,mean_pool,-1,1,2,3.7320048809051514
bert-base-multilingual-cased,zh,141,mean_pool,0,2,2,3.830982208251953
bert-base-multilingual-cased,zh,141,mean_pool,-2,2,4,2.350121021270752
bert-base-multilingual-cased,zh,142,mean_pool,-2,-1,1,3.097355842590332
bert-base-multilingual-cased,zh,142,mean_pool,-1,0,1,4.948944091796875
bert-base-multilingual-cased,zh,142,mean_pool,0,1,1,4.976001262664795
bert-base-multilingual-cased,zh,142,mean_pool,1,2,1,4.220990180969238
bert-base-multilingual-cased,zh,142,mean_pool,-2,0,2,3.963118553161621
bert-base-multilingual-cased,zh,142,mean_pool,-1,1,2,1.7811553478240967
bert-base-multilingual-cased,zh,142,mean_pool,0,2,2,3.4275906085968018
bert-base-multilingual-cased,zh,142,mean_pool,-2,2,4,3.1883671283721924
bert-base-multilingual-cased,zh,143,mean_pool,-2,-1,1,3.1391708850860596
bert-base-multilingual-cased,zh,143,mean_pool,-1,0,1,5.4379191398620605
bert-base-multilingual-cased,zh,143,mean_pool,0,1,1,4.8499436378479
bert-base-multilingual-cased,zh,143,mean_pool,1,2,1,4.365413188934326
bert-base-multilingual-cased,zh,143,mean_pool,-2,0,2,4.12964391708374
bert-base-multilingual-cased,zh,143,mean_pool,-1,1,2,1.7928223609924316
bert-base-multilingual-cased,zh,143,mean_pool,0,2,2,3.0947420597076416
bert-base-multilingual-cased,zh,143,mean_pool,-2,2,4,3.8207154273986816
bert-base-multilingual-cased,zh,144,mean_pool,-2,-1,1,4.361380100250244
bert-base-multilingual-cased,zh,144,mean_pool,-1,0,1,5.813942909240723
bert-base-multilingual-cased,zh,144,mean_pool,0,1,1,5.973691940307617
bert-base-multilingual-cased,zh,144,mean_pool,1,2,1,3.7989308834075928
bert-base-multilingual-cased,zh,144,mean_pool,-2,0,2,5.41718864440918
bert-base-multilingual-cased,zh,144,mean_pool,-1,1,2,2.910231590270996
bert-base-multilingual-cased,zh,144,mean_pool,0,2,2,4.341455459594727
bert-base-multilingual-cased,zh,144,mean_pool,-2,2,4,2.946960687637329
bert-base-multilingual-cased,zh,145,mean_pool,-2,-1,1,6.275638103485107
bert-base-multilingual-cased,zh,145,mean_pool,-1,0,1,4.803944110870361
bert-base-multilingual-cased,zh,145,mean_pool,0,1,1,4.4701924324035645
bert-base-multilingual-cased,zh,145,mean_pool,1,2,1,2.9569387435913086
bert-base-multilingual-cased,zh,145,mean_pool,-2,0,2,4.697229385375977
bert-base-multilingual-cased,zh,145,mean_pool,-1,1,2,5.477363586425781
bert-base-multilingual-cased,zh,145,mean_pool,0,2,2,4.470308780670166
bert-base-multilingual-cased,zh,145,mean_pool,-2,2,4,2.7597076892852783
bert-base-multilingual-cased,zh,146,mean_pool,-2,-1,1,3.318943500518799
bert-base-multilingual-cased,zh,146,mean_pool,-1,0,1,3.2902824878692627
bert-base-multilingual-cased,zh,146,mean_pool,0,1,1,4.317504405975342
bert-base-multilingual-cased,zh,146,mean_pool,1,2,1,3.1239511966705322
bert-base-multilingual-cased,zh,146,mean_pool,-2,0,2,3.956301689147949
bert-base-multilingual-cased,zh,146,mean_pool,-1,1,2,2.8391451835632324
bert-base-multilingual-cased,zh,146,mean_pool,0,2,2,3.269181728363037
bert-base-multilingual-cased,zh,146,mean_pool,-2,2,4,2.786705493927002
bert-base-multilingual-cased,zh,147,mean_pool,-2,-1,1,5.75015926361084
bert-base-multilingual-cased,zh,147,mean_pool,-1,0,1,6.452881336212158
bert-base-multilingual-cased,zh,147,mean_pool,0,1,1,4.762979507446289
bert-base-multilingual-cased,zh,147,mean_pool,1,2,1,3.517504930496216
bert-base-multilingual-cased,zh,147,mean_pool,-2,0,2,4.536281108856201
bert-base-multilingual-cased,zh,147,mean_pool,-1,1,2,5.032435894012451
bert-base-multilingual-cased,zh,147,mean_pool,0,2,2,4.096935272216797
bert-base-multilingual-cased,zh,147,mean_pool,-2,2,4,3.265606641769409
bert-base-multilingual-cased,zh,148,mean_pool,-2,-1,1,4.525731563568115
bert-base-multilingual-cased,zh,148,mean_pool,-1,0,1,5.016951560974121
bert-base-multilingual-cased,zh,148,mean_pool,0,1,1,3.9984145164489746
bert-base-multilingual-cased,zh,148,mean_pool,1,2,1,4.068531036376953
bert-base-multilingual-cased,zh,148,mean_pool,-2,0,2,3.8945138454437256
bert-base-multilingual-cased,zh,148,mean_pool,-1,1,2,4.581361293792725
bert-base-multilingual-cased,zh,148,mean_pool,0,2,2,4.153271198272705
bert-base-multilingual-cased,zh,148,mean_pool,-2,2,4,4.06195068359375
bert-base-multilingual-cased,zh,149,mean_pool,-2,-1,1,6.081137657165527
bert-base-multilingual-cased,zh,149,mean_pool,-1,0,1,7.274147033691406
bert-base-multilingual-cased,zh,149,mean_pool,0,1,1,5.907778739929199
bert-base-multilingual-cased,zh,149,mean_pool,1,2,1,4.345298767089844
bert-base-multilingual-cased,zh,149,mean_pool,-2,0,2,4.440465450286865
bert-base-multilingual-cased,zh,149,mean_pool,-1,1,2,4.0452094078063965
bert-base-multilingual-cased,zh,149,mean_pool,0,2,2,4.231923580169678
bert-base-multilingual-cased,zh,149,mean_pool,-2,2,4,2.805492401123047
bert-base-multilingual-cased,zh,150,mean_pool,-2,-1,1,4.2813520431518555
bert-base-multilingual-cased,zh,150,mean_pool,-1,0,1,4.111240863800049
bert-base-multilingual-cased,zh,150,mean_pool,0,1,1,3.4706060886383057
bert-base-multilingual-cased,zh,150,mean_pool,1,2,1,3.28350830078125
bert-base-multilingual-cased,zh,150,mean_pool,-2,0,2,3.672125816345215
bert-base-multilingual-cased,zh,150,mean_pool,-1,1,2,3.1007401943206787
bert-base-multilingual-cased,zh,150,mean_pool,0,2,2,3.8693878650665283
bert-base-multilingual-cased,zh,150,mean_pool,-2,2,4,3.3622756004333496
bert-base-multilingual-cased,zh,151,mean_pool,-2,-1,1,2.8941707611083984
bert-base-multilingual-cased,zh,151,mean_pool,-1,0,1,4.190469741821289
bert-base-multilingual-cased,zh,151,mean_pool,0,1,1,4.496301174163818
bert-base-multilingual-cased,zh,151,mean_pool,1,2,1,4.0612616539001465
bert-base-multilingual-cased,zh,151,mean_pool,-2,0,2,3.916414499282837
bert-base-multilingual-cased,zh,151,mean_pool,-1,1,2,2.1898274421691895
bert-base-multilingual-cased,zh,151,mean_pool,0,2,2,3.345594882965088
bert-base-multilingual-cased,zh,151,mean_pool,-2,2,4,3.0281944274902344
bert-base-multilingual-cased,zh,152,mean_pool,-2,-1,1,5.127320289611816
bert-base-multilingual-cased,zh,152,mean_pool,-1,0,1,6.684881210327148
bert-base-multilingual-cased,zh,152,mean_pool,0,1,1,6.365591049194336
bert-base-multilingual-cased,zh,152,mean_pool,1,2,1,5.537557601928711
bert-base-multilingual-cased,zh,152,mean_pool,-2,0,2,4.6449785232543945
bert-base-multilingual-cased,zh,152,mean_pool,-1,1,2,4.393088340759277
bert-base-multilingual-cased,zh,152,mean_pool,0,2,2,3.744013786315918
bert-base-multilingual-cased,zh,152,mean_pool,-2,2,4,3.9282867908477783
bert-base-multilingual-cased,zh,153,mean_pool,-2,-1,1,4.758383750915527
bert-base-multilingual-cased,zh,153,mean_pool,-1,0,1,5.1176066398620605
bert-base-multilingual-cased,zh,153,mean_pool,0,1,1,5.167423248291016
bert-base-multilingual-cased,zh,153,mean_pool,1,2,1,4.749367713928223
bert-base-multilingual-cased,zh,153,mean_pool,-2,0,2,4.005334377288818
bert-base-multilingual-cased,zh,153,mean_pool,-1,1,2,3.1850504875183105
bert-base-multilingual-cased,zh,153,mean_pool,0,2,2,4.434921741485596
bert-base-multilingual-cased,zh,153,mean_pool,-2,2,4,3.635169744491577
bert-base-multilingual-cased,zh,154,mean_pool,-2,-1,1,8.174026489257812
bert-base-multilingual-cased,zh,154,mean_pool,-1,0,1,6.483248233795166
bert-base-multilingual-cased,zh,154,mean_pool,0,1,1,4.932248115539551
bert-base-multilingual-cased,zh,154,mean_pool,1,2,1,3.310617446899414
bert-base-multilingual-cased,zh,154,mean_pool,-2,0,2,5.676649570465088
bert-base-multilingual-cased,zh,154,mean_pool,-1,1,2,6.870322227478027
bert-base-multilingual-cased,zh,154,mean_pool,0,2,2,4.602139472961426
bert-base-multilingual-cased,zh,154,mean_pool,-2,2,4,3.7342073917388916
bert-base-multilingual-cased,zh,155,mean_pool,-2,-1,1,3.4764087200164795
bert-base-multilingual-cased,zh,155,mean_pool,-1,0,1,3.4648334980010986
bert-base-multilingual-cased,zh,155,mean_pool,0,1,1,4.195596218109131
bert-base-multilingual-cased,zh,155,mean_pool,1,2,1,3.7978391647338867
bert-base-multilingual-cased,zh,155,mean_pool,-2,0,2,3.5879509449005127
bert-base-multilingual-cased,zh,155,mean_pool,-1,1,2,3.226405620574951
bert-base-multilingual-cased,zh,155,mean_pool,0,2,2,3.371948003768921
bert-base-multilingual-cased,zh,155,mean_pool,-2,2,4,3.1290268898010254
bert-base-multilingual-cased,zh,156,mean_pool,-2,-1,1,5.545413017272949
bert-base-multilingual-cased,zh,156,mean_pool,-1,0,1,6.375040531158447
bert-base-multilingual-cased,zh,156,mean_pool,0,1,1,4.962188720703125
bert-base-multilingual-cased,zh,156,mean_pool,1,2,1,6.667518615722656
bert-base-multilingual-cased,zh,156,mean_pool,-2,0,2,4.246808052062988
bert-base-multilingual-cased,zh,156,mean_pool,-1,1,2,3.7031710147857666
bert-base-multilingual-cased,zh,156,mean_pool,0,2,2,5.402464389801025
bert-base-multilingual-cased,zh,156,mean_pool,-2,2,4,6.032012939453125
bert-base-multilingual-cased,zh,157,mean_pool,-2,-1,1,3.216102123260498
bert-base-multilingual-cased,zh,157,mean_pool,-1,0,1,5.306199550628662
bert-base-multilingual-cased,zh,157,mean_pool,0,1,1,5.237922668457031
bert-base-multilingual-cased,zh,157,mean_pool,1,2,1,4.392125129699707
bert-base-multilingual-cased,zh,157,mean_pool,-2,0,2,4.5232157707214355
bert-base-multilingual-cased,zh,157,mean_pool,-1,1,2,2.134295701980591
bert-base-multilingual-cased,zh,157,mean_pool,0,2,2,3.547481060028076
bert-base-multilingual-cased,zh,157,mean_pool,-2,2,4,3.6584270000457764
bert-base-multilingual-cased,zh,158,mean_pool,-2,-1,1,3.624052047729492
bert-base-multilingual-cased,zh,158,mean_pool,-1,0,1,3.5883445739746094
bert-base-multilingual-cased,zh,158,mean_pool,0,1,1,3.293041229248047
bert-base-multilingual-cased,zh,158,mean_pool,1,2,1,2.73347544670105
bert-base-multilingual-cased,zh,158,mean_pool,-2,0,2,3.5659265518188477
bert-base-multilingual-cased,zh,158,mean_pool,-1,1,2,2.4641435146331787
bert-base-multilingual-cased,zh,158,mean_pool,0,2,2,3.2895100116729736
bert-base-multilingual-cased,zh,158,mean_pool,-2,2,4,2.9029996395111084
bert-base-multilingual-cased,zh,159,mean_pool,-2,-1,1,3.131718158721924
bert-base-multilingual-cased,zh,159,mean_pool,-1,0,1,5.050621509552002
bert-base-multilingual-cased,zh,159,mean_pool,0,1,1,4.211594104766846
bert-base-multilingual-cased,zh,159,mean_pool,1,2,1,3.5834481716156006
bert-base-multilingual-cased,zh,159,mean_pool,-2,0,2,3.602426528930664
bert-base-multilingual-cased,zh,159,mean_pool,-1,1,2,1.9143948554992676
bert-base-multilingual-cased,zh,159,mean_pool,0,2,2,3.0449106693267822
bert-base-multilingual-cased,zh,159,mean_pool,-2,2,4,3.0049734115600586
bert-base-multilingual-cased,en,0,marker_pool,-2,-1,1,10.557662010192871
bert-base-multilingual-cased,en,0,marker_pool,-1,0,1,12.595084190368652
bert-base-multilingual-cased,en,0,marker_pool,0,1,1,14.01972484588623
bert-base-multilingual-cased,en,0,marker_pool,1,2,1,11.108210563659668
bert-base-multilingual-cased,en,0,marker_pool,-2,0,2,14.0880126953125
bert-base-multilingual-cased,en,0,marker_pool,-1,1,2,10.722685813903809
bert-base-multilingual-cased,en,0,marker_pool,0,2,2,15.10876178741455
bert-base-multilingual-cased,en,0,marker_pool,-2,2,4,11.680353164672852
bert-base-multilingual-cased,en,1,marker_pool,-2,-1,1,7.710944652557373
bert-base-multilingual-cased,en,1,marker_pool,-1,0,1,11.454094886779785
bert-base-multilingual-cased,en,1,marker_pool,0,1,1,12.221821784973145
bert-base-multilingual-cased,en,1,marker_pool,1,2,1,9.262054443359375
bert-base-multilingual-cased,en,1,marker_pool,-2,0,2,12.851163864135742
bert-base-multilingual-cased,en,1,marker_pool,-1,1,2,7.545339107513428
bert-base-multilingual-cased,en,1,marker_pool,0,2,2,13.971293449401855
bert-base-multilingual-cased,en,1,marker_pool,-2,2,4,9.939411163330078
bert-base-multilingual-cased,en,2,marker_pool,-2,-1,1,10.168451309204102
bert-base-multilingual-cased,en,2,marker_pool,-1,0,1,11.711851119995117
bert-base-multilingual-cased,en,2,marker_pool,0,1,1,13.740230560302734
bert-base-multilingual-cased,en,2,marker_pool,1,2,1,10.702051162719727
bert-base-multilingual-cased,en,2,marker_pool,-2,0,2,14.106327056884766
bert-base-multilingual-cased,en,2,marker_pool,-1,1,2,9.658592224121094
bert-base-multilingual-cased,en,2,marker_pool,0,2,2,15.10535717010498
bert-base-multilingual-cased,en,2,marker_pool,-2,2,4,10.914630889892578
bert-base-multilingual-cased,en,3,marker_pool,-2,-1,1,8.979376792907715
bert-base-multilingual-cased,en,3,marker_pool,-1,0,1,11.191180229187012
bert-base-multilingual-cased,en,3,marker_pool,0,1,1,12.838484764099121
bert-base-multilingual-cased,en,3,marker_pool,1,2,1,10.975886344909668
bert-base-multilingual-cased,en,3,marker_pool,-2,0,2,12.220621109008789
bert-base-multilingual-cased,en,3,marker_pool,-1,1,2,10.147194862365723
bert-base-multilingual-cased,en,3,marker_pool,0,2,2,13.61237621307373
bert-base-multilingual-cased,en,3,marker_pool,-2,2,4,10.585424423217773
bert-base-multilingual-cased,en,4,marker_pool,-2,-1,1,9.250434875488281
bert-base-multilingual-cased,en,4,marker_pool,-1,0,1,11.49547004699707
bert-base-multilingual-cased,en,4,marker_pool,0,1,1,13.146575927734375
bert-base-multilingual-cased,en,4,marker_pool,1,2,1,10.947729110717773
bert-base-multilingual-cased,en,4,marker_pool,-2,0,2,12.837164878845215
bert-base-multilingual-cased,en,4,marker_pool,-1,1,2,10.094112396240234
bert-base-multilingual-cased,en,4,marker_pool,0,2,2,13.690152168273926
bert-base-multilingual-cased,en,4,marker_pool,-2,2,4,10.423229217529297
bert-base-multilingual-cased,en,5,marker_pool,-2,-1,1,9.700142860412598
bert-base-multilingual-cased,en,5,marker_pool,-1,0,1,12.27747917175293
bert-base-multilingual-cased,en,5,marker_pool,0,1,1,14.053535461425781
bert-base-multilingual-cased,en,5,marker_pool,1,2,1,10.850464820861816
bert-base-multilingual-cased,en,5,marker_pool,-2,0,2,14.038025856018066
bert-base-multilingual-cased,en,5,marker_pool,-1,1,2,10.00717830657959
bert-base-multilingual-cased,en,5,marker_pool,0,2,2,14.252782821655273
bert-base-multilingual-cased,en,5,marker_pool,-2,2,4,10.712129592895508
bert-base-multilingual-cased,en,6,marker_pool,-2,-1,1,9.203991889953613
bert-base-multilingual-cased,en,6,marker_pool,-1,0,1,11.383667945861816
bert-base-multilingual-cased,en,6,marker_pool,0,1,1,13.052040100097656
bert-base-multilingual-cased,en,6,marker_pool,1,2,1,10.239814758300781
bert-base-multilingual-cased,en,6,marker_pool,-2,0,2,13.026911735534668
bert-base-multilingual-cased,en,6,marker_pool,-1,1,2,9.05593490600586
bert-base-multilingual-cased,en,6,marker_pool,0,2,2,14.512955665588379
bert-base-multilingual-cased,en,6,marker_pool,-2,2,4,10.227838516235352
bert-base-multilingual-cased,en,7,marker_pool,-2,-1,1,10.491809844970703
bert-base-multilingual-cased,en,7,marker_pool,-1,0,1,12.24256420135498
bert-base-multilingual-cased,en,7,marker_pool,0,1,1,14.372418403625488
bert-base-multilingual-cased,en,7,marker_pool,1,2,1,11.656600952148438
bert-base-multilingual-cased,en,7,marker_pool,-2,0,2,14.009207725524902
bert-base-multilingual-cased,en,7,marker_pool,-1,1,2,11.304239273071289
bert-base-multilingual-cased,en,7,marker_pool,0,2,2,14.711383819580078
bert-base-multilingual-cased,en,7,marker_pool,-2,2,4,10.74183177947998
bert-base-multilingual-cased,en,8,marker_pool,-2,-1,1,8.391280174255371
bert-base-multilingual-cased,en,8,marker_pool,-1,0,1,10.466719627380371
bert-base-multilingual-cased,en,8,marker_pool,0,1,1,12.03641414642334
bert-base-multilingual-cased,en,8,marker_pool,1,2,1,9.880102157592773
bert-base-multilingual-cased,en,8,marker_pool,-2,0,2,12.075760841369629
bert-base-multilingual-cased,en,8,marker_pool,-1,1,2,8.936660766601562
bert-base-multilingual-cased,en,8,marker_pool,0,2,2,13.0510835647583
bert-base-multilingual-cased,en,8,marker_pool,-2,2,4,10.304429054260254
bert-base-multilingual-cased,en,9,marker_pool,-2,-1,1,9.237669944763184
bert-base-multilingual-cased,en,9,marker_pool,-1,0,1,10.938807487487793
bert-base-multilingual-cased,en,9,marker_pool,0,1,1,12.5044584274292
bert-base-multilingual-cased,en,9,marker_pool,1,2,1,9.589911460876465
bert-base-multilingual-cased,en,9,marker_pool,-2,0,2,12.779471397399902
bert-base-multilingual-cased,en,9,marker_pool,-1,1,2,9.244370460510254
bert-base-multilingual-cased,en,9,marker_pool,0,2,2,13.429549217224121
bert-base-multilingual-cased,en,9,marker_pool,-2,2,4,10.06205940246582
bert-base-multilingual-cased,en,10,marker_pool,-2,-1,1,10.174508094787598
bert-base-multilingual-cased,en,10,marker_pool,-1,0,1,12.104158401489258
bert-base-multilingual-cased,en,10,marker_pool,0,1,1,14.06198501586914
bert-base-multilingual-cased,en,10,marker_pool,1,2,1,10.74535083770752
bert-base-multilingual-cased,en,10,marker_pool,-2,0,2,14.132549285888672
bert-base-multilingual-cased,en,10,marker_pool,-1,1,2,9.383244514465332
bert-base-multilingual-cased,en,10,marker_pool,0,2,2,15.224213600158691
bert-base-multilingual-cased,en,10,marker_pool,-2,2,4,11.69976806640625
bert-base-multilingual-cased,en,11,marker_pool,-2,-1,1,9.47727108001709
bert-base-multilingual-cased,en,11,marker_pool,-1,0,1,11.67440414428711
bert-base-multilingual-cased,en,11,marker_pool,0,1,1,13.272902488708496
bert-base-multilingual-cased,en,11,marker_pool,1,2,1,9.85461711883545
bert-base-multilingual-cased,en,11,marker_pool,-2,0,2,13.384435653686523
bert-base-multilingual-cased,en,11,marker_pool,-1,1,2,9.106863975524902
bert-base-multilingual-cased,en,11,marker_pool,0,2,2,13.989031791687012
bert-base-multilingual-cased,en,11,marker_pool,-2,2,4,10.204095840454102
bert-base-multilingual-cased,en,12,marker_pool,-2,-1,1,9.431532859802246
bert-base-multilingual-cased,en,12,marker_pool,-1,0,1,11.241978645324707
bert-base-multilingual-cased,en,12,marker_pool,0,1,1,13.059550285339355
bert-base-multilingual-cased,en,12,marker_pool,1,2,1,10.54702091217041
bert-base-multilingual-cased,en,12,marker_pool,-2,0,2,13.389033317565918
bert-base-multilingual-cased,en,12,marker_pool,-1,1,2,9.538323402404785
bert-base-multilingual-cased,en,12,marker_pool,0,2,2,14.053434371948242
bert-base-multilingual-cased,en,12,marker_pool,-2,2,4,10.229620933532715
bert-base-multilingual-cased,en,13,marker_pool,-2,-1,1,9.605668067932129
bert-base-multilingual-cased,en,13,marker_pool,-1,0,1,12.294447898864746
bert-base-multilingual-cased,en,13,marker_pool,0,1,1,13.876852989196777
bert-base-multilingual-cased,en,13,marker_pool,1,2,1,11.437658309936523
bert-base-multilingual-cased,en,13,marker_pool,-2,0,2,13.850626945495605
bert-base-multilingual-cased,en,13,marker_pool,-1,1,2,10.451567649841309
bert-base-multilingual-cased,en,13,marker_pool,0,2,2,14.914546012878418
bert-base-multilingual-cased,en,13,marker_pool,-2,2,4,10.47402286529541
bert-base-multilingual-cased,en,14,marker_pool,-2,-1,1,10.435759544372559
bert-base-multilingual-cased,en,14,marker_pool,-1,0,1,12.353790283203125
bert-base-multilingual-cased,en,14,marker_pool,0,1,1,14.414395332336426
bert-base-multilingual-cased,en,14,marker_pool,1,2,1,11.504175186157227
bert-base-multilingual-cased,en,14,marker_pool,-2,0,2,14.254742622375488
bert-base-multilingual-cased,en,14,marker_pool,-1,1,2,10.86187744140625
bert-base-multilingual-cased,en,14,marker_pool,0,2,2,15.315183639526367
bert-base-multilingual-cased,en,14,marker_pool,-2,2,4,11.155710220336914
bert-base-multilingual-cased,en,15,marker_pool,-2,-1,1,8.12378215789795
bert-base-multilingual-cased,en,15,marker_pool,-1,0,1,11.51457691192627
bert-base-multilingual-cased,en,15,marker_pool,0,1,1,13.408920288085938
bert-base-multilingual-cased,en,15,marker_pool,1,2,1,9.575437545776367
bert-base-multilingual-cased,en,15,marker_pool,-2,0,2,12.803863525390625
bert-base-multilingual-cased,en,15,marker_pool,-1,1,2,9.037946701049805
bert-base-multilingual-cased,en,15,marker_pool,0,2,2,14.586173057556152
bert-base-multilingual-cased,en,15,marker_pool,-2,2,4,10.578034400939941
bert-base-multilingual-cased,en,16,marker_pool,-2,-1,1,10.129785537719727
bert-base-multilingual-cased,en,16,marker_pool,-1,0,1,11.84025764465332
bert-base-multilingual-cased,en,16,marker_pool,0,1,1,13.24695110321045
bert-base-multilingual-cased,en,16,marker_pool,1,2,1,11.121706008911133
bert-base-multilingual-cased,en,16,marker_pool,-2,0,2,13.30976390838623
bert-base-multilingual-cased,en,16,marker_pool,-1,1,2,10.66923713684082
bert-base-multilingual-cased,en,16,marker_pool,0,2,2,14.02803897857666
bert-base-multilingual-cased,en,16,marker_pool,-2,2,4,10.774462699890137
bert-base-multilingual-cased,en,17,marker_pool,-2,-1,1,10.582426071166992
bert-base-multilingual-cased,en,17,marker_pool,-1,0,1,12.072320938110352
bert-base-multilingual-cased,en,17,marker_pool,0,1,1,13.897346496582031
bert-base-multilingual-cased,en,17,marker_pool,1,2,1,11.2781343460083
bert-base-multilingual-cased,en,17,marker_pool,-2,0,2,13.68787670135498
bert-base-multilingual-cased,en,17,marker_pool,-1,1,2,10.796719551086426
bert-base-multilingual-cased,en,17,marker_pool,0,2,2,15.1367826461792
bert-base-multilingual-cased,en,17,marker_pool,-2,2,4,11.41272258758545
bert-base-multilingual-cased,en,18,marker_pool,-2,-1,1,10.360589027404785
bert-base-multilingual-cased,en,18,marker_pool,-1,0,1,12.128523826599121
bert-base-multilingual-cased,en,18,marker_pool,0,1,1,13.586935043334961
bert-base-multilingual-cased,en,18,marker_pool,1,2,1,11.474851608276367
bert-base-multilingual-cased,en,18,marker_pool,-2,0,2,13.718958854675293
bert-base-multilingual-cased,en,18,marker_pool,-1,1,2,10.98714542388916
bert-base-multilingual-cased,en,18,marker_pool,0,2,2,14.664934158325195
bert-base-multilingual-cased,en,18,marker_pool,-2,2,4,10.614750862121582
bert-base-multilingual-cased,en,19,marker_pool,-2,-1,1,8.644548416137695
bert-base-multilingual-cased,en,19,marker_pool,-1,0,1,11.953071594238281
bert-base-multilingual-cased,en,19,marker_pool,0,1,1,13.515942573547363
bert-base-multilingual-cased,en,19,marker_pool,1,2,1,9.946142196655273
bert-base-multilingual-cased,en,19,marker_pool,-2,0,2,12.923303604125977
bert-base-multilingual-cased,en,19,marker_pool,-1,1,2,8.904767990112305
bert-base-multilingual-cased,en,19,marker_pool,0,2,2,13.929048538208008
bert-base-multilingual-cased,en,19,marker_pool,-2,2,4,10.419602394104004
bert-base-multilingual-cased,en,20,marker_pool,-2,-1,1,10.318320274353027
bert-base-multilingual-cased,en,20,marker_pool,-1,0,1,12.553179740905762
bert-base-multilingual-cased,en,20,marker_pool,0,1,1,13.952258110046387
bert-base-multilingual-cased,en,20,marker_pool,1,2,1,11.19765567779541
bert-base-multilingual-cased,en,20,marker_pool,-2,0,2,13.73926830291748
bert-base-multilingual-cased,en,20,marker_pool,-1,1,2,10.319684982299805
bert-base-multilingual-cased,en,20,marker_pool,0,2,2,14.504294395446777
bert-base-multilingual-cased,en,20,marker_pool,-2,2,4,10.967010498046875
bert-base-multilingual-cased,en,21,marker_pool,-2,-1,1,10.310669898986816
bert-base-multilingual-cased,en,21,marker_pool,-1,0,1,11.803994178771973
bert-base-multilingual-cased,en,21,marker_pool,0,1,1,13.527786254882812
bert-base-multilingual-cased,en,21,marker_pool,1,2,1,11.252408981323242
bert-base-multilingual-cased,en,21,marker_pool,-2,0,2,13.371820449829102
bert-base-multilingual-cased,en,21,marker_pool,-1,1,2,10.61338996887207
bert-base-multilingual-cased,en,21,marker_pool,0,2,2,14.152595520019531
bert-base-multilingual-cased,en,21,marker_pool,-2,2,4,11.0547513961792
bert-base-multilingual-cased,en,22,marker_pool,-2,-1,1,10.48039436340332
bert-base-multilingual-cased,en,22,marker_pool,-1,0,1,11.983720779418945
bert-base-multilingual-cased,en,22,marker_pool,0,1,1,14.169320106506348
bert-base-multilingual-cased,en,22,marker_pool,1,2,1,10.490036964416504
bert-base-multilingual-cased,en,22,marker_pool,-2,0,2,14.28160285949707
bert-base-multilingual-cased,en,22,marker_pool,-1,1,2,9.422057151794434
bert-base-multilingual-cased,en,22,marker_pool,0,2,2,15.109098434448242
bert-base-multilingual-cased,en,22,marker_pool,-2,2,4,11.063992500305176
bert-base-multilingual-cased,en,23,marker_pool,-2,-1,1,9.663997650146484
bert-base-multilingual-cased,en,23,marker_pool,-1,0,1,11.45307731628418
bert-base-multilingual-cased,en,23,marker_pool,0,1,1,13.05937671661377
bert-base-multilingual-cased,en,23,marker_pool,1,2,1,10.436912536621094
bert-base-multilingual-cased,en,23,marker_pool,-2,0,2,12.892987251281738
bert-base-multilingual-cased,en,23,marker_pool,-1,1,2,10.257233619689941
bert-base-multilingual-cased,en,23,marker_pool,0,2,2,13.49730396270752
bert-base-multilingual-cased,en,23,marker_pool,-2,2,4,10.792708396911621
bert-base-multilingual-cased,en,24,marker_pool,-2,-1,1,10.275670051574707
bert-base-multilingual-cased,en,24,marker_pool,-1,0,1,12.273757934570312
bert-base-multilingual-cased,en,24,marker_pool,0,1,1,14.662440299987793
bert-base-multilingual-cased,en,24,marker_pool,1,2,1,11.047249794006348
bert-base-multilingual-cased,en,24,marker_pool,-2,0,2,14.768867492675781
bert-base-multilingual-cased,en,24,marker_pool,-1,1,2,10.133719444274902
bert-base-multilingual-cased,en,24,marker_pool,0,2,2,16.103147506713867
bert-base-multilingual-cased,en,24,marker_pool,-2,2,4,11.635616302490234
bert-base-multilingual-cased,en,25,marker_pool,-2,-1,1,9.369881629943848
bert-base-multilingual-cased,en,25,marker_pool,-1,0,1,11.296679496765137
bert-base-multilingual-cased,en,25,marker_pool,0,1,1,12.669204711914062
bert-base-multilingual-cased,en,25,marker_pool,1,2,1,10.373559951782227
bert-base-multilingual-cased,en,25,marker_pool,-2,0,2,12.925516128540039
bert-base-multilingual-cased,en,25,marker_pool,-1,1,2,9.305928230285645
bert-base-multilingual-cased,en,25,marker_pool,0,2,2,13.48010540008545
bert-base-multilingual-cased,en,25,marker_pool,-2,2,4,10.763984680175781
bert-base-multilingual-cased,en,26,marker_pool,-2,-1,1,10.308124542236328
bert-base-multilingual-cased,en,26,marker_pool,-1,0,1,12.106919288635254
bert-base-multilingual-cased,en,26,marker_pool,0,1,1,13.85728645324707
bert-base-multilingual-cased,en,26,marker_pool,1,2,1,11.391944885253906
bert-base-multilingual-cased,en,26,marker_pool,-2,0,2,13.716419219970703
bert-base-multilingual-cased,en,26,marker_pool,-1,1,2,10.633955955505371
bert-base-multilingual-cased,en,26,marker_pool,0,2,2,14.459358215332031
bert-base-multilingual-cased,en,26,marker_pool,-2,2,4,11.16445255279541
bert-base-multilingual-cased,en,27,marker_pool,-2,-1,1,8.265790939331055
bert-base-multilingual-cased,en,27,marker_pool,-1,0,1,11.16362476348877
bert-base-multilingual-cased,en,27,marker_pool,0,1,1,12.505619049072266
bert-base-multilingual-cased,en,27,marker_pool,1,2,1,9.082632064819336
bert-base-multilingual-cased,en,27,marker_pool,-2,0,2,12.097576141357422
bert-base-multilingual-cased,en,27,marker_pool,-1,1,2,8.83246898651123
bert-base-multilingual-cased,en,27,marker_pool,0,2,2,13.243693351745605
bert-base-multilingual-cased,en,27,marker_pool,-2,2,4,9.818887710571289
bert-base-multilingual-cased,en,28,marker_pool,-2,-1,1,10.305038452148438
bert-base-multilingual-cased,en,28,marker_pool,-1,0,1,12.254826545715332
bert-base-multilingual-cased,en,28,marker_pool,0,1,1,14.506400108337402
bert-base-multilingual-cased,en,28,marker_pool,1,2,1,10.415450096130371
bert-base-multilingual-cased,en,28,marker_pool,-2,0,2,14.786548614501953
bert-base-multilingual-cased,en,28,marker_pool,-1,1,2,9.715609550476074
bert-base-multilingual-cased,en,28,marker_pool,0,2,2,16.396337509155273
bert-base-multilingual-cased,en,28,marker_pool,-2,2,4,10.917645454406738
bert-base-multilingual-cased,en,29,marker_pool,-2,-1,1,10.033495903015137
bert-base-multilingual-cased,en,29,marker_pool,-1,0,1,11.86776065826416
bert-base-multilingual-cased,en,29,marker_pool,0,1,1,14.438525199890137
bert-base-multilingual-cased,en,29,marker_pool,1,2,1,9.530679702758789
bert-base-multilingual-cased,en,29,marker_pool,-2,0,2,14.484049797058105
bert-base-multilingual-cased,en,29,marker_pool,-1,1,2,9.52773666381836
bert-base-multilingual-cased,en,29,marker_pool,0,2,2,15.355566024780273
bert-base-multilingual-cased,en,29,marker_pool,-2,2,4,10.724786758422852
bert-base-multilingual-cased,en,30,marker_pool,-2,-1,1,9.566174507141113
bert-base-multilingual-cased,en,30,marker_pool,-1,0,1,11.456573486328125
bert-base-multilingual-cased,en,30,marker_pool,0,1,1,12.86358642578125
bert-base-multilingual-cased,en,30,marker_pool,1,2,1,10.223243713378906
bert-base-multilingual-cased,en,30,marker_pool,-2,0,2,13.231185913085938
bert-base-multilingual-cased,en,30,marker_pool,-1,1,2,9.738971710205078
bert-base-multilingual-cased,en,30,marker_pool,0,2,2,13.944608688354492
bert-base-multilingual-cased,en,30,marker_pool,-2,2,4,10.439679145812988
bert-base-multilingual-cased,en,31,marker_pool,-2,-1,1,7.6225690841674805
bert-base-multilingual-cased,en,31,marker_pool,-1,0,1,11.415327072143555
bert-base-multilingual-cased,en,31,marker_pool,0,1,1,12.42417049407959
bert-base-multilingual-cased,en,31,marker_pool,1,2,1,10.018182754516602
bert-base-multilingual-cased,en,31,marker_pool,-2,0,2,12.137974739074707
bert-base-multilingual-cased,en,31,marker_pool,-1,1,2,8.879487037658691
bert-base-multilingual-cased,en,31,marker_pool,0,2,2,13.673785209655762
bert-base-multilingual-cased,en,31,marker_pool,-2,2,4,10.583809852600098
bert-base-multilingual-cased,en,32,marker_pool,-2,-1,1,8.981139183044434
bert-base-multilingual-cased,en,32,marker_pool,-1,0,1,11.684613227844238
bert-base-multilingual-cased,en,32,marker_pool,0,1,1,13.190449714660645
bert-base-multilingual-cased,en,32,marker_pool,1,2,1,9.956155776977539
bert-base-multilingual-cased,en,32,marker_pool,-2,0,2,13.232292175292969
bert-base-multilingual-cased,en,32,marker_pool,-1,1,2,9.019844055175781
bert-base-multilingual-cased,en,32,marker_pool,0,2,2,14.149460792541504
bert-base-multilingual-cased,en,32,marker_pool,-2,2,4,10.373367309570312
bert-base-multilingual-cased,en,33,marker_pool,-2,-1,1,9.734578132629395
bert-base-multilingual-cased,en,33,marker_pool,-1,0,1,11.998551368713379
bert-base-multilingual-cased,en,33,marker_pool,0,1,1,13.542491912841797
bert-base-multilingual-cased,en,33,marker_pool,1,2,1,11.760168075561523
bert-base-multilingual-cased,en,33,marker_pool,-2,0,2,13.240118026733398
bert-base-multilingual-cased,en,33,marker_pool,-1,1,2,10.90170669555664
bert-base-multilingual-cased,en,33,marker_pool,0,2,2,14.245499610900879
bert-base-multilingual-cased,en,33,marker_pool,-2,2,4,10.538172721862793
bert-base-multilingual-cased,en,34,marker_pool,-2,-1,1,10.949872016906738
bert-base-multilingual-cased,en,34,marker_pool,-1,0,1,12.315996170043945
bert-base-multilingual-cased,en,34,marker_pool,0,1,1,14.610685348510742
bert-base-multilingual-cased,en,34,marker_pool,1,2,1,10.611473083496094
bert-base-multilingual-cased,en,34,marker_pool,-2,0,2,14.650723457336426
bert-base-multilingual-cased,en,34,marker_pool,-1,1,2,10.622817039489746
bert-base-multilingual-cased,en,34,marker_pool,0,2,2,16.136489868164062
bert-base-multilingual-cased,en,34,marker_pool,-2,2,4,12.313887596130371
bert-base-multilingual-cased,en,35,marker_pool,-2,-1,1,9.249258041381836
bert-base-multilingual-cased,en,35,marker_pool,-1,0,1,10.77992057800293
bert-base-multilingual-cased,en,35,marker_pool,0,1,1,11.842754364013672
bert-base-multilingual-cased,en,35,marker_pool,1,2,1,9.380256652832031
bert-base-multilingual-cased,en,35,marker_pool,-2,0,2,12.872950553894043
bert-base-multilingual-cased,en,35,marker_pool,-1,1,2,8.587520599365234
bert-base-multilingual-cased,en,35,marker_pool,0,2,2,13.08603286743164
bert-base-multilingual-cased,en,35,marker_pool,-2,2,4,9.868144989013672
bert-base-multilingual-cased,en,36,marker_pool,-2,-1,1,8.99266242980957
bert-base-multilingual-cased,en,36,marker_pool,-1,0,1,12.608080863952637
bert-base-multilingual-cased,en,36,marker_pool,0,1,1,13.731276512145996
bert-base-multilingual-cased,en,36,marker_pool,1,2,1,10.214934349060059
bert-base-multilingual-cased,en,36,marker_pool,-2,0,2,13.857108116149902
bert-base-multilingual-cased,en,36,marker_pool,-1,1,2,9.231995582580566
bert-base-multilingual-cased,en,36,marker_pool,0,2,2,15.057398796081543
bert-base-multilingual-cased,en,36,marker_pool,-2,2,4,11.245312690734863
bert-base-multilingual-cased,en,37,marker_pool,-2,-1,1,9.244355201721191
bert-base-multilingual-cased,en,37,marker_pool,-1,0,1,11.898322105407715
bert-base-multilingual-cased,en,37,marker_pool,0,1,1,13.51954174041748
bert-base-multilingual-cased,en,37,marker_pool,1,2,1,10.8733491897583
bert-base-multilingual-cased,en,37,marker_pool,-2,0,2,13.55454158782959
bert-base-multilingual-cased,en,37,marker_pool,-1,1,2,10.268146514892578
bert-base-multilingual-cased,en,37,marker_pool,0,2,2,14.32607364654541
bert-base-multilingual-cased,en,37,marker_pool,-2,2,4,10.964662551879883
bert-base-multilingual-cased,en,38,marker_pool,-2,-1,1,9.927279472351074
bert-base-multilingual-cased,en,38,marker_pool,-1,0,1,11.568942070007324
bert-base-multilingual-cased,en,38,marker_pool,0,1,1,13.075124740600586
bert-base-multilingual-cased,en,38,marker_pool,1,2,1,10.830732345581055
bert-base-multilingual-cased,en,38,marker_pool,-2,0,2,13.275368690490723
bert-base-multilingual-cased,en,38,marker_pool,-1,1,2,10.049018859863281
bert-base-multilingual-cased,en,38,marker_pool,0,2,2,13.919635772705078
bert-base-multilingual-cased,en,38,marker_pool,-2,2,4,10.352705001831055
bert-base-multilingual-cased,en,39,marker_pool,-2,-1,1,9.167837142944336
bert-base-multilingual-cased,en,39,marker_pool,-1,0,1,11.239697456359863
bert-base-multilingual-cased,en,39,marker_pool,0,1,1,12.531952857971191
bert-base-multilingual-cased,en,39,marker_pool,1,2,1,9.679326057434082
bert-base-multilingual-cased,en,39,marker_pool,-2,0,2,12.960871696472168
bert-base-multilingual-cased,en,39,marker_pool,-1,1,2,8.750798225402832
bert-base-multilingual-cased,en,39,marker_pool,0,2,2,13.577263832092285
bert-base-multilingual-cased,en,39,marker_pool,-2,2,4,10.392752647399902
bert-base-multilingual-cased,en,40,marker_pool,-2,-1,1,9.368412971496582
bert-base-multilingual-cased,en,40,marker_pool,-1,0,1,11.768857955932617
bert-base-multilingual-cased,en,40,marker_pool,0,1,1,13.3230619430542
bert-base-multilingual-cased,en,40,marker_pool,1,2,1,10.499865531921387
bert-base-multilingual-cased,en,40,marker_pool,-2,0,2,13.193157196044922
bert-base-multilingual-cased,en,40,marker_pool,-1,1,2,9.243403434753418
bert-base-multilingual-cased,en,40,marker_pool,0,2,2,13.860068321228027
bert-base-multilingual-cased,en,40,marker_pool,-2,2,4,10.77199935913086
bert-base-multilingual-cased,en,41,marker_pool,-2,-1,1,10.37971305847168
bert-base-multilingual-cased,en,41,marker_pool,-1,0,1,11.8656587600708
bert-base-multilingual-cased,en,41,marker_pool,0,1,1,13.213976860046387
bert-base-multilingual-cased,en,41,marker_pool,1,2,1,11.389701843261719
bert-base-multilingual-cased,en,41,marker_pool,-2,0,2,13.640381813049316
bert-base-multilingual-cased,en,41,marker_pool,-1,1,2,10.554978370666504
bert-base-multilingual-cased,en,41,marker_pool,0,2,2,14.492270469665527
bert-base-multilingual-cased,en,41,marker_pool,-2,2,4,11.534051895141602
bert-base-multilingual-cased,en,42,marker_pool,-2,-1,1,10.028852462768555
bert-base-multilingual-cased,en,42,marker_pool,-1,0,1,12.152463912963867
bert-base-multilingual-cased,en,42,marker_pool,0,1,1,14.010194778442383
bert-base-multilingual-cased,en,42,marker_pool,1,2,1,10.8861665725708
bert-base-multilingual-cased,en,42,marker_pool,-2,0,2,14.12862777709961
bert-base-multilingual-cased,en,42,marker_pool,-1,1,2,10.216100692749023
bert-base-multilingual-cased,en,42,marker_pool,0,2,2,14.885679244995117
bert-base-multilingual-cased,en,42,marker_pool,-2,2,4,11.105061531066895
bert-base-multilingual-cased,en,43,marker_pool,-2,-1,1,8.71481990814209
bert-base-multilingual-cased,en,43,marker_pool,-1,0,1,13.01650619506836
bert-base-multilingual-cased,en,43,marker_pool,0,1,1,13.545160293579102
bert-base-multilingual-cased,en,43,marker_pool,1,2,1,10.543363571166992
bert-base-multilingual-cased,en,43,marker_pool,-2,0,2,13.950628280639648
bert-base-multilingual-cased,en,43,marker_pool,-1,1,2,9.664690017700195
bert-base-multilingual-cased,en,43,marker_pool,0,2,2,14.951607704162598
bert-base-multilingual-cased,en,43,marker_pool,-2,2,4,10.504364013671875
bert-base-multilingual-cased,en,44,marker_pool,-2,-1,1,9.356270790100098
bert-base-multilingual-cased,en,44,marker_pool,-1,0,1,11.787638664245605
bert-base-multilingual-cased,en,44,marker_pool,0,1,1,13.133463859558105
bert-base-multilingual-cased,en,44,marker_pool,1,2,1,10.439285278320312
bert-base-multilingual-cased,en,44,marker_pool,-2,0,2,13.217012405395508
bert-base-multilingual-cased,en,44,marker_pool,-1,1,2,9.6598482131958
bert-base-multilingual-cased,en,44,marker_pool,0,2,2,13.864753723144531
bert-base-multilingual-cased,en,44,marker_pool,-2,2,4,10.041741371154785
bert-base-multilingual-cased,en,45,marker_pool,-2,-1,1,8.620589256286621
bert-base-multilingual-cased,en,45,marker_pool,-1,0,1,11.57867431640625
bert-base-multilingual-cased,en,45,marker_pool,0,1,1,13.188718795776367
bert-base-multilingual-cased,en,45,marker_pool,1,2,1,9.383301734924316
bert-base-multilingual-cased,en,45,marker_pool,-2,0,2,12.804807662963867
bert-base-multilingual-cased,en,45,marker_pool,-1,1,2,8.630596160888672
bert-base-multilingual-cased,en,45,marker_pool,0,2,2,14.381769180297852
bert-base-multilingual-cased,en,45,marker_pool,-2,2,4,9.691778182983398
bert-base-multilingual-cased,en,46,marker_pool,-2,-1,1,9.50995922088623
bert-base-multilingual-cased,en,46,marker_pool,-1,0,1,11.066049575805664
bert-base-multilingual-cased,en,46,marker_pool,0,1,1,12.268699645996094
bert-base-multilingual-cased,en,46,marker_pool,1,2,1,10.073443412780762
bert-base-multilingual-cased,en,46,marker_pool,-2,0,2,12.904412269592285
bert-base-multilingual-cased,en,46,marker_pool,-1,1,2,9.042282104492188
bert-base-multilingual-cased,en,46,marker_pool,0,2,2,13.228056907653809
bert-base-multilingual-cased,en,46,marker_pool,-2,2,4,10.274504661560059
bert-base-multilingual-cased,en,47,marker_pool,-2,-1,1,10.191946029663086
bert-base-multilingual-cased,en,47,marker_pool,-1,0,1,12.02971363067627
bert-base-multilingual-cased,en,47,marker_pool,0,1,1,14.086313247680664
bert-base-multilingual-cased,en,47,marker_pool,1,2,1,10.894621849060059
bert-base-multilingual-cased,en,47,marker_pool,-2,0,2,14.217342376708984
bert-base-multilingual-cased,en,47,marker_pool,-1,1,2,10.298369407653809
bert-base-multilingual-cased,en,47,marker_pool,0,2,2,16.336044311523438
bert-base-multilingual-cased,en,47,marker_pool,-2,2,4,11.553452491760254
bert-base-multilingual-cased,en,48,marker_pool,-2,-1,1,10.470332145690918
bert-base-multilingual-cased,en,48,marker_pool,-1,0,1,12.146381378173828
bert-base-multilingual-cased,en,48,marker_pool,0,1,1,14.095839500427246
bert-base-multilingual-cased,en,48,marker_pool,1,2,1,10.640250205993652
bert-base-multilingual-cased,en,48,marker_pool,-2,0,2,13.824542999267578
bert-base-multilingual-cased,en,48,marker_pool,-1,1,2,10.700517654418945
bert-base-multilingual-cased,en,48,marker_pool,0,2,2,14.814189910888672
bert-base-multilingual-cased,en,48,marker_pool,-2,2,4,11.506621360778809
bert-base-multilingual-cased,en,49,marker_pool,-2,-1,1,8.68775749206543
bert-base-multilingual-cased,en,49,marker_pool,-1,0,1,11.420524597167969
bert-base-multilingual-cased,en,49,marker_pool,0,1,1,12.655012130737305
bert-base-multilingual-cased,en,49,marker_pool,1,2,1,9.327820777893066
bert-base-multilingual-cased,en,49,marker_pool,-2,0,2,12.531167984008789
bert-base-multilingual-cased,en,49,marker_pool,-1,1,2,9.052245140075684
bert-base-multilingual-cased,en,49,marker_pool,0,2,2,13.481563568115234
bert-base-multilingual-cased,en,49,marker_pool,-2,2,4,9.739182472229004
bert-base-multilingual-cased,en,50,marker_pool,-2,-1,1,9.346921920776367
bert-base-multilingual-cased,en,50,marker_pool,-1,0,1,11.479643821716309
bert-base-multilingual-cased,en,50,marker_pool,0,1,1,13.798879623413086
bert-base-multilingual-cased,en,50,marker_pool,1,2,1,9.649983406066895
bert-base-multilingual-cased,en,50,marker_pool,-2,0,2,13.15771198272705
bert-base-multilingual-cased,en,50,marker_pool,-1,1,2,9.203669548034668
bert-base-multilingual-cased,en,50,marker_pool,0,2,2,15.097713470458984
bert-base-multilingual-cased,en,50,marker_pool,-2,2,4,10.635952949523926
bert-base-multilingual-cased,en,51,marker_pool,-2,-1,1,9.51424503326416
bert-base-multilingual-cased,en,51,marker_pool,-1,0,1,11.271263122558594
bert-base-multilingual-cased,en,51,marker_pool,0,1,1,13.634299278259277
bert-base-multilingual-cased,en,51,marker_pool,1,2,1,11.361897468566895
bert-base-multilingual-cased,en,51,marker_pool,-2,0,2,13.049042701721191
bert-base-multilingual-cased,en,51,marker_pool,-1,1,2,10.707162857055664
bert-base-multilingual-cased,en,51,marker_pool,0,2,2,14.02011489868164
bert-base-multilingual-cased,en,51,marker_pool,-2,2,4,10.935100555419922
bert-base-multilingual-cased,en,52,marker_pool,-2,-1,1,9.90550422668457
bert-base-multilingual-cased,en,52,marker_pool,-1,0,1,12.54047966003418
bert-base-multilingual-cased,en,52,marker_pool,0,1,1,13.942177772521973
bert-base-multilingual-cased,en,52,marker_pool,1,2,1,11.01850414276123
bert-base-multilingual-cased,en,52,marker_pool,-2,0,2,13.803943634033203
bert-base-multilingual-cased,en,52,marker_pool,-1,1,2,10.163138389587402
bert-base-multilingual-cased,en,52,marker_pool,0,2,2,14.633256912231445
bert-base-multilingual-cased,en,52,marker_pool,-2,2,4,11.619108200073242
bert-base-multilingual-cased,en,53,marker_pool,-2,-1,1,9.261231422424316
bert-base-multilingual-cased,en,53,marker_pool,-1,0,1,11.511369705200195
bert-base-multilingual-cased,en,53,marker_pool,0,1,1,12.926807403564453
bert-base-multilingual-cased,en,53,marker_pool,1,2,1,9.822320938110352
bert-base-multilingual-cased,en,53,marker_pool,-2,0,2,13.571760177612305
bert-base-multilingual-cased,en,53,marker_pool,-1,1,2,8.981060028076172
bert-base-multilingual-cased,en,53,marker_pool,0,2,2,14.35052490234375
bert-base-multilingual-cased,en,53,marker_pool,-2,2,4,10.14753246307373
bert-base-multilingual-cased,en,54,marker_pool,-2,-1,1,8.909798622131348
bert-base-multilingual-cased,en,54,marker_pool,-1,0,1,11.467510223388672
bert-base-multilingual-cased,en,54,marker_pool,0,1,1,12.913634300231934
bert-base-multilingual-cased,en,54,marker_pool,1,2,1,10.082313537597656
bert-base-multilingual-cased,en,54,marker_pool,-2,0,2,12.476238250732422
bert-base-multilingual-cased,en,54,marker_pool,-1,1,2,9.7324857711792
bert-base-multilingual-cased,en,54,marker_pool,0,2,2,13.408103942871094
bert-base-multilingual-cased,en,54,marker_pool,-2,2,4,9.79078197479248
bert-base-multilingual-cased,en,55,marker_pool,-2,-1,1,9.630331993103027
bert-base-multilingual-cased,en,55,marker_pool,-1,0,1,11.607501029968262
bert-base-multilingual-cased,en,55,marker_pool,0,1,1,13.235879898071289
bert-base-multilingual-cased,en,55,marker_pool,1,2,1,10.7145414352417
bert-base-multilingual-cased,en,55,marker_pool,-2,0,2,12.919121742248535
bert-base-multilingual-cased,en,55,marker_pool,-1,1,2,10.249866485595703
bert-base-multilingual-cased,en,55,marker_pool,0,2,2,13.604658126831055
bert-base-multilingual-cased,en,55,marker_pool,-2,2,4,10.022665977478027
bert-base-multilingual-cased,en,56,marker_pool,-2,-1,1,9.081491470336914
bert-base-multilingual-cased,en,56,marker_pool,-1,0,1,12.033394813537598
bert-base-multilingual-cased,en,56,marker_pool,0,1,1,13.770118713378906
bert-base-multilingual-cased,en,56,marker_pool,1,2,1,10.215606689453125
bert-base-multilingual-cased,en,56,marker_pool,-2,0,2,13.174101829528809
bert-base-multilingual-cased,en,56,marker_pool,-1,1,2,9.833353042602539
bert-base-multilingual-cased,en,56,marker_pool,0,2,2,14.233231544494629
bert-base-multilingual-cased,en,56,marker_pool,-2,2,4,11.325374603271484
bert-base-multilingual-cased,en,57,marker_pool,-2,-1,1,7.4433441162109375
bert-base-multilingual-cased,en,57,marker_pool,-1,0,1,11.086191177368164
bert-base-multilingual-cased,en,57,marker_pool,0,1,1,12.095370292663574
bert-base-multilingual-cased,en,57,marker_pool,1,2,1,9.557161331176758
bert-base-multilingual-cased,en,57,marker_pool,-2,0,2,12.151339530944824
bert-base-multilingual-cased,en,57,marker_pool,-1,1,2,8.113512992858887
bert-base-multilingual-cased,en,57,marker_pool,0,2,2,13.592178344726562
bert-base-multilingual-cased,en,57,marker_pool,-2,2,4,10.737994194030762
bert-base-multilingual-cased,en,58,marker_pool,-2,-1,1,10.25584602355957
bert-base-multilingual-cased,en,58,marker_pool,-1,0,1,12.204885482788086
bert-base-multilingual-cased,en,58,marker_pool,0,1,1,13.594429016113281
bert-base-multilingual-cased,en,58,marker_pool,1,2,1,11.799052238464355
bert-base-multilingual-cased,en,58,marker_pool,-2,0,2,13.735191345214844
bert-base-multilingual-cased,en,58,marker_pool,-1,1,2,10.614053726196289
bert-base-multilingual-cased,en,58,marker_pool,0,2,2,14.900282859802246
bert-base-multilingual-cased,en,58,marker_pool,-2,2,4,10.954782485961914
bert-base-multilingual-cased,en,59,marker_pool,-2,-1,1,10.695061683654785
bert-base-multilingual-cased,en,59,marker_pool,-1,0,1,12.026922225952148
bert-base-multilingual-cased,en,59,marker_pool,0,1,1,14.440972328186035
bert-base-multilingual-cased,en,59,marker_pool,1,2,1,11.591270446777344
bert-base-multilingual-cased,en,59,marker_pool,-2,0,2,14.812034606933594
bert-base-multilingual-cased,en,59,marker_pool,-1,1,2,10.086926460266113
bert-base-multilingual-cased,en,59,marker_pool,0,2,2,15.951651573181152
bert-base-multilingual-cased,en,59,marker_pool,-2,2,4,11.589239120483398
bert-base-multilingual-cased,en,60,marker_pool,-2,-1,1,9.262060165405273
bert-base-multilingual-cased,en,60,marker_pool,-1,0,1,11.118179321289062
bert-base-multilingual-cased,en,60,marker_pool,0,1,1,13.071556091308594
bert-base-multilingual-cased,en,60,marker_pool,1,2,1,10.441329956054688
bert-base-multilingual-cased,en,60,marker_pool,-2,0,2,13.197628021240234
bert-base-multilingual-cased,en,60,marker_pool,-1,1,2,9.307210922241211
bert-base-multilingual-cased,en,60,marker_pool,0,2,2,13.819655418395996
bert-base-multilingual-cased,en,60,marker_pool,-2,2,4,9.586664199829102
bert-base-multilingual-cased,en,61,marker_pool,-2,-1,1,10.428407669067383
bert-base-multilingual-cased,en,61,marker_pool,-1,0,1,12.482522964477539
bert-base-multilingual-cased,en,61,marker_pool,0,1,1,14.173259735107422
bert-base-multilingual-cased,en,61,marker_pool,1,2,1,10.805534362792969
bert-base-multilingual-cased,en,61,marker_pool,-2,0,2,14.53262710571289
bert-base-multilingual-cased,en,61,marker_pool,-1,1,2,9.773017883300781
bert-base-multilingual-cased,en,61,marker_pool,0,2,2,15.276765823364258
bert-base-multilingual-cased,en,61,marker_pool,-2,2,4,11.188109397888184
bert-base-multilingual-cased,en,62,marker_pool,-2,-1,1,9.442004203796387
bert-base-multilingual-cased,en,62,marker_pool,-1,0,1,11.553670883178711
bert-base-multilingual-cased,en,62,marker_pool,0,1,1,13.363906860351562
bert-base-multilingual-cased,en,62,marker_pool,1,2,1,9.999383926391602
bert-base-multilingual-cased,en,62,marker_pool,-2,0,2,13.68449878692627
bert-base-multilingual-cased,en,62,marker_pool,-1,1,2,9.117266654968262
bert-base-multilingual-cased,en,62,marker_pool,0,2,2,14.947369575500488
bert-base-multilingual-cased,en,62,marker_pool,-2,2,4,10.121466636657715
bert-base-multilingual-cased,en,63,marker_pool,-2,-1,1,9.078298568725586
bert-base-multilingual-cased,en,63,marker_pool,-1,0,1,11.90554141998291
bert-base-multilingual-cased,en,63,marker_pool,0,1,1,13.536349296569824
bert-base-multilingual-cased,en,63,marker_pool,1,2,1,9.930896759033203
bert-base-multilingual-cased,en,63,marker_pool,-2,0,2,13.520572662353516
bert-base-multilingual-cased,en,63,marker_pool,-1,1,2,8.863590240478516
bert-base-multilingual-cased,en,63,marker_pool,0,2,2,14.717428207397461
bert-base-multilingual-cased,en,63,marker_pool,-2,2,4,9.917856216430664
bert-base-multilingual-cased,en,64,marker_pool,-2,-1,1,9.959609985351562
bert-base-multilingual-cased,en,64,marker_pool,-1,0,1,12.614907264709473
bert-base-multilingual-cased,en,64,marker_pool,0,1,1,14.079628944396973
bert-base-multilingual-cased,en,64,marker_pool,1,2,1,10.59077262878418
bert-base-multilingual-cased,en,64,marker_pool,-2,0,2,13.958102226257324
bert-base-multilingual-cased,en,64,marker_pool,-1,1,2,9.714971542358398
bert-base-multilingual-cased,en,64,marker_pool,0,2,2,14.862722396850586
bert-base-multilingual-cased,en,64,marker_pool,-2,2,4,11.53349494934082
bert-base-multilingual-cased,en,65,marker_pool,-2,-1,1,9.030752182006836
bert-base-multilingual-cased,en,65,marker_pool,-1,0,1,10.906763076782227
bert-base-multilingual-cased,en,65,marker_pool,0,1,1,12.371094703674316
bert-base-multilingual-cased,en,65,marker_pool,1,2,1,9.867066383361816
bert-base-multilingual-cased,en,65,marker_pool,-2,0,2,12.777804374694824
bert-base-multilingual-cased,en,65,marker_pool,-1,1,2,8.550498008728027
bert-base-multilingual-cased,en,65,marker_pool,0,2,2,13.424572944641113
bert-base-multilingual-cased,en,65,marker_pool,-2,2,4,9.978157997131348
bert-base-multilingual-cased,en,66,marker_pool,-2,-1,1,10.400153160095215
bert-base-multilingual-cased,en,66,marker_pool,-1,0,1,12.3053617477417
bert-base-multilingual-cased,en,66,marker_pool,0,1,1,14.514615058898926
bert-base-multilingual-cased,en,66,marker_pool,1,2,1,10.09014892578125
bert-base-multilingual-cased,en,66,marker_pool,-2,0,2,14.91034984588623
bert-base-multilingual-cased,en,66,marker_pool,-1,1,2,9.641077995300293
bert-base-multilingual-cased,en,66,marker_pool,0,2,2,16.48935317993164
bert-base-multilingual-cased,en,66,marker_pool,-2,2,4,11.146032333374023
bert-base-multilingual-cased,en,67,marker_pool,-2,-1,1,10.684113502502441
bert-base-multilingual-cased,en,67,marker_pool,-1,0,1,12.283199310302734
bert-base-multilingual-cased,en,67,marker_pool,0,1,1,14.641829490661621
bert-base-multilingual-cased,en,67,marker_pool,1,2,1,11.638585090637207
bert-base-multilingual-cased,en,67,marker_pool,-2,0,2,14.679439544677734
bert-base-multilingual-cased,en,67,marker_pool,-1,1,2,10.425728797912598
bert-base-multilingual-cased,en,67,marker_pool,0,2,2,14.997227668762207
bert-base-multilingual-cased,en,67,marker_pool,-2,2,4,11.518012046813965
bert-base-multilingual-cased,en,68,marker_pool,-2,-1,1,10.626638412475586
bert-base-multilingual-cased,en,68,marker_pool,-1,0,1,11.933388710021973
bert-base-multilingual-cased,en,68,marker_pool,0,1,1,13.538176536560059
bert-base-multilingual-cased,en,68,marker_pool,1,2,1,10.42326545715332
bert-base-multilingual-cased,en,68,marker_pool,-2,0,2,13.820990562438965
bert-base-multilingual-cased,en,68,marker_pool,-1,1,2,10.127179145812988
bert-base-multilingual-cased,en,68,marker_pool,0,2,2,14.489346504211426
bert-base-multilingual-cased,en,68,marker_pool,-2,2,4,11.146458625793457
bert-base-multilingual-cased,en,69,marker_pool,-2,-1,1,8.584028244018555
bert-base-multilingual-cased,en,69,marker_pool,-1,0,1,11.89094066619873
bert-base-multilingual-cased,en,69,marker_pool,0,1,1,13.169001579284668
bert-base-multilingual-cased,en,69,marker_pool,1,2,1,9.650001525878906
bert-base-multilingual-cased,en,69,marker_pool,-2,0,2,13.17945384979248
bert-base-multilingual-cased,en,69,marker_pool,-1,1,2,8.639823913574219
bert-base-multilingual-cased,en,69,marker_pool,0,2,2,14.204841613769531
bert-base-multilingual-cased,en,69,marker_pool,-2,2,4,10.407899856567383
bert-base-multilingual-cased,en,70,marker_pool,-2,-1,1,10.55754280090332
bert-base-multilingual-cased,en,70,marker_pool,-1,0,1,12.864380836486816
bert-base-multilingual-cased,en,70,marker_pool,0,1,1,14.249021530151367
bert-base-multilingual-cased,en,70,marker_pool,1,2,1,11.014050483703613
bert-base-multilingual-cased,en,70,marker_pool,-2,0,2,14.820323944091797
bert-base-multilingual-cased,en,70,marker_pool,-1,1,2,9.696403503417969
bert-base-multilingual-cased,en,70,marker_pool,0,2,2,15.397090911865234
bert-base-multilingual-cased,en,70,marker_pool,-2,2,4,11.633279800415039
bert-base-multilingual-cased,en,71,marker_pool,-2,-1,1,9.655609130859375
bert-base-multilingual-cased,en,71,marker_pool,-1,0,1,11.85197639465332
bert-base-multilingual-cased,en,71,marker_pool,0,1,1,13.623322486877441
bert-base-multilingual-cased,en,71,marker_pool,1,2,1,10.428722381591797
bert-base-multilingual-cased,en,71,marker_pool,-2,0,2,14.061820030212402
bert-base-multilingual-cased,en,71,marker_pool,-1,1,2,9.014519691467285
bert-base-multilingual-cased,en,71,marker_pool,0,2,2,14.828264236450195
bert-base-multilingual-cased,en,71,marker_pool,-2,2,4,10.292941093444824
bert-base-multilingual-cased,en,72,marker_pool,-2,-1,1,10.006999015808105
bert-base-multilingual-cased,en,72,marker_pool,-1,0,1,12.097387313842773
bert-base-multilingual-cased,en,72,marker_pool,0,1,1,14.34028434753418
bert-base-multilingual-cased,en,72,marker_pool,1,2,1,10.460671424865723
bert-base-multilingual-cased,en,72,marker_pool,-2,0,2,14.194405555725098
bert-base-multilingual-cased,en,72,marker_pool,-1,1,2,9.695100784301758
bert-base-multilingual-cased,en,72,marker_pool,0,2,2,15.748576164245605
bert-base-multilingual-cased,en,72,marker_pool,-2,2,4,10.530416488647461
bert-base-multilingual-cased,en,73,marker_pool,-2,-1,1,10.578530311584473
bert-base-multilingual-cased,en,73,marker_pool,-1,0,1,12.574623107910156
bert-base-multilingual-cased,en,73,marker_pool,0,1,1,14.018677711486816
bert-base-multilingual-cased,en,73,marker_pool,1,2,1,10.287286758422852
bert-base-multilingual-cased,en,73,marker_pool,-2,0,2,14.204418182373047
bert-base-multilingual-cased,en,73,marker_pool,-1,1,2,10.285667419433594
bert-base-multilingual-cased,en,73,marker_pool,0,2,2,14.863295555114746
bert-base-multilingual-cased,en,73,marker_pool,-2,2,4,11.68077278137207
bert-base-multilingual-cased,en,74,marker_pool,-2,-1,1,9.2822265625
bert-base-multilingual-cased,en,74,marker_pool,-1,0,1,11.568002700805664
bert-base-multilingual-cased,en,74,marker_pool,0,1,1,12.912191390991211
bert-base-multilingual-cased,en,74,marker_pool,1,2,1,10.086156845092773
bert-base-multilingual-cased,en,74,marker_pool,-2,0,2,13.038758277893066
bert-base-multilingual-cased,en,74,marker_pool,-1,1,2,9.572653770446777
bert-base-multilingual-cased,en,74,marker_pool,0,2,2,13.896379470825195
bert-base-multilingual-cased,en,74,marker_pool,-2,2,4,10.520039558410645
bert-base-multilingual-cased,en,75,marker_pool,-2,-1,1,10.194161415100098
bert-base-multilingual-cased,en,75,marker_pool,-1,0,1,12.193904876708984
bert-base-multilingual-cased,en,75,marker_pool,0,1,1,13.601029396057129
bert-base-multilingual-cased,en,75,marker_pool,1,2,1,11.130023002624512
bert-base-multilingual-cased,en,75,marker_pool,-2,0,2,13.728524208068848
bert-base-multilingual-cased,en,75,marker_pool,-1,1,2,10.536520004272461
bert-base-multilingual-cased,en,75,marker_pool,0,2,2,14.192657470703125
bert-base-multilingual-cased,en,75,marker_pool,-2,2,4,11.09839153289795
bert-base-multilingual-cased,en,76,marker_pool,-2,-1,1,9.969535827636719
bert-base-multilingual-cased,en,76,marker_pool,-1,0,1,12.360943794250488
bert-base-multilingual-cased,en,76,marker_pool,0,1,1,14.6465482711792
bert-base-multilingual-cased,en,76,marker_pool,1,2,1,11.330280303955078
bert-base-multilingual-cased,en,76,marker_pool,-2,0,2,14.66273307800293
bert-base-multilingual-cased,en,76,marker_pool,-1,1,2,10.408978462219238
bert-base-multilingual-cased,en,76,marker_pool,0,2,2,15.265965461730957
bert-base-multilingual-cased,en,76,marker_pool,-2,2,4,11.145764350891113
bert-base-multilingual-cased,en,77,marker_pool,-2,-1,1,9.796606063842773
bert-base-multilingual-cased,en,77,marker_pool,-1,0,1,11.697965621948242
bert-base-multilingual-cased,en,77,marker_pool,0,1,1,13.050870895385742
bert-base-multilingual-cased,en,77,marker_pool,1,2,1,10.549694061279297
bert-base-multilingual-cased,en,77,marker_pool,-2,0,2,12.97531509399414
bert-base-multilingual-cased,en,77,marker_pool,-1,1,2,10.00136947631836
bert-base-multilingual-cased,en,77,marker_pool,0,2,2,13.935063362121582
bert-base-multilingual-cased,en,77,marker_pool,-2,2,4,11.396127700805664
bert-base-multilingual-cased,en,78,marker_pool,-2,-1,1,9.154488563537598
bert-base-multilingual-cased,en,78,marker_pool,-1,0,1,11.92587947845459
bert-base-multilingual-cased,en,78,marker_pool,0,1,1,13.704840660095215
bert-base-multilingual-cased,en,78,marker_pool,1,2,1,10.966398239135742
bert-base-multilingual-cased,en,78,marker_pool,-2,0,2,12.998482704162598
bert-base-multilingual-cased,en,78,marker_pool,-1,1,2,10.460615158081055
bert-base-multilingual-cased,en,78,marker_pool,0,2,2,13.888837814331055
bert-base-multilingual-cased,en,78,marker_pool,-2,2,4,10.361157417297363
bert-base-multilingual-cased,en,79,marker_pool,-2,-1,1,9.371702194213867
bert-base-multilingual-cased,en,79,marker_pool,-1,0,1,11.76222038269043
bert-base-multilingual-cased,en,79,marker_pool,0,1,1,12.899624824523926
bert-base-multilingual-cased,en,79,marker_pool,1,2,1,9.864360809326172
bert-base-multilingual-cased,en,79,marker_pool,-2,0,2,13.055065155029297
bert-base-multilingual-cased,en,79,marker_pool,-1,1,2,9.537144660949707
bert-base-multilingual-cased,en,79,marker_pool,0,2,2,13.834449768066406
bert-base-multilingual-cased,en,79,marker_pool,-2,2,4,9.55933666229248
bert-base-multilingual-cased,en,80,marker_pool,-2,-1,1,8.736272811889648
bert-base-multilingual-cased,en,80,marker_pool,-1,0,1,11.171266555786133
bert-base-multilingual-cased,en,80,marker_pool,0,1,1,12.84759521484375
bert-base-multilingual-cased,en,80,marker_pool,1,2,1,10.228741645812988
bert-base-multilingual-cased,en,80,marker_pool,-2,0,2,12.833335876464844
bert-base-multilingual-cased,en,80,marker_pool,-1,1,2,9.27011775970459
bert-base-multilingual-cased,en,80,marker_pool,0,2,2,13.556843757629395
bert-base-multilingual-cased,en,80,marker_pool,-2,2,4,10.345399856567383
bert-base-multilingual-cased,en,81,marker_pool,-2,-1,1,9.698442459106445
bert-base-multilingual-cased,en,81,marker_pool,-1,0,1,11.483311653137207
bert-base-multilingual-cased,en,81,marker_pool,0,1,1,13.537160873413086
bert-base-multilingual-cased,en,81,marker_pool,1,2,1,10.761608123779297
bert-base-multilingual-cased,en,81,marker_pool,-2,0,2,13.618037223815918
bert-base-multilingual-cased,en,81,marker_pool,-1,1,2,9.056986808776855
bert-base-multilingual-cased,en,81,marker_pool,0,2,2,15.253534317016602
bert-base-multilingual-cased,en,81,marker_pool,-2,2,4,11.049432754516602
bert-base-multilingual-cased,en,82,marker_pool,-2,-1,1,9.642417907714844
bert-base-multilingual-cased,en,82,marker_pool,-1,0,1,11.951289176940918
bert-base-multilingual-cased,en,82,marker_pool,0,1,1,13.508404731750488
bert-base-multilingual-cased,en,82,marker_pool,1,2,1,10.874829292297363
bert-base-multilingual-cased,en,82,marker_pool,-2,0,2,13.264334678649902
bert-base-multilingual-cased,en,82,marker_pool,-1,1,2,9.706652641296387
bert-base-multilingual-cased,en,82,marker_pool,0,2,2,14.142807006835938
bert-base-multilingual-cased,en,82,marker_pool,-2,2,4,11.36021614074707
bert-base-multilingual-cased,en,83,marker_pool,-2,-1,1,9.172332763671875
bert-base-multilingual-cased,en,83,marker_pool,-1,0,1,11.822729110717773
bert-base-multilingual-cased,en,83,marker_pool,0,1,1,13.329500198364258
bert-base-multilingual-cased,en,83,marker_pool,1,2,1,10.147533416748047
bert-base-multilingual-cased,en,83,marker_pool,-2,0,2,13.50226879119873
bert-base-multilingual-cased,en,83,marker_pool,-1,1,2,9.443598747253418
bert-base-multilingual-cased,en,83,marker_pool,0,2,2,14.072835922241211
bert-base-multilingual-cased,en,83,marker_pool,-2,2,4,10.165313720703125
bert-base-multilingual-cased,en,84,marker_pool,-2,-1,1,9.976663589477539
bert-base-multilingual-cased,en,84,marker_pool,-1,0,1,11.824580192565918
bert-base-multilingual-cased,en,84,marker_pool,0,1,1,13.559911727905273
bert-base-multilingual-cased,en,84,marker_pool,1,2,1,11.120787620544434
bert-base-multilingual-cased,en,84,marker_pool,-2,0,2,13.38662052154541
bert-base-multilingual-cased,en,84,marker_pool,-1,1,2,10.25312614440918
bert-base-multilingual-cased,en,84,marker_pool,0,2,2,14.11529541015625
bert-base-multilingual-cased,en,84,marker_pool,-2,2,4,10.798702239990234
bert-base-multilingual-cased,en,85,marker_pool,-2,-1,1,9.0054292678833
bert-base-multilingual-cased,en,85,marker_pool,-1,0,1,10.743058204650879
bert-base-multilingual-cased,en,85,marker_pool,0,1,1,12.078631401062012
bert-base-multilingual-cased,en,85,marker_pool,1,2,1,9.884208679199219
bert-base-multilingual-cased,en,85,marker_pool,-2,0,2,12.501710891723633
bert-base-multilingual-cased,en,85,marker_pool,-1,1,2,9.25905704498291
bert-base-multilingual-cased,en,85,marker_pool,0,2,2,13.336823463439941
bert-base-multilingual-cased,en,85,marker_pool,-2,2,4,10.112048149108887
bert-base-multilingual-cased,en,86,marker_pool,-2,-1,1,10.549491882324219
bert-base-multilingual-cased,en,86,marker_pool,-1,0,1,12.360280990600586
bert-base-multilingual-cased,en,86,marker_pool,0,1,1,14.201924324035645
bert-base-multilingual-cased,en,86,marker_pool,1,2,1,11.229862213134766
bert-base-multilingual-cased,en,86,marker_pool,-2,0,2,14.85692024230957
bert-base-multilingual-cased,en,86,marker_pool,-1,1,2,9.864479064941406
bert-base-multilingual-cased,en,86,marker_pool,0,2,2,16.421472549438477
bert-base-multilingual-cased,en,86,marker_pool,-2,2,4,11.431764602661133
bert-base-multilingual-cased,en,87,marker_pool,-2,-1,1,8.387211799621582
bert-base-multilingual-cased,en,87,marker_pool,-1,0,1,11.744255065917969
bert-base-multilingual-cased,en,87,marker_pool,0,1,1,13.213852882385254
bert-base-multilingual-cased,en,87,marker_pool,1,2,1,9.385453224182129
bert-base-multilingual-cased,en,87,marker_pool,-2,0,2,13.428150177001953
bert-base-multilingual-cased,en,87,marker_pool,-1,1,2,8.494559288024902
bert-base-multilingual-cased,en,87,marker_pool,0,2,2,14.613421440124512
bert-base-multilingual-cased,en,87,marker_pool,-2,2,4,10.430213928222656
bert-base-multilingual-cased,en,88,marker_pool,-2,-1,1,9.994604110717773
bert-base-multilingual-cased,en,88,marker_pool,-1,0,1,12.634799003601074
bert-base-multilingual-cased,en,88,marker_pool,0,1,1,13.791903495788574
bert-base-multilingual-cased,en,88,marker_pool,1,2,1,10.356817245483398
bert-base-multilingual-cased,en,88,marker_pool,-2,0,2,14.145146369934082
bert-base-multilingual-cased,en,88,marker_pool,-1,1,2,9.772890090942383
bert-base-multilingual-cased,en,88,marker_pool,0,2,2,14.8887300491333
bert-base-multilingual-cased,en,88,marker_pool,-2,2,4,11.097679138183594
bert-base-multilingual-cased,en,89,marker_pool,-2,-1,1,10.500503540039062
bert-base-multilingual-cased,en,89,marker_pool,-1,0,1,11.897525787353516
bert-base-multilingual-cased,en,89,marker_pool,0,1,1,14.247335433959961
bert-base-multilingual-cased,en,89,marker_pool,1,2,1,10.666715621948242
bert-base-multilingual-cased,en,89,marker_pool,-2,0,2,14.216531753540039
bert-base-multilingual-cased,en,89,marker_pool,-1,1,2,9.986908912658691
bert-base-multilingual-cased,en,89,marker_pool,0,2,2,16.05983543395996
bert-base-multilingual-cased,en,89,marker_pool,-2,2,4,11.66735553741455
bert-base-multilingual-cased,en,90,marker_pool,-2,-1,1,9.366631507873535
bert-base-multilingual-cased,en,90,marker_pool,-1,0,1,12.386514663696289
bert-base-multilingual-cased,en,90,marker_pool,0,1,1,14.105339050292969
bert-base-multilingual-cased,en,90,marker_pool,1,2,1,9.150064468383789
bert-base-multilingual-cased,en,90,marker_pool,-2,0,2,14.403429985046387
bert-base-multilingual-cased,en,90,marker_pool,-1,1,2,9.459602355957031
bert-base-multilingual-cased,en,90,marker_pool,0,2,2,15.2870454788208
bert-base-multilingual-cased,en,90,marker_pool,-2,2,4,10.787909507751465
bert-base-multilingual-cased,en,91,marker_pool,-2,-1,1,9.400838851928711
bert-base-multilingual-cased,en,91,marker_pool,-1,0,1,11.828580856323242
bert-base-multilingual-cased,en,91,marker_pool,0,1,1,13.45190143585205
bert-base-multilingual-cased,en,91,marker_pool,1,2,1,11.631824493408203
bert-base-multilingual-cased,en,91,marker_pool,-2,0,2,13.110748291015625
bert-base-multilingual-cased,en,91,marker_pool,-1,1,2,10.570636749267578
bert-base-multilingual-cased,en,91,marker_pool,0,2,2,14.068509101867676
bert-base-multilingual-cased,en,91,marker_pool,-2,2,4,10.851399421691895
bert-base-multilingual-cased,en,92,marker_pool,-2,-1,1,9.004061698913574
bert-base-multilingual-cased,en,92,marker_pool,-1,0,1,12.276636123657227
bert-base-multilingual-cased,en,92,marker_pool,0,1,1,13.718356132507324
bert-base-multilingual-cased,en,92,marker_pool,1,2,1,9.59512996673584
bert-base-multilingual-cased,en,92,marker_pool,-2,0,2,13.595560073852539
bert-base-multilingual-cased,en,92,marker_pool,-1,1,2,8.37793254852295
bert-base-multilingual-cased,en,92,marker_pool,0,2,2,14.958175659179688
bert-base-multilingual-cased,en,92,marker_pool,-2,2,4,10.262990951538086
bert-base-multilingual-cased,en,93,marker_pool,-2,-1,1,9.943010330200195
bert-base-multilingual-cased,en,93,marker_pool,-1,0,1,12.463022232055664
bert-base-multilingual-cased,en,93,marker_pool,0,1,1,14.047261238098145
bert-base-multilingual-cased,en,93,marker_pool,1,2,1,10.267888069152832
bert-base-multilingual-cased,en,93,marker_pool,-2,0,2,13.705046653747559
bert-base-multilingual-cased,en,93,marker_pool,-1,1,2,10.30003833770752
bert-base-multilingual-cased,en,93,marker_pool,0,2,2,14.652254104614258
bert-base-multilingual-cased,en,93,marker_pool,-2,2,4,11.725842475891113
bert-base-multilingual-cased,en,94,marker_pool,-2,-1,1,9.982426643371582
bert-base-multilingual-cased,en,94,marker_pool,-1,0,1,12.733168601989746
bert-base-multilingual-cased,en,94,marker_pool,0,1,1,14.545891761779785
bert-base-multilingual-cased,en,94,marker_pool,1,2,1,10.688397407531738
bert-base-multilingual-cased,en,94,marker_pool,-2,0,2,14.739307403564453
bert-base-multilingual-cased,en,94,marker_pool,-1,1,2,9.229689598083496
bert-base-multilingual-cased,en,94,marker_pool,0,2,2,15.058844566345215
bert-base-multilingual-cased,en,94,marker_pool,-2,2,4,10.945110321044922
bert-base-multilingual-cased,en,95,marker_pool,-2,-1,1,9.862210273742676
bert-base-multilingual-cased,en,95,marker_pool,-1,0,1,11.764667510986328
bert-base-multilingual-cased,en,95,marker_pool,0,1,1,13.81085205078125
bert-base-multilingual-cased,en,95,marker_pool,1,2,1,11.303223609924316
bert-base-multilingual-cased,en,95,marker_pool,-2,0,2,13.800002098083496
bert-base-multilingual-cased,en,95,marker_pool,-1,1,2,10.29766845703125
bert-base-multilingual-cased,en,95,marker_pool,0,2,2,14.924646377563477
bert-base-multilingual-cased,en,95,marker_pool,-2,2,4,11.698543548583984
bert-base-multilingual-cased,en,96,marker_pool,-2,-1,1,9.428666114807129
bert-base-multilingual-cased,en,96,marker_pool,-1,0,1,12.244660377502441
bert-base-multilingual-cased,en,96,marker_pool,0,1,1,13.867077827453613
bert-base-multilingual-cased,en,96,marker_pool,1,2,1,10.917400360107422
bert-base-multilingual-cased,en,96,marker_pool,-2,0,2,13.55487060546875
bert-base-multilingual-cased,en,96,marker_pool,-1,1,2,10.171223640441895
bert-base-multilingual-cased,en,96,marker_pool,0,2,2,14.257180213928223
bert-base-multilingual-cased,en,96,marker_pool,-2,2,4,10.798983573913574
bert-base-multilingual-cased,en,97,marker_pool,-2,-1,1,9.91568374633789
bert-base-multilingual-cased,en,97,marker_pool,-1,0,1,11.631950378417969
bert-base-multilingual-cased,en,97,marker_pool,0,1,1,13.583611488342285
bert-base-multilingual-cased,en,97,marker_pool,1,2,1,10.947315216064453
bert-base-multilingual-cased,en,97,marker_pool,-2,0,2,14.15001106262207
bert-base-multilingual-cased,en,97,marker_pool,-1,1,2,9.197393417358398
bert-base-multilingual-cased,en,97,marker_pool,0,2,2,15.095202445983887
bert-base-multilingual-cased,en,97,marker_pool,-2,2,4,10.629373550415039
bert-base-multilingual-cased,en,98,marker_pool,-2,-1,1,9.091941833496094
bert-base-multilingual-cased,en,98,marker_pool,-1,0,1,11.822694778442383
bert-base-multilingual-cased,en,98,marker_pool,0,1,1,13.592717170715332
bert-base-multilingual-cased,en,98,marker_pool,1,2,1,10.697778701782227
bert-base-multilingual-cased,en,98,marker_pool,-2,0,2,12.992321014404297
bert-base-multilingual-cased,en,98,marker_pool,-1,1,2,10.065763473510742
bert-base-multilingual-cased,en,98,marker_pool,0,2,2,13.898526191711426
bert-base-multilingual-cased,en,98,marker_pool,-2,2,4,10.765114784240723
bert-base-multilingual-cased,en,99,marker_pool,-2,-1,1,9.175727844238281
bert-base-multilingual-cased,en,99,marker_pool,-1,0,1,10.568357467651367
bert-base-multilingual-cased,en,99,marker_pool,0,1,1,12.85530948638916
bert-base-multilingual-cased,en,99,marker_pool,1,2,1,10.840331077575684
bert-base-multilingual-cased,en,99,marker_pool,-2,0,2,12.720038414001465
bert-base-multilingual-cased,en,99,marker_pool,-1,1,2,9.937983512878418
bert-base-multilingual-cased,en,99,marker_pool,0,2,2,13.940747261047363
bert-base-multilingual-cased,en,99,marker_pool,-2,2,4,10.502938270568848
bert-base-multilingual-cased,en,100,marker_pool,-2,-1,1,10.578214645385742
bert-base-multilingual-cased,en,100,marker_pool,-1,0,1,12.038774490356445
bert-base-multilingual-cased,en,100,marker_pool,0,1,1,13.474013328552246
bert-base-multilingual-cased,en,100,marker_pool,1,2,1,11.689230918884277
bert-base-multilingual-cased,en,100,marker_pool,-2,0,2,13.491043090820312
bert-base-multilingual-cased,en,100,marker_pool,-1,1,2,10.214301109313965
bert-base-multilingual-cased,en,100,marker_pool,0,2,2,14.625213623046875
bert-base-multilingual-cased,en,100,marker_pool,-2,2,4,12.20956802368164
bert-base-multilingual-cased,en,101,marker_pool,-2,-1,1,9.147119522094727
bert-base-multilingual-cased,en,101,marker_pool,-1,0,1,11.752787590026855
bert-base-multilingual-cased,en,101,marker_pool,0,1,1,13.33216381072998
bert-base-multilingual-cased,en,101,marker_pool,1,2,1,10.851888656616211
bert-base-multilingual-cased,en,101,marker_pool,-2,0,2,13.16558837890625
bert-base-multilingual-cased,en,101,marker_pool,-1,1,2,9.748185157775879
bert-base-multilingual-cased,en,101,marker_pool,0,2,2,13.750398635864258
bert-base-multilingual-cased,en,101,marker_pool,-2,2,4,11.086063385009766
bert-base-multilingual-cased,en,102,marker_pool,-2,-1,1,8.905526161193848
bert-base-multilingual-cased,en,102,marker_pool,-1,0,1,11.822879791259766
bert-base-multilingual-cased,en,102,marker_pool,0,1,1,13.35234546661377
bert-base-multilingual-cased,en,102,marker_pool,1,2,1,10.359249114990234
bert-base-multilingual-cased,en,102,marker_pool,-2,0,2,12.775960922241211
bert-base-multilingual-cased,en,102,marker_pool,-1,1,2,9.790595054626465
bert-base-multilingual-cased,en,102,marker_pool,0,2,2,14.077716827392578
bert-base-multilingual-cased,en,102,marker_pool,-2,2,4,10.560981750488281
bert-base-multilingual-cased,en,103,marker_pool,-2,-1,1,9.86915111541748
bert-base-multilingual-cased,en,103,marker_pool,-1,0,1,12.448994636535645
bert-base-multilingual-cased,en,103,marker_pool,0,1,1,14.471638679504395
bert-base-multilingual-cased,en,103,marker_pool,1,2,1,10.82779598236084
bert-base-multilingual-cased,en,103,marker_pool,-2,0,2,14.248560905456543
bert-base-multilingual-cased,en,103,marker_pool,-1,1,2,10.369260787963867
bert-base-multilingual-cased,en,103,marker_pool,0,2,2,15.041769981384277
bert-base-multilingual-cased,en,103,marker_pool,-2,2,4,11.329408645629883
bert-base-multilingual-cased,en,104,marker_pool,-2,-1,1,9.504387855529785
bert-base-multilingual-cased,en,104,marker_pool,-1,0,1,11.663582801818848
bert-base-multilingual-cased,en,104,marker_pool,0,1,1,13.358339309692383
bert-base-multilingual-cased,en,104,marker_pool,1,2,1,10.409344673156738
bert-base-multilingual-cased,en,104,marker_pool,-2,0,2,13.151611328125
bert-base-multilingual-cased,en,104,marker_pool,-1,1,2,9.6768159866333
bert-base-multilingual-cased,en,104,marker_pool,0,2,2,13.924445152282715
bert-base-multilingual-cased,en,104,marker_pool,-2,2,4,10.605488777160645
bert-base-multilingual-cased,en,105,marker_pool,-2,-1,1,9.883397102355957
bert-base-multilingual-cased,en,105,marker_pool,-1,0,1,12.007407188415527
bert-base-multilingual-cased,en,105,marker_pool,0,1,1,14.431039810180664
bert-base-multilingual-cased,en,105,marker_pool,1,2,1,11.983640670776367
bert-base-multilingual-cased,en,105,marker_pool,-2,0,2,14.267189025878906
bert-base-multilingual-cased,en,105,marker_pool,-1,1,2,10.567378044128418
bert-base-multilingual-cased,en,105,marker_pool,0,2,2,14.749938011169434
bert-base-multilingual-cased,en,105,marker_pool,-2,2,4,11.575624465942383
bert-base-multilingual-cased,en,106,marker_pool,-2,-1,1,9.89319896697998
bert-base-multilingual-cased,en,106,marker_pool,-1,0,1,12.622146606445312
bert-base-multilingual-cased,en,106,marker_pool,0,1,1,14.476405143737793
bert-base-multilingual-cased,en,106,marker_pool,1,2,1,10.624127388000488
bert-base-multilingual-cased,en,106,marker_pool,-2,0,2,14.228153228759766
bert-base-multilingual-cased,en,106,marker_pool,-1,1,2,9.753744125366211
bert-base-multilingual-cased,en,106,marker_pool,0,2,2,15.289742469787598
bert-base-multilingual-cased,en,106,marker_pool,-2,2,4,10.936602592468262
bert-base-multilingual-cased,en,107,marker_pool,-2,-1,1,8.617420196533203
bert-base-multilingual-cased,en,107,marker_pool,-1,0,1,10.64786434173584
bert-base-multilingual-cased,en,107,marker_pool,0,1,1,11.982219696044922
bert-base-multilingual-cased,en,107,marker_pool,1,2,1,9.167817115783691
bert-base-multilingual-cased,en,107,marker_pool,-2,0,2,12.248148918151855
bert-base-multilingual-cased,en,107,marker_pool,-1,1,2,8.873284339904785
bert-base-multilingual-cased,en,107,marker_pool,0,2,2,12.897564888000488
bert-base-multilingual-cased,en,107,marker_pool,-2,2,4,9.45577335357666
bert-base-multilingual-cased,en,108,marker_pool,-2,-1,1,9.337507247924805
bert-base-multilingual-cased,en,108,marker_pool,-1,0,1,10.787759780883789
bert-base-multilingual-cased,en,108,marker_pool,0,1,1,11.858986854553223
bert-base-multilingual-cased,en,108,marker_pool,1,2,1,10.401026725769043
bert-base-multilingual-cased,en,108,marker_pool,-2,0,2,12.864761352539062
bert-base-multilingual-cased,en,108,marker_pool,-1,1,2,9.108366966247559
bert-base-multilingual-cased,en,108,marker_pool,0,2,2,13.595062255859375
bert-base-multilingual-cased,en,108,marker_pool,-2,2,4,10.386070251464844
bert-base-multilingual-cased,en,109,marker_pool,-2,-1,1,9.470993995666504
bert-base-multilingual-cased,en,109,marker_pool,-1,0,1,11.953620910644531
bert-base-multilingual-cased,en,109,marker_pool,0,1,1,13.63893985748291
bert-base-multilingual-cased,en,109,marker_pool,1,2,1,10.59692668914795
bert-base-multilingual-cased,en,109,marker_pool,-2,0,2,13.776043891906738
bert-base-multilingual-cased,en,109,marker_pool,-1,1,2,9.154305458068848
bert-base-multilingual-cased,en,109,marker_pool,0,2,2,15.08384895324707
bert-base-multilingual-cased,en,109,marker_pool,-2,2,4,10.231963157653809
bert-base-multilingual-cased,en,110,marker_pool,-2,-1,1,10.310125350952148
bert-base-multilingual-cased,en,110,marker_pool,-1,0,1,12.460600852966309
bert-base-multilingual-cased,en,110,marker_pool,0,1,1,14.205081939697266
bert-base-multilingual-cased,en,110,marker_pool,1,2,1,9.619413375854492
bert-base-multilingual-cased,en,110,marker_pool,-2,0,2,14.860132217407227
bert-base-multilingual-cased,en,110,marker_pool,-1,1,2,8.715743064880371
bert-base-multilingual-cased,en,110,marker_pool,0,2,2,15.926896095275879
bert-base-multilingual-cased,en,110,marker_pool,-2,2,4,10.270814895629883
bert-base-multilingual-cased,en,111,marker_pool,-2,-1,1,9.551331520080566
bert-base-multilingual-cased,en,111,marker_pool,-1,0,1,12.024330139160156
bert-base-multilingual-cased,en,111,marker_pool,0,1,1,14.301841735839844
bert-base-multilingual-cased,en,111,marker_pool,1,2,1,11.441489219665527
bert-base-multilingual-cased,en,111,marker_pool,-2,0,2,13.902077674865723
bert-base-multilingual-cased,en,111,marker_pool,-1,1,2,10.54334831237793
bert-base-multilingual-cased,en,111,marker_pool,0,2,2,14.666911125183105
bert-base-multilingual-cased,en,111,marker_pool,-2,2,4,11.019254684448242
bert-base-multilingual-cased,en,112,marker_pool,-2,-1,1,8.840444564819336
bert-base-multilingual-cased,en,112,marker_pool,-1,0,1,12.251286506652832
bert-base-multilingual-cased,en,112,marker_pool,0,1,1,13.917335510253906
bert-base-multilingual-cased,en,112,marker_pool,1,2,1,10.098615646362305
bert-base-multilingual-cased,en,112,marker_pool,-2,0,2,14.09162425994873
bert-base-multilingual-cased,en,112,marker_pool,-1,1,2,9.428863525390625
bert-base-multilingual-cased,en,112,marker_pool,0,2,2,15.10678482055664
bert-base-multilingual-cased,en,112,marker_pool,-2,2,4,10.820465087890625
bert-base-multilingual-cased,en,113,marker_pool,-2,-1,1,9.440542221069336
bert-base-multilingual-cased,en,113,marker_pool,-1,0,1,10.815422058105469
bert-base-multilingual-cased,en,113,marker_pool,0,1,1,12.198304176330566
bert-base-multilingual-cased,en,113,marker_pool,1,2,1,10.266518592834473
bert-base-multilingual-cased,en,113,marker_pool,-2,0,2,12.948450088500977
bert-base-multilingual-cased,en,113,marker_pool,-1,1,2,9.759137153625488
bert-base-multilingual-cased,en,113,marker_pool,0,2,2,13.73701286315918
bert-base-multilingual-cased,en,113,marker_pool,-2,2,4,10.048491477966309
bert-base-multilingual-cased,en,114,marker_pool,-2,-1,1,7.849751949310303
bert-base-multilingual-cased,en,114,marker_pool,-1,0,1,11.919947624206543
bert-base-multilingual-cased,en,114,marker_pool,0,1,1,13.498456954956055
bert-base-multilingual-cased,en,114,marker_pool,1,2,1,9.885139465332031
bert-base-multilingual-cased,en,114,marker_pool,-2,0,2,12.608375549316406
bert-base-multilingual-cased,en,114,marker_pool,-1,1,2,8.936115264892578
bert-base-multilingual-cased,en,114,marker_pool,0,2,2,14.283964157104492
bert-base-multilingual-cased,en,114,marker_pool,-2,2,4,10.448076248168945
bert-base-multilingual-cased,en,115,marker_pool,-2,-1,1,8.672046661376953
bert-base-multilingual-cased,en,115,marker_pool,-1,0,1,11.90524959564209
bert-base-multilingual-cased,en,115,marker_pool,0,1,1,13.205421447753906
bert-base-multilingual-cased,en,115,marker_pool,1,2,1,10.17300033569336
bert-base-multilingual-cased,en,115,marker_pool,-2,0,2,12.831686019897461
bert-base-multilingual-cased,en,115,marker_pool,-1,1,2,9.47055435180664
bert-base-multilingual-cased,en,115,marker_pool,0,2,2,14.024073600769043
bert-base-multilingual-cased,en,115,marker_pool,-2,2,4,10.691981315612793
bert-base-multilingual-cased,en,116,marker_pool,-2,-1,1,8.191312789916992
bert-base-multilingual-cased,en,116,marker_pool,-1,0,1,11.805688858032227
bert-base-multilingual-cased,en,116,marker_pool,0,1,1,12.972481727600098
bert-base-multilingual-cased,en,116,marker_pool,1,2,1,9.409004211425781
bert-base-multilingual-cased,en,116,marker_pool,-2,0,2,13.248143196105957
bert-base-multilingual-cased,en,116,marker_pool,-1,1,2,8.541648864746094
bert-base-multilingual-cased,en,116,marker_pool,0,2,2,14.186753273010254
bert-base-multilingual-cased,en,116,marker_pool,-2,2,4,9.613574981689453
bert-base-multilingual-cased,en,117,marker_pool,-2,-1,1,11.039155006408691
bert-base-multilingual-cased,en,117,marker_pool,-1,0,1,12.287817001342773
bert-base-multilingual-cased,en,117,marker_pool,0,1,1,14.30388355255127
bert-base-multilingual-cased,en,117,marker_pool,1,2,1,10.398258209228516
bert-base-multilingual-cased,en,117,marker_pool,-2,0,2,14.797158241271973
bert-base-multilingual-cased,en,117,marker_pool,-1,1,2,9.87541389465332
bert-base-multilingual-cased,en,117,marker_pool,0,2,2,15.939363479614258
bert-base-multilingual-cased,en,117,marker_pool,-2,2,4,12.043364524841309
bert-base-multilingual-cased,en,118,marker_pool,-2,-1,1,9.563358306884766
bert-base-multilingual-cased,en,118,marker_pool,-1,0,1,11.658985137939453
bert-base-multilingual-cased,en,118,marker_pool,0,1,1,13.636062622070312
bert-base-multilingual-cased,en,118,marker_pool,1,2,1,11.644733428955078
bert-base-multilingual-cased,en,118,marker_pool,-2,0,2,13.052623748779297
bert-base-multilingual-cased,en,118,marker_pool,-1,1,2,10.885844230651855
bert-base-multilingual-cased,en,118,marker_pool,0,2,2,13.804991722106934
bert-base-multilingual-cased,en,118,marker_pool,-2,2,4,10.78039836883545
bert-base-multilingual-cased,en,119,marker_pool,-2,-1,1,9.215531349182129
bert-base-multilingual-cased,en,119,marker_pool,-1,0,1,10.70223617553711
bert-base-multilingual-cased,en,119,marker_pool,0,1,1,12.165647506713867
bert-base-multilingual-cased,en,119,marker_pool,1,2,1,10.204187393188477
bert-base-multilingual-cased,en,119,marker_pool,-2,0,2,12.562579154968262
bert-base-multilingual-cased,en,119,marker_pool,-1,1,2,9.09472370147705
bert-base-multilingual-cased,en,119,marker_pool,0,2,2,13.576451301574707
bert-base-multilingual-cased,en,119,marker_pool,-2,2,4,10.635985374450684
bert-base-multilingual-cased,en,120,marker_pool,-2,-1,1,10.160056114196777
bert-base-multilingual-cased,en,120,marker_pool,-1,0,1,12.716140747070312
bert-base-multilingual-cased,en,120,marker_pool,0,1,1,14.776458740234375
bert-base-multilingual-cased,en,120,marker_pool,1,2,1,11.38107681274414
bert-base-multilingual-cased,en,120,marker_pool,-2,0,2,14.531033515930176
bert-base-multilingual-cased,en,120,marker_pool,-1,1,2,10.85519790649414
bert-base-multilingual-cased,en,120,marker_pool,0,2,2,15.243160247802734
bert-base-multilingual-cased,en,120,marker_pool,-2,2,4,11.175273895263672
bert-base-multilingual-cased,en,121,marker_pool,-2,-1,1,10.47007942199707
bert-base-multilingual-cased,en,121,marker_pool,-1,0,1,12.625449180603027
bert-base-multilingual-cased,en,121,marker_pool,0,1,1,13.658695220947266
bert-base-multilingual-cased,en,121,marker_pool,1,2,1,10.930593490600586
bert-base-multilingual-cased,en,121,marker_pool,-2,0,2,13.834938049316406
bert-base-multilingual-cased,en,121,marker_pool,-1,1,2,9.72049617767334
bert-base-multilingual-cased,en,121,marker_pool,0,2,2,14.996885299682617
bert-base-multilingual-cased,en,121,marker_pool,-2,2,4,11.866681098937988
bert-base-multilingual-cased,en,122,marker_pool,-2,-1,1,8.583761215209961
bert-base-multilingual-cased,en,122,marker_pool,-1,0,1,10.665817260742188
bert-base-multilingual-cased,en,122,marker_pool,0,1,1,12.118252754211426
bert-base-multilingual-cased,en,122,marker_pool,1,2,1,10.116021156311035
bert-base-multilingual-cased,en,122,marker_pool,-2,0,2,12.242341995239258
bert-base-multilingual-cased,en,122,marker_pool,-1,1,2,9.327118873596191
bert-base-multilingual-cased,en,122,marker_pool,0,2,2,13.426301002502441
bert-base-multilingual-cased,en,122,marker_pool,-2,2,4,10.310445785522461
bert-base-multilingual-cased,en,123,marker_pool,-2,-1,1,10.00828742980957
bert-base-multilingual-cased,en,123,marker_pool,-1,0,1,12.365219116210938
bert-base-multilingual-cased,en,123,marker_pool,0,1,1,14.384378433227539
bert-base-multilingual-cased,en,123,marker_pool,1,2,1,10.780296325683594
bert-base-multilingual-cased,en,123,marker_pool,-2,0,2,14.645115852355957
bert-base-multilingual-cased,en,123,marker_pool,-1,1,2,10.012459754943848
bert-base-multilingual-cased,en,123,marker_pool,0,2,2,16.3277530670166
bert-base-multilingual-cased,en,123,marker_pool,-2,2,4,10.733139038085938
bert-base-multilingual-cased,en,124,marker_pool,-2,-1,1,9.643928527832031
bert-base-multilingual-cased,en,124,marker_pool,-1,0,1,12.02209186553955
bert-base-multilingual-cased,en,124,marker_pool,0,1,1,13.557950019836426
bert-base-multilingual-cased,en,124,marker_pool,1,2,1,10.052861213684082
bert-base-multilingual-cased,en,124,marker_pool,-2,0,2,13.45824146270752
bert-base-multilingual-cased,en,124,marker_pool,-1,1,2,9.278672218322754
bert-base-multilingual-cased,en,124,marker_pool,0,2,2,14.27304744720459
bert-base-multilingual-cased,en,124,marker_pool,-2,2,4,11.1107816696167
bert-base-multilingual-cased,en,125,marker_pool,-2,-1,1,10.422039031982422
bert-base-multilingual-cased,en,125,marker_pool,-1,0,1,12.484898567199707
bert-base-multilingual-cased,en,125,marker_pool,0,1,1,14.799918174743652
bert-base-multilingual-cased,en,125,marker_pool,1,2,1,9.987607955932617
bert-base-multilingual-cased,en,125,marker_pool,-2,0,2,14.72623062133789
bert-base-multilingual-cased,en,125,marker_pool,-1,1,2,10.21770191192627
bert-base-multilingual-cased,en,125,marker_pool,0,2,2,16.623992919921875
bert-base-multilingual-cased,en,125,marker_pool,-2,2,4,11.945263862609863
bert-base-multilingual-cased,en,126,marker_pool,-2,-1,1,7.888845920562744
bert-base-multilingual-cased,en,126,marker_pool,-1,0,1,11.373359680175781
bert-base-multilingual-cased,en,126,marker_pool,0,1,1,12.761918067932129
bert-base-multilingual-cased,en,126,marker_pool,1,2,1,10.026944160461426
bert-base-multilingual-cased,en,126,marker_pool,-2,0,2,12.346633911132812
bert-base-multilingual-cased,en,126,marker_pool,-1,1,2,8.734917640686035
bert-base-multilingual-cased,en,126,marker_pool,0,2,2,13.405078887939453
bert-base-multilingual-cased,en,126,marker_pool,-2,2,4,10.751080513000488
bert-base-multilingual-cased,en,127,marker_pool,-2,-1,1,10.017007827758789
bert-base-multilingual-cased,en,127,marker_pool,-1,0,1,12.752973556518555
bert-base-multilingual-cased,en,127,marker_pool,0,1,1,14.327354431152344
bert-base-multilingual-cased,en,127,marker_pool,1,2,1,9.689120292663574
bert-base-multilingual-cased,en,127,marker_pool,-2,0,2,14.69015121459961
bert-base-multilingual-cased,en,127,marker_pool,-1,1,2,9.027254104614258
bert-base-multilingual-cased,en,127,marker_pool,0,2,2,15.335677146911621
bert-base-multilingual-cased,en,127,marker_pool,-2,2,4,10.846330642700195
bert-base-multilingual-cased,en,128,marker_pool,-2,-1,1,9.672194480895996
bert-base-multilingual-cased,en,128,marker_pool,-1,0,1,12.547093391418457
bert-base-multilingual-cased,en,128,marker_pool,0,1,1,13.881560325622559
bert-base-multilingual-cased,en,128,marker_pool,1,2,1,10.819705963134766
bert-base-multilingual-cased,en,128,marker_pool,-2,0,2,14.52664852142334
bert-base-multilingual-cased,en,128,marker_pool,-1,1,2,9.41791820526123
bert-base-multilingual-cased,en,128,marker_pool,0,2,2,15.839853286743164
bert-base-multilingual-cased,en,128,marker_pool,-2,2,4,10.909259796142578
bert-base-multilingual-cased,en,129,marker_pool,-2,-1,1,8.51452922821045
bert-base-multilingual-cased,en,129,marker_pool,-1,0,1,10.879554748535156
bert-base-multilingual-cased,en,129,marker_pool,0,1,1,12.28519344329834
bert-base-multilingual-cased,en,129,marker_pool,1,2,1,9.9634370803833
bert-base-multilingual-cased,en,129,marker_pool,-2,0,2,12.345011711120605
bert-base-multilingual-cased,en,129,marker_pool,-1,1,2,9.248137474060059
bert-base-multilingual-cased,en,129,marker_pool,0,2,2,13.470844268798828
bert-base-multilingual-cased,en,129,marker_pool,-2,2,4,10.054088592529297
bert-base-multilingual-cased,en,130,marker_pool,-2,-1,1,7.762998580932617
bert-base-multilingual-cased,en,130,marker_pool,-1,0,1,11.395734786987305
bert-base-multilingual-cased,en,130,marker_pool,0,1,1,12.387167930603027
bert-base-multilingual-cased,en,130,marker_pool,1,2,1,9.234689712524414
bert-base-multilingual-cased,en,130,marker_pool,-2,0,2,12.864355087280273
bert-base-multilingual-cased,en,130,marker_pool,-1,1,2,7.587848663330078
bert-base-multilingual-cased,en,130,marker_pool,0,2,2,13.692955017089844
bert-base-multilingual-cased,en,130,marker_pool,-2,2,4,9.671462059020996
bert-base-multilingual-cased,en,131,marker_pool,-2,-1,1,9.948501586914062
bert-base-multilingual-cased,en,131,marker_pool,-1,0,1,12.418335914611816
bert-base-multilingual-cased,en,131,marker_pool,0,1,1,13.768071174621582
bert-base-multilingual-cased,en,131,marker_pool,1,2,1,10.126805305480957
bert-base-multilingual-cased,en,131,marker_pool,-2,0,2,14.114361763000488
bert-base-multilingual-cased,en,131,marker_pool,-1,1,2,9.34390640258789
bert-base-multilingual-cased,en,131,marker_pool,0,2,2,14.629765510559082
bert-base-multilingual-cased,en,131,marker_pool,-2,2,4,10.978588104248047
bert-base-multilingual-cased,en,132,marker_pool,-2,-1,1,9.237493515014648
bert-base-multilingual-cased,en,132,marker_pool,-1,0,1,12.298139572143555
bert-base-multilingual-cased,en,132,marker_pool,0,1,1,14.022814750671387
bert-base-multilingual-cased,en,132,marker_pool,1,2,1,10.466853141784668
bert-base-multilingual-cased,en,132,marker_pool,-2,0,2,14.375162124633789
bert-base-multilingual-cased,en,132,marker_pool,-1,1,2,9.517377853393555
bert-base-multilingual-cased,en,132,marker_pool,0,2,2,15.129051208496094
bert-base-multilingual-cased,en,132,marker_pool,-2,2,4,11.094085693359375
bert-base-multilingual-cased,en,133,marker_pool,-2,-1,1,10.220307350158691
bert-base-multilingual-cased,en,133,marker_pool,-1,0,1,11.766949653625488
bert-base-multilingual-cased,en,133,marker_pool,0,1,1,13.50339126586914
bert-base-multilingual-cased,en,133,marker_pool,1,2,1,10.426798820495605
bert-base-multilingual-cased,en,133,marker_pool,-2,0,2,13.606766700744629
bert-base-multilingual-cased,en,133,marker_pool,-1,1,2,9.804616928100586
bert-base-multilingual-cased,en,133,marker_pool,0,2,2,14.142507553100586
bert-base-multilingual-cased,en,133,marker_pool,-2,2,4,10.872594833374023
bert-base-multilingual-cased,en,134,marker_pool,-2,-1,1,8.044153213500977
bert-base-multilingual-cased,en,134,marker_pool,-1,0,1,11.193058013916016
bert-base-multilingual-cased,en,134,marker_pool,0,1,1,12.797674179077148
bert-base-multilingual-cased,en,134,marker_pool,1,2,1,9.938633918762207
bert-base-multilingual-cased,en,134,marker_pool,-2,0,2,12.50947380065918
bert-base-multilingual-cased,en,134,marker_pool,-1,1,2,9.345732688903809
bert-base-multilingual-cased,en,134,marker_pool,0,2,2,13.678157806396484
bert-base-multilingual-cased,en,134,marker_pool,-2,2,4,10.683623313903809
bert-base-multilingual-cased,en,135,marker_pool,-2,-1,1,9.82238483428955
bert-base-multilingual-cased,en,135,marker_pool,-1,0,1,12.443634986877441
bert-base-multilingual-cased,en,135,marker_pool,0,1,1,14.576325416564941
bert-base-multilingual-cased,en,135,marker_pool,1,2,1,11.601917266845703
bert-base-multilingual-cased,en,135,marker_pool,-2,0,2,14.399591445922852
bert-base-multilingual-cased,en,135,marker_pool,-1,1,2,10.667466163635254
bert-base-multilingual-cased,en,135,marker_pool,0,2,2,15.009279251098633
bert-base-multilingual-cased,en,135,marker_pool,-2,2,4,11.058796882629395
bert-base-multilingual-cased,en,136,marker_pool,-2,-1,1,9.755858421325684
bert-base-multilingual-cased,en,136,marker_pool,-1,0,1,11.650845527648926
bert-base-multilingual-cased,en,136,marker_pool,0,1,1,12.992279052734375
bert-base-multilingual-cased,en,136,marker_pool,1,2,1,10.207571029663086
bert-base-multilingual-cased,en,136,marker_pool,-2,0,2,13.3290376663208
bert-base-multilingual-cased,en,136,marker_pool,-1,1,2,9.152514457702637
bert-base-multilingual-cased,en,136,marker_pool,0,2,2,14.080381393432617
bert-base-multilingual-cased,en,136,marker_pool,-2,2,4,10.78004264831543
bert-base-multilingual-cased,en,137,marker_pool,-2,-1,1,10.305487632751465
bert-base-multilingual-cased,en,137,marker_pool,-1,0,1,12.396082878112793
bert-base-multilingual-cased,en,137,marker_pool,0,1,1,14.623014450073242
bert-base-multilingual-cased,en,137,marker_pool,1,2,1,11.083269119262695
bert-base-multilingual-cased,en,137,marker_pool,-2,0,2,14.594006538391113
bert-base-multilingual-cased,en,137,marker_pool,-1,1,2,10.639004707336426
bert-base-multilingual-cased,en,137,marker_pool,0,2,2,16.226560592651367
bert-base-multilingual-cased,en,137,marker_pool,-2,2,4,11.388384819030762
bert-base-multilingual-cased,en,138,marker_pool,-2,-1,1,10.772598266601562
bert-base-multilingual-cased,en,138,marker_pool,-1,0,1,12.023224830627441
bert-base-multilingual-cased,en,138,marker_pool,0,1,1,14.290492057800293
bert-base-multilingual-cased,en,138,marker_pool,1,2,1,10.915604591369629
bert-base-multilingual-cased,en,138,marker_pool,-2,0,2,14.543388366699219
bert-base-multilingual-cased,en,138,marker_pool,-1,1,2,10.16598892211914
bert-base-multilingual-cased,en,138,marker_pool,0,2,2,15.629373550415039
bert-base-multilingual-cased,en,138,marker_pool,-2,2,4,12.0877046585083
bert-base-multilingual-cased,en,139,marker_pool,-2,-1,1,9.142990112304688
bert-base-multilingual-cased,en,139,marker_pool,-1,0,1,12.499580383300781
bert-base-multilingual-cased,en,139,marker_pool,0,1,1,13.579628944396973
bert-base-multilingual-cased,en,139,marker_pool,1,2,1,10.728915214538574
bert-base-multilingual-cased,en,139,marker_pool,-2,0,2,13.995424270629883
bert-base-multilingual-cased,en,139,marker_pool,-1,1,2,9.624378204345703
bert-base-multilingual-cased,en,139,marker_pool,0,2,2,15.263205528259277
bert-base-multilingual-cased,en,139,marker_pool,-2,2,4,11.1676664352417
bert-base-multilingual-cased,en,140,marker_pool,-2,-1,1,11.032222747802734
bert-base-multilingual-cased,en,140,marker_pool,-1,0,1,12.485915184020996
bert-base-multilingual-cased,en,140,marker_pool,0,1,1,14.824539184570312
bert-base-multilingual-cased,en,140,marker_pool,1,2,1,10.981186866760254
bert-base-multilingual-cased,en,140,marker_pool,-2,0,2,15.068133354187012
bert-base-multilingual-cased,en,140,marker_pool,-1,1,2,9.989480018615723
bert-base-multilingual-cased,en,140,marker_pool,0,2,2,16.796323776245117
bert-base-multilingual-cased,en,140,marker_pool,-2,2,4,11.707040786743164
bert-base-multilingual-cased,en,141,marker_pool,-2,-1,1,10.38233757019043
bert-base-multilingual-cased,en,141,marker_pool,-1,0,1,12.048410415649414
bert-base-multilingual-cased,en,141,marker_pool,0,1,1,14.446634292602539
bert-base-multilingual-cased,en,141,marker_pool,1,2,1,11.164180755615234
bert-base-multilingual-cased,en,141,marker_pool,-2,0,2,14.406696319580078
bert-base-multilingual-cased,en,141,marker_pool,-1,1,2,10.323606491088867
bert-base-multilingual-cased,en,141,marker_pool,0,2,2,15.76447582244873
bert-base-multilingual-cased,en,141,marker_pool,-2,2,4,11.196929931640625
bert-base-multilingual-cased,en,142,marker_pool,-2,-1,1,9.133576393127441
bert-base-multilingual-cased,en,142,marker_pool,-1,0,1,11.421085357666016
bert-base-multilingual-cased,en,142,marker_pool,0,1,1,13.435182571411133
bert-base-multilingual-cased,en,142,marker_pool,1,2,1,9.98991870880127
bert-base-multilingual-cased,en,142,marker_pool,-2,0,2,13.490236282348633
bert-base-multilingual-cased,en,142,marker_pool,-1,1,2,9.081636428833008
bert-base-multilingual-cased,en,142,marker_pool,0,2,2,14.613582611083984
bert-base-multilingual-cased,en,142,marker_pool,-2,2,4,10.695302963256836
bert-base-multilingual-cased,en,143,marker_pool,-2,-1,1,8.813115119934082
bert-base-multilingual-cased,en,143,marker_pool,-1,0,1,11.181053161621094
bert-base-multilingual-cased,en,143,marker_pool,0,1,1,12.291961669921875
bert-base-multilingual-cased,en,143,marker_pool,1,2,1,9.552759170532227
bert-base-multilingual-cased,en,143,marker_pool,-2,0,2,12.942089080810547
bert-base-multilingual-cased,en,143,marker_pool,-1,1,2,8.522893905639648
bert-base-multilingual-cased,en,143,marker_pool,0,2,2,13.498723983764648
bert-base-multilingual-cased,en,143,marker_pool,-2,2,4,9.612532615661621
bert-base-multilingual-cased,en,144,marker_pool,-2,-1,1,9.528706550598145
bert-base-multilingual-cased,en,144,marker_pool,-1,0,1,11.607190132141113
bert-base-multilingual-cased,en,144,marker_pool,0,1,1,13.145337104797363
bert-base-multilingual-cased,en,144,marker_pool,1,2,1,11.678788185119629
bert-base-multilingual-cased,en,144,marker_pool,-2,0,2,12.946075439453125
bert-base-multilingual-cased,en,144,marker_pool,-1,1,2,10.094893455505371
bert-base-multilingual-cased,en,144,marker_pool,0,2,2,14.285384178161621
bert-base-multilingual-cased,en,144,marker_pool,-2,2,4,11.658249855041504
bert-base-multilingual-cased,en,145,marker_pool,-2,-1,1,8.885476112365723
bert-base-multilingual-cased,en,145,marker_pool,-1,0,1,10.523580551147461
bert-base-multilingual-cased,en,145,marker_pool,0,1,1,12.10776424407959
bert-base-multilingual-cased,en,145,marker_pool,1,2,1,9.71689224243164
bert-base-multilingual-cased,en,145,marker_pool,-2,0,2,12.593297958374023
bert-base-multilingual-cased,en,145,marker_pool,-1,1,2,9.104782104492188
bert-base-multilingual-cased,en,145,marker_pool,0,2,2,13.346295356750488
bert-base-multilingual-cased,en,145,marker_pool,-2,2,4,9.804079055786133
bert-base-multilingual-cased,en,146,marker_pool,-2,-1,1,8.639432907104492
bert-base-multilingual-cased,en,146,marker_pool,-1,0,1,11.936188697814941
bert-base-multilingual-cased,en,146,marker_pool,0,1,1,13.897594451904297
bert-base-multilingual-cased,en,146,marker_pool,1,2,1,10.515948295593262
bert-base-multilingual-cased,en,146,marker_pool,-2,0,2,12.947998046875
bert-base-multilingual-cased,en,146,marker_pool,-1,1,2,10.017716407775879
bert-base-multilingual-cased,en,146,marker_pool,0,2,2,14.014228820800781
bert-base-multilingual-cased,en,146,marker_pool,-2,2,4,10.119686126708984
bert-base-multilingual-cased,en,147,marker_pool,-2,-1,1,9.62519645690918
bert-base-multilingual-cased,en,147,marker_pool,-1,0,1,12.040603637695312
bert-base-multilingual-cased,en,147,marker_pool,0,1,1,13.392539024353027
bert-base-multilingual-cased,en,147,marker_pool,1,2,1,10.194977760314941
bert-base-multilingual-cased,en,147,marker_pool,-2,0,2,13.469306945800781
bert-base-multilingual-cased,en,147,marker_pool,-1,1,2,9.012031555175781
bert-base-multilingual-cased,en,147,marker_pool,0,2,2,14.306992530822754
bert-base-multilingual-cased,en,147,marker_pool,-2,2,4,10.899688720703125
bert-base-multilingual-cased,en,148,marker_pool,-2,-1,1,9.808673858642578
bert-base-multilingual-cased,en,148,marker_pool,-1,0,1,11.929798126220703
bert-base-multilingual-cased,en,148,marker_pool,0,1,1,13.619991302490234
bert-base-multilingual-cased,en,148,marker_pool,1,2,1,10.652961730957031
bert-base-multilingual-cased,en,148,marker_pool,-2,0,2,13.450546264648438
bert-base-multilingual-cased,en,148,marker_pool,-1,1,2,9.7054443359375
bert-base-multilingual-cased,en,148,marker_pool,0,2,2,14.295947074890137
bert-base-multilingual-cased,en,148,marker_pool,-2,2,4,11.08573055267334
bert-base-multilingual-cased,en,149,marker_pool,-2,-1,1,7.405228614807129
bert-base-multilingual-cased,en,149,marker_pool,-1,0,1,11.432171821594238
bert-base-multilingual-cased,en,149,marker_pool,0,1,1,12.588102340698242
bert-base-multilingual-cased,en,149,marker_pool,1,2,1,8.836556434631348
bert-base-multilingual-cased,en,149,marker_pool,-2,0,2,12.241883277893066
bert-base-multilingual-cased,en,149,marker_pool,-1,1,2,8.322892189025879
bert-base-multilingual-cased,en,149,marker_pool,0,2,2,13.527487754821777
bert-base-multilingual-cased,en,149,marker_pool,-2,2,4,9.670025825500488
bert-base-multilingual-cased,en,150,marker_pool,-2,-1,1,10.306734085083008
bert-base-multilingual-cased,en,150,marker_pool,-1,0,1,12.364971160888672
bert-base-multilingual-cased,en,150,marker_pool,0,1,1,13.69232177734375
bert-base-multilingual-cased,en,150,marker_pool,1,2,1,11.272378921508789
bert-base-multilingual-cased,en,150,marker_pool,-2,0,2,13.9083890914917
bert-base-multilingual-cased,en,150,marker_pool,-1,1,2,10.82984447479248
bert-base-multilingual-cased,en,150,marker_pool,0,2,2,14.778968811035156
bert-base-multilingual-cased,en,150,marker_pool,-2,2,4,11.136022567749023
bert-base-multilingual-cased,en,151,marker_pool,-2,-1,1,9.805777549743652
bert-base-multilingual-cased,en,151,marker_pool,-1,0,1,12.28963565826416
bert-base-multilingual-cased,en,151,marker_pool,0,1,1,14.404829978942871
bert-base-multilingual-cased,en,151,marker_pool,1,2,1,11.286355972290039
bert-base-multilingual-cased,en,151,marker_pool,-2,0,2,14.22923469543457
bert-base-multilingual-cased,en,151,marker_pool,-1,1,2,10.403532981872559
bert-base-multilingual-cased,en,151,marker_pool,0,2,2,14.892997741699219
bert-base-multilingual-cased,en,151,marker_pool,-2,2,4,11.273876190185547
bert-base-multilingual-cased,en,152,marker_pool,-2,-1,1,9.548978805541992
bert-base-multilingual-cased,en,152,marker_pool,-1,0,1,12.224223136901855
bert-base-multilingual-cased,en,152,marker_pool,0,1,1,13.645541191101074
bert-base-multilingual-cased,en,152,marker_pool,1,2,1,10.039815902709961
bert-base-multilingual-cased,en,152,marker_pool,-2,0,2,13.653324127197266
bert-base-multilingual-cased,en,152,marker_pool,-1,1,2,9.296863555908203
bert-base-multilingual-cased,en,152,marker_pool,0,2,2,14.859292030334473
bert-base-multilingual-cased,en,152,marker_pool,-2,2,4,10.52004337310791
bert-base-multilingual-cased,en,153,marker_pool,-2,-1,1,9.934185028076172
bert-base-multilingual-cased,en,153,marker_pool,-1,0,1,12.105164527893066
bert-base-multilingual-cased,en,153,marker_pool,0,1,1,13.516987800598145
bert-base-multilingual-cased,en,153,marker_pool,1,2,1,11.071934700012207
bert-base-multilingual-cased,en,153,marker_pool,-2,0,2,13.576665878295898
bert-base-multilingual-cased,en,153,marker_pool,-1,1,2,10.239363670349121
bert-base-multilingual-cased,en,153,marker_pool,0,2,2,14.818063735961914
bert-base-multilingual-cased,en,153,marker_pool,-2,2,4,11.144720077514648
bert-base-multilingual-cased,en,154,marker_pool,-2,-1,1,10.117907524108887
bert-base-multilingual-cased,en,154,marker_pool,-1,0,1,12.370065689086914
bert-base-multilingual-cased,en,154,marker_pool,0,1,1,14.45224666595459
bert-base-multilingual-cased,en,154,marker_pool,1,2,1,11.55612850189209
bert-base-multilingual-cased,en,154,marker_pool,-2,0,2,14.238402366638184
bert-base-multilingual-cased,en,154,marker_pool,-1,1,2,10.850600242614746
bert-base-multilingual-cased,en,154,marker_pool,0,2,2,14.787958145141602
bert-base-multilingual-cased,en,154,marker_pool,-2,2,4,10.581700325012207
bert-base-multilingual-cased,en,155,marker_pool,-2,-1,1,9.114716529846191
bert-base-multilingual-cased,en,155,marker_pool,-1,0,1,12.454874992370605
bert-base-multilingual-cased,en,155,marker_pool,0,1,1,13.798925399780273
bert-base-multilingual-cased,en,155,marker_pool,1,2,1,9.6383056640625
bert-base-multilingual-cased,en,155,marker_pool,-2,0,2,13.68925952911377
bert-base-multilingual-cased,en,155,marker_pool,-1,1,2,8.787206649780273
bert-base-multilingual-cased,en,155,marker_pool,0,2,2,14.484246253967285
bert-base-multilingual-cased,en,155,marker_pool,-2,2,4,10.377062797546387
bert-base-multilingual-cased,en,156,marker_pool,-2,-1,1,10.81821346282959
bert-base-multilingual-cased,en,156,marker_pool,-1,0,1,12.112128257751465
bert-base-multilingual-cased,en,156,marker_pool,0,1,1,14.386338233947754
bert-base-multilingual-cased,en,156,marker_pool,1,2,1,11.879255294799805
bert-base-multilingual-cased,en,156,marker_pool,-2,0,2,14.198965072631836
bert-base-multilingual-cased,en,156,marker_pool,-1,1,2,11.439200401306152
bert-base-multilingual-cased,en,156,marker_pool,0,2,2,14.886375427246094
bert-base-multilingual-cased,en,156,marker_pool,-2,2,4,11.161588668823242
bert-base-multilingual-cased,en,157,marker_pool,-2,-1,1,10.08554458618164
bert-base-multilingual-cased,en,157,marker_pool,-1,0,1,11.970719337463379
bert-base-multilingual-cased,en,157,marker_pool,0,1,1,13.671415328979492
bert-base-multilingual-cased,en,157,marker_pool,1,2,1,10.804391860961914
bert-base-multilingual-cased,en,157,marker_pool,-2,0,2,14.47767448425293
bert-base-multilingual-cased,en,157,marker_pool,-1,1,2,9.17262077331543
bert-base-multilingual-cased,en,157,marker_pool,0,2,2,15.881682395935059
bert-base-multilingual-cased,en,157,marker_pool,-2,2,4,10.93389892578125
bert-base-multilingual-cased,en,158,marker_pool,-2,-1,1,8.653029441833496
bert-base-multilingual-cased,en,158,marker_pool,-1,0,1,11.718978881835938
bert-base-multilingual-cased,en,158,marker_pool,0,1,1,12.744950294494629
bert-base-multilingual-cased,en,158,marker_pool,1,2,1,9.546276092529297
bert-base-multilingual-cased,en,158,marker_pool,-2,0,2,12.923020362854004
bert-base-multilingual-cased,en,158,marker_pool,-1,1,2,9.011192321777344
bert-base-multilingual-cased,en,158,marker_pool,0,2,2,13.822163581848145
bert-base-multilingual-cased,en,158,marker_pool,-2,2,4,10.854453086853027
bert-base-multilingual-cased,en,159,marker_pool,-2,-1,1,9.6652250289917
bert-base-multilingual-cased,en,159,marker_pool,-1,0,1,11.9995756149292
bert-base-multilingual-cased,en,159,marker_pool,0,1,1,14.218160629272461
bert-base-multilingual-cased,en,159,marker_pool,1,2,1,11.623708724975586
bert-base-multilingual-cased,en,159,marker_pool,-2,0,2,14.129767417907715
bert-base-multilingual-cased,en,159,marker_pool,-1,1,2,10.318122863769531
bert-base-multilingual-cased,en,159,marker_pool,0,2,2,14.9234619140625
bert-base-multilingual-cased,en,159,marker_pool,-2,2,4,11.438633918762207
bert-base-multilingual-cased,ru,0,marker_pool,-2,-1,1,10.029864311218262
bert-base-multilingual-cased,ru,0,marker_pool,-1,0,1,10.384296417236328
bert-base-multilingual-cased,ru,0,marker_pool,0,1,1,10.947331428527832
bert-base-multilingual-cased,ru,0,marker_pool,1,2,1,9.203119277954102
bert-base-multilingual-cased,ru,0,marker_pool,-2,0,2,10.572800636291504
bert-base-multilingual-cased,ru,0,marker_pool,-1,1,2,10.450050354003906
bert-base-multilingual-cased,ru,0,marker_pool,0,2,2,10.389238357543945
bert-base-multilingual-cased,ru,0,marker_pool,-2,2,4,9.64745807647705
bert-base-multilingual-cased,ru,1,marker_pool,-2,-1,1,8.566010475158691
bert-base-multilingual-cased,ru,1,marker_pool,-1,0,1,8.069393157958984
bert-base-multilingual-cased,ru,1,marker_pool,0,1,1,9.59375
bert-base-multilingual-cased,ru,1,marker_pool,1,2,1,8.821148872375488
bert-base-multilingual-cased,ru,1,marker_pool,-2,0,2,9.579981803894043
bert-base-multilingual-cased,ru,1,marker_pool,-1,1,2,9.013185501098633
bert-base-multilingual-cased,ru,1,marker_pool,0,2,2,9.066944122314453
bert-base-multilingual-cased,ru,1,marker_pool,-2,2,4,8.73910140991211
bert-base-multilingual-cased,ru,2,marker_pool,-2,-1,1,9.298444747924805
bert-base-multilingual-cased,ru,2,marker_pool,-1,0,1,9.211501121520996
bert-base-multilingual-cased,ru,2,marker_pool,0,1,1,9.676847457885742
bert-base-multilingual-cased,ru,2,marker_pool,1,2,1,9.727889060974121
bert-base-multilingual-cased,ru,2,marker_pool,-2,0,2,9.32314682006836
bert-base-multilingual-cased,ru,2,marker_pool,-1,1,2,9.744014739990234
bert-base-multilingual-cased,ru,2,marker_pool,0,2,2,9.412245750427246
bert-base-multilingual-cased,ru,2,marker_pool,-2,2,4,9.035667419433594
bert-base-multilingual-cased,ru,3,marker_pool,-2,-1,1,9.885961532592773
bert-base-multilingual-cased,ru,3,marker_pool,-1,0,1,9.587930679321289
bert-base-multilingual-cased,ru,3,marker_pool,0,1,1,10.13160514831543
bert-base-multilingual-cased,ru,3,marker_pool,1,2,1,9.512727737426758
bert-base-multilingual-cased,ru,3,marker_pool,-2,0,2,10.565706253051758
bert-base-multilingual-cased,ru,3,marker_pool,-1,1,2,10.216442108154297
bert-base-multilingual-cased,ru,3,marker_pool,0,2,2,9.892139434814453
bert-base-multilingual-cased,ru,3,marker_pool,-2,2,4,9.796996116638184
bert-base-multilingual-cased,ru,4,marker_pool,-2,-1,1,9.881319046020508
bert-base-multilingual-cased,ru,4,marker_pool,-1,0,1,9.640278816223145
bert-base-multilingual-cased,ru,4,marker_pool,0,1,1,10.609658241271973
bert-base-multilingual-cased,ru,4,marker_pool,1,2,1,9.64892292022705
bert-base-multilingual-cased,ru,4,marker_pool,-2,0,2,10.422957420349121
bert-base-multilingual-cased,ru,4,marker_pool,-1,1,2,10.090269088745117
bert-base-multilingual-cased,ru,4,marker_pool,0,2,2,10.14499568939209
bert-base-multilingual-cased,ru,4,marker_pool,-2,2,4,9.60891056060791
bert-base-multilingual-cased,ru,5,marker_pool,-2,-1,1,10.090374946594238
bert-base-multilingual-cased,ru,5,marker_pool,-1,0,1,9.055329322814941
bert-base-multilingual-cased,ru,5,marker_pool,0,1,1,10.096817970275879
bert-base-multilingual-cased,ru,5,marker_pool,1,2,1,10.276973724365234
bert-base-multilingual-cased,ru,5,marker_pool,-2,0,2,10.1990327835083
bert-base-multilingual-cased,ru,5,marker_pool,-1,1,2,9.672292709350586
bert-base-multilingual-cased,ru,5,marker_pool,0,2,2,9.573375701904297
bert-base-multilingual-cased,ru,5,marker_pool,-2,2,4,9.80949878692627
bert-base-multilingual-cased,ru,6,marker_pool,-2,-1,1,10.185983657836914
bert-base-multilingual-cased,ru,6,marker_pool,-1,0,1,9.500609397888184
bert-base-multilingual-cased,ru,6,marker_pool,0,1,1,10.204753875732422
bert-base-multilingual-cased,ru,6,marker_pool,1,2,1,9.720894813537598
bert-base-multilingual-cased,ru,6,marker_pool,-2,0,2,10.252434730529785
bert-base-multilingual-cased,ru,6,marker_pool,-1,1,2,10.14997673034668
bert-base-multilingual-cased,ru,6,marker_pool,0,2,2,9.573451042175293
bert-base-multilingual-cased,ru,6,marker_pool,-2,2,4,9.771080017089844
bert-base-multilingual-cased,ru,7,marker_pool,-2,-1,1,9.87380599975586
bert-base-multilingual-cased,ru,7,marker_pool,-1,0,1,8.965535163879395
bert-base-multilingual-cased,ru,7,marker_pool,0,1,1,9.883992195129395
bert-base-multilingual-cased,ru,7,marker_pool,1,2,1,9.554462432861328
bert-base-multilingual-cased,ru,7,marker_pool,-2,0,2,9.94521427154541
bert-base-multilingual-cased,ru,7,marker_pool,-1,1,2,10.111989974975586
bert-base-multilingual-cased,ru,7,marker_pool,0,2,2,9.823591232299805
bert-base-multilingual-cased,ru,7,marker_pool,-2,2,4,9.610381126403809
bert-base-multilingual-cased,ru,8,marker_pool,-2,-1,1,8.778348922729492
bert-base-multilingual-cased,ru,8,marker_pool,-1,0,1,8.847010612487793
bert-base-multilingual-cased,ru,8,marker_pool,0,1,1,9.679831504821777
bert-base-multilingual-cased,ru,8,marker_pool,1,2,1,8.785772323608398
bert-base-multilingual-cased,ru,8,marker_pool,-2,0,2,9.404895782470703
bert-base-multilingual-cased,ru,8,marker_pool,-1,1,2,9.389955520629883
bert-base-multilingual-cased,ru,8,marker_pool,0,2,2,9.28191089630127
bert-base-multilingual-cased,ru,8,marker_pool,-2,2,4,8.664651870727539
bert-base-multilingual-cased,ru,9,marker_pool,-2,-1,1,9.67795467376709
bert-base-multilingual-cased,ru,9,marker_pool,-1,0,1,9.440953254699707
bert-base-multilingual-cased,ru,9,marker_pool,0,1,1,10.353484153747559
bert-base-multilingual-cased,ru,9,marker_pool,1,2,1,9.431583404541016
bert-base-multilingual-cased,ru,9,marker_pool,-2,0,2,10.1633939743042
bert-base-multilingual-cased,ru,9,marker_pool,-1,1,2,10.256957054138184
bert-base-multilingual-cased,ru,9,marker_pool,0,2,2,9.495207786560059
bert-base-multilingual-cased,ru,9,marker_pool,-2,2,4,9.6926851272583
bert-base-multilingual-cased,ru,10,marker_pool,-2,-1,1,9.073813438415527
bert-base-multilingual-cased,ru,10,marker_pool,-1,0,1,9.060218811035156
bert-base-multilingual-cased,ru,10,marker_pool,0,1,1,9.694784164428711
bert-base-multilingual-cased,ru,10,marker_pool,1,2,1,9.686955451965332
bert-base-multilingual-cased,ru,10,marker_pool,-2,0,2,10.431509017944336
bert-base-multilingual-cased,ru,10,marker_pool,-1,1,2,9.40185832977295
bert-base-multilingual-cased,ru,10,marker_pool,0,2,2,9.65125560760498
bert-base-multilingual-cased,ru,10,marker_pool,-2,2,4,9.385323524475098
bert-base-multilingual-cased,ru,11,marker_pool,-2,-1,1,8.54858684539795
bert-base-multilingual-cased,ru,11,marker_pool,-1,0,1,9.471742630004883
bert-base-multilingual-cased,ru,11,marker_pool,0,1,1,10.063704490661621
bert-base-multilingual-cased,ru,11,marker_pool,1,2,1,10.611334800720215
bert-base-multilingual-cased,ru,11,marker_pool,-2,0,2,9.229830741882324
bert-base-multilingual-cased,ru,11,marker_pool,-1,1,2,9.810967445373535
bert-base-multilingual-cased,ru,11,marker_pool,0,2,2,10.935636520385742
bert-base-multilingual-cased,ru,11,marker_pool,-2,2,4,9.85758113861084
bert-base-multilingual-cased,ru,12,marker_pool,-2,-1,1,9.796622276306152
bert-base-multilingual-cased,ru,12,marker_pool,-1,0,1,9.393208503723145
bert-base-multilingual-cased,ru,12,marker_pool,0,1,1,10.117990493774414
bert-base-multilingual-cased,ru,12,marker_pool,1,2,1,9.239534378051758
bert-base-multilingual-cased,ru,12,marker_pool,-2,0,2,10.677708625793457
bert-base-multilingual-cased,ru,12,marker_pool,-1,1,2,9.482973098754883
bert-base-multilingual-cased,ru,12,marker_pool,0,2,2,9.443310737609863
bert-base-multilingual-cased,ru,12,marker_pool,-2,2,4,9.535253524780273
bert-base-multilingual-cased,ru,13,marker_pool,-2,-1,1,10.167142868041992
bert-base-multilingual-cased,ru,13,marker_pool,-1,0,1,9.71687126159668
bert-base-multilingual-cased,ru,13,marker_pool,0,1,1,10.791604042053223
bert-base-multilingual-cased,ru,13,marker_pool,1,2,1,10.384490966796875
bert-base-multilingual-cased,ru,13,marker_pool,-2,0,2,10.639862060546875
bert-base-multilingual-cased,ru,13,marker_pool,-1,1,2,10.440226554870605
bert-base-multilingual-cased,ru,13,marker_pool,0,2,2,10.184626579284668
bert-base-multilingual-cased,ru,13,marker_pool,-2,2,4,10.120503425598145
bert-base-multilingual-cased,ru,14,marker_pool,-2,-1,1,9.290008544921875
bert-base-multilingual-cased,ru,14,marker_pool,-1,0,1,9.19135856628418
bert-base-multilingual-cased,ru,14,marker_pool,0,1,1,9.902896881103516
bert-base-multilingual-cased,ru,14,marker_pool,1,2,1,9.343809127807617
bert-base-multilingual-cased,ru,14,marker_pool,-2,0,2,9.583338737487793
bert-base-multilingual-cased,ru,14,marker_pool,-1,1,2,9.842001914978027
bert-base-multilingual-cased,ru,14,marker_pool,0,2,2,9.58653736114502
bert-base-multilingual-cased,ru,14,marker_pool,-2,2,4,9.549493789672852
bert-base-multilingual-cased,ru,15,marker_pool,-2,-1,1,9.42024040222168
bert-base-multilingual-cased,ru,15,marker_pool,-1,0,1,9.054314613342285
bert-base-multilingual-cased,ru,15,marker_pool,0,1,1,9.373568534851074
bert-base-multilingual-cased,ru,15,marker_pool,1,2,1,9.545449256896973
bert-base-multilingual-cased,ru,15,marker_pool,-2,0,2,9.721683502197266
bert-base-multilingual-cased,ru,15,marker_pool,-1,1,2,9.54487419128418
bert-base-multilingual-cased,ru,15,marker_pool,0,2,2,9.106201171875
bert-base-multilingual-cased,ru,15,marker_pool,-2,2,4,9.850143432617188
bert-base-multilingual-cased,ru,16,marker_pool,-2,-1,1,9.644393920898438
bert-base-multilingual-cased,ru,16,marker_pool,-1,0,1,9.556828498840332
bert-base-multilingual-cased,ru,16,marker_pool,0,1,1,9.957917213439941
bert-base-multilingual-cased,ru,16,marker_pool,1,2,1,9.525776863098145
bert-base-multilingual-cased,ru,16,marker_pool,-2,0,2,10.39026927947998
bert-base-multilingual-cased,ru,16,marker_pool,-1,1,2,9.351924896240234
bert-base-multilingual-cased,ru,16,marker_pool,0,2,2,9.936057090759277
bert-base-multilingual-cased,ru,16,marker_pool,-2,2,4,9.618101119995117
bert-base-multilingual-cased,ru,17,marker_pool,-2,-1,1,9.844067573547363
bert-base-multilingual-cased,ru,17,marker_pool,-1,0,1,9.420456886291504
bert-base-multilingual-cased,ru,17,marker_pool,0,1,1,10.012733459472656
bert-base-multilingual-cased,ru,17,marker_pool,1,2,1,9.285268783569336
bert-base-multilingual-cased,ru,17,marker_pool,-2,0,2,10.766474723815918
bert-base-multilingual-cased,ru,17,marker_pool,-1,1,2,9.639780044555664
bert-base-multilingual-cased,ru,17,marker_pool,0,2,2,9.933536529541016
bert-base-multilingual-cased,ru,17,marker_pool,-2,2,4,10.95671558380127
bert-base-multilingual-cased,ru,18,marker_pool,-2,-1,1,9.87814998626709
bert-base-multilingual-cased,ru,18,marker_pool,-1,0,1,9.665578842163086
bert-base-multilingual-cased,ru,18,marker_pool,0,1,1,9.636428833007812
bert-base-multilingual-cased,ru,18,marker_pool,1,2,1,8.431575775146484
bert-base-multilingual-cased,ru,18,marker_pool,-2,0,2,10.720210075378418
bert-base-multilingual-cased,ru,18,marker_pool,-1,1,2,9.597819328308105
bert-base-multilingual-cased,ru,18,marker_pool,0,2,2,9.546871185302734
bert-base-multilingual-cased,ru,18,marker_pool,-2,2,4,10.206575393676758
bert-base-multilingual-cased,ru,19,marker_pool,-2,-1,1,9.723376274108887
bert-base-multilingual-cased,ru,19,marker_pool,-1,0,1,9.304830551147461
bert-base-multilingual-cased,ru,19,marker_pool,0,1,1,10.087920188903809
bert-base-multilingual-cased,ru,19,marker_pool,1,2,1,9.216897964477539
bert-base-multilingual-cased,ru,19,marker_pool,-2,0,2,10.006449699401855
bert-base-multilingual-cased,ru,19,marker_pool,-1,1,2,10.05027961730957
bert-base-multilingual-cased,ru,19,marker_pool,0,2,2,9.314630508422852
bert-base-multilingual-cased,ru,19,marker_pool,-2,2,4,9.750486373901367
bert-base-multilingual-cased,ru,20,marker_pool,-2,-1,1,10.260356903076172
bert-base-multilingual-cased,ru,20,marker_pool,-1,0,1,10.018291473388672
bert-base-multilingual-cased,ru,20,marker_pool,0,1,1,10.6444673538208
bert-base-multilingual-cased,ru,20,marker_pool,1,2,1,10.47683048248291
bert-base-multilingual-cased,ru,20,marker_pool,-2,0,2,10.087793350219727
bert-base-multilingual-cased,ru,20,marker_pool,-1,1,2,10.522303581237793
bert-base-multilingual-cased,ru,20,marker_pool,0,2,2,10.415019989013672
bert-base-multilingual-cased,ru,20,marker_pool,-2,2,4,9.716897964477539
bert-base-multilingual-cased,ru,21,marker_pool,-2,-1,1,8.152887344360352
bert-base-multilingual-cased,ru,21,marker_pool,-1,0,1,8.854607582092285
bert-base-multilingual-cased,ru,21,marker_pool,0,1,1,10.130314826965332
bert-base-multilingual-cased,ru,21,marker_pool,1,2,1,11.916053771972656
bert-base-multilingual-cased,ru,21,marker_pool,-2,0,2,8.81149959564209
bert-base-multilingual-cased,ru,21,marker_pool,-1,1,2,10.095437049865723
bert-base-multilingual-cased,ru,21,marker_pool,0,2,2,11.745538711547852
bert-base-multilingual-cased,ru,21,marker_pool,-2,2,4,10.256013870239258
bert-base-multilingual-cased,ru,22,marker_pool,-2,-1,1,9.418719291687012
bert-base-multilingual-cased,ru,22,marker_pool,-1,0,1,8.055887222290039
bert-base-multilingual-cased,ru,22,marker_pool,0,1,1,9.19307804107666
bert-base-multilingual-cased,ru,22,marker_pool,1,2,1,10.659756660461426
bert-base-multilingual-cased,ru,22,marker_pool,-2,0,2,9.525550842285156
bert-base-multilingual-cased,ru,22,marker_pool,-1,1,2,8.92678451538086
bert-base-multilingual-cased,ru,22,marker_pool,0,2,2,10.64143180847168
bert-base-multilingual-cased,ru,22,marker_pool,-2,2,4,10.942707061767578
bert-base-multilingual-cased,ru,23,marker_pool,-2,-1,1,9.848611831665039
bert-base-multilingual-cased,ru,23,marker_pool,-1,0,1,10.443914413452148
bert-base-multilingual-cased,ru,23,marker_pool,0,1,1,11.134261131286621
bert-base-multilingual-cased,ru,23,marker_pool,1,2,1,9.69805908203125
bert-base-multilingual-cased,ru,23,marker_pool,-2,0,2,10.492396354675293
bert-base-multilingual-cased,ru,23,marker_pool,-1,1,2,10.672266006469727
bert-base-multilingual-cased,ru,23,marker_pool,0,2,2,10.291942596435547
bert-base-multilingual-cased,ru,23,marker_pool,-2,2,4,9.716039657592773
bert-base-multilingual-cased,ru,24,marker_pool,-2,-1,1,10.487088203430176
bert-base-multilingual-cased,ru,24,marker_pool,-1,0,1,9.566628456115723
bert-base-multilingual-cased,ru,24,marker_pool,0,1,1,10.129150390625
bert-base-multilingual-cased,ru,24,marker_pool,1,2,1,9.572104454040527
bert-base-multilingual-cased,ru,24,marker_pool,-2,0,2,10.818002700805664
bert-base-multilingual-cased,ru,24,marker_pool,-1,1,2,9.725238800048828
bert-base-multilingual-cased,ru,24,marker_pool,0,2,2,10.211627960205078
bert-base-multilingual-cased,ru,24,marker_pool,-2,2,4,9.9786958694458
bert-base-multilingual-cased,ru,25,marker_pool,-2,-1,1,9.271486282348633
bert-base-multilingual-cased,ru,25,marker_pool,-1,0,1,9.16232681274414
bert-base-multilingual-cased,ru,25,marker_pool,0,1,1,9.746808052062988
bert-base-multilingual-cased,ru,25,marker_pool,1,2,1,8.367799758911133
bert-base-multilingual-cased,ru,25,marker_pool,-2,0,2,9.641969680786133
bert-base-multilingual-cased,ru,25,marker_pool,-1,1,2,9.61147403717041
bert-base-multilingual-cased,ru,25,marker_pool,0,2,2,8.571362495422363
bert-base-multilingual-cased,ru,25,marker_pool,-2,2,4,8.737885475158691
bert-base-multilingual-cased,ru,26,marker_pool,-2,-1,1,10.295170783996582
bert-base-multilingual-cased,ru,26,marker_pool,-1,0,1,9.279422760009766
bert-base-multilingual-cased,ru,26,marker_pool,0,1,1,10.466001510620117
bert-base-multilingual-cased,ru,26,marker_pool,1,2,1,9.921908378601074
bert-base-multilingual-cased,ru,26,marker_pool,-2,0,2,10.649483680725098
bert-base-multilingual-cased,ru,26,marker_pool,-1,1,2,9.688468933105469
bert-base-multilingual-cased,ru,26,marker_pool,0,2,2,9.883020401000977
bert-base-multilingual-cased,ru,26,marker_pool,-2,2,4,9.986196517944336
bert-base-multilingual-cased,ru,27,marker_pool,-2,-1,1,10.228622436523438
bert-base-multilingual-cased,ru,27,marker_pool,-1,0,1,9.712430953979492
bert-base-multilingual-cased,ru,27,marker_pool,0,1,1,10.854206085205078
bert-base-multilingual-cased,ru,27,marker_pool,1,2,1,10.172185897827148
bert-base-multilingual-cased,ru,27,marker_pool,-2,0,2,10.919057846069336
bert-base-multilingual-cased,ru,27,marker_pool,-1,1,2,10.314764022827148
bert-base-multilingual-cased,ru,27,marker_pool,0,2,2,10.486364364624023
bert-base-multilingual-cased,ru,27,marker_pool,-2,2,4,10.30369758605957
bert-base-multilingual-cased,ru,28,marker_pool,-2,-1,1,9.395979881286621
bert-base-multilingual-cased,ru,28,marker_pool,-1,0,1,9.402322769165039
bert-base-multilingual-cased,ru,28,marker_pool,0,1,1,9.779778480529785
bert-base-multilingual-cased,ru,28,marker_pool,1,2,1,9.570801734924316
bert-base-multilingual-cased,ru,28,marker_pool,-2,0,2,9.945971488952637
bert-base-multilingual-cased,ru,28,marker_pool,-1,1,2,9.344263076782227
bert-base-multilingual-cased,ru,28,marker_pool,0,2,2,9.79175090789795
bert-base-multilingual-cased,ru,28,marker_pool,-2,2,4,9.192930221557617
bert-base-multilingual-cased,ru,29,marker_pool,-2,-1,1,9.139007568359375
bert-base-multilingual-cased,ru,29,marker_pool,-1,0,1,8.143695831298828
bert-base-multilingual-cased,ru,29,marker_pool,0,1,1,9.092514038085938
bert-base-multilingual-cased,ru,29,marker_pool,1,2,1,8.820428848266602
bert-base-multilingual-cased,ru,29,marker_pool,-2,0,2,8.95045280456543
bert-base-multilingual-cased,ru,29,marker_pool,-1,1,2,9.128180503845215
bert-base-multilingual-cased,ru,29,marker_pool,0,2,2,8.69794750213623
bert-base-multilingual-cased,ru,29,marker_pool,-2,2,4,8.851119041442871
bert-base-multilingual-cased,ru,30,marker_pool,-2,-1,1,9.952596664428711
bert-base-multilingual-cased,ru,30,marker_pool,-1,0,1,9.466498374938965
bert-base-multilingual-cased,ru,30,marker_pool,0,1,1,10.721030235290527
bert-base-multilingual-cased,ru,30,marker_pool,1,2,1,9.625585556030273
bert-base-multilingual-cased,ru,30,marker_pool,-2,0,2,10.539726257324219
bert-base-multilingual-cased,ru,30,marker_pool,-1,1,2,10.299159049987793
bert-base-multilingual-cased,ru,30,marker_pool,0,2,2,9.93324089050293
bert-base-multilingual-cased,ru,30,marker_pool,-2,2,4,9.143479347229004
bert-base-multilingual-cased,ru,31,marker_pool,-2,-1,1,8.854249954223633
bert-base-multilingual-cased,ru,31,marker_pool,-1,0,1,8.783731460571289
bert-base-multilingual-cased,ru,31,marker_pool,0,1,1,9.784747123718262
bert-base-multilingual-cased,ru,31,marker_pool,1,2,1,9.189846992492676
bert-base-multilingual-cased,ru,31,marker_pool,-2,0,2,9.15239143371582
bert-base-multilingual-cased,ru,31,marker_pool,-1,1,2,9.41531753540039
bert-base-multilingual-cased,ru,31,marker_pool,0,2,2,9.370150566101074
bert-base-multilingual-cased,ru,31,marker_pool,-2,2,4,8.13599681854248
bert-base-multilingual-cased,ru,32,marker_pool,-2,-1,1,10.0145902633667
bert-base-multilingual-cased,ru,32,marker_pool,-1,0,1,9.114240646362305
bert-base-multilingual-cased,ru,32,marker_pool,0,1,1,9.969548225402832
bert-base-multilingual-cased,ru,32,marker_pool,1,2,1,9.125227928161621
bert-base-multilingual-cased,ru,32,marker_pool,-2,0,2,10.33574390411377
bert-base-multilingual-cased,ru,32,marker_pool,-1,1,2,9.858623504638672
bert-base-multilingual-cased,ru,32,marker_pool,0,2,2,9.494152069091797
bert-base-multilingual-cased,ru,32,marker_pool,-2,2,4,9.709505081176758
bert-base-multilingual-cased,ru,33,marker_pool,-2,-1,1,8.596952438354492
bert-base-multilingual-cased,ru,33,marker_pool,-1,0,1,8.358501434326172
bert-base-multilingual-cased,ru,33,marker_pool,0,1,1,9.801634788513184
bert-base-multilingual-cased,ru,33,marker_pool,1,2,1,8.954197883605957
bert-base-multilingual-cased,ru,33,marker_pool,-2,0,2,9.3463716506958
bert-base-multilingual-cased,ru,33,marker_pool,-1,1,2,9.535274505615234
bert-base-multilingual-cased,ru,33,marker_pool,0,2,2,8.960930824279785
bert-base-multilingual-cased,ru,33,marker_pool,-2,2,4,8.7770357131958
bert-base-multilingual-cased,ru,34,marker_pool,-2,-1,1,9.520136833190918
bert-base-multilingual-cased,ru,34,marker_pool,-1,0,1,9.41904067993164
bert-base-multilingual-cased,ru,34,marker_pool,0,1,1,10.08670711517334
bert-base-multilingual-cased,ru,34,marker_pool,1,2,1,10.424177169799805
bert-base-multilingual-cased,ru,34,marker_pool,-2,0,2,9.683581352233887
bert-base-multilingual-cased,ru,34,marker_pool,-1,1,2,10.032790184020996
bert-base-multilingual-cased,ru,34,marker_pool,0,2,2,10.600629806518555
bert-base-multilingual-cased,ru,34,marker_pool,-2,2,4,10.40140151977539
bert-base-multilingual-cased,ru,35,marker_pool,-2,-1,1,9.646040916442871
bert-base-multilingual-cased,ru,35,marker_pool,-1,0,1,9.468545913696289
bert-base-multilingual-cased,ru,35,marker_pool,0,1,1,10.333388328552246
bert-base-multilingual-cased,ru,35,marker_pool,1,2,1,9.248129844665527
bert-base-multilingual-cased,ru,35,marker_pool,-2,0,2,10.604944229125977
bert-base-multilingual-cased,ru,35,marker_pool,-1,1,2,9.635809898376465
bert-base-multilingual-cased,ru,35,marker_pool,0,2,2,9.811144828796387
bert-base-multilingual-cased,ru,35,marker_pool,-2,2,4,9.485860824584961
bert-base-multilingual-cased,ru,36,marker_pool,-2,-1,1,9.658392906188965
bert-base-multilingual-cased,ru,36,marker_pool,-1,0,1,8.494900703430176
bert-base-multilingual-cased,ru,36,marker_pool,0,1,1,9.437738418579102
bert-base-multilingual-cased,ru,36,marker_pool,1,2,1,9.138347625732422
bert-base-multilingual-cased,ru,36,marker_pool,-2,0,2,9.906980514526367
bert-base-multilingual-cased,ru,36,marker_pool,-1,1,2,9.290289878845215
bert-base-multilingual-cased,ru,36,marker_pool,0,2,2,9.03664779663086
bert-base-multilingual-cased,ru,36,marker_pool,-2,2,4,9.827251434326172
bert-base-multilingual-cased,ru,37,marker_pool,-2,-1,1,8.21045970916748
bert-base-multilingual-cased,ru,37,marker_pool,-1,0,1,8.293426513671875
bert-base-multilingual-cased,ru,37,marker_pool,0,1,1,9.97545051574707
bert-base-multilingual-cased,ru,37,marker_pool,1,2,1,10.04491901397705
bert-base-multilingual-cased,ru,37,marker_pool,-2,0,2,8.956546783447266
bert-base-multilingual-cased,ru,37,marker_pool,-1,1,2,9.655497550964355
bert-base-multilingual-cased,ru,37,marker_pool,0,2,2,9.625237464904785
bert-base-multilingual-cased,ru,37,marker_pool,-2,2,4,9.299931526184082
bert-base-multilingual-cased,ru,38,marker_pool,-2,-1,1,10.024109840393066
bert-base-multilingual-cased,ru,38,marker_pool,-1,0,1,9.654472351074219
bert-base-multilingual-cased,ru,38,marker_pool,0,1,1,10.447160720825195
bert-base-multilingual-cased,ru,38,marker_pool,1,2,1,9.525652885437012
bert-base-multilingual-cased,ru,38,marker_pool,-2,0,2,10.5208740234375
bert-base-multilingual-cased,ru,38,marker_pool,-1,1,2,9.844234466552734
bert-base-multilingual-cased,ru,38,marker_pool,0,2,2,10.38530158996582
bert-base-multilingual-cased,ru,38,marker_pool,-2,2,4,10.327962875366211
bert-base-multilingual-cased,ru,39,marker_pool,-2,-1,1,9.001506805419922
bert-base-multilingual-cased,ru,39,marker_pool,-1,0,1,9.403620719909668
bert-base-multilingual-cased,ru,39,marker_pool,0,1,1,10.453292846679688
bert-base-multilingual-cased,ru,39,marker_pool,1,2,1,9.645069122314453
bert-base-multilingual-cased,ru,39,marker_pool,-2,0,2,9.698587417602539
bert-base-multilingual-cased,ru,39,marker_pool,-1,1,2,10.199304580688477
bert-base-multilingual-cased,ru,39,marker_pool,0,2,2,10.152414321899414
bert-base-multilingual-cased,ru,39,marker_pool,-2,2,4,9.512360572814941
bert-base-multilingual-cased,ru,40,marker_pool,-2,-1,1,10.276667594909668
bert-base-multilingual-cased,ru,40,marker_pool,-1,0,1,10.54127025604248
bert-base-multilingual-cased,ru,40,marker_pool,0,1,1,11.085248947143555
bert-base-multilingual-cased,ru,40,marker_pool,1,2,1,9.766708374023438
bert-base-multilingual-cased,ru,40,marker_pool,-2,0,2,10.835081100463867
bert-base-multilingual-cased,ru,40,marker_pool,-1,1,2,10.476400375366211
bert-base-multilingual-cased,ru,40,marker_pool,0,2,2,10.985525131225586
bert-base-multilingual-cased,ru,40,marker_pool,-2,2,4,9.866323471069336
bert-base-multilingual-cased,ru,41,marker_pool,-2,-1,1,9.110038757324219
bert-base-multilingual-cased,ru,41,marker_pool,-1,0,1,9.506539344787598
bert-base-multilingual-cased,ru,41,marker_pool,0,1,1,10.596452713012695
bert-base-multilingual-cased,ru,41,marker_pool,1,2,1,9.529203414916992
bert-base-multilingual-cased,ru,41,marker_pool,-2,0,2,10.188472747802734
bert-base-multilingual-cased,ru,41,marker_pool,-1,1,2,10.07429027557373
bert-base-multilingual-cased,ru,41,marker_pool,0,2,2,9.424365043640137
bert-base-multilingual-cased,ru,41,marker_pool,-2,2,4,8.62901496887207
bert-base-multilingual-cased,ru,42,marker_pool,-2,-1,1,8.656365394592285
bert-base-multilingual-cased,ru,42,marker_pool,-1,0,1,9.438606262207031
bert-base-multilingual-cased,ru,42,marker_pool,0,1,1,10.266921043395996
bert-base-multilingual-cased,ru,42,marker_pool,1,2,1,9.118758201599121
bert-base-multilingual-cased,ru,42,marker_pool,-2,0,2,9.265283584594727
bert-base-multilingual-cased,ru,42,marker_pool,-1,1,2,10.156105041503906
bert-base-multilingual-cased,ru,42,marker_pool,0,2,2,9.252175331115723
bert-base-multilingual-cased,ru,42,marker_pool,-2,2,4,8.643017768859863
bert-base-multilingual-cased,ru,43,marker_pool,-2,-1,1,9.194975852966309
bert-base-multilingual-cased,ru,43,marker_pool,-1,0,1,9.340121269226074
bert-base-multilingual-cased,ru,43,marker_pool,0,1,1,10.274127006530762
bert-base-multilingual-cased,ru,43,marker_pool,1,2,1,9.659070014953613
bert-base-multilingual-cased,ru,43,marker_pool,-2,0,2,9.89478874206543
bert-base-multilingual-cased,ru,43,marker_pool,-1,1,2,9.606658935546875
bert-base-multilingual-cased,ru,43,marker_pool,0,2,2,10.26797103881836
bert-base-multilingual-cased,ru,43,marker_pool,-2,2,4,9.199833869934082
bert-base-multilingual-cased,ru,44,marker_pool,-2,-1,1,9.877056121826172
bert-base-multilingual-cased,ru,44,marker_pool,-1,0,1,8.533447265625
bert-base-multilingual-cased,ru,44,marker_pool,0,1,1,9.624313354492188
bert-base-multilingual-cased,ru,44,marker_pool,1,2,1,9.358463287353516
bert-base-multilingual-cased,ru,44,marker_pool,-2,0,2,9.983339309692383
bert-base-multilingual-cased,ru,44,marker_pool,-1,1,2,9.310795783996582
bert-base-multilingual-cased,ru,44,marker_pool,0,2,2,9.497513771057129
bert-base-multilingual-cased,ru,44,marker_pool,-2,2,4,9.987556457519531
bert-base-multilingual-cased,ru,45,marker_pool,-2,-1,1,9.891857147216797
bert-base-multilingual-cased,ru,45,marker_pool,-1,0,1,9.872884750366211
bert-base-multilingual-cased,ru,45,marker_pool,0,1,1,10.565276145935059
bert-base-multilingual-cased,ru,45,marker_pool,1,2,1,9.231424331665039
bert-base-multilingual-cased,ru,45,marker_pool,-2,0,2,10.286767959594727
bert-base-multilingual-cased,ru,45,marker_pool,-1,1,2,9.91569995880127
bert-base-multilingual-cased,ru,45,marker_pool,0,2,2,9.92945384979248
bert-base-multilingual-cased,ru,45,marker_pool,-2,2,4,9.370882034301758
bert-base-multilingual-cased,ru,46,marker_pool,-2,-1,1,9.154577255249023
bert-base-multilingual-cased,ru,46,marker_pool,-1,0,1,9.744505882263184
bert-base-multilingual-cased,ru,46,marker_pool,0,1,1,10.647387504577637
bert-base-multilingual-cased,ru,46,marker_pool,1,2,1,9.116394996643066
bert-base-multilingual-cased,ru,46,marker_pool,-2,0,2,9.897751808166504
bert-base-multilingual-cased,ru,46,marker_pool,-1,1,2,9.543004035949707
bert-base-multilingual-cased,ru,46,marker_pool,0,2,2,9.822244644165039
bert-base-multilingual-cased,ru,46,marker_pool,-2,2,4,8.776382446289062
bert-base-multilingual-cased,ru,47,marker_pool,-2,-1,1,9.270503044128418
bert-base-multilingual-cased,ru,47,marker_pool,-1,0,1,8.80496883392334
bert-base-multilingual-cased,ru,47,marker_pool,0,1,1,9.723006248474121
bert-base-multilingual-cased,ru,47,marker_pool,1,2,1,9.028746604919434
bert-base-multilingual-cased,ru,47,marker_pool,-2,0,2,9.25192642211914
bert-base-multilingual-cased,ru,47,marker_pool,-1,1,2,9.37923526763916
bert-base-multilingual-cased,ru,47,marker_pool,0,2,2,9.29922103881836
bert-base-multilingual-cased,ru,47,marker_pool,-2,2,4,9.078836441040039
bert-base-multilingual-cased,ru,48,marker_pool,-2,-1,1,8.962260246276855
bert-base-multilingual-cased,ru,48,marker_pool,-1,0,1,9.136374473571777
bert-base-multilingual-cased,ru,48,marker_pool,0,1,1,9.436939239501953
bert-base-multilingual-cased,ru,48,marker_pool,1,2,1,8.858587265014648
bert-base-multilingual-cased,ru,48,marker_pool,-2,0,2,9.613360404968262
bert-base-multilingual-cased,ru,48,marker_pool,-1,1,2,9.373536109924316
bert-base-multilingual-cased,ru,48,marker_pool,0,2,2,9.356973648071289
bert-base-multilingual-cased,ru,48,marker_pool,-2,2,4,8.982839584350586
bert-base-multilingual-cased,ru,49,marker_pool,-2,-1,1,10.437989234924316
bert-base-multilingual-cased,ru,49,marker_pool,-1,0,1,9.077178001403809
bert-base-multilingual-cased,ru,49,marker_pool,0,1,1,9.702670097351074
bert-base-multilingual-cased,ru,49,marker_pool,1,2,1,8.728801727294922
bert-base-multilingual-cased,ru,49,marker_pool,-2,0,2,10.798501968383789
bert-base-multilingual-cased,ru,49,marker_pool,-1,1,2,9.753544807434082
bert-base-multilingual-cased,ru,49,marker_pool,0,2,2,9.608312606811523
bert-base-multilingual-cased,ru,49,marker_pool,-2,2,4,10.181655883789062
bert-base-multilingual-cased,ru,50,marker_pool,-2,-1,1,10.008280754089355
bert-base-multilingual-cased,ru,50,marker_pool,-1,0,1,9.042182922363281
bert-base-multilingual-cased,ru,50,marker_pool,0,1,1,10.213704109191895
bert-base-multilingual-cased,ru,50,marker_pool,1,2,1,9.767029762268066
bert-base-multilingual-cased,ru,50,marker_pool,-2,0,2,10.29189682006836
bert-base-multilingual-cased,ru,50,marker_pool,-1,1,2,10.109533309936523
bert-base-multilingual-cased,ru,50,marker_pool,0,2,2,10.10303783416748
bert-base-multilingual-cased,ru,50,marker_pool,-2,2,4,10.216012001037598
bert-base-multilingual-cased,ru,51,marker_pool,-2,-1,1,10.419078826904297
bert-base-multilingual-cased,ru,51,marker_pool,-1,0,1,9.685893058776855
bert-base-multilingual-cased,ru,51,marker_pool,0,1,1,10.11860466003418
bert-base-multilingual-cased,ru,51,marker_pool,1,2,1,9.410770416259766
bert-base-multilingual-cased,ru,51,marker_pool,-2,0,2,10.99305534362793
bert-base-multilingual-cased,ru,51,marker_pool,-1,1,2,9.815644264221191
bert-base-multilingual-cased,ru,51,marker_pool,0,2,2,10.487982749938965
bert-base-multilingual-cased,ru,51,marker_pool,-2,2,4,10.225622177124023
bert-base-multilingual-cased,ru,52,marker_pool,-2,-1,1,10.175753593444824
bert-base-multilingual-cased,ru,52,marker_pool,-1,0,1,9.756930351257324
bert-base-multilingual-cased,ru,52,marker_pool,0,1,1,10.360098838806152
bert-base-multilingual-cased,ru,52,marker_pool,1,2,1,9.943167686462402
bert-base-multilingual-cased,ru,52,marker_pool,-2,0,2,10.725959777832031
bert-base-multilingual-cased,ru,52,marker_pool,-1,1,2,9.917182922363281
bert-base-multilingual-cased,ru,52,marker_pool,0,2,2,10.50772762298584
bert-base-multilingual-cased,ru,52,marker_pool,-2,2,4,10.744802474975586
bert-base-multilingual-cased,ru,53,marker_pool,-2,-1,1,9.434154510498047
bert-base-multilingual-cased,ru,53,marker_pool,-1,0,1,9.333817481994629
bert-base-multilingual-cased,ru,53,marker_pool,0,1,1,10.225157737731934
bert-base-multilingual-cased,ru,53,marker_pool,1,2,1,9.099353790283203
bert-base-multilingual-cased,ru,53,marker_pool,-2,0,2,10.191658020019531
bert-base-multilingual-cased,ru,53,marker_pool,-1,1,2,9.809713363647461
bert-base-multilingual-cased,ru,53,marker_pool,0,2,2,9.822911262512207
bert-base-multilingual-cased,ru,53,marker_pool,-2,2,4,9.094009399414062
bert-base-multilingual-cased,ru,54,marker_pool,-2,-1,1,9.5909423828125
bert-base-multilingual-cased,ru,54,marker_pool,-1,0,1,9.61532974243164
bert-base-multilingual-cased,ru,54,marker_pool,0,1,1,10.357345581054688
bert-base-multilingual-cased,ru,54,marker_pool,1,2,1,8.965741157531738
bert-base-multilingual-cased,ru,54,marker_pool,-2,0,2,10.792468070983887
bert-base-multilingual-cased,ru,54,marker_pool,-1,1,2,9.713715553283691
bert-base-multilingual-cased,ru,54,marker_pool,0,2,2,9.586053848266602
bert-base-multilingual-cased,ru,54,marker_pool,-2,2,4,9.421589851379395
bert-base-multilingual-cased,ru,55,marker_pool,-2,-1,1,10.782657623291016
bert-base-multilingual-cased,ru,55,marker_pool,-1,0,1,9.86348819732666
bert-base-multilingual-cased,ru,55,marker_pool,0,1,1,10.434225082397461
bert-base-multilingual-cased,ru,55,marker_pool,1,2,1,9.575064659118652
bert-base-multilingual-cased,ru,55,marker_pool,-2,0,2,11.127959251403809
bert-base-multilingual-cased,ru,55,marker_pool,-1,1,2,9.67398452758789
bert-base-multilingual-cased,ru,55,marker_pool,0,2,2,9.981006622314453
bert-base-multilingual-cased,ru,55,marker_pool,-2,2,4,10.621052742004395
bert-base-multilingual-cased,ru,56,marker_pool,-2,-1,1,9.991997718811035
bert-base-multilingual-cased,ru,56,marker_pool,-1,0,1,9.908914566040039
bert-base-multilingual-cased,ru,56,marker_pool,0,1,1,10.808616638183594
bert-base-multilingual-cased,ru,56,marker_pool,1,2,1,9.7640380859375
bert-base-multilingual-cased,ru,56,marker_pool,-2,0,2,10.891495704650879
bert-base-multilingual-cased,ru,56,marker_pool,-1,1,2,10.52142333984375
bert-base-multilingual-cased,ru,56,marker_pool,0,2,2,9.78173828125
bert-base-multilingual-cased,ru,56,marker_pool,-2,2,4,9.5208158493042
bert-base-multilingual-cased,ru,57,marker_pool,-2,-1,1,10.204071998596191
bert-base-multilingual-cased,ru,57,marker_pool,-1,0,1,9.450411796569824
bert-base-multilingual-cased,ru,57,marker_pool,0,1,1,10.198030471801758
bert-base-multilingual-cased,ru,57,marker_pool,1,2,1,11.405951499938965
bert-base-multilingual-cased,ru,57,marker_pool,-2,0,2,10.429617881774902
bert-base-multilingual-cased,ru,57,marker_pool,-1,1,2,9.568595886230469
bert-base-multilingual-cased,ru,57,marker_pool,0,2,2,11.430689811706543
bert-base-multilingual-cased,ru,57,marker_pool,-2,2,4,11.835152626037598
bert-base-multilingual-cased,ru,58,marker_pool,-2,-1,1,9.073628425598145
bert-base-multilingual-cased,ru,58,marker_pool,-1,0,1,8.61943531036377
bert-base-multilingual-cased,ru,58,marker_pool,0,1,1,10.235344886779785
bert-base-multilingual-cased,ru,58,marker_pool,1,2,1,9.51467227935791
bert-base-multilingual-cased,ru,58,marker_pool,-2,0,2,9.035425186157227
bert-base-multilingual-cased,ru,58,marker_pool,-1,1,2,10.161517143249512
bert-base-multilingual-cased,ru,58,marker_pool,0,2,2,8.319818496704102
bert-base-multilingual-cased,ru,58,marker_pool,-2,2,4,8.383978843688965
bert-base-multilingual-cased,ru,59,marker_pool,-2,-1,1,10.013794898986816
bert-base-multilingual-cased,ru,59,marker_pool,-1,0,1,9.98665714263916
bert-base-multilingual-cased,ru,59,marker_pool,0,1,1,10.901443481445312
bert-base-multilingual-cased,ru,59,marker_pool,1,2,1,9.449355125427246
bert-base-multilingual-cased,ru,59,marker_pool,-2,0,2,10.971933364868164
bert-base-multilingual-cased,ru,59,marker_pool,-1,1,2,10.099214553833008
bert-base-multilingual-cased,ru,59,marker_pool,0,2,2,9.944945335388184
bert-base-multilingual-cased,ru,59,marker_pool,-2,2,4,10.024039268493652
bert-base-multilingual-cased,ru,60,marker_pool,-2,-1,1,10.284144401550293
bert-base-multilingual-cased,ru,60,marker_pool,-1,0,1,9.047592163085938
bert-base-multilingual-cased,ru,60,marker_pool,0,1,1,10.102872848510742
bert-base-multilingual-cased,ru,60,marker_pool,1,2,1,10.186705589294434
bert-base-multilingual-cased,ru,60,marker_pool,-2,0,2,10.59719181060791
bert-base-multilingual-cased,ru,60,marker_pool,-1,1,2,9.916008949279785
bert-base-multilingual-cased,ru,60,marker_pool,0,2,2,9.344347953796387
bert-base-multilingual-cased,ru,60,marker_pool,-2,2,4,10.355100631713867
bert-base-multilingual-cased,ru,61,marker_pool,-2,-1,1,8.5961332321167
bert-base-multilingual-cased,ru,61,marker_pool,-1,0,1,8.84749984741211
bert-base-multilingual-cased,ru,61,marker_pool,0,1,1,9.600506782531738
bert-base-multilingual-cased,ru,61,marker_pool,1,2,1,7.906625270843506
bert-base-multilingual-cased,ru,61,marker_pool,-2,0,2,9.218703269958496
bert-base-multilingual-cased,ru,61,marker_pool,-1,1,2,8.971351623535156
bert-base-multilingual-cased,ru,61,marker_pool,0,2,2,9.131121635437012
bert-base-multilingual-cased,ru,61,marker_pool,-2,2,4,8.32210636138916
bert-base-multilingual-cased,ru,62,marker_pool,-2,-1,1,9.391067504882812
bert-base-multilingual-cased,ru,62,marker_pool,-1,0,1,9.707825660705566
bert-base-multilingual-cased,ru,62,marker_pool,0,1,1,10.686944961547852
bert-base-multilingual-cased,ru,62,marker_pool,1,2,1,9.157388687133789
bert-base-multilingual-cased,ru,62,marker_pool,-2,0,2,10.881291389465332
bert-base-multilingual-cased,ru,62,marker_pool,-1,1,2,9.556173324584961
bert-base-multilingual-cased,ru,62,marker_pool,0,2,2,10.206021308898926
bert-base-multilingual-cased,ru,62,marker_pool,-2,2,4,9.119933128356934
bert-base-multilingual-cased,ru,63,marker_pool,-2,-1,1,9.191396713256836
bert-base-multilingual-cased,ru,63,marker_pool,-1,0,1,8.149572372436523
bert-base-multilingual-cased,ru,63,marker_pool,0,1,1,9.881651878356934
bert-base-multilingual-cased,ru,63,marker_pool,1,2,1,8.880010604858398
bert-base-multilingual-cased,ru,63,marker_pool,-2,0,2,9.857795715332031
bert-base-multilingual-cased,ru,63,marker_pool,-1,1,2,9.370445251464844
bert-base-multilingual-cased,ru,63,marker_pool,0,2,2,9.165299415588379
bert-base-multilingual-cased,ru,63,marker_pool,-2,2,4,9.131361961364746
bert-base-multilingual-cased,ru,64,marker_pool,-2,-1,1,9.478697776794434
bert-base-multilingual-cased,ru,64,marker_pool,-1,0,1,9.528069496154785
bert-base-multilingual-cased,ru,64,marker_pool,0,1,1,10.709177017211914
bert-base-multilingual-cased,ru,64,marker_pool,1,2,1,9.629645347595215
bert-base-multilingual-cased,ru,64,marker_pool,-2,0,2,10.365975379943848
bert-base-multilingual-cased,ru,64,marker_pool,-1,1,2,10.413321495056152
bert-base-multilingual-cased,ru,64,marker_pool,0,2,2,9.563857078552246
bert-base-multilingual-cased,ru,64,marker_pool,-2,2,4,9.34364128112793
bert-base-multilingual-cased,ru,65,marker_pool,-2,-1,1,9.869416236877441
bert-base-multilingual-cased,ru,65,marker_pool,-1,0,1,8.870281219482422
bert-base-multilingual-cased,ru,65,marker_pool,0,1,1,9.962860107421875
bert-base-multilingual-cased,ru,65,marker_pool,1,2,1,9.457262992858887
bert-base-multilingual-cased,ru,65,marker_pool,-2,0,2,10.098105430603027
bert-base-multilingual-cased,ru,65,marker_pool,-1,1,2,9.703512191772461
bert-base-multilingual-cased,ru,65,marker_pool,0,2,2,9.814604759216309
bert-base-multilingual-cased,ru,65,marker_pool,-2,2,4,9.985445022583008
bert-base-multilingual-cased,ru,66,marker_pool,-2,-1,1,9.271099090576172
bert-base-multilingual-cased,ru,66,marker_pool,-1,0,1,9.25678539276123
bert-base-multilingual-cased,ru,66,marker_pool,0,1,1,10.024784088134766
bert-base-multilingual-cased,ru,66,marker_pool,1,2,1,8.828248977661133
bert-base-multilingual-cased,ru,66,marker_pool,-2,0,2,10.088030815124512
bert-base-multilingual-cased,ru,66,marker_pool,-1,1,2,9.25301456451416
bert-base-multilingual-cased,ru,66,marker_pool,0,2,2,9.780293464660645
bert-base-multilingual-cased,ru,66,marker_pool,-2,2,4,8.815720558166504
bert-base-multilingual-cased,ru,67,marker_pool,-2,-1,1,10.049739837646484
bert-base-multilingual-cased,ru,67,marker_pool,-1,0,1,9.90124225616455
bert-base-multilingual-cased,ru,67,marker_pool,0,1,1,10.88568115234375
bert-base-multilingual-cased,ru,67,marker_pool,1,2,1,9.891488075256348
bert-base-multilingual-cased,ru,67,marker_pool,-2,0,2,10.941064834594727
bert-base-multilingual-cased,ru,67,marker_pool,-1,1,2,9.594381332397461
bert-base-multilingual-cased,ru,67,marker_pool,0,2,2,9.870543479919434
bert-base-multilingual-cased,ru,67,marker_pool,-2,2,4,9.970426559448242
bert-base-multilingual-cased,ru,68,marker_pool,-2,-1,1,10.053821563720703
bert-base-multilingual-cased,ru,68,marker_pool,-1,0,1,9.577716827392578
bert-base-multilingual-cased,ru,68,marker_pool,0,1,1,9.643770217895508
bert-base-multilingual-cased,ru,68,marker_pool,1,2,1,11.033292770385742
bert-base-multilingual-cased,ru,68,marker_pool,-2,0,2,10.070332527160645
bert-base-multilingual-cased,ru,68,marker_pool,-1,1,2,9.521934509277344
bert-base-multilingual-cased,ru,68,marker_pool,0,2,2,11.595343589782715
bert-base-multilingual-cased,ru,68,marker_pool,-2,2,4,11.165936470031738
bert-base-multilingual-cased,ru,69,marker_pool,-2,-1,1,9.71511459350586
bert-base-multilingual-cased,ru,69,marker_pool,-1,0,1,9.826300621032715
bert-base-multilingual-cased,ru,69,marker_pool,0,1,1,10.776050567626953
bert-base-multilingual-cased,ru,69,marker_pool,1,2,1,9.795150756835938
bert-base-multilingual-cased,ru,69,marker_pool,-2,0,2,10.750975608825684
bert-base-multilingual-cased,ru,69,marker_pool,-1,1,2,10.103839874267578
bert-base-multilingual-cased,ru,69,marker_pool,0,2,2,9.946436882019043
bert-base-multilingual-cased,ru,69,marker_pool,-2,2,4,9.515959739685059
bert-base-multilingual-cased,ru,70,marker_pool,-2,-1,1,8.898844718933105
bert-base-multilingual-cased,ru,70,marker_pool,-1,0,1,8.921294212341309
bert-base-multilingual-cased,ru,70,marker_pool,0,1,1,9.872787475585938
bert-base-multilingual-cased,ru,70,marker_pool,1,2,1,8.677358627319336
bert-base-multilingual-cased,ru,70,marker_pool,-2,0,2,9.995600700378418
bert-base-multilingual-cased,ru,70,marker_pool,-1,1,2,8.988103866577148
bert-base-multilingual-cased,ru,70,marker_pool,0,2,2,9.638477325439453
bert-base-multilingual-cased,ru,70,marker_pool,-2,2,4,8.437356948852539
bert-base-multilingual-cased,ru,71,marker_pool,-2,-1,1,8.491202354431152
bert-base-multilingual-cased,ru,71,marker_pool,-1,0,1,8.642600059509277
bert-base-multilingual-cased,ru,71,marker_pool,0,1,1,9.553197860717773
bert-base-multilingual-cased,ru,71,marker_pool,1,2,1,9.482711791992188
bert-base-multilingual-cased,ru,71,marker_pool,-2,0,2,8.770501136779785
bert-base-multilingual-cased,ru,71,marker_pool,-1,1,2,9.64605712890625
bert-base-multilingual-cased,ru,71,marker_pool,0,2,2,9.313650131225586
bert-base-multilingual-cased,ru,71,marker_pool,-2,2,4,8.632505416870117
bert-base-multilingual-cased,ru,72,marker_pool,-2,-1,1,10.347378730773926
bert-base-multilingual-cased,ru,72,marker_pool,-1,0,1,9.024842262268066
bert-base-multilingual-cased,ru,72,marker_pool,0,1,1,9.971263885498047
bert-base-multilingual-cased,ru,72,marker_pool,1,2,1,9.36031723022461
bert-base-multilingual-cased,ru,72,marker_pool,-2,0,2,10.366761207580566
bert-base-multilingual-cased,ru,72,marker_pool,-1,1,2,9.651297569274902
bert-base-multilingual-cased,ru,72,marker_pool,0,2,2,8.877148628234863
bert-base-multilingual-cased,ru,72,marker_pool,-2,2,4,9.850578308105469
bert-base-multilingual-cased,ru,73,marker_pool,-2,-1,1,10.365344047546387
bert-base-multilingual-cased,ru,73,marker_pool,-1,0,1,9.741284370422363
bert-base-multilingual-cased,ru,73,marker_pool,0,1,1,11.231853485107422
bert-base-multilingual-cased,ru,73,marker_pool,1,2,1,10.067625999450684
bert-base-multilingual-cased,ru,73,marker_pool,-2,0,2,11.134123802185059
bert-base-multilingual-cased,ru,73,marker_pool,-1,1,2,10.358967781066895
bert-base-multilingual-cased,ru,73,marker_pool,0,2,2,10.733802795410156
bert-base-multilingual-cased,ru,73,marker_pool,-2,2,4,9.947195053100586
bert-base-multilingual-cased,ru,74,marker_pool,-2,-1,1,8.991333961486816
bert-base-multilingual-cased,ru,74,marker_pool,-1,0,1,9.41609001159668
bert-base-multilingual-cased,ru,74,marker_pool,0,1,1,10.117387771606445
bert-base-multilingual-cased,ru,74,marker_pool,1,2,1,9.251193046569824
bert-base-multilingual-cased,ru,74,marker_pool,-2,0,2,9.671608924865723
bert-base-multilingual-cased,ru,74,marker_pool,-1,1,2,9.808372497558594
bert-base-multilingual-cased,ru,74,marker_pool,0,2,2,9.977736473083496
bert-base-multilingual-cased,ru,74,marker_pool,-2,2,4,7.769161224365234
bert-base-multilingual-cased,ru,75,marker_pool,-2,-1,1,8.779181480407715
bert-base-multilingual-cased,ru,75,marker_pool,-1,0,1,8.70357894897461
bert-base-multilingual-cased,ru,75,marker_pool,0,1,1,9.933955192565918
bert-base-multilingual-cased,ru,75,marker_pool,1,2,1,10.112253189086914
bert-base-multilingual-cased,ru,75,marker_pool,-2,0,2,9.515336990356445
bert-base-multilingual-cased,ru,75,marker_pool,-1,1,2,9.667679786682129
bert-base-multilingual-cased,ru,75,marker_pool,0,2,2,9.70305061340332
bert-base-multilingual-cased,ru,75,marker_pool,-2,2,4,9.436541557312012
bert-base-multilingual-cased,ru,76,marker_pool,-2,-1,1,8.78209114074707
bert-base-multilingual-cased,ru,76,marker_pool,-1,0,1,8.949731826782227
bert-base-multilingual-cased,ru,76,marker_pool,0,1,1,10.021864891052246
bert-base-multilingual-cased,ru,76,marker_pool,1,2,1,9.651516914367676
bert-base-multilingual-cased,ru,76,marker_pool,-2,0,2,9.486369132995605
bert-base-multilingual-cased,ru,76,marker_pool,-1,1,2,9.855557441711426
bert-base-multilingual-cased,ru,76,marker_pool,0,2,2,9.910337448120117
bert-base-multilingual-cased,ru,76,marker_pool,-2,2,4,9.308955192565918
bert-base-multilingual-cased,ru,77,marker_pool,-2,-1,1,10.383988380432129
bert-base-multilingual-cased,ru,77,marker_pool,-1,0,1,8.692975997924805
bert-base-multilingual-cased,ru,77,marker_pool,0,1,1,9.321239471435547
bert-base-multilingual-cased,ru,77,marker_pool,1,2,1,8.617586135864258
bert-base-multilingual-cased,ru,77,marker_pool,-2,0,2,10.660701751708984
bert-base-multilingual-cased,ru,77,marker_pool,-1,1,2,8.673025131225586
bert-base-multilingual-cased,ru,77,marker_pool,0,2,2,9.183520317077637
bert-base-multilingual-cased,ru,77,marker_pool,-2,2,4,10.582489967346191
bert-base-multilingual-cased,ru,78,marker_pool,-2,-1,1,9.138672828674316
bert-base-multilingual-cased,ru,78,marker_pool,-1,0,1,9.83825397491455
bert-base-multilingual-cased,ru,78,marker_pool,0,1,1,10.791960716247559
bert-base-multilingual-cased,ru,78,marker_pool,1,2,1,9.707587242126465
bert-base-multilingual-cased,ru,78,marker_pool,-2,0,2,9.855074882507324
bert-base-multilingual-cased,ru,78,marker_pool,-1,1,2,10.160462379455566
bert-base-multilingual-cased,ru,78,marker_pool,0,2,2,10.356298446655273
bert-base-multilingual-cased,ru,78,marker_pool,-2,2,4,8.891358375549316
bert-base-multilingual-cased,ru,79,marker_pool,-2,-1,1,9.164105415344238
bert-base-multilingual-cased,ru,79,marker_pool,-1,0,1,9.447530746459961
bert-base-multilingual-cased,ru,79,marker_pool,0,1,1,10.41671371459961
bert-base-multilingual-cased,ru,79,marker_pool,1,2,1,9.70866870880127
bert-base-multilingual-cased,ru,79,marker_pool,-2,0,2,10.28396224975586
bert-base-multilingual-cased,ru,79,marker_pool,-1,1,2,9.990437507629395
bert-base-multilingual-cased,ru,79,marker_pool,0,2,2,9.77780532836914
bert-base-multilingual-cased,ru,79,marker_pool,-2,2,4,9.125444412231445
bert-base-multilingual-cased,ru,80,marker_pool,-2,-1,1,9.711031913757324
bert-base-multilingual-cased,ru,80,marker_pool,-1,0,1,9.79435920715332
bert-base-multilingual-cased,ru,80,marker_pool,0,1,1,10.821720123291016
bert-base-multilingual-cased,ru,80,marker_pool,1,2,1,9.760576248168945
bert-base-multilingual-cased,ru,80,marker_pool,-2,0,2,10.85466194152832
bert-base-multilingual-cased,ru,80,marker_pool,-1,1,2,9.952683448791504
bert-base-multilingual-cased,ru,80,marker_pool,0,2,2,9.97140884399414
bert-base-multilingual-cased,ru,80,marker_pool,-2,2,4,9.480108261108398
bert-base-multilingual-cased,ru,81,marker_pool,-2,-1,1,9.57251262664795
bert-base-multilingual-cased,ru,81,marker_pool,-1,0,1,8.833833694458008
bert-base-multilingual-cased,ru,81,marker_pool,0,1,1,9.867972373962402
bert-base-multilingual-cased,ru,81,marker_pool,1,2,1,9.12405014038086
bert-base-multilingual-cased,ru,81,marker_pool,-2,0,2,10.0076265335083
bert-base-multilingual-cased,ru,81,marker_pool,-1,1,2,9.577926635742188
bert-base-multilingual-cased,ru,81,marker_pool,0,2,2,9.264521598815918
bert-base-multilingual-cased,ru,81,marker_pool,-2,2,4,9.349021911621094
bert-base-multilingual-cased,ru,82,marker_pool,-2,-1,1,9.052130699157715
bert-base-multilingual-cased,ru,82,marker_pool,-1,0,1,8.776391983032227
bert-base-multilingual-cased,ru,82,marker_pool,0,1,1,10.385004997253418
bert-base-multilingual-cased,ru,82,marker_pool,1,2,1,10.197724342346191
bert-base-multilingual-cased,ru,82,marker_pool,-2,0,2,9.662251472473145
bert-base-multilingual-cased,ru,82,marker_pool,-1,1,2,10.266375541687012
bert-base-multilingual-cased,ru,82,marker_pool,0,2,2,9.497026443481445
bert-base-multilingual-cased,ru,82,marker_pool,-2,2,4,8.742097854614258
bert-base-multilingual-cased,ru,83,marker_pool,-2,-1,1,10.106477737426758
bert-base-multilingual-cased,ru,83,marker_pool,-1,0,1,9.60521125793457
bert-base-multilingual-cased,ru,83,marker_pool,0,1,1,9.908318519592285
bert-base-multilingual-cased,ru,83,marker_pool,1,2,1,9.462234497070312
bert-base-multilingual-cased,ru,83,marker_pool,-2,0,2,10.489726066589355
bert-base-multilingual-cased,ru,83,marker_pool,-1,1,2,9.386303901672363
bert-base-multilingual-cased,ru,83,marker_pool,0,2,2,9.888933181762695
bert-base-multilingual-cased,ru,83,marker_pool,-2,2,4,9.888280868530273
bert-base-multilingual-cased,ru,84,marker_pool,-2,-1,1,9.894025802612305
bert-base-multilingual-cased,ru,84,marker_pool,-1,0,1,9.078618049621582
bert-base-multilingual-cased,ru,84,marker_pool,0,1,1,9.22737979888916
bert-base-multilingual-cased,ru,84,marker_pool,1,2,1,9.28893756866455
bert-base-multilingual-cased,ru,84,marker_pool,-2,0,2,9.863431930541992
bert-base-multilingual-cased,ru,84,marker_pool,-1,1,2,9.803640365600586
bert-base-multilingual-cased,ru,84,marker_pool,0,2,2,9.446642875671387
bert-base-multilingual-cased,ru,84,marker_pool,-2,2,4,10.327075958251953
bert-base-multilingual-cased,ru,85,marker_pool,-2,-1,1,9.783555030822754
bert-base-multilingual-cased,ru,85,marker_pool,-1,0,1,9.194843292236328
bert-base-multilingual-cased,ru,85,marker_pool,0,1,1,10.311543464660645
bert-base-multilingual-cased,ru,85,marker_pool,1,2,1,9.675758361816406
bert-base-multilingual-cased,ru,85,marker_pool,-2,0,2,10.156664848327637
bert-base-multilingual-cased,ru,85,marker_pool,-1,1,2,9.93470573425293
bert-base-multilingual-cased,ru,85,marker_pool,0,2,2,9.237710952758789
bert-base-multilingual-cased,ru,85,marker_pool,-2,2,4,9.95146369934082
bert-base-multilingual-cased,ru,86,marker_pool,-2,-1,1,9.887395858764648
bert-base-multilingual-cased,ru,86,marker_pool,-1,0,1,9.757120132446289
bert-base-multilingual-cased,ru,86,marker_pool,0,1,1,10.740548133850098
bert-base-multilingual-cased,ru,86,marker_pool,1,2,1,9.758210182189941
bert-base-multilingual-cased,ru,86,marker_pool,-2,0,2,10.728475570678711
bert-base-multilingual-cased,ru,86,marker_pool,-1,1,2,10.23727798461914
bert-base-multilingual-cased,ru,86,marker_pool,0,2,2,9.74633502960205
bert-base-multilingual-cased,ru,86,marker_pool,-2,2,4,10.170502662658691
bert-base-multilingual-cased,ru,87,marker_pool,-2,-1,1,9.064290046691895
bert-base-multilingual-cased,ru,87,marker_pool,-1,0,1,9.688299179077148
bert-base-multilingual-cased,ru,87,marker_pool,0,1,1,10.004717826843262
bert-base-multilingual-cased,ru,87,marker_pool,1,2,1,8.677388191223145
bert-base-multilingual-cased,ru,87,marker_pool,-2,0,2,9.760639190673828
bert-base-multilingual-cased,ru,87,marker_pool,-1,1,2,9.523360252380371
bert-base-multilingual-cased,ru,87,marker_pool,0,2,2,9.921429634094238
bert-base-multilingual-cased,ru,87,marker_pool,-2,2,4,8.017058372497559
bert-base-multilingual-cased,ru,88,marker_pool,-2,-1,1,9.942816734313965
bert-base-multilingual-cased,ru,88,marker_pool,-1,0,1,9.818160057067871
bert-base-multilingual-cased,ru,88,marker_pool,0,1,1,10.439372062683105
bert-base-multilingual-cased,ru,88,marker_pool,1,2,1,10.239944458007812
bert-base-multilingual-cased,ru,88,marker_pool,-2,0,2,10.496618270874023
bert-base-multilingual-cased,ru,88,marker_pool,-1,1,2,9.834534645080566
bert-base-multilingual-cased,ru,88,marker_pool,0,2,2,10.412046432495117
bert-base-multilingual-cased,ru,88,marker_pool,-2,2,4,9.723865509033203
bert-base-multilingual-cased,ru,89,marker_pool,-2,-1,1,9.927467346191406
bert-base-multilingual-cased,ru,89,marker_pool,-1,0,1,8.998258590698242
bert-base-multilingual-cased,ru,89,marker_pool,0,1,1,9.767800331115723
bert-base-multilingual-cased,ru,89,marker_pool,1,2,1,9.203396797180176
bert-base-multilingual-cased,ru,89,marker_pool,-2,0,2,10.229275703430176
bert-base-multilingual-cased,ru,89,marker_pool,-1,1,2,9.416126251220703
bert-base-multilingual-cased,ru,89,marker_pool,0,2,2,9.53720474243164
bert-base-multilingual-cased,ru,89,marker_pool,-2,2,4,10.159697532653809
bert-base-multilingual-cased,ru,90,marker_pool,-2,-1,1,10.030680656433105
bert-base-multilingual-cased,ru,90,marker_pool,-1,0,1,9.174821853637695
bert-base-multilingual-cased,ru,90,marker_pool,0,1,1,9.632410049438477
bert-base-multilingual-cased,ru,90,marker_pool,1,2,1,8.909613609313965
bert-base-multilingual-cased,ru,90,marker_pool,-2,0,2,10.394262313842773
bert-base-multilingual-cased,ru,90,marker_pool,-1,1,2,9.185612678527832
bert-base-multilingual-cased,ru,90,marker_pool,0,2,2,9.165359497070312
bert-base-multilingual-cased,ru,90,marker_pool,-2,2,4,9.744828224182129
bert-base-multilingual-cased,ru,91,marker_pool,-2,-1,1,9.985407829284668
bert-base-multilingual-cased,ru,91,marker_pool,-1,0,1,9.317567825317383
bert-base-multilingual-cased,ru,91,marker_pool,0,1,1,10.586009979248047
bert-base-multilingual-cased,ru,91,marker_pool,1,2,1,10.02593994140625
bert-base-multilingual-cased,ru,91,marker_pool,-2,0,2,10.039974212646484
bert-base-multilingual-cased,ru,91,marker_pool,-1,1,2,9.91571044921875
bert-base-multilingual-cased,ru,91,marker_pool,0,2,2,9.753328323364258
bert-base-multilingual-cased,ru,91,marker_pool,-2,2,4,9.682504653930664
bert-base-multilingual-cased,ru,92,marker_pool,-2,-1,1,10.005313873291016
bert-base-multilingual-cased,ru,92,marker_pool,-1,0,1,8.82768440246582
bert-base-multilingual-cased,ru,92,marker_pool,0,1,1,10.163725852966309
bert-base-multilingual-cased,ru,92,marker_pool,1,2,1,9.770476341247559
bert-base-multilingual-cased,ru,92,marker_pool,-2,0,2,10.559850692749023
bert-base-multilingual-cased,ru,92,marker_pool,-1,1,2,9.777811050415039
bert-base-multilingual-cased,ru,92,marker_pool,0,2,2,9.298929214477539
bert-base-multilingual-cased,ru,92,marker_pool,-2,2,4,9.779236793518066
bert-base-multilingual-cased,ru,93,marker_pool,-2,-1,1,10.010750770568848
bert-base-multilingual-cased,ru,93,marker_pool,-1,0,1,9.907572746276855
bert-base-multilingual-cased,ru,93,marker_pool,0,1,1,10.595929145812988
bert-base-multilingual-cased,ru,93,marker_pool,1,2,1,10.26871395111084
bert-base-multilingual-cased,ru,93,marker_pool,-2,0,2,10.792110443115234
bert-base-multilingual-cased,ru,93,marker_pool,-1,1,2,9.933449745178223
bert-base-multilingual-cased,ru,93,marker_pool,0,2,2,10.32993221282959
bert-base-multilingual-cased,ru,93,marker_pool,-2,2,4,9.706436157226562
bert-base-multilingual-cased,ru,94,marker_pool,-2,-1,1,9.427181243896484
bert-base-multilingual-cased,ru,94,marker_pool,-1,0,1,8.915492057800293
bert-base-multilingual-cased,ru,94,marker_pool,0,1,1,9.649609565734863
bert-base-multilingual-cased,ru,94,marker_pool,1,2,1,9.306856155395508
bert-base-multilingual-cased,ru,94,marker_pool,-2,0,2,10.117175102233887
bert-base-multilingual-cased,ru,94,marker_pool,-1,1,2,9.669557571411133
bert-base-multilingual-cased,ru,94,marker_pool,0,2,2,8.971808433532715
bert-base-multilingual-cased,ru,94,marker_pool,-2,2,4,9.803927421569824
bert-base-multilingual-cased,ru,95,marker_pool,-2,-1,1,9.627498626708984
bert-base-multilingual-cased,ru,95,marker_pool,-1,0,1,8.988385200500488
bert-base-multilingual-cased,ru,95,marker_pool,0,1,1,9.467753410339355
bert-base-multilingual-cased,ru,95,marker_pool,1,2,1,9.135424613952637
bert-base-multilingual-cased,ru,95,marker_pool,-2,0,2,9.828102111816406
bert-base-multilingual-cased,ru,95,marker_pool,-1,1,2,9.30406665802002
bert-base-multilingual-cased,ru,95,marker_pool,0,2,2,9.34375286102295
bert-base-multilingual-cased,ru,95,marker_pool,-2,2,4,9.835749626159668
bert-base-multilingual-cased,ru,96,marker_pool,-2,-1,1,9.702735900878906
bert-base-multilingual-cased,ru,96,marker_pool,-1,0,1,9.319916725158691
bert-base-multilingual-cased,ru,96,marker_pool,0,1,1,10.261902809143066
bert-base-multilingual-cased,ru,96,marker_pool,1,2,1,9.024928092956543
bert-base-multilingual-cased,ru,96,marker_pool,-2,0,2,10.029505729675293
bert-base-multilingual-cased,ru,96,marker_pool,-1,1,2,10.24624252319336
bert-base-multilingual-cased,ru,96,marker_pool,0,2,2,9.530043601989746
bert-base-multilingual-cased,ru,96,marker_pool,-2,2,4,9.689708709716797
bert-base-multilingual-cased,ru,97,marker_pool,-2,-1,1,9.195531845092773
bert-base-multilingual-cased,ru,97,marker_pool,-1,0,1,8.309481620788574
bert-base-multilingual-cased,ru,97,marker_pool,0,1,1,9.89090633392334
bert-base-multilingual-cased,ru,97,marker_pool,1,2,1,8.816657066345215
bert-base-multilingual-cased,ru,97,marker_pool,-2,0,2,9.740152359008789
bert-base-multilingual-cased,ru,97,marker_pool,-1,1,2,9.52196216583252
bert-base-multilingual-cased,ru,97,marker_pool,0,2,2,8.987422943115234
bert-base-multilingual-cased,ru,97,marker_pool,-2,2,4,9.11070728302002
bert-base-multilingual-cased,ru,98,marker_pool,-2,-1,1,10.194869995117188
bert-base-multilingual-cased,ru,98,marker_pool,-1,0,1,9.064353942871094
bert-base-multilingual-cased,ru,98,marker_pool,0,1,1,10.049662590026855
bert-base-multilingual-cased,ru,98,marker_pool,1,2,1,10.268287658691406
bert-base-multilingual-cased,ru,98,marker_pool,-2,0,2,10.32954216003418
bert-base-multilingual-cased,ru,98,marker_pool,-1,1,2,9.680901527404785
bert-base-multilingual-cased,ru,98,marker_pool,0,2,2,10.148015022277832
bert-base-multilingual-cased,ru,98,marker_pool,-2,2,4,10.070358276367188
bert-base-multilingual-cased,ru,99,marker_pool,-2,-1,1,10.126481056213379
bert-base-multilingual-cased,ru,99,marker_pool,-1,0,1,9.031109809875488
bert-base-multilingual-cased,ru,99,marker_pool,0,1,1,10.420896530151367
bert-base-multilingual-cased,ru,99,marker_pool,1,2,1,9.661811828613281
bert-base-multilingual-cased,ru,99,marker_pool,-2,0,2,10.424221992492676
bert-base-multilingual-cased,ru,99,marker_pool,-1,1,2,10.09994125366211
bert-base-multilingual-cased,ru,99,marker_pool,0,2,2,10.242937088012695
bert-base-multilingual-cased,ru,99,marker_pool,-2,2,4,10.097874641418457
bert-base-multilingual-cased,ru,100,marker_pool,-2,-1,1,9.716837882995605
bert-base-multilingual-cased,ru,100,marker_pool,-1,0,1,9.873327255249023
bert-base-multilingual-cased,ru,100,marker_pool,0,1,1,10.003275871276855
bert-base-multilingual-cased,ru,100,marker_pool,1,2,1,8.649003982543945
bert-base-multilingual-cased,ru,100,marker_pool,-2,0,2,10.764668464660645
bert-base-multilingual-cased,ru,100,marker_pool,-1,1,2,9.809757232666016
bert-base-multilingual-cased,ru,100,marker_pool,0,2,2,9.626178741455078
bert-base-multilingual-cased,ru,100,marker_pool,-2,2,4,9.852845191955566
bert-base-multilingual-cased,ru,101,marker_pool,-2,-1,1,8.177783966064453
bert-base-multilingual-cased,ru,101,marker_pool,-1,0,1,8.618619918823242
bert-base-multilingual-cased,ru,101,marker_pool,0,1,1,10.019975662231445
bert-base-multilingual-cased,ru,101,marker_pool,1,2,1,9.524368286132812
bert-base-multilingual-cased,ru,101,marker_pool,-2,0,2,8.859268188476562
bert-base-multilingual-cased,ru,101,marker_pool,-1,1,2,9.8540620803833
bert-base-multilingual-cased,ru,101,marker_pool,0,2,2,9.440869331359863
bert-base-multilingual-cased,ru,101,marker_pool,-2,2,4,8.17414665222168
bert-base-multilingual-cased,ru,102,marker_pool,-2,-1,1,10.021647453308105
bert-base-multilingual-cased,ru,102,marker_pool,-1,0,1,9.421168327331543
bert-base-multilingual-cased,ru,102,marker_pool,0,1,1,10.268011093139648
bert-base-multilingual-cased,ru,102,marker_pool,1,2,1,9.283882141113281
bert-base-multilingual-cased,ru,102,marker_pool,-2,0,2,9.989401817321777
bert-base-multilingual-cased,ru,102,marker_pool,-1,1,2,10.475831985473633
bert-base-multilingual-cased,ru,102,marker_pool,0,2,2,9.533380508422852
bert-base-multilingual-cased,ru,102,marker_pool,-2,2,4,9.93870735168457
bert-base-multilingual-cased,ru,103,marker_pool,-2,-1,1,10.350682258605957
bert-base-multilingual-cased,ru,103,marker_pool,-1,0,1,9.521452903747559
bert-base-multilingual-cased,ru,103,marker_pool,0,1,1,10.271242141723633
bert-base-multilingual-cased,ru,103,marker_pool,1,2,1,10.054750442504883
bert-base-multilingual-cased,ru,103,marker_pool,-2,0,2,10.496943473815918
bert-base-multilingual-cased,ru,103,marker_pool,-1,1,2,9.938368797302246
bert-base-multilingual-cased,ru,103,marker_pool,0,2,2,9.435620307922363
bert-base-multilingual-cased,ru,103,marker_pool,-2,2,4,10.202547073364258
bert-base-multilingual-cased,ru,104,marker_pool,-2,-1,1,9.407320022583008
bert-base-multilingual-cased,ru,104,marker_pool,-1,0,1,8.96611213684082
bert-base-multilingual-cased,ru,104,marker_pool,0,1,1,9.701268196105957
bert-base-multilingual-cased,ru,104,marker_pool,1,2,1,8.724456787109375
bert-base-multilingual-cased,ru,104,marker_pool,-2,0,2,9.81187629699707
bert-base-multilingual-cased,ru,104,marker_pool,-1,1,2,9.459692001342773
bert-base-multilingual-cased,ru,104,marker_pool,0,2,2,9.361909866333008
bert-base-multilingual-cased,ru,104,marker_pool,-2,2,4,8.923110961914062
bert-base-multilingual-cased,ru,105,marker_pool,-2,-1,1,8.79445743560791
bert-base-multilingual-cased,ru,105,marker_pool,-1,0,1,8.419815063476562
bert-base-multilingual-cased,ru,105,marker_pool,0,1,1,9.49653148651123
bert-base-multilingual-cased,ru,105,marker_pool,1,2,1,8.845266342163086
bert-base-multilingual-cased,ru,105,marker_pool,-2,0,2,9.66702651977539
bert-base-multilingual-cased,ru,105,marker_pool,-1,1,2,8.876981735229492
bert-base-multilingual-cased,ru,105,marker_pool,0,2,2,9.514179229736328
bert-base-multilingual-cased,ru,105,marker_pool,-2,2,4,8.166852951049805
bert-base-multilingual-cased,ru,106,marker_pool,-2,-1,1,10.019168853759766
bert-base-multilingual-cased,ru,106,marker_pool,-1,0,1,9.181373596191406
bert-base-multilingual-cased,ru,106,marker_pool,0,1,1,10.130759239196777
bert-base-multilingual-cased,ru,106,marker_pool,1,2,1,9.762917518615723
bert-base-multilingual-cased,ru,106,marker_pool,-2,0,2,10.705246925354004
bert-base-multilingual-cased,ru,106,marker_pool,-1,1,2,9.534893035888672
bert-base-multilingual-cased,ru,106,marker_pool,0,2,2,9.562712669372559
bert-base-multilingual-cased,ru,106,marker_pool,-2,2,4,10.125999450683594
bert-base-multilingual-cased,ru,107,marker_pool,-2,-1,1,10.049834251403809
bert-base-multilingual-cased,ru,107,marker_pool,-1,0,1,9.429797172546387
bert-base-multilingual-cased,ru,107,marker_pool,0,1,1,10.09503173828125
bert-base-multilingual-cased,ru,107,marker_pool,1,2,1,10.08686351776123
bert-base-multilingual-cased,ru,107,marker_pool,-2,0,2,10.49349308013916
bert-base-multilingual-cased,ru,107,marker_pool,-1,1,2,9.317980766296387
bert-base-multilingual-cased,ru,107,marker_pool,0,2,2,9.997990608215332
bert-base-multilingual-cased,ru,107,marker_pool,-2,2,4,9.828018188476562
bert-base-multilingual-cased,ru,108,marker_pool,-2,-1,1,9.701016426086426
bert-base-multilingual-cased,ru,108,marker_pool,-1,0,1,8.469732284545898
bert-base-multilingual-cased,ru,108,marker_pool,0,1,1,10.118630409240723
bert-base-multilingual-cased,ru,108,marker_pool,1,2,1,9.234275817871094
bert-base-multilingual-cased,ru,108,marker_pool,-2,0,2,10.067094802856445
bert-base-multilingual-cased,ru,108,marker_pool,-1,1,2,9.817471504211426
bert-base-multilingual-cased,ru,108,marker_pool,0,2,2,9.626998901367188
bert-base-multilingual-cased,ru,108,marker_pool,-2,2,4,9.785584449768066
bert-base-multilingual-cased,ru,109,marker_pool,-2,-1,1,8.697651863098145
bert-base-multilingual-cased,ru,109,marker_pool,-1,0,1,9.532004356384277
bert-base-multilingual-cased,ru,109,marker_pool,0,1,1,10.304102897644043
bert-base-multilingual-cased,ru,109,marker_pool,1,2,1,9.07528305053711
bert-base-multilingual-cased,ru,109,marker_pool,-2,0,2,9.762746810913086
bert-base-multilingual-cased,ru,109,marker_pool,-1,1,2,9.592556953430176
bert-base-multilingual-cased,ru,109,marker_pool,0,2,2,9.950060844421387
bert-base-multilingual-cased,ru,109,marker_pool,-2,2,4,8.036283493041992
bert-base-multilingual-cased,ru,110,marker_pool,-2,-1,1,10.634864807128906
bert-base-multilingual-cased,ru,110,marker_pool,-1,0,1,10.342611312866211
bert-base-multilingual-cased,ru,110,marker_pool,0,1,1,11.017487525939941
bert-base-multilingual-cased,ru,110,marker_pool,1,2,1,9.858515739440918
bert-base-multilingual-cased,ru,110,marker_pool,-2,0,2,11.332906723022461
bert-base-multilingual-cased,ru,110,marker_pool,-1,1,2,10.110577583312988
bert-base-multilingual-cased,ru,110,marker_pool,0,2,2,10.578871726989746
bert-base-multilingual-cased,ru,110,marker_pool,-2,2,4,10.567337989807129
bert-base-multilingual-cased,ru,111,marker_pool,-2,-1,1,10.13258171081543
bert-base-multilingual-cased,ru,111,marker_pool,-1,0,1,9.11812973022461
bert-base-multilingual-cased,ru,111,marker_pool,0,1,1,9.825467109680176
bert-base-multilingual-cased,ru,111,marker_pool,1,2,1,11.245121002197266
bert-base-multilingual-cased,ru,111,marker_pool,-2,0,2,10.329647064208984
bert-base-multilingual-cased,ru,111,marker_pool,-1,1,2,9.489999771118164
bert-base-multilingual-cased,ru,111,marker_pool,0,2,2,11.209808349609375
bert-base-multilingual-cased,ru,111,marker_pool,-2,2,4,11.617036819458008
bert-base-multilingual-cased,ru,112,marker_pool,-2,-1,1,9.58289623260498
bert-base-multilingual-cased,ru,112,marker_pool,-1,0,1,9.467287063598633
bert-base-multilingual-cased,ru,112,marker_pool,0,1,1,10.355881690979004
bert-base-multilingual-cased,ru,112,marker_pool,1,2,1,9.02403736114502
bert-base-multilingual-cased,ru,112,marker_pool,-2,0,2,10.449209213256836
bert-base-multilingual-cased,ru,112,marker_pool,-1,1,2,9.877812385559082
bert-base-multilingual-cased,ru,112,marker_pool,0,2,2,9.789863586425781
bert-base-multilingual-cased,ru,112,marker_pool,-2,2,4,9.205290794372559
bert-base-multilingual-cased,ru,113,marker_pool,-2,-1,1,8.249256134033203
bert-base-multilingual-cased,ru,113,marker_pool,-1,0,1,8.438131332397461
bert-base-multilingual-cased,ru,113,marker_pool,0,1,1,9.907848358154297
bert-base-multilingual-cased,ru,113,marker_pool,1,2,1,11.184599876403809
bert-base-multilingual-cased,ru,113,marker_pool,-2,0,2,8.953723907470703
bert-base-multilingual-cased,ru,113,marker_pool,-1,1,2,9.90726375579834
bert-base-multilingual-cased,ru,113,marker_pool,0,2,2,11.361801147460938
bert-base-multilingual-cased,ru,113,marker_pool,-2,2,4,10.37261962890625
bert-base-multilingual-cased,ru,114,marker_pool,-2,-1,1,9.36050796508789
bert-base-multilingual-cased,ru,114,marker_pool,-1,0,1,9.508881568908691
bert-base-multilingual-cased,ru,114,marker_pool,0,1,1,10.702075958251953
bert-base-multilingual-cased,ru,114,marker_pool,1,2,1,9.270063400268555
bert-base-multilingual-cased,ru,114,marker_pool,-2,0,2,10.177403450012207
bert-base-multilingual-cased,ru,114,marker_pool,-1,1,2,9.446037292480469
bert-base-multilingual-cased,ru,114,marker_pool,0,2,2,9.31475830078125
bert-base-multilingual-cased,ru,114,marker_pool,-2,2,4,8.866339683532715
bert-base-multilingual-cased,ru,115,marker_pool,-2,-1,1,10.269855499267578
bert-base-multilingual-cased,ru,115,marker_pool,-1,0,1,9.813615798950195
bert-base-multilingual-cased,ru,115,marker_pool,0,1,1,10.764193534851074
bert-base-multilingual-cased,ru,115,marker_pool,1,2,1,9.761415481567383
bert-base-multilingual-cased,ru,115,marker_pool,-2,0,2,11.213604927062988
bert-base-multilingual-cased,ru,115,marker_pool,-1,1,2,9.742395401000977
bert-base-multilingual-cased,ru,115,marker_pool,0,2,2,10.547223091125488
bert-base-multilingual-cased,ru,115,marker_pool,-2,2,4,10.431048393249512
bert-base-multilingual-cased,ru,116,marker_pool,-2,-1,1,9.592022895812988
bert-base-multilingual-cased,ru,116,marker_pool,-1,0,1,9.040671348571777
bert-base-multilingual-cased,ru,116,marker_pool,0,1,1,9.55699634552002
bert-base-multilingual-cased,ru,116,marker_pool,1,2,1,11.352665901184082
bert-base-multilingual-cased,ru,116,marker_pool,-2,0,2,9.960005760192871
bert-base-multilingual-cased,ru,116,marker_pool,-1,1,2,9.758000373840332
bert-base-multilingual-cased,ru,116,marker_pool,0,2,2,11.75617504119873
bert-base-multilingual-cased,ru,116,marker_pool,-2,2,4,11.34911060333252
bert-base-multilingual-cased,ru,117,marker_pool,-2,-1,1,9.480581283569336
bert-base-multilingual-cased,ru,117,marker_pool,-1,0,1,9.659574508666992
bert-base-multilingual-cased,ru,117,marker_pool,0,1,1,9.803598403930664
bert-base-multilingual-cased,ru,117,marker_pool,1,2,1,9.073204040527344
bert-base-multilingual-cased,ru,117,marker_pool,-2,0,2,10.166446685791016
bert-base-multilingual-cased,ru,117,marker_pool,-1,1,2,9.102646827697754
bert-base-multilingual-cased,ru,117,marker_pool,0,2,2,9.652212142944336
bert-base-multilingual-cased,ru,117,marker_pool,-2,2,4,9.187475204467773
bert-base-multilingual-cased,ru,118,marker_pool,-2,-1,1,10.522778511047363
bert-base-multilingual-cased,ru,118,marker_pool,-1,0,1,9.618265151977539
bert-base-multilingual-cased,ru,118,marker_pool,0,1,1,9.948958396911621
bert-base-multilingual-cased,ru,118,marker_pool,1,2,1,9.058815956115723
bert-base-multilingual-cased,ru,118,marker_pool,-2,0,2,10.855009078979492
bert-base-multilingual-cased,ru,118,marker_pool,-1,1,2,9.936954498291016
bert-base-multilingual-cased,ru,118,marker_pool,0,2,2,10.055776596069336
bert-base-multilingual-cased,ru,118,marker_pool,-2,2,4,10.679634094238281
bert-base-multilingual-cased,ru,119,marker_pool,-2,-1,1,9.017195701599121
bert-base-multilingual-cased,ru,119,marker_pool,-1,0,1,8.85208797454834
bert-base-multilingual-cased,ru,119,marker_pool,0,1,1,10.013540267944336
bert-base-multilingual-cased,ru,119,marker_pool,1,2,1,9.444269180297852
bert-base-multilingual-cased,ru,119,marker_pool,-2,0,2,9.3951416015625
bert-base-multilingual-cased,ru,119,marker_pool,-1,1,2,9.602193832397461
bert-base-multilingual-cased,ru,119,marker_pool,0,2,2,8.95615005493164
bert-base-multilingual-cased,ru,119,marker_pool,-2,2,4,8.838220596313477
bert-base-multilingual-cased,ru,120,marker_pool,-2,-1,1,8.573431968688965
bert-base-multilingual-cased,ru,120,marker_pool,-1,0,1,8.988353729248047
bert-base-multilingual-cased,ru,120,marker_pool,0,1,1,9.152015686035156
bert-base-multilingual-cased,ru,120,marker_pool,1,2,1,8.802247047424316
bert-base-multilingual-cased,ru,120,marker_pool,-2,0,2,9.433274269104004
bert-base-multilingual-cased,ru,120,marker_pool,-1,1,2,9.109404563903809
bert-base-multilingual-cased,ru,120,marker_pool,0,2,2,9.054299354553223
bert-base-multilingual-cased,ru,120,marker_pool,-2,2,4,8.45988941192627
bert-base-multilingual-cased,ru,121,marker_pool,-2,-1,1,8.241601943969727
bert-base-multilingual-cased,ru,121,marker_pool,-1,0,1,8.466886520385742
bert-base-multilingual-cased,ru,121,marker_pool,0,1,1,8.571601867675781
bert-base-multilingual-cased,ru,121,marker_pool,1,2,1,7.167968273162842
bert-base-multilingual-cased,ru,121,marker_pool,-2,0,2,7.881715297698975
bert-base-multilingual-cased,ru,121,marker_pool,-1,1,2,8.646238327026367
bert-base-multilingual-cased,ru,121,marker_pool,0,2,2,8.21152114868164
bert-base-multilingual-cased,ru,121,marker_pool,-2,2,4,7.319113254547119
bert-base-multilingual-cased,ru,122,marker_pool,-2,-1,1,8.844111442565918
bert-base-multilingual-cased,ru,122,marker_pool,-1,0,1,8.78001594543457
bert-base-multilingual-cased,ru,122,marker_pool,0,1,1,9.864509582519531
bert-base-multilingual-cased,ru,122,marker_pool,1,2,1,9.139196395874023
bert-base-multilingual-cased,ru,122,marker_pool,-2,0,2,9.446131706237793
bert-base-multilingual-cased,ru,122,marker_pool,-1,1,2,9.737610816955566
bert-base-multilingual-cased,ru,122,marker_pool,0,2,2,9.234540939331055
bert-base-multilingual-cased,ru,122,marker_pool,-2,2,4,8.81954288482666
bert-base-multilingual-cased,ru,123,marker_pool,-2,-1,1,10.160687446594238
bert-base-multilingual-cased,ru,123,marker_pool,-1,0,1,9.032855033874512
bert-base-multilingual-cased,ru,123,marker_pool,0,1,1,9.362653732299805
bert-base-multilingual-cased,ru,123,marker_pool,1,2,1,9.286042213439941
bert-base-multilingual-cased,ru,123,marker_pool,-2,0,2,10.54843807220459
bert-base-multilingual-cased,ru,123,marker_pool,-1,1,2,9.07174015045166
bert-base-multilingual-cased,ru,123,marker_pool,0,2,2,9.420586585998535
bert-base-multilingual-cased,ru,123,marker_pool,-2,2,4,10.637803077697754
bert-base-multilingual-cased,ru,124,marker_pool,-2,-1,1,9.459473609924316
bert-base-multilingual-cased,ru,124,marker_pool,-1,0,1,8.729240417480469
bert-base-multilingual-cased,ru,124,marker_pool,0,1,1,9.7246732711792
bert-base-multilingual-cased,ru,124,marker_pool,1,2,1,9.483641624450684
bert-base-multilingual-cased,ru,124,marker_pool,-2,0,2,10.581720352172852
bert-base-multilingual-cased,ru,124,marker_pool,-1,1,2,9.242098808288574
bert-base-multilingual-cased,ru,124,marker_pool,0,2,2,9.309285163879395
bert-base-multilingual-cased,ru,124,marker_pool,-2,2,4,9.39876937866211
bert-base-multilingual-cased,ru,125,marker_pool,-2,-1,1,8.631589889526367
bert-base-multilingual-cased,ru,125,marker_pool,-1,0,1,8.025113105773926
bert-base-multilingual-cased,ru,125,marker_pool,0,1,1,9.370163917541504
bert-base-multilingual-cased,ru,125,marker_pool,1,2,1,8.964332580566406
bert-base-multilingual-cased,ru,125,marker_pool,-2,0,2,9.4188232421875
bert-base-multilingual-cased,ru,125,marker_pool,-1,1,2,8.908198356628418
bert-base-multilingual-cased,ru,125,marker_pool,0,2,2,9.203258514404297
bert-base-multilingual-cased,ru,125,marker_pool,-2,2,4,8.74104118347168
bert-base-multilingual-cased,ru,126,marker_pool,-2,-1,1,10.14071273803711
bert-base-multilingual-cased,ru,126,marker_pool,-1,0,1,9.690540313720703
bert-base-multilingual-cased,ru,126,marker_pool,0,1,1,10.407731056213379
bert-base-multilingual-cased,ru,126,marker_pool,1,2,1,9.416756629943848
bert-base-multilingual-cased,ru,126,marker_pool,-2,0,2,10.710197448730469
bert-base-multilingual-cased,ru,126,marker_pool,-1,1,2,9.818507194519043
bert-base-multilingual-cased,ru,126,marker_pool,0,2,2,10.548280715942383
bert-base-multilingual-cased,ru,126,marker_pool,-2,2,4,10.12244987487793
bert-base-multilingual-cased,ru,127,marker_pool,-2,-1,1,9.548462867736816
bert-base-multilingual-cased,ru,127,marker_pool,-1,0,1,9.362167358398438
bert-base-multilingual-cased,ru,127,marker_pool,0,1,1,10.281249046325684
bert-base-multilingual-cased,ru,127,marker_pool,1,2,1,9.141975402832031
bert-base-multilingual-cased,ru,127,marker_pool,-2,0,2,10.578933715820312
bert-base-multilingual-cased,ru,127,marker_pool,-1,1,2,9.465117454528809
bert-base-multilingual-cased,ru,127,marker_pool,0,2,2,9.571292877197266
bert-base-multilingual-cased,ru,127,marker_pool,-2,2,4,9.30960464477539
bert-base-multilingual-cased,ru,128,marker_pool,-2,-1,1,9.859282493591309
bert-base-multilingual-cased,ru,128,marker_pool,-1,0,1,10.176815032958984
bert-base-multilingual-cased,ru,128,marker_pool,0,1,1,11.512927055358887
bert-base-multilingual-cased,ru,128,marker_pool,1,2,1,9.537132263183594
bert-base-multilingual-cased,ru,128,marker_pool,-2,0,2,10.864006042480469
bert-base-multilingual-cased,ru,128,marker_pool,-1,1,2,10.550395965576172
bert-base-multilingual-cased,ru,128,marker_pool,0,2,2,10.470014572143555
bert-base-multilingual-cased,ru,128,marker_pool,-2,2,4,9.405921936035156
bert-base-multilingual-cased,ru,129,marker_pool,-2,-1,1,8.464897155761719
bert-base-multilingual-cased,ru,129,marker_pool,-1,0,1,9.3718900680542
bert-base-multilingual-cased,ru,129,marker_pool,0,1,1,9.815210342407227
bert-base-multilingual-cased,ru,129,marker_pool,1,2,1,8.987860679626465
bert-base-multilingual-cased,ru,129,marker_pool,-2,0,2,9.451639175415039
bert-base-multilingual-cased,ru,129,marker_pool,-1,1,2,9.636666297912598
bert-base-multilingual-cased,ru,129,marker_pool,0,2,2,9.674589157104492
bert-base-multilingual-cased,ru,129,marker_pool,-2,2,4,7.8897223472595215
bert-base-multilingual-cased,ru,130,marker_pool,-2,-1,1,9.107461929321289
bert-base-multilingual-cased,ru,130,marker_pool,-1,0,1,8.898433685302734
bert-base-multilingual-cased,ru,130,marker_pool,0,1,1,9.88411808013916
bert-base-multilingual-cased,ru,130,marker_pool,1,2,1,9.293569564819336
bert-base-multilingual-cased,ru,130,marker_pool,-2,0,2,9.508466720581055
bert-base-multilingual-cased,ru,130,marker_pool,-1,1,2,9.708470344543457
bert-base-multilingual-cased,ru,130,marker_pool,0,2,2,9.889719009399414
bert-base-multilingual-cased,ru,130,marker_pool,-2,2,4,8.17178726196289
bert-base-multilingual-cased,ru,131,marker_pool,-2,-1,1,9.662864685058594
bert-base-multilingual-cased,ru,131,marker_pool,-1,0,1,8.851669311523438
bert-base-multilingual-cased,ru,131,marker_pool,0,1,1,9.594379425048828
bert-base-multilingual-cased,ru,131,marker_pool,1,2,1,9.650248527526855
bert-base-multilingual-cased,ru,131,marker_pool,-2,0,2,10.40349292755127
bert-base-multilingual-cased,ru,131,marker_pool,-1,1,2,9.23025131225586
bert-base-multilingual-cased,ru,131,marker_pool,0,2,2,9.940145492553711
bert-base-multilingual-cased,ru,131,marker_pool,-2,2,4,10.47851276397705
bert-base-multilingual-cased,ru,132,marker_pool,-2,-1,1,9.215920448303223
bert-base-multilingual-cased,ru,132,marker_pool,-1,0,1,8.862748146057129
bert-base-multilingual-cased,ru,132,marker_pool,0,1,1,10.190674781799316
bert-base-multilingual-cased,ru,132,marker_pool,1,2,1,10.191265106201172
bert-base-multilingual-cased,ru,132,marker_pool,-2,0,2,9.178059577941895
bert-base-multilingual-cased,ru,132,marker_pool,-1,1,2,10.066452026367188
bert-base-multilingual-cased,ru,132,marker_pool,0,2,2,9.354119300842285
bert-base-multilingual-cased,ru,132,marker_pool,-2,2,4,9.122472763061523
bert-base-multilingual-cased,ru,133,marker_pool,-2,-1,1,9.95676040649414
bert-base-multilingual-cased,ru,133,marker_pool,-1,0,1,9.307853698730469
bert-base-multilingual-cased,ru,133,marker_pool,0,1,1,10.350996017456055
bert-base-multilingual-cased,ru,133,marker_pool,1,2,1,10.205849647521973
bert-base-multilingual-cased,ru,133,marker_pool,-2,0,2,10.430266380310059
bert-base-multilingual-cased,ru,133,marker_pool,-1,1,2,9.568178176879883
bert-base-multilingual-cased,ru,133,marker_pool,0,2,2,9.650735855102539
bert-base-multilingual-cased,ru,133,marker_pool,-2,2,4,9.39004135131836
bert-base-multilingual-cased,ru,134,marker_pool,-2,-1,1,10.10678482055664
bert-base-multilingual-cased,ru,134,marker_pool,-1,0,1,8.892719268798828
bert-base-multilingual-cased,ru,134,marker_pool,0,1,1,9.870542526245117
bert-base-multilingual-cased,ru,134,marker_pool,1,2,1,9.757994651794434
bert-base-multilingual-cased,ru,134,marker_pool,-2,0,2,10.091144561767578
bert-base-multilingual-cased,ru,134,marker_pool,-1,1,2,9.732608795166016
bert-base-multilingual-cased,ru,134,marker_pool,0,2,2,9.420076370239258
bert-base-multilingual-cased,ru,134,marker_pool,-2,2,4,9.912823677062988
bert-base-multilingual-cased,ru,135,marker_pool,-2,-1,1,9.32699203491211
bert-base-multilingual-cased,ru,135,marker_pool,-1,0,1,9.727170944213867
bert-base-multilingual-cased,ru,135,marker_pool,0,1,1,10.59166145324707
bert-base-multilingual-cased,ru,135,marker_pool,1,2,1,9.55687427520752
bert-base-multilingual-cased,ru,135,marker_pool,-2,0,2,9.991735458374023
bert-base-multilingual-cased,ru,135,marker_pool,-1,1,2,9.994528770446777
bert-base-multilingual-cased,ru,135,marker_pool,0,2,2,9.397214889526367
bert-base-multilingual-cased,ru,135,marker_pool,-2,2,4,8.913941383361816
bert-base-multilingual-cased,ru,136,marker_pool,-2,-1,1,10.007336616516113
bert-base-multilingual-cased,ru,136,marker_pool,-1,0,1,9.767389297485352
bert-base-multilingual-cased,ru,136,marker_pool,0,1,1,10.402256965637207
bert-base-multilingual-cased,ru,136,marker_pool,1,2,1,9.683476448059082
bert-base-multilingual-cased,ru,136,marker_pool,-2,0,2,10.487197875976562
bert-base-multilingual-cased,ru,136,marker_pool,-1,1,2,10.170757293701172
bert-base-multilingual-cased,ru,136,marker_pool,0,2,2,9.507004737854004
bert-base-multilingual-cased,ru,136,marker_pool,-2,2,4,9.970505714416504
bert-base-multilingual-cased,ru,137,marker_pool,-2,-1,1,9.943995475769043
bert-base-multilingual-cased,ru,137,marker_pool,-1,0,1,9.582457542419434
bert-base-multilingual-cased,ru,137,marker_pool,0,1,1,10.1744966506958
bert-base-multilingual-cased,ru,137,marker_pool,1,2,1,9.546552658081055
bert-base-multilingual-cased,ru,137,marker_pool,-2,0,2,10.597670555114746
bert-base-multilingual-cased,ru,137,marker_pool,-1,1,2,9.888042449951172
bert-base-multilingual-cased,ru,137,marker_pool,0,2,2,9.754179000854492
bert-base-multilingual-cased,ru,137,marker_pool,-2,2,4,9.543926239013672
bert-base-multilingual-cased,ru,138,marker_pool,-2,-1,1,10.260834693908691
bert-base-multilingual-cased,ru,138,marker_pool,-1,0,1,9.258157730102539
bert-base-multilingual-cased,ru,138,marker_pool,0,1,1,9.272431373596191
bert-base-multilingual-cased,ru,138,marker_pool,1,2,1,9.32215404510498
bert-base-multilingual-cased,ru,138,marker_pool,-2,0,2,10.352275848388672
bert-base-multilingual-cased,ru,138,marker_pool,-1,1,2,9.390695571899414
bert-base-multilingual-cased,ru,138,marker_pool,0,2,2,9.632026672363281
bert-base-multilingual-cased,ru,138,marker_pool,-2,2,4,10.832662582397461
bert-base-multilingual-cased,ru,139,marker_pool,-2,-1,1,9.064431190490723
bert-base-multilingual-cased,ru,139,marker_pool,-1,0,1,8.068561553955078
bert-base-multilingual-cased,ru,139,marker_pool,0,1,1,9.463709831237793
bert-base-multilingual-cased,ru,139,marker_pool,1,2,1,9.158971786499023
bert-base-multilingual-cased,ru,139,marker_pool,-2,0,2,9.652800559997559
bert-base-multilingual-cased,ru,139,marker_pool,-1,1,2,9.021770477294922
bert-base-multilingual-cased,ru,139,marker_pool,0,2,2,9.75631332397461
bert-base-multilingual-cased,ru,139,marker_pool,-2,2,4,9.953389167785645
bert-base-multilingual-cased,ru,140,marker_pool,-2,-1,1,10.134810447692871
bert-base-multilingual-cased,ru,140,marker_pool,-1,0,1,9.158771514892578
bert-base-multilingual-cased,ru,140,marker_pool,0,1,1,9.88537311553955
bert-base-multilingual-cased,ru,140,marker_pool,1,2,1,9.385348320007324
bert-base-multilingual-cased,ru,140,marker_pool,-2,0,2,10.036177635192871
bert-base-multilingual-cased,ru,140,marker_pool,-1,1,2,9.082069396972656
bert-base-multilingual-cased,ru,140,marker_pool,0,2,2,9.787891387939453
bert-base-multilingual-cased,ru,140,marker_pool,-2,2,4,10.184601783752441
bert-base-multilingual-cased,ru,141,marker_pool,-2,-1,1,8.15753173828125
bert-base-multilingual-cased,ru,141,marker_pool,-1,0,1,8.467151641845703
bert-base-multilingual-cased,ru,141,marker_pool,0,1,1,9.096223831176758
bert-base-multilingual-cased,ru,141,marker_pool,1,2,1,7.443490028381348
bert-base-multilingual-cased,ru,141,marker_pool,-2,0,2,8.603240013122559
bert-base-multilingual-cased,ru,141,marker_pool,-1,1,2,8.73032283782959
bert-base-multilingual-cased,ru,141,marker_pool,0,2,2,8.801349639892578
bert-base-multilingual-cased,ru,141,marker_pool,-2,2,4,7.603736877441406
bert-base-multilingual-cased,ru,142,marker_pool,-2,-1,1,8.111763000488281
bert-base-multilingual-cased,ru,142,marker_pool,-1,0,1,7.746187210083008
bert-base-multilingual-cased,ru,142,marker_pool,0,1,1,9.768640518188477
bert-base-multilingual-cased,ru,142,marker_pool,1,2,1,9.641515731811523
bert-base-multilingual-cased,ru,142,marker_pool,-2,0,2,8.871700286865234
bert-base-multilingual-cased,ru,142,marker_pool,-1,1,2,9.246027946472168
bert-base-multilingual-cased,ru,142,marker_pool,0,2,2,9.177596092224121
bert-base-multilingual-cased,ru,142,marker_pool,-2,2,4,8.532334327697754
bert-base-multilingual-cased,ru,143,marker_pool,-2,-1,1,8.612532615661621
bert-base-multilingual-cased,ru,143,marker_pool,-1,0,1,8.926623344421387
bert-base-multilingual-cased,ru,143,marker_pool,0,1,1,9.784745216369629
bert-base-multilingual-cased,ru,143,marker_pool,1,2,1,9.77794075012207
bert-base-multilingual-cased,ru,143,marker_pool,-2,0,2,9.636380195617676
bert-base-multilingual-cased,ru,143,marker_pool,-1,1,2,9.783539772033691
bert-base-multilingual-cased,ru,143,marker_pool,0,2,2,9.478959083557129
bert-base-multilingual-cased,ru,143,marker_pool,-2,2,4,8.85275936126709
bert-base-multilingual-cased,ru,144,marker_pool,-2,-1,1,9.148558616638184
bert-base-multilingual-cased,ru,144,marker_pool,-1,0,1,9.698344230651855
bert-base-multilingual-cased,ru,144,marker_pool,0,1,1,10.156320571899414
bert-base-multilingual-cased,ru,144,marker_pool,1,2,1,11.925689697265625
bert-base-multilingual-cased,ru,144,marker_pool,-2,0,2,9.790822982788086
bert-base-multilingual-cased,ru,144,marker_pool,-1,1,2,10.021684646606445
bert-base-multilingual-cased,ru,144,marker_pool,0,2,2,12.062491416931152
bert-base-multilingual-cased,ru,144,marker_pool,-2,2,4,10.997044563293457
bert-base-multilingual-cased,ru,145,marker_pool,-2,-1,1,9.702936172485352
bert-base-multilingual-cased,ru,145,marker_pool,-1,0,1,9.157879829406738
bert-base-multilingual-cased,ru,145,marker_pool,0,1,1,9.135043144226074
bert-base-multilingual-cased,ru,145,marker_pool,1,2,1,9.042501449584961
bert-base-multilingual-cased,ru,145,marker_pool,-2,0,2,9.872536659240723
bert-base-multilingual-cased,ru,145,marker_pool,-1,1,2,9.822613716125488
bert-base-multilingual-cased,ru,145,marker_pool,0,2,2,9.039060592651367
bert-base-multilingual-cased,ru,145,marker_pool,-2,2,4,9.547900199890137
bert-base-multilingual-cased,ru,146,marker_pool,-2,-1,1,9.933372497558594
bert-base-multilingual-cased,ru,146,marker_pool,-1,0,1,9.776561737060547
bert-base-multilingual-cased,ru,146,marker_pool,0,1,1,10.856682777404785
bert-base-multilingual-cased,ru,146,marker_pool,1,2,1,10.163399696350098
bert-base-multilingual-cased,ru,146,marker_pool,-2,0,2,10.916295051574707
bert-base-multilingual-cased,ru,146,marker_pool,-1,1,2,10.55339241027832
bert-base-multilingual-cased,ru,146,marker_pool,0,2,2,10.255094528198242
bert-base-multilingual-cased,ru,146,marker_pool,-2,2,4,9.830523490905762
bert-base-multilingual-cased,ru,147,marker_pool,-2,-1,1,9.113229751586914
bert-base-multilingual-cased,ru,147,marker_pool,-1,0,1,9.051676750183105
bert-base-multilingual-cased,ru,147,marker_pool,0,1,1,10.583247184753418
bert-base-multilingual-cased,ru,147,marker_pool,1,2,1,9.885351181030273
bert-base-multilingual-cased,ru,147,marker_pool,-2,0,2,9.686513900756836
bert-base-multilingual-cased,ru,147,marker_pool,-1,1,2,10.370882034301758
bert-base-multilingual-cased,ru,147,marker_pool,0,2,2,9.335086822509766
bert-base-multilingual-cased,ru,147,marker_pool,-2,2,4,8.517699241638184
bert-base-multilingual-cased,ru,148,marker_pool,-2,-1,1,9.213652610778809
bert-base-multilingual-cased,ru,148,marker_pool,-1,0,1,9.465544700622559
bert-base-multilingual-cased,ru,148,marker_pool,0,1,1,9.6441068649292
bert-base-multilingual-cased,ru,148,marker_pool,1,2,1,8.987571716308594
bert-base-multilingual-cased,ru,148,marker_pool,-2,0,2,9.51203727722168
bert-base-multilingual-cased,ru,148,marker_pool,-1,1,2,9.30500316619873
bert-base-multilingual-cased,ru,148,marker_pool,0,2,2,9.629999160766602
bert-base-multilingual-cased,ru,148,marker_pool,-2,2,4,9.029675483703613
bert-base-multilingual-cased,ru,149,marker_pool,-2,-1,1,9.152299880981445
bert-base-multilingual-cased,ru,149,marker_pool,-1,0,1,9.132493019104004
bert-base-multilingual-cased,ru,149,marker_pool,0,1,1,10.375406265258789
bert-base-multilingual-cased,ru,149,marker_pool,1,2,1,8.547690391540527
bert-base-multilingual-cased,ru,149,marker_pool,-2,0,2,9.966238975524902
bert-base-multilingual-cased,ru,149,marker_pool,-1,1,2,9.733880043029785
bert-base-multilingual-cased,ru,149,marker_pool,0,2,2,9.3701171875
bert-base-multilingual-cased,ru,149,marker_pool,-2,2,4,8.67215347290039
bert-base-multilingual-cased,ru,150,marker_pool,-2,-1,1,10.174397468566895
bert-base-multilingual-cased,ru,150,marker_pool,-1,0,1,9.982537269592285
bert-base-multilingual-cased,ru,150,marker_pool,0,1,1,10.104606628417969
bert-base-multilingual-cased,ru,150,marker_pool,1,2,1,11.275993347167969
bert-base-multilingual-cased,ru,150,marker_pool,-2,0,2,10.949565887451172
bert-base-multilingual-cased,ru,150,marker_pool,-1,1,2,9.545727729797363
bert-base-multilingual-cased,ru,150,marker_pool,0,2,2,11.852815628051758
bert-base-multilingual-cased,ru,150,marker_pool,-2,2,4,11.523362159729004
bert-base-multilingual-cased,ru,151,marker_pool,-2,-1,1,8.934556007385254
bert-base-multilingual-cased,ru,151,marker_pool,-1,0,1,9.117362022399902
bert-base-multilingual-cased,ru,151,marker_pool,0,1,1,10.090188026428223
bert-base-multilingual-cased,ru,151,marker_pool,1,2,1,11.226088523864746
bert-base-multilingual-cased,ru,151,marker_pool,-2,0,2,8.993124008178711
bert-base-multilingual-cased,ru,151,marker_pool,-1,1,2,9.643827438354492
bert-base-multilingual-cased,ru,151,marker_pool,0,2,2,11.407350540161133
bert-base-multilingual-cased,ru,151,marker_pool,-2,2,4,10.729883193969727
bert-base-multilingual-cased,ru,152,marker_pool,-2,-1,1,10.013364791870117
bert-base-multilingual-cased,ru,152,marker_pool,-1,0,1,9.412823677062988
bert-base-multilingual-cased,ru,152,marker_pool,0,1,1,10.05832290649414
bert-base-multilingual-cased,ru,152,marker_pool,1,2,1,10.207414627075195
bert-base-multilingual-cased,ru,152,marker_pool,-2,0,2,10.4318265914917
bert-base-multilingual-cased,ru,152,marker_pool,-1,1,2,9.508689880371094
bert-base-multilingual-cased,ru,152,marker_pool,0,2,2,10.333999633789062
bert-base-multilingual-cased,ru,152,marker_pool,-2,2,4,9.968441009521484
bert-base-multilingual-cased,ru,153,marker_pool,-2,-1,1,9.892911911010742
bert-base-multilingual-cased,ru,153,marker_pool,-1,0,1,9.375133514404297
bert-base-multilingual-cased,ru,153,marker_pool,0,1,1,10.787060737609863
bert-base-multilingual-cased,ru,153,marker_pool,1,2,1,10.428812026977539
bert-base-multilingual-cased,ru,153,marker_pool,-2,0,2,10.18844985961914
bert-base-multilingual-cased,ru,153,marker_pool,-1,1,2,9.928346633911133
bert-base-multilingual-cased,ru,153,marker_pool,0,2,2,10.037562370300293
bert-base-multilingual-cased,ru,153,marker_pool,-2,2,4,9.169364929199219
bert-base-multilingual-cased,ru,154,marker_pool,-2,-1,1,10.1602783203125
bert-base-multilingual-cased,ru,154,marker_pool,-1,0,1,9.654122352600098
bert-base-multilingual-cased,ru,154,marker_pool,0,1,1,10.424219131469727
bert-base-multilingual-cased,ru,154,marker_pool,1,2,1,10.149771690368652
bert-base-multilingual-cased,ru,154,marker_pool,-2,0,2,10.501971244812012
bert-base-multilingual-cased,ru,154,marker_pool,-1,1,2,9.826360702514648
bert-base-multilingual-cased,ru,154,marker_pool,0,2,2,10.602060317993164
bert-base-multilingual-cased,ru,154,marker_pool,-2,2,4,10.095071792602539
bert-base-multilingual-cased,ru,155,marker_pool,-2,-1,1,9.948808670043945
bert-base-multilingual-cased,ru,155,marker_pool,-1,0,1,9.229190826416016
bert-base-multilingual-cased,ru,155,marker_pool,0,1,1,10.016825675964355
bert-base-multilingual-cased,ru,155,marker_pool,1,2,1,9.35144329071045
bert-base-multilingual-cased,ru,155,marker_pool,-2,0,2,10.284843444824219
bert-base-multilingual-cased,ru,155,marker_pool,-1,1,2,10.031038284301758
bert-base-multilingual-cased,ru,155,marker_pool,0,2,2,9.862200736999512
bert-base-multilingual-cased,ru,155,marker_pool,-2,2,4,10.068477630615234
bert-base-multilingual-cased,ru,156,marker_pool,-2,-1,1,9.506866455078125
bert-base-multilingual-cased,ru,156,marker_pool,-1,0,1,9.481117248535156
bert-base-multilingual-cased,ru,156,marker_pool,0,1,1,10.6434965133667
bert-base-multilingual-cased,ru,156,marker_pool,1,2,1,9.682231903076172
bert-base-multilingual-cased,ru,156,marker_pool,-2,0,2,10.518839836120605
bert-base-multilingual-cased,ru,156,marker_pool,-1,1,2,9.880866050720215
bert-base-multilingual-cased,ru,156,marker_pool,0,2,2,9.669241905212402
bert-base-multilingual-cased,ru,156,marker_pool,-2,2,4,9.169605255126953
bert-base-multilingual-cased,ru,157,marker_pool,-2,-1,1,9.908506393432617
bert-base-multilingual-cased,ru,157,marker_pool,-1,0,1,9.958488464355469
bert-base-multilingual-cased,ru,157,marker_pool,0,1,1,10.417112350463867
bert-base-multilingual-cased,ru,157,marker_pool,1,2,1,10.061077117919922
bert-base-multilingual-cased,ru,157,marker_pool,-2,0,2,10.739612579345703
bert-base-multilingual-cased,ru,157,marker_pool,-1,1,2,9.991366386413574
bert-base-multilingual-cased,ru,157,marker_pool,0,2,2,10.214428901672363
bert-base-multilingual-cased,ru,157,marker_pool,-2,2,4,9.357552528381348
bert-base-multilingual-cased,ru,158,marker_pool,-2,-1,1,10.27877426147461
bert-base-multilingual-cased,ru,158,marker_pool,-1,0,1,9.579057693481445
bert-base-multilingual-cased,ru,158,marker_pool,0,1,1,10.59860610961914
bert-base-multilingual-cased,ru,158,marker_pool,1,2,1,9.906935691833496
bert-base-multilingual-cased,ru,158,marker_pool,-2,0,2,10.601588249206543
bert-base-multilingual-cased,ru,158,marker_pool,-1,1,2,10.341211318969727
bert-base-multilingual-cased,ru,158,marker_pool,0,2,2,10.031488418579102
bert-base-multilingual-cased,ru,158,marker_pool,-2,2,4,9.971753120422363
bert-base-multilingual-cased,ru,159,marker_pool,-2,-1,1,10.283507347106934
bert-base-multilingual-cased,ru,159,marker_pool,-1,0,1,9.638774871826172
bert-base-multilingual-cased,ru,159,marker_pool,0,1,1,10.369694709777832
bert-base-multilingual-cased,ru,159,marker_pool,1,2,1,10.16527271270752
bert-base-multilingual-cased,ru,159,marker_pool,-2,0,2,10.464581489562988
bert-base-multilingual-cased,ru,159,marker_pool,-1,1,2,10.38006591796875
bert-base-multilingual-cased,ru,159,marker_pool,0,2,2,10.070777893066406
bert-base-multilingual-cased,ru,159,marker_pool,-2,2,4,10.048004150390625
bert-base-multilingual-cased,zh,0,marker_pool,-2,-1,1,6.934901714324951
bert-base-multilingual-cased,zh,0,marker_pool,-1,0,1,7.387916564941406
bert-base-multilingual-cased,zh,0,marker_pool,0,1,1,9.068655014038086
bert-base-multilingual-cased,zh,0,marker_pool,1,2,1,9.96384334564209
bert-base-multilingual-cased,zh,0,marker_pool,-2,0,2,8.159760475158691
bert-base-multilingual-cased,zh,0,marker_pool,-1,1,2,4.942569732666016
bert-base-multilingual-cased,zh,0,marker_pool,0,2,2,9.731346130371094
bert-base-multilingual-cased,zh,0,marker_pool,-2,2,4,8.691727638244629
bert-base-multilingual-cased,zh,1,marker_pool,-2,-1,1,7.398220539093018
bert-base-multilingual-cased,zh,1,marker_pool,-1,0,1,10.533954620361328
bert-base-multilingual-cased,zh,1,marker_pool,0,1,1,12.031673431396484
bert-base-multilingual-cased,zh,1,marker_pool,1,2,1,10.691717147827148
bert-base-multilingual-cased,zh,1,marker_pool,-2,0,2,10.335262298583984
bert-base-multilingual-cased,zh,1,marker_pool,-1,1,2,4.820708751678467
bert-base-multilingual-cased,zh,1,marker_pool,0,2,2,10.49528694152832
bert-base-multilingual-cased,zh,1,marker_pool,-2,2,4,8.889524459838867
bert-base-multilingual-cased,zh,2,marker_pool,-2,-1,1,7.845156669616699
bert-base-multilingual-cased,zh,2,marker_pool,-1,0,1,6.795328140258789
bert-base-multilingual-cased,zh,2,marker_pool,0,1,1,8.281652450561523
bert-base-multilingual-cased,zh,2,marker_pool,1,2,1,8.838412284851074
bert-base-multilingual-cased,zh,2,marker_pool,-2,0,2,9.582362174987793
bert-base-multilingual-cased,zh,2,marker_pool,-1,1,2,5.1680588722229
bert-base-multilingual-cased,zh,2,marker_pool,0,2,2,9.413615226745605
bert-base-multilingual-cased,zh,2,marker_pool,-2,2,4,9.194019317626953
bert-base-multilingual-cased,zh,3,marker_pool,-2,-1,1,8.447003364562988
bert-base-multilingual-cased,zh,3,marker_pool,-1,0,1,9.906052589416504
bert-base-multilingual-cased,zh,3,marker_pool,0,1,1,11.558021545410156
bert-base-multilingual-cased,zh,3,marker_pool,1,2,1,11.017970085144043
bert-base-multilingual-cased,zh,3,marker_pool,-2,0,2,10.500235557556152
bert-base-multilingual-cased,zh,3,marker_pool,-1,1,2,4.957612991333008
bert-base-multilingual-cased,zh,3,marker_pool,0,2,2,11.521160125732422
bert-base-multilingual-cased,zh,3,marker_pool,-2,2,4,9.933897018432617
bert-base-multilingual-cased,zh,4,marker_pool,-2,-1,1,8.513371467590332
bert-base-multilingual-cased,zh,4,marker_pool,-1,0,1,8.401970863342285
bert-base-multilingual-cased,zh,4,marker_pool,0,1,1,10.266555786132812
bert-base-multilingual-cased,zh,4,marker_pool,1,2,1,11.439325332641602
bert-base-multilingual-cased,zh,4,marker_pool,-2,0,2,9.9014253616333
bert-base-multilingual-cased,zh,4,marker_pool,-1,1,2,5.614583969116211
bert-base-multilingual-cased,zh,4,marker_pool,0,2,2,12.199848175048828
bert-base-multilingual-cased,zh,4,marker_pool,-2,2,4,9.486930847167969
bert-base-multilingual-cased,zh,5,marker_pool,-2,-1,1,7.580524921417236
bert-base-multilingual-cased,zh,5,marker_pool,-1,0,1,7.350496292114258
bert-base-multilingual-cased,zh,5,marker_pool,0,1,1,8.811235427856445
bert-base-multilingual-cased,zh,5,marker_pool,1,2,1,9.105550765991211
bert-base-multilingual-cased,zh,5,marker_pool,-2,0,2,8.845575332641602
bert-base-multilingual-cased,zh,5,marker_pool,-1,1,2,4.711157321929932
bert-base-multilingual-cased,zh,5,marker_pool,0,2,2,8.713166236877441
bert-base-multilingual-cased,zh,5,marker_pool,-2,2,4,8.126935005187988
bert-base-multilingual-cased,zh,6,marker_pool,-2,-1,1,8.23492431640625
bert-base-multilingual-cased,zh,6,marker_pool,-1,0,1,9.355823516845703
bert-base-multilingual-cased,zh,6,marker_pool,0,1,1,11.105973243713379
bert-base-multilingual-cased,zh,6,marker_pool,1,2,1,11.631101608276367
bert-base-multilingual-cased,zh,6,marker_pool,-2,0,2,11.156512260437012
bert-base-multilingual-cased,zh,6,marker_pool,-1,1,2,5.4223408699035645
bert-base-multilingual-cased,zh,6,marker_pool,0,2,2,12.092987060546875
bert-base-multilingual-cased,zh,6,marker_pool,-2,2,4,10.631403923034668
bert-base-multilingual-cased,zh,7,marker_pool,-2,-1,1,8.882003784179688
bert-base-multilingual-cased,zh,7,marker_pool,-1,0,1,9.886685371398926
bert-base-multilingual-cased,zh,7,marker_pool,0,1,1,11.385096549987793
bert-base-multilingual-cased,zh,7,marker_pool,1,2,1,11.939881324768066
bert-base-multilingual-cased,zh,7,marker_pool,-2,0,2,10.194202423095703
bert-base-multilingual-cased,zh,7,marker_pool,-1,1,2,4.985249996185303
bert-base-multilingual-cased,zh,7,marker_pool,0,2,2,10.59655475616455
bert-base-multilingual-cased,zh,7,marker_pool,-2,2,4,9.930683135986328
bert-base-multilingual-cased,zh,8,marker_pool,-2,-1,1,9.114395141601562
bert-base-multilingual-cased,zh,8,marker_pool,-1,0,1,8.956353187561035
bert-base-multilingual-cased,zh,8,marker_pool,0,1,1,10.206924438476562
bert-base-multilingual-cased,zh,8,marker_pool,1,2,1,11.720672607421875
bert-base-multilingual-cased,zh,8,marker_pool,-2,0,2,10.229373931884766
bert-base-multilingual-cased,zh,8,marker_pool,-1,1,2,5.823664665222168
bert-base-multilingual-cased,zh,8,marker_pool,0,2,2,10.541776657104492
bert-base-multilingual-cased,zh,8,marker_pool,-2,2,4,10.535234451293945
bert-base-multilingual-cased,zh,9,marker_pool,-2,-1,1,9.019754409790039
bert-base-multilingual-cased,zh,9,marker_pool,-1,0,1,7.58372163772583
bert-base-multilingual-cased,zh,9,marker_pool,0,1,1,9.287140846252441
bert-base-multilingual-cased,zh,9,marker_pool,1,2,1,9.14199161529541
bert-base-multilingual-cased,zh,9,marker_pool,-2,0,2,10.109042167663574
bert-base-multilingual-cased,zh,9,marker_pool,-1,1,2,5.084627151489258
bert-base-multilingual-cased,zh,9,marker_pool,0,2,2,8.854423522949219
bert-base-multilingual-cased,zh,9,marker_pool,-2,2,4,9.445527076721191
bert-base-multilingual-cased,zh,10,marker_pool,-2,-1,1,7.688908576965332
bert-base-multilingual-cased,zh,10,marker_pool,-1,0,1,9.05544662475586
bert-base-multilingual-cased,zh,10,marker_pool,0,1,1,10.072007179260254
bert-base-multilingual-cased,zh,10,marker_pool,1,2,1,10.987098693847656
bert-base-multilingual-cased,zh,10,marker_pool,-2,0,2,9.564970016479492
bert-base-multilingual-cased,zh,10,marker_pool,-1,1,2,4.889916896820068
bert-base-multilingual-cased,zh,10,marker_pool,0,2,2,10.975301742553711
bert-base-multilingual-cased,zh,10,marker_pool,-2,2,4,9.37011432647705
bert-base-multilingual-cased,zh,11,marker_pool,-2,-1,1,11.040491104125977
bert-base-multilingual-cased,zh,11,marker_pool,-1,0,1,9.92383861541748
bert-base-multilingual-cased,zh,11,marker_pool,0,1,1,9.743977546691895
bert-base-multilingual-cased,zh,11,marker_pool,1,2,1,11.189847946166992
bert-base-multilingual-cased,zh,11,marker_pool,-2,0,2,10.708828926086426
bert-base-multilingual-cased,zh,11,marker_pool,-1,1,2,7.176511287689209
bert-base-multilingual-cased,zh,11,marker_pool,0,2,2,10.790976524353027
bert-base-multilingual-cased,zh,11,marker_pool,-2,2,4,10.920835494995117
bert-base-multilingual-cased,zh,12,marker_pool,-2,-1,1,9.702424049377441
bert-base-multilingual-cased,zh,12,marker_pool,-1,0,1,9.503592491149902
bert-base-multilingual-cased,zh,12,marker_pool,0,1,1,10.678462982177734
bert-base-multilingual-cased,zh,12,marker_pool,1,2,1,11.40238094329834
bert-base-multilingual-cased,zh,12,marker_pool,-2,0,2,11.06262493133545
bert-base-multilingual-cased,zh,12,marker_pool,-1,1,2,5.684730052947998
bert-base-multilingual-cased,zh,12,marker_pool,0,2,2,10.598742485046387
bert-base-multilingual-cased,zh,12,marker_pool,-2,2,4,10.857258796691895
bert-base-multilingual-cased,zh,13,marker_pool,-2,-1,1,9.39219856262207
bert-base-multilingual-cased,zh,13,marker_pool,-1,0,1,8.612759590148926
bert-base-multilingual-cased,zh,13,marker_pool,0,1,1,10.33210563659668
bert-base-multilingual-cased,zh,13,marker_pool,1,2,1,11.20627498626709
bert-base-multilingual-cased,zh,13,marker_pool,-2,0,2,10.489972114562988
bert-base-multilingual-cased,zh,13,marker_pool,-1,1,2,5.2631964683532715
bert-base-multilingual-cased,zh,13,marker_pool,0,2,2,10.042828559875488
bert-base-multilingual-cased,zh,13,marker_pool,-2,2,4,9.482200622558594
bert-base-multilingual-cased,zh,14,marker_pool,-2,-1,1,8.472330093383789
bert-base-multilingual-cased,zh,14,marker_pool,-1,0,1,8.734234809875488
bert-base-multilingual-cased,zh,14,marker_pool,0,1,1,10.250779151916504
bert-base-multilingual-cased,zh,14,marker_pool,1,2,1,11.347647666931152
bert-base-multilingual-cased,zh,14,marker_pool,-2,0,2,10.029671669006348
bert-base-multilingual-cased,zh,14,marker_pool,-1,1,2,5.377852439880371
bert-base-multilingual-cased,zh,14,marker_pool,0,2,2,11.467758178710938
bert-base-multilingual-cased,zh,14,marker_pool,-2,2,4,9.861900329589844
bert-base-multilingual-cased,zh,15,marker_pool,-2,-1,1,8.24833869934082
bert-base-multilingual-cased,zh,15,marker_pool,-1,0,1,9.455056190490723
bert-base-multilingual-cased,zh,15,marker_pool,0,1,1,11.023741722106934
bert-base-multilingual-cased,zh,15,marker_pool,1,2,1,11.448746681213379
bert-base-multilingual-cased,zh,15,marker_pool,-2,0,2,9.862870216369629
bert-base-multilingual-cased,zh,15,marker_pool,-1,1,2,4.930027484893799
bert-base-multilingual-cased,zh,15,marker_pool,0,2,2,11.10871696472168
bert-base-multilingual-cased,zh,15,marker_pool,-2,2,4,10.110330581665039
bert-base-multilingual-cased,zh,16,marker_pool,-2,-1,1,9.221847534179688
bert-base-multilingual-cased,zh,16,marker_pool,-1,0,1,9.17451000213623
bert-base-multilingual-cased,zh,16,marker_pool,0,1,1,10.24675178527832
bert-base-multilingual-cased,zh,16,marker_pool,1,2,1,11.280654907226562
bert-base-multilingual-cased,zh,16,marker_pool,-2,0,2,10.303565979003906
bert-base-multilingual-cased,zh,16,marker_pool,-1,1,2,6.001455307006836
bert-base-multilingual-cased,zh,16,marker_pool,0,2,2,11.224183082580566
bert-base-multilingual-cased,zh,16,marker_pool,-2,2,4,10.506424903869629
bert-base-multilingual-cased,zh,17,marker_pool,-2,-1,1,8.523573875427246
bert-base-multilingual-cased,zh,17,marker_pool,-1,0,1,7.711698055267334
bert-base-multilingual-cased,zh,17,marker_pool,0,1,1,9.550557136535645
bert-base-multilingual-cased,zh,17,marker_pool,1,2,1,10.680322647094727
bert-base-multilingual-cased,zh,17,marker_pool,-2,0,2,9.462461471557617
bert-base-multilingual-cased,zh,17,marker_pool,-1,1,2,5.528133869171143
bert-base-multilingual-cased,zh,17,marker_pool,0,2,2,10.442473411560059
bert-base-multilingual-cased,zh,17,marker_pool,-2,2,4,9.265064239501953
bert-base-multilingual-cased,zh,18,marker_pool,-2,-1,1,11.342859268188477
bert-base-multilingual-cased,zh,18,marker_pool,-1,0,1,11.375082969665527
bert-base-multilingual-cased,zh,18,marker_pool,0,1,1,11.723132133483887
bert-base-multilingual-cased,zh,18,marker_pool,1,2,1,11.953084945678711
bert-base-multilingual-cased,zh,18,marker_pool,-2,0,2,11.050342559814453
bert-base-multilingual-cased,zh,18,marker_pool,-1,1,2,6.2288713455200195
bert-base-multilingual-cased,zh,18,marker_pool,0,2,2,10.49509334564209
bert-base-multilingual-cased,zh,18,marker_pool,-2,2,4,10.406132698059082
bert-base-multilingual-cased,zh,19,marker_pool,-2,-1,1,7.348605155944824
bert-base-multilingual-cased,zh,19,marker_pool,-1,0,1,6.673280715942383
bert-base-multilingual-cased,zh,19,marker_pool,0,1,1,8.32470989227295
bert-base-multilingual-cased,zh,19,marker_pool,1,2,1,9.374181747436523
bert-base-multilingual-cased,zh,19,marker_pool,-2,0,2,8.673133850097656
bert-base-multilingual-cased,zh,19,marker_pool,-1,1,2,5.619622707366943
bert-base-multilingual-cased,zh,19,marker_pool,0,2,2,9.19515609741211
bert-base-multilingual-cased,zh,19,marker_pool,-2,2,4,8.796058654785156
bert-base-multilingual-cased,zh,20,marker_pool,-2,-1,1,7.635514736175537
bert-base-multilingual-cased,zh,20,marker_pool,-1,0,1,8.464486122131348
bert-base-multilingual-cased,zh,20,marker_pool,0,1,1,9.77027702331543
bert-base-multilingual-cased,zh,20,marker_pool,1,2,1,10.481513977050781
bert-base-multilingual-cased,zh,20,marker_pool,-2,0,2,8.664998054504395
bert-base-multilingual-cased,zh,20,marker_pool,-1,1,2,5.051825046539307
bert-base-multilingual-cased,zh,20,marker_pool,0,2,2,9.600733757019043
bert-base-multilingual-cased,zh,20,marker_pool,-2,2,4,8.640153884887695
bert-base-multilingual-cased,zh,21,marker_pool,-2,-1,1,9.346047401428223
bert-base-multilingual-cased,zh,21,marker_pool,-1,0,1,8.441068649291992
bert-base-multilingual-cased,zh,21,marker_pool,0,1,1,10.03126049041748
bert-base-multilingual-cased,zh,21,marker_pool,1,2,1,11.363112449645996
bert-base-multilingual-cased,zh,21,marker_pool,-2,0,2,10.73855972290039
bert-base-multilingual-cased,zh,21,marker_pool,-1,1,2,6.433515548706055
bert-base-multilingual-cased,zh,21,marker_pool,0,2,2,12.027811050415039
bert-base-multilingual-cased,zh,21,marker_pool,-2,2,4,11.031525611877441
bert-base-multilingual-cased,zh,22,marker_pool,-2,-1,1,6.853946685791016
bert-base-multilingual-cased,zh,22,marker_pool,-1,0,1,7.005355358123779
bert-base-multilingual-cased,zh,22,marker_pool,0,1,1,8.712126731872559
bert-base-multilingual-cased,zh,22,marker_pool,1,2,1,8.963890075683594
bert-base-multilingual-cased,zh,22,marker_pool,-2,0,2,7.904995441436768
bert-base-multilingual-cased,zh,22,marker_pool,-1,1,2,4.699636459350586
bert-base-multilingual-cased,zh,22,marker_pool,0,2,2,8.259940147399902
bert-base-multilingual-cased,zh,22,marker_pool,-2,2,4,8.38762378692627
bert-base-multilingual-cased,zh,23,marker_pool,-2,-1,1,7.770287036895752
bert-base-multilingual-cased,zh,23,marker_pool,-1,0,1,9.42844009399414
bert-base-multilingual-cased,zh,23,marker_pool,0,1,1,10.507893562316895
bert-base-multilingual-cased,zh,23,marker_pool,1,2,1,11.71965217590332
bert-base-multilingual-cased,zh,23,marker_pool,-2,0,2,9.387608528137207
bert-base-multilingual-cased,zh,23,marker_pool,-1,1,2,4.501477241516113
bert-base-multilingual-cased,zh,23,marker_pool,0,2,2,10.396507263183594
bert-base-multilingual-cased,zh,23,marker_pool,-2,2,4,9.980621337890625
bert-base-multilingual-cased,zh,24,marker_pool,-2,-1,1,9.118436813354492
bert-base-multilingual-cased,zh,24,marker_pool,-1,0,1,8.945804595947266
bert-base-multilingual-cased,zh,24,marker_pool,0,1,1,8.682461738586426
bert-base-multilingual-cased,zh,24,marker_pool,1,2,1,10.425931930541992
bert-base-multilingual-cased,zh,24,marker_pool,-2,0,2,9.451659202575684
bert-base-multilingual-cased,zh,24,marker_pool,-1,1,2,6.470279216766357
bert-base-multilingual-cased,zh,24,marker_pool,0,2,2,10.14114761352539
bert-base-multilingual-cased,zh,24,marker_pool,-2,2,4,10.085941314697266
bert-base-multilingual-cased,zh,25,marker_pool,-2,-1,1,6.549806594848633
bert-base-multilingual-cased,zh,25,marker_pool,-1,0,1,7.772897243499756
bert-base-multilingual-cased,zh,25,marker_pool,0,1,1,9.424338340759277
bert-base-multilingual-cased,zh,25,marker_pool,1,2,1,9.762221336364746
bert-base-multilingual-cased,zh,25,marker_pool,-2,0,2,8.904569625854492
bert-base-multilingual-cased,zh,25,marker_pool,-1,1,2,4.5912580490112305
bert-base-multilingual-cased,zh,25,marker_pool,0,2,2,9.368937492370605
bert-base-multilingual-cased,zh,25,marker_pool,-2,2,4,8.831785202026367
bert-base-multilingual-cased,zh,26,marker_pool,-2,-1,1,10.208202362060547
bert-base-multilingual-cased,zh,26,marker_pool,-1,0,1,9.95283031463623
bert-base-multilingual-cased,zh,26,marker_pool,0,1,1,10.82773208618164
bert-base-multilingual-cased,zh,26,marker_pool,1,2,1,13.37088680267334
bert-base-multilingual-cased,zh,26,marker_pool,-2,0,2,11.138691902160645
bert-base-multilingual-cased,zh,26,marker_pool,-1,1,2,6.131034851074219
bert-base-multilingual-cased,zh,26,marker_pool,0,2,2,12.189966201782227
bert-base-multilingual-cased,zh,26,marker_pool,-2,2,4,12.048736572265625
bert-base-multilingual-cased,zh,27,marker_pool,-2,-1,1,10.00224494934082
bert-base-multilingual-cased,zh,27,marker_pool,-1,0,1,9.110993385314941
bert-base-multilingual-cased,zh,27,marker_pool,0,1,1,9.542523384094238
bert-base-multilingual-cased,zh,27,marker_pool,1,2,1,11.353610038757324
bert-base-multilingual-cased,zh,27,marker_pool,-2,0,2,10.242804527282715
bert-base-multilingual-cased,zh,27,marker_pool,-1,1,2,6.169864177703857
bert-base-multilingual-cased,zh,27,marker_pool,0,2,2,10.747823715209961
bert-base-multilingual-cased,zh,27,marker_pool,-2,2,4,10.658921241760254
bert-base-multilingual-cased,zh,28,marker_pool,-2,-1,1,8.145371437072754
bert-base-multilingual-cased,zh,28,marker_pool,-1,0,1,9.015229225158691
bert-base-multilingual-cased,zh,28,marker_pool,0,1,1,10.455451965332031
bert-base-multilingual-cased,zh,28,marker_pool,1,2,1,11.547355651855469
bert-base-multilingual-cased,zh,28,marker_pool,-2,0,2,10.24739933013916
bert-base-multilingual-cased,zh,28,marker_pool,-1,1,2,4.865223407745361
bert-base-multilingual-cased,zh,28,marker_pool,0,2,2,11.71724796295166
bert-base-multilingual-cased,zh,28,marker_pool,-2,2,4,9.951394081115723
bert-base-multilingual-cased,zh,29,marker_pool,-2,-1,1,6.428957939147949
bert-base-multilingual-cased,zh,29,marker_pool,-1,0,1,8.414375305175781
bert-base-multilingual-cased,zh,29,marker_pool,0,1,1,9.839338302612305
bert-base-multilingual-cased,zh,29,marker_pool,1,2,1,9.259061813354492
bert-base-multilingual-cased,zh,29,marker_pool,-2,0,2,8.83420467376709
bert-base-multilingual-cased,zh,29,marker_pool,-1,1,2,4.6396613121032715
bert-base-multilingual-cased,zh,29,marker_pool,0,2,2,8.600698471069336
bert-base-multilingual-cased,zh,29,marker_pool,-2,2,4,7.562875270843506
bert-base-multilingual-cased,zh,30,marker_pool,-2,-1,1,10.239938735961914
bert-base-multilingual-cased,zh,30,marker_pool,-1,0,1,8.425134658813477
bert-base-multilingual-cased,zh,30,marker_pool,0,1,1,10.375737190246582
bert-base-multilingual-cased,zh,30,marker_pool,1,2,1,11.251110076904297
bert-base-multilingual-cased,zh,30,marker_pool,-2,0,2,11.168416976928711
bert-base-multilingual-cased,zh,30,marker_pool,-1,1,2,6.000978469848633
bert-base-multilingual-cased,zh,30,marker_pool,0,2,2,11.390810012817383
bert-base-multilingual-cased,zh,30,marker_pool,-2,2,4,10.542359352111816
bert-base-multilingual-cased,zh,31,marker_pool,-2,-1,1,8.905499458312988
bert-base-multilingual-cased,zh,31,marker_pool,-1,0,1,9.001955032348633
bert-base-multilingual-cased,zh,31,marker_pool,0,1,1,9.836105346679688
bert-base-multilingual-cased,zh,31,marker_pool,1,2,1,10.667061805725098
bert-base-multilingual-cased,zh,31,marker_pool,-2,0,2,9.270811080932617
bert-base-multilingual-cased,zh,31,marker_pool,-1,1,2,5.974865913391113
bert-base-multilingual-cased,zh,31,marker_pool,0,2,2,10.794925689697266
bert-base-multilingual-cased,zh,31,marker_pool,-2,2,4,9.28048038482666
bert-base-multilingual-cased,zh,32,marker_pool,-2,-1,1,12.342734336853027
bert-base-multilingual-cased,zh,32,marker_pool,-1,0,1,11.472744941711426
bert-base-multilingual-cased,zh,32,marker_pool,0,1,1,11.998332977294922
bert-base-multilingual-cased,zh,32,marker_pool,1,2,1,11.84765911102295
bert-base-multilingual-cased,zh,32,marker_pool,-2,0,2,12.623224258422852
bert-base-multilingual-cased,zh,32,marker_pool,-1,1,2,8.195387840270996
bert-base-multilingual-cased,zh,32,marker_pool,0,2,2,11.664093017578125
bert-base-multilingual-cased,zh,32,marker_pool,-2,2,4,11.423688888549805
bert-base-multilingual-cased,zh,33,marker_pool,-2,-1,1,7.352571487426758
bert-base-multilingual-cased,zh,33,marker_pool,-1,0,1,8.624016761779785
bert-base-multilingual-cased,zh,33,marker_pool,0,1,1,10.179849624633789
bert-base-multilingual-cased,zh,33,marker_pool,1,2,1,10.275850296020508
bert-base-multilingual-cased,zh,33,marker_pool,-2,0,2,10.010075569152832
bert-base-multilingual-cased,zh,33,marker_pool,-1,1,2,5.14554500579834
bert-base-multilingual-cased,zh,33,marker_pool,0,2,2,10.833616256713867
bert-base-multilingual-cased,zh,33,marker_pool,-2,2,4,9.963356018066406
bert-base-multilingual-cased,zh,34,marker_pool,-2,-1,1,7.0623321533203125
bert-base-multilingual-cased,zh,34,marker_pool,-1,0,1,7.624116897583008
bert-base-multilingual-cased,zh,34,marker_pool,0,1,1,8.96314811706543
bert-base-multilingual-cased,zh,34,marker_pool,1,2,1,10.086451530456543
bert-base-multilingual-cased,zh,34,marker_pool,-2,0,2,8.10046100616455
bert-base-multilingual-cased,zh,34,marker_pool,-1,1,2,5.123844623565674
bert-base-multilingual-cased,zh,34,marker_pool,0,2,2,9.43554973602295
bert-base-multilingual-cased,zh,34,marker_pool,-2,2,4,8.712697982788086
bert-base-multilingual-cased,zh,35,marker_pool,-2,-1,1,8.394333839416504
bert-base-multilingual-cased,zh,35,marker_pool,-1,0,1,10.395907402038574
bert-base-multilingual-cased,zh,35,marker_pool,0,1,1,11.815533638000488
bert-base-multilingual-cased,zh,35,marker_pool,1,2,1,11.965785026550293
bert-base-multilingual-cased,zh,35,marker_pool,-2,0,2,11.203832626342773
bert-base-multilingual-cased,zh,35,marker_pool,-1,1,2,5.228496074676514
bert-base-multilingual-cased,zh,35,marker_pool,0,2,2,11.30478572845459
bert-base-multilingual-cased,zh,35,marker_pool,-2,2,4,10.480086326599121
bert-base-multilingual-cased,zh,36,marker_pool,-2,-1,1,8.816961288452148
bert-base-multilingual-cased,zh,36,marker_pool,-1,0,1,8.539532661437988
bert-base-multilingual-cased,zh,36,marker_pool,0,1,1,10.163752555847168
bert-base-multilingual-cased,zh,36,marker_pool,1,2,1,10.670488357543945
bert-base-multilingual-cased,zh,36,marker_pool,-2,0,2,9.697135925292969
bert-base-multilingual-cased,zh,36,marker_pool,-1,1,2,5.543182849884033
bert-base-multilingual-cased,zh,36,marker_pool,0,2,2,10.000078201293945
bert-base-multilingual-cased,zh,36,marker_pool,-2,2,4,8.624042510986328
bert-base-multilingual-cased,zh,37,marker_pool,-2,-1,1,12.368210792541504
bert-base-multilingual-cased,zh,37,marker_pool,-1,0,1,10.276932716369629
bert-base-multilingual-cased,zh,37,marker_pool,0,1,1,12.185819625854492
bert-base-multilingual-cased,zh,37,marker_pool,1,2,1,13.31922721862793
bert-base-multilingual-cased,zh,37,marker_pool,-2,0,2,11.811570167541504
bert-base-multilingual-cased,zh,37,marker_pool,-1,1,2,7.376476764678955
bert-base-multilingual-cased,zh,37,marker_pool,0,2,2,12.260101318359375
bert-base-multilingual-cased,zh,37,marker_pool,-2,2,4,10.863805770874023
bert-base-multilingual-cased,zh,38,marker_pool,-2,-1,1,6.893912315368652
bert-base-multilingual-cased,zh,38,marker_pool,-1,0,1,7.061919689178467
bert-base-multilingual-cased,zh,38,marker_pool,0,1,1,8.618558883666992
bert-base-multilingual-cased,zh,38,marker_pool,1,2,1,9.770464897155762
bert-base-multilingual-cased,zh,38,marker_pool,-2,0,2,8.71025276184082
bert-base-multilingual-cased,zh,38,marker_pool,-1,1,2,4.9108123779296875
bert-base-multilingual-cased,zh,38,marker_pool,0,2,2,9.576624870300293
bert-base-multilingual-cased,zh,38,marker_pool,-2,2,4,9.666411399841309
bert-base-multilingual-cased,zh,39,marker_pool,-2,-1,1,9.151143074035645
bert-base-multilingual-cased,zh,39,marker_pool,-1,0,1,7.883039474487305
bert-base-multilingual-cased,zh,39,marker_pool,0,1,1,9.534177780151367
bert-base-multilingual-cased,zh,39,marker_pool,1,2,1,10.723227500915527
bert-base-multilingual-cased,zh,39,marker_pool,-2,0,2,10.79965591430664
bert-base-multilingual-cased,zh,39,marker_pool,-1,1,2,5.511722564697266
bert-base-multilingual-cased,zh,39,marker_pool,0,2,2,10.63995361328125
bert-base-multilingual-cased,zh,39,marker_pool,-2,2,4,10.879522323608398
bert-base-multilingual-cased,zh,40,marker_pool,-2,-1,1,7.888278007507324
bert-base-multilingual-cased,zh,40,marker_pool,-1,0,1,7.401885509490967
bert-base-multilingual-cased,zh,40,marker_pool,0,1,1,9.232338905334473
bert-base-multilingual-cased,zh,40,marker_pool,1,2,1,10.10380744934082
bert-base-multilingual-cased,zh,40,marker_pool,-2,0,2,9.289584159851074
bert-base-multilingual-cased,zh,40,marker_pool,-1,1,2,5.738132476806641
bert-base-multilingual-cased,zh,40,marker_pool,0,2,2,10.369338035583496
bert-base-multilingual-cased,zh,40,marker_pool,-2,2,4,9.398747444152832
bert-base-multilingual-cased,zh,41,marker_pool,-2,-1,1,7.016299724578857
bert-base-multilingual-cased,zh,41,marker_pool,-1,0,1,7.4050469398498535
bert-base-multilingual-cased,zh,41,marker_pool,0,1,1,8.619966506958008
bert-base-multilingual-cased,zh,41,marker_pool,1,2,1,9.488822937011719
bert-base-multilingual-cased,zh,41,marker_pool,-2,0,2,8.550978660583496
bert-base-multilingual-cased,zh,41,marker_pool,-1,1,2,4.458129405975342
bert-base-multilingual-cased,zh,41,marker_pool,0,2,2,9.411666870117188
bert-base-multilingual-cased,zh,41,marker_pool,-2,2,4,8.329547882080078
bert-base-multilingual-cased,zh,42,marker_pool,-2,-1,1,8.935445785522461
bert-base-multilingual-cased,zh,42,marker_pool,-1,0,1,9.43289852142334
bert-base-multilingual-cased,zh,42,marker_pool,0,1,1,11.02185344696045
bert-base-multilingual-cased,zh,42,marker_pool,1,2,1,12.318961143493652
bert-base-multilingual-cased,zh,42,marker_pool,-2,0,2,10.271730422973633
bert-base-multilingual-cased,zh,42,marker_pool,-1,1,2,5.563130855560303
bert-base-multilingual-cased,zh,42,marker_pool,0,2,2,11.368781089782715
bert-base-multilingual-cased,zh,42,marker_pool,-2,2,4,10.542884826660156
bert-base-multilingual-cased,zh,43,marker_pool,-2,-1,1,7.965065956115723
bert-base-multilingual-cased,zh,43,marker_pool,-1,0,1,7.693317413330078
bert-base-multilingual-cased,zh,43,marker_pool,0,1,1,9.440020561218262
bert-base-multilingual-cased,zh,43,marker_pool,1,2,1,10.921915054321289
bert-base-multilingual-cased,zh,43,marker_pool,-2,0,2,9.150300979614258
bert-base-multilingual-cased,zh,43,marker_pool,-1,1,2,5.348873615264893
bert-base-multilingual-cased,zh,43,marker_pool,0,2,2,10.35132122039795
bert-base-multilingual-cased,zh,43,marker_pool,-2,2,4,9.913848876953125
bert-base-multilingual-cased,zh,44,marker_pool,-2,-1,1,9.502028465270996
bert-base-multilingual-cased,zh,44,marker_pool,-1,0,1,8.4013090133667
bert-base-multilingual-cased,zh,44,marker_pool,0,1,1,9.829206466674805
bert-base-multilingual-cased,zh,44,marker_pool,1,2,1,11.81792163848877
bert-base-multilingual-cased,zh,44,marker_pool,-2,0,2,10.05595874786377
bert-base-multilingual-cased,zh,44,marker_pool,-1,1,2,5.95235013961792
bert-base-multilingual-cased,zh,44,marker_pool,0,2,2,11.206866264343262
bert-base-multilingual-cased,zh,44,marker_pool,-2,2,4,11.111732482910156
bert-base-multilingual-cased,zh,45,marker_pool,-2,-1,1,10.496956825256348
bert-base-multilingual-cased,zh,45,marker_pool,-1,0,1,8.374358177185059
bert-base-multilingual-cased,zh,45,marker_pool,0,1,1,10.21650505065918
bert-base-multilingual-cased,zh,45,marker_pool,1,2,1,11.632471084594727
bert-base-multilingual-cased,zh,45,marker_pool,-2,0,2,11.443943977355957
bert-base-multilingual-cased,zh,45,marker_pool,-1,1,2,5.963322639465332
bert-base-multilingual-cased,zh,45,marker_pool,0,2,2,11.781167984008789
bert-base-multilingual-cased,zh,45,marker_pool,-2,2,4,11.260753631591797
bert-base-multilingual-cased,zh,46,marker_pool,-2,-1,1,9.015743255615234
bert-base-multilingual-cased,zh,46,marker_pool,-1,0,1,9.103333473205566
bert-base-multilingual-cased,zh,46,marker_pool,0,1,1,10.688234329223633
bert-base-multilingual-cased,zh,46,marker_pool,1,2,1,11.174891471862793
bert-base-multilingual-cased,zh,46,marker_pool,-2,0,2,11.240336418151855
bert-base-multilingual-cased,zh,46,marker_pool,-1,1,2,5.467085361480713
bert-base-multilingual-cased,zh,46,marker_pool,0,2,2,11.836813926696777
bert-base-multilingual-cased,zh,46,marker_pool,-2,2,4,11.096694946289062
bert-base-multilingual-cased,zh,47,marker_pool,-2,-1,1,10.181305885314941
bert-base-multilingual-cased,zh,47,marker_pool,-1,0,1,8.03676986694336
bert-base-multilingual-cased,zh,47,marker_pool,0,1,1,9.680243492126465
bert-base-multilingual-cased,zh,47,marker_pool,1,2,1,10.616731643676758
bert-base-multilingual-cased,zh,47,marker_pool,-2,0,2,10.39726448059082
bert-base-multilingual-cased,zh,47,marker_pool,-1,1,2,7.1125807762146
bert-base-multilingual-cased,zh,47,marker_pool,0,2,2,10.210833549499512
bert-base-multilingual-cased,zh,47,marker_pool,-2,2,4,10.72158145904541
bert-base-multilingual-cased,zh,48,marker_pool,-2,-1,1,8.683130264282227
bert-base-multilingual-cased,zh,48,marker_pool,-1,0,1,8.787919044494629
bert-base-multilingual-cased,zh,48,marker_pool,0,1,1,10.310128211975098
bert-base-multilingual-cased,zh,48,marker_pool,1,2,1,10.780159950256348
bert-base-multilingual-cased,zh,48,marker_pool,-2,0,2,10.976771354675293
bert-base-multilingual-cased,zh,48,marker_pool,-1,1,2,5.461879253387451
bert-base-multilingual-cased,zh,48,marker_pool,0,2,2,11.913073539733887
bert-base-multilingual-cased,zh,48,marker_pool,-2,2,4,10.61152172088623
bert-base-multilingual-cased,zh,49,marker_pool,-2,-1,1,9.831622123718262
bert-base-multilingual-cased,zh,49,marker_pool,-1,0,1,9.665718078613281
bert-base-multilingual-cased,zh,49,marker_pool,0,1,1,11.48360824584961
bert-base-multilingual-cased,zh,49,marker_pool,1,2,1,12.594109535217285
bert-base-multilingual-cased,zh,49,marker_pool,-2,0,2,10.989709854125977
bert-base-multilingual-cased,zh,49,marker_pool,-1,1,2,6.409027099609375
bert-base-multilingual-cased,zh,49,marker_pool,0,2,2,11.88345718383789
bert-base-multilingual-cased,zh,49,marker_pool,-2,2,4,10.717642784118652
bert-base-multilingual-cased,zh,50,marker_pool,-2,-1,1,6.7323784828186035
bert-base-multilingual-cased,zh,50,marker_pool,-1,0,1,7.631535053253174
bert-base-multilingual-cased,zh,50,marker_pool,0,1,1,9.500011444091797
bert-base-multilingual-cased,zh,50,marker_pool,1,2,1,9.515137672424316
bert-base-multilingual-cased,zh,50,marker_pool,-2,0,2,8.332926750183105
bert-base-multilingual-cased,zh,50,marker_pool,-1,1,2,4.823915481567383
bert-base-multilingual-cased,zh,50,marker_pool,0,2,2,8.874430656433105
bert-base-multilingual-cased,zh,50,marker_pool,-2,2,4,8.767704010009766
bert-base-multilingual-cased,zh,51,marker_pool,-2,-1,1,8.23900032043457
bert-base-multilingual-cased,zh,51,marker_pool,-1,0,1,8.913844108581543
bert-base-multilingual-cased,zh,51,marker_pool,0,1,1,10.32996654510498
bert-base-multilingual-cased,zh,51,marker_pool,1,2,1,10.392585754394531
bert-base-multilingual-cased,zh,51,marker_pool,-2,0,2,10.198450088500977
bert-base-multilingual-cased,zh,51,marker_pool,-1,1,2,5.308399200439453
bert-base-multilingual-cased,zh,51,marker_pool,0,2,2,9.830702781677246
bert-base-multilingual-cased,zh,51,marker_pool,-2,2,4,9.055986404418945
bert-base-multilingual-cased,zh,52,marker_pool,-2,-1,1,8.678540229797363
bert-base-multilingual-cased,zh,52,marker_pool,-1,0,1,9.945015907287598
bert-base-multilingual-cased,zh,52,marker_pool,0,1,1,11.331449508666992
bert-base-multilingual-cased,zh,52,marker_pool,1,2,1,10.851890563964844
bert-base-multilingual-cased,zh,52,marker_pool,-2,0,2,11.145467758178711
bert-base-multilingual-cased,zh,52,marker_pool,-1,1,2,5.255674362182617
bert-base-multilingual-cased,zh,52,marker_pool,0,2,2,11.305874824523926
bert-base-multilingual-cased,zh,52,marker_pool,-2,2,4,10.116252899169922
bert-base-multilingual-cased,zh,53,marker_pool,-2,-1,1,8.22354793548584
bert-base-multilingual-cased,zh,53,marker_pool,-1,0,1,7.966031551361084
bert-base-multilingual-cased,zh,53,marker_pool,0,1,1,9.341985702514648
bert-base-multilingual-cased,zh,53,marker_pool,1,2,1,9.652424812316895
bert-base-multilingual-cased,zh,53,marker_pool,-2,0,2,9.980233192443848
bert-base-multilingual-cased,zh,53,marker_pool,-1,1,2,5.084085941314697
bert-base-multilingual-cased,zh,53,marker_pool,0,2,2,9.787992477416992
bert-base-multilingual-cased,zh,53,marker_pool,-2,2,4,9.25801944732666
bert-base-multilingual-cased,zh,54,marker_pool,-2,-1,1,8.907868385314941
bert-base-multilingual-cased,zh,54,marker_pool,-1,0,1,8.743255615234375
bert-base-multilingual-cased,zh,54,marker_pool,0,1,1,10.438177108764648
bert-base-multilingual-cased,zh,54,marker_pool,1,2,1,10.712648391723633
bert-base-multilingual-cased,zh,54,marker_pool,-2,0,2,10.72684383392334
bert-base-multilingual-cased,zh,54,marker_pool,-1,1,2,5.328482151031494
bert-base-multilingual-cased,zh,54,marker_pool,0,2,2,11.210127830505371
bert-base-multilingual-cased,zh,54,marker_pool,-2,2,4,10.351227760314941
bert-base-multilingual-cased,zh,55,marker_pool,-2,-1,1,8.25819206237793
bert-base-multilingual-cased,zh,55,marker_pool,-1,0,1,8.170575141906738
bert-base-multilingual-cased,zh,55,marker_pool,0,1,1,9.59317398071289
bert-base-multilingual-cased,zh,55,marker_pool,1,2,1,10.086084365844727
bert-base-multilingual-cased,zh,55,marker_pool,-2,0,2,9.850785255432129
bert-base-multilingual-cased,zh,55,marker_pool,-1,1,2,4.906389236450195
bert-base-multilingual-cased,zh,55,marker_pool,0,2,2,10.204442024230957
bert-base-multilingual-cased,zh,55,marker_pool,-2,2,4,9.203441619873047
bert-base-multilingual-cased,zh,56,marker_pool,-2,-1,1,7.129950046539307
bert-base-multilingual-cased,zh,56,marker_pool,-1,0,1,7.0765886306762695
bert-base-multilingual-cased,zh,56,marker_pool,0,1,1,8.758360862731934
bert-base-multilingual-cased,zh,56,marker_pool,1,2,1,9.31509017944336
bert-base-multilingual-cased,zh,56,marker_pool,-2,0,2,8.843243598937988
bert-base-multilingual-cased,zh,56,marker_pool,-1,1,2,4.609804630279541
bert-base-multilingual-cased,zh,56,marker_pool,0,2,2,9.465191841125488
bert-base-multilingual-cased,zh,56,marker_pool,-2,2,4,8.976762771606445
bert-base-multilingual-cased,zh,57,marker_pool,-2,-1,1,8.943618774414062
bert-base-multilingual-cased,zh,57,marker_pool,-1,0,1,8.926618576049805
bert-base-multilingual-cased,zh,57,marker_pool,0,1,1,10.575698852539062
bert-base-multilingual-cased,zh,57,marker_pool,1,2,1,10.53237247467041
bert-base-multilingual-cased,zh,57,marker_pool,-2,0,2,10.391504287719727
bert-base-multilingual-cased,zh,57,marker_pool,-1,1,2,4.953291893005371
bert-base-multilingual-cased,zh,57,marker_pool,0,2,2,10.797632217407227
bert-base-multilingual-cased,zh,57,marker_pool,-2,2,4,9.98736572265625
bert-base-multilingual-cased,zh,58,marker_pool,-2,-1,1,10.589361190795898
bert-base-multilingual-cased,zh,58,marker_pool,-1,0,1,9.579678535461426
bert-base-multilingual-cased,zh,58,marker_pool,0,1,1,11.338821411132812
bert-base-multilingual-cased,zh,58,marker_pool,1,2,1,12.753762245178223
bert-base-multilingual-cased,zh,58,marker_pool,-2,0,2,11.622865676879883
bert-base-multilingual-cased,zh,58,marker_pool,-1,1,2,6.390425682067871
bert-base-multilingual-cased,zh,58,marker_pool,0,2,2,12.637405395507812
bert-base-multilingual-cased,zh,58,marker_pool,-2,2,4,11.365323066711426
bert-base-multilingual-cased,zh,59,marker_pool,-2,-1,1,7.496554851531982
bert-base-multilingual-cased,zh,59,marker_pool,-1,0,1,9.61166763305664
bert-base-multilingual-cased,zh,59,marker_pool,0,1,1,10.847851753234863
bert-base-multilingual-cased,zh,59,marker_pool,1,2,1,10.945363998413086
bert-base-multilingual-cased,zh,59,marker_pool,-2,0,2,10.29626178741455
bert-base-multilingual-cased,zh,59,marker_pool,-1,1,2,5.134316921234131
bert-base-multilingual-cased,zh,59,marker_pool,0,2,2,10.716280937194824
bert-base-multilingual-cased,zh,59,marker_pool,-2,2,4,10.091100692749023
bert-base-multilingual-cased,zh,60,marker_pool,-2,-1,1,7.830716133117676
bert-base-multilingual-cased,zh,60,marker_pool,-1,0,1,7.981379985809326
bert-base-multilingual-cased,zh,60,marker_pool,0,1,1,9.64267635345459
bert-base-multilingual-cased,zh,60,marker_pool,1,2,1,10.356928825378418
bert-base-multilingual-cased,zh,60,marker_pool,-2,0,2,9.44784164428711
bert-base-multilingual-cased,zh,60,marker_pool,-1,1,2,4.893520355224609
bert-base-multilingual-cased,zh,60,marker_pool,0,2,2,10.309526443481445
bert-base-multilingual-cased,zh,60,marker_pool,-2,2,4,8.620399475097656
bert-base-multilingual-cased,zh,61,marker_pool,-2,-1,1,8.148787498474121
bert-base-multilingual-cased,zh,61,marker_pool,-1,0,1,9.303544044494629
bert-base-multilingual-cased,zh,61,marker_pool,0,1,1,10.810112953186035
bert-base-multilingual-cased,zh,61,marker_pool,1,2,1,11.186692237854004
bert-base-multilingual-cased,zh,61,marker_pool,-2,0,2,10.371893882751465
bert-base-multilingual-cased,zh,61,marker_pool,-1,1,2,4.836966037750244
bert-base-multilingual-cased,zh,61,marker_pool,0,2,2,10.507987976074219
bert-base-multilingual-cased,zh,61,marker_pool,-2,2,4,9.778532028198242
bert-base-multilingual-cased,zh,62,marker_pool,-2,-1,1,10.413108825683594
bert-base-multilingual-cased,zh,62,marker_pool,-1,0,1,9.710220336914062
bert-base-multilingual-cased,zh,62,marker_pool,0,1,1,11.251094818115234
bert-base-multilingual-cased,zh,62,marker_pool,1,2,1,11.523661613464355
bert-base-multilingual-cased,zh,62,marker_pool,-2,0,2,11.378121376037598
bert-base-multilingual-cased,zh,62,marker_pool,-1,1,2,6.095129013061523
bert-base-multilingual-cased,zh,62,marker_pool,0,2,2,11.727916717529297
bert-base-multilingual-cased,zh,62,marker_pool,-2,2,4,10.103841781616211
bert-base-multilingual-cased,zh,63,marker_pool,-2,-1,1,7.023708343505859
bert-base-multilingual-cased,zh,63,marker_pool,-1,0,1,7.247197151184082
bert-base-multilingual-cased,zh,63,marker_pool,0,1,1,9.095609664916992
bert-base-multilingual-cased,zh,63,marker_pool,1,2,1,9.46454906463623
bert-base-multilingual-cased,zh,63,marker_pool,-2,0,2,8.442427635192871
bert-base-multilingual-cased,zh,63,marker_pool,-1,1,2,4.783644676208496
bert-base-multilingual-cased,zh,63,marker_pool,0,2,2,9.0172700881958
bert-base-multilingual-cased,zh,63,marker_pool,-2,2,4,7.564697742462158
bert-base-multilingual-cased,zh,64,marker_pool,-2,-1,1,8.186619758605957
bert-base-multilingual-cased,zh,64,marker_pool,-1,0,1,8.9838285446167
bert-base-multilingual-cased,zh,64,marker_pool,0,1,1,10.754316329956055
bert-base-multilingual-cased,zh,64,marker_pool,1,2,1,11.318060874938965
bert-base-multilingual-cased,zh,64,marker_pool,-2,0,2,10.553437232971191
bert-base-multilingual-cased,zh,64,marker_pool,-1,1,2,5.2273850440979
bert-base-multilingual-cased,zh,64,marker_pool,0,2,2,11.77863883972168
bert-base-multilingual-cased,zh,64,marker_pool,-2,2,4,10.305466651916504
bert-base-multilingual-cased,zh,65,marker_pool,-2,-1,1,7.367872714996338
bert-base-multilingual-cased,zh,65,marker_pool,-1,0,1,7.915796279907227
bert-base-multilingual-cased,zh,65,marker_pool,0,1,1,9.782631874084473
bert-base-multilingual-cased,zh,65,marker_pool,1,2,1,10.919238090515137
bert-base-multilingual-cased,zh,65,marker_pool,-2,0,2,8.960432052612305
bert-base-multilingual-cased,zh,65,marker_pool,-1,1,2,5.412970066070557
bert-base-multilingual-cased,zh,65,marker_pool,0,2,2,10.030868530273438
bert-base-multilingual-cased,zh,65,marker_pool,-2,2,4,9.558191299438477
bert-base-multilingual-cased,zh,66,marker_pool,-2,-1,1,7.951287746429443
bert-base-multilingual-cased,zh,66,marker_pool,-1,0,1,8.188248634338379
bert-base-multilingual-cased,zh,66,marker_pool,0,1,1,10.020133018493652
bert-base-multilingual-cased,zh,66,marker_pool,1,2,1,11.228511810302734
bert-base-multilingual-cased,zh,66,marker_pool,-2,0,2,9.050287246704102
bert-base-multilingual-cased,zh,66,marker_pool,-1,1,2,5.366950988769531
bert-base-multilingual-cased,zh,66,marker_pool,0,2,2,9.832501411437988
bert-base-multilingual-cased,zh,66,marker_pool,-2,2,4,9.6795654296875
bert-base-multilingual-cased,zh,67,marker_pool,-2,-1,1,10.10605525970459
bert-base-multilingual-cased,zh,67,marker_pool,-1,0,1,9.806976318359375
bert-base-multilingual-cased,zh,67,marker_pool,0,1,1,10.473788261413574
bert-base-multilingual-cased,zh,67,marker_pool,1,2,1,12.119609832763672
bert-base-multilingual-cased,zh,67,marker_pool,-2,0,2,11.355855941772461
bert-base-multilingual-cased,zh,67,marker_pool,-1,1,2,6.148575782775879
bert-base-multilingual-cased,zh,67,marker_pool,0,2,2,12.191229820251465
bert-base-multilingual-cased,zh,67,marker_pool,-2,2,4,11.56147289276123
bert-base-multilingual-cased,zh,68,marker_pool,-2,-1,1,8.250383377075195
bert-base-multilingual-cased,zh,68,marker_pool,-1,0,1,7.413520336151123
bert-base-multilingual-cased,zh,68,marker_pool,0,1,1,8.74124526977539
bert-base-multilingual-cased,zh,68,marker_pool,1,2,1,9.559614181518555
bert-base-multilingual-cased,zh,68,marker_pool,-2,0,2,9.780438423156738
bert-base-multilingual-cased,zh,68,marker_pool,-1,1,2,5.206085205078125
bert-base-multilingual-cased,zh,68,marker_pool,0,2,2,10.385359764099121
bert-base-multilingual-cased,zh,68,marker_pool,-2,2,4,9.512995719909668
bert-base-multilingual-cased,zh,69,marker_pool,-2,-1,1,13.661303520202637
bert-base-multilingual-cased,zh,69,marker_pool,-1,0,1,8.758620262145996
bert-base-multilingual-cased,zh,69,marker_pool,0,1,1,11.230049133300781
bert-base-multilingual-cased,zh,69,marker_pool,1,2,1,12.337287902832031
bert-base-multilingual-cased,zh,69,marker_pool,-2,0,2,13.171117782592773
bert-base-multilingual-cased,zh,69,marker_pool,-1,1,2,8.764556884765625
bert-base-multilingual-cased,zh,69,marker_pool,0,2,2,13.800042152404785
bert-base-multilingual-cased,zh,69,marker_pool,-2,2,4,11.467305183410645
bert-base-multilingual-cased,zh,70,marker_pool,-2,-1,1,9.251394271850586
bert-base-multilingual-cased,zh,70,marker_pool,-1,0,1,8.897638320922852
bert-base-multilingual-cased,zh,70,marker_pool,0,1,1,10.591521263122559
bert-base-multilingual-cased,zh,70,marker_pool,1,2,1,11.30434799194336
bert-base-multilingual-cased,zh,70,marker_pool,-2,0,2,11.107535362243652
bert-base-multilingual-cased,zh,70,marker_pool,-1,1,2,6.408827781677246
bert-base-multilingual-cased,zh,70,marker_pool,0,2,2,11.98405933380127
bert-base-multilingual-cased,zh,70,marker_pool,-2,2,4,10.785029411315918
bert-base-multilingual-cased,zh,71,marker_pool,-2,-1,1,9.63027572631836
bert-base-multilingual-cased,zh,71,marker_pool,-1,0,1,10.471806526184082
bert-base-multilingual-cased,zh,71,marker_pool,0,1,1,11.886959075927734
bert-base-multilingual-cased,zh,71,marker_pool,1,2,1,12.424453735351562
bert-base-multilingual-cased,zh,71,marker_pool,-2,0,2,10.518874168395996
bert-base-multilingual-cased,zh,71,marker_pool,-1,1,2,6.606186866760254
bert-base-multilingual-cased,zh,71,marker_pool,0,2,2,11.333694458007812
bert-base-multilingual-cased,zh,71,marker_pool,-2,2,4,10.212119102478027
bert-base-multilingual-cased,zh,72,marker_pool,-2,-1,1,8.3101224899292
bert-base-multilingual-cased,zh,72,marker_pool,-1,0,1,9.366040229797363
bert-base-multilingual-cased,zh,72,marker_pool,0,1,1,10.78968334197998
bert-base-multilingual-cased,zh,72,marker_pool,1,2,1,10.503165245056152
bert-base-multilingual-cased,zh,72,marker_pool,-2,0,2,10.144240379333496
bert-base-multilingual-cased,zh,72,marker_pool,-1,1,2,4.515830039978027
bert-base-multilingual-cased,zh,72,marker_pool,0,2,2,9.759709358215332
bert-base-multilingual-cased,zh,72,marker_pool,-2,2,4,9.587637901306152
bert-base-multilingual-cased,zh,73,marker_pool,-2,-1,1,7.962604999542236
bert-base-multilingual-cased,zh,73,marker_pool,-1,0,1,8.035374641418457
bert-base-multilingual-cased,zh,73,marker_pool,0,1,1,9.504746437072754
bert-base-multilingual-cased,zh,73,marker_pool,1,2,1,10.45889663696289
bert-base-multilingual-cased,zh,73,marker_pool,-2,0,2,9.60442066192627
bert-base-multilingual-cased,zh,73,marker_pool,-1,1,2,5.275678634643555
bert-base-multilingual-cased,zh,73,marker_pool,0,2,2,10.35394287109375
bert-base-multilingual-cased,zh,73,marker_pool,-2,2,4,9.237224578857422
bert-base-multilingual-cased,zh,74,marker_pool,-2,-1,1,7.760223865509033
bert-base-multilingual-cased,zh,74,marker_pool,-1,0,1,9.530476570129395
bert-base-multilingual-cased,zh,74,marker_pool,0,1,1,11.111615180969238
bert-base-multilingual-cased,zh,74,marker_pool,1,2,1,10.976064682006836
bert-base-multilingual-cased,zh,74,marker_pool,-2,0,2,10.532256126403809
bert-base-multilingual-cased,zh,74,marker_pool,-1,1,2,5.146481513977051
bert-base-multilingual-cased,zh,74,marker_pool,0,2,2,10.757354736328125
bert-base-multilingual-cased,zh,74,marker_pool,-2,2,4,9.522582054138184
bert-base-multilingual-cased,zh,75,marker_pool,-2,-1,1,7.525741100311279
bert-base-multilingual-cased,zh,75,marker_pool,-1,0,1,8.934134483337402
bert-base-multilingual-cased,zh,75,marker_pool,0,1,1,10.811767578125
bert-base-multilingual-cased,zh,75,marker_pool,1,2,1,11.212294578552246
bert-base-multilingual-cased,zh,75,marker_pool,-2,0,2,10.06521224975586
bert-base-multilingual-cased,zh,75,marker_pool,-1,1,2,5.328360080718994
bert-base-multilingual-cased,zh,75,marker_pool,0,2,2,11.296483039855957
bert-base-multilingual-cased,zh,75,marker_pool,-2,2,4,9.704748153686523
bert-base-multilingual-cased,zh,76,marker_pool,-2,-1,1,8.36450481414795
bert-base-multilingual-cased,zh,76,marker_pool,-1,0,1,9.393239974975586
bert-base-multilingual-cased,zh,76,marker_pool,0,1,1,10.758146286010742
bert-base-multilingual-cased,zh,76,marker_pool,1,2,1,10.793354988098145
bert-base-multilingual-cased,zh,76,marker_pool,-2,0,2,11.358190536499023
bert-base-multilingual-cased,zh,76,marker_pool,-1,1,2,5.498363018035889
bert-base-multilingual-cased,zh,76,marker_pool,0,2,2,11.855453491210938
bert-base-multilingual-cased,zh,76,marker_pool,-2,2,4,10.730765342712402
bert-base-multilingual-cased,zh,77,marker_pool,-2,-1,1,9.571874618530273
bert-base-multilingual-cased,zh,77,marker_pool,-1,0,1,9.741655349731445
bert-base-multilingual-cased,zh,77,marker_pool,0,1,1,10.73707389831543
bert-base-multilingual-cased,zh,77,marker_pool,1,2,1,11.586345672607422
bert-base-multilingual-cased,zh,77,marker_pool,-2,0,2,9.884760856628418
bert-base-multilingual-cased,zh,77,marker_pool,-1,1,2,6.272483825683594
bert-base-multilingual-cased,zh,77,marker_pool,0,2,2,11.226338386535645
bert-base-multilingual-cased,zh,77,marker_pool,-2,2,4,10.023295402526855
bert-base-multilingual-cased,zh,78,marker_pool,-2,-1,1,8.698319435119629
bert-base-multilingual-cased,zh,78,marker_pool,-1,0,1,8.526561737060547
bert-base-multilingual-cased,zh,78,marker_pool,0,1,1,10.020964622497559
bert-base-multilingual-cased,zh,78,marker_pool,1,2,1,11.721864700317383
bert-base-multilingual-cased,zh,78,marker_pool,-2,0,2,10.439428329467773
bert-base-multilingual-cased,zh,78,marker_pool,-1,1,2,5.091738224029541
bert-base-multilingual-cased,zh,78,marker_pool,0,2,2,11.718353271484375
bert-base-multilingual-cased,zh,78,marker_pool,-2,2,4,10.941410064697266
bert-base-multilingual-cased,zh,79,marker_pool,-2,-1,1,12.407503128051758
bert-base-multilingual-cased,zh,79,marker_pool,-1,0,1,10.991111755371094
bert-base-multilingual-cased,zh,79,marker_pool,0,1,1,11.468791007995605
bert-base-multilingual-cased,zh,79,marker_pool,1,2,1,12.888710975646973
bert-base-multilingual-cased,zh,79,marker_pool,-2,0,2,12.041770935058594
bert-base-multilingual-cased,zh,79,marker_pool,-1,1,2,7.835389614105225
bert-base-multilingual-cased,zh,79,marker_pool,0,2,2,11.908527374267578
bert-base-multilingual-cased,zh,79,marker_pool,-2,2,4,11.849339485168457
bert-base-multilingual-cased,zh,80,marker_pool,-2,-1,1,9.085111618041992
bert-base-multilingual-cased,zh,80,marker_pool,-1,0,1,9.320143699645996
bert-base-multilingual-cased,zh,80,marker_pool,0,1,1,9.546418190002441
bert-base-multilingual-cased,zh,80,marker_pool,1,2,1,11.436853408813477
bert-base-multilingual-cased,zh,80,marker_pool,-2,0,2,10.369112014770508
bert-base-multilingual-cased,zh,80,marker_pool,-1,1,2,5.230840682983398
bert-base-multilingual-cased,zh,80,marker_pool,0,2,2,11.47735595703125
bert-base-multilingual-cased,zh,80,marker_pool,-2,2,4,10.822593688964844
bert-base-multilingual-cased,zh,81,marker_pool,-2,-1,1,11.562139511108398
bert-base-multilingual-cased,zh,81,marker_pool,-1,0,1,10.724912643432617
bert-base-multilingual-cased,zh,81,marker_pool,0,1,1,9.9488525390625
bert-base-multilingual-cased,zh,81,marker_pool,1,2,1,13.039019584655762
bert-base-multilingual-cased,zh,81,marker_pool,-2,0,2,10.427282333374023
bert-base-multilingual-cased,zh,81,marker_pool,-1,1,2,8.611814498901367
bert-base-multilingual-cased,zh,81,marker_pool,0,2,2,12.250195503234863
bert-base-multilingual-cased,zh,81,marker_pool,-2,2,4,11.62907600402832
bert-base-multilingual-cased,zh,82,marker_pool,-2,-1,1,7.386107921600342
bert-base-multilingual-cased,zh,82,marker_pool,-1,0,1,9.269721031188965
bert-base-multilingual-cased,zh,82,marker_pool,0,1,1,11.030473709106445
bert-base-multilingual-cased,zh,82,marker_pool,1,2,1,11.261225700378418
bert-base-multilingual-cased,zh,82,marker_pool,-2,0,2,9.745198249816895
bert-base-multilingual-cased,zh,82,marker_pool,-1,1,2,5.016720294952393
bert-base-multilingual-cased,zh,82,marker_pool,0,2,2,10.514471054077148
bert-base-multilingual-cased,zh,82,marker_pool,-2,2,4,9.691118240356445
bert-base-multilingual-cased,zh,83,marker_pool,-2,-1,1,6.993491172790527
bert-base-multilingual-cased,zh,83,marker_pool,-1,0,1,7.091096878051758
bert-base-multilingual-cased,zh,83,marker_pool,0,1,1,8.853412628173828
bert-base-multilingual-cased,zh,83,marker_pool,1,2,1,9.484306335449219
bert-base-multilingual-cased,zh,83,marker_pool,-2,0,2,8.132402420043945
bert-base-multilingual-cased,zh,83,marker_pool,-1,1,2,4.996673583984375
bert-base-multilingual-cased,zh,83,marker_pool,0,2,2,8.69872760772705
bert-base-multilingual-cased,zh,83,marker_pool,-2,2,4,8.603724479675293
bert-base-multilingual-cased,zh,84,marker_pool,-2,-1,1,7.976874351501465
bert-base-multilingual-cased,zh,84,marker_pool,-1,0,1,7.327971935272217
bert-base-multilingual-cased,zh,84,marker_pool,0,1,1,9.012749671936035
bert-base-multilingual-cased,zh,84,marker_pool,1,2,1,10.250554084777832
bert-base-multilingual-cased,zh,84,marker_pool,-2,0,2,9.472505569458008
bert-base-multilingual-cased,zh,84,marker_pool,-1,1,2,5.808504581451416
bert-base-multilingual-cased,zh,84,marker_pool,0,2,2,10.23565673828125
bert-base-multilingual-cased,zh,84,marker_pool,-2,2,4,9.436566352844238
bert-base-multilingual-cased,zh,85,marker_pool,-2,-1,1,7.21713924407959
bert-base-multilingual-cased,zh,85,marker_pool,-1,0,1,8.943709373474121
bert-base-multilingual-cased,zh,85,marker_pool,0,1,1,10.825780868530273
bert-base-multilingual-cased,zh,85,marker_pool,1,2,1,11.470824241638184
bert-base-multilingual-cased,zh,85,marker_pool,-2,0,2,9.747125625610352
bert-base-multilingual-cased,zh,85,marker_pool,-1,1,2,5.036789417266846
bert-base-multilingual-cased,zh,85,marker_pool,0,2,2,10.966733932495117
bert-base-multilingual-cased,zh,85,marker_pool,-2,2,4,9.922550201416016
bert-base-multilingual-cased,zh,86,marker_pool,-2,-1,1,11.471757888793945
bert-base-multilingual-cased,zh,86,marker_pool,-1,0,1,10.156194686889648
bert-base-multilingual-cased,zh,86,marker_pool,0,1,1,10.488798141479492
bert-base-multilingual-cased,zh,86,marker_pool,1,2,1,12.389711380004883
bert-base-multilingual-cased,zh,86,marker_pool,-2,0,2,10.499408721923828
bert-base-multilingual-cased,zh,86,marker_pool,-1,1,2,7.361338138580322
bert-base-multilingual-cased,zh,86,marker_pool,0,2,2,11.644580841064453
bert-base-multilingual-cased,zh,86,marker_pool,-2,2,4,11.022377014160156
bert-base-multilingual-cased,zh,87,marker_pool,-2,-1,1,8.701818466186523
bert-base-multilingual-cased,zh,87,marker_pool,-1,0,1,9.970551490783691
bert-base-multilingual-cased,zh,87,marker_pool,0,1,1,11.637197494506836
bert-base-multilingual-cased,zh,87,marker_pool,1,2,1,11.740581512451172
bert-base-multilingual-cased,zh,87,marker_pool,-2,0,2,11.160848617553711
bert-base-multilingual-cased,zh,87,marker_pool,-1,1,2,5.478261947631836
bert-base-multilingual-cased,zh,87,marker_pool,0,2,2,11.753740310668945
bert-base-multilingual-cased,zh,87,marker_pool,-2,2,4,10.369342803955078
bert-base-multilingual-cased,zh,88,marker_pool,-2,-1,1,9.811676979064941
bert-base-multilingual-cased,zh,88,marker_pool,-1,0,1,10.380217552185059
bert-base-multilingual-cased,zh,88,marker_pool,0,1,1,10.941336631774902
bert-base-multilingual-cased,zh,88,marker_pool,1,2,1,13.59048080444336
bert-base-multilingual-cased,zh,88,marker_pool,-2,0,2,11.464637756347656
bert-base-multilingual-cased,zh,88,marker_pool,-1,1,2,6.879624366760254
bert-base-multilingual-cased,zh,88,marker_pool,0,2,2,12.07861042022705
bert-base-multilingual-cased,zh,88,marker_pool,-2,2,4,12.509407997131348
bert-base-multilingual-cased,zh,89,marker_pool,-2,-1,1,8.787671089172363
bert-base-multilingual-cased,zh,89,marker_pool,-1,0,1,8.132149696350098
bert-base-multilingual-cased,zh,89,marker_pool,0,1,1,9.611777305603027
bert-base-multilingual-cased,zh,89,marker_pool,1,2,1,9.74162483215332
bert-base-multilingual-cased,zh,89,marker_pool,-2,0,2,10.338384628295898
bert-base-multilingual-cased,zh,89,marker_pool,-1,1,2,4.812595367431641
bert-base-multilingual-cased,zh,89,marker_pool,0,2,2,10.209845542907715
bert-base-multilingual-cased,zh,89,marker_pool,-2,2,4,10.063417434692383
bert-base-multilingual-cased,zh,90,marker_pool,-2,-1,1,11.005735397338867
bert-base-multilingual-cased,zh,90,marker_pool,-1,0,1,9.848136901855469
bert-base-multilingual-cased,zh,90,marker_pool,0,1,1,10.592440605163574
bert-base-multilingual-cased,zh,90,marker_pool,1,2,1,12.134893417358398
bert-base-multilingual-cased,zh,90,marker_pool,-2,0,2,11.515780448913574
bert-base-multilingual-cased,zh,90,marker_pool,-1,1,2,8.410547256469727
bert-base-multilingual-cased,zh,90,marker_pool,0,2,2,12.57927131652832
bert-base-multilingual-cased,zh,90,marker_pool,-2,2,4,11.889619827270508
bert-base-multilingual-cased,zh,91,marker_pool,-2,-1,1,6.624311447143555
bert-base-multilingual-cased,zh,91,marker_pool,-1,0,1,7.1834330558776855
bert-base-multilingual-cased,zh,91,marker_pool,0,1,1,8.944640159606934
bert-base-multilingual-cased,zh,91,marker_pool,1,2,1,9.101835250854492
bert-base-multilingual-cased,zh,91,marker_pool,-2,0,2,8.851744651794434
bert-base-multilingual-cased,zh,91,marker_pool,-1,1,2,4.630879878997803
bert-base-multilingual-cased,zh,91,marker_pool,0,2,2,9.46649169921875
bert-base-multilingual-cased,zh,91,marker_pool,-2,2,4,8.118709564208984
bert-base-multilingual-cased,zh,92,marker_pool,-2,-1,1,11.230380058288574
bert-base-multilingual-cased,zh,92,marker_pool,-1,0,1,10.254732131958008
bert-base-multilingual-cased,zh,92,marker_pool,0,1,1,10.985668182373047
bert-base-multilingual-cased,zh,92,marker_pool,1,2,1,12.455777168273926
bert-base-multilingual-cased,zh,92,marker_pool,-2,0,2,10.318388938903809
bert-base-multilingual-cased,zh,92,marker_pool,-1,1,2,6.827048301696777
bert-base-multilingual-cased,zh,92,marker_pool,0,2,2,11.64139461517334
bert-base-multilingual-cased,zh,92,marker_pool,-2,2,4,10.299543380737305
bert-base-multilingual-cased,zh,93,marker_pool,-2,-1,1,6.821409702301025
bert-base-multilingual-cased,zh,93,marker_pool,-1,0,1,6.688604831695557
bert-base-multilingual-cased,zh,93,marker_pool,0,1,1,8.311367988586426
bert-base-multilingual-cased,zh,93,marker_pool,1,2,1,8.824748992919922
bert-base-multilingual-cased,zh,93,marker_pool,-2,0,2,7.882972240447998
bert-base-multilingual-cased,zh,93,marker_pool,-1,1,2,4.8540239334106445
bert-base-multilingual-cased,zh,93,marker_pool,0,2,2,8.496988296508789
bert-base-multilingual-cased,zh,93,marker_pool,-2,2,4,8.329436302185059
bert-base-multilingual-cased,zh,94,marker_pool,-2,-1,1,8.052783966064453
bert-base-multilingual-cased,zh,94,marker_pool,-1,0,1,8.99030876159668
bert-base-multilingual-cased,zh,94,marker_pool,0,1,1,10.740683555603027
bert-base-multilingual-cased,zh,94,marker_pool,1,2,1,11.452995300292969
bert-base-multilingual-cased,zh,94,marker_pool,-2,0,2,10.705950736999512
bert-base-multilingual-cased,zh,94,marker_pool,-1,1,2,5.1675920486450195
bert-base-multilingual-cased,zh,94,marker_pool,0,2,2,11.578678131103516
bert-base-multilingual-cased,zh,94,marker_pool,-2,2,4,10.680286407470703
bert-base-multilingual-cased,zh,95,marker_pool,-2,-1,1,9.805249214172363
bert-base-multilingual-cased,zh,95,marker_pool,-1,0,1,8.564785957336426
bert-base-multilingual-cased,zh,95,marker_pool,0,1,1,10.029860496520996
bert-base-multilingual-cased,zh,95,marker_pool,1,2,1,12.384398460388184
bert-base-multilingual-cased,zh,95,marker_pool,-2,0,2,9.993520736694336
bert-base-multilingual-cased,zh,95,marker_pool,-1,1,2,5.902482032775879
bert-base-multilingual-cased,zh,95,marker_pool,0,2,2,11.723217964172363
bert-base-multilingual-cased,zh,95,marker_pool,-2,2,4,10.191413879394531
bert-base-multilingual-cased,zh,96,marker_pool,-2,-1,1,8.798940658569336
bert-base-multilingual-cased,zh,96,marker_pool,-1,0,1,9.411121368408203
bert-base-multilingual-cased,zh,96,marker_pool,0,1,1,10.9780912399292
bert-base-multilingual-cased,zh,96,marker_pool,1,2,1,10.926015853881836
bert-base-multilingual-cased,zh,96,marker_pool,-2,0,2,10.841318130493164
bert-base-multilingual-cased,zh,96,marker_pool,-1,1,2,5.116233825683594
bert-base-multilingual-cased,zh,96,marker_pool,0,2,2,11.42728328704834
bert-base-multilingual-cased,zh,96,marker_pool,-2,2,4,10.272799491882324
bert-base-multilingual-cased,zh,97,marker_pool,-2,-1,1,8.009510040283203
bert-base-multilingual-cased,zh,97,marker_pool,-1,0,1,7.152055740356445
bert-base-multilingual-cased,zh,97,marker_pool,0,1,1,8.804654121398926
bert-base-multilingual-cased,zh,97,marker_pool,1,2,1,10.349466323852539
bert-base-multilingual-cased,zh,97,marker_pool,-2,0,2,9.21075439453125
bert-base-multilingual-cased,zh,97,marker_pool,-1,1,2,5.520425319671631
bert-base-multilingual-cased,zh,97,marker_pool,0,2,2,10.134675979614258
bert-base-multilingual-cased,zh,97,marker_pool,-2,2,4,9.853662490844727
bert-base-multilingual-cased,zh,98,marker_pool,-2,-1,1,6.906362056732178
bert-base-multilingual-cased,zh,98,marker_pool,-1,0,1,7.3076395988464355
bert-base-multilingual-cased,zh,98,marker_pool,0,1,1,9.180194854736328
bert-base-multilingual-cased,zh,98,marker_pool,1,2,1,10.187592506408691
bert-base-multilingual-cased,zh,98,marker_pool,-2,0,2,7.844541549682617
bert-base-multilingual-cased,zh,98,marker_pool,-1,1,2,4.95649528503418
bert-base-multilingual-cased,zh,98,marker_pool,0,2,2,9.11021900177002
bert-base-multilingual-cased,zh,98,marker_pool,-2,2,4,8.39628791809082
bert-base-multilingual-cased,zh,99,marker_pool,-2,-1,1,9.107830047607422
bert-base-multilingual-cased,zh,99,marker_pool,-1,0,1,9.3029203414917
bert-base-multilingual-cased,zh,99,marker_pool,0,1,1,9.905708312988281
bert-base-multilingual-cased,zh,99,marker_pool,1,2,1,12.161532402038574
bert-base-multilingual-cased,zh,99,marker_pool,-2,0,2,10.004226684570312
bert-base-multilingual-cased,zh,99,marker_pool,-1,1,2,5.707010269165039
bert-base-multilingual-cased,zh,99,marker_pool,0,2,2,10.973771095275879
bert-base-multilingual-cased,zh,99,marker_pool,-2,2,4,11.099699020385742
bert-base-multilingual-cased,zh,100,marker_pool,-2,-1,1,9.23049545288086
bert-base-multilingual-cased,zh,100,marker_pool,-1,0,1,9.679637908935547
bert-base-multilingual-cased,zh,100,marker_pool,0,1,1,11.38024616241455
bert-base-multilingual-cased,zh,100,marker_pool,1,2,1,10.877371788024902
bert-base-multilingual-cased,zh,100,marker_pool,-2,0,2,10.543062210083008
bert-base-multilingual-cased,zh,100,marker_pool,-1,1,2,5.281257152557373
bert-base-multilingual-cased,zh,100,marker_pool,0,2,2,10.270588874816895
bert-base-multilingual-cased,zh,100,marker_pool,-2,2,4,9.086715698242188
bert-base-multilingual-cased,zh,101,marker_pool,-2,-1,1,8.230498313903809
bert-base-multilingual-cased,zh,101,marker_pool,-1,0,1,8.984679222106934
bert-base-multilingual-cased,zh,101,marker_pool,0,1,1,10.34136962890625
bert-base-multilingual-cased,zh,101,marker_pool,1,2,1,10.955033302307129
bert-base-multilingual-cased,zh,101,marker_pool,-2,0,2,10.259437561035156
bert-base-multilingual-cased,zh,101,marker_pool,-1,1,2,4.971335411071777
bert-base-multilingual-cased,zh,101,marker_pool,0,2,2,10.120563507080078
bert-base-multilingual-cased,zh,101,marker_pool,-2,2,4,9.982979774475098
bert-base-multilingual-cased,zh,102,marker_pool,-2,-1,1,10.432361602783203
bert-base-multilingual-cased,zh,102,marker_pool,-1,0,1,8.785561561584473
bert-base-multilingual-cased,zh,102,marker_pool,0,1,1,9.578309059143066
bert-base-multilingual-cased,zh,102,marker_pool,1,2,1,10.617376327514648
bert-base-multilingual-cased,zh,102,marker_pool,-2,0,2,11.062983512878418
bert-base-multilingual-cased,zh,102,marker_pool,-1,1,2,7.637037754058838
bert-base-multilingual-cased,zh,102,marker_pool,0,2,2,11.543577194213867
bert-base-multilingual-cased,zh,102,marker_pool,-2,2,4,10.656487464904785
bert-base-multilingual-cased,zh,103,marker_pool,-2,-1,1,10.724231719970703
bert-base-multilingual-cased,zh,103,marker_pool,-1,0,1,9.499749183654785
bert-base-multilingual-cased,zh,103,marker_pool,0,1,1,9.975642204284668
bert-base-multilingual-cased,zh,103,marker_pool,1,2,1,12.257474899291992
bert-base-multilingual-cased,zh,103,marker_pool,-2,0,2,10.216472625732422
bert-base-multilingual-cased,zh,103,marker_pool,-1,1,2,6.048990726470947
bert-base-multilingual-cased,zh,103,marker_pool,0,2,2,10.731003761291504
bert-base-multilingual-cased,zh,103,marker_pool,-2,2,4,11.008049011230469
bert-base-multilingual-cased,zh,104,marker_pool,-2,-1,1,7.664489269256592
bert-base-multilingual-cased,zh,104,marker_pool,-1,0,1,8.132894515991211
bert-base-multilingual-cased,zh,104,marker_pool,0,1,1,9.699101448059082
bert-base-multilingual-cased,zh,104,marker_pool,1,2,1,10.286462783813477
bert-base-multilingual-cased,zh,104,marker_pool,-2,0,2,9.698576927185059
bert-base-multilingual-cased,zh,104,marker_pool,-1,1,2,5.174253463745117
bert-base-multilingual-cased,zh,104,marker_pool,0,2,2,10.143699645996094
bert-base-multilingual-cased,zh,104,marker_pool,-2,2,4,8.884910583496094
bert-base-multilingual-cased,zh,105,marker_pool,-2,-1,1,7.886125564575195
bert-base-multilingual-cased,zh,105,marker_pool,-1,0,1,9.864126205444336
bert-base-multilingual-cased,zh,105,marker_pool,0,1,1,11.035287857055664
bert-base-multilingual-cased,zh,105,marker_pool,1,2,1,11.822931289672852
bert-base-multilingual-cased,zh,105,marker_pool,-2,0,2,9.91022777557373
bert-base-multilingual-cased,zh,105,marker_pool,-1,1,2,4.499985694885254
bert-base-multilingual-cased,zh,105,marker_pool,0,2,2,11.102083206176758
bert-base-multilingual-cased,zh,105,marker_pool,-2,2,4,10.162424087524414
bert-base-multilingual-cased,zh,106,marker_pool,-2,-1,1,9.551284790039062
bert-base-multilingual-cased,zh,106,marker_pool,-1,0,1,8.639284133911133
bert-base-multilingual-cased,zh,106,marker_pool,0,1,1,8.986751556396484
bert-base-multilingual-cased,zh,106,marker_pool,1,2,1,10.696466445922852
bert-base-multilingual-cased,zh,106,marker_pool,-2,0,2,9.844433784484863
bert-base-multilingual-cased,zh,106,marker_pool,-1,1,2,6.3682756423950195
bert-base-multilingual-cased,zh,106,marker_pool,0,2,2,10.585654258728027
bert-base-multilingual-cased,zh,106,marker_pool,-2,2,4,10.819696426391602
bert-base-multilingual-cased,zh,107,marker_pool,-2,-1,1,6.488286018371582
bert-base-multilingual-cased,zh,107,marker_pool,-1,0,1,6.917088985443115
bert-base-multilingual-cased,zh,107,marker_pool,0,1,1,8.623676300048828
bert-base-multilingual-cased,zh,107,marker_pool,1,2,1,8.903959274291992
bert-base-multilingual-cased,zh,107,marker_pool,-2,0,2,7.630541801452637
bert-base-multilingual-cased,zh,107,marker_pool,-1,1,2,4.867923259735107
bert-base-multilingual-cased,zh,107,marker_pool,0,2,2,8.512046813964844
bert-base-multilingual-cased,zh,107,marker_pool,-2,2,4,8.051064491271973
bert-base-multilingual-cased,zh,108,marker_pool,-2,-1,1,8.679081916809082
bert-base-multilingual-cased,zh,108,marker_pool,-1,0,1,9.298476219177246
bert-base-multilingual-cased,zh,108,marker_pool,0,1,1,10.976842880249023
bert-base-multilingual-cased,zh,108,marker_pool,1,2,1,11.652791976928711
bert-base-multilingual-cased,zh,108,marker_pool,-2,0,2,10.55707836151123
bert-base-multilingual-cased,zh,108,marker_pool,-1,1,2,5.135622024536133
bert-base-multilingual-cased,zh,108,marker_pool,0,2,2,11.036895751953125
bert-base-multilingual-cased,zh,108,marker_pool,-2,2,4,9.966151237487793
bert-base-multilingual-cased,zh,109,marker_pool,-2,-1,1,8.397078514099121
bert-base-multilingual-cased,zh,109,marker_pool,-1,0,1,9.16943645477295
bert-base-multilingual-cased,zh,109,marker_pool,0,1,1,10.503498077392578
bert-base-multilingual-cased,zh,109,marker_pool,1,2,1,11.880358695983887
bert-base-multilingual-cased,zh,109,marker_pool,-2,0,2,10.413080215454102
bert-base-multilingual-cased,zh,109,marker_pool,-1,1,2,4.852419853210449
bert-base-multilingual-cased,zh,109,marker_pool,0,2,2,12.011249542236328
bert-base-multilingual-cased,zh,109,marker_pool,-2,2,4,10.689480781555176
bert-base-multilingual-cased,zh,110,marker_pool,-2,-1,1,8.768500328063965
bert-base-multilingual-cased,zh,110,marker_pool,-1,0,1,8.151825904846191
bert-base-multilingual-cased,zh,110,marker_pool,0,1,1,9.719555854797363
bert-base-multilingual-cased,zh,110,marker_pool,1,2,1,11.022664070129395
bert-base-multilingual-cased,zh,110,marker_pool,-2,0,2,10.132708549499512
bert-base-multilingual-cased,zh,110,marker_pool,-1,1,2,5.303621768951416
bert-base-multilingual-cased,zh,110,marker_pool,0,2,2,11.110331535339355
bert-base-multilingual-cased,zh,110,marker_pool,-2,2,4,10.247523307800293
bert-base-multilingual-cased,zh,111,marker_pool,-2,-1,1,11.015838623046875
bert-base-multilingual-cased,zh,111,marker_pool,-1,0,1,9.113099098205566
bert-base-multilingual-cased,zh,111,marker_pool,0,1,1,10.813934326171875
bert-base-multilingual-cased,zh,111,marker_pool,1,2,1,12.038277626037598
bert-base-multilingual-cased,zh,111,marker_pool,-2,0,2,11.810434341430664
bert-base-multilingual-cased,zh,111,marker_pool,-1,1,2,6.125371932983398
bert-base-multilingual-cased,zh,111,marker_pool,0,2,2,12.029988288879395
bert-base-multilingual-cased,zh,111,marker_pool,-2,2,4,11.344719886779785
bert-base-multilingual-cased,zh,112,marker_pool,-2,-1,1,7.561949253082275
bert-base-multilingual-cased,zh,112,marker_pool,-1,0,1,8.969067573547363
bert-base-multilingual-cased,zh,112,marker_pool,0,1,1,9.911140441894531
bert-base-multilingual-cased,zh,112,marker_pool,1,2,1,10.607152938842773
bert-base-multilingual-cased,zh,112,marker_pool,-2,0,2,9.533242225646973
bert-base-multilingual-cased,zh,112,marker_pool,-1,1,2,4.375704765319824
bert-base-multilingual-cased,zh,112,marker_pool,0,2,2,9.79387092590332
bert-base-multilingual-cased,zh,112,marker_pool,-2,2,4,9.43260383605957
bert-base-multilingual-cased,zh,113,marker_pool,-2,-1,1,12.734456062316895
bert-base-multilingual-cased,zh,113,marker_pool,-1,0,1,8.878314971923828
bert-base-multilingual-cased,zh,113,marker_pool,0,1,1,11.311502456665039
bert-base-multilingual-cased,zh,113,marker_pool,1,2,1,11.894038200378418
bert-base-multilingual-cased,zh,113,marker_pool,-2,0,2,13.559171676635742
bert-base-multilingual-cased,zh,113,marker_pool,-1,1,2,7.652621746063232
bert-base-multilingual-cased,zh,113,marker_pool,0,2,2,12.966434478759766
bert-base-multilingual-cased,zh,113,marker_pool,-2,2,4,11.94123649597168
bert-base-multilingual-cased,zh,114,marker_pool,-2,-1,1,8.521507263183594
bert-base-multilingual-cased,zh,114,marker_pool,-1,0,1,8.676278114318848
bert-base-multilingual-cased,zh,114,marker_pool,0,1,1,9.550826072692871
bert-base-multilingual-cased,zh,114,marker_pool,1,2,1,11.731837272644043
bert-base-multilingual-cased,zh,114,marker_pool,-2,0,2,10.062315940856934
bert-base-multilingual-cased,zh,114,marker_pool,-1,1,2,5.6053080558776855
bert-base-multilingual-cased,zh,114,marker_pool,0,2,2,11.488606452941895
bert-base-multilingual-cased,zh,114,marker_pool,-2,2,4,11.10261058807373
bert-base-multilingual-cased,zh,115,marker_pool,-2,-1,1,9.656210899353027
bert-base-multilingual-cased,zh,115,marker_pool,-1,0,1,8.261075019836426
bert-base-multilingual-cased,zh,115,marker_pool,0,1,1,9.794668197631836
bert-base-multilingual-cased,zh,115,marker_pool,1,2,1,10.773422241210938
bert-base-multilingual-cased,zh,115,marker_pool,-2,0,2,10.554296493530273
bert-base-multilingual-cased,zh,115,marker_pool,-1,1,2,5.596714496612549
bert-base-multilingual-cased,zh,115,marker_pool,0,2,2,10.43574047088623
bert-base-multilingual-cased,zh,115,marker_pool,-2,2,4,10.819622039794922
bert-base-multilingual-cased,zh,116,marker_pool,-2,-1,1,12.707722663879395
bert-base-multilingual-cased,zh,116,marker_pool,-1,0,1,10.344715118408203
bert-base-multilingual-cased,zh,116,marker_pool,0,1,1,11.887185096740723
bert-base-multilingual-cased,zh,116,marker_pool,1,2,1,12.148971557617188
bert-base-multilingual-cased,zh,116,marker_pool,-2,0,2,13.184622764587402
bert-base-multilingual-cased,zh,116,marker_pool,-1,1,2,8.228727340698242
bert-base-multilingual-cased,zh,116,marker_pool,0,2,2,12.973970413208008
bert-base-multilingual-cased,zh,116,marker_pool,-2,2,4,11.722588539123535
bert-base-multilingual-cased,zh,117,marker_pool,-2,-1,1,11.677579879760742
bert-base-multilingual-cased,zh,117,marker_pool,-1,0,1,12.205592155456543
bert-base-multilingual-cased,zh,117,marker_pool,0,1,1,13.350589752197266
bert-base-multilingual-cased,zh,117,marker_pool,1,2,1,12.65346908569336
bert-base-multilingual-cased,zh,117,marker_pool,-2,0,2,11.771965980529785
bert-base-multilingual-cased,zh,117,marker_pool,-1,1,2,6.682405471801758
bert-base-multilingual-cased,zh,117,marker_pool,0,2,2,11.875855445861816
bert-base-multilingual-cased,zh,117,marker_pool,-2,2,4,10.328143119812012
bert-base-multilingual-cased,zh,118,marker_pool,-2,-1,1,8.072115898132324
bert-base-multilingual-cased,zh,118,marker_pool,-1,0,1,10.219295501708984
bert-base-multilingual-cased,zh,118,marker_pool,0,1,1,11.772886276245117
bert-base-multilingual-cased,zh,118,marker_pool,1,2,1,12.012680053710938
bert-base-multilingual-cased,zh,118,marker_pool,-2,0,2,9.945381164550781
bert-base-multilingual-cased,zh,118,marker_pool,-1,1,2,5.434598445892334
bert-base-multilingual-cased,zh,118,marker_pool,0,2,2,10.800694465637207
bert-base-multilingual-cased,zh,118,marker_pool,-2,2,4,9.786036491394043
bert-base-multilingual-cased,zh,119,marker_pool,-2,-1,1,8.243947982788086
bert-base-multilingual-cased,zh,119,marker_pool,-1,0,1,8.501179695129395
bert-base-multilingual-cased,zh,119,marker_pool,0,1,1,10.201096534729004
bert-base-multilingual-cased,zh,119,marker_pool,1,2,1,9.304219245910645
bert-base-multilingual-cased,zh,119,marker_pool,-2,0,2,9.832942008972168
bert-base-multilingual-cased,zh,119,marker_pool,-1,1,2,4.726589202880859
bert-base-multilingual-cased,zh,119,marker_pool,0,2,2,9.289484977722168
bert-base-multilingual-cased,zh,119,marker_pool,-2,2,4,8.840283393859863
bert-base-multilingual-cased,zh,120,marker_pool,-2,-1,1,8.239673614501953
bert-base-multilingual-cased,zh,120,marker_pool,-1,0,1,9.205089569091797
bert-base-multilingual-cased,zh,120,marker_pool,0,1,1,10.9120512008667
bert-base-multilingual-cased,zh,120,marker_pool,1,2,1,10.77351188659668
bert-base-multilingual-cased,zh,120,marker_pool,-2,0,2,10.356856346130371
bert-base-multilingual-cased,zh,120,marker_pool,-1,1,2,5.192046165466309
bert-base-multilingual-cased,zh,120,marker_pool,0,2,2,11.855700492858887
bert-base-multilingual-cased,zh,120,marker_pool,-2,2,4,10.03933048248291
bert-base-multilingual-cased,zh,121,marker_pool,-2,-1,1,8.356657981872559
bert-base-multilingual-cased,zh,121,marker_pool,-1,0,1,8.519683837890625
bert-base-multilingual-cased,zh,121,marker_pool,0,1,1,9.712459564208984
bert-base-multilingual-cased,zh,121,marker_pool,1,2,1,10.45862102508545
bert-base-multilingual-cased,zh,121,marker_pool,-2,0,2,9.627638816833496
bert-base-multilingual-cased,zh,121,marker_pool,-1,1,2,4.674952030181885
bert-base-multilingual-cased,zh,121,marker_pool,0,2,2,9.844158172607422
bert-base-multilingual-cased,zh,121,marker_pool,-2,2,4,8.579660415649414
bert-base-multilingual-cased,zh,122,marker_pool,-2,-1,1,9.938776969909668
bert-base-multilingual-cased,zh,122,marker_pool,-1,0,1,9.21487045288086
bert-base-multilingual-cased,zh,122,marker_pool,0,1,1,10.44533634185791
bert-base-multilingual-cased,zh,122,marker_pool,1,2,1,11.576614379882812
bert-base-multilingual-cased,zh,122,marker_pool,-2,0,2,11.31564998626709
bert-base-multilingual-cased,zh,122,marker_pool,-1,1,2,5.266218662261963
bert-base-multilingual-cased,zh,122,marker_pool,0,2,2,10.426021575927734
bert-base-multilingual-cased,zh,122,marker_pool,-2,2,4,11.4005126953125
bert-base-multilingual-cased,zh,123,marker_pool,-2,-1,1,7.57882833480835
bert-base-multilingual-cased,zh,123,marker_pool,-1,0,1,8.28721809387207
bert-base-multilingual-cased,zh,123,marker_pool,0,1,1,9.887863159179688
bert-base-multilingual-cased,zh,123,marker_pool,1,2,1,10.68167495727539
bert-base-multilingual-cased,zh,123,marker_pool,-2,0,2,9.576371192932129
bert-base-multilingual-cased,zh,123,marker_pool,-1,1,2,5.087228775024414
bert-base-multilingual-cased,zh,123,marker_pool,0,2,2,10.473566055297852
bert-base-multilingual-cased,zh,123,marker_pool,-2,2,4,9.693840980529785
bert-base-multilingual-cased,zh,124,marker_pool,-2,-1,1,8.834110260009766
bert-base-multilingual-cased,zh,124,marker_pool,-1,0,1,9.87037467956543
bert-base-multilingual-cased,zh,124,marker_pool,0,1,1,10.97463321685791
bert-base-multilingual-cased,zh,124,marker_pool,1,2,1,11.97071647644043
bert-base-multilingual-cased,zh,124,marker_pool,-2,0,2,9.872550964355469
bert-base-multilingual-cased,zh,124,marker_pool,-1,1,2,6.23571252822876
bert-base-multilingual-cased,zh,124,marker_pool,0,2,2,11.387022972106934
bert-base-multilingual-cased,zh,124,marker_pool,-2,2,4,10.56557559967041
bert-base-multilingual-cased,zh,125,marker_pool,-2,-1,1,7.5404253005981445
bert-base-multilingual-cased,zh,125,marker_pool,-1,0,1,9.615699768066406
bert-base-multilingual-cased,zh,125,marker_pool,0,1,1,11.362677574157715
bert-base-multilingual-cased,zh,125,marker_pool,1,2,1,11.833407402038574
bert-base-multilingual-cased,zh,125,marker_pool,-2,0,2,9.37244987487793
bert-base-multilingual-cased,zh,125,marker_pool,-1,1,2,4.770010948181152
bert-base-multilingual-cased,zh,125,marker_pool,0,2,2,10.30986499786377
bert-base-multilingual-cased,zh,125,marker_pool,-2,2,4,9.135966300964355
bert-base-multilingual-cased,zh,126,marker_pool,-2,-1,1,8.985650062561035
bert-base-multilingual-cased,zh,126,marker_pool,-1,0,1,9.173816680908203
bert-base-multilingual-cased,zh,126,marker_pool,0,1,1,11.004456520080566
bert-base-multilingual-cased,zh,126,marker_pool,1,2,1,11.433145523071289
bert-base-multilingual-cased,zh,126,marker_pool,-2,0,2,11.047046661376953
bert-base-multilingual-cased,zh,126,marker_pool,-1,1,2,5.431743144989014
bert-base-multilingual-cased,zh,126,marker_pool,0,2,2,11.78952693939209
bert-base-multilingual-cased,zh,126,marker_pool,-2,2,4,10.51151180267334
bert-base-multilingual-cased,zh,127,marker_pool,-2,-1,1,8.32601261138916
bert-base-multilingual-cased,zh,127,marker_pool,-1,0,1,7.781828880310059
bert-base-multilingual-cased,zh,127,marker_pool,0,1,1,9.612452507019043
bert-base-multilingual-cased,zh,127,marker_pool,1,2,1,10.145536422729492
bert-base-multilingual-cased,zh,127,marker_pool,-2,0,2,9.588433265686035
bert-base-multilingual-cased,zh,127,marker_pool,-1,1,2,5.18310022354126
bert-base-multilingual-cased,zh,127,marker_pool,0,2,2,9.755326271057129
bert-base-multilingual-cased,zh,127,marker_pool,-2,2,4,9.221413612365723
bert-base-multilingual-cased,zh,128,marker_pool,-2,-1,1,7.514151096343994
bert-base-multilingual-cased,zh,128,marker_pool,-1,0,1,8.463884353637695
bert-base-multilingual-cased,zh,128,marker_pool,0,1,1,10.373045921325684
bert-base-multilingual-cased,zh,128,marker_pool,1,2,1,10.793932914733887
bert-base-multilingual-cased,zh,128,marker_pool,-2,0,2,9.88658332824707
bert-base-multilingual-cased,zh,128,marker_pool,-1,1,2,5.196935176849365
bert-base-multilingual-cased,zh,128,marker_pool,0,2,2,10.739346504211426
bert-base-multilingual-cased,zh,128,marker_pool,-2,2,4,9.978002548217773
bert-base-multilingual-cased,zh,129,marker_pool,-2,-1,1,8.89433765411377
bert-base-multilingual-cased,zh,129,marker_pool,-1,0,1,8.791391372680664
bert-base-multilingual-cased,zh,129,marker_pool,0,1,1,8.680514335632324
bert-base-multilingual-cased,zh,129,marker_pool,1,2,1,10.639274597167969
bert-base-multilingual-cased,zh,129,marker_pool,-2,0,2,9.37315845489502
bert-base-multilingual-cased,zh,129,marker_pool,-1,1,2,5.684448719024658
bert-base-multilingual-cased,zh,129,marker_pool,0,2,2,10.4232177734375
bert-base-multilingual-cased,zh,129,marker_pool,-2,2,4,10.01307487487793
bert-base-multilingual-cased,zh,130,marker_pool,-2,-1,1,10.71591854095459
bert-base-multilingual-cased,zh,130,marker_pool,-1,0,1,10.134139060974121
bert-base-multilingual-cased,zh,130,marker_pool,0,1,1,10.624859809875488
bert-base-multilingual-cased,zh,130,marker_pool,1,2,1,11.643046379089355
bert-base-multilingual-cased,zh,130,marker_pool,-2,0,2,10.974776268005371
bert-base-multilingual-cased,zh,130,marker_pool,-1,1,2,6.257998466491699
bert-base-multilingual-cased,zh,130,marker_pool,0,2,2,10.390650749206543
bert-base-multilingual-cased,zh,130,marker_pool,-2,2,4,11.053496360778809
bert-base-multilingual-cased,zh,131,marker_pool,-2,-1,1,7.59504508972168
bert-base-multilingual-cased,zh,131,marker_pool,-1,0,1,9.107912063598633
bert-base-multilingual-cased,zh,131,marker_pool,0,1,1,10.844307899475098
bert-base-multilingual-cased,zh,131,marker_pool,1,2,1,10.822638511657715
bert-base-multilingual-cased,zh,131,marker_pool,-2,0,2,9.960427284240723
bert-base-multilingual-cased,zh,131,marker_pool,-1,1,2,5.029000282287598
bert-base-multilingual-cased,zh,131,marker_pool,0,2,2,10.604944229125977
bert-base-multilingual-cased,zh,131,marker_pool,-2,2,4,9.309168815612793
bert-base-multilingual-cased,zh,132,marker_pool,-2,-1,1,8.055161476135254
bert-base-multilingual-cased,zh,132,marker_pool,-1,0,1,7.996676921844482
bert-base-multilingual-cased,zh,132,marker_pool,0,1,1,9.157968521118164
bert-base-multilingual-cased,zh,132,marker_pool,1,2,1,11.525530815124512
bert-base-multilingual-cased,zh,132,marker_pool,-2,0,2,8.243393898010254
bert-base-multilingual-cased,zh,132,marker_pool,-1,1,2,5.796446800231934
bert-base-multilingual-cased,zh,132,marker_pool,0,2,2,9.764708518981934
bert-base-multilingual-cased,zh,132,marker_pool,-2,2,4,9.643607139587402
bert-base-multilingual-cased,zh,133,marker_pool,-2,-1,1,7.425453186035156
bert-base-multilingual-cased,zh,133,marker_pool,-1,0,1,6.649787902832031
bert-base-multilingual-cased,zh,133,marker_pool,0,1,1,8.509180068969727
bert-base-multilingual-cased,zh,133,marker_pool,1,2,1,8.573650360107422
bert-base-multilingual-cased,zh,133,marker_pool,-2,0,2,8.755002975463867
bert-base-multilingual-cased,zh,133,marker_pool,-1,1,2,5.210647106170654
bert-base-multilingual-cased,zh,133,marker_pool,0,2,2,8.88135814666748
bert-base-multilingual-cased,zh,133,marker_pool,-2,2,4,8.187807083129883
bert-base-multilingual-cased,zh,134,marker_pool,-2,-1,1,9.299591064453125
bert-base-multilingual-cased,zh,134,marker_pool,-1,0,1,9.683106422424316
bert-base-multilingual-cased,zh,134,marker_pool,0,1,1,11.367881774902344
bert-base-multilingual-cased,zh,134,marker_pool,1,2,1,11.677427291870117
bert-base-multilingual-cased,zh,134,marker_pool,-2,0,2,10.557778358459473
bert-base-multilingual-cased,zh,134,marker_pool,-1,1,2,5.794042110443115
bert-base-multilingual-cased,zh,134,marker_pool,0,2,2,11.015087127685547
bert-base-multilingual-cased,zh,134,marker_pool,-2,2,4,9.364288330078125
bert-base-multilingual-cased,zh,135,marker_pool,-2,-1,1,7.640035629272461
bert-base-multilingual-cased,zh,135,marker_pool,-1,0,1,7.393556594848633
bert-base-multilingual-cased,zh,135,marker_pool,0,1,1,9.095073699951172
bert-base-multilingual-cased,zh,135,marker_pool,1,2,1,10.891093254089355
bert-base-multilingual-cased,zh,135,marker_pool,-2,0,2,9.011470794677734
bert-base-multilingual-cased,zh,135,marker_pool,-1,1,2,5.363592624664307
bert-base-multilingual-cased,zh,135,marker_pool,0,2,2,10.395934104919434
bert-base-multilingual-cased,zh,135,marker_pool,-2,2,4,10.51573657989502
bert-base-multilingual-cased,zh,136,marker_pool,-2,-1,1,6.35040807723999
bert-base-multilingual-cased,zh,136,marker_pool,-1,0,1,7.318742275238037
bert-base-multilingual-cased,zh,136,marker_pool,0,1,1,9.02490234375
bert-base-multilingual-cased,zh,136,marker_pool,1,2,1,9.606990814208984
bert-base-multilingual-cased,zh,136,marker_pool,-2,0,2,7.882789611816406
bert-base-multilingual-cased,zh,136,marker_pool,-1,1,2,4.4868550300598145
bert-base-multilingual-cased,zh,136,marker_pool,0,2,2,8.959221839904785
bert-base-multilingual-cased,zh,136,marker_pool,-2,2,4,8.259431838989258
bert-base-multilingual-cased,zh,137,marker_pool,-2,-1,1,7.5656609535217285
bert-base-multilingual-cased,zh,137,marker_pool,-1,0,1,7.10225248336792
bert-base-multilingual-cased,zh,137,marker_pool,0,1,1,8.963749885559082
bert-base-multilingual-cased,zh,137,marker_pool,1,2,1,10.394818305969238
bert-base-multilingual-cased,zh,137,marker_pool,-2,0,2,8.438977241516113
bert-base-multilingual-cased,zh,137,marker_pool,-1,1,2,5.208107948303223
bert-base-multilingual-cased,zh,137,marker_pool,0,2,2,9.333335876464844
bert-base-multilingual-cased,zh,137,marker_pool,-2,2,4,9.580814361572266
bert-base-multilingual-cased,zh,138,marker_pool,-2,-1,1,6.53383207321167
bert-base-multilingual-cased,zh,138,marker_pool,-1,0,1,7.825173377990723
bert-base-multilingual-cased,zh,138,marker_pool,0,1,1,9.668402671813965
bert-base-multilingual-cased,zh,138,marker_pool,1,2,1,9.596518516540527
bert-base-multilingual-cased,zh,138,marker_pool,-2,0,2,8.683378219604492
bert-base-multilingual-cased,zh,138,marker_pool,-1,1,2,4.418866157531738
bert-base-multilingual-cased,zh,138,marker_pool,0,2,2,9.117348670959473
bert-base-multilingual-cased,zh,138,marker_pool,-2,2,4,8.489311218261719
bert-base-multilingual-cased,zh,139,marker_pool,-2,-1,1,8.597733497619629
bert-base-multilingual-cased,zh,139,marker_pool,-1,0,1,7.884164333343506
bert-base-multilingual-cased,zh,139,marker_pool,0,1,1,9.634251594543457
bert-base-multilingual-cased,zh,139,marker_pool,1,2,1,11.359355926513672
bert-base-multilingual-cased,zh,139,marker_pool,-2,0,2,10.168135643005371
bert-base-multilingual-cased,zh,139,marker_pool,-1,1,2,5.02492094039917
bert-base-multilingual-cased,zh,139,marker_pool,0,2,2,11.115582466125488
bert-base-multilingual-cased,zh,139,marker_pool,-2,2,4,10.11623764038086
bert-base-multilingual-cased,zh,140,marker_pool,-2,-1,1,7.392657279968262
bert-base-multilingual-cased,zh,140,marker_pool,-1,0,1,8.32888126373291
bert-base-multilingual-cased,zh,140,marker_pool,0,1,1,10.182053565979004
bert-base-multilingual-cased,zh,140,marker_pool,1,2,1,11.062826156616211
bert-base-multilingual-cased,zh,140,marker_pool,-2,0,2,9.612116813659668
bert-base-multilingual-cased,zh,140,marker_pool,-1,1,2,5.356994152069092
bert-base-multilingual-cased,zh,140,marker_pool,0,2,2,11.458678245544434
bert-base-multilingual-cased,zh,140,marker_pool,-2,2,4,10.122993469238281
bert-base-multilingual-cased,zh,141,marker_pool,-2,-1,1,10.408658027648926
bert-base-multilingual-cased,zh,141,marker_pool,-1,0,1,11.840604782104492
bert-base-multilingual-cased,zh,141,marker_pool,0,1,1,12.623787879943848
bert-base-multilingual-cased,zh,141,marker_pool,1,2,1,12.038649559020996
bert-base-multilingual-cased,zh,141,marker_pool,-2,0,2,11.71741771697998
bert-base-multilingual-cased,zh,141,marker_pool,-1,1,2,5.698204517364502
bert-base-multilingual-cased,zh,141,marker_pool,0,2,2,11.956706047058105
bert-base-multilingual-cased,zh,141,marker_pool,-2,2,4,10.299958229064941
bert-base-multilingual-cased,zh,142,marker_pool,-2,-1,1,7.436162948608398
bert-base-multilingual-cased,zh,142,marker_pool,-1,0,1,8.785209655761719
bert-base-multilingual-cased,zh,142,marker_pool,0,1,1,10.589154243469238
bert-base-multilingual-cased,zh,142,marker_pool,1,2,1,11.13994312286377
bert-base-multilingual-cased,zh,142,marker_pool,-2,0,2,9.387292861938477
bert-base-multilingual-cased,zh,142,marker_pool,-1,1,2,4.721373558044434
bert-base-multilingual-cased,zh,142,marker_pool,0,2,2,10.282872200012207
bert-base-multilingual-cased,zh,142,marker_pool,-2,2,4,9.655468940734863
bert-base-multilingual-cased,zh,143,marker_pool,-2,-1,1,6.538358211517334
bert-base-multilingual-cased,zh,143,marker_pool,-1,0,1,8.320908546447754
bert-base-multilingual-cased,zh,143,marker_pool,0,1,1,9.381579399108887
bert-base-multilingual-cased,zh,143,marker_pool,1,2,1,9.658134460449219
bert-base-multilingual-cased,zh,143,marker_pool,-2,0,2,8.27994441986084
bert-base-multilingual-cased,zh,143,marker_pool,-1,1,2,4.000010967254639
bert-base-multilingual-cased,zh,143,marker_pool,0,2,2,8.668773651123047
bert-base-multilingual-cased,zh,143,marker_pool,-2,2,4,7.525227069854736
bert-base-multilingual-cased,zh,144,marker_pool,-2,-1,1,8.767937660217285
bert-base-multilingual-cased,zh,144,marker_pool,-1,0,1,10.48723030090332
bert-base-multilingual-cased,zh,144,marker_pool,0,1,1,12.019537925720215
bert-base-multilingual-cased,zh,144,marker_pool,1,2,1,11.757024765014648
bert-base-multilingual-cased,zh,144,marker_pool,-2,0,2,11.226705551147461
bert-base-multilingual-cased,zh,144,marker_pool,-1,1,2,5.298295021057129
bert-base-multilingual-cased,zh,144,marker_pool,0,2,2,11.498655319213867
bert-base-multilingual-cased,zh,144,marker_pool,-2,2,4,9.90431022644043
bert-base-multilingual-cased,zh,145,marker_pool,-2,-1,1,10.050215721130371
bert-base-multilingual-cased,zh,145,marker_pool,-1,0,1,8.723505973815918
bert-base-multilingual-cased,zh,145,marker_pool,0,1,1,9.93307876586914
bert-base-multilingual-cased,zh,145,marker_pool,1,2,1,11.273286819458008
bert-base-multilingual-cased,zh,145,marker_pool,-2,0,2,10.6575927734375
bert-base-multilingual-cased,zh,145,marker_pool,-1,1,2,7.280501365661621
bert-base-multilingual-cased,zh,145,marker_pool,0,2,2,11.41974925994873
bert-base-multilingual-cased,zh,145,marker_pool,-2,2,4,10.752803802490234
bert-base-multilingual-cased,zh,146,marker_pool,-2,-1,1,7.245789527893066
bert-base-multilingual-cased,zh,146,marker_pool,-1,0,1,6.978338718414307
bert-base-multilingual-cased,zh,146,marker_pool,0,1,1,8.741677284240723
bert-base-multilingual-cased,zh,146,marker_pool,1,2,1,8.533707618713379
bert-base-multilingual-cased,zh,146,marker_pool,-2,0,2,8.971814155578613
bert-base-multilingual-cased,zh,146,marker_pool,-1,1,2,4.774288654327393
bert-base-multilingual-cased,zh,146,marker_pool,0,2,2,9.202140808105469
bert-base-multilingual-cased,zh,146,marker_pool,-2,2,4,8.6264066696167
bert-base-multilingual-cased,zh,147,marker_pool,-2,-1,1,10.423049926757812
bert-base-multilingual-cased,zh,147,marker_pool,-1,0,1,10.755971908569336
bert-base-multilingual-cased,zh,147,marker_pool,0,1,1,10.504547119140625
bert-base-multilingual-cased,zh,147,marker_pool,1,2,1,11.126220703125
bert-base-multilingual-cased,zh,147,marker_pool,-2,0,2,10.223278045654297
bert-base-multilingual-cased,zh,147,marker_pool,-1,1,2,7.149677753448486
bert-base-multilingual-cased,zh,147,marker_pool,0,2,2,11.001702308654785
bert-base-multilingual-cased,zh,147,marker_pool,-2,2,4,10.104944229125977
bert-base-multilingual-cased,zh,148,marker_pool,-2,-1,1,8.900945663452148
bert-base-multilingual-cased,zh,148,marker_pool,-1,0,1,8.682052612304688
bert-base-multilingual-cased,zh,148,marker_pool,0,1,1,9.841594696044922
bert-base-multilingual-cased,zh,148,marker_pool,1,2,1,12.948481559753418
bert-base-multilingual-cased,zh,148,marker_pool,-2,0,2,10.004003524780273
bert-base-multilingual-cased,zh,148,marker_pool,-1,1,2,6.734350681304932
bert-base-multilingual-cased,zh,148,marker_pool,0,2,2,11.444392204284668
bert-base-multilingual-cased,zh,148,marker_pool,-2,2,4,11.545047760009766
bert-base-multilingual-cased,zh,149,marker_pool,-2,-1,1,10.588728904724121
bert-base-multilingual-cased,zh,149,marker_pool,-1,0,1,11.608162879943848
bert-base-multilingual-cased,zh,149,marker_pool,0,1,1,11.870230674743652
bert-base-multilingual-cased,zh,149,marker_pool,1,2,1,12.052305221557617
bert-base-multilingual-cased,zh,149,marker_pool,-2,0,2,10.402921676635742
bert-base-multilingual-cased,zh,149,marker_pool,-1,1,2,6.254069805145264
bert-base-multilingual-cased,zh,149,marker_pool,0,2,2,11.03210735321045
bert-base-multilingual-cased,zh,149,marker_pool,-2,2,4,9.607281684875488
bert-base-multilingual-cased,zh,150,marker_pool,-2,-1,1,8.747381210327148
bert-base-multilingual-cased,zh,150,marker_pool,-1,0,1,8.823053359985352
bert-base-multilingual-cased,zh,150,marker_pool,0,1,1,10.023077964782715
bert-base-multilingual-cased,zh,150,marker_pool,1,2,1,11.918768882751465
bert-base-multilingual-cased,zh,150,marker_pool,-2,0,2,10.136033058166504
bert-base-multilingual-cased,zh,150,marker_pool,-1,1,2,5.91789436340332
bert-base-multilingual-cased,zh,150,marker_pool,0,2,2,12.395795822143555
bert-base-multilingual-cased,zh,150,marker_pool,-2,2,4,10.720881462097168
bert-base-multilingual-cased,zh,151,marker_pool,-2,-1,1,7.097805500030518
bert-base-multilingual-cased,zh,151,marker_pool,-1,0,1,7.988561630249023
bert-base-multilingual-cased,zh,151,marker_pool,0,1,1,9.863361358642578
bert-base-multilingual-cased,zh,151,marker_pool,1,2,1,10.94294548034668
bert-base-multilingual-cased,zh,151,marker_pool,-2,0,2,9.109054565429688
bert-base-multilingual-cased,zh,151,marker_pool,-1,1,2,5.018592357635498
bert-base-multilingual-cased,zh,151,marker_pool,0,2,2,10.535544395446777
bert-base-multilingual-cased,zh,151,marker_pool,-2,2,4,9.216117858886719
bert-base-multilingual-cased,zh,152,marker_pool,-2,-1,1,9.100866317749023
bert-base-multilingual-cased,zh,152,marker_pool,-1,0,1,9.95028305053711
bert-base-multilingual-cased,zh,152,marker_pool,0,1,1,11.165465354919434
bert-base-multilingual-cased,zh,152,marker_pool,1,2,1,12.386505126953125
bert-base-multilingual-cased,zh,152,marker_pool,-2,0,2,10.64937686920166
bert-base-multilingual-cased,zh,152,marker_pool,-1,1,2,6.216824054718018
bert-base-multilingual-cased,zh,152,marker_pool,0,2,2,11.578994750976562
bert-base-multilingual-cased,zh,152,marker_pool,-2,2,4,10.925244331359863
bert-base-multilingual-cased,zh,153,marker_pool,-2,-1,1,8.721816062927246
bert-base-multilingual-cased,zh,153,marker_pool,-1,0,1,8.867093086242676
bert-base-multilingual-cased,zh,153,marker_pool,0,1,1,10.727799415588379
bert-base-multilingual-cased,zh,153,marker_pool,1,2,1,11.918659210205078
bert-base-multilingual-cased,zh,153,marker_pool,-2,0,2,10.113241195678711
bert-base-multilingual-cased,zh,153,marker_pool,-1,1,2,5.466140270233154
bert-base-multilingual-cased,zh,153,marker_pool,0,2,2,11.688040733337402
bert-base-multilingual-cased,zh,153,marker_pool,-2,2,4,10.502374649047852
bert-base-multilingual-cased,zh,154,marker_pool,-2,-1,1,12.292661666870117
bert-base-multilingual-cased,zh,154,marker_pool,-1,0,1,9.623215675354004
bert-base-multilingual-cased,zh,154,marker_pool,0,1,1,10.50165843963623
bert-base-multilingual-cased,zh,154,marker_pool,1,2,1,12.337207794189453
bert-base-multilingual-cased,zh,154,marker_pool,-2,0,2,11.602246284484863
bert-base-multilingual-cased,zh,154,marker_pool,-1,1,2,8.732704162597656
bert-base-multilingual-cased,zh,154,marker_pool,0,2,2,12.039763450622559
bert-base-multilingual-cased,zh,154,marker_pool,-2,2,4,11.715439796447754
bert-base-multilingual-cased,zh,155,marker_pool,-2,-1,1,7.0232625007629395
bert-base-multilingual-cased,zh,155,marker_pool,-1,0,1,7.2026214599609375
bert-base-multilingual-cased,zh,155,marker_pool,0,1,1,9.185301780700684
bert-base-multilingual-cased,zh,155,marker_pool,1,2,1,10.083551406860352
bert-base-multilingual-cased,zh,155,marker_pool,-2,0,2,8.336764335632324
bert-base-multilingual-cased,zh,155,marker_pool,-1,1,2,5.519619941711426
bert-base-multilingual-cased,zh,155,marker_pool,0,2,2,9.627130508422852
bert-base-multilingual-cased,zh,155,marker_pool,-2,2,4,8.656070709228516
bert-base-multilingual-cased,zh,156,marker_pool,-2,-1,1,9.933974266052246
bert-base-multilingual-cased,zh,156,marker_pool,-1,0,1,9.479830741882324
bert-base-multilingual-cased,zh,156,marker_pool,0,1,1,9.924765586853027
bert-base-multilingual-cased,zh,156,marker_pool,1,2,1,12.379714012145996
bert-base-multilingual-cased,zh,156,marker_pool,-2,0,2,10.221123695373535
bert-base-multilingual-cased,zh,156,marker_pool,-1,1,2,5.516993522644043
bert-base-multilingual-cased,zh,156,marker_pool,0,2,2,10.582306861877441
bert-base-multilingual-cased,zh,156,marker_pool,-2,2,4,11.496623992919922
bert-base-multilingual-cased,zh,157,marker_pool,-2,-1,1,6.70545768737793
bert-base-multilingual-cased,zh,157,marker_pool,-1,0,1,7.846230983734131
bert-base-multilingual-cased,zh,157,marker_pool,0,1,1,9.434600830078125
bert-base-multilingual-cased,zh,157,marker_pool,1,2,1,9.347542762756348
bert-base-multilingual-cased,zh,157,marker_pool,-2,0,2,8.254186630249023
bert-base-multilingual-cased,zh,157,marker_pool,-1,1,2,4.3420515060424805
bert-base-multilingual-cased,zh,157,marker_pool,0,2,2,8.334243774414062
bert-base-multilingual-cased,zh,157,marker_pool,-2,2,4,7.6566643714904785
bert-base-multilingual-cased,zh,158,marker_pool,-2,-1,1,8.82649040222168
bert-base-multilingual-cased,zh,158,marker_pool,-1,0,1,7.864178657531738
bert-base-multilingual-cased,zh,158,marker_pool,0,1,1,9.40404987335205
bert-base-multilingual-cased,zh,158,marker_pool,1,2,1,11.18464469909668
bert-base-multilingual-cased,zh,158,marker_pool,-2,0,2,10.429682731628418
bert-base-multilingual-cased,zh,158,marker_pool,-1,1,2,5.375641822814941
bert-base-multilingual-cased,zh,158,marker_pool,0,2,2,11.101222038269043
bert-base-multilingual-cased,zh,158,marker_pool,-2,2,4,10.59986400604248
bert-base-multilingual-cased,zh,159,marker_pool,-2,-1,1,7.835175514221191
bert-base-multilingual-cased,zh,159,marker_pool,-1,0,1,9.255993843078613
bert-base-multilingual-cased,zh,159,marker_pool,0,1,1,10.281743049621582
bert-base-multilingual-cased,zh,159,marker_pool,1,2,1,11.1707181930542
bert-base-multilingual-cased,zh,159,marker_pool,-2,0,2,9.540020942687988
bert-base-multilingual-cased,zh,159,marker_pool,-1,1,2,4.739334583282471
bert-base-multilingual-cased,zh,159,marker_pool,0,2,2,10.701534271240234
bert-base-multilingual-cased,zh,159,marker_pool,-2,2,4,9.678692817687988
