model,true_class,predicted_class,correct,score_active_to_passive,score_certainty_to_uncertainty,score_formalization,score_negation,score_past_to_future,score_question
gpt2,negation,negation,True,0.9170767068862915,0.965775728225708,0.9315985441207886,0.9932926893234253,0.9663504958152771,0.9342832565307617
gpt2,negation,negation,True,0.9304955005645752,0.9611803293228149,0.9230241775512695,0.9839270114898682,0.9506974816322327,0.914710521697998
gpt2,negation,negation,True,0.8748899698257446,0.9239104986190796,0.8933295011520386,0.9764024019241333,0.9311090707778931,0.9069504737854004
gpt2,negation,negation,True,0.8995622396469116,0.9463834762573242,0.9169366955757141,0.9854965806007385,0.9510311484336853,0.9198072552680969
gpt2,negation,negation,True,0.9174765348434448,0.9665431380271912,0.9289520978927612,0.99507737159729,0.9691241979598999,0.9261177778244019
gpt2,question,certainty_to_uncertainty,False,0.8982717990875244,0.9636023640632629,0.9408963918685913,0.961358904838562,0.9620653390884399,0.9632149934768677
gpt2,question,question,True,0.9052835702896118,0.9711720943450928,0.9769918322563171,0.9282103776931763,0.9588181972503662,0.979689359664917
gpt2,question,certainty_to_uncertainty,False,0.9077388048171997,0.9874644875526428,0.9741878509521484,0.9550880789756775,0.9830941557884216,0.9844177961349487
gpt2,question,formalization,False,0.8915425539016724,0.9646499752998352,0.9846493005752563,0.8946951627731323,0.9481233954429626,0.9832823276519775
gpt2,question,question,True,0.903551459312439,0.9763717651367188,0.9769786596298218,0.950051486492157,0.9730496406555176,0.9877080917358398
gpt2,past_to_future,past_to_future,True,0.9213707447052002,0.9833042621612549,0.9520742893218994,0.9806134700775146,0.9856064319610596,0.9487385153770447
gpt2,past_to_future,certainty_to_uncertainty,False,0.9385032653808594,0.9870657920837402,0.9682442545890808,0.9637283086776733,0.9817457795143127,0.9613938331604004
gpt2,past_to_future,past_to_future,True,0.8976969718933105,0.9680719375610352,0.946393609046936,0.9687002301216125,0.9799516201019287,0.9511775970458984
gpt2,past_to_future,certainty_to_uncertainty,False,0.9364480972290039,0.9927343130111694,0.9845585823059082,0.9578622579574585,0.987360417842865,0.9725881814956665
gpt2,past_to_future,past_to_future,True,0.7990252375602722,0.9191661477088928,0.8966307044029236,0.9265292882919312,0.9515279531478882,0.9259719252586365
gpt2,certainty_to_uncertainty,certainty_to_uncertainty,True,0.9357452392578125,0.9963141679763794,0.9770804643630981,0.9702275991439819,0.9867023825645447,0.9658607244491577
gpt2,certainty_to_uncertainty,certainty_to_uncertainty,True,0.9456114768981934,0.9900909662246704,0.9624418020248413,0.9743430614471436,0.9796011447906494,0.9469970464706421
gpt2,certainty_to_uncertainty,formalization,False,0.9233808517456055,0.984929621219635,0.9886617660522461,0.9273743629455566,0.9677236080169678,0.9748095273971558
gpt2,certainty_to_uncertainty,certainty_to_uncertainty,True,0.9273127317428589,0.9873574376106262,0.9823300838470459,0.9439866542816162,0.9723368287086487,0.9759150743484497
gpt2,certainty_to_uncertainty,certainty_to_uncertainty,True,0.9500713348388672,0.9857163429260254,0.9570139646530151,0.9752305746078491,0.9710001349449158,0.9420149326324463
gpt2,active_to_passive,active_to_passive,True,0.6065802574157715,0.4753309190273285,0.495097279548645,0.5307000875473022,0.4544110894203186,0.4673650562763214
gpt2,active_to_passive,negation,False,0.8142659664154053,0.815974771976471,0.8213797211647034,0.8297523260116577,0.8029735088348389,0.820120096206665
gpt2,active_to_passive,active_to_passive,True,0.8747938871383667,0.8339968323707581,0.8435846567153931,0.8337319493293762,0.8100045323371887,0.8234168291091919
gpt2,active_to_passive,active_to_passive,True,0.9525202512741089,0.9162256717681885,0.9048106670379639,0.9187408685684204,0.8960717916488647,0.8749383091926575
gpt2,active_to_passive,active_to_passive,True,0.9055339097976685,0.8432065844535828,0.8196371793746948,0.8911277651786804,0.8270289897918701,0.7961102724075317
gpt2,formalization,formalization,True,0.9228591918945312,0.9825933575630188,0.9863973259925842,0.9230433702468872,0.9653018712997437,0.9675540328025818
gpt2,formalization,certainty_to_uncertainty,False,0.9593726992607117,0.974820613861084,0.9573520421981812,0.9683180451393127,0.9559496641159058,0.9387927055358887
gpt2,formalization,formalization,True,0.9372058510780334,0.9907352328300476,0.993543803691864,0.9397275447845459,0.9754731059074402,0.9737963676452637
gpt2,formalization,formalization,True,0.9191523790359497,0.9808187484741211,0.9898440837860107,0.9380178451538086,0.9709738492965698,0.9759151935577393
gpt2,formalization,formalization,True,0.7851648330688477,0.8750072121620178,0.9163636565208435,0.7992274761199951,0.8611127734184265,0.9137600064277649
gpt2,negation,negation,True,0.9446496963500977,0.9751161336898804,0.9527878761291504,0.9849776029586792,0.9692853689193726,0.9420289397239685
gpt2,negation,negation,True,0.9542825222015381,0.9688609838485718,0.9397150278091431,0.9787673950195312,0.9526833295822144,0.9203717708587646
gpt2,negation,negation,True,0.9069292545318604,0.9257698059082031,0.9058600664138794,0.9713814854621887,0.9295281171798706,0.9034415483474731
gpt2,negation,negation,True,0.9631379842758179,0.9550973773002625,0.9261356592178345,0.9733775854110718,0.9437164068222046,0.8985867500305176
gpt2,negation,negation,True,0.9270062446594238,0.9694610834121704,0.9469585418701172,0.9870089292526245,0.9702466726303101,0.9365618228912354
gpt2,question,question,True,0.8991565108299255,0.9543013572692871,0.9450867176055908,0.9451135396957397,0.9535064697265625,0.9681791663169861
gpt2,question,formalization,False,0.8718336820602417,0.9276268482208252,0.9563931226730347,0.8678903579711914,0.9139411449432373,0.955558180809021
gpt2,question,question,True,0.8703494668006897,0.9685019254684448,0.9682821035385132,0.9260737895965576,0.9711858630180359,0.990718424320221
gpt2,question,formalization,False,0.8005399703979492,0.864098072052002,0.9192074537277222,0.7594116926193237,0.8443475961685181,0.9111340045928955
gpt2,question,question,True,0.8872759342193604,0.951958417892456,0.9686978459358215,0.9147536754608154,0.949762225151062,0.9774823188781738
gpt2,past_to_future,past_to_future,True,0.9222385883331299,0.9831253886222839,0.9612223505973816,0.9763631820678711,0.9880572557449341,0.9543217420578003
gpt2,past_to_future,certainty_to_uncertainty,False,0.9422413110733032,0.9806699752807617,0.9683775901794434,0.9595545530319214,0.976280927658081,0.9571014642715454
gpt2,past_to_future,past_to_future,True,0.9327236413955688,0.9689410924911499,0.9685657024383545,0.936019778251648,0.9691266417503357,0.9439237117767334
gpt2,past_to_future,formalization,False,0.9426337480545044,0.9838362336158752,0.9867410063743591,0.9325025677680969,0.9732227325439453,0.9618908166885376
gpt2,past_to_future,past_to_future,True,0.840499222278595,0.928565263748169,0.9180279970169067,0.9179781079292297,0.9508122801780701,0.9209809303283691
gpt2,certainty_to_uncertainty,certainty_to_uncertainty,True,0.9365317225456238,0.9952741861343384,0.9831057786941528,0.9592186212539673,0.9855979084968567,0.9688262939453125
gpt2,certainty_to_uncertainty,certainty_to_uncertainty,True,0.9408193826675415,0.9953863024711609,0.976446807384491,0.9717454314231873,0.9863833785057068,0.9633667469024658
gpt2,certainty_to_uncertainty,formalization,False,0.8877699375152588,0.9395862221717834,0.9667476415634155,0.8555153012275696,0.9202069640159607,0.9415692687034607
gpt2,certainty_to_uncertainty,formalization,False,0.9034279584884644,0.9571781158447266,0.9721673727035522,0.8919421434402466,0.9421109557151794,0.9588669538497925
gpt2,certainty_to_uncertainty,certainty_to_uncertainty,True,0.9637249708175659,0.983910083770752,0.958863377571106,0.9708877205848694,0.966018557548523,0.9350831508636475
gpt2,active_to_passive,active_to_passive,True,0.5528963804244995,0.30943435430526733,0.3393521010875702,0.29672038555145264,0.2599062919616699,0.22997406125068665
gpt2,active_to_passive,active_to_passive,True,0.6410320997238159,0.4632152318954468,0.5054717659950256,0.4303511679172516,0.4218239188194275,0.4150301218032837
gpt2,active_to_passive,active_to_passive,True,0.7189340591430664,0.524592399597168,0.5577467083930969,0.4815807342529297,0.47358715534210205,0.4538867175579071
gpt2,active_to_passive,active_to_passive,True,0.7989070415496826,0.6321649551391602,0.6541556715965271,0.5981525778770447,0.5914710760116577,0.5600529313087463
gpt2,active_to_passive,active_to_passive,True,0.7048090696334839,0.49177759885787964,0.5066977143287659,0.5004477500915527,0.453301340341568,0.4077194631099701
gpt2,formalization,formalization,True,0.8810283541679382,0.9311330318450928,0.962510347366333,0.8367210030555725,0.9109622836112976,0.9282122254371643
gpt2,formalization,active_to_passive,False,0.9744359254837036,0.9477741718292236,0.9412573575973511,0.93705153465271,0.9221858382225037,0.9039701223373413
gpt2,formalization,formalization,True,0.9218586683273315,0.9616023302078247,0.982475757598877,0.8942247629165649,0.944291353225708,0.9508864879608154
gpt2,formalization,formalization,True,0.8402324318885803,0.8817062973976135,0.9307873845100403,0.8063446283340454,0.8714293241500854,0.8977369666099548
gpt2,formalization,formalization,True,0.13632884621620178,0.21106615662574768,0.3336513638496399,0.07713079452514648,0.2041160762310028,0.3241771459579468
gpt2,negation,negation,True,0.8804115056991577,0.9571831226348877,0.919038712978363,0.9891258478164673,0.969184398651123,0.9336135387420654
gpt2,negation,negation,True,0.9112591743469238,0.9608669281005859,0.918990969657898,0.9856749773025513,0.9567273259162903,0.9172292947769165
gpt2,negation,negation,True,0.8158389925956726,0.897942304611206,0.8521641492843628,0.959078311920166,0.9234801530838013,0.8812820911407471
gpt2,negation,negation,True,0.8903669118881226,0.9515460729598999,0.9121407270431519,0.9885079860687256,0.9629801511764526,0.918533205986023
gpt2,negation,negation,True,0.837700366973877,0.9385108947753906,0.9004875421524048,0.9700556993484497,0.9602054953575134,0.916340172290802
gpt2,question,past_to_future,False,0.879731297492981,0.9638292193412781,0.9420406222343445,0.9356111288070679,0.9672294855117798,0.9626370668411255
gpt2,question,question,True,0.8731684684753418,0.9713922739028931,0.9729965925216675,0.9128775596618652,0.9673934578895569,0.9865058660507202
gpt2,question,past_to_future,False,0.8577393293380737,0.9678465127944946,0.9481951594352722,0.9300937652587891,0.9749965667724609,0.971179723739624
gpt2,question,question,True,0.8184847235679626,0.9311658143997192,0.9575192332267761,0.8328001499176025,0.9238219261169434,0.9663453698158264
gpt2,question,question,True,0.8729141354560852,0.9688210487365723,0.976352334022522,0.9164869785308838,0.9699686169624329,0.9913026690483093
gpt2,past_to_future,past_to_future,True,0.9077969789505005,0.9703479409217834,0.9367677569389343,0.9604189395904541,0.9780380725860596,0.9307250380516052
gpt2,past_to_future,past_to_future,True,0.9219405651092529,0.9838881492614746,0.9631145596504211,0.9496297836303711,0.9853612184524536,0.9574635028839111
gpt2,past_to_future,past_to_future,True,0.8910808563232422,0.9714229702949524,0.9419173002243042,0.962296187877655,0.9882041215896606,0.9469491839408875
gpt2,past_to_future,past_to_future,True,0.9180465936660767,0.989349365234375,0.972028911113739,0.9597852826118469,0.9934659004211426,0.9684426188468933
gpt2,past_to_future,past_to_future,True,0.7685155868530273,0.8995979428291321,0.8659589886665344,0.9000813364982605,0.9420182704925537,0.893831193447113
gpt2,certainty_to_uncertainty,certainty_to_uncertainty,True,0.9185640215873718,0.9950494766235352,0.9749594926834106,0.9717011451721191,0.9929301738739014,0.972908616065979
gpt2,certainty_to_uncertainty,certainty_to_uncertainty,True,0.9265477657318115,0.9911855459213257,0.9622886776924133,0.9777488708496094,0.9873121976852417,0.9578427076339722
gpt2,certainty_to_uncertainty,formalization,False,0.8787211179733276,0.9755640625953674,0.9791187644004822,0.903180718421936,0.9681109189987183,0.9767626523971558
gpt2,certainty_to_uncertainty,certainty_to_uncertainty,True,0.8965456485748291,0.9849168062210083,0.9759221076965332,0.9286070466041565,0.9779801964759827,0.9784202575683594
gpt2,certainty_to_uncertainty,certainty_to_uncertainty,True,0.9446589946746826,0.9817116260528564,0.9477836489677429,0.9765111207962036,0.9700559377670288,0.9345725178718567
gpt2,active_to_passive,active_to_passive,True,0.8251309394836426,0.7220641374588013,0.7361370325088501,0.6936178803443909,0.7016081213951111,0.6977669596672058
gpt2,active_to_passive,formalization,False,0.9373288154602051,0.9386239051818848,0.9390034079551697,0.897197961807251,0.9250797033309937,0.9229785799980164
gpt2,active_to_passive,active_to_passive,True,0.8942673206329346,0.8419431447982788,0.8463804721832275,0.7684246897697449,0.8111792206764221,0.7960115671157837
gpt2,active_to_passive,active_to_passive,True,0.9572916030883789,0.9528624415397644,0.9408087134361267,0.9176596403121948,0.9383059740066528,0.9155142903327942
gpt2,active_to_passive,active_to_passive,True,0.9414383172988892,0.9307804107666016,0.9127560257911682,0.9149318933486938,0.9206990003585815,0.8947778344154358
gpt2,formalization,formalization,True,0.8791902661323547,0.9713441729545593,0.9763611555099487,0.8903284072875977,0.9622490406036377,0.9661348462104797
gpt2,formalization,certainty_to_uncertainty,False,0.9362766146659851,0.9753274321556091,0.9549325704574585,0.9679992198944092,0.9650923013687134,0.9499436616897583
gpt2,formalization,formalization,True,0.9023773670196533,0.9765236377716064,0.9842779636383057,0.9054796099662781,0.9668810367584229,0.9688518643379211
gpt2,formalization,formalization,True,0.8848475813865662,0.9708439111709595,0.9830805659294128,0.9020591378211975,0.9670514464378357,0.9725610613822937
gpt2,formalization,question,False,0.6858066320419312,0.8348513245582581,0.8794759511947632,0.7221595048904419,0.8363200426101685,0.8940987586975098
gpt2,negation,negation,True,0.9133685231208801,0.9723517298698425,0.9461803436279297,0.9889400005340576,0.9756921529769897,0.9514007568359375
gpt2,negation,negation,True,0.9419122934341431,0.9777082204818726,0.9465433955192566,0.9823580980300903,0.9667694568634033,0.9340603351593018
gpt2,negation,negation,True,0.8604561686515808,0.9302513003349304,0.9010698199272156,0.9707579612731934,0.9457974433898926,0.9201427102088928
gpt2,negation,negation,True,0.9149911403656006,0.9653719663619995,0.9404106140136719,0.9885653257369995,0.9707915186882019,0.9406119585037231
gpt2,negation,past_to_future,False,0.9018614888191223,0.9774346947669983,0.9533134698867798,0.9845237731933594,0.9847785234451294,0.9550942182540894
gpt2,question,question,True,0.8212069869041443,0.9326345324516296,0.9221935868263245,0.9199953079223633,0.9469022154808044,0.9666353464126587
gpt2,question,question,True,0.828788697719574,0.9125370979309082,0.9209616184234619,0.8824431896209717,0.9104146361351013,0.9424217343330383
gpt2,question,question,True,0.8025400638580322,0.9379793405532837,0.9356180429458618,0.8954999446868896,0.9523048996925354,0.9737305045127869
gpt2,question,question,True,0.8119773864746094,0.9098013639450073,0.9391648769378662,0.839874804019928,0.903096079826355,0.9566512107849121
gpt2,question,question,True,0.8672124147415161,0.9482146501541138,0.9474045038223267,0.934974730014801,0.9522721171379089,0.9713274836540222
gpt2,past_to_future,past_to_future,True,0.8891339898109436,0.9812479019165039,0.958936333656311,0.9622807502746582,0.9919569492340088,0.9626559019088745
gpt2,past_to_future,past_to_future,True,0.9005742073059082,0.9818928241729736,0.9674105048179626,0.9470127820968628,0.9851458072662354,0.9715269804000854
gpt2,past_to_future,past_to_future,True,0.89984130859375,0.9740557670593262,0.9579449892044067,0.9611071348190308,0.9875898361206055,0.9577147960662842
gpt2,past_to_future,past_to_future,True,0.9035673141479492,0.985230565071106,0.9859272837638855,0.9313406944274902,0.9863077402114868,0.9793610572814941
gpt2,past_to_future,past_to_future,True,0.4725443124771118,0.6759621500968933,0.667576789855957,0.6734901666641235,0.7463761568069458,0.7327331304550171
gpt2,certainty_to_uncertainty,past_to_future,False,0.8950378894805908,0.9877264499664307,0.976889431476593,0.9512081146240234,0.988717794418335,0.9766287207603455
gpt2,certainty_to_uncertainty,past_to_future,False,0.893367350101471,0.985062837600708,0.9652646780014038,0.9606032371520996,0.9888283014297485,0.9680293798446655
gpt2,certainty_to_uncertainty,formalization,False,0.8858239650726318,0.9611021280288696,0.9646245241165161,0.9103677272796631,0.950864315032959,0.9617269039154053
gpt2,certainty_to_uncertainty,certainty_to_uncertainty,True,0.8908054828643799,0.9603759050369263,0.9541304111480713,0.9258325099945068,0.9516962170600891,0.9590251445770264
gpt2,certainty_to_uncertainty,certainty_to_uncertainty,True,0.9388598799705505,0.9896527528762817,0.9633130431175232,0.9734878540039062,0.9798609018325806,0.9520615339279175
gpt2,active_to_passive,active_to_passive,True,-0.1653265655040741,-0.3858416974544525,-0.36994868516921997,-0.29308509826660156,-0.3991561233997345,-0.4016503095626831
gpt2,active_to_passive,active_to_passive,True,0.19685913622379303,0.08939726650714874,0.09009341895580292,0.18888965249061584,0.09005036950111389,0.10002511739730835
gpt2,active_to_passive,active_to_passive,True,-0.06545212864875793,-0.3054198920726776,-0.2749815285205841,-0.24699854850769043,-0.33470800518989563,-0.32587024569511414
gpt2,active_to_passive,active_to_passive,True,0.9299484491348267,0.8405324816703796,0.8240693211555481,0.8433679342269897,0.8145716190338135,0.7791751623153687
gpt2,active_to_passive,active_to_passive,True,0.5810992121696472,0.3910570740699768,0.3685741722583771,0.49304643273353577,0.3728675842285156,0.32930776476860046
gpt2,formalization,formalization,True,0.8767458200454712,0.9553312063217163,0.962804913520813,0.8955367803573608,0.9455901384353638,0.9540449380874634
gpt2,formalization,negation,False,0.9408526420593262,0.932194709777832,0.9137402772903442,0.9475363492965698,0.9138813614845276,0.8954148888587952
gpt2,formalization,formalization,True,0.9243026375770569,0.9877690076828003,0.9926927089691162,0.9414507746696472,0.9776800870895386,0.9795030951499939
gpt2,formalization,formalization,True,0.8742563724517822,0.9469157457351685,0.9623931050300598,0.9116566181182861,0.9456109404563904,0.9574834108352661
gpt2,formalization,question,False,0.35049891471862793,0.4725205898284912,0.5451551675796509,0.3932192921638489,0.4769757390022278,0.5704414248466492
gpt2,negation,negation,True,0.7309588193893433,0.7970284819602966,0.7862734198570251,0.872187077999115,0.8237264752388,0.8078855276107788
gpt2,negation,negation,True,0.9052274823188782,0.9000594019889832,0.8689858317375183,0.9329470992088318,0.8833240866661072,0.8449575901031494
gpt2,negation,negation,True,0.7914295792579651,0.8481054902076721,0.8449721336364746,0.8858107328414917,0.8678648471832275,0.8557627201080322
gpt2,negation,negation,True,0.9080207943916321,0.935772180557251,0.9094412326812744,0.9646167159080505,0.9380823969841003,0.8978215456008911
gpt2,negation,negation,True,0.7292439937591553,0.8333235383033752,0.8102013468742371,0.8914840817451477,0.8657868504524231,0.8295949697494507
gpt2,question,question,True,0.6053116321563721,0.7529757022857666,0.7788494229316711,0.7067031860351562,0.7744525074958801,0.8504906892776489
gpt2,question,question,True,0.8175952434539795,0.9115878343582153,0.9498133659362793,0.8122743964195251,0.8977483510971069,0.9553226232528687
gpt2,question,question,True,0.7959674000740051,0.92679762840271,0.9316403269767761,0.8593640327453613,0.9323165416717529,0.9607816934585571
gpt2,question,formalization,False,0.6569255590438843,0.7510843873023987,0.8151362538337708,0.6064708828926086,0.7314260005950928,0.8092374801635742
gpt2,question,question,True,0.8654744029045105,0.9416226148605347,0.9630706310272217,0.8757671117782593,0.9349324107170105,0.9678808450698853
gpt2,past_to_future,past_to_future,True,0.8603483438491821,0.9582617878913879,0.9312241077423096,0.9510527849197388,0.978510856628418,0.9349108338356018
gpt2,past_to_future,past_to_future,True,0.9001390933990479,0.9749027490615845,0.9679107069969177,0.9240256547927856,0.9792590737342834,0.9664043188095093
gpt2,past_to_future,past_to_future,True,0.8542161583900452,0.9402912855148315,0.938440203666687,0.8937968611717224,0.9597699642181396,0.9320167899131775
gpt2,past_to_future,past_to_future,True,0.8953566551208496,0.975915789604187,0.9774784445762634,0.9265621900558472,0.9799998998641968,0.9713886976242065
gpt2,past_to_future,past_to_future,True,0.5176374912261963,0.7015737295150757,0.7137599587440491,0.6495444774627686,0.7600693702697754,0.7513574361801147
gpt2,certainty_to_uncertainty,formalization,False,0.855330228805542,0.9532937407493591,0.9588454365730286,0.8962970972061157,0.9494169354438782,0.9491777420043945
gpt2,certainty_to_uncertainty,certainty_to_uncertainty,True,0.9164164066314697,0.9850029945373535,0.9677330255508423,0.9562214612960815,0.9772307872772217,0.9555667638778687
gpt2,certainty_to_uncertainty,formalization,False,0.8742519617080688,0.9490047097206116,0.9715399742126465,0.8500415682792664,0.9285114407539368,0.9506760835647583
gpt2,certainty_to_uncertainty,formalization,False,0.8901795744895935,0.9602288603782654,0.9722723364830017,0.8727325797080994,0.9414235353469849,0.9581897854804993
gpt2,certainty_to_uncertainty,certainty_to_uncertainty,True,0.948166012763977,0.9815737009048462,0.9534662365913391,0.9698700308799744,0.9654533863067627,0.9339717626571655
gpt2,active_to_passive,active_to_passive,True,0.9231884479522705,0.8619318604469299,0.8776973485946655,0.7918323278427124,0.8295359015464783,0.8293808102607727
gpt2,active_to_passive,active_to_passive,True,0.9204261898994446,0.8975995779037476,0.9188997745513916,0.8119397759437561,0.8669005036354065,0.875498354434967
gpt2,active_to_passive,active_to_passive,True,0.8690890073776245,0.8085416555404663,0.8226109147071838,0.715201199054718,0.7688388228416443,0.7631753087043762
gpt2,active_to_passive,active_to_passive,True,0.9325101375579834,0.8973846435546875,0.9051252603530884,0.8282449245452881,0.8703872561454773,0.8592471480369568
gpt2,active_to_passive,active_to_passive,True,0.9557586312294006,0.9145185947418213,0.9140754342079163,0.8632752299308777,0.8862481117248535,0.8681922554969788
gpt2,formalization,formalization,True,0.8763768076896667,0.9490054249763489,0.9708775281906128,0.8478908538818359,0.9289072751998901,0.94488924741745
gpt2,formalization,certainty_to_uncertainty,False,0.9505879878997803,0.955166220664978,0.9481618404388428,0.9307726621627808,0.9299276471138,0.9204779863357544
gpt2,formalization,formalization,True,0.898226261138916,0.9548899531364441,0.9698461890220642,0.8798867464065552,0.9373243451118469,0.9439083337783813
gpt2,formalization,formalization,True,0.8445788621902466,0.9087107181549072,0.9437257051467896,0.8172848224639893,0.8944306969642639,0.9159846305847168
gpt2,formalization,formalization,True,0.4471817910671234,0.5797694325447083,0.6785115003585815,0.41531649231910706,0.5665783882141113,0.6753268241882324
gpt2,negation,negation,True,0.9345870018005371,0.9830362796783447,0.9607396125793457,0.9882323741912842,0.9813606142997742,0.9550719857215881
gpt2,negation,negation,True,0.9526017904281616,0.9737594127655029,0.9458242654800415,0.9760315418243408,0.9577136039733887,0.9251758456230164
gpt2,negation,negation,True,0.9213653802871704,0.9568408727645874,0.947140634059906,0.9628723859786987,0.9562458992004395,0.9330747723579407
gpt2,negation,negation,True,0.9560796022415161,0.9617096781730652,0.9267205595970154,0.9715754985809326,0.9500960111618042,0.9005447626113892
gpt2,negation,negation,True,0.9024814367294312,0.9709170460700989,0.9474722146987915,0.9774492979049683,0.9757764339447021,0.9424964785575867
gpt2,question,past_to_future,False,0.8934175968170166,0.9723933935165405,0.9516296982765198,0.9572646617889404,0.9755641222000122,0.9732484221458435
gpt2,question,formalization,False,0.9037801623344421,0.9739387631416321,0.9856451749801636,0.9087460041046143,0.9619505405426025,0.9832871556282043
gpt2,question,question,True,0.8672569394111633,0.9736661314964294,0.9685301780700684,0.9224870204925537,0.9762272834777832,0.9851357936859131
gpt2,question,formalization,False,0.8351205587387085,0.9076515436172485,0.9467843174934387,0.7986102104187012,0.8880156874656677,0.9332119226455688
gpt2,question,question,True,0.9041966795921326,0.9721900224685669,0.9834354519844055,0.9209818840026855,0.9678304195404053,0.9849736094474792
gpt2,past_to_future,past_to_future,True,0.9184796214103699,0.9743953943252563,0.9546132683753967,0.9447744488716125,0.9746853113174438,0.9384600520133972
gpt2,past_to_future,certainty_to_uncertainty,False,0.9312609434127808,0.9882174730300903,0.9785856008529663,0.9365141987800598,0.9831140041351318,0.9648739695549011
gpt2,past_to_future,past_to_future,True,0.9187191128730774,0.9647845029830933,0.9581479430198669,0.922250509262085,0.9693506956100464,0.9348732829093933
gpt2,past_to_future,formalization,False,0.9153618812561035,0.9818073511123657,0.9855951070785522,0.9221883416175842,0.9778979420661926,0.9681447148323059
gpt2,past_to_future,past_to_future,True,0.8476175665855408,0.9365973472595215,0.9355401396751404,0.8844588994979858,0.952979326248169,0.9278253316879272
gpt2,certainty_to_uncertainty,formalization,False,0.9064986109733582,0.9781861305236816,0.9787689447402954,0.9186903238296509,0.9669496417045593,0.958257794380188
gpt2,certainty_to_uncertainty,certainty_to_uncertainty,True,0.9295666813850403,0.9914514422416687,0.9788171648979187,0.9510335922241211,0.9805923700332642,0.9606744050979614
gpt2,certainty_to_uncertainty,formalization,False,0.9075838327407837,0.9696148633956909,0.9835488796234131,0.8854389190673828,0.9505103826522827,0.9595457315444946
gpt2,certainty_to_uncertainty,formalization,False,0.923324465751648,0.9832940101623535,0.9872337579727173,0.9125462770462036,0.9664309024810791,0.9706681966781616
gpt2,certainty_to_uncertainty,certainty_to_uncertainty,True,0.9492717981338501,0.9892122745513916,0.9643956422805786,0.9701472520828247,0.9735016226768494,0.9453092813491821
gpt2,active_to_passive,active_to_passive,True,0.9386398792266846,0.8818402290344238,0.883548378944397,0.847707986831665,0.8615993857383728,0.8416325449943542
gpt2,active_to_passive,certainty_to_uncertainty,False,0.9355840086936951,0.9461052417755127,0.941431999206543,0.907752513885498,0.933265745639801,0.922524094581604
gpt2,active_to_passive,active_to_passive,True,0.8630866408348083,0.8245404362678528,0.8475403189659119,0.7305596470832825,0.7973279356956482,0.8000708818435669
gpt2,active_to_passive,active_to_passive,True,0.9673551321029663,0.9352753758430481,0.9362203478813171,0.8920797109603882,0.9149137139320374,0.897221565246582
gpt2,active_to_passive,active_to_passive,True,0.9712682962417603,0.9334313869476318,0.9272887110710144,0.9063401222229004,0.9141340851783752,0.889305591583252
gpt2,formalization,formalization,True,0.9025789499282837,0.9631348848342896,0.9792765378952026,0.8711002469062805,0.9436790943145752,0.9495840072631836
gpt2,formalization,active_to_passive,False,0.9721855521202087,0.9702924489974976,0.958553671836853,0.9477413296699524,0.9462898969650269,0.9265307784080505
gpt2,formalization,formalization,True,0.9220778346061707,0.9709740877151489,0.9824683666229248,0.8996214866638184,0.9537302255630493,0.9526512622833252
gpt2,formalization,formalization,True,0.8897508382797241,0.9396774172782898,0.968117356300354,0.859531044960022,0.9252643585205078,0.9348980784416199
gpt2,formalization,formalization,True,0.6335780620574951,0.7322997450828552,0.8119845986366272,0.5854104161262512,0.7150784730911255,0.7919192314147949
gpt2,negation,negation,True,0.9186442494392395,0.9730209112167358,0.9396241903305054,0.9926692247390747,0.9742900133132935,0.9439191818237305
gpt2,negation,negation,True,0.9455089569091797,0.9625905752182007,0.9252620935440063,0.9786932468414307,0.9478955864906311,0.9092170000076294
gpt2,negation,negation,True,0.9056815505027771,0.96307373046875,0.929978609085083,0.9868183135986328,0.9667684435844421,0.9390719532966614
gpt2,negation,negation,True,0.9400284290313721,0.9699109196662903,0.9321222901344299,0.9897794723510742,0.9659208059310913,0.923495888710022
gpt2,negation,negation,True,0.91843581199646,0.9770081043243408,0.9434255957603455,0.9924370050430298,0.979085385799408,0.9431408643722534
gpt2,question,certainty_to_uncertainty,False,0.9140393733978271,0.9820613861083984,0.9680675864219666,0.9583022594451904,0.9778375029563904,0.980215311050415
gpt2,question,certainty_to_uncertainty,False,0.9383916854858398,0.9893160462379456,0.9858536720275879,0.9455889463424683,0.9738040566444397,0.9787504076957703
gpt2,question,certainty_to_uncertainty,False,0.9111367464065552,0.988631010055542,0.9744771122932434,0.9551160335540771,0.9839056730270386,0.9828553795814514
gpt2,question,formalization,False,0.9281550645828247,0.9810810089111328,0.9900211691856384,0.9124754667282104,0.9609354734420776,0.9765664935112
gpt2,question,certainty_to_uncertainty,False,0.93848717212677,0.9895786046981812,0.9797316789627075,0.9646516442298889,0.9806740880012512,0.9778756499290466
gpt2,past_to_future,past_to_future,True,0.8979498147964478,0.9835834503173828,0.9589724540710449,0.9648219347000122,0.9895730018615723,0.9642001390457153
gpt2,past_to_future,certainty_to_uncertainty,False,0.9299789071083069,0.9884366393089294,0.966810941696167,0.9597994685173035,0.984272301197052,0.9626818299293518
gpt2,past_to_future,past_to_future,True,0.9124478697776794,0.9868291616439819,0.9648215770721436,0.9738239645957947,0.9928851127624512,0.966988205909729
gpt2,past_to_future,certainty_to_uncertainty,False,0.935858964920044,0.9930475950241089,0.9809819459915161,0.9525007009506226,0.9865895509719849,0.9672508239746094
gpt2,past_to_future,past_to_future,True,0.8735641837120056,0.9689316749572754,0.9419164657592773,0.963608980178833,0.9858924150466919,0.9561281204223633
gpt2,certainty_to_uncertainty,certainty_to_uncertainty,True,0.9351439476013184,0.9947400093078613,0.9761906266212463,0.9666061401367188,0.9876632690429688,0.9667153358459473
gpt2,certainty_to_uncertainty,certainty_to_uncertainty,True,0.9371779561042786,0.9935983419418335,0.9705021381378174,0.9693447351455688,0.9861299395561218,0.9588069915771484
gpt2,certainty_to_uncertainty,certainty_to_uncertainty,True,0.9465160965919495,0.98911452293396,0.9860635995864868,0.9306110739707947,0.9690371155738831,0.9624444246292114
gpt2,certainty_to_uncertainty,certainty_to_uncertainty,True,0.9524426460266113,0.9913662672042847,0.9775158166885376,0.9491723775863647,0.972939133644104,0.9601302742958069
gpt2,certainty_to_uncertainty,certainty_to_uncertainty,True,0.9542933702468872,0.9810580015182495,0.9502984285354614,0.9685068726539612,0.9655015468597412,0.9296706914901733
gpt2,active_to_passive,active_to_passive,True,0.9571466445922852,0.9288185834884644,0.8947164416313171,0.9271742105484009,0.9144808650016785,0.86666339635849
gpt2,active_to_passive,active_to_passive,True,0.9668952226638794,0.9618971347808838,0.9353362321853638,0.9508163332939148,0.9456532001495361,0.9116632342338562
gpt2,active_to_passive,active_to_passive,True,0.974895715713501,0.9532604813575745,0.9292583465576172,0.9287453889846802,0.9311382174491882,0.8953948616981506
gpt2,active_to_passive,active_to_passive,True,0.9662343263626099,0.9576118588447571,0.9295064806938171,0.9355674982070923,0.9394277334213257,0.8972018957138062
gpt2,active_to_passive,active_to_passive,True,0.9626363515853882,0.9512723684310913,0.915651798248291,0.9438896179199219,0.9364161491394043,0.8866450190544128
gpt2,formalization,certainty_to_uncertainty,False,0.9484782218933105,0.9857841730117798,0.9831908345222473,0.9264178276062012,0.9647434949874878,0.9543579816818237
gpt2,formalization,active_to_passive,False,0.9659973382949829,0.9617844820022583,0.9377744197845459,0.9603022336959839,0.9403112530708313,0.9130698442459106
gpt2,formalization,certainty_to_uncertainty,False,0.9484426975250244,0.9857139587402344,0.9826720356941223,0.9365779161453247,0.9679601788520813,0.9566934704780579
gpt2,formalization,formalization,True,0.9497411847114563,0.9856807589530945,0.9876967072486877,0.9397997260093689,0.9703868627548218,0.9612826108932495
gpt2,formalization,formalization,True,0.9036920666694641,0.9521492719650269,0.9790908694267273,0.8702601790428162,0.9286502003669739,0.9531868696212769
gpt2,negation,negation,True,0.9278035759925842,0.9687782526016235,0.9360878467559814,0.995524525642395,0.9691828489303589,0.9348769187927246
gpt2,negation,negation,True,0.9403389692306519,0.9372734427452087,0.8948302268981934,0.9726907014846802,0.9218151569366455,0.8755635023117065
gpt2,negation,negation,True,0.8849877119064331,0.8887381553649902,0.8562690615653992,0.9629490375518799,0.8941402435302734,0.8574424386024475
gpt2,negation,negation,True,0.9267995357513428,0.9537971019744873,0.920475423336029,0.9932535886764526,0.9554654955863953,0.9131526947021484
gpt2,negation,negation,True,0.9084363579750061,0.9630554914474487,0.9271165728569031,0.9944256544113159,0.969490647315979,0.9258438348770142
gpt2,question,question,True,0.8772192001342773,0.955536425113678,0.9439157843589783,0.9303377270698547,0.9551463723182678,0.9703166484832764
gpt2,question,question,True,0.9008550643920898,0.9677823185920715,0.978462815284729,0.9187608361244202,0.9552167057991028,0.987263560295105
gpt2,question,certainty_to_uncertainty,False,0.9056599140167236,0.9828931093215942,0.9692240357398987,0.947953462600708,0.9778574705123901,0.9807658195495605
gpt2,question,question,True,0.8515569567680359,0.9220802187919617,0.9569871425628662,0.8328798413276672,0.9026880264282227,0.9575817584991455
gpt2,question,question,True,0.9119564890861511,0.9714311957359314,0.9751356244087219,0.9438077211380005,0.9657846689224243,0.9850379228591919
gpt2,past_to_future,past_to_future,True,0.8890128135681152,0.9679113626480103,0.9367932081222534,0.9653721451759338,0.9844152927398682,0.9375403523445129
gpt2,past_to_future,certainty_to_uncertainty,False,0.9445444345474243,0.9861727952957153,0.9695032835006714,0.9490517377853394,0.9821041822433472,0.9560189247131348
gpt2,past_to_future,past_to_future,True,0.8969818949699402,0.9531077146530151,0.9401110410690308,0.9471824169158936,0.9739299416542053,0.9336575269699097
gpt2,past_to_future,certainty_to_uncertainty,False,0.9375,0.9861989617347717,0.9840061068534851,0.9413356781005859,0.9816484451293945,0.9654968976974487
gpt2,past_to_future,past_to_future,True,0.45327457785606384,0.6152316927909851,0.6282299757003784,0.5988667011260986,0.688973069190979,0.6616161465644836
gpt2,certainty_to_uncertainty,certainty_to_uncertainty,True,0.9389951825141907,0.9946871995925903,0.980757474899292,0.9627220034599304,0.9832350015640259,0.9651209712028503
gpt2,certainty_to_uncertainty,certainty_to_uncertainty,True,0.9467061758041382,0.9916926622390747,0.9674737453460693,0.9736305475234985,0.9802523851394653,0.9516982436180115
gpt2,certainty_to_uncertainty,formalization,False,0.9299600720405579,0.9867531657218933,0.9916197657585144,0.9208990335464478,0.9674843549728394,0.9754184484481812
gpt2,certainty_to_uncertainty,certainty_to_uncertainty,True,0.9362135529518127,0.9876894354820251,0.9836122989654541,0.9326926469802856,0.96953946352005,0.9730936884880066
gpt2,certainty_to_uncertainty,certainty_to_uncertainty,True,0.9590777158737183,0.9793274402618408,0.9496657848358154,0.9699335098266602,0.9605284333229065,0.9269230365753174
gpt2,active_to_passive,active_to_passive,True,0.6933887004852295,0.49121904373168945,0.4601672887802124,0.5773602724075317,0.4634682536125183,0.41051873564720154
gpt2,active_to_passive,active_to_passive,True,0.8548073768615723,0.7568250894546509,0.7311429977416992,0.8084241151809692,0.7310014963150024,0.7032220363616943
gpt2,active_to_passive,active_to_passive,True,0.8815624713897705,0.7154873609542847,0.6982848644256592,0.7213830947875977,0.6680209040641785,0.6308375597000122
gpt2,active_to_passive,active_to_passive,True,0.9276881814002991,0.7996268272399902,0.7723482847213745,0.8356388807296753,0.771589994430542,0.7213736176490784
gpt2,active_to_passive,active_to_passive,True,0.8914249539375305,0.7476365566253662,0.7151380181312561,0.8024036884307861,0.7193973660469055,0.6642423272132874
gpt2,formalization,formalization,True,0.92633056640625,0.981873631477356,0.9907287359237671,0.9106075167655945,0.9628173112869263,0.96943598985672
gpt2,formalization,active_to_passive,False,0.9678018093109131,0.9515184164047241,0.9305583238601685,0.9548540115356445,0.9281109571456909,0.9040083885192871
gpt2,formalization,formalization,True,0.9399615526199341,0.9800228476524353,0.984886109828949,0.9272257685661316,0.9620664119720459,0.9611759781837463
gpt2,formalization,formalization,True,0.9242755174636841,0.9654805660247803,0.9853407740592957,0.9084945917129517,0.9506752490997314,0.9620833396911621
gpt2,formalization,formalization,True,0.7210752367973328,0.8081310391426086,0.8779429197311401,0.6960098743438721,0.7898894548416138,0.8725420832633972
gpt2,negation,negation,True,0.9098190069198608,0.9706733226776123,0.9462909698486328,0.9881370067596436,0.9712454080581665,0.9481533765792847
gpt2,negation,negation,True,0.9356222748756409,0.9649046659469604,0.9315407872200012,0.9803175926208496,0.9513061046600342,0.9154743552207947
gpt2,negation,negation,True,0.8151247501373291,0.8805330991744995,0.8597239255905151,0.9324604272842407,0.8912254571914673,0.8733944892883301
gpt2,negation,negation,True,0.843253493309021,0.9145867824554443,0.9022889137268066,0.9440885782241821,0.9226864576339722,0.9093532562255859
gpt2,negation,negation,True,0.9177069067955017,0.9741858839988708,0.9487220048904419,0.9855210781097412,0.973076581954956,0.939254879951477
gpt2,question,question,True,0.8514101505279541,0.9540756940841675,0.9476454854011536,0.9326202869415283,0.9575947523117065,0.9821051359176636
gpt2,question,question,True,0.8147357702255249,0.8990485072135925,0.9209122657775879,0.8522104620933533,0.8883997201919556,0.9337054491043091
gpt2,question,question,True,0.8625304698944092,0.9694572687149048,0.9707210659980774,0.9223506450653076,0.9683022499084473,0.9877431392669678
gpt2,question,question,True,0.7578097581863403,0.8570232391357422,0.9059944748878479,0.7617520093917847,0.840337872505188,0.9116504192352295
gpt2,question,question,True,0.8386533260345459,0.9318420886993408,0.9478347301483154,0.9008708000183105,0.9315765500068665,0.968415379524231
gpt2,past_to_future,past_to_future,True,0.908035159111023,0.9826700091362,0.9553558230400085,0.9838355779647827,0.9903066158294678,0.9560962915420532
gpt2,past_to_future,question,False,0.8142318725585938,0.9163209199905396,0.9232324361801147,0.8721386194229126,0.9238148927688599,0.9351301789283752
gpt2,past_to_future,past_to_future,True,0.658106803894043,0.7926127314567566,0.7918236255645752,0.8007632493972778,0.8314281702041626,0.8263543844223022
gpt2,past_to_future,formalization,False,0.8725013136863708,0.9489247798919678,0.9706292748451233,0.8815191984176636,0.9431242942810059,0.9542114734649658
gpt2,past_to_future,question,False,0.45854073762893677,0.641109824180603,0.6335468292236328,0.6687694787979126,0.7005754113197327,0.7014333009719849
gpt2,certainty_to_uncertainty,certainty_to_uncertainty,True,0.9140055179595947,0.9858900308609009,0.9818636178970337,0.9517204165458679,0.9764690399169922,0.9677151441574097
gpt2,certainty_to_uncertainty,certainty_to_uncertainty,True,0.9287056922912598,0.9891365766525269,0.9707329869270325,0.968633234500885,0.9804309010505676,0.9550679326057434
gpt2,certainty_to_uncertainty,formalization,False,0.8740299940109253,0.9478514194488525,0.9694033265113831,0.8690289258956909,0.9271906614303589,0.9520944356918335
gpt2,certainty_to_uncertainty,formalization,False,0.8742964267730713,0.9555704593658447,0.9669905304908752,0.8900887370109558,0.938976526260376,0.961636483669281
gpt2,certainty_to_uncertainty,certainty_to_uncertainty,True,0.956405520439148,0.9869215488433838,0.9664298295974731,0.9713493585586548,0.9683101177215576,0.9444000720977783
gpt2,active_to_passive,active_to_passive,True,0.11582872271537781,0.03371986746788025,0.062525175511837,0.05906130373477936,0.012942209839820862,0.043790362775325775
gpt2,active_to_passive,question,False,0.3203166127204895,0.33895379304885864,0.3534207344055176,0.3637271225452423,0.3315388560295105,0.3695947527885437
gpt2,active_to_passive,active_to_passive,True,-0.1550334244966507,-0.22270043194293976,-0.16200201213359833,-0.24656988680362701,-0.2525785565376282,-0.1816551834344864
gpt2,active_to_passive,active_to_passive,True,0.716510534286499,0.6800146102905273,0.6793314218521118,0.6899492144584656,0.6586642265319824,0.6603120565414429
gpt2,active_to_passive,active_to_passive,True,0.6764588356018066,0.6031064987182617,0.5950387716293335,0.6423146724700928,0.5787513256072998,0.5673924684524536
gpt2,formalization,formalization,True,0.8746650815010071,0.9428063035011292,0.9660691618919373,0.8611390590667725,0.9216217398643494,0.9412567019462585
gpt2,formalization,certainty_to_uncertainty,False,0.956356406211853,0.9646415114402771,0.9483306407928467,0.9581484198570251,0.9412899017333984,0.922500729560852
gpt2,formalization,formalization,True,0.9194116592407227,0.974378228187561,0.9911443591117859,0.9108560681343079,0.955264687538147,0.9651312232017517
gpt2,formalization,formalization,True,0.8400500416755676,0.9141049385070801,0.9468638896942139,0.8565312623977661,0.903950572013855,0.9309229850769043
gpt2,formalization,question,False,0.2570462226867676,0.36652255058288574,0.4639773368835449,0.25386154651641846,0.3543316125869751,0.46652284264564514
gpt2,negation,negation,True,0.9121867418289185,0.9424806237220764,0.9053993821144104,0.9814845323562622,0.940473198890686,0.8920214176177979
gpt2,negation,negation,True,0.9305647015571594,0.9196271896362305,0.8770654201507568,0.9540358781814575,0.8985574841499329,0.8430519104003906
gpt2,negation,negation,True,0.7298812866210938,0.7126572132110596,0.6758931279182434,0.8240169286727905,0.7187765836715698,0.6533858180046082
gpt2,negation,negation,True,0.8916780948638916,0.8669129610061646,0.8299890756607056,0.9138498306274414,0.8548177480697632,0.7841485738754272
gpt2,negation,negation,True,0.8393833041191101,0.853085458278656,0.8175803422927856,0.879284679889679,0.8487568497657776,0.7779567241668701
gpt2,question,question,True,0.8905094265937805,0.9665581583976746,0.9508504867553711,0.9455423355102539,0.9627408385276794,0.9730357527732849
gpt2,question,formalization,False,0.8467329144477844,0.9237951636314392,0.9528392553329468,0.826113224029541,0.9003602862358093,0.9447829127311707
gpt2,question,question,True,0.8609826564788818,0.9718533158302307,0.9647067785263062,0.9198692440986633,0.9699003100395203,0.9824013113975525
gpt2,question,formalization,False,0.7042036056518555,0.7917413711547852,0.8499502539634705,0.6501590609550476,0.7641823291778564,0.8362743854522705
gpt2,question,formalization,False,0.8916650414466858,0.956240177154541,0.9736771583557129,0.897515058517456,0.9440125226974487,0.9708272218704224
gpt2,past_to_future,past_to_future,True,0.8744698166847229,0.9660717248916626,0.9396563768386841,0.9651218056678772,0.9837545156478882,0.941709041595459
gpt2,past_to_future,certainty_to_uncertainty,False,0.9347376823425293,0.9831003546714783,0.9682354927062988,0.9330109357833862,0.9747608304023743,0.9477063417434692
gpt2,past_to_future,past_to_future,True,0.8637544512748718,0.9231611490249634,0.9232317209243774,0.8838323354721069,0.9361861944198608,0.8965249061584473
gpt2,past_to_future,formalization,False,0.9083972573280334,0.9701004028320312,0.9788199067115784,0.8999813795089722,0.9629915952682495,0.9516488313674927
gpt2,past_to_future,past_to_future,True,0.3398786783218384,0.5451690554618835,0.5653113722801208,0.49312734603881836,0.610181450843811,0.5922228693962097
gpt2,certainty_to_uncertainty,certainty_to_uncertainty,True,0.8808490037918091,0.9710248112678528,0.9696720838546753,0.9149200916290283,0.9628346562385559,0.9536718130111694
gpt2,certainty_to_uncertainty,certainty_to_uncertainty,True,0.9203050136566162,0.9870612025260925,0.9702897071838379,0.9507308006286621,0.9758802056312561,0.9510899782180786
gpt2,certainty_to_uncertainty,formalization,False,0.8552418351173401,0.9253758192062378,0.9504266977310181,0.8147647380828857,0.8974248170852661,0.9185675382614136
gpt2,certainty_to_uncertainty,formalization,False,0.895849883556366,0.9566724300384521,0.9658586382865906,0.8620430827140808,0.9292146563529968,0.9394510984420776
gpt2,certainty_to_uncertainty,certainty_to_uncertainty,True,0.9429718255996704,0.9859544038772583,0.9595714211463928,0.9678587913513184,0.9689840078353882,0.9383708238601685
gpt2,active_to_passive,active_to_passive,True,0.5988115072250366,0.5087583065032959,0.5289800763130188,0.4060809314250946,0.45810675621032715,0.44468292593955994
gpt2,active_to_passive,formalization,False,0.8114870190620422,0.8245885372161865,0.8254343271255493,0.7396234273910522,0.7907378673553467,0.7844394445419312
gpt2,active_to_passive,active_to_passive,True,0.3347019553184509,0.23762698471546173,0.2911527752876282,0.0676596462726593,0.1717578023672104,0.19173789024353027
gpt2,active_to_passive,active_to_passive,True,0.8552373647689819,0.8103455901145935,0.8252388834953308,0.7190297842025757,0.7696341872215271,0.759544312953949
gpt2,active_to_passive,active_to_passive,True,0.9262252449989319,0.883580207824707,0.8738552927970886,0.834061861038208,0.8493207693099976,0.8179407715797424
gpt2,formalization,formalization,True,0.8731049299240112,0.9349731206893921,0.9572789669036865,0.8267356753349304,0.9073573350906372,0.9189238548278809
gpt2,formalization,active_to_passive,False,0.9675966501235962,0.9382031559944153,0.9249377250671387,0.9102623462677002,0.9018250107765198,0.8757038712501526
gpt2,formalization,formalization,True,0.9058489799499512,0.952465295791626,0.9697938561439514,0.8689837455749512,0.9285890460014343,0.9328188300132751
gpt2,formalization,formalization,True,0.8371227383613586,0.8840331435203552,0.9226095080375671,0.7795770764350891,0.8589000105857849,0.8749564290046692
gpt2,formalization,formalization,True,0.39468055963516235,0.491438090801239,0.5937865376472473,0.3060387969017029,0.45919063687324524,0.5602987408638
gpt2,negation,negation,True,0.9338288307189941,0.9703830480575562,0.9384528994560242,0.9944320917129517,0.9686483144760132,0.9348554611206055
gpt2,negation,negation,True,0.9478065967559814,0.9448111653327942,0.9055627584457397,0.9699198603630066,0.9270063638687134,0.883219838142395
gpt2,negation,negation,True,0.9088506698608398,0.910503089427948,0.8781213760375977,0.9700442552566528,0.9114605188369751,0.872992992401123
gpt2,negation,negation,True,0.9227615594863892,0.946122407913208,0.9155941009521484,0.9894490838050842,0.948204755783081,0.9076685905456543
gpt2,negation,negation,True,0.9165869951248169,0.9624812602996826,0.9269231557846069,0.9930391907691956,0.9658292531967163,0.9215819239616394
gpt2,question,question,True,0.8953977227210999,0.9560914039611816,0.950728178024292,0.9194685220718384,0.9503052234649658,0.964065432548523
gpt2,question,formalization,False,0.9250935912132263,0.9709843993186951,0.9844975471496582,0.9214057326316833,0.9532234072685242,0.9828552603721619
gpt2,question,certainty_to_uncertainty,False,0.915418267250061,0.9838370084762573,0.9731327295303345,0.9457917213439941,0.9766879081726074,0.9786881804466248
gpt2,question,formalization,False,0.8529078960418701,0.910342812538147,0.948792040348053,0.8169402480125427,0.8872842192649841,0.9410670399665833
gpt2,question,question,True,0.9206265211105347,0.9686728715896606,0.9748846292495728,0.9396075010299683,0.9596964120864868,0.9790976047515869
gpt2,past_to_future,past_to_future,True,0.8973238468170166,0.9741365909576416,0.9431708455085754,0.9682469367980957,0.9871276617050171,0.9442020058631897
gpt2,past_to_future,certainty_to_uncertainty,False,0.9463440179824829,0.9876487255096436,0.9711858034133911,0.9534050226211548,0.982835054397583,0.9587243795394897
gpt2,past_to_future,past_to_future,True,0.9092100858688354,0.958965003490448,0.9402045607566833,0.9577637910842896,0.977593719959259,0.9342623353004456
gpt2,past_to_future,certainty_to_uncertainty,False,0.9403202533721924,0.9870443940162659,0.9829570651054382,0.9427209496498108,0.9809751510620117,0.9636032581329346
gpt2,past_to_future,past_to_future,True,0.5153965950012207,0.6770843863487244,0.6676240563392639,0.6921546459197998,0.7517037987709045,0.7140612602233887
gpt2,certainty_to_uncertainty,certainty_to_uncertainty,True,0.9365347623825073,0.9872082471847534,0.9784055352210999,0.9448927640914917,0.9732069969177246,0.9578633308410645
gpt2,certainty_to_uncertainty,certainty_to_uncertainty,True,0.9506188631057739,0.9871801137924194,0.9641618728637695,0.9658545255661011,0.9737145304679871,0.9438374042510986
gpt2,certainty_to_uncertainty,formalization,False,0.9401687979698181,0.9830381274223328,0.9905520677566528,0.9189615845680237,0.9603537321090698,0.9689522385597229
gpt2,certainty_to_uncertainty,certainty_to_uncertainty,True,0.94772869348526,0.9845647811889648,0.9822170734405518,0.9340903759002686,0.9632560014724731,0.9668580889701843
gpt2,certainty_to_uncertainty,certainty_to_uncertainty,True,0.9594705104827881,0.9793278574943542,0.9504089951515198,0.9682716727256775,0.9604412913322449,0.927430272102356
gpt2,active_to_passive,active_to_passive,True,0.9199173450469971,0.7868244647979736,0.7589325904846191,0.8282984495162964,0.7573130130767822,0.7115018367767334
gpt2,active_to_passive,active_to_passive,True,0.9697762131690979,0.8938557505607605,0.8750505447387695,0.9034186601638794,0.8648146390914917,0.8370760679244995
gpt2,active_to_passive,active_to_passive,True,0.9475405216217041,0.8312900066375732,0.8126987814903259,0.8255628943443298,0.7901744842529297,0.7522115111351013
gpt2,active_to_passive,active_to_passive,True,0.9709813594818115,0.8843933343887329,0.8619719743728638,0.8902098536491394,0.8546710014343262,0.8146675825119019
gpt2,active_to_passive,active_to_passive,True,0.9680975675582886,0.892947793006897,0.8620352745056152,0.9122186899185181,0.8671820163726807,0.8214818835258484
gpt2,formalization,formalization,True,0.9428483247756958,0.9797071218490601,0.9890472888946533,0.912549614906311,0.9565494656562805,0.9603756070137024
gpt2,formalization,active_to_passive,False,0.9669516086578369,0.9454147815704346,0.9241266250610352,0.953510046005249,0.9212008714675903,0.8968417644500732
gpt2,formalization,formalization,True,0.9432958960533142,0.9722974896430969,0.9801391959190369,0.9201960563659668,0.9519493579864502,0.9520726203918457
gpt2,formalization,formalization,True,0.9294652938842773,0.9505911469459534,0.972842812538147,0.897278904914856,0.931468665599823,0.9422317743301392
gpt2,formalization,formalization,True,0.7933731079101562,0.8461028337478638,0.9105141758918762,0.7472500801086426,0.8205531239509583,0.8920778036117554
gpt2,negation,negation,True,0.8938716053962708,0.9491456747055054,0.9168874025344849,0.9919074773788452,0.955374002456665,0.9258859753608704
gpt2,negation,negation,True,0.9264881610870361,0.9526060819625854,0.9144003391265869,0.9856917858123779,0.9418062567710876,0.9034848213195801
gpt2,negation,negation,True,0.7858267426490784,0.8533681631088257,0.8163842558860779,0.9376582503318787,0.8732577562332153,0.8411319851875305
gpt2,negation,negation,True,0.8793143630027771,0.9352065920829773,0.9088199734687805,0.9777411222457886,0.9433501362800598,0.9134323596954346
gpt2,negation,negation,True,0.9032401442527771,0.9604969024658203,0.9261279106140137,0.9927029609680176,0.965233564376831,0.9247089624404907
gpt2,question,question,True,0.849041759967804,0.9400159120559692,0.9225977063179016,0.9484602212905884,0.9465270638465881,0.9626996517181396
gpt2,question,question,True,0.8640724420547485,0.9395328760147095,0.9458744525909424,0.911318838596344,0.9313862323760986,0.9619457721710205
gpt2,question,question,True,0.8609575033187866,0.9680023193359375,0.956512451171875,0.9445692300796509,0.9719600677490234,0.9822988510131836
gpt2,question,question,True,0.7988277673721313,0.892501711845398,0.9294449687004089,0.8170005679130554,0.8785648941993713,0.9414926171302795
gpt2,question,question,True,0.882981538772583,0.9584993720054626,0.9627047777175903,0.9423087239265442,0.9576929807662964,0.9805684685707092
gpt2,past_to_future,past_to_future,True,0.9093388319015503,0.9793570041656494,0.9482916593551636,0.9811134338378906,0.986129879951477,0.9456722140312195
gpt2,past_to_future,past_to_future,True,0.9055112600326538,0.9797353744506836,0.9700539112091064,0.9463157653808594,0.9830659031867981,0.9717644453048706
gpt2,past_to_future,past_to_future,True,0.7911252379417419,0.8883510828018188,0.8765337467193604,0.896340012550354,0.9227689504623413,0.8892198801040649
gpt2,past_to_future,formalization,False,0.9173393249511719,0.9651447534561157,0.9713011980056763,0.9099966287612915,0.9554610252380371,0.9454862475395203
gpt2,past_to_future,past_to_future,True,0.5306252241134644,0.6968775391578674,0.6702741384506226,0.7449744939804077,0.7637948393821716,0.7338957786560059
gpt2,certainty_to_uncertainty,certainty_to_uncertainty,True,0.9230265617370605,0.9856419563293457,0.9788536429405212,0.9535074234008789,0.9759489893913269,0.9618080258369446
gpt2,certainty_to_uncertainty,certainty_to_uncertainty,True,0.935914158821106,0.9872589111328125,0.9645456671714783,0.974761962890625,0.9788174629211426,0.9487180709838867
gpt2,certainty_to_uncertainty,formalization,False,0.9069616794586182,0.9741750955581665,0.984929084777832,0.909512996673584,0.9555948972702026,0.9702944159507751
gpt2,certainty_to_uncertainty,certainty_to_uncertainty,True,0.9057775139808655,0.9799648523330688,0.9746209383010864,0.9368784427642822,0.9672366976737976,0.9747153520584106
gpt2,certainty_to_uncertainty,certainty_to_uncertainty,True,0.9559847116470337,0.9858660101890564,0.9616509079933167,0.9697378873825073,0.9673671722412109,0.938847541809082
gpt2,active_to_passive,active_to_passive,True,0.8106256127357483,0.7563463449478149,0.7213126420974731,0.7949135303497314,0.7481158971786499,0.7096068859100342
gpt2,active_to_passive,negation,False,0.8414580821990967,0.8689602613449097,0.8391983509063721,0.8935957551002502,0.8647676706314087,0.8476169109344482
gpt2,active_to_passive,active_to_passive,True,0.9219710230827332,0.8877617120742798,0.8591936826705933,0.8913544416427612,0.8662720918655396,0.8373614549636841
gpt2,active_to_passive,active_to_passive,True,0.9392770528793335,0.9316800832748413,0.9028708338737488,0.9345602989196777,0.9202562570571899,0.8889406323432922
gpt2,active_to_passive,negation,False,0.8896663188934326,0.8626734018325806,0.8215912580490112,0.8990232944488525,0.8560023903846741,0.810890257358551
gpt2,formalization,formalization,True,0.9101182222366333,0.9760446548461914,0.9828537106513977,0.9173399209976196,0.9601988792419434,0.964781641960144
gpt2,formalization,negation,False,0.9519782066345215,0.952397882938385,0.9277946949005127,0.9641295671463013,0.9320718050003052,0.9092665910720825
gpt2,formalization,formalization,True,0.9359075427055359,0.9839968681335449,0.9912445545196533,0.9339227080345154,0.9670933485031128,0.9676116704940796
gpt2,formalization,formalization,True,0.8996042013168335,0.9610309600830078,0.975324809551239,0.9263009428977966,0.9536950588226318,0.9614189863204956
gpt2,formalization,question,False,0.4219823479652405,0.5496631860733032,0.6248146295547485,0.46943652629852295,0.5464457273483276,0.6440619230270386
gpt2,negation,negation,True,0.8054988384246826,0.8929272294044495,0.8705323934555054,0.9508153796195984,0.9119002819061279,0.8970974683761597
gpt2,negation,negation,True,0.889458417892456,0.9445899724960327,0.9136461019515991,0.9782023429870605,0.9389553070068359,0.9149634838104248
gpt2,negation,negation,True,0.37121474742889404,0.48650309443473816,0.4942864179611206,0.5902007818222046,0.5324822068214417,0.5621827244758606
gpt2,negation,negation,True,0.7538115382194519,0.8345478773117065,0.8227277994155884,0.8858805894851685,0.8537300825119019,0.8430153131484985
gpt2,negation,negation,True,0.7624617218971252,0.8720135688781738,0.8461521863937378,0.9275144934654236,0.8991624712944031,0.8742001056671143
gpt2,question,question,True,0.55171799659729,0.736173152923584,0.7407516837120056,0.7480118870735168,0.7758140563964844,0.8329282999038696
gpt2,question,question,True,0.5204144716262817,0.6686480045318604,0.7052735090255737,0.6358954906463623,0.6766083836555481,0.7637460231781006
gpt2,question,question,True,0.5860908031463623,0.7886422276496887,0.8016045093536377,0.7487611770629883,0.8184722661972046,0.8729181289672852
gpt2,question,question,True,0.29943031072616577,0.4633587896823883,0.542006254196167,0.37381160259246826,0.46576112508773804,0.5978125333786011
gpt2,question,question,True,0.7420345544815063,0.8520764112472534,0.8740839958190918,0.8427455425262451,0.8609396815299988,0.9167914986610413
gpt2,past_to_future,past_to_future,True,0.8520815372467041,0.9540866017341614,0.9457393288612366,0.9427093863487244,0.9724555015563965,0.9551221132278442
gpt2,past_to_future,question,False,0.4473862648010254,0.6197287440299988,0.6461774110794067,0.6035212278366089,0.6746201515197754,0.7180067896842957
gpt2,past_to_future,question,False,0.03234840929508209,0.20683781802654266,0.21601109206676483,0.27033576369285583,0.292131632566452,0.298452764749527
gpt2,past_to_future,question,False,0.7371988892555237,0.8641336560249329,0.8806623816490173,0.844862699508667,0.8915892839431763,0.9081900119781494
gpt2,past_to_future,question,False,-0.0968339592218399,0.13269013166427612,0.13104462623596191,0.19282807409763336,0.22489483654499054,0.2437436431646347
gpt2,certainty_to_uncertainty,past_to_future,False,0.8515089750289917,0.954796552658081,0.9485677480697632,0.9383947849273682,0.9608134031295776,0.956109344959259
gpt2,certainty_to_uncertainty,certainty_to_uncertainty,True,0.8900001645088196,0.9814759492874146,0.9644526243209839,0.9673861265182495,0.9804034233093262,0.967627763748169
gpt2,certainty_to_uncertainty,question,False,0.7797930836677551,0.8969419002532959,0.9248142242431641,0.8198316097259521,0.8862869739532471,0.9288240075111389
gpt2,certainty_to_uncertainty,question,False,0.7397255897521973,0.8768962621688843,0.8921864032745361,0.8212889432907104,0.8745539784431458,0.9207578897476196
gpt2,certainty_to_uncertainty,certainty_to_uncertainty,True,0.923460841178894,0.9805102348327637,0.9549643993377686,0.9794045090675354,0.9695796370506287,0.9494200944900513
gpt2,active_to_passive,active_to_passive,True,-0.08980703353881836,-0.20633728802204132,-0.19720523059368134,-0.12390156090259552,-0.22165220975875854,-0.20142045617103577
gpt2,active_to_passive,negation,False,0.07002077996730804,0.05253855884075165,0.055684298276901245,0.12242969870567322,0.04646679759025574,0.07896862924098969
gpt2,active_to_passive,active_to_passive,True,0.1998748928308487,0.05307747423648834,0.07235750555992126,0.0889139175415039,0.012319803237915039,0.03995361179113388
gpt2,active_to_passive,active_to_passive,True,0.5196611881256104,0.424341082572937,0.42239487171173096,0.4720202684402466,0.401976615190506,0.3995155692100525
gpt2,active_to_passive,active_to_passive,True,0.5539168119430542,0.45686209201812744,0.4358461797237396,0.5350378751754761,0.436474084854126,0.4130423963069916
gpt2,formalization,question,False,0.7181240320205688,0.8557367324829102,0.8891682028770447,0.7758606672286987,0.8503466248512268,0.896930456161499
gpt2,formalization,negation,False,0.8955894708633423,0.9142515659332275,0.8921266198158264,0.9385496973991394,0.897052526473999,0.8842853307723999
gpt2,formalization,formalization,True,0.8594101667404175,0.9533853530883789,0.9763339757919312,0.8953098058700562,0.9446258544921875,0.9695959091186523
gpt2,formalization,question,False,0.4833826720714569,0.6308380365371704,0.6920981407165527,0.5939334630966187,0.6471754908561707,0.7218241691589355
gpt2,formalization,question,False,-0.6065406799316406,-0.47964543104171753,-0.3998042941093445,-0.5157780647277832,-0.4551723897457123,-0.34057289361953735
gpt2,negation,negation,True,0.9142581224441528,0.9776958227157593,0.94429612159729,0.9902974367141724,0.9806683659553528,0.9475328922271729
gpt2,negation,negation,True,0.931404173374176,0.9651837944984436,0.9251044988632202,0.9813122749328613,0.9561349153518677,0.9173828959465027
gpt2,negation,negation,True,0.9138631224632263,0.9638348817825317,0.9283093214035034,0.9789430499076843,0.9672919511795044,0.9296386241912842
gpt2,negation,negation,True,0.9140563607215881,0.9697996377944946,0.9328064322471619,0.9880384206771851,0.9745001792907715,0.9334932565689087
gpt2,negation,negation,True,0.8789815902709961,0.9602711200714111,0.9209862947463989,0.9857526421546936,0.9728361368179321,0.9298969507217407
gpt2,question,certainty_to_uncertainty,False,0.9039802551269531,0.9772957563400269,0.9547918438911438,0.9436124563217163,0.9745023250579834,0.9637950658798218
gpt2,question,question,True,0.9020842909812927,0.9831416606903076,0.9812641143798828,0.922570526599884,0.9743319749832153,0.9851351976394653
gpt2,question,certainty_to_uncertainty,False,0.8897892832756042,0.9803856611251831,0.9612525701522827,0.9357967972755432,0.9788196086883545,0.9711433053016663
gpt2,question,formalization,False,0.8563851714134216,0.9500074982643127,0.9671875238418579,0.8520652055740356,0.9376158118247986,0.9665206670761108
gpt2,question,question,True,0.9067292213439941,0.9846528768539429,0.981002926826477,0.9371447563171387,0.9807665348052979,0.98686683177948
gpt2,past_to_future,past_to_future,True,0.9160714149475098,0.9779763221740723,0.9423760771751404,0.9713424444198608,0.9809174537658691,0.9404014348983765
gpt2,past_to_future,certainty_to_uncertainty,False,0.9259985089302063,0.980453610420227,0.9504872560501099,0.9573289752006531,0.9787108898162842,0.9467654228210449
gpt2,past_to_future,past_to_future,True,0.9028221368789673,0.9716143012046814,0.9363059997558594,0.9679697751998901,0.981952428817749,0.9407975673675537
gpt2,past_to_future,certainty_to_uncertainty,False,0.9286789298057556,0.9906291365623474,0.9677346348762512,0.9622297883033752,0.9899511337280273,0.9608958959579468
gpt2,past_to_future,past_to_future,True,0.8155959844589233,0.9184558391571045,0.8718220591545105,0.9378163814544678,0.9453506469726562,0.8991584777832031
gpt2,certainty_to_uncertainty,certainty_to_uncertainty,True,0.9284805059432983,0.9941310882568359,0.9700523614883423,0.9659578800201416,0.9877201914787292,0.9614695310592651
gpt2,certainty_to_uncertainty,certainty_to_uncertainty,True,0.9302414655685425,0.9919803142547607,0.9637483358383179,0.9682974815368652,0.984606921672821,0.954027533531189
gpt2,certainty_to_uncertainty,certainty_to_uncertainty,True,0.905157208442688,0.983101487159729,0.9801899194717407,0.9112792015075684,0.9707749485969543,0.9696438312530518
gpt2,certainty_to_uncertainty,certainty_to_uncertainty,True,0.9084411859512329,0.9874926805496216,0.9761702418327332,0.9287667870521545,0.9778961539268494,0.9733954071998596
gpt2,certainty_to_uncertainty,certainty_to_uncertainty,True,0.9410775899887085,0.9802358746528625,0.9442700147628784,0.9732151031494141,0.9679378867149353,0.931617021560669
gpt2,active_to_passive,active_to_passive,True,0.9604524970054626,0.9530001282691956,0.9565478563308716,0.8913549184799194,0.9290131330490112,0.9216271042823792
gpt2,active_to_passive,certainty_to_uncertainty,False,0.9566446542739868,0.9713566303253174,0.9690456390380859,0.909487247467041,0.9503494501113892,0.9410384893417358
gpt2,active_to_passive,active_to_passive,True,0.9546417593955994,0.9297734498977661,0.928194522857666,0.8615409135818481,0.8977135419845581,0.8808172345161438
gpt2,active_to_passive,certainty_to_uncertainty,False,0.9507452249526978,0.9627429246902466,0.9573708176612854,0.9025211334228516,0.9437503814697266,0.9279458522796631
gpt2,active_to_passive,active_to_passive,True,0.9682406187057495,0.9650436639785767,0.9521031379699707,0.9227607846260071,0.9445582628250122,0.9213496446609497
gpt2,formalization,certainty_to_uncertainty,False,0.9027227163314819,0.9797837138175964,0.9774995446205139,0.9052314758300781,0.9673969745635986,0.9629502892494202
gpt2,formalization,certainty_to_uncertainty,False,0.955666184425354,0.9804832935333252,0.9582720994949341,0.9636681079864502,0.9646604657173157,0.9433212876319885
gpt2,formalization,certainty_to_uncertainty,False,0.9220407009124756,0.9855637550354004,0.9835979342460632,0.9232625961303711,0.973240077495575,0.9662317037582397
gpt2,formalization,formalization,True,0.9054433703422546,0.9808899164199829,0.9845216274261475,0.9147621989250183,0.9737258553504944,0.9710356593132019
gpt2,formalization,question,False,0.792913556098938,0.9159924983978271,0.9417036175727844,0.8109713196754456,0.9101305603981018,0.9449816942214966
gpt2,negation,negation,True,0.9237569570541382,0.9767632484436035,0.9441081285476685,0.9904969334602356,0.977381706237793,0.9454852342605591
gpt2,negation,negation,True,0.9466031789779663,0.9677538871765137,0.9324020743370056,0.9773354530334473,0.9537917375564575,0.9163421392440796
gpt2,negation,negation,True,0.905443549156189,0.9575726985931396,0.919996976852417,0.9871727824211121,0.9628944396972656,0.9274515509605408
gpt2,negation,negation,True,0.9464586973190308,0.9666869044303894,0.928507924079895,0.9845931529998779,0.9611144065856934,0.9145197868347168
gpt2,negation,negation,True,0.915826141834259,0.9764599800109863,0.9449459910392761,0.9916027784347534,0.9803327322006226,0.9433610439300537
gpt2,question,question,True,0.8705242872238159,0.9693880081176758,0.9596521854400635,0.9350475072860718,0.9743438959121704,0.9843916296958923
gpt2,question,question,True,0.9033481478691101,0.9765549302101135,0.9845467209815979,0.9144685864448547,0.9657958149909973,0.9854427576065063
gpt2,question,question,True,0.8797121047973633,0.980170488357544,0.9678017497062683,0.939000129699707,0.9824126958847046,0.985031008720398
gpt2,question,formalization,False,0.8801573514938354,0.9564323425292969,0.9776566028594971,0.8654736280441284,0.940523087978363,0.971390426158905
gpt2,question,question,True,0.9158472418785095,0.9838953018188477,0.9813926815986633,0.9476501941680908,0.9798158407211304,0.9868021011352539
gpt2,past_to_future,past_to_future,True,0.9123232960700989,0.9833091497421265,0.9559231996536255,0.9627224206924438,0.984279215335846,0.9525481462478638
gpt2,past_to_future,certainty_to_uncertainty,False,0.9243378639221191,0.9886057376861572,0.9691410064697266,0.9514237642288208,0.9852158427238464,0.9633777141571045
gpt2,past_to_future,past_to_future,True,0.9218708276748657,0.9871508479118347,0.9652537107467651,0.9650744795799255,0.9911568760871887,0.9597545266151428
gpt2,past_to_future,certainty_to_uncertainty,False,0.9273669719696045,0.9887682199478149,0.9791605472564697,0.9386440515518188,0.9824605584144592,0.964214026927948
gpt2,past_to_future,past_to_future,True,0.8416354656219482,0.9569045305252075,0.9317694306373596,0.9379431009292603,0.9796717166900635,0.9486866593360901
gpt2,certainty_to_uncertainty,certainty_to_uncertainty,True,0.9255592226982117,0.9948946237564087,0.975821852684021,0.9646179676055908,0.9895774126052856,0.9678964614868164
gpt2,certainty_to_uncertainty,certainty_to_uncertainty,True,0.9234164357185364,0.9924546480178833,0.9689532518386841,0.9658955335617065,0.9884598255157471,0.9615669250488281
gpt2,certainty_to_uncertainty,formalization,False,0.925395131111145,0.987204909324646,0.9874217510223389,0.9221746325492859,0.9717180132865906,0.9710841178894043
gpt2,certainty_to_uncertainty,certainty_to_uncertainty,True,0.9343845844268799,0.9915651082992554,0.9825847148895264,0.9390275478363037,0.9770336747169495,0.9716848731040955
gpt2,certainty_to_uncertainty,certainty_to_uncertainty,True,0.944118320941925,0.9855389595031738,0.9542131423950195,0.9730722904205322,0.9738528728485107,0.9407435655593872
gpt2,active_to_passive,active_to_passive,True,-0.5882687568664551,-0.6910867691040039,-0.6379711627960205,-0.6820328235626221,-0.6848254203796387,-0.6356413960456848
gpt2,active_to_passive,active_to_passive,True,0.13349714875221252,0.028775177896022797,0.07139161229133606,0.01720881462097168,0.019104786217212677,0.06123802065849304
gpt2,active_to_passive,active_to_passive,True,0.5985318422317505,0.44041556119918823,0.42105036973953247,0.4501025378704071,0.4205872416496277,0.38291531801223755
gpt2,active_to_passive,active_to_passive,True,0.9189199209213257,0.8612848520278931,0.8754247426986694,0.8120150566101074,0.8355291485786438,0.8311824202537537
gpt2,active_to_passive,active_to_passive,True,0.5478743314743042,0.4205207824707031,0.459820032119751,0.40917834639549255,0.40360069274902344,0.42639994621276855
gpt2,formalization,formalization,True,0.9143249988555908,0.9788667559623718,0.9839639663696289,0.9037879705429077,0.9631484150886536,0.9625889658927917
gpt2,formalization,active_to_passive,False,0.967991054058075,0.9673770666122437,0.9473427534103394,0.9607497453689575,0.9473915100097656,0.9225008487701416
gpt2,formalization,certainty_to_uncertainty,False,0.9325591325759888,0.9886583089828491,0.9882849454879761,0.9335595369338989,0.975540816783905,0.9689618349075317
gpt2,formalization,formalization,True,0.9228644967079163,0.9775469303131104,0.9881384968757629,0.9170570373535156,0.9668618440628052,0.9660063982009888
gpt2,formalization,formalization,True,0.7752442955970764,0.8804000616073608,0.9270720481872559,0.7677326202392578,0.8687821626663208,0.920752227306366
gpt2,negation,negation,True,0.8197479844093323,0.861965537071228,0.8186945915222168,0.9541856646537781,0.8740167617797852,0.8389134407043457
gpt2,negation,negation,True,0.9010072946548462,0.9053746461868286,0.8557218313217163,0.9643106460571289,0.8919859528541565,0.844806969165802
gpt2,negation,negation,True,0.8476510643959045,0.8506450653076172,0.8145502805709839,0.9399936199188232,0.8541364669799805,0.8220752477645874
gpt2,negation,negation,True,0.8883485794067383,0.8798407316207886,0.8323869705200195,0.9601995944976807,0.8770017027854919,0.8253200054168701
gpt2,negation,negation,True,0.8549968600273132,0.9153658747673035,0.8746684789657593,0.9825087785720825,0.9297131896018982,0.8875719904899597
gpt2,question,negation,False,0.7736018896102905,0.8498903512954712,0.8283751606941223,0.9009252786636353,0.8623038530349731,0.8813633918762207
gpt2,question,question,True,0.8898023962974548,0.9457531571388245,0.9386397004127502,0.9339269399642944,0.9311789274215698,0.9480788707733154
gpt2,question,question,True,0.8129172921180725,0.9279967546463013,0.9133977890014648,0.9253360629081726,0.9358851909637451,0.9559324979782104
gpt2,question,question,True,0.8756334185600281,0.9470523595809937,0.9609391093254089,0.8964055776596069,0.9265550971031189,0.9645753502845764
gpt2,question,negation,False,0.9001681804656982,0.9525660872459412,0.9377129077911377,0.9641053676605225,0.9480478763580322,0.952784538269043
gpt2,past_to_future,past_to_future,True,0.8624922037124634,0.9523594379425049,0.9278665781021118,0.9658616781234741,0.9746572971343994,0.9340072274208069
gpt2,past_to_future,certainty_to_uncertainty,False,0.9254958629608154,0.9765299558639526,0.9566365480422974,0.9591567516326904,0.9755346775054932,0.9522109031677246
gpt2,past_to_future,negation,False,0.8638391494750977,0.923549234867096,0.907573938369751,0.943732500076294,0.9409516453742981,0.9050626754760742
gpt2,past_to_future,certainty_to_uncertainty,False,0.9376858472824097,0.9701621532440186,0.9581351280212402,0.9407085180282593,0.9605024456977844,0.9325606822967529
gpt2,past_to_future,negation,False,0.4556383490562439,0.5515269637107849,0.4900336265563965,0.6868114471435547,0.6093169450759888,0.5589063763618469
gpt2,certainty_to_uncertainty,past_to_future,False,0.8977811336517334,0.9792389869689941,0.9570909738540649,0.9772013425827026,0.9800606369972229,0.960939884185791
gpt2,certainty_to_uncertainty,negation,False,0.913394033908844,0.9814026355743408,0.9506857991218567,0.984419584274292,0.9794284701347351,0.9495694041252136
gpt2,certainty_to_uncertainty,formalization,False,0.9295376539230347,0.9834402799606323,0.9869645237922668,0.9258813261985779,0.9626184701919556,0.9681466817855835
gpt2,certainty_to_uncertainty,certainty_to_uncertainty,True,0.9314913749694824,0.9791565537452698,0.9605309963226318,0.9592148661613464,0.9620993733406067,0.9549837708473206
gpt2,certainty_to_uncertainty,certainty_to_uncertainty,True,0.9529858827590942,0.9709138870239258,0.935046911239624,0.9704596996307373,0.9531999230384827,0.9110311269760132
gpt2,active_to_passive,active_to_passive,True,0.866321325302124,0.7587888240814209,0.701306939125061,0.832460880279541,0.7361552715301514,0.6675307750701904
gpt2,active_to_passive,active_to_passive,True,0.9050856232643127,0.8406880497932434,0.7914860248565674,0.8923448324203491,0.8172696828842163,0.7643454074859619
gpt2,active_to_passive,active_to_passive,True,0.9452284574508667,0.8477530479431152,0.8103142976760864,0.8704437613487244,0.8142683506011963,0.7622685432434082
gpt2,active_to_passive,active_to_passive,True,0.9470330476760864,0.8752930164337158,0.833085298538208,0.9075066447257996,0.851140558719635,0.7954440712928772
gpt2,active_to_passive,active_to_passive,True,0.9091245532035828,0.8368011116981506,0.7838643193244934,0.8923391103744507,0.8153904676437378,0.7529844045639038
gpt2,formalization,certainty_to_uncertainty,False,0.9379521012306213,0.987358808517456,0.9858201146125793,0.936699390411377,0.9676617980003357,0.9632318019866943
gpt2,formalization,negation,False,0.9176862239837646,0.901053786277771,0.8661470413208008,0.9410561323165894,0.8797256946563721,0.8506958484649658
gpt2,formalization,formalization,True,0.943479061126709,0.9856787919998169,0.9857903122901917,0.9496316313743591,0.9695117473602295,0.965083658695221
gpt2,formalization,certainty_to_uncertainty,False,0.9328248500823975,0.9717729687690735,0.9672489762306213,0.9627411365509033,0.9577793478965759,0.9513406753540039
gpt2,formalization,question,False,0.71772301197052,0.8023535013198853,0.8457015752792358,0.7466319799423218,0.7851437330245972,0.846957802772522
gpt2,negation,negation,True,0.9215332865715027,0.9679664373397827,0.9359649419784546,0.9947779178619385,0.9702953100204468,0.9377051591873169
gpt2,negation,negation,True,0.9405667781829834,0.9395161271095276,0.8991224765777588,0.9716788530349731,0.9243027567863464,0.8806595802307129
gpt2,negation,negation,True,0.9100708961486816,0.9307710528373718,0.8973503708839417,0.9797376394271851,0.9353531002998352,0.8992019891738892
gpt2,negation,negation,True,0.9342914819717407,0.9584256410598755,0.9222512245178223,0.9921483993530273,0.9590875506401062,0.9140012264251709
gpt2,negation,negation,True,0.9025468826293945,0.9659632444381714,0.9318996667861938,0.9925110340118408,0.9745215177536011,0.9338682889938354
gpt2,question,question,True,0.8653144240379333,0.9498816728591919,0.9427756071090698,0.9242146015167236,0.952750563621521,0.9748420119285583
gpt2,question,question,True,0.8791502714157104,0.9613549709320068,0.9741469025611877,0.9075442552566528,0.9521474838256836,0.9881020784378052
gpt2,question,question,True,0.8955769538879395,0.9810572862625122,0.9722126722335815,0.9372525811195374,0.978236198425293,0.9851204752922058
gpt2,question,question,True,0.8063485622406006,0.9019476175308228,0.9428757429122925,0.8038828372955322,0.887321949005127,0.9527044296264648
gpt2,question,question,True,0.8998048901557922,0.969417929649353,0.9774975776672363,0.934722900390625,0.9655928611755371,0.9896134734153748
gpt2,past_to_future,past_to_future,True,0.8943945169448853,0.9746567606925964,0.9478234648704529,0.9676054120063782,0.9891645908355713,0.9504874348640442
gpt2,past_to_future,certainty_to_uncertainty,False,0.9333869218826294,0.986902117729187,0.9710763692855835,0.9502781629562378,0.9860305786132812,0.9634088277816772
gpt2,past_to_future,past_to_future,True,0.9061856865882874,0.9650226831436157,0.9437898993492126,0.964714765548706,0.9835759401321411,0.9436321258544922
gpt2,past_to_future,certainty_to_uncertainty,False,0.935019850730896,0.9907028079032898,0.9818426370620728,0.9577091932296753,0.9906141757965088,0.9717785120010376
gpt2,past_to_future,past_to_future,True,0.5701816082000732,0.7518936991691589,0.7532788515090942,0.7324310541152954,0.8204104900360107,0.8025640249252319
gpt2,certainty_to_uncertainty,certainty_to_uncertainty,True,0.939908504486084,0.9968527555465698,0.9818271398544312,0.9648948907852173,0.9867405891418457,0.9674592614173889
gpt2,certainty_to_uncertainty,certainty_to_uncertainty,True,0.9440196752548218,0.9926943182945251,0.9677721261978149,0.9730027914047241,0.9828283190727234,0.9533291459083557
gpt2,certainty_to_uncertainty,formalization,False,0.9163206219673157,0.9830878973007202,0.9904404282569885,0.9104097485542297,0.9656029939651489,0.975675642490387
gpt2,certainty_to_uncertainty,certainty_to_uncertainty,True,0.9228609204292297,0.9872384071350098,0.9853752851486206,0.9256995916366577,0.9716387987136841,0.9777435064315796
gpt2,certainty_to_uncertainty,certainty_to_uncertainty,True,0.9562429189682007,0.9797255992889404,0.9483953714370728,0.9711482524871826,0.96283358335495,0.9279609322547913
gpt2,active_to_passive,active_to_passive,True,0.933704137802124,0.8656809329986572,0.8289709091186523,0.8945446014404297,0.8444616794586182,0.8007476329803467
gpt2,active_to_passive,active_to_passive,True,0.9305756092071533,0.8888641595840454,0.8583021759986877,0.9064432382583618,0.8672925233840942,0.8369233012199402
gpt2,active_to_passive,active_to_passive,True,0.9343681335449219,0.8379712104797363,0.8057130575180054,0.8271993398666382,0.7996397018432617,0.7522984743118286
gpt2,active_to_passive,active_to_passive,True,0.964922308921814,0.8926247358322144,0.8690913319587708,0.8979580402374268,0.8660562038421631,0.829059362411499
gpt2,active_to_passive,active_to_passive,True,0.9504597187042236,0.8834439516067505,0.8483446836471558,0.9077577590942383,0.8598897457122803,0.8147684335708618
gpt2,formalization,formalization,True,0.902743935585022,0.9722259640693665,0.9852409362792969,0.8879509568214417,0.9548784494400024,0.9648195505142212
gpt2,formalization,negation,False,0.9595564603805542,0.9566407799720764,0.9362197518348694,0.9619015455245972,0.9367282390594482,0.9166717529296875
gpt2,formalization,formalization,True,0.9349676370620728,0.9810389280319214,0.9863168597221375,0.9254488348960876,0.9642639756202698,0.9631975293159485
gpt2,formalization,formalization,True,0.9093292355537415,0.9635888338088989,0.985598087310791,0.9000320434570312,0.951299786567688,0.9643110632896423
gpt2,formalization,question,False,0.6311160922050476,0.747606635093689,0.8257035613059998,0.6184512376785278,0.7352467179298401,0.827208399772644
gpt2,negation,negation,True,0.9072778224945068,0.9472534656524658,0.9156748056411743,0.9920251369476318,0.9513359665870667,0.9195986986160278
gpt2,negation,negation,True,0.9299280047416687,0.9495418071746826,0.9074516296386719,0.9829455018043518,0.9378219842910767,0.8950999975204468
gpt2,negation,negation,True,0.7953994870185852,0.8179360628128052,0.7883447408676147,0.9177364706993103,0.8367881774902344,0.8033414483070374
gpt2,negation,negation,True,0.868777334690094,0.9052226543426514,0.8797117471694946,0.9678394794464111,0.9153582453727722,0.8827708959579468
gpt2,negation,negation,True,0.8974257111549377,0.959214985370636,0.9303650856018066,0.991787314414978,0.9682927131652832,0.9325662851333618
gpt2,question,question,True,0.8153943419456482,0.9088989496231079,0.8866353631019592,0.9334824085235596,0.9230428338050842,0.9340330362319946
gpt2,question,question,True,0.8188666105270386,0.8940436840057373,0.8993284702301025,0.8846585750579834,0.8911031484603882,0.923142671585083
gpt2,question,question,True,0.817002534866333,0.9403796792030334,0.9333559274673462,0.920895516872406,0.9530185461044312,0.9731038808822632
gpt2,question,question,True,0.808056116104126,0.9066634774208069,0.9328312873840332,0.8559126853942871,0.9005399942398071,0.9560254812240601
gpt2,question,question,True,0.8754546642303467,0.9467765092849731,0.951692521572113,0.938247799873352,0.9478665590286255,0.9720761775970459
gpt2,past_to_future,past_to_future,True,0.9077056050300598,0.976494312286377,0.946505069732666,0.9803749322891235,0.9866409301757812,0.945767879486084
gpt2,past_to_future,past_to_future,True,0.9280275106430054,0.9850116968154907,0.9656144380569458,0.9658673405647278,0.9857943654060364,0.9630687236785889
gpt2,past_to_future,negation,False,0.8954285979270935,0.9478970766067505,0.9201163053512573,0.9757877588272095,0.966742992401123,0.9211148023605347
gpt2,past_to_future,past_to_future,True,0.9275296330451965,0.9876168370246887,0.9789280891418457,0.9615095853805542,0.988303542137146,0.9690837264060974
gpt2,past_to_future,negation,False,0.5054104924201965,0.6515008807182312,0.6222928762435913,0.737980842590332,0.7191509008407593,0.6857340335845947
gpt2,certainty_to_uncertainty,certainty_to_uncertainty,True,0.9303492307662964,0.9934515953063965,0.9767947196960449,0.9763644337654114,0.9883272647857666,0.9675218462944031
gpt2,certainty_to_uncertainty,certainty_to_uncertainty,True,0.9368058443069458,0.9893848896026611,0.9638855457305908,0.9817471504211426,0.9832634925842285,0.9524914026260376
gpt2,certainty_to_uncertainty,formalization,False,0.8957371115684509,0.960857629776001,0.9730416536331177,0.9068942070007324,0.9482777118682861,0.9628554582595825
gpt2,certainty_to_uncertainty,certainty_to_uncertainty,True,0.9108490347862244,0.968283474445343,0.9613534808158875,0.9407803416252136,0.9571219682693481,0.9608957767486572
gpt2,certainty_to_uncertainty,certainty_to_uncertainty,True,0.9529917240142822,0.9798206686973572,0.9481067657470703,0.9798048734664917,0.9660935401916504,0.9294693470001221
gpt2,active_to_passive,active_to_passive,True,0.9437764286994934,0.8286861181259155,0.8160340785980225,0.8413901329040527,0.7974350452423096,0.7625227570533752
gpt2,active_to_passive,active_to_passive,True,0.964891791343689,0.9148122072219849,0.894379734992981,0.9310011863708496,0.8926852941513062,0.8667892217636108
gpt2,active_to_passive,active_to_passive,True,0.920748233795166,0.8015806674957275,0.7887153625488281,0.8263728618621826,0.7688688635826111,0.7378431558609009
gpt2,active_to_passive,active_to_passive,True,0.9714725613594055,0.8939335942268372,0.8811812400817871,0.8959996700286865,0.8676590919494629,0.8388673663139343
gpt2,active_to_passive,active_to_passive,True,0.9536541700363159,0.8537564873695374,0.8306865692138672,0.883743166923523,0.8261497616767883,0.7851784825325012
gpt2,formalization,formalization,True,0.9196504354476929,0.9733561277389526,0.9807420969009399,0.9187628030776978,0.9580932855606079,0.9596931338310242
gpt2,formalization,negation,False,0.9146904349327087,0.8784147500991821,0.8560789823532104,0.9232631921768188,0.8565950393676758,0.8350106477737427
gpt2,formalization,formalization,True,0.9340988397598267,0.9808933138847351,0.9923200607299805,0.9351130723953247,0.9683307409286499,0.9710478782653809
gpt2,formalization,formalization,True,0.8958550691604614,0.9439407587051392,0.9622657895088196,0.9231677055358887,0.9393694400787354,0.9475381374359131
gpt2,formalization,question,False,0.3619602620601654,0.43811991810798645,0.5297348499298096,0.36166471242904663,0.4305270314216614,0.5342288017272949
gpt2,negation,negation,True,0.9079404473304749,0.9755821824073792,0.9543863534927368,0.9865885972976685,0.9798698425292969,0.9561607837677002
gpt2,negation,negation,True,0.9293942451477051,0.9730945825576782,0.9413346648216248,0.9848241806030273,0.9632755517959595,0.9309464693069458
gpt2,negation,negation,True,0.8793178796768188,0.947361171245575,0.9346438646316528,0.9675136804580688,0.9560574293136597,0.9381033182144165
gpt2,negation,past_to_future,False,0.8796427249908447,0.9564239978790283,0.9468299150466919,0.9556554555892944,0.9633829593658447,0.9426911473274231
gpt2,negation,negation,True,0.9095542430877686,0.9717368483543396,0.9450600743293762,0.9747514724731445,0.9738737940788269,0.9346415400505066
gpt2,question,question,True,0.8368536233901978,0.9047201871871948,0.9174143671989441,0.8316638469696045,0.8946267366409302,0.9223858714103699
gpt2,question,question,True,0.8264986872673035,0.9285390973091125,0.960627019405365,0.8421753644943237,0.9173318147659302,0.9705373644828796
gpt2,question,question,True,0.8735556602478027,0.9724537134170532,0.9723289012908936,0.9105828404426575,0.9669408798217773,0.9817599654197693
gpt2,question,question,True,0.7205716371536255,0.8269935250282288,0.8832253813743591,0.7017219662666321,0.810391902923584,0.8852313756942749
gpt2,question,question,True,0.8556183576583862,0.9422733187675476,0.9665307402610779,0.8815314769744873,0.9372885227203369,0.9757680296897888
gpt2,past_to_future,past_to_future,True,0.9011713266372681,0.9796960949897766,0.9536604881286621,0.9592043161392212,0.9852681159973145,0.9464460015296936
gpt2,past_to_future,certainty_to_uncertainty,False,0.921269953250885,0.9839900732040405,0.9777106642723083,0.9232230186462402,0.9767849445343018,0.9623926877975464
gpt2,past_to_future,past_to_future,True,0.8074434995651245,0.9188615083694458,0.9262311458587646,0.8750908374786377,0.9449047446250916,0.9295700788497925
gpt2,past_to_future,formalization,False,0.8887452483177185,0.9632353186607361,0.9727693200111389,0.8928216695785522,0.9605259895324707,0.9539198279380798
gpt2,past_to_future,past_to_future,True,0.5125042200088501,0.7123062014579773,0.7235008478164673,0.6715269088745117,0.7740597724914551,0.7677604556083679
gpt2,certainty_to_uncertainty,certainty_to_uncertainty,True,0.9063660502433777,0.9883301854133606,0.9823476076126099,0.9451755285263062,0.9814000129699707,0.9719225168228149
gpt2,certainty_to_uncertainty,certainty_to_uncertainty,True,0.9297903776168823,0.9928499460220337,0.9742231965065002,0.9643471837043762,0.9841773509979248,0.9605624079704285
gpt2,certainty_to_uncertainty,formalization,False,0.8541286587715149,0.941306471824646,0.9710727334022522,0.8394740223884583,0.9231173992156982,0.9543137550354004
gpt2,certainty_to_uncertainty,formalization,False,0.8880787491798401,0.9736356139183044,0.9844074249267578,0.8967980742454529,0.9590403437614441,0.9795244336128235
gpt2,certainty_to_uncertainty,certainty_to_uncertainty,True,0.9418576955795288,0.9891986846923828,0.9630393981933594,0.9764292240142822,0.9757663011550903,0.9495565891265869
gpt2,active_to_passive,active_to_passive,True,0.6789757013320923,0.6239184141159058,0.65845787525177,0.6274378299713135,0.6257027387619019,0.6610516905784607
gpt2,active_to_passive,formalization,False,0.8667328953742981,0.8869279623031616,0.9067278504371643,0.8541055917739868,0.8776223063468933,0.903465747833252
gpt2,active_to_passive,formalization,False,0.9144777655601501,0.9023246765136719,0.9146636724472046,0.84422367811203,0.8806016445159912,0.889354407787323
gpt2,active_to_passive,formalization,False,0.951616644859314,0.9546668529510498,0.9556026458740234,0.9201074838638306,0.942359447479248,0.9351850748062134
gpt2,active_to_passive,active_to_passive,True,0.952231764793396,0.9436879754066467,0.9362900257110596,0.930059552192688,0.9324670433998108,0.9176758527755737
gpt2,formalization,formalization,True,0.8675622344017029,0.9525969624519348,0.9779950380325317,0.8556265830993652,0.9361262917518616,0.958815336227417
gpt2,formalization,certainty_to_uncertainty,False,0.9570444822311401,0.97105872631073,0.9628361463546753,0.9507647752761841,0.9485943913459778,0.9392151832580566
gpt2,formalization,formalization,True,0.8924281001091003,0.9626612663269043,0.9816771149635315,0.8886391520500183,0.9484755992889404,0.9619647264480591
gpt2,formalization,formalization,True,0.8420199751853943,0.9246090650558472,0.9604098796844482,0.8428762555122375,0.9156144857406616,0.944065272808075
gpt2,formalization,question,False,0.527360200881958,0.6629906296730042,0.7525073289871216,0.5188919901847839,0.6517381072044373,0.7546212673187256
gpt2,negation,negation,True,0.9064760208129883,0.9794067144393921,0.9521793127059937,0.9858368635177612,0.9851700067520142,0.9596264362335205
gpt2,negation,certainty_to_uncertainty,False,0.9433358907699585,0.9743164777755737,0.9434845447540283,0.9742237329483032,0.9619469046592712,0.9282706379890442
gpt2,negation,past_to_future,False,0.9099592566490173,0.9758849740028381,0.9551876187324524,0.9806396961212158,0.9821816682815552,0.9612837433815002
gpt2,negation,negation,True,0.9194033145904541,0.9802348613739014,0.953911304473877,0.985946774482727,0.9837745428085327,0.9545405507087708
gpt2,negation,negation,True,0.8902604579925537,0.9733210802078247,0.9435478448867798,0.9846793413162231,0.9840483665466309,0.9510467052459717
gpt2,question,past_to_future,False,0.8808737993240356,0.9732522964477539,0.9542255401611328,0.9469680786132812,0.9774980545043945,0.9749566316604614
gpt2,question,question,True,0.894852340221405,0.9821028113365173,0.9782173037528992,0.9293909072875977,0.9749325513839722,0.98625648021698
gpt2,question,question,True,0.8659515380859375,0.9751452207565308,0.9622026681900024,0.9310697913169861,0.9795646667480469,0.981048583984375
gpt2,question,question,True,0.8552903532981873,0.9603038430213928,0.9736132621765137,0.88109290599823,0.9521604776382446,0.9838042855262756
gpt2,question,question,True,0.8888839483261108,0.9810320734977722,0.9780558943748474,0.9393311142921448,0.9811999201774597,0.9919341206550598
gpt2,past_to_future,past_to_future,True,0.919158935546875,0.9874454140663147,0.9639915227890015,0.9668914079666138,0.9901075959205627,0.961566686630249
gpt2,past_to_future,past_to_future,True,0.9008161425590515,0.9803863167762756,0.9678096771240234,0.9400954246520996,0.9863355159759521,0.973562479019165
gpt2,past_to_future,past_to_future,True,0.8532789945602417,0.9535826444625854,0.9305295944213867,0.9462215304374695,0.9786676168441772,0.9490076303482056
gpt2,past_to_future,past_to_future,True,0.9108347296714783,0.9882174730300903,0.9774065613746643,0.9546563029289246,0.9930980801582336,0.9787970781326294
gpt2,past_to_future,past_to_future,True,0.7935630083084106,0.9222532510757446,0.8914573192596436,0.9346472024917603,0.9554649591445923,0.9281289577484131
gpt2,certainty_to_uncertainty,certainty_to_uncertainty,True,0.9106550812721252,0.9837614297866821,0.970007598400116,0.9453542232513428,0.982535719871521,0.9636523723602295
gpt2,certainty_to_uncertainty,certainty_to_uncertainty,True,0.9309483766555786,0.9946649074554443,0.9726538062095642,0.9681809544563293,0.9884248971939087,0.9648908376693726
gpt2,certainty_to_uncertainty,certainty_to_uncertainty,True,0.9093272089958191,0.9881500005722046,0.9842425584793091,0.9240477085113525,0.9773191213607788,0.9760129451751709
gpt2,certainty_to_uncertainty,certainty_to_uncertainty,True,0.9090555310249329,0.9893998503684998,0.9771584272384644,0.9373961687088013,0.9807363152503967,0.976537823677063
gpt2,certainty_to_uncertainty,certainty_to_uncertainty,True,0.9432110786437988,0.989072322845459,0.9619602560997009,0.9709887504577637,0.9772099852561951,0.9493315815925598
gpt2,active_to_passive,certainty_to_uncertainty,False,0.9565736651420593,0.9617849588394165,0.9287158846855164,0.9468076229095459,0.9473276734352112,0.9094839692115784
gpt2,active_to_passive,certainty_to_uncertainty,False,0.9453490972518921,0.9755671620368958,0.9476175308227539,0.9477472901344299,0.9621881246566772,0.9337525963783264
gpt2,active_to_passive,certainty_to_uncertainty,False,0.9577681422233582,0.9580903053283691,0.9262583255767822,0.932960033416748,0.9387639760971069,0.9008650779724121
gpt2,active_to_passive,certainty_to_uncertainty,False,0.957556426525116,0.9651616215705872,0.9353154897689819,0.9399436116218567,0.9500583410263062,0.911233127117157
gpt2,active_to_passive,certainty_to_uncertainty,False,0.9536097049713135,0.9606795310974121,0.9245719909667969,0.9521704912185669,0.9475443959236145,0.9056599736213684
gpt2,formalization,formalization,True,0.9029563665390015,0.9831581115722656,0.9839178323745728,0.9105019569396973,0.9717501401901245,0.9719796180725098
gpt2,formalization,certainty_to_uncertainty,False,0.9500402212142944,0.9778234958648682,0.9531063437461853,0.9648377895355225,0.9620953798294067,0.9383411407470703
gpt2,formalization,formalization,True,0.9140787124633789,0.984453558921814,0.9853609800338745,0.9222239255905151,0.9741715788841248,0.9715369343757629
gpt2,formalization,formalization,True,0.8969133496284485,0.985069215297699,0.9868621230125427,0.9325912594795227,0.9819373488426208,0.982928991317749
gpt2,formalization,question,False,0.7338207960128784,0.8771100640296936,0.9128357172012329,0.7753682732582092,0.8757376074790955,0.9274899363517761
gpt2,negation,negation,True,0.9128819704055786,0.9574423432350159,0.9213352203369141,0.9930551052093506,0.9602177739143372,0.9261528253555298
gpt2,negation,negation,True,0.9384348392486572,0.950641393661499,0.9084081649780273,0.9795336723327637,0.9372216463088989,0.8942385911941528
gpt2,negation,negation,True,0.933560848236084,0.9586622714996338,0.9268680810928345,0.9875165224075317,0.9563064575195312,0.9237179756164551
gpt2,negation,negation,True,0.9486734867095947,0.9587329626083374,0.921646773815155,0.9840552806854248,0.9521105289459229,0.9060410857200623
gpt2,negation,negation,True,0.912460446357727,0.972041130065918,0.941338300704956,0.9926880598068237,0.9770224690437317,0.9409618377685547
gpt2,question,question,True,0.8999511003494263,0.9706733226776123,0.9511874914169312,0.9582549333572388,0.9705453515052795,0.9730089902877808
gpt2,question,formalization,False,0.9285663366317749,0.9853147864341736,0.987791895866394,0.931442141532898,0.9701376557350159,0.9809046387672424
gpt2,question,question,True,0.8923801183700562,0.9823851585388184,0.97121661901474,0.9425798654556274,0.9810570478439331,0.9857573509216309
gpt2,question,formalization,False,0.9149165153503418,0.9716073274612427,0.98577880859375,0.8921208381652832,0.9516897201538086,0.9708724617958069
gpt2,question,certainty_to_uncertainty,False,0.9251809120178223,0.9871497750282288,0.9848706126213074,0.9511221647262573,0.9805331230163574,0.9862759113311768
gpt2,past_to_future,past_to_future,True,0.9138808846473694,0.9865931272506714,0.9619477987289429,0.9734756350517273,0.9912981390953064,0.9616449475288391
gpt2,past_to_future,certainty_to_uncertainty,False,0.9390249252319336,0.986569344997406,0.966627299785614,0.9581073522567749,0.9812971353530884,0.9579286575317383
gpt2,past_to_future,past_to_future,True,0.9192459583282471,0.9814836382865906,0.9622485041618347,0.9677318334579468,0.9877294301986694,0.9570726752281189
gpt2,past_to_future,certainty_to_uncertainty,False,0.9415322542190552,0.9872491955757141,0.9757099151611328,0.9400049448013306,0.9767138957977295,0.952908456325531
gpt2,past_to_future,past_to_future,True,0.8457752466201782,0.9387531280517578,0.9027450680732727,0.9555890560150146,0.965581476688385,0.9258631467819214
gpt2,certainty_to_uncertainty,certainty_to_uncertainty,True,0.9335759282112122,0.9952783584594727,0.9769710302352905,0.9628313183784485,0.9867280125617981,0.9648064970970154
gpt2,certainty_to_uncertainty,certainty_to_uncertainty,True,0.9337496757507324,0.9933252930641174,0.9679224491119385,0.9700706005096436,0.9856658577919006,0.9570634365081787
gpt2,certainty_to_uncertainty,certainty_to_uncertainty,True,0.9349498748779297,0.989001989364624,0.9882173538208008,0.9272890090942383,0.9717142581939697,0.9685389399528503
gpt2,certainty_to_uncertainty,certainty_to_uncertainty,True,0.9413809776306152,0.9928887486457825,0.9835647344589233,0.9449101686477661,0.9770916700363159,0.969832181930542
gpt2,certainty_to_uncertainty,certainty_to_uncertainty,True,0.9580491781234741,0.9781941771507263,0.9456712603569031,0.9701321125030518,0.961414098739624,0.9227051138877869
gpt2,active_to_passive,active_to_passive,True,0.9197297692298889,0.8550448417663574,0.8589901328086853,0.7765309810638428,0.8153247237205505,0.788212239742279
gpt2,active_to_passive,active_to_passive,True,0.9572140574455261,0.9393936991691589,0.93755042552948,0.8706161975860596,0.9052976369857788,0.8857836723327637
gpt2,active_to_passive,active_to_passive,True,0.9593387842178345,0.9058088064193726,0.8950399160385132,0.8514506816864014,0.8703885078430176,0.8360171318054199
gpt2,active_to_passive,active_to_passive,True,0.9600282907485962,0.9321064949035645,0.9197940826416016,0.8786795735359192,0.9018892049789429,0.8685038685798645
gpt2,active_to_passive,active_to_passive,True,0.9662416577339172,0.9229978322982788,0.9074487686157227,0.8788456916809082,0.8910578489303589,0.8527134656906128
gpt2,formalization,certainty_to_uncertainty,False,0.9341058731079102,0.9866164922714233,0.9862778186798096,0.9225155115127563,0.9692891240119934,0.9625039100646973
gpt2,formalization,certainty_to_uncertainty,False,0.9590303897857666,0.9761968851089478,0.9572872519493103,0.9649347066879272,0.959182620048523,0.9400677680969238
gpt2,formalization,certainty_to_uncertainty,False,0.9407426118850708,0.9877411127090454,0.9876720905303955,0.933746874332428,0.9727783203125,0.9645102620124817
gpt2,formalization,formalization,True,0.9423726797103882,0.9865283370018005,0.9908831119537354,0.9349392652511597,0.9726345539093018,0.965905487537384
gpt2,formalization,formalization,True,0.8713326454162598,0.9469238519668579,0.9736082553863525,0.8627703189849854,0.9312790036201477,0.9583010673522949
gpt2,negation,past_to_future,False,0.9215320348739624,0.9841107130050659,0.9601714611053467,0.9855221509933472,0.9863700270652771,0.9594919681549072
gpt2,negation,certainty_to_uncertainty,False,0.9469759464263916,0.9767442941665649,0.9489568471908569,0.9758117198944092,0.9638712406158447,0.9305467009544373
gpt2,negation,past_to_future,False,0.8850898742675781,0.9652848243713379,0.9477665424346924,0.972226619720459,0.9780337810516357,0.956373929977417
gpt2,negation,past_to_future,False,0.9033970832824707,0.9775469899177551,0.9621506929397583,0.9716629981994629,0.9848754405975342,0.9628102779388428
gpt2,negation,past_to_future,False,0.9108858108520508,0.9794438481330872,0.9542893171310425,0.9799411296844482,0.9836739301681519,0.9499832987785339
gpt2,question,certainty_to_uncertainty,False,0.9048315286636353,0.9773587584495544,0.9634539484977722,0.9447958469390869,0.9740691781044006,0.9769432544708252
gpt2,question,question,True,0.9031316637992859,0.9811280369758606,0.9856162071228027,0.9151726961135864,0.970553457736969,0.9867500066757202
gpt2,question,certainty_to_uncertainty,False,0.8936953544616699,0.981813371181488,0.9723527431488037,0.9312506914138794,0.9784821271896362,0.9798547029495239
gpt2,question,formalization,False,0.8549343347549438,0.9438521265983582,0.9676334261894226,0.845130205154419,0.9296506643295288,0.9653658866882324
gpt2,question,question,True,0.9005969762802124,0.9824418425559998,0.9833259582519531,0.933259904384613,0.9792450666427612,0.9904754161834717
gpt2,past_to_future,certainty_to_uncertainty,False,0.920566737651825,0.984018087387085,0.9585800766944885,0.9632156491279602,0.9835727214813232,0.9476422667503357
gpt2,past_to_future,certainty_to_uncertainty,False,0.9065154194831848,0.9797605276107788,0.9724231958389282,0.9182328581809998,0.9773150086402893,0.9650423526763916
gpt2,past_to_future,past_to_future,True,0.8668209910392761,0.9620925188064575,0.9542819261550903,0.9142455458641052,0.9780302047729492,0.952637255191803
gpt2,past_to_future,formalization,False,0.9051270484924316,0.9682102799415588,0.9728030562400818,0.8977115154266357,0.9603674411773682,0.9522879719734192
gpt2,past_to_future,past_to_future,True,0.8248865604400635,0.9457998275756836,0.928936243057251,0.9088890552520752,0.9695543050765991,0.9415857791900635
gpt2,certainty_to_uncertainty,certainty_to_uncertainty,True,0.9338247776031494,0.990549623966217,0.9774346947669983,0.949195146560669,0.9793803095817566,0.9591566324234009
gpt2,certainty_to_uncertainty,certainty_to_uncertainty,True,0.9383063316345215,0.9890849590301514,0.9655319452285767,0.9620845913887024,0.979650616645813,0.9488950371742249
gpt2,certainty_to_uncertainty,formalization,False,0.9155077338218689,0.9815732836723328,0.985499918460846,0.9028904438018799,0.9646402597427368,0.9667296409606934
gpt2,certainty_to_uncertainty,certainty_to_uncertainty,True,0.9177027344703674,0.9869070053100586,0.9812595844268799,0.9199947714805603,0.9731679558753967,0.9709523916244507
gpt2,certainty_to_uncertainty,certainty_to_uncertainty,True,0.950808048248291,0.9865920543670654,0.9627600312232971,0.9602806568145752,0.9703525900840759,0.9421684741973877
gpt2,active_to_passive,active_to_passive,True,0.9630842208862305,0.9473594427108765,0.915290892124176,0.9331892728805542,0.9287762641906738,0.8905239105224609
gpt2,active_to_passive,certainty_to_uncertainty,False,0.9597914814949036,0.9705250859260559,0.9469174146652222,0.9384037852287292,0.9528980851173401,0.9255267381668091
gpt2,active_to_passive,active_to_passive,True,0.9545983672142029,0.9411519169807434,0.9089556336402893,0.9137815237045288,0.9196097254753113,0.8796834945678711
gpt2,active_to_passive,active_to_passive,True,0.9634700417518616,0.9425060749053955,0.9139416217803955,0.9220110177993774,0.9226256012916565,0.8825823068618774
gpt2,active_to_passive,active_to_passive,True,0.9610378742218018,0.9383423328399658,0.9041283130645752,0.9305367469787598,0.9195583462715149,0.8758761882781982
gpt2,formalization,formalization,True,0.9092972874641418,0.9765153527259827,0.9829043745994568,0.893728494644165,0.960462749004364,0.960909366607666
gpt2,formalization,certainty_to_uncertainty,False,0.9587706327438354,0.9763067364692688,0.9557737112045288,0.9541388750076294,0.9574193954467773,0.93308025598526
gpt2,formalization,formalization,True,0.9235462546348572,0.9794631600379944,0.9824610948562622,0.9138755798339844,0.9643996953964233,0.9597584009170532
gpt2,formalization,formalization,True,0.910032331943512,0.9768949151039124,0.9852226376533508,0.9091435670852661,0.9673812389373779,0.9662858247756958
gpt2,formalization,formalization,True,0.7960966229438782,0.8957486152648926,0.9398142099380493,0.7727020978927612,0.8808689713478088,0.9266743063926697
gpt2,negation,negation,True,0.9288049936294556,0.9779942035675049,0.950224757194519,0.9851769208908081,0.9769107103347778,0.9483510851860046
gpt2,negation,negation,True,0.9464343786239624,0.9561371803283691,0.9256100654602051,0.9609136581420898,0.9367728233337402,0.9016501903533936
gpt2,negation,negation,True,0.855553150177002,0.8981422185897827,0.8869946002960205,0.9208681583404541,0.905119776725769,0.886678159236908
gpt2,negation,negation,True,0.9188638925552368,0.9657238721847534,0.9433486461639404,0.9818036556243896,0.9688453674316406,0.9378412961959839
gpt2,negation,negation,True,0.8811221122741699,0.9584813117980957,0.9319745302200317,0.9699690937995911,0.9683614373207092,0.9334753155708313
gpt2,question,question,True,0.8872316479682922,0.9548673629760742,0.9423164129257202,0.9209786653518677,0.9531833529472351,0.9587178230285645
gpt2,question,question,True,0.8846231698989868,0.9671396017074585,0.9799588918685913,0.8960580229759216,0.9550880789756775,0.9864717125892639
gpt2,question,question,True,0.8689606189727783,0.9689486622810364,0.9625781774520874,0.914815366268158,0.9688869714736938,0.9777581691741943
gpt2,question,formalization,False,0.7655332088470459,0.8540608882904053,0.8987123966217041,0.7283648252487183,0.8340601921081543,0.8932307362556458
gpt2,question,question,True,0.8841351270675659,0.963250458240509,0.9752194881439209,0.908719539642334,0.9599078297615051,0.985061764717102
gpt2,past_to_future,past_to_future,True,0.9026248455047607,0.9653476476669312,0.951633095741272,0.920864462852478,0.967610239982605,0.9371168613433838
gpt2,past_to_future,formalization,False,0.8847376108169556,0.9522619247436523,0.9553537368774414,0.8704707622528076,0.9511104822158813,0.9403356909751892
gpt2,past_to_future,past_to_future,True,0.9066246151924133,0.9527735710144043,0.9454390406608582,0.8953367471694946,0.9561426639556885,0.9216325283050537
gpt2,past_to_future,formalization,False,0.9051551818847656,0.969382643699646,0.9745177626609802,0.8978866338729858,0.9645332098007202,0.9552673697471619
gpt2,past_to_future,past_to_future,True,0.7946792244911194,0.8915437459945679,0.8950520753860474,0.8233582377433777,0.9106227159500122,0.890528678894043
gpt2,certainty_to_uncertainty,certainty_to_uncertainty,True,0.9130673408508301,0.9866200685501099,0.9813709259033203,0.9341249465942383,0.9774739742279053,0.965854287147522
gpt2,certainty_to_uncertainty,certainty_to_uncertainty,True,0.9287512302398682,0.9907786250114441,0.9731288552284241,0.9534605741500854,0.9808449149131775,0.9570763111114502
gpt2,certainty_to_uncertainty,formalization,False,0.8936793804168701,0.9671648144721985,0.9786146879196167,0.8764962553977966,0.9489688873291016,0.9597101807594299
gpt2,certainty_to_uncertainty,certainty_to_uncertainty,True,0.9093658924102783,0.9819856882095337,0.9808976054191589,0.9094585180282593,0.966397762298584,0.9723740220069885
gpt2,certainty_to_uncertainty,certainty_to_uncertainty,True,0.9467799663543701,0.9882020950317383,0.9604477286338806,0.9693117141723633,0.9736437797546387,0.9434455633163452
gpt2,active_to_passive,active_to_passive,True,0.9309508800506592,0.8484377861022949,0.83918297290802,0.796351432800293,0.8133161067962646,0.777809739112854
gpt2,active_to_passive,active_to_passive,True,0.952966034412384,0.9208465218544006,0.9121845960617065,0.8616559505462646,0.8901858329772949,0.86627596616745
gpt2,active_to_passive,active_to_passive,True,0.8951157331466675,0.8147628903388977,0.8069369196891785,0.7433479428291321,0.7737675905227661,0.7396491169929504
gpt2,active_to_passive,active_to_passive,True,0.9362486600875854,0.8802245855331421,0.8677605390548706,0.8262202739715576,0.8494378328323364,0.8115657567977905
gpt2,active_to_passive,active_to_passive,True,0.9561777114868164,0.9041140079498291,0.880908191204071,0.8720448613166809,0.8765978217124939,0.8321729302406311
gpt2,formalization,formalization,True,0.8829606175422668,0.9551187753677368,0.9704435467720032,0.8538746237754822,0.9359893798828125,0.9444575309753418
gpt2,formalization,certainty_to_uncertainty,False,0.961761474609375,0.9673943519592285,0.9509738087654114,0.9491320848464966,0.9445315003395081,0.9266205430030823
gpt2,formalization,formalization,True,0.8972434401512146,0.9501018524169922,0.9646405577659607,0.8674662113189697,0.9326393008232117,0.9353111386299133
gpt2,formalization,formalization,True,0.8639488220214844,0.9309494495391846,0.9588786959648132,0.8447720408439636,0.9188510775566101,0.9335278272628784
gpt2,formalization,question,False,0.49478426575660706,0.6391118168830872,0.7242916822433472,0.47579750418663025,0.6293043494224548,0.725966215133667
gpt2,negation,negation,True,0.7714835405349731,0.8522571921348572,0.8317463397979736,0.9257849454879761,0.875927746295929,0.8654260039329529
gpt2,negation,negation,True,0.89289391040802,0.9285019636154175,0.8878485560417175,0.9808155298233032,0.9246015548706055,0.8899344205856323
gpt2,negation,negation,True,0.513634204864502,0.5878221988677979,0.5790740251541138,0.7097753286361694,0.6277996301651001,0.6390076279640198
gpt2,negation,negation,True,0.7247765064239502,0.7862939834594727,0.7702276706695557,0.8738461136817932,0.8124634027481079,0.7963427305221558
gpt2,negation,negation,True,0.7710893154144287,0.8788825273513794,0.8557369709014893,0.9375663995742798,0.9075548648834229,0.8873342275619507
gpt2,question,question,True,0.6177048087120056,0.7257618308067322,0.7174550890922546,0.7855493426322937,0.7575393915176392,0.7975060939788818
gpt2,question,question,True,0.7754980325698853,0.876203179359436,0.9026750922203064,0.8341228365898132,0.8730239868164062,0.9264266490936279
gpt2,question,question,True,0.6873540282249451,0.8485555052757263,0.8593013286590576,0.8232921957969666,0.870217502117157,0.9207276105880737
gpt2,question,question,True,0.7199905514717102,0.8329451680183411,0.8831268548965454,0.7560253143310547,0.8268351554870605,0.9049510359764099
gpt2,question,question,True,0.7968859672546387,0.9038769602775574,0.9205714464187622,0.8849048614501953,0.9131580591201782,0.9552396535873413
gpt2,past_to_future,negation,False,0.8451440930366516,0.9380567073822021,0.9174007773399353,0.9606378078460693,0.9587277173995972,0.933775782585144
gpt2,past_to_future,past_to_future,True,0.8161342144012451,0.8987209796905518,0.8900318145751953,0.9049532413482666,0.9123407006263733,0.9111406803131104
gpt2,past_to_future,question,False,0.41719067096710205,0.560807466506958,0.5808675289154053,0.5973890423774719,0.6139717102050781,0.6346791982650757
gpt2,past_to_future,formalization,False,0.8883543610572815,0.9617182016372681,0.9657559990882874,0.93686842918396,0.9652873277664185,0.961653470993042
gpt2,past_to_future,question,False,-0.30713748931884766,-0.14649906754493713,-0.1266966462135315,-0.07671263813972473,-0.07148146629333496,-0.03336426615715027
gpt2,certainty_to_uncertainty,past_to_future,False,0.8800277709960938,0.9769231081008911,0.9636704325675964,0.9626510143280029,0.9806056022644043,0.9729999303817749
gpt2,certainty_to_uncertainty,past_to_future,False,0.8878823518753052,0.9749055504798889,0.9531148076057434,0.9744669198989868,0.9772698879241943,0.9613878130912781
gpt2,certainty_to_uncertainty,question,False,0.8085582256317139,0.9157854318618774,0.9399040937423706,0.8480788469314575,0.9097892045974731,0.9418408274650574
gpt2,certainty_to_uncertainty,question,False,0.8393222093582153,0.9321426749229431,0.9417008757591248,0.8931443691253662,0.9267439842224121,0.9515814781188965
gpt2,certainty_to_uncertainty,certainty_to_uncertainty,True,0.9496580958366394,0.9829667806625366,0.956863284111023,0.9821618795394897,0.9684350490570068,0.9430803060531616
gpt2,active_to_passive,negation,False,-0.1487000286579132,-0.18606118857860565,-0.14621815085411072,-0.11604399979114532,-0.1688746064901352,-0.1260797083377838
gpt2,active_to_passive,question,False,-0.06821753084659576,-0.028543710708618164,0.009573608636856079,0.020269066095352173,-0.004853665828704834,0.051024630665779114
gpt2,active_to_passive,question,False,0.26948678493499756,0.24431708455085754,0.28727519512176514,0.2829013764858246,0.24752277135849,0.29353067278862
gpt2,active_to_passive,negation,False,0.36133813858032227,0.3551288843154907,0.3858261704444885,0.40573185682296753,0.36790362000465393,0.40027812123298645
gpt2,active_to_passive,negation,False,0.2810107469558716,0.24703150987625122,0.2638377845287323,0.3335748314857483,0.2606174349784851,0.27511000633239746
gpt2,formalization,formalization,True,0.8407583832740784,0.9324495792388916,0.9520349502563477,0.874959409236908,0.9246300458908081,0.9449468851089478
gpt2,formalization,negation,False,0.851521372795105,0.8965622186660767,0.8909634947776794,0.9137905836105347,0.8895199298858643,0.894634485244751
gpt2,formalization,formalization,True,0.8958048820495605,0.9738840460777283,0.9857422709465027,0.934171199798584,0.9673494100570679,0.978540301322937
gpt2,formalization,question,False,0.7583324909210205,0.8634698390960693,0.8959629535675049,0.8351358771324158,0.8705377578735352,0.9059445858001709
gpt2,formalization,question,False,0.21941901743412018,0.363200306892395,0.4398348331451416,0.3076767027378082,0.3761600852012634,0.47692006826400757
gpt2,negation,negation,True,0.9135280847549438,0.9513835310935974,0.9152912497520447,0.9943303465843201,0.9556149840354919,0.9190388917922974
gpt2,negation,negation,True,0.9394713640213013,0.9415189027786255,0.8987228274345398,0.9786016941070557,0.9289321899414062,0.882750391960144
gpt2,negation,negation,True,0.8852071762084961,0.9077355265617371,0.8714865446090698,0.9749107360839844,0.9182131290435791,0.8804254531860352
gpt2,negation,negation,True,0.9237107634544373,0.9417739510536194,0.9031362533569336,0.9907182455062866,0.9448693990707397,0.898830771446228
gpt2,negation,negation,True,0.8867536187171936,0.9455922842025757,0.9115132093429565,0.9909955263137817,0.958724319934845,0.9201352596282959
gpt2,question,question,True,0.9055907726287842,0.9636859893798828,0.9443488121032715,0.9583513736724854,0.9638736844062805,0.9658898115158081
gpt2,question,question,True,0.881936252117157,0.9574691653251648,0.9670268297195435,0.9151856899261475,0.9499818086624146,0.9800124168395996
gpt2,question,question,True,0.8923232555389404,0.9810066819190979,0.9683319330215454,0.9528294801712036,0.9832669496536255,0.9880119562149048
gpt2,question,question,True,0.8446158170700073,0.9289700984954834,0.9619183540344238,0.8468717932701111,0.9155511856079102,0.969108521938324
gpt2,question,question,True,0.8929703235626221,0.9652748703956604,0.9706622362136841,0.9409240484237671,0.9653050899505615,0.9861807227134705
gpt2,past_to_future,past_to_future,True,0.921705961227417,0.9827502965927124,0.9589272737503052,0.978722333908081,0.9906725883483887,0.9549486041069031
gpt2,past_to_future,past_to_future,True,0.9328439235687256,0.9846135973930359,0.9678059220314026,0.9633510112762451,0.9864465594291687,0.9649902582168579
gpt2,past_to_future,past_to_future,True,0.9398565292358398,0.9647354483604431,0.9471019506454468,0.9648192524909973,0.9724539518356323,0.9306926727294922
gpt2,past_to_future,formalization,False,0.9342409372329712,0.9823439121246338,0.9852759838104248,0.9452625513076782,0.9817572832107544,0.9707229137420654
gpt2,past_to_future,past_to_future,True,0.8335789442062378,0.9231290817260742,0.9042989611625671,0.9295220375061035,0.9559623003005981,0.9168396592140198
gpt2,certainty_to_uncertainty,certainty_to_uncertainty,True,0.9266400933265686,0.9929622411727905,0.987047553062439,0.9580334424972534,0.9878883361816406,0.9759231209754944
gpt2,certainty_to_uncertainty,certainty_to_uncertainty,True,0.9335377216339111,0.9943954944610596,0.9760245680809021,0.9747821092605591,0.9899980425834656,0.9660736918449402
gpt2,certainty_to_uncertainty,formalization,False,0.8909943699836731,0.9677499532699585,0.9833008646965027,0.8961342573165894,0.9546104073524475,0.9748972058296204
gpt2,certainty_to_uncertainty,certainty_to_uncertainty,True,0.9074187278747559,0.9804760813713074,0.9798026084899902,0.9284924268722534,0.9701752662658691,0.9800504446029663
gpt2,certainty_to_uncertainty,certainty_to_uncertainty,True,0.9525575637817383,0.9832135438919067,0.9537087678909302,0.9793258309364319,0.9703314304351807,0.9365402460098267
gpt2,active_to_passive,active_to_passive,True,0.9136022329330444,0.7974424958229065,0.7877881526947021,0.7852017283439636,0.7672094702720642,0.7379729151725769
gpt2,active_to_passive,active_to_passive,True,0.9522403478622437,0.9379081726074219,0.9230377674102783,0.9269295930862427,0.9212243556976318,0.9084005951881409
gpt2,active_to_passive,active_to_passive,True,0.9286569356918335,0.8519437313079834,0.8475815653800964,0.8151534795761108,0.8207076787948608,0.7992688417434692
gpt2,active_to_passive,active_to_passive,True,0.974236249923706,0.9489238262176514,0.9343874454498291,0.9200276136398315,0.9300203323364258,0.9030507802963257
gpt2,active_to_passive,active_to_passive,True,0.9523357152938843,0.8922333717346191,0.8673587441444397,0.9002667665481567,0.8755270838737488,0.8371966481208801
gpt2,formalization,formalization,True,0.8765581846237183,0.9430918097496033,0.9721189141273499,0.841105580329895,0.9244033694267273,0.9452235698699951
gpt2,formalization,negation,False,0.9418109655380249,0.9518698453903198,0.9326381683349609,0.9612849950790405,0.9380912780761719,0.9224506616592407
gpt2,formalization,formalization,True,0.9200549721717834,0.9703370332717896,0.9868703484535217,0.9051045179367065,0.9550759196281433,0.9621003270149231
gpt2,formalization,formalization,True,0.8942341804504395,0.9467558860778809,0.9769443273544312,0.8809079527854919,0.9358747005462646,0.9535125494003296
gpt2,formalization,question,False,0.32193806767463684,0.44434136152267456,0.5548168420791626,0.30324721336364746,0.4397839605808258,0.5642796158790588
gpt2,negation,negation,True,0.9302929639816284,0.9767512083053589,0.9424856901168823,0.9907047748565674,0.974246621131897,0.9401967525482178
gpt2,negation,negation,True,0.9477559328079224,0.9658767580986023,0.9291161298751831,0.9747514724731445,0.9501001238822937,0.9106438755989075
gpt2,negation,negation,True,0.9230478405952454,0.9628236293792725,0.9258195161819458,0.9873238801956177,0.9616512656211853,0.9247605800628662
gpt2,negation,negation,True,0.9445468187332153,0.9614139199256897,0.9192410707473755,0.9820430278778076,0.954085111618042,0.9036006927490234
gpt2,negation,negation,True,0.9174749255180359,0.9717504382133484,0.9354968070983887,0.9929499626159668,0.9735759496688843,0.9317560195922852
gpt2,question,certainty_to_uncertainty,False,0.9164003133773804,0.9797833561897278,0.9599951505661011,0.9566143155097961,0.9756217002868652,0.9693567752838135
gpt2,question,certainty_to_uncertainty,False,0.9292240142822266,0.9888566732406616,0.984763503074646,0.9432637095451355,0.9764479398727417,0.9821576476097107
gpt2,question,certainty_to_uncertainty,False,0.9083460569381714,0.9863793253898621,0.9683842062950134,0.9514356255531311,0.9825714230537415,0.9763164520263672
gpt2,question,formalization,False,0.9143012166023254,0.9756273031234741,0.9865971803665161,0.900117039680481,0.9578771591186523,0.9766640067100525
gpt2,question,certainty_to_uncertainty,False,0.9342315793037415,0.9891026616096497,0.9807307124137878,0.958687424659729,0.9813417196273804,0.9801197052001953
gpt2,past_to_future,certainty_to_uncertainty,False,0.9208056926727295,0.984373927116394,0.9539847373962402,0.9704229831695557,0.9836945533752441,0.9490818977355957
gpt2,past_to_future,certainty_to_uncertainty,False,0.937495768070221,0.9874425530433655,0.9613690376281738,0.9653401374816895,0.9810317754745483,0.9534075856208801
gpt2,past_to_future,past_to_future,True,0.925116777420044,0.9868641495704651,0.9609524011611938,0.9742031097412109,0.9917453527450562,0.9563167095184326
gpt2,past_to_future,certainty_to_uncertainty,False,0.9358838200569153,0.9926906824111938,0.9796808958053589,0.9504419565200806,0.9853208065032959,0.9653011560440063
gpt2,past_to_future,past_to_future,True,0.8451400399208069,0.9528431296348572,0.9167018532752991,0.9560219049453735,0.9754211902618408,0.9356284141540527
gpt2,certainty_to_uncertainty,certainty_to_uncertainty,True,0.9319079518318176,0.9938977956771851,0.9744446277618408,0.9607242345809937,0.9853584170341492,0.9629967212677002
gpt2,certainty_to_uncertainty,certainty_to_uncertainty,True,0.927445113658905,0.9930335283279419,0.9690665006637573,0.9671449065208435,0.9867334961891174,0.9606213569641113
gpt2,certainty_to_uncertainty,certainty_to_uncertainty,True,0.9397639036178589,0.9908450841903687,0.9849681854248047,0.9346392750740051,0.9734007120132446,0.9657442569732666
gpt2,certainty_to_uncertainty,certainty_to_uncertainty,True,0.9428184628486633,0.9920680522918701,0.9766117334365845,0.9511124491691589,0.9768881797790527,0.9649817943572998
gpt2,certainty_to_uncertainty,certainty_to_uncertainty,True,0.945375919342041,0.9822622537612915,0.9489471912384033,0.9736679792404175,0.9692329168319702,0.9338599443435669
gpt2,active_to_passive,active_to_passive,True,0.9476126432418823,0.8427248001098633,0.8209640979766846,0.8577255606651306,0.8186215162277222,0.7771109342575073
gpt2,active_to_passive,active_to_passive,True,0.9770112037658691,0.9295691251754761,0.915729284286499,0.9182881712913513,0.907097339630127,0.8805199861526489
gpt2,active_to_passive,active_to_passive,True,0.9697436690330505,0.8962818384170532,0.8784860968589783,0.875365138053894,0.8665491938591003,0.8297064900398254
gpt2,active_to_passive,active_to_passive,True,0.9780707359313965,0.9449200630187988,0.9191151261329651,0.9312283992767334,0.9239521622657776,0.8834813833236694
gpt2,active_to_passive,active_to_passive,True,0.976930558681488,0.9300699830055237,0.9022787809371948,0.9334843754768372,0.9100080728530884,0.867828369140625
gpt2,formalization,certainty_to_uncertainty,False,0.9347476959228516,0.989250659942627,0.9844897389411926,0.931344747543335,0.973157525062561,0.963900089263916
gpt2,formalization,active_to_passive,False,0.9660678505897522,0.9590709805488586,0.9341092109680176,0.9592870473861694,0.9377363324165344,0.9093649387359619
gpt2,formalization,certainty_to_uncertainty,False,0.9452802538871765,0.9894071817398071,0.9853693842887878,0.9415634274482727,0.9738900661468506,0.9626470804214478
gpt2,formalization,formalization,True,0.9420247077941895,0.9882370233535767,0.9893853068351746,0.9420531988143921,0.9762725234031677,0.9675313234329224
gpt2,formalization,formalization,True,0.8667547702789307,0.9457745552062988,0.9718887805938721,0.8626279234886169,0.9304224252700806,0.9601302742958069
gpt2,negation,negation,True,0.9210858941078186,0.9723272323608398,0.9463840126991272,0.9918404817581177,0.9738919138908386,0.9495746493339539
gpt2,negation,negation,True,0.9444293975830078,0.9610435962677002,0.929827094078064,0.9788088202476501,0.9463100433349609,0.9146736860275269
gpt2,negation,negation,True,0.8930532932281494,0.9354425668716431,0.921172022819519,0.9602570533752441,0.9406474828720093,0.9251170754432678
gpt2,negation,negation,True,0.9335342645645142,0.9653476476669312,0.9354209899902344,0.9875385165214539,0.9644598960876465,0.9272370338439941
gpt2,negation,negation,True,0.8811097145080566,0.9615054130554199,0.9333392381668091,0.9841288924217224,0.9729032516479492,0.9430733323097229
gpt2,question,question,True,0.8876532912254333,0.9612851738929749,0.9453198909759521,0.9465429186820984,0.9615654945373535,0.9727085828781128
gpt2,question,question,True,0.8719574213027954,0.963565468788147,0.9744452238082886,0.9037279486656189,0.9560977220535278,0.989022433757782
gpt2,question,question,True,0.8655571341514587,0.9721535444259644,0.964523196220398,0.9295079708099365,0.9748330116271973,0.9886433482170105
gpt2,question,question,True,0.7986918687820435,0.8980614542961121,0.9374158382415771,0.7925311923027039,0.883712649345398,0.9441960453987122
gpt2,question,question,True,0.886156439781189,0.9696292281150818,0.9777736067771912,0.9270647764205933,0.969066321849823,0.9930149912834167
gpt2,past_to_future,past_to_future,True,0.9078741669654846,0.9827606678009033,0.9624165892601013,0.9642740488052368,0.9910334348678589,0.96181321144104
gpt2,past_to_future,past_to_future,True,0.9251837730407715,0.9911389350891113,0.9783352613449097,0.952900767326355,0.9916345477104187,0.9754217863082886
gpt2,past_to_future,past_to_future,True,0.9120814800262451,0.9745339155197144,0.9623931646347046,0.9506688117980957,0.987075686454773,0.9570194482803345
gpt2,past_to_future,certainty_to_uncertainty,False,0.9181065559387207,0.9879904389381409,0.9863108396530151,0.9454542398452759,0.9876418113708496,0.9793304800987244
gpt2,past_to_future,past_to_future,True,0.7965787649154663,0.9197317361831665,0.9100279808044434,0.9027988314628601,0.95323246717453,0.932299792766571
gpt2,certainty_to_uncertainty,certainty_to_uncertainty,True,0.9133018851280212,0.9929711222648621,0.9855332374572754,0.9514143466949463,0.9864295125007629,0.9775805473327637
gpt2,certainty_to_uncertainty,certainty_to_uncertainty,True,0.9242613315582275,0.9946938157081604,0.9758763313293457,0.9683302044868469,0.9884571433067322,0.9681176543235779
gpt2,certainty_to_uncertainty,formalization,False,0.8912842273712158,0.9757175445556641,0.9858496785163879,0.8949763774871826,0.9618872404098511,0.9761111736297607
gpt2,certainty_to_uncertainty,certainty_to_uncertainty,True,0.8993997573852539,0.9849421381950378,0.9815232753753662,0.9241511821746826,0.9751380085945129,0.983147919178009
gpt2,certainty_to_uncertainty,certainty_to_uncertainty,True,0.9426699280738831,0.9893453121185303,0.9616450071334839,0.9758303165435791,0.9766696691513062,0.9488974809646606
gpt2,active_to_passive,active_to_passive,True,0.9840970039367676,0.9417664408683777,0.9329374432563782,0.90506911277771,0.915404200553894,0.8923892378807068
gpt2,active_to_passive,active_to_passive,True,0.9742099046707153,0.9686007499694824,0.9646921157836914,0.9224036335945129,0.9457986950874329,0.9347076416015625
gpt2,active_to_passive,active_to_passive,True,0.9670907258987427,0.9393876194953918,0.9297232627868652,0.8858028054237366,0.9110689759254456,0.8891661167144775
gpt2,active_to_passive,active_to_passive,True,0.9813553094863892,0.9474080204963684,0.9402958750724792,0.9061076045036316,0.9224984049797058,0.8993178606033325
gpt2,active_to_passive,active_to_passive,True,0.9845289587974548,0.9509012699127197,0.9394553899765015,0.9197953939437866,0.927528977394104,0.9002552628517151
gpt2,formalization,formalization,True,0.8792144060134888,0.9642686247825623,0.9804308414459229,0.8705407977104187,0.9496315121650696,0.9634469747543335
gpt2,formalization,certainty_to_uncertainty,False,0.9587715268135071,0.972669780254364,0.9588474035263062,0.9557579755783081,0.952664852142334,0.9399210214614868
gpt2,formalization,formalization,True,0.9153392314910889,0.9761900305747986,0.9859840273857117,0.9083415865898132,0.9617586135864258,0.9652575254440308
gpt2,formalization,formalization,True,0.8783189058303833,0.9535528421401978,0.9783844947814941,0.8798467516899109,0.945302426815033,0.9622226357460022
gpt2,formalization,question,False,0.5247330665588379,0.6773348450660706,0.7568366527557373,0.5355771780014038,0.6732023358345032,0.7705243229866028
gpt2,negation,negation,True,0.6692872643470764,0.7197018265724182,0.6795160174369812,0.8464047908782959,0.7546889781951904,0.726231575012207
gpt2,negation,negation,True,0.8045496940612793,0.846672773361206,0.7982082366943359,0.9395526647567749,0.8525046110153198,0.812711238861084
gpt2,negation,negation,True,-0.26729243993759155,-0.19900251924991608,-0.18270421028137207,-0.06483252346515656,-0.13732124865055084,-0.10383684933185577
gpt2,negation,negation,True,0.28806307911872864,0.2278136909008026,0.19196000695228577,0.36370107531547546,0.2512952983379364,0.20338107645511627
gpt2,negation,negation,True,0.4552678167819977,0.5959341526031494,0.5646741390228271,0.6932495832443237,0.6588708758354187,0.6304681897163391
gpt2,question,question,True,0.5997985005378723,0.7683185338973999,0.7818601131439209,0.7615401148796082,0.7962994575500488,0.8666154146194458
gpt2,question,question,True,0.7834838032722473,0.8947873115539551,0.9223110675811768,0.8364856839179993,0.8864136934280396,0.9481744766235352
gpt2,question,question,True,0.7537950277328491,0.9053127765655518,0.9145452380180359,0.8518515825271606,0.9149948358535767,0.956464946269989
gpt2,question,question,True,0.6241307258605957,0.7461247444152832,0.8123772144317627,0.6362193822860718,0.7307037115097046,0.8328876495361328
gpt2,question,question,True,0.8377397656440735,0.9198006391525269,0.9448426961898804,0.8820914030075073,0.9162404537200928,0.9641340970993042
gpt2,past_to_future,question,False,-0.6174812912940979,-0.46181923151016235,-0.4146154820919037,-0.4741424322128296,-0.37793880701065063,-0.3456253409385681
gpt2,past_to_future,question,False,-0.22168312966823578,-0.049545809626579285,0.005675360560417175,-0.09252101182937622,0.03459356352686882,0.10066987574100494
gpt2,past_to_future,past_to_future,True,-0.7135250568389893,-0.6182713508605957,-0.6199830770492554,-0.5400398969650269,-0.5337826013565063,-0.5472546219825745
gpt2,past_to_future,question,False,0.6080347299575806,0.7200179100036621,0.7530442476272583,0.6691797971725464,0.7568783760070801,0.7654702067375183
gpt2,past_to_future,past_to_future,True,0.16218169033527374,0.3811057507991791,0.3530108332633972,0.4536375105381012,0.46557122468948364,0.45725932717323303
gpt2,certainty_to_uncertainty,question,False,-0.011533617973327637,0.1939719021320343,0.2221325784921646,0.20695574581623077,0.2589702606201172,0.2963527739048004
gpt2,certainty_to_uncertainty,certainty_to_uncertainty,True,0.9039242267608643,0.985609233379364,0.9719356298446655,0.9614663124084473,0.9812593460083008,0.9688163995742798
gpt2,certainty_to_uncertainty,formalization,False,0.8587630391120911,0.9527748227119446,0.9755148887634277,0.869036078453064,0.9350970387458801,0.9668089151382446
gpt2,certainty_to_uncertainty,question,False,0.8765207529067993,0.9683746099472046,0.973246693611145,0.9077467918395996,0.9537021517753601,0.9771857261657715
gpt2,certainty_to_uncertainty,certainty_to_uncertainty,True,0.9414031505584717,0.9812510013580322,0.952627420425415,0.9802302122116089,0.9666799306869507,0.9407985210418701
gpt2,active_to_passive,active_to_passive,True,0.6756031513214111,0.4580136835575104,0.4725523591041565,0.4673672318458557,0.40794843435287476,0.388153076171875
gpt2,active_to_passive,active_to_passive,True,0.8999825119972229,0.8206102848052979,0.8347976207733154,0.7921069860458374,0.7805794477462769,0.7823586463928223
gpt2,active_to_passive,active_to_passive,True,0.9276171326637268,0.8372535109519958,0.8410855531692505,0.7887439727783203,0.7912157773971558,0.7749717235565186
gpt2,active_to_passive,active_to_passive,True,0.9409412145614624,0.8530395030975342,0.864941418170929,0.8165252208709717,0.8165956735610962,0.8056492209434509
gpt2,active_to_passive,active_to_passive,True,0.912828803062439,0.7952396273612976,0.7882986068725586,0.7997313141822815,0.757920503616333,0.7265153527259827
gpt2,formalization,formalization,True,0.8450068235397339,0.9452347755432129,0.9702379703521729,0.8562503457069397,0.9286367893218994,0.95774906873703
gpt2,formalization,certainty_to_uncertainty,False,0.9382097125053406,0.951594889163971,0.9381223320960999,0.9469118118286133,0.9297511577606201,0.9197418689727783
gpt2,formalization,formalization,True,0.8805426359176636,0.9480025768280029,0.9723560810089111,0.8760227560997009,0.931810736656189,0.9509479999542236
gpt2,formalization,formalization,True,0.8220385909080505,0.9148300290107727,0.9502054452896118,0.8515725135803223,0.9082751870155334,0.9420714378356934
gpt2,formalization,question,False,0.047028228640556335,0.21453548967838287,0.31774649024009705,0.10738647729158401,0.21640674769878387,0.355700820684433
gpt2,negation,negation,True,0.8157633543014526,0.8748999834060669,0.8505294919013977,0.9449900388717651,0.8864301443099976,0.858258843421936
gpt2,negation,negation,True,0.9343425631523132,0.9346725940704346,0.9041153192520142,0.9673641324043274,0.9148180484771729,0.8775522708892822
gpt2,negation,negation,True,0.28432509303092957,0.33851364254951477,0.3422320783138275,0.4842304289340973,0.37398940324783325,0.3785283863544464
gpt2,negation,negation,True,0.8174200057983398,0.828174352645874,0.801858127117157,0.9071107506752014,0.8303296566009521,0.7860530614852905
gpt2,negation,negation,True,0.786125898361206,0.8180341124534607,0.7815244197845459,0.8967987298965454,0.8282386660575867,0.7666770815849304
gpt2,question,question,True,0.8439369797706604,0.9337418079376221,0.9288135170936584,0.9283878803253174,0.9386851787567139,0.9677176475524902
gpt2,question,question,True,0.6965449452400208,0.8135412931442261,0.8667780756950378,0.7162657380104065,0.8003652095794678,0.8812202215194702
gpt2,question,question,True,0.7936728000640869,0.934062123298645,0.9414384961128235,0.8827502727508545,0.9407432079315186,0.9761139154434204
gpt2,question,question,True,0.4621145725250244,0.5877063870429993,0.6744392514228821,0.4459627866744995,0.5721814036369324,0.6860883235931396
gpt2,question,question,True,0.8116779327392578,0.9096266031265259,0.9421930909156799,0.8506574630737305,0.9062042832374573,0.956585168838501
gpt2,past_to_future,past_to_future,True,0.8995553255081177,0.9704525470733643,0.9426819682121277,0.9743112325668335,0.9819858074188232,0.9395964741706848
gpt2,past_to_future,certainty_to_uncertainty,False,0.9209450483322144,0.9806263446807861,0.9752786159515381,0.9330257177352905,0.9759496450424194,0.9620553851127625
gpt2,past_to_future,question,False,0.5754836201667786,0.7016875147819519,0.7379480600357056,0.6412600874900818,0.7376620173454285,0.738110363483429
gpt2,past_to_future,formalization,False,0.8807789087295532,0.9576268792152405,0.971977710723877,0.8921563625335693,0.9550938010215759,0.9539325833320618
gpt2,past_to_future,question,False,0.1077265590429306,0.33479148149490356,0.36827144026756287,0.297282338142395,0.4113287627696991,0.4220762252807617
gpt2,certainty_to_uncertainty,formalization,False,0.8910581469535828,0.9765456914901733,0.9774253964424133,0.9311255216598511,0.9675578474998474,0.9641920328140259
gpt2,certainty_to_uncertainty,certainty_to_uncertainty,True,0.915473461151123,0.985202431678772,0.9735146760940552,0.9559962749481201,0.9743133187294006,0.957285463809967
gpt2,certainty_to_uncertainty,formalization,False,0.7672327756881714,0.8597638010978699,0.9071258902549744,0.7350908517837524,0.836273193359375,0.8832111358642578
gpt2,certainty_to_uncertainty,formalization,False,0.7973520159721375,0.9071069359779358,0.9388476610183716,0.8060076236724854,0.89061439037323,0.9360535740852356
gpt2,certainty_to_uncertainty,certainty_to_uncertainty,True,0.9403703212738037,0.9797113537788391,0.9616179466247559,0.9689667224884033,0.9609239101409912,0.9432752132415771
gpt2,active_to_passive,formalization,False,0.14477160573005676,0.15216699242591858,0.24896347522735596,0.00939689576625824,0.11382071673870087,0.19351640343666077
gpt2,active_to_passive,formalization,False,0.46071115136146545,0.5301309823989868,0.6002530455589294,0.4023272693157196,0.49795955419540405,0.5666784644126892
gpt2,active_to_passive,formalization,False,0.3673667311668396,0.3462541103363037,0.43491220474243164,0.18642036616802216,0.2930370569229126,0.3618573546409607
gpt2,active_to_passive,formalization,False,0.669923722743988,0.6710314750671387,0.7307206988334656,0.541122555732727,0.6322218775749207,0.6671816110610962
gpt2,active_to_passive,formalization,False,0.7268226742744446,0.7256165146827698,0.7723531126976013,0.6265702843666077,0.6883993148803711,0.7112884521484375
gpt2,formalization,formalization,True,0.7682344317436218,0.8517357707023621,0.903545618057251,0.718294620513916,0.8252664804458618,0.8671950101852417
gpt2,formalization,certainty_to_uncertainty,False,0.9557613134384155,0.9699937701225281,0.9698126316070557,0.9350055456161499,0.9411509037017822,0.9366816878318787
gpt2,formalization,formalization,True,0.8610825538635254,0.9336016178131104,0.966683566570282,0.8420504331588745,0.9147589206695557,0.9389573931694031
gpt2,formalization,formalization,True,0.6639559268951416,0.7545213103294373,0.8255327939987183,0.634754478931427,0.7399150729179382,0.7950220108032227
gpt2,formalization,question,False,-0.20792528986930847,-0.08880720287561417,0.034081846475601196,-0.23815685510635376,-0.09517665207386017,0.039014674723148346
gpt2,negation,negation,True,0.8754609823226929,0.9185024499893188,0.8841655254364014,0.9808474779129028,0.9311365485191345,0.8959102034568787
gpt2,negation,negation,True,0.9057888388633728,0.9264823198318481,0.8841769099235535,0.9807958602905273,0.9188071489334106,0.8788928985595703
gpt2,negation,negation,True,0.33482834696769714,0.33796757459640503,0.33067432045936584,0.512298047542572,0.3851628005504608,0.3714126646518707
gpt2,negation,negation,True,0.7021680474281311,0.7411037683486938,0.7124762535095215,0.8514070510864258,0.7722042798995972,0.7330706715583801
gpt2,negation,negation,True,0.7765040993690491,0.8611488938331604,0.8320722579956055,0.9298685789108276,0.8909589052200317,0.848246693611145
gpt2,question,question,True,0.6970499753952026,0.8192971348762512,0.8270270824432373,0.8213906288146973,0.8448867797851562,0.9016033411026001
gpt2,question,question,True,0.7607666850090027,0.8641769886016846,0.884734034538269,0.8343416452407837,0.8658063411712646,0.9190989136695862
gpt2,question,question,True,0.7936581373214722,0.9292027950286865,0.9257551431655884,0.9066848754882812,0.9445832967758179,0.9711765050888062
gpt2,question,question,True,0.5329630970954895,0.6734836101531982,0.7426975965499878,0.5814810991287231,0.674365758895874,0.785123884677887
gpt2,question,question,True,0.8231650590896606,0.9156087636947632,0.9288872480392456,0.9036226868629456,0.9239428639411926,0.9612511992454529
gpt2,past_to_future,past_to_future,True,0.8534029126167297,0.9320706129074097,0.9138551354408264,0.9242187142372131,0.9584378004074097,0.910010576248169
gpt2,past_to_future,past_to_future,True,0.9097825288772583,0.9623481035232544,0.9531122446060181,0.9399518966674805,0.9760675430297852,0.956505298614502
gpt2,past_to_future,past_to_future,True,0.1884763538837433,0.2591131925582886,0.27402549982070923,0.30733346939086914,0.33799242973327637,0.3048723340034485
gpt2,past_to_future,past_to_future,True,0.9000279903411865,0.9483746290206909,0.956377387046814,0.9212231636047363,0.9567705392837524,0.9466643929481506
gpt2,past_to_future,question,False,-0.6527963876724243,-0.517579197883606,-0.4833351969718933,-0.4841044545173645,-0.4318678379058838,-0.40899980068206787
gpt2,certainty_to_uncertainty,certainty_to_uncertainty,True,0.9152916669845581,0.9866170287132263,0.9757897257804871,0.9707502126693726,0.9847675561904907,0.9707232117652893
gpt2,certainty_to_uncertainty,certainty_to_uncertainty,True,0.9297266602516174,0.9873027801513672,0.9629156589508057,0.9858369827270508,0.9836414456367493,0.9564452171325684
gpt2,certainty_to_uncertainty,question,False,0.8178972005844116,0.9202794432640076,0.942802369594574,0.8597489595413208,0.9148464798927307,0.9503774642944336
gpt2,certainty_to_uncertainty,question,False,0.8468652367591858,0.9393374919891357,0.9479522705078125,0.8968746662139893,0.9343646168708801,0.9631033539772034
gpt2,certainty_to_uncertainty,negation,False,0.9516903162002563,0.9787040948867798,0.9479670524597168,0.9830394983291626,0.9650044441223145,0.9336486458778381
gpt2,active_to_passive,negation,False,-0.10018652677536011,-0.1292092204093933,-0.10919338464736938,-0.035215824842453,-0.11588975787162781,-0.060700178146362305
gpt2,active_to_passive,question,False,-0.1659632921218872,-0.16354401409626007,-0.13814932107925415,-0.08402445912361145,-0.14863897860050201,-0.08380362391471863
gpt2,active_to_passive,negation,False,0.5250372886657715,0.46657896041870117,0.4532186686992645,0.5417025089263916,0.45707833766937256,0.46715736389160156
gpt2,active_to_passive,negation,False,0.4178273379802704,0.39167678356170654,0.39351868629455566,0.48560237884521484,0.40298470854759216,0.433296799659729
gpt2,active_to_passive,negation,False,0.4287351667881012,0.4023621678352356,0.40002676844596863,0.5007908344268799,0.40913617610931396,0.43710893392562866
gpt2,formalization,formalization,True,0.8635091781616211,0.949873149394989,0.9698149561882019,0.8857607841491699,0.9402033686637878,0.9642020463943481
gpt2,formalization,negation,False,0.9014182090759277,0.9179350137710571,0.9027870893478394,0.9447671175003052,0.9067184925079346,0.9000307321548462
gpt2,formalization,formalization,True,0.8990909457206726,0.9742593765258789,0.989757239818573,0.9308376312255859,0.9681038856506348,0.9836388826370239
gpt2,formalization,question,False,0.7655889391899109,0.8614758253097534,0.9049528241157532,0.817905604839325,0.8677536249160767,0.9096069931983948
gpt2,formalization,question,False,0.07900737971067429,0.2190055102109909,0.31340327858924866,0.14583967626094818,0.23142600059509277,0.35750359296798706
gpt2,negation,negation,True,0.8880665302276611,0.9438036680221558,0.9195572137832642,0.9861753582954407,0.9532690644264221,0.9256885051727295
gpt2,negation,negation,True,0.9313453435897827,0.9580519199371338,0.9248431921005249,0.9849487543106079,0.9467272758483887,0.9134378433227539
gpt2,negation,negation,True,0.7312930822372437,0.7567926049232483,0.7537165284156799,0.8490763306617737,0.7736779451370239,0.7662679553031921
gpt2,negation,negation,True,0.8725484609603882,0.913691520690918,0.8945580720901489,0.956885039806366,0.9214180707931519,0.8899604082107544
gpt2,negation,negation,True,0.8833996057510376,0.9475024938583374,0.9193673133850098,0.9814512133598328,0.9588366746902466,0.9179688692092896
gpt2,question,question,True,0.853383481502533,0.896868884563446,0.9106137752532959,0.8492081165313721,0.8868784308433533,0.9190148115158081
gpt2,question,question,True,0.7586573362350464,0.8418782949447632,0.8976489901542664,0.7551026940345764,0.8257962465286255,0.9101192951202393
gpt2,question,question,True,0.8357149958610535,0.947963535785675,0.9597578048706055,0.8915349841117859,0.9487700462341309,0.9847832322120667
gpt2,question,question,True,0.6383048295974731,0.7185975313186646,0.7971240282058716,0.59767085313797,0.6967798471450806,0.8006829023361206
gpt2,question,question,True,0.8544687032699585,0.9228788018226624,0.9531448483467102,0.8737123012542725,0.9163528680801392,0.9637306928634644
gpt2,past_to_future,past_to_future,True,0.8890752196311951,0.9662165641784668,0.940399169921875,0.974653959274292,0.9813591241836548,0.9437748789787292
gpt2,past_to_future,certainty_to_uncertainty,False,0.9402031302452087,0.984807014465332,0.9811817407608032,0.9454759359359741,0.9804530143737793,0.9687948822975159
gpt2,past_to_future,past_to_future,True,0.7590585350990295,0.8417863249778748,0.8620845675468445,0.8293914794921875,0.8731124401092529,0.8674721717834473
gpt2,past_to_future,formalization,False,0.9297116994857788,0.9721957445144653,0.9799742698669434,0.9243844747543335,0.9663904905319214,0.9567663669586182
gpt2,past_to_future,question,False,0.2762603759765625,0.45900654792785645,0.476213663816452,0.4907476305961609,0.5410071015357971,0.5444047451019287
gpt2,certainty_to_uncertainty,certainty_to_uncertainty,True,0.9351284503936768,0.9924427270889282,0.9849878549575806,0.9587117433547974,0.9799127578735352,0.9685071706771851
gpt2,certainty_to_uncertainty,certainty_to_uncertainty,True,0.9424728155136108,0.9926257729530334,0.9764891862869263,0.9698420763015747,0.9805325269699097,0.9598443508148193
gpt2,certainty_to_uncertainty,formalization,False,0.8610338568687439,0.9261077642440796,0.9635810852050781,0.8288426995277405,0.9023120403289795,0.9426140189170837
gpt2,certainty_to_uncertainty,formalization,False,0.8833459615707397,0.9566357135772705,0.9779451489448547,0.8820869326591492,0.938513994216919,0.9734637141227722
gpt2,certainty_to_uncertainty,certainty_to_uncertainty,True,0.9584629535675049,0.983210563659668,0.958562970161438,0.9702540040016174,0.9639567136764526,0.9364281296730042
gpt2,active_to_passive,active_to_passive,True,0.5799108743667603,0.3799884617328644,0.39810216426849365,0.4668935537338257,0.34587812423706055,0.36101412773132324
gpt2,active_to_passive,active_to_passive,True,0.7427816987037659,0.6156468391418457,0.6383708715438843,0.6615614891052246,0.5821733474731445,0.6066913604736328
gpt2,active_to_passive,active_to_passive,True,0.6526875495910645,0.43000471591949463,0.450452983379364,0.47997748851776123,0.3816351890563965,0.39505499601364136
gpt2,active_to_passive,active_to_passive,True,0.8835141658782959,0.748715877532959,0.7544478178024292,0.7859340906143188,0.7146056294441223,0.7076441645622253
gpt2,active_to_passive,active_to_passive,True,0.8323934078216553,0.6883439421653748,0.6861214637756348,0.7534264326095581,0.6573983430862427,0.6455278396606445
gpt2,formalization,formalization,True,0.8618609309196472,0.9237958192825317,0.9634668827056885,0.8199383616447449,0.8994097709655762,0.9350826740264893
gpt2,formalization,active_to_passive,False,0.9592048525810242,0.9523431062698364,0.9479714035987854,0.9414339065551758,0.925513505935669,0.9206206798553467
gpt2,formalization,formalization,True,0.8969837427139282,0.95076984167099,0.9772465825080872,0.8819049596786499,0.9323807954788208,0.9535671472549438
gpt2,formalization,formalization,True,0.7876496911048889,0.8456667065620422,0.903976321220398,0.7629212141036987,0.8317633867263794,0.8815979361534119
gpt2,formalization,question,False,0.039753153920173645,0.1348225474357605,0.26632577180862427,-0.003609567880630493,0.12350323796272278,0.2725721001625061
gpt2,negation,negation,True,0.9146895408630371,0.9577935934066772,0.9208734035491943,0.9928278923034668,0.9603463411331177,0.9255653023719788
gpt2,negation,negation,True,0.935427188873291,0.9487156867980957,0.9047819375991821,0.9772230386734009,0.9352278113365173,0.891049325466156
gpt2,negation,negation,True,0.9288520216941833,0.9567861557006836,0.923516035079956,0.9870266914367676,0.9556539058685303,0.9230722188949585
gpt2,negation,negation,True,0.9483643174171448,0.9589353799819946,0.9204251766204834,0.9818543195724487,0.9512110352516174,0.9040659666061401
gpt2,negation,negation,True,0.915368914604187,0.9725978374481201,0.9407161474227905,0.9926548600196838,0.9769906997680664,0.9394575357437134
gpt2,question,past_to_future,False,0.8931425213813782,0.964327871799469,0.9394911527633667,0.9621922969818115,0.9650610685348511,0.9636757373809814
gpt2,question,certainty_to_uncertainty,False,0.9252201318740845,0.9854307174682617,0.9826563000679016,0.9380887746810913,0.9711387157440186,0.9792383313179016
gpt2,question,question,True,0.8884114623069763,0.9802810549736023,0.9637093544006348,0.9492102861404419,0.9798523187637329,0.981238842010498
gpt2,question,formalization,False,0.908849835395813,0.9727100133895874,0.9856467843055725,0.8935250639915466,0.9532263875007629,0.974124014377594
gpt2,question,certainty_to_uncertainty,False,0.9235183596611023,0.9876887798309326,0.9818124771118164,0.9557422399520874,0.9812989234924316,0.9852930307388306
gpt2,past_to_future,past_to_future,True,0.8965755701065063,0.9828490614891052,0.9603642225265503,0.965876579284668,0.9923933744430542,0.9642044305801392
gpt2,past_to_future,certainty_to_uncertainty,False,0.9349371194839478,0.9857442378997803,0.9649639129638672,0.9560867547988892,0.9818952083587646,0.9580137133598328
gpt2,past_to_future,past_to_future,True,0.9039601683616638,0.977196455001831,0.9580004215240479,0.9615347385406494,0.9877758026123047,0.9578571319580078
gpt2,past_to_future,certainty_to_uncertainty,False,0.9364891648292542,0.9840136766433716,0.973591685295105,0.9330867528915405,0.9744211435317993,0.9511005282402039
gpt2,past_to_future,past_to_future,True,0.8321326375007629,0.936126708984375,0.8981881141662598,0.9508930444717407,0.9635365009307861,0.9249580502510071
gpt2,certainty_to_uncertainty,certainty_to_uncertainty,True,0.9325247406959534,0.9953244924545288,0.9761545062065125,0.9641391038894653,0.9877973794937134,0.9658287167549133
gpt2,certainty_to_uncertainty,certainty_to_uncertainty,True,0.9344866871833801,0.9925113320350647,0.9652933478355408,0.9720370769500732,0.9851281046867371,0.9553803205490112
gpt2,certainty_to_uncertainty,certainty_to_uncertainty,True,0.936256468296051,0.9897714853286743,0.9860566258430481,0.9291073679924011,0.9726228713989258,0.9669232368469238
gpt2,certainty_to_uncertainty,certainty_to_uncertainty,True,0.9408376216888428,0.9928085803985596,0.9798009395599365,0.9475401639938354,0.9771803617477417,0.9673196077346802
gpt2,certainty_to_uncertainty,certainty_to_uncertainty,True,0.9554228782653809,0.9781527519226074,0.9443464875221252,0.9706729650497437,0.962337851524353,0.9233757853507996
gpt2,active_to_passive,active_to_passive,True,0.9339300394058228,0.8886284828186035,0.8998719453811646,0.8157397508621216,0.8581039905548096,0.8445427417755127
gpt2,active_to_passive,active_to_passive,True,0.9569270610809326,0.9432365298271179,0.9502491354942322,0.8752230405807495,0.9137412309646606,0.9050976037979126
gpt2,active_to_passive,active_to_passive,True,0.9408515691757202,0.9089089632034302,0.9158210158348083,0.834543764591217,0.8783581256866455,0.8636603951454163
gpt2,active_to_passive,active_to_passive,True,0.9602536559104919,0.9355889558792114,0.9318767786026001,0.8805205821990967,0.9092855453491211,0.886313796043396
gpt2,active_to_passive,active_to_passive,True,0.9697282314300537,0.9393879771232605,0.9309583306312561,0.8972159624099731,0.9122106432914734,0.885425329208374
gpt2,formalization,certainty_to_uncertainty,False,0.9356642961502075,0.988080620765686,0.9844765663146973,0.9265308380126953,0.9711174368858337,0.9618329405784607
gpt2,formalization,certainty_to_uncertainty,False,0.9612212777137756,0.9735581278800964,0.952820897102356,0.9616366028785706,0.9553843140602112,0.9338772892951965
gpt2,formalization,certainty_to_uncertainty,False,0.9410390853881836,0.9894643425941467,0.9869349598884583,0.9374119639396667,0.9749628305435181,0.9651501178741455
gpt2,formalization,formalization,True,0.9446700215339661,0.9898577928543091,0.9900283217430115,0.9412873983383179,0.9759750366210938,0.9662001132965088
gpt2,formalization,formalization,True,0.8771862387657166,0.9553237557411194,0.9760556817054749,0.8755350708961487,0.9407583475112915,0.9635428190231323
gpt2,negation,negation,True,0.803187370300293,0.8712652325630188,0.8534579873085022,0.9382874965667725,0.8902418613433838,0.8773778080940247
gpt2,negation,negation,True,0.9038194417953491,0.8736739158630371,0.8344939947128296,0.9361919164657593,0.8568645715713501,0.8094193935394287
gpt2,negation,negation,True,0.6801488399505615,0.7455713152885437,0.7593722939491272,0.8099206686019897,0.7706806659698486,0.7908138632774353
gpt2,negation,negation,True,0.8335379958152771,0.8637346029281616,0.856456995010376,0.9036051034927368,0.8726658821105957,0.8528863191604614
gpt2,negation,negation,True,0.768660306930542,0.8783305287361145,0.8712145090103149,0.9112178087234497,0.904607892036438,0.8945661783218384
gpt2,question,question,True,0.6418335437774658,0.7670372128486633,0.7870833873748779,0.7682338356971741,0.7910131812095642,0.8620991706848145
gpt2,question,question,True,0.7693706750869751,0.8720648288726807,0.917222261428833,0.7873724699020386,0.8630245923995972,0.9335966110229492
gpt2,question,question,True,0.5767859816551208,0.7586175799369812,0.7897756695747375,0.7005436420440674,0.783071756362915,0.8594691753387451
gpt2,question,question,True,0.6608577966690063,0.7526404857635498,0.8265554308891296,0.6266844272613525,0.7357728481292725,0.8305169343948364
gpt2,question,question,True,0.8103312849998474,0.91140216588974,0.9402427673339844,0.8611501455307007,0.9153252840042114,0.9649741649627686
gpt2,past_to_future,past_to_future,True,0.7897939085960388,0.9246164560317993,0.9257881045341492,0.9061346054077148,0.9497425556182861,0.946268618106842
gpt2,past_to_future,question,False,0.8481707572937012,0.9476136565208435,0.9608004689216614,0.8912790417671204,0.9547566771507263,0.9702059626579285
gpt2,past_to_future,question,False,0.14187820255756378,0.3093126118183136,0.37568485736846924,0.27902737259864807,0.3649964928627014,0.42414742708206177
gpt2,past_to_future,formalization,False,0.8417037725448608,0.9380415678024292,0.9560952186584473,0.878746747970581,0.9427928924560547,0.9525196552276611
gpt2,past_to_future,question,False,-0.5143772959709167,-0.34395745396614075,-0.27905237674713135,-0.3550427258014679,-0.27730879187583923,-0.19675199687480927
gpt2,certainty_to_uncertainty,question,False,0.841500461101532,0.9582365155220032,0.9609348773956299,0.9168723821640015,0.9632575511932373,0.9685044884681702
gpt2,certainty_to_uncertainty,past_to_future,False,0.8547438383102417,0.9664771556854248,0.952151894569397,0.9491061568260193,0.9730878472328186,0.9641457796096802
gpt2,certainty_to_uncertainty,formalization,False,0.831922709941864,0.9259154796600342,0.9603811502456665,0.8271916508674622,0.9110872149467468,0.9486162662506104
gpt2,certainty_to_uncertainty,formalization,False,0.8823749423027039,0.9668034911155701,0.9813137054443359,0.8967013359069824,0.9541800022125244,0.9781956076622009
gpt2,certainty_to_uncertainty,certainty_to_uncertainty,True,0.9471598863601685,0.9815794229507446,0.9534114599227905,0.977131187915802,0.9678369760513306,0.9366430044174194
gpt2,active_to_passive,formalization,False,0.8200505971908569,0.7711988687515259,0.8205640316009521,0.6739050149917603,0.7354964017868042,0.7626156806945801
gpt2,active_to_passive,formalization,False,0.8382983207702637,0.8301481604576111,0.8770861029624939,0.7367138862609863,0.7991541624069214,0.8347235918045044
gpt2,active_to_passive,active_to_passive,True,0.9317898154258728,0.9173000454902649,0.9309855699539185,0.8378964066505432,0.8842750191688538,0.8859674334526062
gpt2,active_to_passive,formalization,False,0.8710176348686218,0.833630383014679,0.8738059997558594,0.7465270757675171,0.8037317991256714,0.8212743997573853
gpt2,active_to_passive,active_to_passive,True,0.8967280983924866,0.8355000615119934,0.8628211617469788,0.7716187834739685,0.8021941184997559,0.804039716720581
gpt2,formalization,formalization,True,0.8587402105331421,0.9477047324180603,0.9752053618431091,0.8555273413658142,0.9335702657699585,0.9572725892066956
gpt2,formalization,formalization,True,0.8840318918228149,0.9238394498825073,0.9344403147697449,0.904985785484314,0.9082037806510925,0.927485466003418
gpt2,formalization,formalization,True,0.8867150545120239,0.9629067778587341,0.9837080240249634,0.8938416242599487,0.9515843391418457,0.9677978157997131
gpt2,formalization,formalization,True,0.8205257654190063,0.9066228866577148,0.9485931396484375,0.832321047782898,0.9011087417602539,0.9349247217178345
gpt2,formalization,question,False,0.39204171299934387,0.5239338874816895,0.6225544810295105,0.39593878388404846,0.5180842876434326,0.6306076049804688
gpt2,negation,negation,True,0.9305766820907593,0.9735909700393677,0.9511702060699463,0.9901007413864136,0.972841739654541,0.9511737823486328
gpt2,negation,negation,True,0.9491078853607178,0.9649161100387573,0.9309253692626953,0.9812328815460205,0.9501684904098511,0.9154082536697388
gpt2,negation,negation,True,0.8880966901779175,0.9172192811965942,0.9059295654296875,0.9536322951316833,0.9230521321296692,0.9093739986419678
gpt2,negation,negation,True,0.9125916957855225,0.958095908164978,0.9459609985351562,0.9705294370651245,0.9618241786956787,0.9435158371925354
gpt2,negation,past_to_future,False,0.9076452255249023,0.9783432483673096,0.9573752284049988,0.982774019241333,0.983687162399292,0.9586029052734375
gpt2,question,question,True,0.8570431470870972,0.9485026001930237,0.9455642700195312,0.9227070808410645,0.9543107748031616,0.9811639785766602
gpt2,question,question,True,0.8696452975273132,0.9488015174865723,0.963965117931366,0.8974720239639282,0.9409694671630859,0.9792522192001343
gpt2,question,question,True,0.8449047803878784,0.9605775475502014,0.9611742496490479,0.9080133438110352,0.9658883213996887,0.9889888763427734
gpt2,question,question,True,0.8384746313095093,0.9225732088088989,0.9561750888824463,0.8290905356407166,0.9069778919219971,0.9607185125350952
gpt2,question,question,True,0.9040096998214722,0.9705684185028076,0.9771223664283752,0.9360091686248779,0.9661576747894287,0.9883890748023987
gpt2,past_to_future,past_to_future,True,0.9258639216423035,0.9857982993125916,0.9681911468505859,0.9597373604774475,0.9862277507781982,0.9571167230606079
gpt2,past_to_future,certainty_to_uncertainty,False,0.9289174675941467,0.9896331429481506,0.981594443321228,0.9403715133666992,0.9850571155548096,0.9746633172035217
gpt2,past_to_future,past_to_future,True,0.9289171695709229,0.9794226884841919,0.9699081778526306,0.9529709815979004,0.984399676322937,0.9572880268096924
gpt2,past_to_future,formalization,False,0.9261691570281982,0.9865655899047852,0.9876747727394104,0.9310580492019653,0.9802746772766113,0.9721637964248657
gpt2,past_to_future,past_to_future,True,0.733635425567627,0.8675704598426819,0.870062530040741,0.8455703258514404,0.9040966033935547,0.8978140354156494
gpt2,certainty_to_uncertainty,certainty_to_uncertainty,True,0.9329956769943237,0.9965949654579163,0.9863744974136353,0.957386314868927,0.9872235059738159,0.973900318145752
gpt2,certainty_to_uncertainty,certainty_to_uncertainty,True,0.9386914968490601,0.9966112971305847,0.9772839546203613,0.9696336984634399,0.9880033731460571,0.9657476544380188
gpt2,certainty_to_uncertainty,formalization,False,0.9053679704666138,0.9768125414848328,0.9882523417472839,0.9039843082427979,0.9616811275482178,0.9777876138687134
gpt2,certainty_to_uncertainty,formalization,False,0.9152621030807495,0.9832515120506287,0.9836156368255615,0.9256792664527893,0.9699837565422058,0.9814172983169556
gpt2,certainty_to_uncertainty,certainty_to_uncertainty,True,0.9551852941513062,0.9882898926734924,0.9621760249137878,0.9715059995651245,0.9725031852722168,0.9440675973892212
gpt2,active_to_passive,active_to_passive,True,0.5159962177276611,0.25456786155700684,0.2893768548965454,0.2515334486961365,0.20417922735214233,0.20052124559879303
gpt2,active_to_passive,active_to_passive,True,0.886662483215332,0.7484250664710999,0.7539016008377075,0.745057225227356,0.704017162322998,0.6955992579460144
gpt2,active_to_passive,active_to_passive,True,0.8290765285491943,0.6405458450317383,0.6447165608406067,0.6148812770843506,0.58656245470047,0.5616470575332642
gpt2,active_to_passive,active_to_passive,True,0.906387209892273,0.7613815069198608,0.7634950876235962,0.7409557104110718,0.7228189706802368,0.6905729174613953
gpt2,active_to_passive,active_to_passive,True,0.8741796612739563,0.7018533945083618,0.6882225275039673,0.7231501340866089,0.6634161472320557,0.6195734739303589
gpt2,formalization,formalization,True,0.9187479019165039,0.9815599322319031,0.989559531211853,0.9110736846923828,0.9656815528869629,0.9719011783599854
gpt2,formalization,active_to_passive,False,0.9626328945159912,0.9576023817062378,0.9416011571884155,0.9569963812828064,0.9362412691116333,0.9202495813369751
gpt2,formalization,formalization,True,0.9336414337158203,0.9868658185005188,0.9932816028594971,0.932289183139801,0.9727312326431274,0.9751057624816895
gpt2,formalization,formalization,True,0.9093637466430664,0.9672682285308838,0.9882621169090271,0.9073306322097778,0.9578178524971008,0.971768319606781
gpt2,formalization,question,False,0.6695494055747986,0.7752493023872375,0.8451099395751953,0.6598754525184631,0.7629759311676025,0.8486267328262329
gpt2,negation,negation,True,0.9075812101364136,0.9596396684646606,0.9327071905136108,0.9919002056121826,0.9640283584594727,0.9347381591796875
gpt2,negation,negation,True,0.9223016500473022,0.8946318030357361,0.849655270576477,0.9468074440956116,0.8757608532905579,0.8213436603546143
gpt2,negation,negation,True,0.4250718951225281,0.5307536125183105,0.511008620262146,0.6688829660415649,0.5839746594429016,0.5740695595741272
gpt2,negation,negation,True,0.843775749206543,0.8888552188873291,0.8677380681037903,0.9468240737915039,0.9038570523262024,0.8655095100402832
gpt2,negation,negation,True,0.7497282028198242,0.8622034192085266,0.8362946510314941,0.9243648052215576,0.8939875960350037,0.8602300882339478
gpt2,question,question,True,0.6809623837471008,0.8366270661354065,0.8360937833786011,0.8227044939994812,0.8620009422302246,0.9115905165672302
gpt2,question,question,True,0.6406594514846802,0.7593516111373901,0.8060204386711121,0.6864973306655884,0.757279634475708,0.8392907381057739
gpt2,question,question,True,0.7492662072181702,0.9063762426376343,0.9091248512268066,0.8555728197097778,0.9225598573684692,0.9574446082115173
gpt2,question,question,True,0.44084662199020386,0.5621671676635742,0.6551044583320618,0.42087939381599426,0.5506384372711182,0.6779898405075073
gpt2,question,question,True,0.7914692163467407,0.899217963218689,0.926359236240387,0.8538614511489868,0.9054877758026123,0.9584366083145142
gpt2,past_to_future,past_to_future,True,0.8945385813713074,0.9807584285736084,0.955155611038208,0.9720569849014282,0.9901596307754517,0.956823468208313
gpt2,past_to_future,past_to_future,True,0.8955895900726318,0.9793821573257446,0.969832181930542,0.946370005607605,0.9841548204421997,0.9729419350624084
gpt2,past_to_future,past_to_future,True,0.7566183805465698,0.8707519769668579,0.887118935585022,0.8414592742919922,0.8985698223114014,0.8950690031051636
gpt2,past_to_future,formalization,False,0.8958990573883057,0.9766242504119873,0.9825305938720703,0.9243530631065369,0.9757809638977051,0.9733555912971497
gpt2,past_to_future,question,False,-0.2929309904575348,-0.05723161622881889,-0.03746623173356056,-0.04419887065887451,0.02817145735025406,0.05928479880094528
gpt2,certainty_to_uncertainty,certainty_to_uncertainty,True,0.9060983061790466,0.9915714263916016,0.977867066860199,0.9575387835502625,0.9874305129051208,0.972061812877655
gpt2,certainty_to_uncertainty,certainty_to_uncertainty,True,0.9107012748718262,0.9910372495651245,0.968631386756897,0.971710205078125,0.9875806570053101,0.9645010232925415
gpt2,certainty_to_uncertainty,formalization,False,0.7458599805831909,0.8581517934799194,0.8984785676002502,0.7500300407409668,0.8458486199378967,0.8941852450370789
gpt2,certainty_to_uncertainty,question,False,0.8006910681724548,0.9064193964004517,0.9235248565673828,0.836297869682312,0.8989174365997314,0.9343510866165161
gpt2,certainty_to_uncertainty,certainty_to_uncertainty,True,0.9613062143325806,0.9805198907852173,0.9538347721099854,0.9712514877319336,0.9610705375671387,0.9290675520896912
gpt2,active_to_passive,active_to_passive,True,0.3953905999660492,0.30399376153945923,0.32517051696777344,0.36265885829925537,0.2913213074207306,0.31509819626808167
gpt2,active_to_passive,active_to_passive,True,0.3221924901008606,0.2659894824028015,0.2925291061401367,0.31815382838249207,0.25831764936447144,0.2930847406387329
gpt2,active_to_passive,active_to_passive,True,0.49168917536735535,0.3810502290725708,0.3954159617424011,0.41680288314819336,0.35602155327796936,0.37308984994888306
gpt2,active_to_passive,active_to_passive,True,0.6845172047615051,0.5834476351737976,0.5992659330368042,0.617451548576355,0.5634572505950928,0.5643211603164673
gpt2,active_to_passive,active_to_passive,True,0.6078119277954102,0.4975435733795166,0.49634915590286255,0.5717849135398865,0.48146796226501465,0.4706310033798218
gpt2,formalization,formalization,True,0.7720361948013306,0.8794153928756714,0.9126465320587158,0.7850788235664368,0.8687100410461426,0.9052441120147705
gpt2,formalization,certainty_to_uncertainty,False,0.8757578730583191,0.9204290509223938,0.9187639951705933,0.9159436225891113,0.9071936011314392,0.9157665371894836
gpt2,formalization,formalization,True,0.8676649332046509,0.9573569297790527,0.9820378422737122,0.8875012397766113,0.9483688473701477,0.9716492891311646
gpt2,formalization,question,False,0.6482382416725159,0.7641353607177734,0.825694739818573,0.688774585723877,0.7699120044708252,0.8283549547195435
gpt2,formalization,question,False,-0.10172390192747116,0.03376935422420502,0.1294928789138794,-0.05707601457834244,0.04341999068856239,0.16628298163414001
gpt2,negation,negation,True,0.8471193313598633,0.8974111080169678,0.8686779141426086,0.9668236970901489,0.9128292202949524,0.8847054839134216
gpt2,negation,negation,True,0.900040864944458,0.9211218953132629,0.8809632062911987,0.9797898530960083,0.9162613153457642,0.8761316537857056
gpt2,negation,negation,True,0.6243646144866943,0.6515120267868042,0.6346275806427002,0.7838941812515259,0.6829251646995544,0.6637313365936279
gpt2,negation,negation,True,0.7947276830673218,0.8353641033172607,0.8041900992393494,0.9289965629577637,0.8587479591369629,0.8179217576980591
gpt2,negation,negation,True,0.8447667360305786,0.9105967283248901,0.8753818273544312,0.974244236946106,0.9298021793365479,0.885958194732666
gpt2,question,question,True,0.8672377467155457,0.9180998802185059,0.9042170643806458,0.9349532127380371,0.9239274263381958,0.937141478061676
gpt2,question,question,True,0.8577885627746582,0.9184536337852478,0.9379515647888184,0.8886321783065796,0.9118725061416626,0.9547581672668457
gpt2,question,question,True,0.8790998458862305,0.9678888320922852,0.9572724103927612,0.9534856081008911,0.97359299659729,0.9835137128829956
gpt2,question,question,True,0.8194540143013,0.8871914148330688,0.931443989276886,0.809887170791626,0.8720777630805969,0.9374335408210754
gpt2,question,question,True,0.9089263081550598,0.954678475856781,0.9628341197967529,0.9373877048492432,0.9495416879653931,0.971279501914978
gpt2,past_to_future,negation,False,0.8451170325279236,0.9328214526176453,0.8985744118690491,0.9728527665138245,0.9592050313949585,0.9162188768386841
gpt2,past_to_future,past_to_future,True,0.9259458780288696,0.978385329246521,0.9619722366333008,0.9659090638160706,0.9831674098968506,0.9627864956855774
gpt2,past_to_future,past_to_future,True,0.7046735882759094,0.7808701992034912,0.7731107473373413,0.8281223773956299,0.8319082260131836,0.7927330732345581
gpt2,past_to_future,past_to_future,True,0.9090933799743652,0.9686351418495178,0.9724705815315247,0.940076470375061,0.9736382961273193,0.9630446434020996
gpt2,past_to_future,past_to_future,True,-0.1155245304107666,0.041872911155223846,0.05721718445420265,0.12017550319433212,0.13775162398815155,0.13028445839881897
gpt2,certainty_to_uncertainty,certainty_to_uncertainty,True,0.9135879278182983,0.9808256030082703,0.9751573204994202,0.957791268825531,0.9777272939682007,0.9657989740371704
gpt2,certainty_to_uncertainty,certainty_to_uncertainty,True,0.9336397051811218,0.9871832132339478,0.9655331373214722,0.9828106760978699,0.9836571216583252,0.9560032486915588
gpt2,certainty_to_uncertainty,formalization,False,0.9225451350212097,0.9684165120124817,0.9856867790222168,0.9076010584831238,0.9498908519744873,0.9679470062255859
gpt2,certainty_to_uncertainty,certainty_to_uncertainty,True,0.9352006912231445,0.9790604114532471,0.9789966344833374,0.9390909671783447,0.9640600681304932,0.9717486500740051
gpt2,certainty_to_uncertainty,negation,False,0.9460883140563965,0.9804638624191284,0.9507991075515747,0.9846474528312683,0.9694945216178894,0.9375137686729431
gpt2,active_to_passive,active_to_passive,True,0.7797088027000427,0.5702219009399414,0.5455851554870605,0.6498922109603882,0.5333686470985413,0.48582983016967773
gpt2,active_to_passive,active_to_passive,True,0.8800913691520691,0.7327903509140015,0.7190028429031372,0.7857081890106201,0.6980288028717041,0.6711740493774414
gpt2,active_to_passive,active_to_passive,True,0.9086813926696777,0.7670972943305969,0.7347569465637207,0.8101069927215576,0.7308484315872192,0.6809552311897278
gpt2,active_to_passive,active_to_passive,True,0.8798532485961914,0.7089154720306396,0.6902822852134705,0.7569272518157959,0.6730065941810608,0.6282057762145996
gpt2,active_to_passive,active_to_passive,True,0.8726906180381775,0.7160141468048096,0.6818703413009644,0.7841506004333496,0.6843960285186768,0.6293063163757324
gpt2,formalization,formalization,True,0.9240418672561646,0.9678381085395813,0.9855262041091919,0.9078415632247925,0.9501983523368835,0.9625257849693298
gpt2,formalization,active_to_passive,False,0.9615728855133057,0.9256700277328491,0.9105984568595886,0.9401770830154419,0.9007163047790527,0.8789438009262085
gpt2,formalization,formalization,True,0.9342268705368042,0.9719197750091553,0.9857704639434814,0.9246135950088501,0.9568539261817932,0.9616988897323608
gpt2,formalization,formalization,True,0.8974734544754028,0.9262723922729492,0.9563759565353394,0.887590765953064,0.9165080785751343,0.9328780174255371
gpt2,formalization,question,False,0.49911996722221375,0.5626963376998901,0.6567838788032532,0.4830980896949768,0.5522816777229309,0.6579217910766602
gpt2,negation,negation,True,0.8936917781829834,0.94279944896698,0.9183497428894043,0.987180233001709,0.9509878158569336,0.9259734153747559
gpt2,negation,negation,True,0.9285227060317993,0.9568949937820435,0.9244550466537476,0.9855310916900635,0.9481586217880249,0.913722038269043
gpt2,negation,negation,True,0.8462594747543335,0.8646498918533325,0.8404724597930908,0.9427621364593506,0.8784103393554688,0.8451234102249146
gpt2,negation,negation,True,0.89598548412323,0.9133012294769287,0.8889151811599731,0.9669050574302673,0.9197000861167908,0.8816578984260559
gpt2,negation,negation,True,0.8989560604095459,0.9597445726394653,0.9306960105895996,0.989233136177063,0.9693384170532227,0.9313991665840149
gpt2,question,question,True,0.7186858057975769,0.8337818384170532,0.8413900136947632,0.8387396335601807,0.8559139966964722,0.9097957611083984
gpt2,question,question,True,0.7659090757369995,0.8424036502838135,0.8653063774108887,0.8240245580673218,0.8405905961990356,0.8955520391464233
gpt2,question,question,True,0.7850996255874634,0.9197792410850525,0.927905797958374,0.8798047304153442,0.9332440495491028,0.9713895320892334
gpt2,question,question,True,0.6504207849502563,0.7453619837760925,0.8139066696166992,0.6547346711158752,0.7343034148216248,0.8352081775665283
gpt2,question,question,True,0.8336188793182373,0.9048978090286255,0.9177393913269043,0.9046766757965088,0.9107749462127686,0.9478036165237427
gpt2,past_to_future,past_to_future,True,0.9204463958740234,0.9790846109390259,0.9540441632270813,0.9621216058731079,0.9818550944328308,0.9409781694412231
gpt2,past_to_future,certainty_to_uncertainty,False,0.9297544956207275,0.9864586591720581,0.9762216806411743,0.9458261728286743,0.9845677018165588,0.9669317007064819
gpt2,past_to_future,past_to_future,True,0.9396098852157593,0.962073564529419,0.949553906917572,0.9476333260536194,0.9655855894088745,0.9218156933784485
gpt2,past_to_future,certainty_to_uncertainty,False,0.936933159828186,0.9834800958633423,0.9831511974334717,0.9382659196853638,0.9770790338516235,0.9608761072158813
gpt2,past_to_future,past_to_future,True,0.5336552262306213,0.6730607748031616,0.675927460193634,0.6745986938476562,0.7445178031921387,0.7085821628570557
gpt2,certainty_to_uncertainty,certainty_to_uncertainty,True,0.9278609752655029,0.9938136339187622,0.9849162697792053,0.9647833108901978,0.9862304925918579,0.9733050465583801
gpt2,certainty_to_uncertainty,certainty_to_uncertainty,True,0.9340605735778809,0.993782103061676,0.9744335412979126,0.9773236513137817,0.987079381942749,0.9639679193496704
gpt2,certainty_to_uncertainty,formalization,False,0.8650788068771362,0.9356483221054077,0.9546723961830139,0.8813536763191223,0.9231990575790405,0.9480164051055908
gpt2,certainty_to_uncertainty,question,False,0.874900221824646,0.9447304010391235,0.9503220319747925,0.9086921215057373,0.9361016750335693,0.9573748707771301
gpt2,certainty_to_uncertainty,certainty_to_uncertainty,True,0.9538542628288269,0.9861758947372437,0.9592406749725342,0.974416971206665,0.9700456857681274,0.9397249221801758
gpt2,active_to_passive,active_to_passive,True,-0.6673654317855835,-0.7610648274421692,-0.7226243019104004,-0.6928533315658569,-0.7584517598152161,-0.7106068730354309
gpt2,active_to_passive,active_to_passive,True,-0.6598981618881226,-0.7417052388191223,-0.7126379609107971,-0.66294264793396,-0.7351325154304504,-0.6919910907745361
gpt2,active_to_passive,active_to_passive,True,-0.1250065565109253,-0.311843603849411,-0.31559479236602783,-0.1926630735397339,-0.32712408900260925,-0.32555025815963745
gpt2,active_to_passive,active_to_passive,True,-0.2170814871788025,-0.40319374203681946,-0.3583477735519409,-0.30314165353775024,-0.4136354923248291,-0.37359458208084106
gpt2,active_to_passive,active_to_passive,True,-0.5117026567459106,-0.6480458974838257,-0.6117360591888428,-0.5507371425628662,-0.648063600063324,-0.6045728921890259
gpt2,formalization,formalization,True,0.8651578426361084,0.940401554107666,0.9581137895584106,0.8782766461372375,0.9298062324523926,0.9446315765380859
gpt2,formalization,negation,False,0.8917371034622192,0.8600432276725769,0.8400510549545288,0.9124085903167725,0.8428401947021484,0.8260680437088013
gpt2,formalization,formalization,True,0.9303761720657349,0.9820331335067749,0.9918330311775208,0.9434385895729065,0.9704941511154175,0.9742838740348816
gpt2,formalization,formalization,True,0.8676779866218567,0.9178947806358337,0.9465183019638062,0.8944739103317261,0.915880560874939,0.934263288974762
gpt2,formalization,question,False,-0.10992025583982468,-0.009068645536899567,0.0944451242685318,-0.07667382061481476,0.002136416733264923,0.125124990940094
gpt2,negation,negation,True,0.5386994481086731,0.6384173035621643,0.5941966772079468,0.7692375183105469,0.680831253528595,0.6670569777488708
gpt2,negation,negation,True,0.816987156867981,0.9038268327713013,0.8712294101715088,0.952114462852478,0.9087985157966614,0.8985912799835205
gpt2,negation,negation,True,0.4649188220500946,0.6005597710609436,0.5927724838256836,0.6917741894721985,0.6401463747024536,0.672277569770813
gpt2,negation,negation,True,0.7370787858963013,0.8056074380874634,0.7748489379882812,0.8704442977905273,0.8196286559104919,0.8089730143547058
gpt2,negation,negation,True,0.6132708787918091,0.7519028186798096,0.7161024808883667,0.8348132371902466,0.7937827706336975,0.7767980694770813
gpt2,question,question,True,0.6379520893096924,0.8062359094619751,0.810849666595459,0.804947018623352,0.8289233446121216,0.8862453699111938
gpt2,question,question,True,0.7653364539146423,0.8885968923568726,0.8964316844940186,0.8626611232757568,0.8874766826629639,0.9351674318313599
gpt2,question,question,True,0.7590312361717224,0.9102160334587097,0.9079598188400269,0.881645679473877,0.9203462600708008,0.9545934796333313
gpt2,question,question,True,0.7263049483299255,0.8670194149017334,0.8938890695571899,0.8086090087890625,0.862811803817749,0.931097686290741
gpt2,question,question,True,0.8314500451087952,0.9315729141235352,0.9353146553039551,0.9226720333099365,0.9332317113876343,0.9679514765739441
gpt2,past_to_future,question,False,0.525766909122467,0.731256902217865,0.7458057403564453,0.7104892730712891,0.782929539680481,0.802337646484375
gpt2,past_to_future,question,False,0.7061285972595215,0.8562877178192139,0.8589088320732117,0.8325583934783936,0.8835227489471436,0.9119934439659119
gpt2,past_to_future,negation,False,0.42130568623542786,0.5868766903877258,0.5611577033996582,0.6572971940040588,0.6478915214538574,0.6426804065704346
gpt2,past_to_future,question,False,0.8241293430328369,0.9365938901901245,0.9356739521026611,0.9145023226737976,0.9479000568389893,0.9574593305587769
gpt2,past_to_future,question,False,0.6063936948776245,0.7828356027603149,0.7606874704360962,0.8124241828918457,0.8228389024734497,0.830581545829773
gpt2,certainty_to_uncertainty,question,False,0.5737987756729126,0.7685801386833191,0.7654174566268921,0.7734319567680359,0.8054967522621155,0.830978274345398
gpt2,certainty_to_uncertainty,certainty_to_uncertainty,True,0.8935284614562988,0.9834842085838318,0.9694440364837646,0.9612199068069458,0.9786291718482971,0.9758957028388977
gpt2,certainty_to_uncertainty,question,False,0.8396340608596802,0.9528590440750122,0.9584027528762817,0.904476523399353,0.9447886347770691,0.9718762636184692
gpt2,certainty_to_uncertainty,question,False,0.8443109393119812,0.953199565410614,0.9464390873908997,0.9205279350280762,0.9467413425445557,0.9673866033554077
gpt2,certainty_to_uncertainty,certainty_to_uncertainty,True,0.9170874357223511,0.982979953289032,0.9601989984512329,0.9732240438461304,0.9717540144920349,0.9603075385093689
gpt2,active_to_passive,negation,False,0.7865642309188843,0.794809103012085,0.7779939770698547,0.8203818798065186,0.7835423946380615,0.7916026711463928
gpt2,active_to_passive,question,False,0.8052040338516235,0.8658379316329956,0.8541432619094849,0.8670433759689331,0.8573158383369446,0.8739144206047058
gpt2,active_to_passive,certainty_to_uncertainty,False,0.9331185221672058,0.9493476152420044,0.9385731220245361,0.924710750579834,0.9259982109069824,0.9257266521453857
gpt2,active_to_passive,certainty_to_uncertainty,False,0.9251033067703247,0.9496629238128662,0.934943675994873,0.9396955966949463,0.9351674914360046,0.9295550584793091
gpt2,active_to_passive,negation,False,0.9005780220031738,0.9161999225616455,0.889602541923523,0.9314947128295898,0.9026932120323181,0.8879146575927734
gpt2,formalization,question,False,0.8347902894020081,0.9504633545875549,0.9556772708892822,0.901278018951416,0.9431108236312866,0.9671045541763306
gpt2,formalization,negation,False,0.9059771299362183,0.9470781087875366,0.9249337911605835,0.9604389667510986,0.933627724647522,0.9270175695419312
gpt2,formalization,formalization,True,0.8958489298820496,0.9757638573646545,0.9860310554504395,0.9246383905410767,0.9640718698501587,0.9792239665985107
gpt2,formalization,question,False,0.8148766756057739,0.9289324879646301,0.9418638348579407,0.8992774486541748,0.9288347959518433,0.9591761827468872
gpt2,formalization,question,False,0.47334572672843933,0.6533599495887756,0.6947643160820007,0.6031966805458069,0.6600266695022583,0.7481281757354736
gpt2,negation,negation,True,0.9274433255195618,0.972195565700531,0.9495826959609985,0.9903090596199036,0.9713019132614136,0.9466961026191711
gpt2,negation,negation,True,0.9340739250183105,0.9670922756195068,0.9332556128501892,0.9864117503166199,0.9567521810531616,0.9241362810134888
gpt2,negation,negation,True,0.9095762968063354,0.9307940006256104,0.9117991924285889,0.9641265273094177,0.9314727783203125,0.9051233530044556
gpt2,negation,negation,True,0.9568443298339844,0.9538760185241699,0.9223954677581787,0.9729245901107788,0.9428050518035889,0.8963045477867126
gpt2,negation,negation,True,0.9192029237747192,0.9652152061462402,0.9383326768875122,0.9859499931335449,0.9666090607643127,0.9287633299827576
gpt2,question,question,True,0.8630843162536621,0.9254475831985474,0.9314056038856506,0.8940443992614746,0.9256278276443481,0.9547179937362671
gpt2,question,question,True,0.8399491310119629,0.912459135055542,0.9381824135780334,0.8690475225448608,0.9058183431625366,0.9553042650222778
gpt2,question,question,True,0.8711478114128113,0.9702062010765076,0.9670851230621338,0.9328940510749817,0.9729868173599243,0.9913643002510071
gpt2,question,question,True,0.7487133741378784,0.8371937870979309,0.8945205211639404,0.7433087825775146,0.824468195438385,0.9067001938819885
gpt2,question,question,True,0.8859966993331909,0.9489119052886963,0.9603941440582275,0.9297626614570618,0.948361337184906,0.9761911630630493
gpt2,past_to_future,past_to_future,True,0.9220675826072693,0.9787306785583496,0.9561638236045837,0.9656004905700684,0.9821857213973999,0.9450621604919434
gpt2,past_to_future,certainty_to_uncertainty,False,0.944973349571228,0.9886150360107422,0.9740377068519592,0.9616503715515137,0.9841498732566833,0.964053750038147
gpt2,past_to_future,past_to_future,True,0.8528573513031006,0.9071670770645142,0.9148073792457581,0.8984987735748291,0.9290637373924255,0.9081850051879883
gpt2,past_to_future,formalization,False,0.9385120272636414,0.9790788292884827,0.9801716804504395,0.9317304491996765,0.9701348543167114,0.9568570852279663
gpt2,past_to_future,past_to_future,True,0.3479650616645813,0.5335238575935364,0.5256072878837585,0.5714447498321533,0.6246863603591919,0.5957199931144714
gpt2,certainty_to_uncertainty,certainty_to_uncertainty,True,0.9304851293563843,0.9948190450668335,0.9824039936065674,0.9645068645477295,0.9865503907203674,0.9727340936660767
gpt2,certainty_to_uncertainty,certainty_to_uncertainty,True,0.9328458309173584,0.9947023987770081,0.9747532606124878,0.9767157435417175,0.9877210855484009,0.9669277667999268
gpt2,certainty_to_uncertainty,formalization,False,0.894582986831665,0.9585719704627991,0.9795987606048584,0.8891497850418091,0.9431158304214478,0.9664108157157898
gpt2,certainty_to_uncertainty,formalization,False,0.9178933501243591,0.977738618850708,0.978580117225647,0.9339330196380615,0.9656792879104614,0.9757014513015747
gpt2,certainty_to_uncertainty,certainty_to_uncertainty,True,0.9580334424972534,0.9832161664962769,0.9552905559539795,0.9764779806137085,0.9660987854003906,0.9357777833938599
gpt2,active_to_passive,active_to_passive,True,0.5628677606582642,0.31478774547576904,0.34498798847198486,0.30725133419036865,0.2749299705028534,0.25227367877960205
gpt2,active_to_passive,active_to_passive,True,0.8984668850898743,0.7964980602264404,0.812932014465332,0.7727598547935486,0.7680670022964478,0.7614419460296631
gpt2,active_to_passive,active_to_passive,True,0.9534122943878174,0.8491233587265015,0.8501315712928772,0.8088648319244385,0.8094152212142944,0.7821304798126221
gpt2,active_to_passive,active_to_passive,True,0.9651495814323425,0.87816321849823,0.8753340244293213,0.8532438278198242,0.8499340415000916,0.8182792663574219
gpt2,active_to_passive,active_to_passive,True,0.9543826580047607,0.8448964357376099,0.8390454649925232,0.8345478773117065,0.8153728246688843,0.7765749096870422
gpt2,formalization,formalization,True,0.9008962512016296,0.9663864374160767,0.9839273691177368,0.899349570274353,0.9535787105560303,0.9682492613792419
gpt2,formalization,active_to_passive,False,0.9511716365814209,0.9336450099945068,0.9193688631057739,0.9475692510604858,0.912353515625,0.8984751105308533
gpt2,formalization,formalization,True,0.9309185147285461,0.9764800071716309,0.9910521507263184,0.924623429775238,0.9624932408332825,0.9690604209899902
gpt2,formalization,formalization,True,0.8755764365196228,0.9283608794212341,0.9622644186019897,0.8829363584518433,0.9236952662467957,0.9467113018035889
gpt2,formalization,question,False,0.3882097005844116,0.49611562490463257,0.5908169150352478,0.4049288034439087,0.4961739182472229,0.6097155809402466
gpt2,negation,negation,True,0.9127478003501892,0.9509899020195007,0.930351734161377,0.9868144392967224,0.9529061317443848,0.9288277626037598
gpt2,negation,negation,True,0.9424965381622314,0.9616817831993103,0.9312402009963989,0.98375403881073,0.9484584927558899,0.9140646457672119
gpt2,negation,negation,True,0.8352870941162109,0.8378284573554993,0.8231666088104248,0.9151251316070557,0.843895673751831,0.8247977495193481
gpt2,negation,negation,True,0.9097182750701904,0.9169884324073792,0.8865020275115967,0.9725333452224731,0.9181897640228271,0.8743016719818115
gpt2,negation,negation,True,0.8851479291915894,0.9506970643997192,0.9225322008132935,0.985581636428833,0.9615273475646973,0.9255543947219849
gpt2,question,question,True,0.8226138353347778,0.904700517654419,0.9055402278900146,0.9070744514465332,0.9131016731262207,0.9527550935745239
gpt2,question,question,True,0.7612831592559814,0.8376853466033936,0.8760248422622681,0.7959022521972656,0.8277300000190735,0.9026604890823364
gpt2,question,question,True,0.8360665440559387,0.950244128704071,0.9510046243667603,0.9172313213348389,0.9576831459999084,0.9854575395584106
gpt2,question,question,True,0.6112416982650757,0.6827042102813721,0.7628573775291443,0.5727857351303101,0.6592559218406677,0.7711541652679443
gpt2,question,question,True,0.8601605892181396,0.9107532501220703,0.9333776831626892,0.8952220678329468,0.9068921804428101,0.9511314630508423
gpt2,past_to_future,past_to_future,True,0.882885217666626,0.9624183177947998,0.9380608797073364,0.9673128128051758,0.9810125827789307,0.94215989112854
gpt2,past_to_future,past_to_future,True,0.9343242645263672,0.9816175103187561,0.9733884334564209,0.9527769684791565,0.9850062131881714,0.9672386050224304
gpt2,past_to_future,past_to_future,True,0.8558663129806519,0.896419107913971,0.8881451487541199,0.9133749008178711,0.9224263429641724,0.8798298835754395
gpt2,past_to_future,formalization,False,0.9383741021156311,0.9797353148460388,0.980484664440155,0.9476317167282104,0.9766380786895752,0.9628098011016846
gpt2,past_to_future,past_to_future,True,0.022776737809181213,0.19499966502189636,0.2193225920200348,0.21105808019638062,0.2888428270816803,0.282676637172699
gpt2,certainty_to_uncertainty,certainty_to_uncertainty,True,0.9312561750411987,0.9873473644256592,0.9817999601364136,0.9560937285423279,0.9764201045036316,0.9647314548492432
gpt2,certainty_to_uncertainty,certainty_to_uncertainty,True,0.9356326460838318,0.9900391101837158,0.9705906510353088,0.9763105511665344,0.9822059869766235,0.9575700759887695
gpt2,certainty_to_uncertainty,formalization,False,0.8856338262557983,0.9446073770523071,0.9714795351028442,0.8693113923072815,0.9219965934753418,0.9540924429893494
gpt2,certainty_to_uncertainty,formalization,False,0.8848893046379089,0.9531444907188416,0.9683177471160889,0.8936354517936707,0.936448335647583,0.9678785800933838
gpt2,certainty_to_uncertainty,certainty_to_uncertainty,True,0.9619095325469971,0.9786903262138367,0.9510185718536377,0.974261999130249,0.9599107503890991,0.927558422088623
gpt2,active_to_passive,active_to_passive,True,0.524247407913208,0.2655077576637268,0.26698434352874756,0.33372247219085693,0.21729585528373718,0.19520437717437744
gpt2,active_to_passive,active_to_passive,True,0.6299594640731812,0.4442104697227478,0.4426038861274719,0.5149241089820862,0.40309715270996094,0.3960992693901062
gpt2,active_to_passive,active_to_passive,True,0.6363623142242432,0.39330923557281494,0.4010307192802429,0.4162401556968689,0.33510303497314453,0.3179154396057129
gpt2,active_to_passive,active_to_passive,True,0.790716826915741,0.5897030234336853,0.5848225951194763,0.6236590147018433,0.5459240674972534,0.5132300853729248
gpt2,active_to_passive,active_to_passive,True,0.7906877398490906,0.5974680185317993,0.5807345509529114,0.6538470983505249,0.5573310256004333,0.5137360095977783
gpt2,formalization,formalization,True,0.8621728420257568,0.9249781370162964,0.9623781442642212,0.8311282396316528,0.9018221497535706,0.9347149133682251
gpt2,formalization,active_to_passive,False,0.9426207542419434,0.914218544960022,0.9010810256004333,0.9338254928588867,0.8886131048202515,0.8762182593345642
gpt2,formalization,formalization,True,0.9151990413665771,0.9531091451644897,0.9755449295043945,0.8935141563415527,0.9329190254211426,0.9463592767715454
gpt2,formalization,formalization,True,0.7715373039245605,0.8007491827011108,0.8646624088287354,0.7386189699172974,0.7859718799591064,0.8335511684417725
gpt2,formalization,question,False,-0.34467074275016785,-0.2743828296661377,-0.1496364325284958,-0.3682258725166321,-0.2766437232494354,-0.1332017183303833
gpt2,negation,negation,True,0.8967210054397583,0.9554895162582397,0.9254202842712402,0.9923503398895264,0.9658534526824951,0.9349001049995422
gpt2,negation,negation,True,0.9159270524978638,0.9370733499526978,0.8992412090301514,0.980350136756897,0.9296866655349731,0.892246425151825
gpt2,negation,negation,True,0.80021071434021,0.8397650718688965,0.8215347528457642,0.9194616079330444,0.8644508719444275,0.8417543172836304
gpt2,negation,negation,True,0.927411675453186,0.9555013179779053,0.9246073961257935,0.9856336712837219,0.9592862129211426,0.9147701263427734
gpt2,negation,negation,True,0.8526380062103271,0.9414037466049194,0.9126139879226685,0.9738645553588867,0.9631750583648682,0.9249117970466614
gpt2,question,question,True,0.8576896786689758,0.9458044171333313,0.936062216758728,0.9125537276268005,0.9495493769645691,0.9622116088867188
gpt2,question,question,True,0.8618413209915161,0.9608584642410278,0.9741681814193726,0.8868221044540405,0.9524733424186707,0.9842298626899719
gpt2,question,question,True,0.8298214673995972,0.9511392116546631,0.944735050201416,0.8930361270904541,0.9558728337287903,0.9677369594573975
gpt2,question,question,True,0.7589138746261597,0.8721150755882263,0.9128401279449463,0.7536337971687317,0.8598113059997559,0.9177916049957275
gpt2,question,question,True,0.8473551273345947,0.9400246143341064,0.9608603119850159,0.8799339532852173,0.9399818181991577,0.9741920232772827
gpt2,past_to_future,past_to_future,True,0.8812381029129028,0.9663301706314087,0.9429080486297607,0.9561245441436768,0.982883632183075,0.946101188659668
gpt2,past_to_future,past_to_future,True,0.8950355052947998,0.964400053024292,0.9535325765609741,0.9145925045013428,0.9715098142623901,0.9483233690261841
gpt2,past_to_future,past_to_future,True,0.8985385298728943,0.9670130014419556,0.9496281147003174,0.9438896179199219,0.9840260148048401,0.9434024095535278
gpt2,past_to_future,past_to_future,True,0.9122896790504456,0.9855999946594238,0.9716987609863281,0.9565482139587402,0.9915090799331665,0.9689151048660278
gpt2,past_to_future,past_to_future,True,0.40481823682785034,0.6069835424423218,0.6199529767036438,0.5787150263786316,0.6829265356063843,0.6741673946380615
gpt2,certainty_to_uncertainty,certainty_to_uncertainty,True,0.9143953323364258,0.9934283494949341,0.978975772857666,0.9643896222114563,0.9917410612106323,0.974500834941864
gpt2,certainty_to_uncertainty,certainty_to_uncertainty,True,0.920960009098053,0.9935270547866821,0.9695819020271301,0.9723851680755615,0.990483820438385,0.9646554589271545
gpt2,certainty_to_uncertainty,formalization,False,0.8592638969421387,0.954910933971405,0.972800076007843,0.8594083189964294,0.9418681263923645,0.960608959197998
gpt2,certainty_to_uncertainty,formalization,False,0.8888764381408691,0.9745147824287415,0.9771801233291626,0.8973715901374817,0.9626013040542603,0.9723233580589294
gpt2,certainty_to_uncertainty,certainty_to_uncertainty,True,0.9397312998771667,0.9837007522583008,0.951067328453064,0.9781938195228577,0.9734404683113098,0.9405650496482849
gpt2,active_to_passive,active_to_passive,True,-0.31069114804267883,-0.5220352411270142,-0.4887937009334564,-0.539975106716156,-0.541641354560852,-0.5595273375511169
gpt2,active_to_passive,active_to_passive,True,0.3598097264766693,0.1646687239408493,0.18911615014076233,0.1280263364315033,0.12580493092536926,0.1043371856212616
gpt2,active_to_passive,active_to_passive,True,0.3484863340854645,0.16285717487335205,0.18258744478225708,0.09054838120937347,0.12315550446510315,0.08934231102466583
gpt2,active_to_passive,active_to_passive,True,0.5374977588653564,0.37114986777305603,0.37626945972442627,0.3241162896156311,0.34222593903541565,0.28354862332344055
gpt2,active_to_passive,active_to_passive,True,0.28230613470077515,0.07540968805551529,0.07468656450510025,0.07368425279855728,0.051125332713127136,-0.01131904125213623
gpt2,formalization,formalization,True,0.8642388582229614,0.9519634246826172,0.9699441194534302,0.851315975189209,0.937667727470398,0.9491817355155945
gpt2,formalization,active_to_passive,False,0.9564149975776672,0.9491972923278809,0.9312338829040527,0.9377490878105164,0.9260672330856323,0.9010838866233826
gpt2,formalization,formalization,True,0.8917081356048584,0.9642839431762695,0.9765382409095764,0.8897457718849182,0.9525824785232544,0.9556090235710144
gpt2,formalization,formalization,True,0.8460841774940491,0.9250285029411316,0.9534812569618225,0.8402243852615356,0.9182087779045105,0.9326757788658142
gpt2,formalization,question,False,0.4565199613571167,0.610802948474884,0.7021657228469849,0.4497351348400116,0.6078751087188721,0.7080131769180298
gpt2,negation,negation,True,0.9259430170059204,0.9717410802841187,0.9395424127578735,0.9936313629150391,0.9726758003234863,0.9402201175689697
gpt2,negation,negation,True,0.932205080986023,0.9580049514770508,0.9182443618774414,0.984192967414856,0.947769045829773,0.9108414649963379
gpt2,negation,negation,True,0.8961576223373413,0.9125203490257263,0.8804507255554199,0.9713042378425598,0.9194172620773315,0.8826060891151428
gpt2,negation,negation,True,0.9303982257843018,0.9552229642868042,0.919234037399292,0.9924222230911255,0.9573276042938232,0.9119694828987122
gpt2,negation,negation,True,0.8897342085838318,0.9522268772125244,0.916901707649231,0.9922096133232117,0.9636196494102478,0.9213991165161133
gpt2,question,past_to_future,False,0.9011193513870239,0.9654713273048401,0.9420342445373535,0.9594109058380127,0.9671709537506104,0.9646173119544983
gpt2,question,question,True,0.8309916257858276,0.91935133934021,0.9321991801261902,0.8729191422462463,0.9162247180938721,0.9553022384643555
gpt2,question,question,True,0.8536802530288696,0.9658006429672241,0.9511895179748535,0.9350693225860596,0.9730300903320312,0.9827995300292969
gpt2,question,question,True,0.7700357437133789,0.869918704032898,0.9144135117530823,0.7693378925323486,0.8595288991928101,0.9310420155525208
gpt2,question,question,True,0.8655338883399963,0.9488921165466309,0.958204984664917,0.9150792956352234,0.9512906670570374,0.9808454513549805
gpt2,past_to_future,past_to_future,True,0.9250244498252869,0.9735272526741028,0.9388149976730347,0.9728846549987793,0.9770077466964722,0.931622326374054
gpt2,past_to_future,certainty_to_uncertainty,False,0.94073486328125,0.9847513437271118,0.9620441198348999,0.9631404280662537,0.9837853908538818,0.9544395804405212
gpt2,past_to_future,past_to_future,True,0.9196805953979492,0.9772133827209473,0.9564575552940369,0.9679950475692749,0.9889674186706543,0.9530585408210754
gpt2,past_to_future,certainty_to_uncertainty,False,0.9364016652107239,0.9926028847694397,0.9835581183433533,0.953307032585144,0.9896928071975708,0.9711273908615112
gpt2,past_to_future,negation,False,0.8014334440231323,0.8919311761856079,0.8460386991500854,0.9273959994316101,0.9269051551818848,0.8717248439788818
gpt2,certainty_to_uncertainty,certainty_to_uncertainty,True,0.9171571135520935,0.9950550198554993,0.9781942367553711,0.9656135439872742,0.9915069937705994,0.9752709865570068
gpt2,certainty_to_uncertainty,certainty_to_uncertainty,True,0.9154945611953735,0.9924005270004272,0.9677267074584961,0.9759843349456787,0.9903285503387451,0.967829704284668
gpt2,certainty_to_uncertainty,formalization,False,0.8627374768257141,0.9492576122283936,0.9624956250190735,0.8752168416976929,0.9396015405654907,0.960702657699585
gpt2,certainty_to_uncertainty,question,False,0.8843736052513123,0.9641916155815125,0.9613919258117676,0.9129829406738281,0.9569956660270691,0.9681483507156372
gpt2,certainty_to_uncertainty,certainty_to_uncertainty,True,0.9437766671180725,0.9858803749084473,0.955122709274292,0.9799409508705139,0.9739981293678284,0.9441242218017578
gpt2,active_to_passive,active_to_passive,True,0.9532657861709595,0.8691269159317017,0.8802986145019531,0.8120278120040894,0.832111120223999,0.8193228840827942
gpt2,active_to_passive,active_to_passive,True,0.9721895456314087,0.9161824584007263,0.9218190312385559,0.8679555654525757,0.8828703165054321,0.8730740547180176
gpt2,active_to_passive,active_to_passive,True,0.9659361839294434,0.8838276267051697,0.8810364007949829,0.8426978588104248,0.8466252088546753,0.8234821557998657
gpt2,active_to_passive,active_to_passive,True,0.9775886535644531,0.9212678074836731,0.9141060709953308,0.8846949338912964,0.8917677402496338,0.8669942617416382
gpt2,active_to_passive,active_to_passive,True,0.979588508605957,0.9102110862731934,0.9027150869369507,0.8860470056533813,0.881009042263031,0.855710506439209
gpt2,formalization,formalization,True,0.8746830224990845,0.9555899500846863,0.9681711196899414,0.8807932734489441,0.945537805557251,0.9600328207015991
gpt2,formalization,active_to_passive,False,0.9579269886016846,0.956835925579071,0.9393726587295532,0.955331563949585,0.9376363158226013,0.9212998151779175
gpt2,formalization,formalization,True,0.9308962225914001,0.9842966794967651,0.9921361804008484,0.9273087382316589,0.9714778661727905,0.9740704298019409
gpt2,formalization,formalization,True,0.8757835626602173,0.9468479752540588,0.970116376876831,0.8931125998497009,0.9448370933532715,0.9631771445274353
gpt2,formalization,question,False,0.366404265165329,0.4971058964729309,0.5769314765930176,0.39052921533584595,0.5020373463630676,0.6057381629943848
gpt2,negation,negation,True,0.9237188100814819,0.9780652523040771,0.9426088333129883,0.9890419244766235,0.9776850938796997,0.9431412816047668
gpt2,negation,negation,True,0.9470114707946777,0.9683435559272766,0.9319676160812378,0.9738140106201172,0.9532389640808105,0.9148905873298645
gpt2,negation,negation,True,0.9186017513275146,0.9638923406600952,0.9250167608261108,0.9869437217712402,0.9649196863174438,0.9257785081863403
gpt2,negation,negation,True,0.9367080926895142,0.9729531407356262,0.9352371096611023,0.9892133474349976,0.9708493947982788,0.9269959330558777
gpt2,negation,negation,True,0.9116162061691284,0.9727087020874023,0.9361799955368042,0.9918355941772461,0.9770826697349548,0.9352805614471436
gpt2,question,certainty_to_uncertainty,False,0.9067366719245911,0.9812865853309631,0.9588763117790222,0.9555332660675049,0.9786649942398071,0.9712133407592773
gpt2,question,certainty_to_uncertainty,False,0.9124376773834229,0.983718752861023,0.9774373769760132,0.9378190040588379,0.9741853475570679,0.9810917973518372
gpt2,question,certainty_to_uncertainty,False,0.9014176726341248,0.9856187105178833,0.965459942817688,0.9489505290985107,0.9829337000846863,0.9744918346405029
gpt2,question,formalization,False,0.9029970765113831,0.9787883758544922,0.9874440431594849,0.9043970704078674,0.964662492275238,0.9853765964508057
gpt2,question,certainty_to_uncertainty,False,0.9280425310134888,0.989315390586853,0.9788206219673157,0.9580286741256714,0.98258376121521,0.9815254807472229
gpt2,past_to_future,past_to_future,True,0.9179540872573853,0.9797872304916382,0.944767951965332,0.9709637761116028,0.9804534316062927,0.9406362771987915
gpt2,past_to_future,certainty_to_uncertainty,False,0.936721920967102,0.9878495931625366,0.961929976940155,0.9612550735473633,0.9818741679191589,0.9522638320922852
gpt2,past_to_future,past_to_future,True,0.9209812879562378,0.9861183166503906,0.9581658840179443,0.9710668325424194,0.9916865825653076,0.9545184373855591
gpt2,past_to_future,certainty_to_uncertainty,False,0.9307649731636047,0.992544949054718,0.9788432717323303,0.9483435153961182,0.9868140816688538,0.9660102725028992
gpt2,past_to_future,past_to_future,True,0.8463085293769836,0.9493038654327393,0.9092867374420166,0.9520248770713806,0.9717190861701965,0.9275984764099121
gpt2,certainty_to_uncertainty,certainty_to_uncertainty,True,0.9253085851669312,0.9938360452651978,0.9751619100570679,0.9569054841995239,0.9868056774139404,0.9649006128311157
gpt2,certainty_to_uncertainty,certainty_to_uncertainty,True,0.9245599508285522,0.992883563041687,0.9693699479103088,0.9629863500595093,0.986970067024231,0.9611343741416931
gpt2,certainty_to_uncertainty,certainty_to_uncertainty,True,0.9271702766418457,0.99003005027771,0.9837103486061096,0.9313901662826538,0.9753171801567078,0.970690131187439
gpt2,certainty_to_uncertainty,certainty_to_uncertainty,True,0.93266361951828,0.9902622699737549,0.974135160446167,0.94673752784729,0.9766170978546143,0.9665498733520508
gpt2,certainty_to_uncertainty,certainty_to_uncertainty,True,0.9456868171691895,0.9851629734039307,0.9541885852813721,0.9697967171669006,0.9717919230461121,0.9383863210678101
gpt2,active_to_passive,active_to_passive,True,0.9058762788772583,0.8591159582138062,0.8152416944503784,0.8941197395324707,0.8514790534973145,0.7989107370376587
gpt2,active_to_passive,active_to_passive,True,0.9486407041549683,0.9418034553527832,0.9116463661193848,0.937249481678009,0.928021252155304,0.8920352458953857
gpt2,active_to_passive,active_to_passive,True,0.9635331630706787,0.935335099697113,0.9051956534385681,0.9249187707901001,0.9152672290802002,0.8758450746536255
gpt2,active_to_passive,active_to_passive,True,0.9617675542831421,0.9471852779388428,0.9100356101989746,0.9462876319885254,0.9321650862693787,0.8852785229682922
gpt2,active_to_passive,active_to_passive,True,0.9550734758377075,0.9359660148620605,0.8944780826568604,0.9479400515556335,0.9218975305557251,0.8722896575927734
gpt2,formalization,certainty_to_uncertainty,False,0.9250355958938599,0.9881064891815186,0.9819503426551819,0.9295153617858887,0.9738529324531555,0.9670411944389343
gpt2,formalization,certainty_to_uncertainty,False,0.9581152200698853,0.9664266705513,0.93928462266922,0.9645543098449707,0.9484668970108032,0.9213945865631104
gpt2,formalization,certainty_to_uncertainty,False,0.9410340785980225,0.9915130138397217,0.9856706261634827,0.9418120384216309,0.9770772457122803,0.9667398929595947
gpt2,formalization,certainty_to_uncertainty,False,0.932645320892334,0.9915441274642944,0.9906035661697388,0.9454478025436401,0.9827216267585754,0.9770148396492004
gpt2,formalization,formalization,True,0.8433310389518738,0.9376590847969055,0.9596291184425354,0.8564614057540894,0.9266316890716553,0.9585586190223694
gpt2,negation,negation,True,0.632292628288269,0.7263026237487793,0.7014009356498718,0.8351007699966431,0.762798011302948,0.7547312378883362
gpt2,negation,negation,True,0.8652241230010986,0.8977345824241638,0.8542397022247314,0.9678894877433777,0.8964060544967651,0.8610959649085999
gpt2,negation,negation,True,0.2871408462524414,0.35711905360221863,0.353529155254364,0.5073291063308716,0.4037928581237793,0.42403316497802734
gpt2,negation,negation,True,0.6057671308517456,0.666126549243927,0.6428531408309937,0.792777419090271,0.7014710903167725,0.6819378137588501
gpt2,negation,negation,True,0.6242061853408813,0.7497068643569946,0.7279980182647705,0.8439456224441528,0.7928825616836548,0.7785071134567261
gpt2,question,question,True,0.5517575740814209,0.6905221939086914,0.6932713985443115,0.7350180149078369,0.7250102758407593,0.784095287322998
gpt2,question,question,True,0.7862919569015503,0.8857505321502686,0.9109839200973511,0.8459752798080444,0.8827781677246094,0.9378161430358887
gpt2,question,question,True,0.5326129198074341,0.7182325720787048,0.7368285655975342,0.7058966159820557,0.7516933083534241,0.8204735517501831
gpt2,question,question,True,0.7532129287719727,0.8555662631988525,0.8995674848556519,0.789446234703064,0.8473755121231079,0.919813871383667
gpt2,question,question,True,0.8129103183746338,0.9066489934921265,0.9223190546035767,0.8949600458145142,0.9142595529556274,0.9548900127410889
gpt2,past_to_future,past_to_future,True,0.5041684508323669,0.6862471103668213,0.675034761428833,0.7432761192321777,0.7482854723930359,0.7415364980697632
gpt2,past_to_future,question,False,0.7184991836547852,0.8366678357124329,0.8305432796478271,0.8488574028015137,0.864795446395874,0.8731544613838196
gpt2,past_to_future,question,False,-0.14201341569423676,0.024135038256645203,0.05524636059999466,0.08760908991098404,0.10294891893863678,0.1403859257698059
gpt2,past_to_future,past_to_future,True,0.8143471479415894,0.9232894778251648,0.9266684055328369,0.9098540544509888,0.942383348941803,0.9407709836959839
gpt2,past_to_future,question,False,-0.6096208095550537,-0.48887884616851807,-0.478865385055542,-0.3880075216293335,-0.4155075252056122,-0.3834759593009949
gpt2,certainty_to_uncertainty,past_to_future,False,0.8281244039535522,0.9434208273887634,0.9346171021461487,0.9416778087615967,0.9561104774475098,0.9547154903411865
gpt2,certainty_to_uncertainty,negation,False,0.822282075881958,0.9336090087890625,0.9109075665473938,0.952019214630127,0.9475988149642944,0.9345104694366455
gpt2,certainty_to_uncertainty,formalization,False,0.8543422818183899,0.9449599385261536,0.9635618925094604,0.8874918222427368,0.9358239769935608,0.963016152381897
gpt2,certainty_to_uncertainty,question,False,0.8750206232070923,0.9536716341972351,0.9530035257339478,0.9288291931152344,0.9462376236915588,0.9611009955406189
gpt2,certainty_to_uncertainty,negation,False,0.9340125322341919,0.9719155430793762,0.9391953945159912,0.9871329665184021,0.962732195854187,0.930307149887085
gpt2,active_to_passive,active_to_passive,True,0.5282430648803711,0.34986498951911926,0.3753870725631714,0.40574145317077637,0.33664900064468384,0.3351876139640808
gpt2,active_to_passive,active_to_passive,True,0.6395511627197266,0.5580275058746338,0.5845708250999451,0.6002822518348694,0.5484391450881958,0.5729048252105713
gpt2,active_to_passive,active_to_passive,True,0.787689208984375,0.6352746486663818,0.6353724002838135,0.6878620386123657,0.611130952835083,0.5974383354187012
gpt2,active_to_passive,active_to_passive,True,0.8944517970085144,0.8184366226196289,0.8221431970596313,0.8402944207191467,0.8044599294662476,0.7923023700714111
gpt2,active_to_passive,active_to_passive,True,0.8516899347305298,0.7372437715530396,0.7220067977905273,0.8007989525794983,0.7214102745056152,0.6882177591323853
gpt2,formalization,formalization,True,0.8774212002754211,0.9593996405601501,0.9731099605560303,0.9096621870994568,0.9503620862960815,0.9655168056488037
gpt2,formalization,negation,False,0.8718471527099609,0.8793148994445801,0.8679120540618896,0.9180123209953308,0.8667675256729126,0.8647381067276001
gpt2,formalization,formalization,True,0.912773847579956,0.9783756136894226,0.9895070195198059,0.939601480960846,0.9694066047668457,0.9785633087158203
gpt2,formalization,formalization,True,0.8279654383659363,0.9081008434295654,0.93765789270401,0.8807191848754883,0.9089890718460083,0.9365583658218384
gpt2,formalization,question,False,0.26671302318573,0.3865782916545868,0.4699675738811493,0.3378732204437256,0.39225631952285767,0.5007014274597168
gpt2,negation,negation,True,0.8662018775939941,0.9312456846237183,0.9051915407180786,0.9800783395767212,0.9450531601905823,0.9155336618423462
gpt2,negation,negation,True,0.9302895665168762,0.9498039484024048,0.9131619930267334,0.984614908695221,0.9393700361251831,0.9009650945663452
gpt2,negation,negation,True,0.44255462288856506,0.4917045831680298,0.49223774671554565,0.6280001401901245,0.5319010615348816,0.5312037467956543
gpt2,negation,negation,True,0.8302698135375977,0.8772794008255005,0.8522997498512268,0.9379771947860718,0.8930404186248779,0.854168176651001
gpt2,negation,negation,True,0.8539791107177734,0.9299862384796143,0.8956577181816101,0.9776968955993652,0.9476295113563538,0.9051669836044312
gpt2,question,question,True,0.7848935723304749,0.8871877193450928,0.8981208801269531,0.8708757162094116,0.9001641273498535,0.9509798884391785
gpt2,question,question,True,0.6865253448486328,0.7782256603240967,0.8374497890472412,0.7113617658615112,0.7709606885910034,0.8668837547302246
gpt2,question,question,True,0.7675021886825562,0.8976662158966064,0.9192554950714111,0.8375876545906067,0.9071387648582458,0.9591439962387085
gpt2,question,question,True,0.4991096258163452,0.588632345199585,0.6812703013420105,0.472438782453537,0.5742722749710083,0.6993767023086548
gpt2,question,question,True,0.8160502910614014,0.8786168694496155,0.9192612767219543,0.8319159150123596,0.8750396370887756,0.9348989129066467
gpt2,past_to_future,past_to_future,True,0.8493378162384033,0.9532816410064697,0.9233002066612244,0.9652295112609863,0.9776424169540405,0.9399309754371643
gpt2,past_to_future,past_to_future,True,0.8942885398864746,0.9663697481155396,0.9638710021972656,0.9356330633163452,0.9757746458053589,0.9698135852813721
gpt2,past_to_future,past_to_future,True,0.47086772322654724,0.5974045991897583,0.6213810443878174,0.6045491695404053,0.6580538749694824,0.6551874876022339
gpt2,past_to_future,formalization,False,0.8834519386291504,0.9491759538650513,0.9634931683540344,0.9063974618911743,0.954034686088562,0.9529658555984497
gpt2,past_to_future,question,False,-0.317341685295105,-0.13026116788387299,-0.11908414959907532,-0.07309215515851974,-0.031012415885925293,-0.022564604878425598
gpt2,certainty_to_uncertainty,certainty_to_uncertainty,True,0.9265525937080383,0.983147919178009,0.9810907244682312,0.9488611817359924,0.9703437685966492,0.9637945890426636
gpt2,certainty_to_uncertainty,certainty_to_uncertainty,True,0.9333315491676331,0.9871549606323242,0.9730132818222046,0.9701646566390991,0.9771881103515625,0.9592224359512329
gpt2,certainty_to_uncertainty,formalization,False,0.8233250379562378,0.8943613171577454,0.9411292672157288,0.7927611470222473,0.8735389709472656,0.9244316816329956
gpt2,certainty_to_uncertainty,question,False,0.8271317481994629,0.9129149317741394,0.9483634829521179,0.8303481936454773,0.8988114595413208,0.9527482390403748
gpt2,certainty_to_uncertainty,certainty_to_uncertainty,True,0.9557039141654968,0.980026364326477,0.9572956562042236,0.9748424291610718,0.961358904838562,0.937877893447876
gpt2,active_to_passive,active_to_passive,True,0.4740220606327057,0.2777698040008545,0.3246813714504242,0.30533307790756226,0.24305376410484314,0.27815279364585876
gpt2,active_to_passive,active_to_passive,True,0.6170246601104736,0.520859956741333,0.5596041083335876,0.5404183864593506,0.49550744891166687,0.5412924289703369
gpt2,active_to_passive,active_to_passive,True,0.6178711652755737,0.4365835189819336,0.48759549856185913,0.41636911034584045,0.3902205526828766,0.4277389347553253
gpt2,active_to_passive,active_to_passive,True,0.7859256267547607,0.6460386514663696,0.6796311140060425,0.6368126273155212,0.61297607421875,0.6294060945510864
gpt2,active_to_passive,active_to_passive,True,0.7752740383148193,0.6207762956619263,0.6389483213424683,0.6478549242019653,0.5891555547714233,0.5884006023406982
gpt2,formalization,formalization,True,0.8178213834762573,0.8850126266479492,0.9372948408126831,0.7712609171867371,0.8627733588218689,0.9094198942184448
gpt2,formalization,active_to_passive,False,0.9474982023239136,0.9347338676452637,0.9320118427276611,0.9375494718551636,0.9106537103652954,0.9090197086334229
gpt2,formalization,formalization,True,0.8834630250930786,0.9375388026237488,0.9698894023895264,0.8666536808013916,0.9211524128913879,0.9474260210990906
gpt2,formalization,formalization,True,0.7183608412742615,0.7819567918777466,0.8523393273353577,0.7038666009902954,0.7749612927436829,0.8372679948806763
gpt2,formalization,question,False,-0.3190760016441345,-0.240004301071167,-0.10912805050611496,-0.3520567715167999,-0.23963017761707306,-0.09125560522079468
gpt2,negation,negation,True,0.9319227933883667,0.9734132289886475,0.9465953707695007,0.988188624382019,0.9727513790130615,0.9427776336669922
gpt2,negation,negation,True,0.9576863050460815,0.9687273502349854,0.940831184387207,0.9711370468139648,0.9509530067443848,0.9177178144454956
gpt2,negation,negation,True,0.8791400194168091,0.9164984226226807,0.8847665786743164,0.9707082509994507,0.9284738898277283,0.8954654335975647
gpt2,negation,negation,True,0.945669412612915,0.9436067342758179,0.9052283763885498,0.9745239615440369,0.937987208366394,0.8839007616043091
gpt2,negation,negation,True,0.9043803811073303,0.9584512710571289,0.9299376010894775,0.9862633943557739,0.9655928611755371,0.9267099499702454
gpt2,question,question,True,0.8555909395217896,0.940428614616394,0.9370548129081726,0.922020435333252,0.9489543437957764,0.9729384183883667
gpt2,question,question,True,0.8160667419433594,0.8929694294929504,0.9251217246055603,0.8249156475067139,0.8863192796707153,0.937023937702179
gpt2,question,question,True,0.8421437740325928,0.9507177472114563,0.9524619579315186,0.8996181488037109,0.9574903249740601,0.9793721437454224
gpt2,question,formalization,False,0.7303615808486938,0.800926685333252,0.8620746731758118,0.6788946390151978,0.7833369374275208,0.858029842376709
gpt2,question,question,True,0.8778888583183289,0.9478491544723511,0.9598267674446106,0.911186158657074,0.948108434677124,0.9731161594390869
gpt2,past_to_future,past_to_future,True,0.9081185460090637,0.9806463718414307,0.9545341730117798,0.9635042548179626,0.986190140247345,0.9511520862579346
gpt2,past_to_future,past_to_future,True,0.928239107131958,0.9861650466918945,0.9679511189460754,0.9582961797714233,0.9863038659095764,0.9637797474861145
gpt2,past_to_future,past_to_future,True,0.8614557385444641,0.9376451373100281,0.9378547668457031,0.9026554822921753,0.9567399621009827,0.9322885274887085
gpt2,past_to_future,formalization,False,0.9130231142044067,0.971112847328186,0.9775620698928833,0.9045944213867188,0.964973509311676,0.9569747447967529
gpt2,past_to_future,past_to_future,True,0.4703819155693054,0.6600823402404785,0.6576918959617615,0.635030210018158,0.7293181419372559,0.7061829566955566
gpt2,certainty_to_uncertainty,certainty_to_uncertainty,True,0.9207141995429993,0.9893721342086792,0.9779518842697144,0.9477061033248901,0.982458770275116,0.9664157629013062
gpt2,certainty_to_uncertainty,certainty_to_uncertainty,True,0.9095962047576904,0.9855295419692993,0.9679833054542542,0.9543418884277344,0.9832162857055664,0.9611597061157227
gpt2,certainty_to_uncertainty,formalization,False,0.8819428086280823,0.9389067888259888,0.9606162309646606,0.8502189517021179,0.920200526714325,0.9374309778213501
gpt2,certainty_to_uncertainty,formalization,False,0.8953002691268921,0.9550497531890869,0.9657125473022461,0.884172797203064,0.9408689737319946,0.9562643766403198
gpt2,certainty_to_uncertainty,certainty_to_uncertainty,True,0.9504047632217407,0.9847659468650818,0.9561078548431396,0.9731496572494507,0.9710813760757446,0.9388455152511597
gpt2,active_to_passive,active_to_passive,True,0.2891137897968292,0.022243918851017952,0.05088367685675621,0.027001678943634033,-0.020803119987249374,-0.048659197986125946
gpt2,active_to_passive,active_to_passive,True,0.6350023746490479,0.4396149516105652,0.4626691937446594,0.4308367967605591,0.40047866106033325,0.3782682418823242
gpt2,active_to_passive,active_to_passive,True,0.5096070766448975,0.27174946665763855,0.29685768485069275,0.2448311597108841,0.2204074263572693,0.1931394785642624
gpt2,active_to_passive,active_to_passive,True,0.8396484851837158,0.6911122798919678,0.6930792927742004,0.6590875387191772,0.6534252166748047,0.6102178692817688
gpt2,active_to_passive,active_to_passive,True,0.7306853532791138,0.5293446183204651,0.5329867601394653,0.5325052738189697,0.49075084924697876,0.4407050311565399
gpt2,formalization,formalization,True,0.8639556169509888,0.9234819412231445,0.9513541460037231,0.8252953290939331,0.9053902626037598,0.9213216304779053
gpt2,formalization,active_to_passive,False,0.9661222696304321,0.929305374622345,0.9232025146484375,0.9231137633323669,0.9030556082725525,0.8856062889099121
gpt2,formalization,formalization,True,0.9082275032997131,0.9547460079193115,0.9754806756973267,0.8800371885299683,0.9384706616401672,0.9454085230827332
gpt2,formalization,formalization,True,0.8089259266853333,0.8545029163360596,0.9022018909454346,0.7727780938148499,0.8460655212402344,0.869977593421936
gpt2,formalization,formalization,True,-0.08412165939807892,-0.003967002034187317,0.11787402629852295,-0.14808176457881927,-0.006894789636135101,0.1157093197107315
gpt2,negation,negation,True,0.880978524684906,0.9403461217880249,0.9093589782714844,0.9860122203826904,0.9502619504928589,0.9230548143386841
gpt2,negation,negation,True,0.9080132246017456,0.9383566975593567,0.8955403566360474,0.9817181825637817,0.9314370155334473,0.8934810757637024
gpt2,negation,negation,True,0.8819380402565002,0.9113421440124512,0.8838098645210266,0.9690454006195068,0.9197714924812317,0.8939447999000549
gpt2,negation,negation,True,0.9231874346733093,0.950076699256897,0.9114659428596497,0.9909513592720032,0.9524368643760681,0.9073199033737183
gpt2,negation,negation,True,0.8644726276397705,0.9482970237731934,0.9178710579872131,0.9850913882255554,0.9647501111030579,0.9314534068107605
gpt2,question,question,True,0.8346561193466187,0.9283745288848877,0.9120620489120483,0.9349761605262756,0.9401563405990601,0.9547898769378662
gpt2,question,question,True,0.8568456172943115,0.9461671113967896,0.9582376480102539,0.8950710296630859,0.9399673938751221,0.9737714529037476
gpt2,question,question,True,0.7259520292282104,0.8845030069351196,0.8840802907943726,0.8535706996917725,0.90552818775177,0.9428133964538574
gpt2,question,question,True,0.8199461698532104,0.9220496416091919,0.9543012380599976,0.8298313021659851,0.9112210869789124,0.9638481140136719
gpt2,question,question,True,0.878418505191803,0.9665254950523376,0.9698625206947327,0.9328043460845947,0.9679232239723206,0.9885041117668152
gpt2,past_to_future,past_to_future,True,0.8686273694038391,0.9655990600585938,0.9468156695365906,0.9562393426895142,0.982909083366394,0.9535987377166748
gpt2,past_to_future,past_to_future,True,0.8948676586151123,0.968443751335144,0.9492654204368591,0.9465337991714478,0.9749758243560791,0.9561254978179932
gpt2,past_to_future,past_to_future,True,0.7896720767021179,0.9020544290542603,0.8960180878639221,0.8985344171524048,0.9341643452644348,0.9162124991416931
gpt2,past_to_future,certainty_to_uncertainty,False,0.9196869134902954,0.9886009693145752,0.9825369715690613,0.9463632106781006,0.9876991510391235,0.971159815788269
gpt2,past_to_future,negation,False,0.4968024790287018,0.6328591704368591,0.5858300924301147,0.7187727093696594,0.7034565806388855,0.6549625396728516
gpt2,certainty_to_uncertainty,past_to_future,False,0.8902629613876343,0.9854656457901001,0.9716837406158447,0.9616751670837402,0.9880831837654114,0.9763022661209106
gpt2,certainty_to_uncertainty,past_to_future,False,0.8751167058944702,0.9752741456031799,0.9480825066566467,0.9704965353012085,0.9817814826965332,0.959830641746521
gpt2,certainty_to_uncertainty,formalization,False,0.8978834748268127,0.9771476984024048,0.9852759838104248,0.9057900905609131,0.9638113975524902,0.9757028818130493
gpt2,certainty_to_uncertainty,certainty_to_uncertainty,True,0.9154754877090454,0.9877287745475769,0.9808506965637207,0.938121497631073,0.976211667060852,0.9780598282814026
gpt2,certainty_to_uncertainty,negation,False,0.9358018040657043,0.9748706817626953,0.9370332956314087,0.9815071821212769,0.9644323587417603,0.9258164763450623
gpt2,active_to_passive,active_to_passive,True,0.9654403924942017,0.8705878853797913,0.8469395637512207,0.8786426782608032,0.8374216556549072,0.7942439913749695
gpt2,active_to_passive,active_to_passive,True,0.9746922850608826,0.9249709844589233,0.906273603439331,0.917358934879303,0.8957298994064331,0.8643536567687988
gpt2,active_to_passive,active_to_passive,True,0.9691265821456909,0.8875056505203247,0.8658488988876343,0.8691361546516418,0.8508032560348511,0.8079203367233276
gpt2,active_to_passive,active_to_passive,True,0.9780608415603638,0.914647102355957,0.8916217684745789,0.9101783633232117,0.8868296146392822,0.8445209264755249
gpt2,active_to_passive,active_to_passive,True,0.9613394141197205,0.8782756328582764,0.8479404449462891,0.8979181051254272,0.850629448890686,0.8013423681259155
gpt2,formalization,formalization,True,0.9031707644462585,0.9798567295074463,0.9861704111099243,0.9104236960411072,0.9667179584503174,0.9714299440383911
gpt2,formalization,certainty_to_uncertainty,False,0.9559513330459595,0.958561897277832,0.9384490251541138,0.9580179452896118,0.9390619993209839,0.9187239408493042
gpt2,formalization,formalization,True,0.9241193532943726,0.9846376776695251,0.9912591576576233,0.9256360530853271,0.971981406211853,0.9722525477409363
gpt2,formalization,formalization,True,0.9098790884017944,0.978467583656311,0.9904091358184814,0.9270241260528564,0.971221923828125,0.976391613483429
gpt2,formalization,question,False,0.6813125014305115,0.8037563562393188,0.8606494665145874,0.6978259682655334,0.7954000234603882,0.8657038807868958
gpt2,negation,negation,True,0.9156378507614136,0.9727048873901367,0.9511350393295288,0.9850350618362427,0.9763608574867249,0.9559224843978882
gpt2,negation,negation,True,0.9432551860809326,0.966809093952179,0.9378728866577148,0.9753463268280029,0.9538294672966003,0.9240161776542664
gpt2,negation,negation,True,0.8347275853157043,0.902672290802002,0.896712601184845,0.9222543239593506,0.9188772439956665,0.9123427271842957
gpt2,negation,negation,True,0.9078660607337952,0.9560768008232117,0.9411199688911438,0.9607036113739014,0.9599410891532898,0.937419593334198
gpt2,negation,past_to_future,False,0.8898276686668396,0.9693608283996582,0.947318434715271,0.9753601551055908,0.9790142774581909,0.9528902173042297
gpt2,question,question,True,0.8230124711990356,0.9260846376419067,0.920052170753479,0.9077316522598267,0.9381220936775208,0.967805027961731
gpt2,question,question,True,0.8439733386039734,0.9383782148361206,0.9579545855522156,0.8753383159637451,0.9338489174842834,0.9770081639289856
gpt2,question,question,True,0.798621654510498,0.9344006776809692,0.9379854202270508,0.8783854842185974,0.9462347030639648,0.9767259955406189
gpt2,question,question,True,0.7576367855072021,0.8601096868515015,0.9103031158447266,0.7491334676742554,0.8490526676177979,0.9220637679100037
gpt2,question,question,True,0.862006664276123,0.9531950354576111,0.9682950973510742,0.9042859077453613,0.9557443857192993,0.9884071946144104
gpt2,past_to_future,past_to_future,True,0.9190452098846436,0.9871163368225098,0.9683732986450195,0.9587231278419495,0.9890950918197632,0.959745466709137
gpt2,past_to_future,certainty_to_uncertainty,False,0.9091273546218872,0.9871301651000977,0.9801108837127686,0.9332349300384521,0.9866902828216553,0.9779821634292603
gpt2,past_to_future,past_to_future,True,0.9112458229064941,0.9688277244567871,0.9648036956787109,0.926202118396759,0.9753199815750122,0.9500185251235962
gpt2,past_to_future,formalization,False,0.8985110521316528,0.9763583540916443,0.982713520526886,0.9120895266532898,0.9744314551353455,0.9714016318321228
gpt2,past_to_future,past_to_future,True,0.8091026544570923,0.9302173256874084,0.9217041730880737,0.8963664770126343,0.9597120881080627,0.9389795064926147
gpt2,certainty_to_uncertainty,certainty_to_uncertainty,True,0.9112932682037354,0.9915473461151123,0.9854678511619568,0.9444212317466736,0.9854419231414795,0.9760651588439941
gpt2,certainty_to_uncertainty,certainty_to_uncertainty,True,0.9206827878952026,0.9947887659072876,0.9781233072280884,0.9633480310440063,0.989767849445343,0.9709398746490479
gpt2,certainty_to_uncertainty,formalization,False,0.8741480112075806,0.9621336460113525,0.979308545589447,0.8776103854179382,0.9504172801971436,0.9715234041213989
gpt2,certainty_to_uncertainty,question,False,0.8915963768959045,0.9771937131881714,0.9802776575088501,0.9128641486167908,0.9684985876083374,0.9832648634910583
gpt2,certainty_to_uncertainty,certainty_to_uncertainty,True,0.9457939863204956,0.9908352494239807,0.9651613235473633,0.9709396362304688,0.9776350855827332,0.9497900605201721
gpt2,active_to_passive,active_to_passive,True,0.9795829653739929,0.9224697351455688,0.9168866872787476,0.8845710158348083,0.8942861557006836,0.8716017007827759
gpt2,active_to_passive,active_to_passive,True,0.9727743268013,0.9534975290298462,0.9525952339172363,0.9077835083007812,0.9294037818908691,0.9187683463096619
gpt2,active_to_passive,active_to_passive,True,0.9695802927017212,0.9279022216796875,0.9202561378479004,0.8749954700469971,0.8978626728057861,0.8760765790939331
gpt2,active_to_passive,active_to_passive,True,0.9770618677139282,0.9303298592567444,0.9271986484527588,0.885823130607605,0.9040929079055786,0.8822488188743591
gpt2,active_to_passive,active_to_passive,True,0.9831458330154419,0.9351323843002319,0.9269583225250244,0.9047702550888062,0.9105759859085083,0.8841679692268372
gpt2,formalization,formalization,True,0.8689599633216858,0.9586440324783325,0.9768798351287842,0.8686524629592896,0.9473947882652283,0.9637295007705688
gpt2,formalization,certainty_to_uncertainty,False,0.9579417109489441,0.9639008045196533,0.9525190591812134,0.9530206322669983,0.9444554448127747,0.9331982135772705
gpt2,formalization,formalization,True,0.911003053188324,0.9795609712600708,0.9914814233779907,0.9124659299850464,0.9679814577102661,0.974716067314148
gpt2,formalization,formalization,True,0.8718848824501038,0.9498887658119202,0.9776920080184937,0.880365252494812,0.9454323053359985,0.9655338525772095
gpt2,formalization,question,False,0.37068015336990356,0.5234593152999878,0.6159220933914185,0.3872201144695282,0.52610182762146,0.6379148364067078
gpt2,negation,negation,True,0.9325404167175293,0.9771291613578796,0.943570613861084,0.9922572374343872,0.9735484719276428,0.9402428865432739
gpt2,negation,negation,True,0.944516658782959,0.9665791988372803,0.929631233215332,0.9811398983001709,0.9522091150283813,0.9142268300056458
gpt2,negation,negation,True,0.9139691591262817,0.9674710035324097,0.9318608045578003,0.993391752243042,0.9689357876777649,0.9347403049468994
gpt2,negation,negation,True,0.9258536696434021,0.9757573008537292,0.9439880847930908,0.9930901527404785,0.9756835103034973,0.9412815570831299
gpt2,negation,negation,True,0.9273645877838135,0.9766924381256104,0.9421876072883606,0.9907224774360657,0.9749899506568909,0.9343898296356201
gpt2,question,certainty_to_uncertainty,False,0.9123489856719971,0.9833399057388306,0.9630756378173828,0.9665569067001343,0.9794702529907227,0.9766252040863037
gpt2,question,certainty_to_uncertainty,False,0.9311622381210327,0.9893933534622192,0.9890219569206238,0.9371963739395142,0.9748454093933105,0.9831233024597168
gpt2,question,certainty_to_uncertainty,False,0.9058806896209717,0.9895097017288208,0.9739944338798523,0.9550086259841919,0.9859592318534851,0.9822083115577698
gpt2,question,formalization,False,0.9073024988174438,0.9693741202354431,0.9834285974502563,0.89042067527771,0.9500753879547119,0.9713237285614014
gpt2,question,certainty_to_uncertainty,False,0.9326233267784119,0.9892293810844421,0.9859294891357422,0.950290322303772,0.9796136617660522,0.9823253750801086
gpt2,past_to_future,certainty_to_uncertainty,False,0.9258224964141846,0.984322726726532,0.9553341865539551,0.9668377637863159,0.9814956188201904,0.9435235857963562
gpt2,past_to_future,certainty_to_uncertainty,False,0.9364181160926819,0.9895948171615601,0.9737852811813354,0.9451746344566345,0.9806493520736694,0.9598073959350586
gpt2,past_to_future,past_to_future,True,0.9222233891487122,0.9844592213630676,0.9643929600715637,0.9596184492111206,0.9884123206138611,0.9540311694145203
gpt2,past_to_future,certainty_to_uncertainty,False,0.9315596222877502,0.9811189770698547,0.9781005382537842,0.9260255098342896,0.9708666801452637,0.9553751349449158
gpt2,past_to_future,past_to_future,True,0.8867077231407166,0.97541344165802,0.9500607252120972,0.9522486925125122,0.9852288961410522,0.9514563083648682
gpt2,certainty_to_uncertainty,certainty_to_uncertainty,True,0.9361603856086731,0.9930418729782104,0.9791265726089478,0.9604620933532715,0.9841707944869995,0.9624488353729248
gpt2,certainty_to_uncertainty,certainty_to_uncertainty,True,0.9393689036369324,0.9895161390304565,0.9646778106689453,0.9720538258552551,0.9822319746017456,0.9494425058364868
gpt2,certainty_to_uncertainty,certainty_to_uncertainty,True,0.9404116868972778,0.9885979294776917,0.9871448874473572,0.9246275424957275,0.9680994153022766,0.9638122916221619
gpt2,certainty_to_uncertainty,certainty_to_uncertainty,True,0.9449790716171265,0.9931930303573608,0.9805110096931458,0.9457391500473022,0.9753738045692444,0.9653083682060242
gpt2,certainty_to_uncertainty,certainty_to_uncertainty,True,0.9529640078544617,0.986536979675293,0.9587528705596924,0.9703410267829895,0.9713261127471924,0.9396480321884155
gpt2,active_to_passive,active_to_passive,True,0.8794187307357788,0.7815662622451782,0.7477352023124695,0.8436192274093628,0.7664787769317627,0.7254785299301147
gpt2,active_to_passive,negation,False,0.9252729415893555,0.9231616258621216,0.8889320492744446,0.9483938813209534,0.914976179599762,0.8862199187278748
gpt2,active_to_passive,active_to_passive,True,0.9385441541671753,0.8749691247940063,0.8575907349586487,0.8825651407241821,0.8534917831420898,0.8322554230690002
gpt2,active_to_passive,active_to_passive,True,0.9677908420562744,0.9505469799041748,0.9207954406738281,0.9577262997627258,0.9349755048751831,0.9016783833503723
gpt2,active_to_passive,active_to_passive,True,0.9606525897979736,0.9234797358512878,0.8902807831764221,0.9458903074264526,0.9070470333099365,0.8683345317840576
gpt2,formalization,certainty_to_uncertainty,False,0.9393152594566345,0.9855167269706726,0.9837474822998047,0.9199861884117126,0.9653441905975342,0.9559696316719055
gpt2,formalization,certainty_to_uncertainty,False,0.9673571586608887,0.968724250793457,0.9455711841583252,0.9593235850334167,0.9460536241531372,0.9199973344802856
gpt2,formalization,certainty_to_uncertainty,False,0.9419190287590027,0.9848117232322693,0.9831749796867371,0.9306702613830566,0.9673117995262146,0.9570292234420776
gpt2,formalization,formalization,True,0.9428118467330933,0.9839174747467041,0.9855323433876038,0.9325542449951172,0.9685467481613159,0.9588332176208496
gpt2,formalization,formalization,True,0.8825585246086121,0.9458438754081726,0.9745075106620789,0.8519487380981445,0.9234989285469055,0.9496321678161621
gpt2,negation,negation,True,0.9045546650886536,0.9618543386459351,0.9228589534759521,0.9924836158752441,0.9682310223579407,0.929509162902832
gpt2,negation,negation,True,0.9250215291976929,0.9529623985290527,0.9091378450393677,0.9837895631790161,0.9451994895935059,0.9008827805519104
gpt2,negation,negation,True,0.7899418473243713,0.8438610434532166,0.7911835312843323,0.9360848069190979,0.8719247579574585,0.8167295455932617
gpt2,negation,negation,True,0.9018344879150391,0.9331563115119934,0.8892645239830017,0.9853640794754028,0.9418760538101196,0.887006938457489
gpt2,negation,negation,True,0.8667682409286499,0.9420931339263916,0.9029349088668823,0.9850485920906067,0.9585456848144531,0.9110678434371948
gpt2,question,question,True,0.842276394367218,0.9407652616500854,0.9139478206634521,0.9365824460983276,0.9539724588394165,0.9546312093734741
gpt2,question,question,True,0.8291523456573486,0.9271996021270752,0.9343445301055908,0.8834540843963623,0.9280267953872681,0.9575512409210205
gpt2,question,question,True,0.8558700084686279,0.9683289527893066,0.951153039932251,0.9365812540054321,0.9766644239425659,0.9789943099021912
gpt2,question,question,True,0.8025715351104736,0.9130905866622925,0.9431977868080139,0.8266225457191467,0.9088337421417236,0.9600200653076172
gpt2,question,question,True,0.8603729009628296,0.9523663520812988,0.9525330066680908,0.9279013872146606,0.9591547250747681,0.9774003028869629
gpt2,past_to_future,negation,False,0.9189521670341492,0.9631770849227905,0.9227436780929565,0.9698468446731567,0.9678755402565002,0.9139928817749023
gpt2,past_to_future,past_to_future,True,0.934688150882721,0.9791483879089355,0.951301634311676,0.9646159410476685,0.9804078936576843,0.9432004690170288
gpt2,past_to_future,past_to_future,True,0.9157431125640869,0.9693785905838013,0.9439637660980225,0.9623098373413086,0.9821288585662842,0.9354001879692078
gpt2,past_to_future,certainty_to_uncertainty,False,0.9358417987823486,0.9919682741165161,0.9796339273452759,0.9562857151031494,0.9906401038169861,0.9658889174461365
gpt2,past_to_future,past_to_future,True,0.7359579801559448,0.8282087445259094,0.7759888172149658,0.874332070350647,0.8773773908615112,0.8012200593948364
gpt2,certainty_to_uncertainty,certainty_to_uncertainty,True,0.9189916849136353,0.9946849346160889,0.9754395484924316,0.9661840796470642,0.9917351603507996,0.9698344469070435
gpt2,certainty_to_uncertainty,certainty_to_uncertainty,True,0.9187843203544617,0.9922117590904236,0.9659684896469116,0.9749816656112671,0.9903198480606079,0.9626919031143188
gpt2,certainty_to_uncertainty,question,False,0.8501387238502502,0.9474166035652161,0.9558354616165161,0.882569432258606,0.9431037902832031,0.9585375785827637
gpt2,certainty_to_uncertainty,question,False,0.8711950778961182,0.9602915048599243,0.9533849954605103,0.9169939756393433,0.9572678804397583,0.9634690880775452
gpt2,certainty_to_uncertainty,certainty_to_uncertainty,True,0.9470164775848389,0.9842357635498047,0.9520518779754639,0.9785788059234619,0.9725192189216614,0.9374159574508667
gpt2,active_to_passive,active_to_passive,True,0.9578903317451477,0.8727196455001831,0.8592373132705688,0.8440054655075073,0.8390442132949829,0.8023154735565186
gpt2,active_to_passive,active_to_passive,True,0.9748320579528809,0.9336796998977661,0.9178706407546997,0.9065999984741211,0.9062503576278687,0.877262532711029
gpt2,active_to_passive,active_to_passive,True,0.9613330960273743,0.8808375597000122,0.8594762086868286,0.8579888343811035,0.8480615615844727,0.8046925067901611
gpt2,active_to_passive,active_to_passive,True,0.9750059843063354,0.9351484775543213,0.9153688549995422,0.9079943299293518,0.9094818830490112,0.8723925948143005
gpt2,active_to_passive,active_to_passive,True,0.971514880657196,0.9149777889251709,0.891381561756134,0.8990267515182495,0.8889899253845215,0.8465161323547363
gpt2,formalization,formalization,True,0.8594105243682861,0.952772319316864,0.9625958800315857,0.8821917772293091,0.947180986404419,0.9586859941482544
gpt2,formalization,negation,False,0.9223028421401978,0.94813072681427,0.9243373274803162,0.9614238739013672,0.9387847781181335,0.9202667474746704
gpt2,formalization,formalization,True,0.921504557132721,0.9868638515472412,0.99167799949646,0.9328597784042358,0.9781957864761353,0.9775374531745911
gpt2,formalization,formalization,True,0.8667550683021545,0.9473375678062439,0.9666094779968262,0.8993552923202515,0.9498510360717773,0.962480366230011
gpt2,formalization,question,False,0.397451251745224,0.5479223728179932,0.6147885918617249,0.45687392354011536,0.5608233213424683,0.6496750116348267
gpt2,negation,negation,True,0.9245727062225342,0.9704443216323853,0.9412501454353333,0.9956518411636353,0.9711078405380249,0.9412197470664978
gpt2,negation,negation,True,0.94850754737854,0.9419075846672058,0.905362606048584,0.9739793539047241,0.9243799448013306,0.881693959236145
gpt2,negation,negation,True,0.7676486968994141,0.8300954699516296,0.8123990297317505,0.9126405715942383,0.8559975624084473,0.8405803442001343
gpt2,negation,negation,True,0.9097700119018555,0.9407950639724731,0.9184191226959229,0.9790211319923401,0.9453296661376953,0.9116091728210449
gpt2,negation,negation,True,0.8320338726043701,0.9136794209480286,0.8893059492111206,0.962572455406189,0.9329833984375,0.9012103080749512
gpt2,question,question,True,0.8333657383918762,0.9411281943321228,0.9320448637008667,0.9240009784698486,0.9511011838912964,0.9757511019706726
gpt2,question,question,True,0.8079396486282349,0.9030234813690186,0.9243184328079224,0.8459799289703369,0.8983610272407532,0.9459940195083618
gpt2,question,question,True,0.8334130644798279,0.9563199281692505,0.9506643414497375,0.9151302576065063,0.9642012119293213,0.983674943447113
gpt2,question,question,True,0.7197970747947693,0.8296041488647461,0.8820225596427917,0.7299375534057617,0.8206947445869446,0.9038006067276001
gpt2,question,question,True,0.8546116948127747,0.9458988308906555,0.9583284258842468,0.9085067510604858,0.9482166767120361,0.9813565611839294
gpt2,past_to_future,past_to_future,True,0.9039765000343323,0.9839957356452942,0.9590193629264832,0.9756807088851929,0.9917057752609253,0.9612686634063721
gpt2,past_to_future,past_to_future,True,0.9099758267402649,0.9872243404388428,0.9781228303909302,0.951698899269104,0.9898034334182739,0.9795349836349487
gpt2,past_to_future,past_to_future,True,0.8136565685272217,0.9217831492424011,0.9275129437446594,0.8993457555770874,0.9449132680892944,0.9414633512496948
gpt2,past_to_future,formalization,False,0.9114519953727722,0.986796498298645,0.986809492111206,0.9411677122116089,0.9848146438598633,0.9800951480865479
gpt2,past_to_future,question,False,-0.23053210973739624,0.002450648695230484,0.0313023179769516,0.008926762267947197,0.08749620616436005,0.13207842409610748
gpt2,certainty_to_uncertainty,certainty_to_uncertainty,True,0.9119113683700562,0.9936160445213318,0.979505717754364,0.9636178016662598,0.9894641637802124,0.975633978843689
gpt2,certainty_to_uncertainty,certainty_to_uncertainty,True,0.9153572916984558,0.9916702508926392,0.9695284366607666,0.9748803377151489,0.9880797863006592,0.9669803380966187
gpt2,certainty_to_uncertainty,formalization,False,0.8439193964004517,0.9369544386863708,0.9576919674873352,0.8564300537109375,0.925287663936615,0.9553955793380737
gpt2,certainty_to_uncertainty,question,False,0.8736563324928284,0.959182620048523,0.9624321460723877,0.9014405012130737,0.9496426582336426,0.9673583507537842
gpt2,certainty_to_uncertainty,certainty_to_uncertainty,True,0.952000081539154,0.9833518862724304,0.9529046416282654,0.9777043461799622,0.9685965776443481,0.9356358051300049
gpt2,active_to_passive,negation,False,0.7050564289093018,0.6876205205917358,0.6885014772415161,0.7192693948745728,0.6732966899871826,0.6938977241516113
gpt2,active_to_passive,question,False,0.32966622710227966,0.32795506715774536,0.3483538031578064,0.3571757972240448,0.3222123086452484,0.3700728416442871
gpt2,active_to_passive,active_to_passive,True,0.8871246576309204,0.8418729305267334,0.8305748701095581,0.8287971019744873,0.8086673617362976,0.8033730387687683
gpt2,active_to_passive,active_to_passive,True,0.9072349071502686,0.880250096321106,0.8753411173820496,0.8852094411849976,0.8620569705963135,0.8591076135635376
gpt2,active_to_passive,negation,False,0.7860652208328247,0.7528891563415527,0.7411667704582214,0.7964808344841003,0.7399932742118835,0.7413945198059082
gpt2,formalization,formalization,True,0.8489857316017151,0.9434072375297546,0.9596589803695679,0.8681892156600952,0.9342795610427856,0.9562057852745056
gpt2,formalization,certainty_to_uncertainty,False,0.9384315609931946,0.9661481380462646,0.9595975875854492,0.9486533403396606,0.9481179118156433,0.9473366737365723
gpt2,formalization,formalization,True,0.904999852180481,0.9787936210632324,0.9935239553451538,0.9151521921157837,0.9679135084152222,0.981572151184082
gpt2,formalization,formalization,True,0.8263635039329529,0.9173237085342407,0.948338508605957,0.8589247465133667,0.9169321656227112,0.947441041469574
gpt2,formalization,question,False,0.42314764857292175,0.5634524822235107,0.6331731677055359,0.4696688950061798,0.5666757225990295,0.6638191938400269
gpt2,negation,past_to_future,False,0.9170312285423279,0.9835659265518188,0.955015242099762,0.9840370416641235,0.9852035045623779,0.959243655204773
gpt2,negation,negation,True,0.9263404607772827,0.9731258749961853,0.9369204640388489,0.9825794696807861,0.9657494425773621,0.9334414005279541
gpt2,negation,past_to_future,False,0.9125856161117554,0.9789317846298218,0.9558135867118835,0.9820500016212463,0.9822215437889099,0.9621859788894653
gpt2,negation,past_to_future,False,0.9200060367584229,0.9826616048812866,0.9534158110618591,0.982103705406189,0.9839060306549072,0.9537715911865234
gpt2,negation,past_to_future,False,0.8991613388061523,0.9799932837486267,0.9500324726104736,0.9844878911972046,0.986847996711731,0.9559614658355713
gpt2,question,past_to_future,False,0.8849055171012878,0.976980984210968,0.9542332291603088,0.9535006284713745,0.9799099564552307,0.9747158885002136
gpt2,question,question,True,0.8846613764762878,0.9776175022125244,0.9697714447975159,0.926283061504364,0.9726437330245972,0.9811055660247803
gpt2,question,past_to_future,False,0.8656573295593262,0.9760593771934509,0.9583529829978943,0.9340126514434814,0.9798547029495239,0.9775450825691223
gpt2,question,question,True,0.8618170022964478,0.9653952717781067,0.9739712476730347,0.8829138875007629,0.9567767381668091,0.9816780090332031
gpt2,question,question,True,0.8910199403762817,0.9823963642120361,0.9774519205093384,0.9366485476493835,0.9812493324279785,0.9894850850105286
gpt2,past_to_future,past_to_future,True,0.9111560583114624,0.9831821322441101,0.9607362151145935,0.9500011205673218,0.985496997833252,0.9550012946128845
gpt2,past_to_future,past_to_future,True,0.9016072154045105,0.9793714880943298,0.9588550329208374,0.9366731643676758,0.9828121066093445,0.9617445468902588
gpt2,past_to_future,past_to_future,True,0.868827760219574,0.9620413780212402,0.934044599533081,0.9439401030540466,0.9802274703979492,0.9457904696464539
gpt2,past_to_future,past_to_future,True,0.9162281155586243,0.9914830923080444,0.975432813167572,0.9538263082504272,0.9927688837051392,0.9735031723976135
gpt2,past_to_future,past_to_future,True,0.8386557102203369,0.9520358443260193,0.9216727018356323,0.9334957599639893,0.973766565322876,0.9410767555236816
gpt2,certainty_to_uncertainty,certainty_to_uncertainty,True,0.9158609509468079,0.9913923740386963,0.9682859778404236,0.9606009721755981,0.9887036085128784,0.9644693732261658
gpt2,certainty_to_uncertainty,certainty_to_uncertainty,True,0.9239600896835327,0.9931131601333618,0.9661803841590881,0.970399796962738,0.9875755906105042,0.9615223407745361
gpt2,certainty_to_uncertainty,certainty_to_uncertainty,True,0.8980052471160889,0.9845095872879028,0.9779357314109802,0.9201766848564148,0.9749369025230408,0.9731529951095581
gpt2,certainty_to_uncertainty,certainty_to_uncertainty,True,0.9036371111869812,0.9867352843284607,0.9710559844970703,0.9357728362083435,0.9787853360176086,0.9720286726951599
gpt2,certainty_to_uncertainty,certainty_to_uncertainty,True,0.9334270358085632,0.9831607341766357,0.949002742767334,0.9735919833183289,0.972850501537323,0.9411197304725647
gpt2,active_to_passive,active_to_passive,True,0.964212954044342,0.9590741991996765,0.9423704743385315,0.9208053350448608,0.9383386373519897,0.9116791486740112
gpt2,active_to_passive,certainty_to_uncertainty,False,0.9488558173179626,0.9622640609741211,0.9372959136962891,0.9377642869949341,0.944459080696106,0.91673743724823
gpt2,active_to_passive,active_to_passive,True,0.9611170291900635,0.9600340723991394,0.937894880771637,0.9148687720298767,0.9370212554931641,0.9041002988815308
gpt2,active_to_passive,certainty_to_uncertainty,False,0.9598233103752136,0.964616596698761,0.9402222633361816,0.9313844442367554,0.9476661086082458,0.911051869392395
gpt2,active_to_passive,active_to_passive,True,0.9605163931846619,0.9589478373527527,0.9302194714546204,0.9362409114837646,0.942348837852478,0.9030442237854004
gpt2,formalization,certainty_to_uncertainty,False,0.8942973613739014,0.9823680520057678,0.9763455390930176,0.9171813726425171,0.973431408405304,0.9700334668159485
gpt2,formalization,certainty_to_uncertainty,False,0.9506770372390747,0.98055499792099,0.9545076489448547,0.96369868516922,0.9653714299201965,0.9399741291999817
gpt2,formalization,certainty_to_uncertainty,False,0.9180774688720703,0.9919363260269165,0.9860323071479797,0.936741054058075,0.982567548751831,0.975526750087738
gpt2,formalization,certainty_to_uncertainty,False,0.9027494192123413,0.9892528057098389,0.9849650859832764,0.9376474022865295,0.9858694076538086,0.9815210103988647
gpt2,formalization,question,False,0.7884460687637329,0.922025203704834,0.9366425275802612,0.8397279977798462,0.9215697050094604,0.9520994424819946
gpt2,negation,negation,True,0.9105050563812256,0.979022741317749,0.9512995481491089,0.98932945728302,0.9848781824111938,0.9553015232086182
gpt2,negation,negation,True,0.9393786787986755,0.9738781452178955,0.9415507316589355,0.9810601472854614,0.9637837409973145,0.9276823997497559
gpt2,negation,negation,True,0.8962805271148682,0.9646298885345459,0.9438639283180237,0.9794588685035706,0.9751802086830139,0.9496022462844849
gpt2,negation,negation,True,0.915273904800415,0.9737774133682251,0.944030225276947,0.9869903326034546,0.9797912836074829,0.9409310817718506
gpt2,negation,negation,True,0.8837366700172424,0.9694714546203613,0.9389615654945374,0.9822192788124084,0.9820078611373901,0.944226861000061
gpt2,question,question,True,0.8802741765975952,0.965654730796814,0.9463979005813599,0.9410548210144043,0.9672775268554688,0.9695534706115723
gpt2,question,question,True,0.8930916786193848,0.9775451421737671,0.9823989868164062,0.9146281480789185,0.969138503074646,0.9887987971305847
gpt2,question,question,True,0.8796241879463196,0.9785027503967285,0.9659143686294556,0.9329063892364502,0.978841245174408,0.9810434579849243
gpt2,question,question,True,0.8560303449630737,0.9485752582550049,0.9705278873443604,0.8559226989746094,0.9361746311187744,0.9730326533317566
gpt2,question,question,True,0.8920983076095581,0.9784038662910461,0.9776661396026611,0.9365794062614441,0.9785115718841553,0.990836501121521
gpt2,past_to_future,past_to_future,True,0.9083303213119507,0.9812649488449097,0.9505070447921753,0.9683760404586792,0.9865578413009644,0.9461827278137207
gpt2,past_to_future,certainty_to_uncertainty,False,0.9243489503860474,0.9869751334190369,0.9674229025840759,0.9473873376846313,0.9856895208358765,0.9599401950836182
gpt2,past_to_future,past_to_future,True,0.9071401953697205,0.9811745285987854,0.9636518955230713,0.9509737491607666,0.9916902780532837,0.9566671848297119
gpt2,past_to_future,certainty_to_uncertainty,False,0.9244650602340698,0.989370584487915,0.982660174369812,0.93787682056427,0.9856574535369873,0.968268871307373
gpt2,past_to_future,past_to_future,True,0.7402974367141724,0.8953888416290283,0.883649468421936,0.860657274723053,0.9350506067276001,0.9073705077171326
gpt2,certainty_to_uncertainty,certainty_to_uncertainty,True,0.9237116575241089,0.9924846887588501,0.9800467491149902,0.9469411373138428,0.9837442636489868,0.9654101729393005
gpt2,certainty_to_uncertainty,certainty_to_uncertainty,True,0.9322425723075867,0.9929895401000977,0.9721775054931641,0.9601078629493713,0.984544038772583,0.9579460024833679
gpt2,certainty_to_uncertainty,formalization,False,0.9120933413505554,0.9851424694061279,0.9859790205955505,0.9130300283432007,0.9713147878646851,0.9725885391235352
gpt2,certainty_to_uncertainty,certainty_to_uncertainty,True,0.9191362857818604,0.9887396097183228,0.9798130393028259,0.9292354583740234,0.9766798615455627,0.9725002646446228
gpt2,certainty_to_uncertainty,certainty_to_uncertainty,True,0.9436521530151367,0.9898324012756348,0.9643707871437073,0.9661566615104675,0.9764389991760254,0.9475910663604736
gpt2,active_to_passive,question,False,0.7913561463356018,0.8156887292861938,0.8182122707366943,0.7866316437721252,0.8101518154144287,0.8328970074653625
gpt2,active_to_passive,question,False,0.8137645721435547,0.8640725016593933,0.8516650795936584,0.8428213596343994,0.8616371750831604,0.8709295988082886
gpt2,active_to_passive,certainty_to_uncertainty,False,0.9141610264778137,0.9182220697402954,0.8788082003593445,0.9112876057624817,0.9081245064735413,0.8750286102294922
gpt2,active_to_passive,certainty_to_uncertainty,False,0.9405277967453003,0.9416453838348389,0.9363797903060913,0.909672737121582,0.9289674162864685,0.9234428405761719
gpt2,active_to_passive,active_to_passive,True,0.8789539933204651,0.8727179765701294,0.8615720868110657,0.8662128448486328,0.864918053150177,0.8630493879318237
gpt2,formalization,formalization,True,0.9040954113006592,0.9767181277275085,0.9829968810081482,0.8950305581092834,0.9620885848999023,0.964028537273407
gpt2,formalization,certainty_to_uncertainty,False,0.9614495038986206,0.9728554487228394,0.9529405832290649,0.9561353921890259,0.9536645412445068,0.9308004379272461
gpt2,formalization,formalization,True,0.9219787120819092,0.9816721081733704,0.9838897585868835,0.919224739074707,0.9681992530822754,0.9641551375389099
gpt2,formalization,formalization,True,0.9103236794471741,0.9781895279884338,0.9871834516525269,0.9153028130531311,0.970281720161438,0.9710175395011902
gpt2,formalization,formalization,True,0.7433789968490601,0.8589402437210083,0.9121502041816711,0.7304442524909973,0.8480865955352783,0.9075719714164734
gpt2,negation,negation,True,0.9022514224052429,0.9574299454689026,0.9217020273208618,0.9937365055084229,0.9635342359542847,0.9317815899848938
gpt2,negation,negation,True,0.9158166646957397,0.9480743408203125,0.9075542688369751,0.9862462282180786,0.941678524017334,0.9053138494491577
gpt2,negation,negation,True,0.7821791172027588,0.8388807773590088,0.803248405456543,0.9330823421478271,0.8629851341247559,0.8377307057380676
gpt2,negation,negation,True,0.8528141975402832,0.9211821556091309,0.8877984285354614,0.9765024185180664,0.9397169351577759,0.9071918725967407
gpt2,negation,negation,True,0.8761895895004272,0.9532135128974915,0.9187150001525879,0.9890786409378052,0.9679616689682007,0.9296534061431885
gpt2,question,question,True,0.8653796911239624,0.9485501646995544,0.9254494309425354,0.9537134170532227,0.9571627378463745,0.9620112180709839
gpt2,question,question,True,0.8557368516921997,0.9491922855377197,0.9513099789619446,0.9148716926574707,0.9470252394676208,0.974482536315918
gpt2,question,question,True,0.8724275827407837,0.9757270812988281,0.9588319063186646,0.9484437704086304,0.9812613725662231,0.9828499555587769
gpt2,question,question,True,0.7877510190010071,0.9033679366111755,0.9370689392089844,0.8108711838722229,0.8950251340866089,0.9541958570480347
gpt2,question,question,True,0.8659800887107849,0.9538266658782959,0.9598985910415649,0.9309191703796387,0.9584074020385742,0.9838736057281494
gpt2,past_to_future,past_to_future,True,0.8849916458129883,0.9707087278366089,0.9422354102134705,0.9723965525627136,0.9867358803749084,0.9505791068077087
gpt2,past_to_future,past_to_future,True,0.9142470359802246,0.9792800545692444,0.9576860070228577,0.960142970085144,0.9859817028045654,0.9616774320602417
gpt2,past_to_future,past_to_future,True,0.9124996066093445,0.9680466055870056,0.9443116188049316,0.9642727375030518,0.9820643663406372,0.939727246761322
gpt2,past_to_future,past_to_future,True,0.9280861616134644,0.9902348518371582,0.978610634803772,0.964596688747406,0.9919812679290771,0.9730127453804016
gpt2,past_to_future,past_to_future,True,0.7416892647743225,0.8838536739349365,0.8637291789054871,0.8900187611579895,0.9296478033065796,0.9031549692153931
gpt2,certainty_to_uncertainty,certainty_to_uncertainty,True,0.9271619319915771,0.9959943294525146,0.9786146879196167,0.9736344814300537,0.9918373823165894,0.9725744724273682
gpt2,certainty_to_uncertainty,certainty_to_uncertainty,True,0.9344937801361084,0.9921611547470093,0.9647893905639648,0.979547381401062,0.9867530465126038,0.9569137096405029
gpt2,certainty_to_uncertainty,formalization,False,0.8884685635566711,0.9739453792572021,0.9793444871902466,0.915640115737915,0.9645098447799683,0.976626992225647
gpt2,certainty_to_uncertainty,certainty_to_uncertainty,True,0.9030861854553223,0.9821112751960754,0.9722041487693787,0.9435498714447021,0.9750570058822632,0.9787124395370483
gpt2,certainty_to_uncertainty,negation,False,0.9471383094787598,0.9780659079551697,0.9431285262107849,0.9783897399902344,0.965814471244812,0.9292187690734863
gpt2,active_to_passive,active_to_passive,True,0.8516902923583984,0.6946792006492615,0.6775983572006226,0.6998000144958496,0.6731504201889038,0.6135481595993042
gpt2,active_to_passive,active_to_passive,True,0.9446736574172974,0.8850423097610474,0.8689501285552979,0.8763492107391357,0.866914689540863,0.8306339979171753
gpt2,active_to_passive,active_to_passive,True,0.9102267026901245,0.782875120639801,0.7632281184196472,0.7692687511444092,0.753149151802063,0.7002067565917969
gpt2,active_to_passive,active_to_passive,True,0.9528738260269165,0.8898597955703735,0.8709962964057922,0.8689301013946533,0.8711175322532654,0.8229496479034424
gpt2,active_to_passive,active_to_passive,True,0.9469544887542725,0.8728495836257935,0.8452681303024292,0.871819019317627,0.8553878664970398,0.7984851598739624
gpt2,formalization,formalization,True,0.8944955468177795,0.9779421091079712,0.9820087552070618,0.9147096276283264,0.9687775373458862,0.9732298851013184
gpt2,formalization,negation,False,0.9489685893058777,0.9492979049682617,0.9228247404098511,0.9652488827705383,0.9332312941551208,0.907141923904419
gpt2,formalization,formalization,True,0.925439715385437,0.9859979152679443,0.9913326501846313,0.9359907507896423,0.975784957408905,0.974688708782196
gpt2,formalization,formalization,True,0.8813632130622864,0.9623613953590393,0.98080974817276,0.9124400615692139,0.9621675610542297,0.9735597372055054
gpt2,formalization,question,False,0.510780930519104,0.6650997400283813,0.7324650287628174,0.5712318420410156,0.6720804572105408,0.7635492086410522
gpt2,negation,negation,True,0.8975136280059814,0.9474684596061707,0.9072599411010742,0.9930914640426636,0.9542454481124878,0.9147818088531494
gpt2,negation,negation,True,0.9279943704605103,0.9422039985656738,0.8969385623931885,0.9761323928833008,0.9297787547111511,0.8847354054450989
gpt2,negation,negation,True,0.8511515259742737,0.883394718170166,0.8391624689102173,0.9626451730728149,0.8987504839897156,0.8550841808319092
gpt2,negation,negation,True,0.9280910491943359,0.9430633187294006,0.9021792411804199,0.9877455830574036,0.9422029256820679,0.8933051228523254
gpt2,negation,negation,True,0.8842558860778809,0.9382422566413879,0.8969978094100952,0.9889451265335083,0.9506038427352905,0.9031379222869873
gpt2,question,negation,False,0.8693927526473999,0.9491913318634033,0.9174634218215942,0.9550734758377075,0.9539320468902588,0.9466374516487122
gpt2,question,question,True,0.8550963997840881,0.9485875368118286,0.9518861770629883,0.9043532609939575,0.94173264503479,0.9682202339172363
gpt2,question,past_to_future,False,0.8660467863082886,0.9684426188468933,0.9434415102005005,0.9485111236572266,0.9733020067214966,0.9675862789154053
gpt2,question,question,True,0.7781355381011963,0.8919161558151245,0.929465115070343,0.7907922863960266,0.8791905641555786,0.9401323795318604
gpt2,question,question,True,0.8684688806533813,0.9568933248519897,0.9639657735824585,0.922693133354187,0.9569151997566223,0.9817789196968079
gpt2,past_to_future,past_to_future,True,0.9083409905433655,0.9736517667770386,0.9424670934677124,0.9835219383239746,0.9847803115844727,0.9434412121772766
gpt2,past_to_future,past_to_future,True,0.9154313802719116,0.9812209606170654,0.9622898101806641,0.958572268486023,0.9852523803710938,0.9628908634185791
gpt2,past_to_future,past_to_future,True,0.9107092618942261,0.9646267890930176,0.9402472376823425,0.9733352661132812,0.9798896312713623,0.9383804798126221
gpt2,past_to_future,past_to_future,True,0.9103711843490601,0.9848942756652832,0.9742850065231323,0.9598782062530518,0.9905380010604858,0.973373293876648
gpt2,past_to_future,past_to_future,True,0.792793333530426,0.8894089460372925,0.850037693977356,0.914531409740448,0.9286205768585205,0.8705921769142151
gpt2,certainty_to_uncertainty,certainty_to_uncertainty,True,0.925468921661377,0.9952607154846191,0.982292652130127,0.9627301096916199,0.9898273944854736,0.9724291563034058
gpt2,certainty_to_uncertainty,certainty_to_uncertainty,True,0.932593822479248,0.9935857653617859,0.9720354080200195,0.9695315361022949,0.9870966076850891,0.9605385661125183
gpt2,certainty_to_uncertainty,formalization,False,0.8441984057426453,0.9415003061294556,0.9652261734008789,0.8425353765487671,0.9285731315612793,0.9546480774879456
gpt2,certainty_to_uncertainty,certainty_to_uncertainty,True,0.9009717702865601,0.97948157787323,0.9776799082756042,0.9124450087547302,0.9655799865722656,0.9722059965133667
gpt2,certainty_to_uncertainty,certainty_to_uncertainty,True,0.947847843170166,0.986777663230896,0.9590087532997131,0.9704346656799316,0.9736901521682739,0.9402596950531006
gpt2,active_to_passive,active_to_passive,True,0.8749430179595947,0.7807501554489136,0.8014952540397644,0.6994392275810242,0.7392951250076294,0.7265009880065918
gpt2,active_to_passive,active_to_passive,True,0.9317681789398193,0.8826279044151306,0.9005074501037598,0.8024014234542847,0.8454808592796326,0.8411052823066711
gpt2,active_to_passive,active_to_passive,True,0.8976886868476868,0.8270922303199768,0.8355218768119812,0.7497135996818542,0.7887424826622009,0.7663533091545105
gpt2,active_to_passive,active_to_passive,True,0.9561874866485596,0.9091435670852661,0.9045382738113403,0.8587070107460022,0.8791811466217041,0.8523465394973755
gpt2,active_to_passive,active_to_passive,True,0.9558956623077393,0.8995830416679382,0.8980582356452942,0.8520629405975342,0.8694157004356384,0.8442361354827881
gpt2,formalization,formalization,True,0.8352644443511963,0.9237474799156189,0.9545574188232422,0.8085620999336243,0.9072094559669495,0.9304901361465454
gpt2,formalization,certainty_to_uncertainty,False,0.9453125596046448,0.9719972014427185,0.9519246220588684,0.9624832272529602,0.9573081731796265,0.9383777379989624
gpt2,formalization,formalization,True,0.8773899078369141,0.9568083882331848,0.9782965183258057,0.878197193145752,0.9463605284690857,0.9605768322944641
gpt2,formalization,formalization,True,0.8417215943336487,0.9188084602355957,0.9548545479774475,0.8335223197937012,0.9103046655654907,0.9331170320510864
gpt2,formalization,question,False,0.2308332473039627,0.3807477056980133,0.48729193210601807,0.21936176717281342,0.37918365001678467,0.496804803609848
gpt2,negation,negation,True,0.7355384826660156,0.8051275610923767,0.7690458297729492,0.9097962379455566,0.8356799483299255,0.8074158430099487
gpt2,negation,negation,True,0.8490539789199829,0.8468770384788513,0.8034440875053406,0.9376800060272217,0.8406047224998474,0.7989438772201538
gpt2,negation,negation,True,0.10327643156051636,0.12388338148593903,0.12140834331512451,0.30513840913772583,0.1766464114189148,0.18512828648090363
gpt2,negation,negation,True,0.6058895587921143,0.6339495778083801,0.6038081645965576,0.7775473594665527,0.6683151721954346,0.6349301934242249
gpt2,negation,negation,True,0.4918355941772461,0.605038583278656,0.5767055153846741,0.7394645810127258,0.6585310697555542,0.6326014399528503
gpt2,question,question,True,0.6948888301849365,0.827840268611908,0.8307252526283264,0.8264912366867065,0.8521525859832764,0.9030709266662598
gpt2,question,question,True,0.7474818229675293,0.8284772038459778,0.8763248324394226,0.7758254408836365,0.8218111395835876,0.8981567621231079
gpt2,question,question,True,0.7129469513893127,0.8687471151351929,0.8841440677642822,0.8273202776908875,0.8876250982284546,0.9398163557052612
gpt2,question,question,True,0.48593929409980774,0.6051515340805054,0.6938114166259766,0.4950886070728302,0.6008127331733704,0.7207344770431519
gpt2,question,question,True,0.7997158169746399,0.8862144351005554,0.919378399848938,0.8551114201545715,0.8920892477035522,0.9463378190994263
gpt2,past_to_future,past_to_future,True,0.7771356105804443,0.8842722177505493,0.8412821888923645,0.9258782863616943,0.9298467040061951,0.8706820011138916
gpt2,past_to_future,past_to_future,True,0.8529332876205444,0.9261442422866821,0.9142686128616333,0.9233736991882324,0.9493170976638794,0.9375542402267456
gpt2,past_to_future,past_to_future,True,0.6832287311553955,0.7675220370292664,0.7565274834632874,0.815269947052002,0.826511025428772,0.7895073890686035
gpt2,past_to_future,past_to_future,True,0.8607543110847473,0.9465267658233643,0.9443361759185791,0.9340223073959351,0.9638707637786865,0.9575108289718628
gpt2,past_to_future,question,False,-0.509958028793335,-0.3655616343021393,-0.34024572372436523,-0.29698657989501953,-0.2682884931564331,-0.24854305386543274
gpt2,certainty_to_uncertainty,formalization,False,0.8233633637428284,0.9193086624145508,0.935332179069519,0.8878259062767029,0.9209847450256348,0.9333478212356567
gpt2,certainty_to_uncertainty,past_to_future,False,0.8869737386703491,0.9650754332542419,0.9562193751335144,0.9558117985725403,0.9656685590744019,0.953908383846283
gpt2,certainty_to_uncertainty,formalization,False,0.7835165858268738,0.8742770552635193,0.9216809272766113,0.7885829210281372,0.8627620935440063,0.9164208173751831
gpt2,certainty_to_uncertainty,formalization,False,0.8336855173110962,0.9076224565505981,0.9430152177810669,0.8367524147033691,0.8935161232948303,0.9427226781845093
gpt2,certainty_to_uncertainty,negation,False,0.9568018913269043,0.9722893238067627,0.9467848539352417,0.9735069870948792,0.9542835354804993,0.9247263669967651
gpt2,active_to_passive,active_to_passive,True,-0.10758815705776215,-0.24766695499420166,-0.16093508899211884,-0.29337364435195923,-0.2523964047431946,-0.2108197957277298
gpt2,active_to_passive,active_to_passive,True,0.2391454577445984,0.1382216513156891,0.21912598609924316,0.11020079255104065,0.12378872185945511,0.18517352640628815
gpt2,active_to_passive,active_to_passive,True,0.6767348051071167,0.5103990435600281,0.5592032074928284,0.4651281237602234,0.47063612937927246,0.48317950963974
gpt2,active_to_passive,active_to_passive,True,0.7423520088195801,0.6356518864631653,0.6798464059829712,0.5862845182418823,0.6157754063606262,0.6154994368553162
gpt2,active_to_passive,active_to_passive,True,0.861828088760376,0.743038535118103,0.7474275231361389,0.7470860481262207,0.7240675687789917,0.6855355501174927
gpt2,formalization,formalization,True,0.8642067909240723,0.9257290959358215,0.9640612602233887,0.8412202000617981,0.9079095125198364,0.9389051198959351
gpt2,formalization,active_to_passive,False,0.9244697093963623,0.9099758863449097,0.9149085879325867,0.9192653894424438,0.8879918456077576,0.8939014077186584
gpt2,formalization,formalization,True,0.8930251598358154,0.9449616074562073,0.9746061563491821,0.8826764225959778,0.9311803579330444,0.951416015625
gpt2,formalization,formalization,True,0.7276656031608582,0.7787793278694153,0.8474971652030945,0.7155960202217102,0.7736625671386719,0.8258731365203857
gpt2,formalization,question,False,-0.19137386977672577,-0.11215592920780182,0.013938017189502716,-0.20397710800170898,-0.10930082947015762,0.0299660824239254
gpt2,negation,negation,True,0.9289084672927856,0.9778801202774048,0.9567486047744751,0.9889658689498901,0.9772689938545227,0.9531799554824829
gpt2,negation,negation,True,0.934883177280426,0.9695461988449097,0.9362305998802185,0.9861229658126831,0.958717942237854,0.9254305362701416
gpt2,negation,negation,True,0.9290605783462524,0.9532097578048706,0.9327573180198669,0.976002037525177,0.9515707492828369,0.9216888546943665
gpt2,negation,negation,True,0.9518390893936157,0.9674679040908813,0.9315151572227478,0.9791958332061768,0.958167314529419,0.9114862084388733
gpt2,negation,negation,True,0.9119787216186523,0.9730386137962341,0.9470028877258301,0.9818930625915527,0.9764566421508789,0.9404724836349487
gpt2,question,question,True,0.8878322839736938,0.9512344002723694,0.947773277759552,0.9081601500511169,0.9469173550605774,0.9570934772491455
gpt2,question,question,True,0.8464587926864624,0.9417855739593506,0.96125727891922,0.8815693855285645,0.9349271059036255,0.9773240685462952
gpt2,question,question,True,0.8691596388816833,0.9757810831069946,0.9697327613830566,0.928325891494751,0.9772633910179138,0.9882928133010864
gpt2,question,question,True,0.7704433798789978,0.8741922378540039,0.9202644228935242,0.7729938626289368,0.8613728880882263,0.9300459623336792
gpt2,question,question,True,0.8871897459030151,0.9653027653694153,0.9771146774291992,0.9261538982391357,0.9628219604492188,0.9898655414581299
gpt2,past_to_future,past_to_future,True,0.8569195866584778,0.9507654309272766,0.9287196397781372,0.9382463097572327,0.970504641532898,0.9300646781921387
gpt2,past_to_future,certainty_to_uncertainty,False,0.9130843877792358,0.9854598045349121,0.976830780506134,0.93341064453125,0.984878659248352,0.9715632200241089
gpt2,past_to_future,past_to_future,True,0.8878060579299927,0.9578859210014343,0.9522830247879028,0.9287539720535278,0.9740544557571411,0.9438372850418091
gpt2,past_to_future,formalization,False,0.925250768661499,0.9833025336265564,0.9836732149124146,0.9297266602516174,0.978695273399353,0.965727686882019
gpt2,past_to_future,question,False,0.29173752665519714,0.48563307523727417,0.5195828080177307,0.434206485748291,0.5575017929077148,0.5667099356651306
gpt2,certainty_to_uncertainty,certainty_to_uncertainty,True,0.9208037257194519,0.9913734197616577,0.9850510358810425,0.9523377418518066,0.9826287627220154,0.9726852774620056
gpt2,certainty_to_uncertainty,certainty_to_uncertainty,True,0.933590829372406,0.9959855079650879,0.9774055480957031,0.9715603590011597,0.9877629280090332,0.966915488243103
gpt2,certainty_to_uncertainty,formalization,False,0.890792727470398,0.9693889021873474,0.9841316938400269,0.8940462470054626,0.954277515411377,0.9727597832679749
gpt2,certainty_to_uncertainty,formalization,False,0.9122462868690491,0.984612226486206,0.9863778352737427,0.9242857694625854,0.9708297848701477,0.981244683265686
gpt2,certainty_to_uncertainty,certainty_to_uncertainty,True,0.9547061324119568,0.9826136827468872,0.9531529545783997,0.978011965751648,0.9662840366363525,0.935771644115448
gpt2,active_to_passive,active_to_passive,True,-0.48008227348327637,-0.6553249955177307,-0.6263836026191711,-0.600232720375061,-0.6553317308425903,-0.6513891220092773
gpt2,active_to_passive,active_to_passive,True,0.5370150804519653,0.43630921840667725,0.45030754804611206,0.4587553143501282,0.41726064682006836,0.4212343096733093
gpt2,active_to_passive,active_to_passive,True,0.8038098216056824,0.6407095193862915,0.6491237282752991,0.5929219126701355,0.5931069850921631,0.5648091435432434
gpt2,active_to_passive,active_to_passive,True,0.862962543964386,0.7461365461349487,0.745311975479126,0.7436079382896423,0.7228934168815613,0.6849536895751953
gpt2,active_to_passive,active_to_passive,True,0.7456458210945129,0.581121563911438,0.5664385557174683,0.628172755241394,0.5608905553817749,0.5073110461235046
gpt2,formalization,formalization,True,0.8866345286369324,0.9655598998069763,0.9841793775558472,0.8802294731140137,0.950386106967926,0.9667391777038574
gpt2,formalization,certainty_to_uncertainty,False,0.9511349201202393,0.9672948718070984,0.953279972076416,0.9637921452522278,0.9498244524002075,0.9383369088172913
gpt2,formalization,formalization,True,0.9238583445549011,0.9853368401527405,0.994699239730835,0.9291262626647949,0.9723057746887207,0.9771949052810669
gpt2,formalization,formalization,True,0.873416543006897,0.9463121294975281,0.9767633676528931,0.8763609528541565,0.938348114490509,0.9601688981056213
gpt2,formalization,question,False,0.5353283286094666,0.6706416010856628,0.7503817081451416,0.5533533692359924,0.6659784913063049,0.7625624537467957
gpt2,negation,negation,True,0.7591981887817383,0.8316688537597656,0.8032524585723877,0.922535240650177,0.8574835062026978,0.832199215888977
gpt2,negation,negation,True,0.8867340087890625,0.8978874087333679,0.862468957901001,0.9646966457366943,0.8886091113090515,0.8552267551422119
gpt2,negation,negation,True,-0.09699955582618713,-0.06230427324771881,-0.04068125784397125,0.09744244813919067,-0.013539612293243408,0.015393853187561035
gpt2,negation,negation,True,0.6768332719802856,0.7252035737037659,0.706833004951477,0.8278474807739258,0.751915454864502,0.7220754623413086
gpt2,negation,negation,True,0.7148975133895874,0.8134637475013733,0.7845640182495117,0.8998583555221558,0.8486433029174805,0.8117992877960205
gpt2,question,question,True,0.76397705078125,0.8573121428489685,0.8685509562492371,0.855781614780426,0.8695559501647949,0.9212465286254883
gpt2,question,question,True,0.7414857149124146,0.8318802714347839,0.8842861652374268,0.7620322704315186,0.8237658739089966,0.9030505418777466
gpt2,question,question,True,0.8120175004005432,0.9281143546104431,0.9386321902275085,0.8889995813369751,0.9365346431732178,0.9731408357620239
gpt2,question,question,True,0.5805639624595642,0.6870210766792297,0.7666628956794739,0.5733386278152466,0.6763918399810791,0.7834934592247009
gpt2,question,question,True,0.8287585973739624,0.9074098467826843,0.940314769744873,0.8622802495956421,0.9067046046257019,0.9561348557472229
gpt2,past_to_future,past_to_future,True,0.8291405439376831,0.9372960329055786,0.9197887182235718,0.948114812374115,0.9653524160385132,0.9352356195449829
gpt2,past_to_future,formalization,False,0.8968544006347656,0.9576194882392883,0.9664682149887085,0.9198037385940552,0.9634963274002075,0.9637172222137451
gpt2,past_to_future,question,False,0.22832870483398438,0.35012155771255493,0.3953295350074768,0.3730509281158447,0.41846001148223877,0.43909522891044617
gpt2,past_to_future,formalization,False,0.8186931014060974,0.9000085592269897,0.9270235896110535,0.8572368621826172,0.9124932885169983,0.9241939783096313
gpt2,past_to_future,question,False,-0.31023868918418884,-0.15575291216373444,-0.1256401538848877,-0.08031661808490753,-0.06622838973999023,-0.042645663022994995
gpt2,certainty_to_uncertainty,certainty_to_uncertainty,True,0.9180812835693359,0.9836128950119019,0.9818726778030396,0.9495997428894043,0.9764358997344971,0.9669486284255981
gpt2,certainty_to_uncertainty,certainty_to_uncertainty,True,0.9301885366439819,0.985629677772522,0.9717922806739807,0.9698238372802734,0.9785979390144348,0.9567545056343079
gpt2,certainty_to_uncertainty,formalization,False,0.7961687445640564,0.8825556635856628,0.9313247203826904,0.7765258550643921,0.8662106394767761,0.9167599081993103
gpt2,certainty_to_uncertainty,formalization,False,0.8532030582427979,0.934780478477478,0.9627596735954285,0.855956494808197,0.9200395345687866,0.960334837436676
gpt2,certainty_to_uncertainty,certainty_to_uncertainty,True,0.9505680799484253,0.9831588268280029,0.9589231610298157,0.9790842533111572,0.9688763618469238,0.9405772089958191
gpt2,active_to_passive,active_to_passive,True,0.5239959359169006,0.41097700595855713,0.4756712317466736,0.34356775879859924,0.3815701901912689,0.4113513231277466
gpt2,active_to_passive,formalization,False,0.7599101662635803,0.727472722530365,0.7690416574478149,0.6784303784370422,0.7033570408821106,0.7376728653907776
gpt2,active_to_passive,active_to_passive,True,0.4315396547317505,0.30322983860969543,0.3645341992378235,0.2581333518028259,0.2703511118888855,0.303149551153183
gpt2,active_to_passive,active_to_passive,True,0.8227492570877075,0.7884523272514343,0.8197858333587646,0.7099370360374451,0.764849066734314,0.7727310061454773
gpt2,active_to_passive,active_to_passive,True,0.761049211025238,0.6413090825080872,0.660309910774231,0.6250081658363342,0.6140746474266052,0.5996277928352356
gpt2,formalization,formalization,True,0.8056652545928955,0.873622477054596,0.9275020360946655,0.7536720633506775,0.8520916700363159,0.8955400586128235
gpt2,formalization,active_to_passive,False,0.9364159107208252,0.9141893982887268,0.9143601655960083,0.9223193526268005,0.8889012932777405,0.8864079713821411
gpt2,formalization,formalization,True,0.8703683614730835,0.9238733053207397,0.9582942128181458,0.8459824323654175,0.907433271408081,0.9304536581039429
gpt2,formalization,formalization,True,0.7193443775177002,0.7800062298774719,0.8487335443496704,0.6915851831436157,0.7719368934631348,0.8228120803833008
gpt2,formalization,question,False,-0.2102648913860321,-0.1304183006286621,0.004443421959877014,-0.2635573148727417,-0.13472731411457062,0.008050411939620972
gpt2,negation,negation,True,0.735244631767273,0.7677849531173706,0.7174625396728516,0.8867353796958923,0.795669436454773,0.7553043365478516
gpt2,negation,negation,True,0.8564623594284058,0.8537664413452148,0.8035058975219727,0.939678430557251,0.8470121622085571,0.7997927069664001
gpt2,negation,negation,True,0.4091719388961792,0.42050424218177795,0.39553534984588623,0.5874214172363281,0.4655776023864746,0.45402461290359497
gpt2,negation,negation,True,0.6107143759727478,0.5504263639450073,0.5012766718864441,0.6827512979507446,0.5666459798812866,0.5114796161651611
gpt2,negation,negation,True,0.7336070537567139,0.806820273399353,0.7587513327598572,0.9031410813331604,0.8401072025299072,0.7886075973510742
gpt2,question,question,True,0.6434010863304138,0.8064098358154297,0.8157685995101929,0.7897467017173767,0.8347703218460083,0.8956270217895508
gpt2,question,question,True,0.8127769827842712,0.912993311882019,0.9363009929656982,0.8557260036468506,0.9061365127563477,0.9591397047042847
gpt2,question,question,True,0.8003473281860352,0.9351085424423218,0.9387643933296204,0.8818321824073792,0.9430930018424988,0.9728410243988037
gpt2,question,question,True,0.6988428831100464,0.8200703859329224,0.8757650256156921,0.7166075706481934,0.810195803642273,0.8985191583633423
gpt2,question,question,True,0.8430979251861572,0.9343959093093872,0.9510198831558228,0.9035979509353638,0.9376147985458374,0.9772712588310242
gpt2,past_to_future,past_to_future,True,0.68375164270401,0.8196355700492859,0.8084908127784729,0.7930141091346741,0.8740337491035461,0.8390660285949707
gpt2,past_to_future,question,False,0.5136708617210388,0.5942553877830505,0.6235784292221069,0.5311177372932434,0.6499018669128418,0.6620895862579346
gpt2,past_to_future,negation,False,-0.2774941325187683,-0.19529151916503906,-0.22864997386932373,-0.07052913308143616,-0.09499934315681458,-0.1460363268852234
gpt2,past_to_future,past_to_future,True,0.8219103217124939,0.8784158825874329,0.8917896151542664,0.8455638885498047,0.9045630693435669,0.8901389837265015
gpt2,past_to_future,past_to_future,True,0.4767194390296936,0.6575725674629211,0.632560133934021,0.7068048715591431,0.7344653606414795,0.7126854658126831
gpt2,certainty_to_uncertainty,past_to_future,False,0.6014281511306763,0.7663925886154175,0.7504583597183228,0.7815419435501099,0.8124441504478455,0.8030110597610474
gpt2,certainty_to_uncertainty,certainty_to_uncertainty,True,0.9353064298629761,0.9918099641799927,0.9689854979515076,0.972661018371582,0.9830742478370667,0.9584535956382751
gpt2,certainty_to_uncertainty,formalization,False,0.8893897533416748,0.9718830585479736,0.9841495156288147,0.8986427783966064,0.9559923410415649,0.9741041660308838
gpt2,certainty_to_uncertainty,formalization,False,0.9031431674957275,0.9797031879425049,0.9805891513824463,0.9172773957252502,0.964505672454834,0.9776235818862915
gpt2,certainty_to_uncertainty,certainty_to_uncertainty,True,0.9497401118278503,0.9776449203491211,0.9447755813598633,0.9754432439804077,0.9613912105560303,0.928039014339447
gpt2,active_to_passive,active_to_passive,True,0.65384840965271,0.5068243145942688,0.4769108295440674,0.5916498899459839,0.4866223931312561,0.4449954032897949
gpt2,active_to_passive,active_to_passive,True,0.7719802856445312,0.6862901449203491,0.6632958054542542,0.732452392578125,0.6609175801277161,0.6381088495254517
gpt2,active_to_passive,active_to_passive,True,0.7194756269454956,0.5079553127288818,0.48526906967163086,0.5117301344871521,0.4491099417209625,0.39867839217185974
gpt2,active_to_passive,active_to_passive,True,0.8739482164382935,0.7301249504089355,0.7165095806121826,0.760640025138855,0.6951037645339966,0.6587547063827515
gpt2,active_to_passive,active_to_passive,True,0.8377641439437866,0.7111775875091553,0.6741269826889038,0.7762992978096008,0.6831227540969849,0.6318234801292419
gpt2,formalization,formalization,True,0.8770012855529785,0.9623596668243408,0.9791194200515747,0.879819393157959,0.9464731216430664,0.9631905555725098
gpt2,formalization,negation,False,0.9552187919616699,0.9513133764266968,0.9306199550628662,0.959312379360199,0.930066704750061,0.9088943004608154
gpt2,formalization,formalization,True,0.9131015539169312,0.9647201299667358,0.9819234013557434,0.9000282287597656,0.9474186897277832,0.9562309384346008
gpt2,formalization,formalization,True,0.8621063232421875,0.9373169541358948,0.9687808752059937,0.8745208978652954,0.9301046133041382,0.9545822143554688
gpt2,formalization,question,False,0.25367167592048645,0.39853760600090027,0.49980127811431885,0.27687710523605347,0.39597007632255554,0.5208773612976074
gpt2,negation,negation,True,0.8664140701293945,0.9364545345306396,0.908353328704834,0.978191077709198,0.9464961290359497,0.9247146844863892
gpt2,negation,negation,True,0.9065061807632446,0.9506011009216309,0.915362536907196,0.9844470024108887,0.9446711540222168,0.9136459827423096
gpt2,negation,negation,True,0.6840656995773315,0.7644420862197876,0.7466810941696167,0.8523646593093872,0.7911635637283325,0.7852543592453003
gpt2,negation,negation,True,0.7474422454833984,0.8292818069458008,0.8121641874313354,0.8951297998428345,0.8519075512886047,0.8376989960670471
gpt2,negation,negation,True,0.829839289188385,0.9235309958457947,0.8976809978485107,0.9663170576095581,0.9422274827957153,0.9147464036941528
gpt2,question,negation,False,0.8333109617233276,0.9230230450630188,0.9037887454032898,0.9440407752990723,0.9342913627624512,0.944040060043335
gpt2,question,question,True,0.7733762860298157,0.870345950126648,0.8843961358070374,0.8485130071640015,0.8698837757110596,0.9108954668045044
gpt2,question,question,True,0.8311668038368225,0.9515420198440552,0.9438169002532959,0.9326211214065552,0.9626128673553467,0.9771706461906433
gpt2,question,question,True,0.7296382784843445,0.8533267974853516,0.8928481340408325,0.7817355990409851,0.8491346836090088,0.9182111024856567
gpt2,question,question,True,0.7840317487716675,0.8888994455337524,0.9024062156677246,0.8817764520645142,0.8997989892959595,0.9389427304267883
gpt2,past_to_future,past_to_future,True,0.7869071960449219,0.90684974193573,0.8784359693527222,0.9403496980667114,0.9412521123886108,0.9075427055358887
gpt2,past_to_future,past_to_future,True,0.8302568793296814,0.9217870235443115,0.9096461534500122,0.9184591770172119,0.9385931491851807,0.9279903173446655
gpt2,past_to_future,negation,False,0.6924175024032593,0.7903196215629578,0.7717996835708618,0.8389606475830078,0.830721914768219,0.8038036823272705
gpt2,past_to_future,past_to_future,True,0.8816375136375427,0.9595130681991577,0.9536954164505005,0.9479488730430603,0.9672050476074219,0.9582126140594482
gpt2,past_to_future,question,False,0.07073669880628586,0.26878711581230164,0.28098902106285095,0.32308754324913025,0.3506307899951935,0.369966059923172
gpt2,certainty_to_uncertainty,certainty_to_uncertainty,True,0.9140063524246216,0.9886991381645203,0.9797350764274597,0.9668182134628296,0.9850239753723145,0.9734138250350952
gpt2,certainty_to_uncertainty,certainty_to_uncertainty,True,0.9215707778930664,0.98967444896698,0.9680309295654297,0.9793009161949158,0.9866288900375366,0.9622940421104431
gpt2,certainty_to_uncertainty,question,False,0.8395562171936035,0.9313528537750244,0.9440897703170776,0.8844971060752869,0.9239938259124756,0.9462100267410278
gpt2,certainty_to_uncertainty,question,False,0.8491334915161133,0.940824031829834,0.9402838349342346,0.9101248383522034,0.9360768795013428,0.9520410299301147
gpt2,certainty_to_uncertainty,negation,False,0.9402010440826416,0.979640781879425,0.9498894214630127,0.9835288524627686,0.96871417760849,0.9395981431007385
gpt2,active_to_passive,active_to_passive,True,0.4222329556941986,0.36495545506477356,0.40704479813575745,0.3273180425167084,0.35380351543426514,0.3685420751571655
gpt2,active_to_passive,question,False,0.5526126027107239,0.5785332918167114,0.5972673892974854,0.5851370096206665,0.5787606239318848,0.6069501042366028
gpt2,active_to_passive,active_to_passive,True,0.5044212341308594,0.42366307973861694,0.4542372226715088,0.4396950602531433,0.405413955450058,0.43286219239234924
gpt2,active_to_passive,active_to_passive,True,0.8473416566848755,0.8133662939071655,0.8198615312576294,0.7956600189208984,0.7982978820800781,0.7875304818153381
gpt2,active_to_passive,active_to_passive,True,0.7701723575592041,0.7092655897140503,0.6971014738082886,0.751623809337616,0.6991947889328003,0.6726449728012085
gpt2,formalization,formalization,True,0.861039400100708,0.9461462497711182,0.9584994316101074,0.8927241563796997,0.9360789060592651,0.9507548809051514
gpt2,formalization,negation,False,0.9274435043334961,0.9480991363525391,0.9326000213623047,0.9581746459007263,0.9324381947517395,0.921028733253479
gpt2,formalization,formalization,True,0.9143097996711731,0.980431318283081,0.9910041093826294,0.9382127523422241,0.9697906970977783,0.9764089584350586
gpt2,formalization,formalization,True,0.8246480822563171,0.9111989736557007,0.9389522075653076,0.8760511875152588,0.9109313488006592,0.9360321760177612
gpt2,formalization,question,False,0.37811118364334106,0.5094510912895203,0.5796716213226318,0.44385677576065063,0.5122923851013184,0.6040797829627991
gpt2,negation,negation,True,0.8351439237594604,0.9026498794555664,0.8689851760864258,0.9670571684837341,0.9188806414604187,0.8936283588409424
gpt2,negation,negation,True,0.888107180595398,0.9110690355300903,0.8686648607254028,0.9747326970100403,0.9066046476364136,0.8678520321846008
gpt2,negation,negation,True,0.6476418972015381,0.6976284980773926,0.6818835139274597,0.8133941888809204,0.7260609269142151,0.7217885255813599
gpt2,negation,negation,True,0.7686415910720825,0.8224199414253235,0.7930545806884766,0.9058520793914795,0.8428903818130493,0.8139416575431824
gpt2,negation,negation,True,0.7472793459892273,0.8450958132743835,0.8117871284484863,0.9234260320663452,0.8754985928535461,0.8435399532318115
gpt2,question,question,True,0.7569808959960938,0.8760130405426025,0.856170654296875,0.9065304398536682,0.9000860452651978,0.9175751209259033
gpt2,question,question,True,0.7675686478614807,0.8692852258682251,0.8806732296943665,0.8492774963378906,0.8739778995513916,0.9151523113250732
gpt2,question,question,True,0.7740905284881592,0.9163633584976196,0.9085119962692261,0.9035561084747314,0.9384043216705322,0.9581975936889648
gpt2,question,question,True,0.7185635566711426,0.8413412570953369,0.8845274448394775,0.7655608654022217,0.8409976959228516,0.9143490791320801
gpt2,question,question,True,0.8052921891212463,0.9063936471939087,0.9215295314788818,0.8898470401763916,0.916976809501648,0.9559948444366455
gpt2,past_to_future,past_to_future,True,0.816161036491394,0.9334263801574707,0.9155827760696411,0.9437565803527832,0.9637981653213501,0.9403099417686462
gpt2,past_to_future,question,False,0.697243869304657,0.8075731992721558,0.8162025809288025,0.8077970743179321,0.8478296995162964,0.8615543842315674
gpt2,past_to_future,negation,False,0.09667986631393433,0.21890422701835632,0.20489364862442017,0.33608514070510864,0.3035144805908203,0.28605037927627563
gpt2,past_to_future,past_to_future,True,0.800963282585144,0.896939754486084,0.8983114361763,0.9025373458862305,0.9233852028846741,0.921168327331543
gpt2,past_to_future,question,False,-0.20156966149806976,-0.030450984835624695,-0.026697874069213867,0.07352928817272186,0.06157863140106201,0.07788783311843872
gpt2,certainty_to_uncertainty,past_to_future,False,0.8799410462379456,0.9581906795501709,0.9486126899719238,0.9464695453643799,0.9674001336097717,0.9505510926246643
gpt2,certainty_to_uncertainty,negation,False,0.9197272658348083,0.9845114350318909,0.9595934748649597,0.9849298000335693,0.9843868017196655,0.9567925930023193
gpt2,certainty_to_uncertainty,question,False,0.8507716059684753,0.945818305015564,0.9551447033882141,0.8959439396858215,0.9416539669036865,0.9594618082046509
gpt2,certainty_to_uncertainty,question,False,0.8666397333145142,0.9583988189697266,0.9531057476997375,0.9262737035751343,0.9560049772262573,0.9665260314941406
gpt2,certainty_to_uncertainty,negation,False,0.9290074706077576,0.970529317855835,0.9365475177764893,0.985538125038147,0.9638180732727051,0.9301759600639343
gpt2,active_to_passive,active_to_passive,True,0.9549217820167542,0.9415897727012634,0.9163080453872681,0.9277019500732422,0.9252251386642456,0.8892427086830139
gpt2,active_to_passive,certainty_to_uncertainty,False,0.9333325624465942,0.955392599105835,0.9354091882705688,0.9357597827911377,0.9439727067947388,0.9245845079421997
gpt2,active_to_passive,active_to_passive,True,0.9348926544189453,0.9048991203308105,0.883072555065155,0.9016534686088562,0.8865395784378052,0.8536393046379089
gpt2,active_to_passive,certainty_to_uncertainty,False,0.9531638026237488,0.9594518542289734,0.9370746612548828,0.9430880546569824,0.9457862973213196,0.9180406928062439
gpt2,active_to_passive,active_to_passive,True,0.9557933211326599,0.9327484965324402,0.9033235907554626,0.9343893527984619,0.9173057079315186,0.8769391179084778
gpt2,formalization,formalization,True,0.8667275905609131,0.9557287693023682,0.9659433364868164,0.9031530618667603,0.9501229524612427,0.9628171324729919
gpt2,formalization,negation,False,0.9417795538902283,0.9375049471855164,0.9165480136871338,0.9576169848442078,0.9202429056167603,0.899268388748169
gpt2,formalization,formalization,True,0.908231794834137,0.981582522392273,0.990517258644104,0.9407012462615967,0.9763956665992737,0.9826220273971558
gpt2,formalization,question,False,0.8244750499725342,0.9136075973510742,0.9372145533561707,0.8862700462341309,0.9211918115615845,0.9409558773040771
gpt2,formalization,question,False,0.08594521880149841,0.231777161359787,0.31923994421958923,0.16316382586956024,0.24863068759441376,0.3629419803619385
gpt2,negation,negation,True,0.9129946231842041,0.9836212396621704,0.9565163254737854,0.9886797070503235,0.9851400256156921,0.959890604019165
gpt2,negation,negation,True,0.9358137845993042,0.9779417514801025,0.94510817527771,0.981437087059021,0.9662185907363892,0.9338950514793396
gpt2,negation,negation,True,0.9153221845626831,0.9800015687942505,0.9580065608024597,0.982547402381897,0.9822835922241211,0.9583131074905396
gpt2,negation,negation,True,0.9421564340591431,0.97456294298172,0.9371603727340698,0.9836890697479248,0.9664750695228577,0.9226568937301636
gpt2,negation,past_to_future,False,0.8935438394546509,0.9787896275520325,0.950408935546875,0.9831345081329346,0.984588086605072,0.9527572393417358
gpt2,question,past_to_future,False,0.873576283454895,0.9704024791717529,0.9477514028549194,0.9521373510360718,0.9752136468887329,0.9733453989028931
gpt2,question,question,True,0.8513357043266296,0.9526839852333069,0.9587877988815308,0.9014416933059692,0.9467861652374268,0.9741532206535339
gpt2,question,question,True,0.8640318512916565,0.9763963222503662,0.9657008647918701,0.9304569959640503,0.9785341620445251,0.9854298233985901
gpt2,question,question,True,0.8172528743743896,0.9314948916435242,0.95674729347229,0.8450395464897156,0.9210025072097778,0.968170702457428
gpt2,question,question,True,0.8889461159706116,0.9763654470443726,0.9799613952636719,0.9372416734695435,0.9740018844604492,0.992178201675415
gpt2,past_to_future,past_to_future,True,0.8833255767822266,0.9708772897720337,0.9417619705200195,0.9454701542854309,0.9812538623809814,0.9382678270339966
gpt2,past_to_future,past_to_future,True,0.8960878849029541,0.9822328686714172,0.9692434072494507,0.928809404373169,0.9841375946998596,0.9678643345832825
gpt2,past_to_future,past_to_future,True,0.8933941125869751,0.9751662015914917,0.9635758399963379,0.9293732643127441,0.9840842485427856,0.9551074504852295
gpt2,past_to_future,certainty_to_uncertainty,False,0.9088661670684814,0.9858614802360535,0.9848002791404724,0.9260692596435547,0.9834096431732178,0.9735383987426758
gpt2,past_to_future,past_to_future,True,0.7294708490371704,0.8950802087783813,0.8883904218673706,0.8445408940315247,0.930259644985199,0.914800763130188
gpt2,certainty_to_uncertainty,certainty_to_uncertainty,True,0.9053874015808105,0.990060567855835,0.985078752040863,0.9396172761917114,0.9825676679611206,0.9754037857055664
gpt2,certainty_to_uncertainty,certainty_to_uncertainty,True,0.918400764465332,0.9953445196151733,0.9796063899993896,0.9592242240905762,0.9889330267906189,0.9715730547904968
gpt2,certainty_to_uncertainty,formalization,False,0.8742287755012512,0.9659887552261353,0.9782106280326843,0.8841010928153992,0.9530888795852661,0.9687645435333252
gpt2,certainty_to_uncertainty,question,False,0.8854563236236572,0.9776214361190796,0.9774322509765625,0.9147796630859375,0.9672114849090576,0.977683424949646
gpt2,certainty_to_uncertainty,certainty_to_uncertainty,True,0.9486117362976074,0.9908361434936523,0.965578556060791,0.9716658592224121,0.9764803647994995,0.9498423933982849
gpt2,active_to_passive,formalization,False,0.8881853818893433,0.88968825340271,0.9026809930801392,0.7929995656013489,0.8561156988143921,0.8549773693084717
gpt2,active_to_passive,formalization,False,0.9199727177619934,0.9467701315879822,0.9502245187759399,0.8687736392021179,0.9177091121673584,0.9160295724868774
gpt2,active_to_passive,active_to_passive,True,0.928268551826477,0.909399688243866,0.9139464497566223,0.8214601874351501,0.8709424138069153,0.8569733500480652
gpt2,active_to_passive,active_to_passive,True,0.9481648206710815,0.9444922208786011,0.9422899484634399,0.8747216463088989,0.9154255390167236,0.8976510763168335
gpt2,active_to_passive,certainty_to_uncertainty,False,0.9430856704711914,0.9470759034156799,0.9439999461174011,0.876755952835083,0.9177931547164917,0.9022622108459473
gpt2,formalization,formalization,True,0.8658822178840637,0.9578343629837036,0.9751536846160889,0.8637022376060486,0.9442837238311768,0.959784984588623
gpt2,formalization,certainty_to_uncertainty,False,0.937150776386261,0.9704296588897705,0.9493199586868286,0.9659221172332764,0.9544472098350525,0.9372233152389526
gpt2,formalization,formalization,True,0.9006572365760803,0.9765133261680603,0.9901682734489441,0.9020683765411377,0.964053750038147,0.9721471667289734
gpt2,formalization,formalization,True,0.8596355319023132,0.9545045495033264,0.9783726930618286,0.8804980516433716,0.9485068321228027,0.9680355787277222
gpt2,formalization,question,False,0.5924096703529358,0.7419223189353943,0.8068792223930359,0.611399233341217,0.7369602918624878,0.8146782517433167
gpt2,negation,negation,True,0.8010914921760559,0.8852412104606628,0.8665578365325928,0.9446721076965332,0.9051738381385803,0.8959753513336182
gpt2,negation,negation,True,0.855149507522583,0.9018634557723999,0.8691197633743286,0.9638292789459229,0.899409294128418,0.8754483461380005
gpt2,negation,negation,True,0.37099266052246094,0.4421353042125702,0.45511114597320557,0.566275954246521,0.4813688397407532,0.5126410722732544
gpt2,negation,negation,True,0.6768702268600464,0.7485365867614746,0.7490981817245483,0.8144268989562988,0.772648811340332,0.7705745100975037
gpt2,negation,negation,True,0.6984676122665405,0.8178521394729614,0.8014422655105591,0.8817088603973389,0.8516478538513184,0.8345102667808533
gpt2,question,question,True,0.6228975653648376,0.7913601398468018,0.7995688915252686,0.7920275926589966,0.822908878326416,0.881209135055542
gpt2,question,question,True,0.48222440481185913,0.6410771608352661,0.7018149495124817,0.5610130429267883,0.6480520963668823,0.7530683279037476
gpt2,question,question,True,0.6006957292556763,0.7976023554801941,0.819613516330719,0.7423787713050842,0.8266618847846985,0.8840768933296204
gpt2,question,question,True,0.3057911992073059,0.4574747085571289,0.5497342944145203,0.3152558505535126,0.4547165632247925,0.5812246799468994
gpt2,question,question,True,0.6304894685745239,0.7731561064720154,0.8225307464599609,0.716627299785614,0.78879714012146,0.8693621158599854
gpt2,past_to_future,past_to_future,True,0.8022932410240173,0.924113392829895,0.9145779609680176,0.9150644540786743,0.9532110691070557,0.9282273650169373
gpt2,past_to_future,question,False,0.2557542026042938,0.43565747141838074,0.48541706800460815,0.38808947801589966,0.4994630217552185,0.5539960265159607
gpt2,past_to_future,question,False,-0.24303467571735382,-0.10967744886875153,-0.09511402249336243,-0.01965692639350891,-0.021020159125328064,-0.013655990362167358
gpt2,past_to_future,question,False,0.6872314810752869,0.8155465126037598,0.8400815725326538,0.7940559983253479,0.8486862778663635,0.8676255941390991
gpt2,past_to_future,question,False,-0.2884759306907654,-0.08101730793714523,-0.06696444004774094,-0.018848463892936707,0.010326847434043884,0.033587828278541565
gpt2,certainty_to_uncertainty,past_to_future,False,0.8614890575408936,0.9541572332382202,0.9477875828742981,0.9319336414337158,0.9605141878128052,0.9481334686279297
gpt2,certainty_to_uncertainty,certainty_to_uncertainty,True,0.899563193321228,0.984656810760498,0.9671570658683777,0.9677760601043701,0.9845595359802246,0.9650534987449646
gpt2,certainty_to_uncertainty,question,False,0.7075154781341553,0.8365285396575928,0.8820412158966064,0.7276306748390198,0.8293169736862183,0.8827113509178162
gpt2,certainty_to_uncertainty,question,False,0.7290394306182861,0.8747816681861877,0.9015582799911499,0.7916641235351562,0.8747559785842896,0.9252299070358276
gpt2,certainty_to_uncertainty,certainty_to_uncertainty,True,0.9304310083389282,0.9837659597396851,0.9579377174377441,0.9795185923576355,0.973792314529419,0.9490948915481567
gpt2,active_to_passive,active_to_passive,True,-0.023882359266281128,-0.2254403680562973,-0.19465434551239014,-0.12426722049713135,-0.2469223141670227,-0.22761517763137817
gpt2,active_to_passive,active_to_passive,True,0.2644009590148926,0.13532650470733643,0.16999481618404388,0.2023071050643921,0.1121707409620285,0.14575496315956116
gpt2,active_to_passive,active_to_passive,True,-0.3293949365615845,-0.5185821652412415,-0.48500990867614746,-0.44085073471069336,-0.5382226705551147,-0.5097972750663757
gpt2,active_to_passive,active_to_passive,True,0.6623356938362122,0.48537206649780273,0.5038430690765381,0.5407915115356445,0.45342355966567993,0.44300979375839233
gpt2,active_to_passive,active_to_passive,True,0.527630627155304,0.3641643226146698,0.36019614338874817,0.48010775446891785,0.34602460265159607,0.3265111744403839
gpt2,formalization,formalization,True,0.719910740852356,0.8444998264312744,0.8931664228439331,0.7329181432723999,0.8354987502098083,0.8854519128799438
gpt2,formalization,certainty_to_uncertainty,False,0.9361491203308105,0.9439345598220825,0.9341024160385132,0.9433146119117737,0.9224671721458435,0.9109948873519897
gpt2,formalization,formalization,True,0.8189736008644104,0.9220343828201294,0.9560728073120117,0.8459934592247009,0.9166187047958374,0.9478294253349304
gpt2,formalization,question,False,0.5272378325462341,0.6667773127555847,0.7383332252502441,0.5872443914413452,0.6805914640426636,0.7480556964874268
gpt2,formalization,question,False,-0.518346905708313,-0.3899473249912262,-0.28670501708984375,-0.47472184896469116,-0.37082621455192566,-0.24390429258346558
gpt2,negation,negation,True,0.9375753402709961,0.9763450026512146,0.9397394061088562,0.9821439981460571,0.9694283604621887,0.9318937659263611
gpt2,negation,negation,True,0.9479914903640747,0.9645136594772339,0.9262107610702515,0.9675778150558472,0.9474276304244995,0.9062755703926086
gpt2,negation,negation,True,0.9464119672775269,0.9685592651367188,0.9339339733123779,0.9776703119277954,0.9586650133132935,0.9204607009887695
gpt2,negation,negation,True,0.9486355781555176,0.9761728048324585,0.9414948225021362,0.9826589226722717,0.967866063117981,0.926025927066803
gpt2,negation,negation,True,0.9341183304786682,0.9785110354423523,0.9430912733078003,0.9813647866249084,0.9738423228263855,0.9300932884216309
gpt2,question,certainty_to_uncertainty,False,0.9310858249664307,0.9758604764938354,0.9491801261901855,0.9519054293632507,0.9654832482337952,0.9469624757766724
gpt2,question,certainty_to_uncertainty,False,0.9492049217224121,0.9898067712783813,0.976224958896637,0.9474807381629944,0.9714357256889343,0.9634424448013306
gpt2,question,certainty_to_uncertainty,False,0.931976854801178,0.9852691888809204,0.9617308378219604,0.9503774642944336,0.9739961624145508,0.9544605016708374
gpt2,question,certainty_to_uncertainty,False,0.9380395412445068,0.9811990261077881,0.9787213802337646,0.9146983623504639,0.957748293876648,0.9596315026283264
gpt2,question,certainty_to_uncertainty,False,0.9488363265991211,0.9898967146873474,0.9768831133842468,0.9563280344009399,0.9761313796043396,0.9671666622161865
gpt2,past_to_future,certainty_to_uncertainty,False,0.924405574798584,0.9806075096130371,0.9507870674133301,0.9564582109451294,0.978107213973999,0.9387825131416321
gpt2,past_to_future,certainty_to_uncertainty,False,0.9432557821273804,0.9791330695152283,0.9540892243385315,0.942718505859375,0.9683540463447571,0.9356648921966553
gpt2,past_to_future,certainty_to_uncertainty,False,0.9486994743347168,0.9781924486160278,0.9463596940040588,0.9595440626144409,0.9716184735298157,0.92615807056427
gpt2,past_to_future,certainty_to_uncertainty,False,0.9505067467689514,0.9853156805038452,0.9643962383270264,0.9494884014129639,0.9730807542800903,0.9427506327629089
gpt2,past_to_future,past_to_future,True,0.9120662212371826,0.9773094058036804,0.9471592307090759,0.9537020921707153,0.9809683561325073,0.940990686416626
gpt2,certainty_to_uncertainty,certainty_to_uncertainty,True,0.9486708641052246,0.98703932762146,0.967409610748291,0.9479961395263672,0.9709221124649048,0.9433229565620422
gpt2,certainty_to_uncertainty,certainty_to_uncertainty,True,0.9491832256317139,0.9818278551101685,0.9562342166900635,0.9497349262237549,0.9658457040786743,0.9315481185913086
gpt2,certainty_to_uncertainty,certainty_to_uncertainty,True,0.9510592222213745,0.9883168935775757,0.974838376045227,0.9368983507156372,0.9670987129211426,0.9509949088096619
gpt2,certainty_to_uncertainty,certainty_to_uncertainty,True,0.9499503970146179,0.9879533052444458,0.9686015844345093,0.94560706615448,0.9684768915176392,0.9507873058319092
gpt2,certainty_to_uncertainty,certainty_to_uncertainty,True,0.9555150866508484,0.9746766686439514,0.9413964152336121,0.9611932039260864,0.9564142227172852,0.9186719655990601
gpt2,active_to_passive,active_to_passive,True,0.9679360389709473,0.9016289710998535,0.8747003078460693,0.8816889524459839,0.8708049654960632,0.8214021325111389
gpt2,active_to_passive,active_to_passive,True,0.976097822189331,0.9475293159484863,0.9247766137123108,0.9155363440513611,0.9184660315513611,0.8814154863357544
gpt2,active_to_passive,active_to_passive,True,0.9645639061927795,0.913069486618042,0.8915277719497681,0.8746160268783569,0.8785594701766968,0.8379971981048584
gpt2,active_to_passive,active_to_passive,True,0.9664490222930908,0.9302242994308472,0.9013251066207886,0.9050706624984741,0.903112530708313,0.8561160564422607
gpt2,active_to_passive,active_to_passive,True,0.9691697359085083,0.9312002062797546,0.8984341621398926,0.9179587364196777,0.9051029086112976,0.8558250665664673
gpt2,formalization,certainty_to_uncertainty,False,0.9465501308441162,0.9849404692649841,0.9729309678077698,0.9286123514175415,0.9638375639915466,0.946036696434021
gpt2,formalization,certainty_to_uncertainty,False,0.9646081924438477,0.9681599736213684,0.9412664771080017,0.9563615322113037,0.9456865191459656,0.9161944389343262
gpt2,formalization,certainty_to_uncertainty,False,0.9485090970993042,0.9817385673522949,0.973066508769989,0.9301748871803284,0.9623255729675293,0.9447661638259888
gpt2,formalization,certainty_to_uncertainty,False,0.9545255899429321,0.9866249561309814,0.9791889190673828,0.938460648059845,0.9681767225265503,0.9501737356185913
gpt2,formalization,formalization,True,0.9233348965644836,0.9794080257415771,0.9847784042358398,0.9094378352165222,0.9583324193954468,0.9648494720458984
gpt2,negation,past_to_future,False,0.9054970145225525,0.9772524237632751,0.9537307024002075,0.9824187755584717,0.9837532043457031,0.960612416267395
gpt2,negation,negation,True,0.9404985904693604,0.9573809504508972,0.92735356092453,0.960566520690918,0.942299485206604,0.9058754444122314
gpt2,negation,past_to_future,False,0.8706768155097961,0.9541231989860535,0.942866325378418,0.9584416151046753,0.9686434268951416,0.9540579915046692
gpt2,negation,past_to_future,False,0.8901183009147644,0.9687755703926086,0.9457942843437195,0.979306161403656,0.9818580150604248,0.9551181197166443
gpt2,negation,past_to_future,False,0.8597205877304077,0.9590209722518921,0.9368578791618347,0.9610204696655273,0.9749501943588257,0.9440300464630127
gpt2,question,question,True,0.8615908026695251,0.9576314687728882,0.9513623118400574,0.9199507236480713,0.9600647687911987,0.9785512685775757
gpt2,question,question,True,0.8761951923370361,0.9700788259506226,0.9796931743621826,0.9032542705535889,0.9622450470924377,0.9903867244720459
gpt2,question,question,True,0.8494946956634521,0.9656766057014465,0.96100914478302,0.9118928909301758,0.9693455696105957,0.9833654761314392
gpt2,question,question,True,0.7963540554046631,0.90570068359375,0.9423221349716187,0.7978959679603577,0.8945064544677734,0.951274037361145
gpt2,question,question,True,0.8824161291122437,0.9737091064453125,0.976799726486206,0.9306330680847168,0.974385678768158,0.9934802055358887
gpt2,past_to_future,past_to_future,True,0.901324450969696,0.9806281328201294,0.9553807377815247,0.9607110619544983,0.9884477853775024,0.9536885619163513
gpt2,past_to_future,certainty_to_uncertainty,False,0.9141043424606323,0.9801404476165771,0.9675427675247192,0.9274697303771973,0.9786511659622192,0.9606101512908936
gpt2,past_to_future,past_to_future,True,0.889189600944519,0.9713492393493652,0.9468892812728882,0.9530399441719055,0.988283634185791,0.9527642726898193
gpt2,past_to_future,certainty_to_uncertainty,False,0.9271369576454163,0.9909709692001343,0.9804819822311401,0.947838306427002,0.9893127679824829,0.9715530872344971
gpt2,past_to_future,past_to_future,True,0.6993917226791382,0.8737066984176636,0.8599600791931152,0.8453752994537354,0.9193056225776672,0.9022753834724426
gpt2,certainty_to_uncertainty,certainty_to_uncertainty,True,0.9206799864768982,0.9904340505599976,0.9804165363311768,0.9467946887016296,0.9831793904304504,0.9677416682243347
gpt2,certainty_to_uncertainty,certainty_to_uncertainty,True,0.9311615824699402,0.9928712844848633,0.9726104736328125,0.9609944820404053,0.9845331907272339,0.959587574005127
gpt2,certainty_to_uncertainty,formalization,False,0.8948894143104553,0.9814615845680237,0.9871746301651001,0.9065942764282227,0.9694019556045532,0.9794213771820068
gpt2,certainty_to_uncertainty,certainty_to_uncertainty,True,0.9056990742683411,0.9871692061424255,0.9825434684753418,0.9250549674034119,0.9765597581863403,0.9810184240341187
gpt2,certainty_to_uncertainty,certainty_to_uncertainty,True,0.9465734958648682,0.9863498210906982,0.9586246013641357,0.9664404392242432,0.9721393585205078,0.9420667290687561
gpt2,active_to_passive,active_to_passive,True,0.9485267996788025,0.9174407720565796,0.9096499681472778,0.8860098123550415,0.894959568977356,0.8856993913650513
gpt2,active_to_passive,certainty_to_uncertainty,False,0.9357008934020996,0.9538729190826416,0.9456880688667297,0.9072685241699219,0.9346734285354614,0.930885910987854
gpt2,active_to_passive,active_to_passive,True,0.9466809034347534,0.9105595350265503,0.8923094868659973,0.8606404662132263,0.8801071643829346,0.8517183661460876
gpt2,active_to_passive,active_to_passive,True,0.9616532921791077,0.9329342842102051,0.9253272414207458,0.8901221752166748,0.9078330397605896,0.8891342878341675
gpt2,active_to_passive,active_to_passive,True,0.9609876871109009,0.9295275211334229,0.9115433096885681,0.9084025025367737,0.9065454006195068,0.8812471628189087
gpt2,formalization,formalization,True,0.8893399238586426,0.9739991426467896,0.9835124611854553,0.8896632194519043,0.9608508348464966,0.9692554473876953
gpt2,formalization,certainty_to_uncertainty,False,0.9515001773834229,0.9764140248298645,0.9569087028503418,0.9642156362533569,0.9598655104637146,0.942499041557312
gpt2,formalization,formalization,True,0.9148711562156677,0.9852153658866882,0.9876044392585754,0.9258214831352234,0.9741466045379639,0.9736215472221375
gpt2,formalization,formalization,True,0.8850124478340149,0.9700137972831726,0.9849115014076233,0.9002767205238342,0.9643328785896301,0.9741160869598389
gpt2,formalization,question,False,0.6570014357566833,0.7970007061958313,0.8601710796356201,0.6621836423873901,0.7902240753173828,0.8660780191421509
gpt2,negation,negation,True,0.9018315076828003,0.9625500440597534,0.9229633808135986,0.9893140196800232,0.9675893187522888,0.9303029179573059
gpt2,negation,negation,True,0.919468343257904,0.9569792747497559,0.9134241342544556,0.9822434186935425,0.9495360851287842,0.9076391458511353
gpt2,negation,negation,True,0.8633586168289185,0.9263018369674683,0.8828970789909363,0.9764740467071533,0.9390265345573425,0.899687647819519
gpt2,negation,negation,True,0.8838728070259094,0.9422516226768494,0.8964701890945435,0.9813425540924072,0.952283501625061,0.9020456075668335
gpt2,negation,negation,True,0.857607901096344,0.941169261932373,0.8951864838600159,0.9791200160980225,0.957602858543396,0.9078705310821533
gpt2,question,past_to_future,False,0.868972659111023,0.9469330310821533,0.9140505790710449,0.9511294364929199,0.9526374936103821,0.9446924924850464
gpt2,question,question,True,0.8960638642311096,0.9748134016990662,0.9648685455322266,0.9427164793014526,0.9693411588668823,0.9778518676757812
gpt2,question,past_to_future,False,0.8868632316589355,0.9782131314277649,0.9539351463317871,0.9544240236282349,0.9794436693191528,0.9716495275497437
gpt2,question,question,True,0.8919355273246765,0.9796046018600464,0.9834955334663391,0.92078697681427,0.9706971049308777,0.9923202991485596
gpt2,question,certainty_to_uncertainty,False,0.9110220670700073,0.982850968837738,0.9707078337669373,0.9622120261192322,0.9814950227737427,0.9826787710189819
gpt2,past_to_future,negation,False,0.9069714546203613,0.9613445401191711,0.9172158241271973,0.9737941026687622,0.9698898792266846,0.9147301912307739
gpt2,past_to_future,certainty_to_uncertainty,False,0.928952693939209,0.9742468595504761,0.9401323795318604,0.9607251882553101,0.9733748435974121,0.9337354302406311
gpt2,past_to_future,past_to_future,True,0.9014294147491455,0.9640824198722839,0.9288254976272583,0.9626726508140564,0.9782347083091736,0.9265289306640625
gpt2,past_to_future,certainty_to_uncertainty,False,0.9415850639343262,0.9911412596702576,0.9725626707077026,0.9618874788284302,0.9876834750175476,0.9581553339958191
gpt2,past_to_future,past_to_future,True,0.809330940246582,0.9084638357162476,0.8603761792182922,0.9300907850265503,0.9443943500518799,0.8789293169975281
gpt2,certainty_to_uncertainty,certainty_to_uncertainty,True,0.9244099855422974,0.995177149772644,0.9728960394859314,0.9715297222137451,0.9899392127990723,0.9665428400039673
gpt2,certainty_to_uncertainty,certainty_to_uncertainty,True,0.930422842502594,0.9911196231842041,0.9620382785797119,0.97623610496521,0.9851154088973999,0.9543676376342773
gpt2,certainty_to_uncertainty,certainty_to_uncertainty,True,0.916919469833374,0.9900559186935425,0.9811569452285767,0.9406602382659912,0.9793906211853027,0.9754876494407654
gpt2,certainty_to_uncertainty,certainty_to_uncertainty,True,0.9186370372772217,0.9873321652412415,0.9677695035934448,0.9511944055557251,0.9782464504241943,0.967563271522522
gpt2,certainty_to_uncertainty,certainty_to_uncertainty,True,0.9479537010192871,0.9813592433929443,0.948683500289917,0.974209189414978,0.9676794409751892,0.9323940277099609
gpt2,active_to_passive,active_to_passive,True,0.9013032913208008,0.8006695508956909,0.7576114535331726,0.8535915613174438,0.7804979085922241,0.7286360263824463
gpt2,active_to_passive,active_to_passive,True,0.956121563911438,0.9224024415016174,0.8907530307769775,0.9371557235717773,0.9033980965614319,0.8689752221107483
gpt2,active_to_passive,active_to_passive,True,0.9504233598709106,0.8853795528411865,0.8470066785812378,0.892882227897644,0.8599227666854858,0.8104187250137329
gpt2,active_to_passive,active_to_passive,True,0.9553568959236145,0.9017943143844604,0.8631277084350586,0.9250978231430054,0.8830299973487854,0.8338105082511902
gpt2,active_to_passive,active_to_passive,True,0.9346454739570618,0.8786665201187134,0.8331459760665894,0.9179273843765259,0.8618490695953369,0.808363676071167
gpt2,formalization,certainty_to_uncertainty,False,0.9227862358093262,0.989050030708313,0.982473611831665,0.9353321194648743,0.976317822933197,0.9701247215270996
gpt2,formalization,negation,False,0.943821370601654,0.9581446647644043,0.9265782833099365,0.9679985642433167,0.9444653987884521,0.9147958755493164
gpt2,formalization,certainty_to_uncertainty,False,0.939052402973175,0.9918234944343567,0.9838232398033142,0.9493021965026855,0.9793538451194763,0.9673417806625366
gpt2,formalization,certainty_to_uncertainty,False,0.9349678754806519,0.9926103949546814,0.9883726835250854,0.9553613662719727,0.9850332736968994,0.9759212732315063
gpt2,formalization,question,False,0.841055154800415,0.940981924533844,0.9585821628570557,0.8748230338096619,0.9337607622146606,0.9641889333724976
gpt2,negation,negation,True,0.8637919425964355,0.902987539768219,0.8780813813209534,0.9610658884048462,0.9167988300323486,0.8832345008850098
gpt2,negation,negation,True,0.9136127233505249,0.9326145052909851,0.8932247161865234,0.9785536527633667,0.9239075183868408,0.8813707828521729
gpt2,negation,negation,True,0.2983455955982208,0.2488304078578949,0.24949467182159424,0.3985206186771393,0.28947922587394714,0.258842408657074
gpt2,negation,negation,True,0.9220213890075684,0.9063607454299927,0.8626798987388611,0.9599141478538513,0.9031367301940918,0.8398720026016235
gpt2,negation,negation,True,0.7729049324989319,0.8444485068321228,0.817177951335907,0.9128935933113098,0.8720608949661255,0.8263998031616211
gpt2,question,question,True,0.6701368689537048,0.7501047849655151,0.7586740255355835,0.7347462177276611,0.7732691764831543,0.8109203577041626
gpt2,question,question,True,0.7732564210891724,0.865932047367096,0.9053177833557129,0.8065123558044434,0.8632004261016846,0.9307838678359985
gpt2,question,question,True,0.7740139365196228,0.9130246639251709,0.9172024130821228,0.8714452385902405,0.9314690232276917,0.9626421928405762
gpt2,question,question,True,0.4656272828578949,0.5846909284591675,0.6708311438560486,0.46118834614753723,0.5809013247489929,0.6969981789588928
gpt2,question,question,True,0.800611674785614,0.88492351770401,0.9158540964126587,0.8556222319602966,0.8934230804443359,0.9449063539505005
gpt2,past_to_future,past_to_future,True,0.8239052891731262,0.8901922702789307,0.873426616191864,0.8865267634391785,0.918017566204071,0.8659641742706299
gpt2,past_to_future,past_to_future,True,0.9046478271484375,0.9563271999359131,0.9580155611038208,0.91184002161026,0.9664872288703918,0.9533112049102783
gpt2,past_to_future,past_to_future,True,0.43745315074920654,0.507099449634552,0.5346053838729858,0.5206213593482971,0.5752648711204529,0.5455790162086487
gpt2,past_to_future,formalization,False,0.8525655269622803,0.9224345684051514,0.9435888528823853,0.8735482692718506,0.9347513914108276,0.9351502060890198
gpt2,past_to_future,question,False,-0.6913938522338867,-0.5861930251121521,-0.5438149571418762,-0.5535321831703186,-0.5059168934822083,-0.47833603620529175
gpt2,certainty_to_uncertainty,formalization,False,0.8738793730735779,0.9482138752937317,0.9580656290054321,0.8944672346115112,0.9415488243103027,0.9410411715507507
gpt2,certainty_to_uncertainty,certainty_to_uncertainty,True,0.927019476890564,0.9844218492507935,0.9724801778793335,0.9594408273696899,0.97721266746521,0.9579604864120483
gpt2,certainty_to_uncertainty,formalization,False,0.7975578308105469,0.894707977771759,0.9332795739173889,0.8055050373077393,0.8859697580337524,0.9302543997764587
gpt2,certainty_to_uncertainty,question,False,0.8569017052650452,0.9411308765411377,0.9610331654548645,0.8751550912857056,0.9323908090591431,0.9659286141395569
gpt2,certainty_to_uncertainty,certainty_to_uncertainty,True,0.9595334529876709,0.9805991649627686,0.9549927711486816,0.9736562967300415,0.9634736776351929,0.9333351850509644
gpt2,active_to_passive,active_to_passive,True,0.2572703957557678,0.016623249277472496,0.09446360915899277,-0.02627825364470482,-0.020154420286417007,0.00362280011177063
gpt2,active_to_passive,active_to_passive,True,0.21338683366775513,0.07311514019966125,0.16527816653251648,0.026216285303235054,0.05432810261845589,0.11869867146015167
gpt2,active_to_passive,active_to_passive,True,0.8346583247184753,0.6777169108390808,0.7159215211868286,0.6262405514717102,0.6317867040634155,0.631305992603302
gpt2,active_to_passive,active_to_passive,True,0.7642333507537842,0.6082016825675964,0.6559460759162903,0.5612572431564331,0.5776548385620117,0.5786739587783813
gpt2,active_to_passive,active_to_passive,True,0.8553600907325745,0.6969344019889832,0.7200583219528198,0.6885392069816589,0.666358232498169,0.646955132484436
gpt2,formalization,formalization,True,0.8524987101554871,0.9252026081085205,0.9619755744934082,0.8324187994003296,0.9113625288009644,0.9420371651649475
gpt2,formalization,negation,False,0.9142221212387085,0.8967840671539307,0.8910325169563293,0.920802116394043,0.879564642906189,0.8748767375946045
gpt2,formalization,formalization,True,0.8882912993431091,0.9499427080154419,0.9777818918228149,0.8855955600738525,0.9395662546157837,0.9579647183418274
gpt2,formalization,formalization,True,0.6851406097412109,0.7667708396911621,0.83480304479599,0.6969873905181885,0.7721123695373535,0.8260467052459717
gpt2,formalization,question,False,-0.15847356617450714,-0.044937849044799805,0.0730925053358078,-0.14253756403923035,-0.03323502838611603,0.10401243716478348
gpt2,negation,negation,True,0.9320006370544434,0.9796987175941467,0.94718998670578,0.9859691858291626,0.978093683719635,0.9422813653945923
gpt2,negation,negation,True,0.9467195272445679,0.9723599553108215,0.9375525116920471,0.9743876457214355,0.957958459854126,0.9191867113113403
gpt2,negation,negation,True,0.9372885227203369,0.9697737693786621,0.9406619071960449,0.9704844951629639,0.9658345580101013,0.9289349913597107
gpt2,negation,negation,True,0.9402117729187012,0.9750075340270996,0.939694881439209,0.9809261560440063,0.9717532396316528,0.9265722632408142
gpt2,negation,negation,True,0.9075193405151367,0.9766806364059448,0.9439671039581299,0.9846395254135132,0.9826679229736328,0.942763090133667
gpt2,question,certainty_to_uncertainty,False,0.901167631149292,0.9699484705924988,0.9516527652740479,0.9420057535171509,0.9671926498413086,0.9661305546760559
gpt2,question,question,True,0.9101302027702332,0.985115647315979,0.9826821088790894,0.9289675354957581,0.9749532341957092,0.9851551055908203
gpt2,question,certainty_to_uncertainty,False,0.8976908326148987,0.9819619655609131,0.965080976486206,0.940887451171875,0.9795616269111633,0.9741914868354797
gpt2,question,formalization,False,0.877729058265686,0.958576500415802,0.9737844467163086,0.8703303933143616,0.9433572888374329,0.9704334735870361
gpt2,question,certainty_to_uncertainty,False,0.9189039468765259,0.9866765141487122,0.9808197021484375,0.9502367973327637,0.982485294342041,0.9856972694396973
gpt2,past_to_future,past_to_future,True,0.9229512214660645,0.9807315468788147,0.9517747163772583,0.9626944065093994,0.9825711250305176,0.9419049024581909
gpt2,past_to_future,certainty_to_uncertainty,False,0.9395654201507568,0.9816187024116516,0.9582105875015259,0.9474508762359619,0.9755585193634033,0.9434762001037598
gpt2,past_to_future,past_to_future,True,0.930972695350647,0.9819570779800415,0.9571702480316162,0.958113431930542,0.9861254096031189,0.943238377571106
gpt2,past_to_future,certainty_to_uncertainty,False,0.9411805868148804,0.9893916249275208,0.9747942090034485,0.9493660926818848,0.9833635091781616,0.9575331211090088
gpt2,past_to_future,past_to_future,True,0.8765570521354675,0.9630716443061829,0.9338672161102295,0.9444711208343506,0.980905294418335,0.9354449510574341
gpt2,certainty_to_uncertainty,certainty_to_uncertainty,True,0.9309400320053101,0.9944283366203308,0.9765642881393433,0.9561575651168823,0.9851841926574707,0.9630690217018127
gpt2,certainty_to_uncertainty,certainty_to_uncertainty,True,0.9334038496017456,0.9905440211296082,0.9648836851119995,0.9622030258178711,0.9815741777420044,0.9512390494346619
gpt2,certainty_to_uncertainty,certainty_to_uncertainty,True,0.9185612797737122,0.9865376949310303,0.9833378791809082,0.9167414903640747,0.9712815284729004,0.967778742313385
gpt2,certainty_to_uncertainty,certainty_to_uncertainty,True,0.9231327176094055,0.9890738129615784,0.9756171703338623,0.9350852966308594,0.9766433238983154,0.9676907658576965
gpt2,certainty_to_uncertainty,certainty_to_uncertainty,True,0.947650671005249,0.9800532460212708,0.9465005397796631,0.967919111251831,0.9652747511863708,0.9285861253738403
gpt2,active_to_passive,active_to_passive,True,0.9772226810455322,0.9344742298126221,0.9210784435272217,0.8925223350524902,0.9071400761604309,0.8721842765808105
gpt2,active_to_passive,active_to_passive,True,0.9772006273269653,0.964139461517334,0.9508461356163025,0.9196121096611023,0.9401698708534241,0.9122599959373474
gpt2,active_to_passive,active_to_passive,True,0.9707770347595215,0.9371280670166016,0.9200522899627686,0.8939764499664307,0.9094474911689758,0.874822735786438
gpt2,active_to_passive,active_to_passive,True,0.972808837890625,0.9447964429855347,0.9274876117706299,0.9048517942428589,0.9203559756278992,0.8835514783859253
gpt2,active_to_passive,active_to_passive,True,0.9769301414489746,0.9494361877441406,0.9287670850753784,0.9198673963546753,0.9264678955078125,0.8874473571777344
gpt2,formalization,formalization,True,0.9127326011657715,0.9761757850646973,0.9781569242477417,0.8967692255973816,0.9596194624900818,0.9552696943283081
gpt2,formalization,certainty_to_uncertainty,False,0.9595227241516113,0.9706748723983765,0.9492672681808472,0.9607231616973877,0.9542498588562012,0.9311196804046631
gpt2,formalization,certainty_to_uncertainty,False,0.9294570088386536,0.9792965650558472,0.9783339500427246,0.9195935130119324,0.9640970826148987,0.9546040892601013
gpt2,formalization,formalization,True,0.9237990379333496,0.9774273633956909,0.9824609756469727,0.9165345430374146,0.9658750295639038,0.9593659043312073
gpt2,formalization,formalization,True,0.7910319566726685,0.8961831331253052,0.9382033944129944,0.7765390872955322,0.8833264708518982,0.9289665222167969
gpt2,negation,negation,True,0.7112519145011902,0.6574695110321045,0.6268200874328613,0.7790341377258301,0.6773584485054016,0.6323308944702148
gpt2,negation,negation,True,0.8377679586410522,0.8286356925964355,0.7879303693771362,0.9223517179489136,0.8312997221946716,0.7865543365478516
gpt2,negation,active_to_passive,False,-0.6991294622421265,-0.7995288968086243,-0.760075569152832,-0.7361156940460205,-0.7770277857780457,-0.7594518065452576
gpt2,negation,active_to_passive,False,0.24828055500984192,0.08488833904266357,0.08526836335659027,0.18798698484897614,0.09637254476547241,0.062428705394268036
gpt2,negation,negation,True,0.5302465558052063,0.6102185845375061,0.5929542183876038,0.7171745300292969,0.6701233386993408,0.6431987285614014
gpt2,question,question,True,0.49954771995544434,0.6619880199432373,0.675784170627594,0.671049952507019,0.7058119773864746,0.7759466171264648
gpt2,question,question,True,0.7225841879844666,0.8360894918441772,0.8875588774681091,0.7430669069290161,0.8288133144378662,0.9096221923828125
gpt2,question,question,True,0.711982011795044,0.8751895427703857,0.8871402740478516,0.8135795593261719,0.8936980962753296,0.9343692660331726
gpt2,question,question,True,0.587112545967102,0.6863952875137329,0.7633951306343079,0.5434459447860718,0.6678269505500793,0.7648501992225647
gpt2,question,question,True,0.7648241519927979,0.8236529231071472,0.8722147345542908,0.7654491066932678,0.8243489265441895,0.8860605955123901
gpt2,past_to_future,past_to_future,True,0.6825755834579468,0.7647655606269836,0.7436535358428955,0.7787554860115051,0.8215861916542053,0.7597228288650513
gpt2,past_to_future,question,False,-0.26088038086891174,-0.2332046926021576,-0.18028128147125244,-0.249575674533844,-0.15528073906898499,-0.12393428385257721
gpt2,past_to_future,negation,False,-0.0319385826587677,-0.08873294293880463,-0.10709279775619507,0.02196335792541504,-0.003938689827919006,-0.09145548939704895
gpt2,past_to_future,formalization,False,0.767625093460083,0.7894669771194458,0.8206331133842468,0.7319049835205078,0.8012349009513855,0.7954641580581665
gpt2,past_to_future,past_to_future,True,0.700563371181488,0.8298218250274658,0.8037897348403931,0.8460355997085571,0.8839415907859802,0.8461853265762329
gpt2,certainty_to_uncertainty,past_to_future,False,0.44611096382141113,0.6111441850662231,0.5921484231948853,0.6457915306091309,0.6739705801010132,0.6485379338264465
gpt2,certainty_to_uncertainty,certainty_to_uncertainty,True,0.9104016423225403,0.9873834848403931,0.9668468236923218,0.9648577570915222,0.9858508706092834,0.9627652168273926
gpt2,certainty_to_uncertainty,formalization,False,0.8358892202377319,0.9236915707588196,0.9552823305130005,0.8183075189590454,0.9055908918380737,0.9366346001625061
gpt2,certainty_to_uncertainty,formalization,False,0.8732125759124756,0.9532097578048706,0.9684106111526489,0.8665552735328674,0.9362460374832153,0.9605423212051392
gpt2,certainty_to_uncertainty,certainty_to_uncertainty,True,0.9426350593566895,0.983288586139679,0.9527162313461304,0.9764673709869385,0.9710260629653931,0.9393566846847534
gpt2,active_to_passive,active_to_passive,True,0.36680319905281067,0.1004481390118599,0.12269711494445801,0.17583191394805908,0.061476342380046844,0.052625302225351334
gpt2,active_to_passive,active_to_passive,True,0.6628631353378296,0.4900142550468445,0.5178276300430298,0.5219956040382385,0.45230382680892944,0.4602022171020508
gpt2,active_to_passive,active_to_passive,True,0.1956344097852707,-0.09382133185863495,-0.06611606478691101,-0.05780245363712311,-0.1415843367576599,-0.1511276662349701
gpt2,active_to_passive,active_to_passive,True,0.8310127854347229,0.6505393385887146,0.6456184983253479,0.6859349608421326,0.6136197447776794,0.5724591612815857
gpt2,active_to_passive,active_to_passive,True,0.7709934711456299,0.5877715349197388,0.5713869333267212,0.661358654499054,0.5568339228630066,0.5118684768676758
gpt2,formalization,formalization,True,0.8100024461746216,0.8830912709236145,0.9249838590621948,0.7587628364562988,0.8593222498893738,0.8883622288703918
gpt2,formalization,certainty_to_uncertainty,False,0.9374206066131592,0.9417729377746582,0.9323984980583191,0.9221353530883789,0.9187912940979004,0.9027294516563416
gpt2,formalization,formalization,True,0.8528449535369873,0.9120989441871643,0.948015034198761,0.8270564079284668,0.8960341215133667,0.9182921648025513
gpt2,formalization,formalization,True,0.7458162307739258,0.8082515597343445,0.8638357520103455,0.7106928825378418,0.7981207370758057,0.8309952616691589
gpt2,formalization,question,False,-0.32652613520622253,-0.22013849020004272,-0.09164503961801529,-0.3623877465724945,-0.22121359407901764,-0.0836128368973732
gpt2,negation,negation,True,0.8848985433578491,0.9289321303367615,0.883908212184906,0.9886686205863953,0.940343976020813,0.8953432440757751
gpt2,negation,negation,True,0.9273563623428345,0.9237008094787598,0.8755751848220825,0.9723422527313232,0.9126584529876709,0.8619046211242676
gpt2,negation,negation,True,0.8473694920539856,0.842147707939148,0.7921327352523804,0.9416242837905884,0.8566977977752686,0.8003316521644592
gpt2,negation,negation,True,0.9261531829833984,0.917851448059082,0.8726897239685059,0.9735547304153442,0.91889488697052,0.8588619232177734
gpt2,negation,negation,True,0.8498243093490601,0.9070483446121216,0.8625757694244385,0.9737162590026855,0.9292155504226685,0.8756192922592163
gpt2,question,certainty_to_uncertainty,False,0.9033212661743164,0.964348316192627,0.935519278049469,0.9549584984779358,0.9643229842185974,0.9522408246994019
gpt2,question,question,True,0.9051045179367065,0.9743434190750122,0.9716736078262329,0.9352738261222839,0.9647620916366577,0.9794818162918091
gpt2,question,past_to_future,False,0.8874741792678833,0.9768887758255005,0.953041136264801,0.9486320614814758,0.9788676500320435,0.9708505868911743
gpt2,question,formalization,False,0.8500500321388245,0.9290518760681152,0.953715443611145,0.8374201059341431,0.9112870693206787,0.9510667324066162
gpt2,question,question,True,0.9077647924423218,0.9693939089775085,0.9703214764595032,0.9386736750602722,0.9665273427963257,0.9767470359802246
gpt2,past_to_future,negation,False,0.9091475605964661,0.9655821919441223,0.9301862716674805,0.9783073663711548,0.9779855012893677,0.9274435043334961
gpt2,past_to_future,past_to_future,True,0.9293705224990845,0.971112072467804,0.9414600729942322,0.9574910402297974,0.97785484790802,0.9358512759208679
gpt2,past_to_future,negation,False,0.9278697967529297,0.9438204765319824,0.9076144695281982,0.9578897953033447,0.9558285474777222,0.8904902338981628
gpt2,past_to_future,past_to_future,True,0.922764778137207,0.976983904838562,0.9488852620124817,0.9792640209197998,0.9848451018333435,0.9491115808486938
gpt2,past_to_future,past_to_future,True,0.11919451504945755,0.2321193814277649,0.21024128794670105,0.28342461585998535,0.33120471239089966,0.25646689534187317
gpt2,certainty_to_uncertainty,certainty_to_uncertainty,True,0.931349515914917,0.9907618165016174,0.9648935794830322,0.9832568168640137,0.9887945652008057,0.9597603678703308
gpt2,certainty_to_uncertainty,certainty_to_uncertainty,True,0.9318314790725708,0.9875048398971558,0.9553461074829102,0.9842400550842285,0.9844749569892883,0.9493839740753174
gpt2,certainty_to_uncertainty,formalization,False,0.9105288982391357,0.9777823686599731,0.9809961915016174,0.9091794490814209,0.9627247452735901,0.965231716632843
gpt2,certainty_to_uncertainty,certainty_to_uncertainty,True,0.9317853450775146,0.9871023893356323,0.9752421379089355,0.9389160871505737,0.9728706479072571,0.9669514298439026
gpt2,certainty_to_uncertainty,negation,False,0.9355003237724304,0.9745202660560608,0.935575544834137,0.9811701774597168,0.9659909009933472,0.9270142316818237
gpt2,active_to_passive,active_to_passive,True,0.316028892993927,0.101949542760849,0.10380087047815323,0.14846482872962952,0.07793369889259338,0.06914554536342621
gpt2,active_to_passive,active_to_passive,True,0.3990347385406494,0.272249311208725,0.27253398299217224,0.31718146800994873,0.2515307366847992,0.2636665403842926
gpt2,active_to_passive,active_to_passive,True,0.8318760395050049,0.7062945365905762,0.6688306331634521,0.7043023109436035,0.6729131937026978,0.6168433427810669
gpt2,active_to_passive,active_to_passive,True,0.924517810344696,0.8241922855377197,0.7939274311065674,0.8430417776107788,0.8007869124412537,0.7560335993766785
gpt2,active_to_passive,active_to_passive,True,0.7481756210327148,0.6105775833129883,0.5760962963104248,0.6733283996582031,0.5926341414451599,0.5519132614135742
gpt2,formalization,formalization,True,0.9088890552520752,0.9653292298316956,0.9749512672424316,0.8807350993156433,0.9464836716651917,0.9451392292976379
gpt2,formalization,negation,False,0.9400838017463684,0.9340874552726746,0.9023308753967285,0.9552503824234009,0.9171502590179443,0.8841720223426819
gpt2,formalization,formalization,True,0.9228293895721436,0.9732054471969604,0.9792236089706421,0.9133683443069458,0.9590358734130859,0.9528679847717285
gpt2,formalization,formalization,True,0.9168899655342102,0.9560967683792114,0.9688441753387451,0.9035189151763916,0.9448660612106323,0.9403235912322998
gpt2,formalization,question,False,0.5602301359176636,0.6790962815284729,0.7614644765853882,0.5509412288665771,0.6714715957641602,0.762470543384552
gpt2,negation,negation,True,0.918281078338623,0.96491938829422,0.9320534467697144,0.9943298101425171,0.9658273458480835,0.9368661642074585
gpt2,negation,negation,True,0.9494918584823608,0.9646916389465332,0.9299918413162231,0.9819847345352173,0.9495518207550049,0.9150125980377197
gpt2,negation,negation,True,0.8976331353187561,0.9472171664237976,0.9074888825416565,0.9880883693695068,0.9532457590103149,0.9186381697654724
gpt2,negation,negation,True,0.9463136196136475,0.9573635458946228,0.9188435673713684,0.9865684509277344,0.9498914480209351,0.9049739837646484
gpt2,negation,negation,True,0.915127158164978,0.96956467628479,0.9388476014137268,0.9942350387573242,0.9723607897758484,0.9389076232910156
gpt2,question,question,True,0.866755485534668,0.9607348442077637,0.9436167478561401,0.9503365755081177,0.9670177102088928,0.9769118428230286
gpt2,question,question,True,0.8526812791824341,0.9364949464797974,0.944428563117981,0.8982150554656982,0.930881142616272,0.9590139985084534
gpt2,question,question,True,0.8589224219322205,0.9689540863037109,0.9579521417617798,0.9386565685272217,0.9751447439193726,0.9854885339736938
gpt2,question,question,True,0.823121964931488,0.9208469390869141,0.9502201676368713,0.8434280157089233,0.9110395908355713,0.9609395861625671
gpt2,question,question,True,0.8641200661659241,0.9515172243118286,0.9530462622642517,0.9327095746994019,0.9548814296722412,0.9753364324569702
gpt2,past_to_future,certainty_to_uncertainty,False,0.9346924424171448,0.9876503348350525,0.9608176350593567,0.9698234796524048,0.9831766486167908,0.9501737356185913
gpt2,past_to_future,certainty_to_uncertainty,False,0.934746503829956,0.9909166097640991,0.969977080821991,0.9670615196228027,0.9865807294845581,0.9656813740730286
gpt2,past_to_future,past_to_future,True,0.9234099388122559,0.9878443479537964,0.9684565663337708,0.9734521508216858,0.9916170835494995,0.9648622870445251
gpt2,past_to_future,certainty_to_uncertainty,False,0.9384065866470337,0.9954138994216919,0.9854579567909241,0.9562210440635681,0.9881043434143066,0.9722638726234436
gpt2,past_to_future,past_to_future,True,0.8562151193618774,0.9648531079292297,0.9371361136436462,0.9567409753799438,0.9837074875831604,0.9561671018600464
gpt2,certainty_to_uncertainty,certainty_to_uncertainty,True,0.9289884567260742,0.9968186616897583,0.9783628582954407,0.9688488245010376,0.9897186756134033,0.9703983068466187
gpt2,certainty_to_uncertainty,certainty_to_uncertainty,True,0.9321348667144775,0.9941977858543396,0.9691147804260254,0.9736095666885376,0.9869369864463806,0.9607071280479431
gpt2,certainty_to_uncertainty,formalization,False,0.9052864909172058,0.9735371470451355,0.9788985252380371,0.9159349203109741,0.9588916301727295,0.9681134223937988
gpt2,certainty_to_uncertainty,certainty_to_uncertainty,True,0.9065489768981934,0.976503849029541,0.974029541015625,0.9312548637390137,0.9650453329086304,0.972059428691864
gpt2,certainty_to_uncertainty,certainty_to_uncertainty,True,0.9520078897476196,0.9877026081085205,0.9597212076187134,0.9742591977119446,0.9723342657089233,0.9440796375274658
gpt2,active_to_passive,active_to_passive,True,0.9570314884185791,0.8752108216285706,0.8644284605979919,0.8664634227752686,0.8410582542419434,0.8143612146377563
gpt2,active_to_passive,active_to_passive,True,0.9659676551818848,0.925009548664093,0.9137078523635864,0.9129621386528015,0.8961501717567444,0.8784966468811035
gpt2,active_to_passive,active_to_passive,True,0.9544805288314819,0.8669143915176392,0.8599849939346313,0.8361731767654419,0.8257561922073364,0.8013395071029663
gpt2,active_to_passive,active_to_passive,True,0.9814465045928955,0.9360079765319824,0.9192277193069458,0.9174182415008545,0.9076611399650574,0.8767739534378052
gpt2,active_to_passive,active_to_passive,True,0.9817830324172974,0.9258468151092529,0.9070422053337097,0.9153128266334534,0.8955565690994263,0.8614221215248108
gpt2,formalization,formalization,True,0.889975905418396,0.9615057706832886,0.9735660552978516,0.8944936990737915,0.9467092752456665,0.9575933218002319
gpt2,formalization,negation,False,0.9456887245178223,0.9589585065841675,0.9371488094329834,0.9676142930984497,0.943034827709198,0.9234200716018677
gpt2,formalization,formalization,True,0.9217232465744019,0.9875563979148865,0.9939535856246948,0.9344930052757263,0.9760453701019287,0.9794113636016846
gpt2,formalization,formalization,True,0.8845648765563965,0.9515525102615356,0.971753716468811,0.9037743806838989,0.9447657465934753,0.9592546224594116
gpt2,formalization,question,False,0.5863521099090576,0.703574538230896,0.7664639949798584,0.612320065498352,0.6976721286773682,0.7764350175857544
gpt2,negation,negation,True,0.940137505531311,0.9784379601478577,0.9460011720657349,0.9844049215316772,0.9725319147109985,0.9387723207473755
gpt2,negation,negation,True,0.9483751058578491,0.9658046364784241,0.9297995567321777,0.9678854942321777,0.9494696855545044,0.9097887873649597
gpt2,negation,negation,True,0.9374881982803345,0.9713263511657715,0.9374502897262573,0.9797489643096924,0.9659202694892883,0.928982675075531
gpt2,negation,negation,True,0.9443612098693848,0.9772908687591553,0.945764422416687,0.979278564453125,0.971000075340271,0.9325054287910461
gpt2,negation,certainty_to_uncertainty,False,0.9302089214324951,0.9818305969238281,0.9512046575546265,0.9801604151725769,0.9788928031921387,0.9417790174484253
gpt2,question,certainty_to_uncertainty,False,0.9176765084266663,0.9804122447967529,0.959650993347168,0.9530082941055298,0.9746025204658508,0.965629518032074
gpt2,question,certainty_to_uncertainty,False,0.9403306245803833,0.9902429580688477,0.9798241257667542,0.9513912200927734,0.9760303497314453,0.9747748374938965
gpt2,question,certainty_to_uncertainty,False,0.9103151559829712,0.9855809807777405,0.9677914381027222,0.9463461637496948,0.9804471135139465,0.9720225930213928
gpt2,question,formalization,False,0.9333270192146301,0.9830597043037415,0.9850106239318848,0.9195639491081238,0.9638115763664246,0.9727810621261597
gpt2,question,certainty_to_uncertainty,False,0.9430460929870605,0.987909197807312,0.9760479927062988,0.9594038724899292,0.977121889591217,0.9717907309532166
gpt2,past_to_future,certainty_to_uncertainty,False,0.9258648157119751,0.9841865301132202,0.9565925598144531,0.9611814022064209,0.9807044267654419,0.9462769031524658
gpt2,past_to_future,certainty_to_uncertainty,False,0.9357454180717468,0.9856978058815002,0.962777853012085,0.950566291809082,0.977202296257019,0.9510924220085144
gpt2,past_to_future,certainty_to_uncertainty,False,0.9420819282531738,0.9833916425704956,0.9571477174758911,0.9624114632606506,0.9805945158004761,0.9409425258636475
gpt2,past_to_future,certainty_to_uncertainty,False,0.9316836595535278,0.986132800579071,0.9742201566696167,0.9372149109840393,0.9781377911567688,0.9568875432014465
gpt2,past_to_future,past_to_future,True,0.8770778179168701,0.9669533967971802,0.936935305595398,0.9503222107887268,0.9816455841064453,0.943343460559845
gpt2,certainty_to_uncertainty,certainty_to_uncertainty,True,0.9353426098823547,0.992038369178772,0.973861813545227,0.9552183747291565,0.9822855591773987,0.9588639736175537
gpt2,certainty_to_uncertainty,certainty_to_uncertainty,True,0.9338108897209167,0.9896957278251648,0.9665037393569946,0.9586731195449829,0.9811057448387146,0.9528907537460327
gpt2,certainty_to_uncertainty,certainty_to_uncertainty,True,0.9486474394798279,0.9914907813072205,0.9807156324386597,0.941992461681366,0.9730283617973328,0.9610255360603333
gpt2,certainty_to_uncertainty,certainty_to_uncertainty,True,0.9487797021865845,0.9892495274543762,0.9707236289978027,0.9513486623764038,0.9721936583518982,0.9569987654685974
gpt2,certainty_to_uncertainty,certainty_to_uncertainty,True,0.9490079879760742,0.9796773195266724,0.9476491212844849,0.9642306566238403,0.9646347761154175,0.9281638860702515
gpt2,active_to_passive,active_to_passive,True,0.9536049365997314,0.8497809171676636,0.824969470500946,0.8610889911651611,0.8214485049247742,0.7813607454299927
gpt2,active_to_passive,active_to_passive,True,0.9830659627914429,0.9310288429260254,0.9124422073364258,0.9188027381896973,0.9042267799377441,0.8754807710647583
gpt2,active_to_passive,active_to_passive,True,0.965960681438446,0.8925607204437256,0.8706516027450562,0.8746006488800049,0.860792875289917,0.8239257335662842
gpt2,active_to_passive,active_to_passive,True,0.9732522368431091,0.9370981454849243,0.9091116786003113,0.9240789413452148,0.9141207337379456,0.8736366033554077
gpt2,active_to_passive,active_to_passive,True,0.9741156101226807,0.9241544604301453,0.894836962223053,0.9261411428451538,0.9013253450393677,0.8600567579269409
gpt2,formalization,certainty_to_uncertainty,False,0.9429043531417847,0.9894446134567261,0.9798445701599121,0.9362757205963135,0.9718698859214783,0.9582253694534302
gpt2,formalization,active_to_passive,False,0.9644922018051147,0.9526370763778687,0.9260149002075195,0.9528713226318359,0.9301886558532715,0.900249719619751
gpt2,formalization,certainty_to_uncertainty,False,0.9485873579978943,0.9883601665496826,0.9797959923744202,0.9452704191207886,0.9721482992172241,0.9577668309211731
gpt2,formalization,certainty_to_uncertainty,False,0.9505285024642944,0.9888994693756104,0.9844580888748169,0.9465075135231018,0.9749156832695007,0.9621157050132751
gpt2,formalization,formalization,True,0.9068455696105957,0.9681816101074219,0.9847556352615356,0.892433762550354,0.9491361379623413,0.9681640863418579
gpt2,negation,negation,True,0.8516077399253845,0.9270812273025513,0.8965508937835693,0.9694687128067017,0.9387235641479492,0.9019142985343933
gpt2,negation,negation,True,0.936072826385498,0.9510940313339233,0.913875937461853,0.9750699400901794,0.9349024295806885,0.889668881893158
gpt2,negation,negation,True,0.3937790095806122,0.46460211277008057,0.46819645166397095,0.5814663767814636,0.5034164786338806,0.4937666654586792
gpt2,negation,negation,True,0.8303159475326538,0.864052414894104,0.8376905918121338,0.9201787710189819,0.8710675239562988,0.8230724334716797
gpt2,negation,negation,True,0.7566748261451721,0.8197797536849976,0.7854493260383606,0.8776068687438965,0.836716890335083,0.7717676162719727
gpt2,question,question,True,0.8295388221740723,0.9362134337425232,0.93659508228302,0.9018182754516602,0.9426463842391968,0.9722702503204346
gpt2,question,question,True,0.7793256044387817,0.8909338116645813,0.9282682538032532,0.7841631174087524,0.8775303959846497,0.9323289394378662
gpt2,question,question,True,0.8039461374282837,0.9440149664878845,0.9466762542724609,0.877527117729187,0.9493421316146851,0.9734610319137573
gpt2,question,question,True,0.5792723894119263,0.7048036456108093,0.7759166359901428,0.5539785623550415,0.6888459324836731,0.777859091758728
gpt2,question,question,True,0.8602081537246704,0.9496568441390991,0.9728906154632568,0.8771666288375854,0.94267737865448,0.9742474555969238
gpt2,past_to_future,past_to_future,True,0.841434895992279,0.9504166841506958,0.9250492453575134,0.9518982172012329,0.9746396541595459,0.9350787401199341
gpt2,past_to_future,certainty_to_uncertainty,False,0.8976831436157227,0.9760793447494507,0.9697376489639282,0.9171739220619202,0.9750813245773315,0.9596959948539734
gpt2,past_to_future,past_to_future,True,0.6473572254180908,0.796410083770752,0.8112136125564575,0.7480858564376831,0.8343790769577026,0.8245621919631958
gpt2,past_to_future,formalization,False,0.8721932768821716,0.9684440493583679,0.9724152088165283,0.9079558849334717,0.9723641872406006,0.963373601436615
gpt2,past_to_future,question,False,0.020352661609649658,0.26339292526245117,0.28546908497810364,0.24775005877017975,0.34711354970932007,0.35706251859664917
gpt2,certainty_to_uncertainty,certainty_to_uncertainty,True,0.8912897109985352,0.9846978187561035,0.9757523536682129,0.9416581392288208,0.9800175428390503,0.9669280648231506
gpt2,certainty_to_uncertainty,certainty_to_uncertainty,True,0.9113504886627197,0.9899247884750366,0.9712648391723633,0.9597960114479065,0.9831315279006958,0.9594608545303345
gpt2,certainty_to_uncertainty,formalization,False,0.7871911525726318,0.8861037492752075,0.9238450527191162,0.7601945400238037,0.8659928441047668,0.9007513523101807
gpt2,certainty_to_uncertainty,formalization,False,0.8406356573104858,0.9418389201164246,0.9599218368530273,0.837424099445343,0.925011932849884,0.9485487341880798
gpt2,certainty_to_uncertainty,certainty_to_uncertainty,True,0.9251821041107178,0.9839897751808167,0.9536744356155396,0.9726619720458984,0.9721788167953491,0.9422619342803955
gpt2,active_to_passive,formalization,False,-0.41203561425209045,-0.45403000712394714,-0.3643745183944702,-0.5943933725357056,-0.48213204741477966,-0.4308895468711853
gpt2,active_to_passive,formalization,False,-0.12570121884346008,-0.12226393818855286,-0.023095592856407166,-0.2965923845767975,-0.15656962990760803,-0.08944220840930939
gpt2,active_to_passive,formalization,False,0.18013767898082733,0.12844949960708618,0.20799048244953156,-0.06295150518417358,0.07274383306503296,0.10978949069976807
gpt2,active_to_passive,formalization,False,0.5071935057640076,0.44395577907562256,0.5131808519363403,0.287627637386322,0.3948640823364258,0.41235652565956116
gpt2,active_to_passive,active_to_passive,True,0.6355939507484436,0.5736284255981445,0.6215028166770935,0.44608286023139954,0.5251582264900208,0.521809458732605
gpt2,formalization,formalization,True,0.8118181824684143,0.9031764268875122,0.9362975358963013,0.7782756686210632,0.8823023438453674,0.906068742275238
gpt2,formalization,certainty_to_uncertainty,False,0.9620945453643799,0.9767889976501465,0.9710522890090942,0.9350295066833496,0.9492956399917603,0.935752272605896
gpt2,formalization,formalization,True,0.8707598447799683,0.9441764950752258,0.9691953659057617,0.8502854704856873,0.9265826344490051,0.9408247470855713
gpt2,formalization,formalization,True,0.7693528532981873,0.8608693480491638,0.9074829816818237,0.744079053401947,0.8471876978874207,0.8773369789123535
gpt2,formalization,formalization,True,0.23442994058132172,0.383908212184906,0.4877934455871582,0.20288999378681183,0.37237775325775146,0.4819943308830261
gpt2,negation,negation,True,0.9020332098007202,0.9402137398719788,0.9063196182250977,0.9907470941543579,0.9457435607910156,0.911399245262146
gpt2,negation,negation,True,0.927179753780365,0.9349327683448792,0.8938703536987305,0.9792145490646362,0.9223169088363647,0.8794585466384888
gpt2,negation,negation,True,0.791346549987793,0.7564859390258789,0.736388087272644,0.8554105758666992,0.7622767686843872,0.7304043769836426
gpt2,negation,negation,True,0.9314562678337097,0.9108155369758606,0.8655016422271729,0.9691616296768188,0.9040795564651489,0.8452519178390503
gpt2,negation,negation,True,0.8439751863479614,0.9029992818832397,0.8740600347518921,0.9672074913978577,0.9199391603469849,0.8825052976608276
gpt2,question,question,True,0.8551955819129944,0.9427622556686401,0.9258459210395813,0.9420093894004822,0.9522665739059448,0.9634114503860474
gpt2,question,question,True,0.855541467666626,0.9101513624191284,0.9423108696937561,0.8572328686714172,0.8978747129440308,0.9487552642822266
gpt2,question,question,True,0.8328125476837158,0.9458728432655334,0.9515590071678162,0.9023314714431763,0.9538499116897583,0.9836111664772034
gpt2,question,question,True,0.7155916690826416,0.7881383895874023,0.8571889400482178,0.6791839003562927,0.7707420587539673,0.859812319278717
gpt2,question,question,True,0.8700910806655884,0.9308505654335022,0.9574897289276123,0.8892202377319336,0.9281952977180481,0.9679998159408569
gpt2,past_to_future,past_to_future,True,0.8752937316894531,0.9532743692398071,0.9181063175201416,0.9654819965362549,0.9742190837860107,0.9254064559936523
gpt2,past_to_future,past_to_future,True,0.9372648000717163,0.9790352582931519,0.9662845730781555,0.9498559832572937,0.9802455306053162,0.9585779905319214
gpt2,past_to_future,past_to_future,True,0.9130793809890747,0.9440992474555969,0.9322776794433594,0.9461147785186768,0.9629226922988892,0.9210495948791504
gpt2,past_to_future,past_to_future,True,0.9324724078178406,0.9793499112129211,0.9789347648620605,0.9454928636550903,0.9795346260070801,0.9656975269317627
gpt2,past_to_future,question,False,0.2947203516960144,0.3610078692436218,0.4088994264602661,0.33102327585220337,0.41502150893211365,0.42010727524757385
gpt2,certainty_to_uncertainty,formalization,False,0.918321967124939,0.9690594673156738,0.9745028018951416,0.923220694065094,0.956053614616394,0.9510883688926697
gpt2,certainty_to_uncertainty,certainty_to_uncertainty,True,0.9376301765441895,0.9844517707824707,0.9752769470214844,0.9573408365249634,0.973741888999939,0.9562849402427673
gpt2,certainty_to_uncertainty,formalization,False,0.891400158405304,0.9440444707870483,0.971498429775238,0.8667028546333313,0.9243879318237305,0.9508147835731506
gpt2,certainty_to_uncertainty,formalization,False,0.9211817383766174,0.9626725316047668,0.9779493808746338,0.9000332355499268,0.9425783753395081,0.9621574282646179
gpt2,certainty_to_uncertainty,negation,False,0.9637882709503174,0.9738338589668274,0.9451115727424622,0.9743015170097351,0.955183744430542,0.9207777380943298
gpt2,active_to_passive,active_to_passive,True,0.9012249708175659,0.8529229760169983,0.8676556348800659,0.7748754024505615,0.8195341229438782,0.8075991868972778
gpt2,active_to_passive,formalization,False,0.8870827555656433,0.8659539818763733,0.889503002166748,0.7764273881912231,0.833746612071991,0.8395550847053528
gpt2,active_to_passive,active_to_passive,True,0.897163450717926,0.8213673233985901,0.8399948477745056,0.7485885620117188,0.779425323009491,0.7694153189659119
gpt2,active_to_passive,active_to_passive,True,0.9326246380805969,0.8960839509963989,0.9044404625892639,0.8315446376800537,0.8659395575523376,0.8541587591171265
gpt2,active_to_passive,active_to_passive,True,0.9484097957611084,0.8850519061088562,0.884617030620575,0.8369894623756409,0.8516160845756531,0.8248728513717651
gpt2,formalization,formalization,True,0.9133325219154358,0.9503793716430664,0.9766759276390076,0.8683476448059082,0.9277387857437134,0.9426606893539429
gpt2,formalization,active_to_passive,False,0.965124249458313,0.9381500482559204,0.9384795427322388,0.9268044829368591,0.9104791879653931,0.9054149389266968
gpt2,formalization,formalization,True,0.9252912998199463,0.9577866196632385,0.9803388118743896,0.8949801325798035,0.9393603205680847,0.9490342140197754
gpt2,formalization,formalization,True,0.8552606105804443,0.8717314004898071,0.9229888916015625,0.801596462726593,0.8549630045890808,0.8836970329284668
gpt2,formalization,formalization,True,0.27648186683654785,0.32189854979515076,0.4453607201576233,0.1947089433670044,0.30227693915367126,0.4267483651638031
gpt2,negation,negation,True,0.8299107551574707,0.9042155742645264,0.8674653768539429,0.9698909521102905,0.9208203554153442,0.8950374126434326
gpt2,negation,negation,True,0.8853409290313721,0.920775294303894,0.873726487159729,0.9775271415710449,0.9170644283294678,0.8763701915740967
gpt2,negation,negation,True,0.7905757427215576,0.8369015455245972,0.7941066026687622,0.9310321807861328,0.8530786037445068,0.8219685554504395
gpt2,negation,negation,True,0.8902453184127808,0.9023637771606445,0.8462203145027161,0.9691842794418335,0.9030925035476685,0.8448464870452881
gpt2,negation,negation,True,0.8131085634231567,0.9072779417037964,0.8658279776573181,0.9667619466781616,0.9301632642745972,0.8925046920776367
gpt2,question,question,True,0.8260934948921204,0.9262126684188843,0.9118179082870483,0.9316144585609436,0.9382723569869995,0.9603590965270996
gpt2,question,question,True,0.7699428200721741,0.8798535466194153,0.8990901112556458,0.8451775312423706,0.8791992664337158,0.9334806799888611
gpt2,question,question,True,0.8199824094772339,0.9434265494346619,0.937973141670227,0.9138871431350708,0.9526305198669434,0.9778162837028503
gpt2,question,question,True,0.6960692405700684,0.8254486322402954,0.8684818744659424,0.7527270913124084,0.8211926817893982,0.9043232798576355
gpt2,question,question,True,0.8335815072059631,0.9281617999076843,0.9393272399902344,0.9129496812820435,0.9320940971374512,0.9714506268501282
gpt2,past_to_future,past_to_future,True,0.6981977820396423,0.8609640598297119,0.8411664962768555,0.8643002510070801,0.9122301340103149,0.8808369040489197
gpt2,past_to_future,past_to_future,True,0.8921349048614502,0.9658671617507935,0.9502899646759033,0.9513417482376099,0.9745310544967651,0.9635438323020935
gpt2,past_to_future,past_to_future,True,0.6456202268600464,0.7542545795440674,0.75342857837677,0.7799760103225708,0.7971358299255371,0.789377748966217
gpt2,past_to_future,past_to_future,True,0.8623725771903992,0.9424088001251221,0.9450645446777344,0.9263004064559937,0.956107497215271,0.9534481763839722
gpt2,past_to_future,past_to_future,True,0.6234054565429688,0.7761512994766235,0.7572572231292725,0.8155308961868286,0.8330708146095276,0.8168356418609619
gpt2,certainty_to_uncertainty,certainty_to_uncertainty,True,0.9014512300491333,0.9830912351608276,0.9744131565093994,0.9607178568840027,0.9824436902999878,0.9730843305587769
gpt2,certainty_to_uncertainty,certainty_to_uncertainty,True,0.9203997850418091,0.9880292415618896,0.9683933854103088,0.9757423400878906,0.9848009347915649,0.9618088006973267
gpt2,certainty_to_uncertainty,formalization,False,0.8589925765991211,0.9500513672828674,0.9706918001174927,0.8791065216064453,0.9367513656616211,0.9699819087982178
gpt2,certainty_to_uncertainty,question,False,0.8734359741210938,0.9648467302322388,0.9667180180549622,0.9208314418792725,0.9561595320701599,0.9780469536781311
gpt2,certainty_to_uncertainty,certainty_to_uncertainty,True,0.957204282283783,0.9792429208755493,0.9492617249488831,0.9780595898628235,0.9624783992767334,0.9292052388191223
gpt2,active_to_passive,active_to_passive,True,0.8630739450454712,0.7871402502059937,0.7578126788139343,0.8544573187828064,0.7750140428543091,0.7431670427322388
gpt2,active_to_passive,negation,False,0.9043923616409302,0.8989446759223938,0.8792147636413574,0.9228528141975403,0.8867323398590088,0.8743271827697754
gpt2,active_to_passive,active_to_passive,True,0.9823453426361084,0.921562671661377,0.9116461873054504,0.9019615650177002,0.8883407711982727,0.8669094443321228
gpt2,active_to_passive,active_to_passive,True,0.9671372175216675,0.9410400390625,0.9203612804412842,0.9530190229415894,0.9242464303970337,0.8986257314682007
gpt2,active_to_passive,negation,False,0.9454761743545532,0.9123120903968811,0.8812863826751709,0.9471766948699951,0.8987100124359131,0.8632177114486694
gpt2,formalization,formalization,True,0.8601096868515015,0.9555761218070984,0.973188579082489,0.8917508125305176,0.9460405111312866,0.9729659557342529
gpt2,formalization,negation,False,0.9111592173576355,0.9352381229400635,0.9204466938972473,0.9530974626541138,0.920395016670227,0.9177821278572083
gpt2,formalization,formalization,True,0.9088567495346069,0.9737266302108765,0.9911033511161804,0.917003870010376,0.9608745574951172,0.9767435193061829
gpt2,formalization,question,False,0.8492195010185242,0.9323140978813171,0.9593647718429565,0.8945139646530151,0.9299443960189819,0.9607127904891968
gpt2,formalization,question,False,0.3426879048347473,0.4909234642982483,0.5688859224319458,0.4202437996864319,0.4965825080871582,0.610997200012207
gpt2,negation,negation,True,0.8022044897079468,0.852369487285614,0.8156879544258118,0.9403219223022461,0.8705588579177856,0.8449052572250366
gpt2,negation,negation,True,0.8679714798927307,0.924530565738678,0.883500337600708,0.9764261841773987,0.9255384802818298,0.8937305212020874
gpt2,negation,negation,True,0.788516640663147,0.8554307222366333,0.8420777320861816,0.9184966683387756,0.8760248422622681,0.8712840676307678
gpt2,negation,negation,True,0.8724331855773926,0.857654869556427,0.8196108341217041,0.9174820780754089,0.8535217046737671,0.8093268275260925
gpt2,negation,negation,True,0.8493360280990601,0.9244945049285889,0.8948721289634705,0.9616186022758484,0.9420981407165527,0.9048753976821899
gpt2,question,question,True,0.8343257904052734,0.9351029396057129,0.9329109191894531,0.9177749752998352,0.9387289881706238,0.9685919284820557
gpt2,question,question,True,0.8512958884239197,0.9408659934997559,0.9489765167236328,0.9030228853225708,0.9307664632797241,0.9657788276672363
gpt2,question,question,True,0.8346819877624512,0.9573649764060974,0.9512286186218262,0.9248114824295044,0.961641788482666,0.9814039468765259
gpt2,question,question,True,0.8151867985725403,0.917991042137146,0.9470246434211731,0.8476234674453735,0.9037346243858337,0.9613913893699646
gpt2,question,question,True,0.8784860372543335,0.9589223861694336,0.964129626750946,0.940375566482544,0.9563453197479248,0.982520341873169
gpt2,past_to_future,past_to_future,True,0.5783621668815613,0.7633432149887085,0.7747753858566284,0.7161300182342529,0.8176186084747314,0.8108250498771667
gpt2,past_to_future,question,False,0.776907205581665,0.8881385326385498,0.8936420679092407,0.8413382172584534,0.9166656732559204,0.9214299321174622
gpt2,past_to_future,negation,False,-0.16106225550174713,-0.03556862473487854,-0.055348485708236694,0.06928101181983948,0.057471707463264465,0.02630828320980072
gpt2,past_to_future,formalization,False,0.8598480820655823,0.9296983480453491,0.9457665085792542,0.8702715635299683,0.937651515007019,0.9328941106796265
gpt2,past_to_future,past_to_future,True,0.581672191619873,0.7657432556152344,0.7450458407402039,0.7896538972854614,0.8226328492164612,0.8106558322906494
gpt2,certainty_to_uncertainty,question,False,0.4572814106941223,0.6426225304603577,0.6435988545417786,0.6671000719070435,0.6922172904014587,0.7059836387634277
gpt2,certainty_to_uncertainty,certainty_to_uncertainty,True,0.9270772933959961,0.9940316677093506,0.9777251482009888,0.9690128564834595,0.9861196279525757,0.9688679575920105
gpt2,certainty_to_uncertainty,formalization,False,0.8933216333389282,0.9718174338340759,0.986777663230896,0.8972254991531372,0.9534378051757812,0.9738758206367493
gpt2,certainty_to_uncertainty,certainty_to_uncertainty,True,0.9118205308914185,0.98516446352005,0.980405330657959,0.9368072748184204,0.9695776104927063,0.9773788452148438
gpt2,certainty_to_uncertainty,certainty_to_uncertainty,True,0.9457181692123413,0.9816417694091797,0.9520473480224609,0.980649471282959,0.9671976566314697,0.9392282962799072
gpt2,active_to_passive,negation,False,0.6690359115600586,0.6523817777633667,0.6086219549179077,0.7246758937835693,0.659564733505249,0.6179822683334351
gpt2,active_to_passive,negation,False,0.8532500267028809,0.8769617080688477,0.8476856350898743,0.895998477935791,0.8698604106903076,0.8483281135559082
gpt2,active_to_passive,active_to_passive,True,0.9479318857192993,0.9387610554695129,0.9075939059257507,0.9346872568130493,0.9189733266830444,0.8864789009094238
gpt2,active_to_passive,certainty_to_uncertainty,False,0.9461079835891724,0.9526333808898926,0.9254412651062012,0.945899248123169,0.9399003982543945,0.9048689007759094
gpt2,active_to_passive,negation,False,0.9252539873123169,0.9236661195755005,0.8790561556816101,0.942255973815918,0.9132500290870667,0.861143946647644
gpt2,formalization,formalization,True,0.8959369659423828,0.9739376902580261,0.986346960067749,0.9001352787017822,0.9558799266815186,0.969596266746521
gpt2,formalization,certainty_to_uncertainty,False,0.9444687366485596,0.9625942707061768,0.9442749619483948,0.9601821303367615,0.9422021508216858,0.9287099242210388
gpt2,formalization,formalization,True,0.9056944251060486,0.965662956237793,0.9844647645950317,0.8981573581695557,0.9490190744400024,0.9616595506668091
gpt2,formalization,formalization,True,0.8892350196838379,0.9628303647041321,0.9827982187271118,0.9104928374290466,0.9523625373840332,0.9697293639183044
gpt2,formalization,question,False,0.5445306897163391,0.6821751594543457,0.7488985061645508,0.5885524749755859,0.6719202995300293,0.7642278671264648
gpt2,negation,negation,True,0.9167928695678711,0.9502705335617065,0.9289145469665527,0.9861965179443359,0.9514297246932983,0.928115725517273
gpt2,negation,active_to_passive,False,0.9476572275161743,0.9141781330108643,0.8813198804855347,0.945062518119812,0.890475869178772,0.8453669548034668
gpt2,negation,negation,True,0.6361484527587891,0.676222562789917,0.6773622035980225,0.7799919247627258,0.7093054056167603,0.7102872133255005
gpt2,negation,negation,True,0.9329757690429688,0.9111966490745544,0.8842597007751465,0.9596880674362183,0.9042978882789612,0.8596807718276978
gpt2,negation,negation,True,0.8441404104232788,0.9138760566711426,0.8978708386421204,0.9567054510116577,0.929675817489624,0.9051183462142944
gpt2,question,question,True,0.7264812588691711,0.8372746706008911,0.8581236004829407,0.8135623931884766,0.8546401262283325,0.9178951978683472
gpt2,question,question,True,0.6867029070854187,0.772441029548645,0.8379281759262085,0.6843067407608032,0.7619907259941101,0.8556599020957947
gpt2,question,question,True,0.7211559414863586,0.8672168254852295,0.8906692862510681,0.8039314150810242,0.8816588521003723,0.9385955333709717
gpt2,question,question,True,0.4265759289264679,0.5097039937973022,0.614475667476654,0.36490753293037415,0.49212348461151123,0.6224843263626099
gpt2,question,question,True,0.7724811434745789,0.8618096113204956,0.9053988456726074,0.8102788925170898,0.8650800585746765,0.9311823844909668
gpt2,past_to_future,past_to_future,True,0.8979588747024536,0.9787052869796753,0.9659619331359863,0.9546151161193848,0.9862929582595825,0.9642729759216309
gpt2,past_to_future,formalization,False,0.886565089225769,0.9667053818702698,0.9782605171203613,0.9037121534347534,0.9691863059997559,0.9769248962402344
gpt2,past_to_future,question,False,0.6689278483390808,0.7744417190551758,0.8203698396682739,0.726054310798645,0.8024073839187622,0.8284564018249512
gpt2,past_to_future,formalization,False,0.8906173706054688,0.9571065902709961,0.9744412899017334,0.8902191519737244,0.9523798227310181,0.957882285118103
gpt2,past_to_future,question,False,-0.45056602358818054,-0.27541661262512207,-0.20778074860572815,-0.303805947303772,-0.20354744791984558,-0.1362781524658203
gpt2,certainty_to_uncertainty,certainty_to_uncertainty,True,0.9129798412322998,0.9874066710472107,0.9818824529647827,0.9525594711303711,0.981482982635498,0.9729505777359009
gpt2,certainty_to_uncertainty,certainty_to_uncertainty,True,0.918160080909729,0.9895401000976562,0.9727840423583984,0.967734694480896,0.9844823479652405,0.9652568697929382
gpt2,certainty_to_uncertainty,formalization,False,0.7528931498527527,0.8405061960220337,0.8976646065711975,0.7247194051742554,0.8229101896286011,0.8839096426963806
gpt2,certainty_to_uncertainty,formalization,False,0.8385645747184753,0.9143499135971069,0.949793815612793,0.8219900131225586,0.8976449370384216,0.9432686567306519
gpt2,certainty_to_uncertainty,certainty_to_uncertainty,True,0.9596105217933655,0.9800974130630493,0.952277660369873,0.976760983467102,0.962989330291748,0.9315985441207886
gpt2,active_to_passive,question,False,-0.26824212074279785,-0.31165292859077454,-0.22597508132457733,-0.328716516494751,-0.32257696986198425,-0.21390274167060852
gpt2,active_to_passive,question,False,-0.5324435830116272,-0.562635600566864,-0.48414894938468933,-0.5724924206733704,-0.5670137405395508,-0.46570223569869995
gpt2,active_to_passive,active_to_passive,True,0.7516659498214722,0.6348269581794739,0.6598146557807922,0.5942550897598267,0.5834312438964844,0.609079122543335
gpt2,active_to_passive,active_to_passive,True,0.29131168127059937,0.17662423849105835,0.26276662945747375,0.14346584677696228,0.1464785933494568,0.2342912256717682
gpt2,active_to_passive,active_to_passive,True,0.01769161969423294,-0.1035277396440506,-0.02143149822950363,-0.10822657495737076,-0.13071143627166748,-0.04085782542824745
gpt2,formalization,formalization,True,0.7536783814430237,0.8353209495544434,0.8962540030479431,0.7070705890655518,0.8160378336906433,0.8691609501838684
gpt2,formalization,formalization,True,0.9099905490875244,0.9064494371414185,0.9262173771858215,0.8882322311401367,0.8813366889953613,0.9029731750488281
gpt2,formalization,formalization,True,0.8422541618347168,0.9142208695411682,0.956267237663269,0.8241527080535889,0.9005395174026489,0.9354026913642883
gpt2,formalization,formalization,True,0.6247522830963135,0.6921367645263672,0.779033362865448,0.5837019681930542,0.6840371489524841,0.7549189925193787
gpt2,formalization,question,False,-0.16838188469409943,-0.08065932989120483,0.04909660667181015,-0.21783602237701416,-0.08571940660476685,0.055868133902549744
gpt2,negation,negation,True,0.9042428731918335,0.956162691116333,0.9280163645744324,0.9941229820251465,0.9620031118392944,0.9352563619613647
gpt2,negation,negation,True,0.9251731634140015,0.9445985555648804,0.9069761037826538,0.9850085973739624,0.935162365436554,0.8974738121032715
gpt2,negation,negation,True,0.8377323150634766,0.8689333200454712,0.849196195602417,0.9431864619255066,0.880317211151123,0.8586087226867676
gpt2,negation,negation,True,0.8829312324523926,0.9191622734069824,0.8906710147857666,0.9768562912940979,0.9280181527137756,0.8915088772773743
gpt2,negation,negation,True,0.8945024609565735,0.9554857015609741,0.9222882390022278,0.9915134906768799,0.9646010398864746,0.9246554374694824
gpt2,question,question,True,0.8642516136169434,0.9435507655143738,0.9409167766571045,0.9264444708824158,0.9464353322982788,0.9731206893920898
gpt2,question,question,True,0.8689939975738525,0.936543345451355,0.9569644331932068,0.898690402507782,0.926328182220459,0.9725397825241089
gpt2,question,question,True,0.8879857659339905,0.9739570617675781,0.9717447757720947,0.9352872967720032,0.9716323018074036,0.9874051809310913
gpt2,question,question,True,0.7870972156524658,0.8593673706054688,0.9120233654975891,0.7740544676780701,0.8412554860115051,0.918341875076294
gpt2,question,question,True,0.8846888542175293,0.9413200616836548,0.9551551342010498,0.9240800142288208,0.9372649192810059,0.9707064032554626
gpt2,past_to_future,past_to_future,True,0.8699873685836792,0.9617168307304382,0.927698016166687,0.9742617607116699,0.9821691513061523,0.9393287897109985
gpt2,past_to_future,past_to_future,True,0.929369330406189,0.9859460592269897,0.9693626761436462,0.9661125540733337,0.9872459173202515,0.9699370265007019
gpt2,past_to_future,past_to_future,True,0.7692881226539612,0.851421594619751,0.8515594601631165,0.8668382167816162,0.8917170763015747,0.864190936088562
gpt2,past_to_future,formalization,False,0.9217156171798706,0.9788028597831726,0.9832905530929565,0.9369499683380127,0.977184534072876,0.96860271692276
gpt2,past_to_future,question,False,0.15590043365955353,0.3530312180519104,0.3630860447883606,0.3999997079372406,0.44542795419692993,0.4469186067581177
gpt2,certainty_to_uncertainty,formalization,False,0.9216082096099854,0.9827073812484741,0.982862651348114,0.9448314905166626,0.9723950624465942,0.967624306678772
gpt2,certainty_to_uncertainty,certainty_to_uncertainty,True,0.9420986175537109,0.9917041063308716,0.9743228554725647,0.974303126335144,0.9825072288513184,0.9604008197784424
gpt2,certainty_to_uncertainty,formalization,False,0.9174591898918152,0.9693720936775208,0.9889538288116455,0.9062261581420898,0.9488097429275513,0.9735703468322754
gpt2,certainty_to_uncertainty,formalization,False,0.9277986288070679,0.9801914691925049,0.9836888909339905,0.9372197985649109,0.9638627767562866,0.9793534278869629
gpt2,certainty_to_uncertainty,certainty_to_uncertainty,True,0.9569743871688843,0.9827898740768433,0.9592542052268982,0.9764519333839417,0.9652612209320068,0.9396390914916992
gpt2,active_to_passive,active_to_passive,True,0.6322215795516968,0.4127640724182129,0.3999978303909302,0.5131679177284241,0.3888278007507324,0.355099081993103
gpt2,active_to_passive,active_to_passive,True,0.8635841012001038,0.7621649503707886,0.7462881803512573,0.823555588722229,0.7417735457420349,0.7234176397323608
gpt2,active_to_passive,active_to_passive,True,0.9332717061042786,0.819294810295105,0.8078566193580627,0.8243428468704224,0.7821682691574097,0.754706621170044
gpt2,active_to_passive,active_to_passive,True,0.9490255117416382,0.8586152791976929,0.8454701900482178,0.881395697593689,0.8358079195022583,0.8072037696838379
gpt2,active_to_passive,active_to_passive,True,0.9374955892562866,0.8361246585845947,0.8144728541374207,0.8712667226791382,0.8120579719543457,0.7735384702682495
gpt2,formalization,formalization,True,0.9233532547950745,0.977030336856842,0.9927635788917542,0.9164870977401733,0.9589700102806091,0.9742259383201599
gpt2,formalization,active_to_passive,False,0.9539141058921814,0.9395173788070679,0.9233852624893188,0.952111005783081,0.9173210859298706,0.9013416767120361
gpt2,formalization,formalization,True,0.9291132688522339,0.9680595397949219,0.9844799041748047,0.9166983962059021,0.9505026340484619,0.9611572027206421
gpt2,formalization,formalization,True,0.9029543399810791,0.9444054961204529,0.9717230796813965,0.9041191339492798,0.9329290986061096,0.954997181892395
gpt2,formalization,question,False,0.6096870303153992,0.6920468807220459,0.7756134867668152,0.6098838448524475,0.677991509437561,0.7813956141471863
gpt2,negation,negation,True,0.9003067016601562,0.9616760015487671,0.9286028146743774,0.9853763580322266,0.9670132398605347,0.9381787776947021
gpt2,negation,negation,True,0.9410679936408997,0.9739006757736206,0.9404580593109131,0.9837512969970703,0.9624907970428467,0.9284578561782837
gpt2,negation,negation,True,0.8799535632133484,0.947881817817688,0.9195190668106079,0.9778618812561035,0.9562591314315796,0.9337098598480225
gpt2,negation,negation,True,0.8828120231628418,0.9410349726676941,0.9074539542198181,0.9764578342437744,0.9499711990356445,0.9161384105682373
gpt2,negation,negation,True,0.8980319499969482,0.9711700081825256,0.940419614315033,0.9863145351409912,0.9791069030761719,0.9420605301856995
gpt2,question,question,True,0.8645139336585999,0.9622833132743835,0.9500070214271545,0.9470378160476685,0.967568039894104,0.9801415205001831
gpt2,question,question,True,0.8609800934791565,0.9484950304031372,0.9508588910102844,0.9148682355880737,0.9434398412704468,0.9666166305541992
gpt2,question,question,True,0.8614439964294434,0.9719151258468628,0.960292637348175,0.9412966966629028,0.9773572683334351,0.9846863746643066
gpt2,question,question,True,0.8602802157402039,0.954369843006134,0.9730488657951355,0.8881112337112427,0.9440963864326477,0.9825723171234131
gpt2,question,question,True,0.8816735744476318,0.9656336903572083,0.9611364603042603,0.9492030143737793,0.9666181802749634,0.980167806148529
gpt2,past_to_future,past_to_future,True,0.8660546541213989,0.9698575735092163,0.9426442980766296,0.958004355430603,0.9872024059295654,0.9530277252197266
gpt2,past_to_future,past_to_future,True,0.9052841067314148,0.9793081283569336,0.958992600440979,0.953431248664856,0.9827624559402466,0.9629966020584106
gpt2,past_to_future,past_to_future,True,0.8606905937194824,0.9418410658836365,0.9139313101768494,0.9458441138267517,0.9605564475059509,0.9245661497116089
gpt2,past_to_future,certainty_to_uncertainty,False,0.9236483573913574,0.9896677732467651,0.9769816398620605,0.9586905241012573,0.9892580509185791,0.9722356796264648
gpt2,past_to_future,past_to_future,True,0.6626717448234558,0.8351065516471863,0.8181108832359314,0.8301787376403809,0.8845913410186768,0.8666158318519592
gpt2,certainty_to_uncertainty,certainty_to_uncertainty,True,0.9097150564193726,0.991837739944458,0.975719153881073,0.9674506783485413,0.9917752742767334,0.9743648767471313
gpt2,certainty_to_uncertainty,certainty_to_uncertainty,True,0.9134721159934998,0.9902600646018982,0.9659972190856934,0.9736170768737793,0.9899677038192749,0.9641681909561157
gpt2,certainty_to_uncertainty,formalization,False,0.8973890542984009,0.9785884618759155,0.978907585144043,0.9264187812805176,0.9674519896507263,0.9754811525344849
gpt2,certainty_to_uncertainty,certainty_to_uncertainty,True,0.9054495096206665,0.9811735153198242,0.9730505347251892,0.9412672519683838,0.9709923267364502,0.9749345779418945
gpt2,certainty_to_uncertainty,certainty_to_uncertainty,True,0.9427756071090698,0.9864284992218018,0.9564496278762817,0.9762008190155029,0.9753704071044922,0.944842517375946
gpt2,active_to_passive,active_to_passive,True,0.48399025201797485,0.35559841990470886,0.3599954843521118,0.43398234248161316,0.3434063792228699,0.34905746579170227
gpt2,active_to_passive,negation,False,0.6531997323036194,0.6568154096603394,0.6477059125900269,0.7100653648376465,0.6577088832855225,0.6703187823295593
gpt2,active_to_passive,active_to_passive,True,0.6771388053894043,0.5531131029129028,0.5708006620407104,0.5810848474502563,0.5247291922569275,0.5414116382598877
gpt2,active_to_passive,active_to_passive,True,0.9486493468284607,0.9382979869842529,0.9184641242027283,0.9346676468849182,0.9224847555160522,0.8994324207305908
gpt2,active_to_passive,negation,False,0.8522011041641235,0.7970613241195679,0.7711648941040039,0.8527201414108276,0.7860003709793091,0.75947105884552
gpt2,formalization,formalization,True,0.9001655578613281,0.9782812595367432,0.981852650642395,0.9191595315933228,0.9656901359558105,0.9714322090148926
gpt2,formalization,negation,False,0.9382356405258179,0.9642189145088196,0.9435632228851318,0.9665311574935913,0.9491639137268066,0.9328243732452393
gpt2,formalization,formalization,True,0.925951361656189,0.9936149716377258,0.9940162897109985,0.9488767385482788,0.9827432036399841,0.9823322296142578
gpt2,formalization,formalization,True,0.9001848101615906,0.9766420722007751,0.9845588207244873,0.9359443187713623,0.9710264205932617,0.9781129956245422
gpt2,formalization,question,False,0.6942911148071289,0.8176603317260742,0.8591610193252563,0.7427924275398254,0.8132432699203491,0.8727983236312866
gpt2,negation,negation,True,0.9204387664794922,0.9733847379684448,0.9457820653915405,0.995266318321228,0.9749255776405334,0.9487436413764954
gpt2,negation,negation,True,0.9300612211227417,0.9567098617553711,0.9216420650482178,0.9874635934829712,0.9465079307556152,0.9137612581253052
gpt2,negation,negation,True,0.8264908790588379,0.8985360860824585,0.8833296298980713,0.953494668006897,0.9167267680168152,0.9075042605400085
gpt2,negation,negation,True,0.8964781165122986,0.9562204480171204,0.9337583780288696,0.9850715398788452,0.9651845693588257,0.9389971494674683
gpt2,negation,negation,True,0.8892478942871094,0.9622222185134888,0.9330281019210815,0.9913066625595093,0.9727602005004883,0.9397141337394714
gpt2,question,question,True,0.8075305819511414,0.9264039993286133,0.9089502096176147,0.9221878051757812,0.9404003620147705,0.9617494344711304
gpt2,question,question,True,0.850750207901001,0.9522061944007874,0.9637118577957153,0.8973681926727295,0.9473062753677368,0.9828794002532959
gpt2,question,question,True,0.8469611406326294,0.9659191966056824,0.9578810334205627,0.9230465888977051,0.9711196422576904,0.9851982593536377
gpt2,question,question,True,0.7765164971351624,0.8978571891784668,0.9349451065063477,0.8017663955688477,0.8904533982276917,0.953184962272644
gpt2,question,question,True,0.8674473762512207,0.9620426297187805,0.9682621359825134,0.9308278560638428,0.9653807878494263,0.9901196956634521
gpt2,past_to_future,past_to_future,True,0.9012523889541626,0.9840366244316101,0.9620516300201416,0.9752892851829529,0.9927541613578796,0.9646627902984619
gpt2,past_to_future,past_to_future,True,0.9231548309326172,0.9871594905853271,0.9724679589271545,0.9604368209838867,0.9875834584236145,0.9744502305984497
gpt2,past_to_future,past_to_future,True,0.879938542842865,0.9653548002243042,0.9575210213661194,0.9433368444442749,0.9823673963546753,0.9583501815795898
gpt2,past_to_future,formalization,False,0.91951984167099,0.9843841195106506,0.9872225522994995,0.9349815845489502,0.9818417429924011,0.9748740792274475
gpt2,past_to_future,past_to_future,True,0.7920934557914734,0.9273518323898315,0.9054715633392334,0.9262715578079224,0.9599864482879639,0.9352677464485168
gpt2,certainty_to_uncertainty,certainty_to_uncertainty,True,0.9217115044593811,0.9954027533531189,0.9830936193466187,0.9638868570327759,0.9908818006515503,0.9765174388885498
gpt2,certainty_to_uncertainty,certainty_to_uncertainty,True,0.9338213205337524,0.9946104288101196,0.9714871644973755,0.9756875038146973,0.9878437519073486,0.9615785479545593
gpt2,certainty_to_uncertainty,formalization,False,0.8741348385810852,0.9663134813308716,0.9810461401939392,0.8881908655166626,0.9544185400009155,0.9741395711898804
gpt2,certainty_to_uncertainty,formalization,False,0.8992405533790588,0.983309268951416,0.9852685332298279,0.9208054542541504,0.9725412726402283,0.9843764305114746
gpt2,certainty_to_uncertainty,certainty_to_uncertainty,True,0.9502017498016357,0.9842654466629028,0.9539774656295776,0.9768108129501343,0.9702621698379517,0.9382113218307495
gpt2,active_to_passive,active_to_passive,True,0.9302143454551697,0.8253630995750427,0.819656252861023,0.7968505620956421,0.7973760366439819,0.7542057037353516
gpt2,active_to_passive,active_to_passive,True,0.9611558318138123,0.9242308139801025,0.9201148748397827,0.8896399736404419,0.9014298319816589,0.8765056133270264
gpt2,active_to_passive,active_to_passive,True,0.9412244558334351,0.8512310981750488,0.8448201417922974,0.8120765686035156,0.8185792565345764,0.7811002731323242
gpt2,active_to_passive,active_to_passive,True,0.9632655382156372,0.9206679463386536,0.9078257083892822,0.8873116970062256,0.8995352387428284,0.8597865700721741
gpt2,active_to_passive,active_to_passive,True,0.9614623785018921,0.9060450792312622,0.8880659341812134,0.8856273293495178,0.8843640089035034,0.8384078741073608
gpt2,formalization,formalization,True,0.8806840777397156,0.9636174440383911,0.9818285703659058,0.8749368190765381,0.9487643837928772,0.9631664156913757
gpt2,formalization,negation,False,0.9532128572463989,0.9651110172271729,0.9443881511688232,0.96705162525177,0.9484976530075073,0.9271435141563416
gpt2,formalization,formalization,True,0.9105950593948364,0.9781066179275513,0.9903309941291809,0.9137682914733887,0.9658448696136475,0.971611738204956
gpt2,formalization,formalization,True,0.871591329574585,0.9552056193351746,0.9798253178596497,0.8912582397460938,0.9510723352432251,0.9680966138839722
gpt2,formalization,question,False,0.48137366771698,0.624906599521637,0.7140993475914001,0.48805350065231323,0.6199996471405029,0.7237966060638428
gpt2,negation,negation,True,0.8134318590164185,0.8929972648620605,0.8556023836135864,0.9530981779098511,0.9111747741699219,0.8639168739318848
gpt2,negation,negation,True,0.9188687801361084,0.9287240505218506,0.8846018314361572,0.9689269065856934,0.9151611328125,0.8603674173355103
gpt2,negation,negation,True,0.31796371936798096,0.37768349051475525,0.3338986337184906,0.5464856624603271,0.4305204749107361,0.3660679757595062
gpt2,negation,negation,True,0.740803599357605,0.7520517110824585,0.7137439250946045,0.8391035795211792,0.763166606426239,0.6921244859695435
gpt2,negation,negation,True,0.6573370695114136,0.7265900373458862,0.682204008102417,0.8005385398864746,0.7503184080123901,0.6672857403755188
gpt2,question,question,True,0.855648398399353,0.9536433815956116,0.9401037096977234,0.9168504476547241,0.9571995735168457,0.9642466902732849
gpt2,question,question,True,0.6792885065078735,0.8146176338195801,0.8622713088989258,0.6868667006492615,0.8045237064361572,0.8728276491165161
gpt2,question,question,True,0.8047811985015869,0.9436835050582886,0.9390072226524353,0.8803867697715759,0.9504631757736206,0.9641149044036865
gpt2,question,question,True,0.3765815496444702,0.5223478674888611,0.6063115000724792,0.3465089797973633,0.5097669363021851,0.6134068369865417
gpt2,question,question,True,0.8157771229743958,0.9229881763458252,0.9492605924606323,0.8505963087081909,0.9214364290237427,0.9612239003181458
gpt2,past_to_future,past_to_future,True,0.8724824786186218,0.9560815691947937,0.9206132888793945,0.969944179058075,0.9756306409835815,0.9236025810241699
gpt2,past_to_future,past_to_future,True,0.9105324745178223,0.9771777987480164,0.9591167569160461,0.9382714033126831,0.9780962467193604,0.9512944221496582
gpt2,past_to_future,past_to_future,True,0.5619791150093079,0.7057030200958252,0.699816107749939,0.7112255096435547,0.7648663520812988,0.726032555103302
gpt2,past_to_future,past_to_future,True,0.8531701564788818,0.9593770503997803,0.9575001001358032,0.9108405113220215,0.9728717803955078,0.9553970098495483
gpt2,past_to_future,question,False,-0.6089025735855103,-0.4188539683818817,-0.4117646813392639,-0.3755066394805908,-0.3251211941242218,-0.32445457577705383
gpt2,certainty_to_uncertainty,certainty_to_uncertainty,True,0.8922097682952881,0.986321210861206,0.9734410047531128,0.9461336135864258,0.9840252995491028,0.9645706415176392
gpt2,certainty_to_uncertainty,certainty_to_uncertainty,True,0.9014075994491577,0.9853459000587463,0.9653270244598389,0.9527292251586914,0.9804232120513916,0.9528408050537109
gpt2,certainty_to_uncertainty,formalization,False,0.6932803988456726,0.8122063875198364,0.8583583235740662,0.6657041311264038,0.7937740087509155,0.8377235531806946
gpt2,certainty_to_uncertainty,formalization,False,0.7855910658836365,0.9022738933563232,0.9248319864273071,0.78248131275177,0.886591911315918,0.9151309728622437
gpt2,certainty_to_uncertainty,certainty_to_uncertainty,True,0.9360736608505249,0.9844644069671631,0.9537726044654846,0.9712623357772827,0.9708108901977539,0.936757504940033
gpt2,active_to_passive,formalization,False,-0.507497251033783,-0.5292275547981262,-0.4483063817024231,-0.6720598936080933,-0.5503078699111938,-0.5056843757629395
gpt2,active_to_passive,formalization,False,-0.31252944469451904,-0.273910254240036,-0.18373186886310577,-0.45105987787246704,-0.2944706976413727,-0.23190326988697052
gpt2,active_to_passive,formalization,False,-0.038458168506622314,-0.050869256258010864,0.03465467691421509,-0.250880628824234,-0.09392035007476807,-0.04938897490501404
gpt2,active_to_passive,formalization,False,0.14686822891235352,0.13461056351661682,0.21076951920986176,-0.0516963005065918,0.09908542037010193,0.12444069981575012
gpt2,active_to_passive,formalization,False,0.3382348120212555,0.3163064420223236,0.3785780966281891,0.14386838674545288,0.2778012454509735,0.28429555892944336
gpt2,formalization,formalization,True,0.7194083333015442,0.8364956378936768,0.8788654804229736,0.6929894685745239,0.8188923597335815,0.8534980416297913
gpt2,formalization,certainty_to_uncertainty,False,0.9483169317245483,0.9756789803504944,0.9695760011672974,0.9301794767379761,0.9505695104598999,0.9375938773155212
gpt2,formalization,formalization,True,0.802914023399353,0.8926205039024353,0.9284641742706299,0.7763010859489441,0.8760427832603455,0.8985082507133484
gpt2,formalization,formalization,True,0.5918700098991394,0.7074341773986816,0.7724939584732056,0.565018355846405,0.6989684104919434,0.744056224822998
gpt2,formalization,question,False,-0.18414974212646484,-0.023375973105430603,0.08501572906970978,-0.19746029376983643,-0.02305002510547638,0.09582443535327911
gpt2,negation,negation,True,0.6565353870391846,0.763313889503479,0.7417442798614502,0.8566154837608337,0.8013218641281128,0.7950568199157715
gpt2,negation,negation,True,0.8673110604286194,0.8926260471343994,0.8426976799964905,0.967961311340332,0.89246666431427,0.848521888256073
gpt2,negation,negation,True,0.6320708990097046,0.6844233274459839,0.6672755479812622,0.803807258605957,0.7183122634887695,0.7117316722869873
gpt2,negation,negation,True,0.8783091306686401,0.898391604423523,0.8643589019775391,0.9664525389671326,0.9070817232131958,0.8636402487754822
gpt2,negation,negation,True,0.733944296836853,0.8516420722007751,0.8272346258163452,0.9182484149932861,0.886505663394928,0.8633756637573242
gpt2,question,question,True,0.5511581897735596,0.7146857380867004,0.7219753861427307,0.7257824540138245,0.751634955406189,0.8177833557128906
gpt2,question,question,True,0.7821577787399292,0.883715033531189,0.9126408696174622,0.8299570083618164,0.8804233074188232,0.9387141466140747
gpt2,question,question,True,0.5533892512321472,0.7455106973648071,0.7645695209503174,0.7119231224060059,0.7795938849449158,0.8480786085128784
gpt2,question,question,True,0.679103672504425,0.7797775268554688,0.8434582352638245,0.6750626564025879,0.7656418681144714,0.8530567288398743
gpt2,question,question,True,0.8409367203712463,0.9259250164031982,0.9461221098899841,0.8944374918937683,0.9271367788314819,0.9684794545173645
gpt2,past_to_future,past_to_future,True,0.820842444896698,0.9325017929077148,0.9096131324768066,0.9524153470993042,0.9599534273147583,0.9341099262237549
gpt2,past_to_future,question,False,0.8351647853851318,0.9273642301559448,0.9218564629554749,0.9110307097434998,0.9451379776000977,0.9466742277145386
gpt2,past_to_future,question,False,0.4211937189102173,0.5678154826164246,0.5885421633720398,0.5966488122940063,0.6285948753356934,0.6432127952575684
gpt2,past_to_future,past_to_future,True,0.8647624254226685,0.9532642364501953,0.9609954953193665,0.916757345199585,0.9624704718589783,0.9623593688011169
gpt2,past_to_future,question,False,-0.5178983807563782,-0.3798055946826935,-0.38108891248703003,-0.2819783687591553,-0.2926415801048279,-0.2797011137008667
gpt2,certainty_to_uncertainty,past_to_future,False,0.8345723152160645,0.9498764276504517,0.9418339729309082,0.9392640590667725,0.962086021900177,0.9605989456176758
gpt2,certainty_to_uncertainty,past_to_future,False,0.8263692855834961,0.9401993751525879,0.9166162610054016,0.9520919322967529,0.955186128616333,0.9411211013793945
gpt2,certainty_to_uncertainty,formalization,False,0.8673468828201294,0.9475612640380859,0.9723185896873474,0.8683010339736938,0.9314740896224976,0.9608566761016846
gpt2,certainty_to_uncertainty,formalization,False,0.8918755650520325,0.9665789604187012,0.9755532741546631,0.9112425446510315,0.9529077410697937,0.9734179973602295
gpt2,certainty_to_uncertainty,negation,False,0.9171290993690491,0.9582668542861938,0.918861448764801,0.9853440523147583,0.9538386464118958,0.9172874093055725
gpt2,active_to_passive,active_to_passive,True,0.004319995641708374,-0.11383210122585297,-0.08253970742225647,-0.03268495202064514,-0.12030185759067535,-0.06966181099414825
gpt2,active_to_passive,negation,False,0.1679331362247467,0.12532873451709747,0.1493966281414032,0.18712320923805237,0.11875578761100769,0.17597490549087524
gpt2,active_to_passive,active_to_passive,True,0.8136720061302185,0.7020821571350098,0.6828230619430542,0.730573296546936,0.6673603057861328,0.6461734771728516
gpt2,active_to_passive,active_to_passive,True,0.8192251324653625,0.760267436504364,0.7613082528114319,0.7922992706298828,0.7420889139175415,0.7542990446090698
gpt2,active_to_passive,active_to_passive,True,0.7162995338439941,0.6174519658088684,0.6174605488777161,0.6731458902359009,0.5963245034217834,0.6045527458190918
gpt2,formalization,formalization,True,0.8767750263214111,0.9542297124862671,0.9769855737686157,0.8795126676559448,0.939214825630188,0.9604804515838623
gpt2,formalization,negation,False,0.9104893207550049,0.921093225479126,0.91804039478302,0.9293649196624756,0.9020581245422363,0.905350387096405
gpt2,formalization,formalization,True,0.916667103767395,0.9768843054771423,0.9921778440475464,0.9216980338096619,0.9635982513427734,0.974568247795105
gpt2,formalization,formalization,True,0.8574678897857666,0.9239891767501831,0.9601998329162598,0.8667346835136414,0.9163262844085693,0.9450187683105469
gpt2,formalization,question,False,0.14246872067451477,0.2634555995464325,0.3704860210418701,0.15941111743450165,0.26070013642311096,0.3883827030658722
gpt2,negation,negation,True,0.8226116895675659,0.8957332968711853,0.8570095300674438,0.9653027653694153,0.912602961063385,0.8845313787460327
gpt2,negation,negation,True,0.8789618015289307,0.9134446978569031,0.8643630743026733,0.9734423160552979,0.9103609919548035,0.8674298524856567
gpt2,negation,negation,True,0.7838857173919678,0.834420382976532,0.792496383190155,0.9286035299301147,0.8511327505111694,0.8218100070953369
gpt2,negation,negation,True,0.894243061542511,0.9064779281616211,0.8511402606964111,0.9722808003425598,0.9066897630691528,0.8487181663513184
gpt2,negation,negation,True,0.8154805898666382,0.9081697463989258,0.8668028116226196,0.9682058095932007,0.930331826210022,0.8922339677810669
gpt2,question,question,True,0.8358614444732666,0.9243000745773315,0.9025209546089172,0.9445064067840576,0.9342081546783447,0.9469582438468933
gpt2,question,question,True,0.7699194550514221,0.872261643409729,0.8868355751037598,0.8496019840240479,0.8712476491928101,0.9189706444740295
gpt2,question,question,True,0.825036883354187,0.9436841011047363,0.9323949813842773,0.9295801520347595,0.9533218145370483,0.9728367328643799
gpt2,question,question,True,0.7223403453826904,0.8442270159721375,0.8809618949890137,0.7859190106391907,0.839504599571228,0.9143482446670532
gpt2,question,question,True,0.8339107036590576,0.9255213737487793,0.9317255020141602,0.9204363226890564,0.9302859306335449,0.9633251428604126
gpt2,past_to_future,past_to_future,True,0.7427412271499634,0.8880422115325928,0.8623186349868774,0.9035694599151611,0.9335999488830566,0.8966718912124634
gpt2,past_to_future,past_to_future,True,0.8900132179260254,0.9574680328369141,0.9387928247451782,0.952942967414856,0.9654074907302856,0.9506602883338928
gpt2,past_to_future,past_to_future,True,0.6486629247665405,0.7492520809173584,0.7450195550918579,0.7867218255996704,0.7897716760635376,0.7787302732467651
gpt2,past_to_future,past_to_future,True,0.8673582077026367,0.9418781399726868,0.9418855905532837,0.9324870109558105,0.9538370370864868,0.9476267099380493
gpt2,past_to_future,past_to_future,True,0.5967128872871399,0.738810658454895,0.7245847582817078,0.7910122871398926,0.7978941202163696,0.7845563888549805
gpt2,certainty_to_uncertainty,certainty_to_uncertainty,True,0.905417799949646,0.9828792810440063,0.9748302698135376,0.9631686210632324,0.9816610217094421,0.9706722497940063
gpt2,certainty_to_uncertainty,certainty_to_uncertainty,True,0.9207371473312378,0.9857337474822998,0.9645907282829285,0.980083703994751,0.9828091859817505,0.9574427008628845
gpt2,certainty_to_uncertainty,formalization,False,0.837631344795227,0.9327957034111023,0.9590039253234863,0.8588768243789673,0.9206455945968628,0.9587357044219971
gpt2,certainty_to_uncertainty,question,False,0.8667564392089844,0.9591376185417175,0.962382435798645,0.9158490896224976,0.9510238170623779,0.9727103114128113
gpt2,certainty_to_uncertainty,negation,False,0.95866858959198,0.9773664474487305,0.947859525680542,0.9776556491851807,0.9602067470550537,0.9258294701576233
gpt2,active_to_passive,negation,False,0.7784944772720337,0.7692056894302368,0.7341306209564209,0.8319520950317383,0.7728872299194336,0.7411037683486938
gpt2,active_to_passive,negation,False,0.7965561151504517,0.8251484036445618,0.7999362945556641,0.8660915493965149,0.8259202241897583,0.8139399886131287
gpt2,active_to_passive,active_to_passive,True,0.9590197801589966,0.9446428418159485,0.9211217761039734,0.9448218941688538,0.9253523945808411,0.8990844488143921
gpt2,active_to_passive,negation,False,0.9308290481567383,0.9382189512252808,0.913249135017395,0.9506388902664185,0.9302253723144531,0.9025943875312805
gpt2,active_to_passive,negation,False,0.9143423438072205,0.9155018329620361,0.8786789178848267,0.9455153942108154,0.9102540016174316,0.8691749572753906
gpt2,formalization,question,False,0.8396601676940918,0.9385166764259338,0.9601895809173584,0.874295711517334,0.9302772283554077,0.9607059955596924
gpt2,formalization,negation,False,0.910694420337677,0.9315102100372314,0.9162156581878662,0.9503048062324524,0.916312575340271,0.9118006229400635
gpt2,formalization,formalization,True,0.8986387252807617,0.97042316198349,0.99074387550354,0.9162206649780273,0.9606549143791199,0.9800390005111694
gpt2,formalization,question,False,0.8299402594566345,0.9161406755447388,0.9460815191268921,0.8805261254310608,0.9164513945579529,0.9495718479156494
gpt2,formalization,question,False,0.2871486246585846,0.43146735429763794,0.511931836605072,0.3642886281013489,0.438896119594574,0.5526483654975891
gpt2,negation,negation,True,0.8993924856185913,0.9431064128875732,0.9113842248916626,0.9912298321723938,0.9475857615470886,0.9200388193130493
gpt2,negation,negation,True,0.9265724420547485,0.9509441256523132,0.9116717576980591,0.9851261377334595,0.9402728080749512,0.9029741287231445
gpt2,negation,negation,True,0.8611549139022827,0.8760517835617065,0.8409059047698975,0.9571267366409302,0.8839789032936096,0.8490880727767944
gpt2,negation,negation,True,0.9016833305358887,0.9275421500205994,0.8968408703804016,0.9791579842567444,0.9302221536636353,0.8957263231277466
gpt2,negation,negation,True,0.9035536050796509,0.9622300863265991,0.9287689924240112,0.9931939840316772,0.9685831069946289,0.9314171671867371
gpt2,question,question,True,0.8049861192703247,0.9049774408340454,0.8973697423934937,0.9114439487457275,0.9193859100341797,0.9515893459320068
gpt2,question,question,True,0.7972207069396973,0.8789501786231995,0.8937263488769531,0.8638128638267517,0.8763446807861328,0.9263283014297485
gpt2,question,question,True,0.8370682597160339,0.9518814086914062,0.9526159167289734,0.9136425256729126,0.9589134454727173,0.9865019917488098
gpt2,question,question,True,0.7576917409896851,0.8501542210578918,0.8965057134628296,0.7802340388298035,0.8379840850830078,0.9187591671943665
gpt2,question,question,True,0.8634316921234131,0.9290280342102051,0.9405871629714966,0.9210742115974426,0.9282829165458679,0.9649068117141724
gpt2,past_to_future,past_to_future,True,0.9138253331184387,0.9799259901046753,0.9587361216545105,0.9631036520004272,0.986096978187561,0.9520310759544373
gpt2,past_to_future,certainty_to_uncertainty,False,0.9265148639678955,0.9878231287002563,0.9747805595397949,0.9546101093292236,0.986697793006897,0.9732099175453186
gpt2,past_to_future,past_to_future,True,0.9012746810913086,0.9520549774169922,0.9402965307235718,0.953742504119873,0.9663339853286743,0.934227466583252
gpt2,past_to_future,formalization,False,0.9228541254997253,0.9824808835983276,0.9833834171295166,0.9401586651802063,0.9798763394355774,0.9706125259399414
gpt2,past_to_future,past_to_future,True,0.48795944452285767,0.6631792783737183,0.646381676197052,0.7166545391082764,0.737195611000061,0.7178069949150085
gpt2,certainty_to_uncertainty,certainty_to_uncertainty,True,0.9325239658355713,0.9925410151481628,0.9842135906219482,0.9605357646942139,0.9825708866119385,0.969824492931366
gpt2,certainty_to_uncertainty,certainty_to_uncertainty,True,0.9369919300079346,0.9930038452148438,0.9730883836746216,0.9756275415420532,0.9848304390907288,0.9610368013381958
gpt2,certainty_to_uncertainty,formalization,False,0.900360643863678,0.9579852223396301,0.9771802425384521,0.8969610333442688,0.9398221969604492,0.9655914902687073
gpt2,certainty_to_uncertainty,question,False,0.9037517309188843,0.965050995349884,0.9678143262863159,0.9268379807472229,0.9509449601173401,0.9705718159675598
gpt2,certainty_to_uncertainty,certainty_to_uncertainty,True,0.9629803895950317,0.9799714088439941,0.9542296528816223,0.9689692258834839,0.9603638052940369,0.929431140422821
gpt2,active_to_passive,active_to_passive,True,0.7455174922943115,0.544397234916687,0.517890989780426,0.6321561336517334,0.5106180906295776,0.46575677394866943
gpt2,active_to_passive,active_to_passive,True,0.9148725867271423,0.815462589263916,0.7947260141372681,0.8561825752258301,0.7850213050842285,0.760260820388794
gpt2,active_to_passive,active_to_passive,True,0.9151331186294556,0.769689679145813,0.7644591331481934,0.7582671642303467,0.7202960252761841,0.6920668482780457
gpt2,active_to_passive,active_to_passive,True,0.9556275606155396,0.8501789569854736,0.8299775123596191,0.8725353479385376,0.818642258644104,0.7820812463760376
gpt2,active_to_passive,active_to_passive,True,0.9252553582191467,0.8116991519927979,0.7803122997283936,0.8623554706573486,0.783930778503418,0.73760586977005
gpt2,formalization,formalization,True,0.8916961550712585,0.9611263871192932,0.9791452884674072,0.8977718353271484,0.9466589689254761,0.966869056224823
gpt2,formalization,negation,False,0.9179877042770386,0.9060637354850769,0.8865979909896851,0.9396039247512817,0.8866885900497437,0.8751213550567627
gpt2,formalization,formalization,True,0.9210820198059082,0.9639385342597961,0.9849756956100464,0.9060039520263672,0.9470872282981873,0.9618924856185913
gpt2,formalization,formalization,True,0.8830010890960693,0.9317382574081421,0.9602243900299072,0.9020861983299255,0.9232683181762695,0.9494563937187195
gpt2,formalization,question,False,0.18636077642440796,0.2882764935493469,0.3916454315185547,0.20729127526283264,0.2850397527217865,0.4173899292945862
gpt2,negation,negation,True,0.9155981540679932,0.9661713242530823,0.9395883679389954,0.9944230318069458,0.9695582389831543,0.9427025318145752
gpt2,negation,negation,True,0.9400115013122559,0.9597258567810059,0.9270806312561035,0.9829772114753723,0.946283221244812,0.9120238423347473
gpt2,negation,negation,True,0.8774889707565308,0.9071714878082275,0.8865419626235962,0.9655806422233582,0.9130151271820068,0.8913249969482422
gpt2,negation,negation,True,0.9011716842651367,0.9339662790298462,0.9059610366821289,0.9829029440879822,0.9398233890533447,0.9031034708023071
gpt2,negation,negation,True,0.9000329971313477,0.9580793380737305,0.924409031867981,0.9925796389579773,0.9653427600860596,0.9255468845367432
gpt2,question,question,True,0.8900273442268372,0.9509930610656738,0.9452512860298157,0.9349403381347656,0.9485681056976318,0.9673452973365784
gpt2,question,question,True,0.9070591926574707,0.9556707739830017,0.9676530957221985,0.9233367443084717,0.9412657022476196,0.9750332832336426
gpt2,question,question,True,0.8978789448738098,0.9783169627189636,0.9693207144737244,0.9478288888931274,0.9753143191337585,0.9843617081642151
gpt2,question,question,True,0.8315621614456177,0.8928977251052856,0.9355781078338623,0.8105456829071045,0.87186598777771,0.9363422989845276
gpt2,question,question,True,0.9108943939208984,0.9569952487945557,0.9610021114349365,0.9457241296768188,0.951072096824646,0.9719254374504089
gpt2,past_to_future,past_to_future,True,0.9072704315185547,0.9730918407440186,0.9425700306892395,0.9723381400108337,0.9833883047103882,0.9391018152236938
gpt2,past_to_future,certainty_to_uncertainty,False,0.9473155736923218,0.9876182079315186,0.9712802171707153,0.9586679935455322,0.9832252860069275,0.960295557975769
gpt2,past_to_future,past_to_future,True,0.9063836336135864,0.9460078477859497,0.9316849708557129,0.9485683441162109,0.9641804695129395,0.9195320010185242
gpt2,past_to_future,certainty_to_uncertainty,False,0.9453341960906982,0.9835675954818726,0.9802913665771484,0.9435956478118896,0.9750486612319946,0.9576290845870972
gpt2,past_to_future,past_to_future,True,0.3282727599143982,0.4961313009262085,0.4975830912590027,0.5161910057067871,0.5835283398628235,0.5522381067276001
gpt2,certainty_to_uncertainty,certainty_to_uncertainty,True,0.9225612282752991,0.9837900400161743,0.9800900220870972,0.9441417455673218,0.9726756811141968,0.9644795656204224
gpt2,certainty_to_uncertainty,certainty_to_uncertainty,True,0.9473603963851929,0.9906492829322815,0.9708524942398071,0.972029447555542,0.978832483291626,0.9541076421737671
gpt2,certainty_to_uncertainty,formalization,False,0.9367849826812744,0.9799961447715759,0.9895946979522705,0.9261907339096069,0.958913266658783,0.9728896617889404
gpt2,certainty_to_uncertainty,certainty_to_uncertainty,True,0.9418532252311707,0.9843586683273315,0.9783255457878113,0.9498746991157532,0.967401385307312,0.9717583656311035
gpt2,certainty_to_uncertainty,certainty_to_uncertainty,True,0.9560449123382568,0.9850864410400391,0.9592159986495972,0.9732861518859863,0.9671267867088318,0.939081609249115
gpt2,active_to_passive,active_to_passive,True,0.6363489031791687,0.38004499673843384,0.36992397904396057,0.4452415704727173,0.3402332663536072,0.3022942543029785
gpt2,active_to_passive,active_to_passive,True,0.8576745390892029,0.7059440612792969,0.7008896470069885,0.7461689710617065,0.6738771796226501,0.6600062847137451
gpt2,active_to_passive,active_to_passive,True,0.9197466373443604,0.7778341174125671,0.7693236470222473,0.7786976099014282,0.736308217048645,0.7074123024940491
gpt2,active_to_passive,active_to_passive,True,0.9313915967941284,0.7923195958137512,0.7782365083694458,0.8131552934646606,0.7596489787101746,0.7234904766082764
gpt2,active_to_passive,active_to_passive,True,0.9115501642227173,0.7683141231536865,0.7464404106140137,0.8061146140098572,0.7374186515808105,0.6950620412826538
gpt2,formalization,formalization,True,0.9435092210769653,0.983054518699646,0.9909770488739014,0.9295117259025574,0.962774932384491,0.9682677984237671
gpt2,formalization,active_to_passive,False,0.9543585777282715,0.9251799583435059,0.9010461568832397,0.9490861892700195,0.9024413824081421,0.8770641088485718
gpt2,formalization,formalization,True,0.9469701051712036,0.9759602546691895,0.9825282096862793,0.9347339868545532,0.9575227499008179,0.957648754119873
gpt2,formalization,formalization,True,0.9274585247039795,0.9512449502944946,0.9707279801368713,0.9185982346534729,0.937248170375824,0.9482285976409912
gpt2,formalization,formalization,True,0.7451155185699463,0.8080220818519592,0.8697970509529114,0.7412633895874023,0.7906205058097839,0.8685581088066101
gpt2,negation,negation,True,0.9156091213226318,0.9679516553878784,0.9492284059524536,0.9827361106872559,0.9712403416633606,0.9495270252227783
gpt2,negation,negation,True,0.9376702904701233,0.9574536681175232,0.9252632856369019,0.9828619956970215,0.9453314542770386,0.9139964580535889
gpt2,negation,negation,True,0.7461498379707336,0.8084461688995361,0.7953091859817505,0.8754649758338928,0.8395730257034302,0.8238695859909058
gpt2,negation,negation,True,0.9428963661193848,0.936408519744873,0.9066548943519592,0.9630005359649658,0.9309398531913757,0.8817179203033447
gpt2,negation,negation,True,0.9223529696464539,0.9678180813789368,0.9420942068099976,0.9839701056480408,0.9707748889923096,0.9336367845535278
gpt2,question,question,True,0.8643484115600586,0.9230836629867554,0.9316736459732056,0.8804313540458679,0.9207209944725037,0.9548197388648987
gpt2,question,question,True,0.8165850043296814,0.8875725269317627,0.928616464138031,0.814616322517395,0.8752339482307434,0.9356449246406555
gpt2,question,question,True,0.8223532438278198,0.9305330514907837,0.941585123538971,0.8867770433425903,0.9372679591178894,0.9785947799682617
gpt2,question,formalization,False,0.7238292098045349,0.7964569330215454,0.8629180192947388,0.678439736366272,0.7775563597679138,0.8583720922470093
gpt2,question,question,True,0.8605659008026123,0.9354476928710938,0.9568361043930054,0.8967620730400085,0.9358343482017517,0.971542477607727
gpt2,past_to_future,past_to_future,True,0.8849470615386963,0.9584509134292603,0.9342089295387268,0.93729567527771,0.9696866869926453,0.9282935857772827
gpt2,past_to_future,certainty_to_uncertainty,False,0.9312393665313721,0.9734197854995728,0.9668889045715332,0.9240740537643433,0.9712342023849487,0.952112078666687
gpt2,past_to_future,past_to_future,True,0.8347572088241577,0.9127955436706543,0.9249962568283081,0.8562237024307251,0.927379846572876,0.9112261533737183
gpt2,past_to_future,formalization,False,0.8986525535583496,0.9499455690383911,0.9620393514633179,0.8779780864715576,0.9436998963356018,0.9343647956848145
gpt2,past_to_future,past_to_future,True,0.7646344900131226,0.8660860657691956,0.8630771636962891,0.8185943365097046,0.8989245891571045,0.8610965609550476
gpt2,certainty_to_uncertainty,certainty_to_uncertainty,True,0.9288966059684753,0.994122326374054,0.9751626253128052,0.9731553792953491,0.9891491532325745,0.9694961905479431
gpt2,certainty_to_uncertainty,certainty_to_uncertainty,True,0.9380654096603394,0.9921540021896362,0.9684215784072876,0.9750219583511353,0.9846773147583008,0.9569580554962158
gpt2,certainty_to_uncertainty,formalization,False,0.8820046186447144,0.9363495111465454,0.964666485786438,0.8475824594497681,0.9146729707717896,0.9385247230529785
gpt2,certainty_to_uncertainty,formalization,False,0.9119519591331482,0.9621731042861938,0.9799668788909912,0.888330340385437,0.942997395992279,0.9628155827522278
gpt2,certainty_to_uncertainty,negation,False,0.9574981927871704,0.9709820747375488,0.9362423419952393,0.9726930856704712,0.9542649984359741,0.9135578870773315
gpt2,active_to_passive,active_to_passive,True,0.7222295999526978,0.5402121543884277,0.5667515397071838,0.5074503421783447,0.49092578887939453,0.46960148215293884
gpt2,active_to_passive,active_to_passive,True,0.882387101650238,0.7792953252792358,0.7939554452896118,0.7503150105476379,0.7394205927848816,0.7254995703697205
gpt2,active_to_passive,active_to_passive,True,0.7868295907974243,0.6288986206054688,0.6565167307853699,0.5678732395172119,0.5757452845573425,0.5629382133483887
gpt2,active_to_passive,active_to_passive,True,0.8734331130981445,0.7594209313392639,0.7696995735168457,0.7130414843559265,0.7223585247993469,0.6887669563293457
gpt2,active_to_passive,active_to_passive,True,0.8539411425590515,0.7086364030838013,0.717093825340271,0.6854342818260193,0.6683006286621094,0.628929078578949
gpt2,formalization,formalization,True,0.899121880531311,0.9443855881690979,0.9703490734100342,0.8569750785827637,0.9212248921394348,0.9355924725532532
gpt2,formalization,active_to_passive,False,0.9647838473320007,0.9518652558326721,0.9502397775650024,0.940430760383606,0.9273838400840759,0.9197640419006348
gpt2,formalization,formalization,True,0.9249927997589111,0.9674437046051025,0.9847266674041748,0.9041115045547485,0.949958086013794,0.9558125138282776
gpt2,formalization,formalization,True,0.8564744591712952,0.8914617300033569,0.9361894130706787,0.819973886013031,0.8773376941680908,0.9004672765731812
gpt2,formalization,formalization,True,0.18303793668746948,0.24667775630950928,0.37179288268089294,0.10762657970190048,0.2311573624610901,0.35491129755973816
gpt2,negation,negation,True,0.8862779140472412,0.9587808847427368,0.9295085668563843,0.9907115697860718,0.9679858088493347,0.9402675628662109
gpt2,negation,negation,True,0.9334356784820557,0.9611630439758301,0.9232549667358398,0.9833038449287415,0.9495770335197449,0.9103977680206299
gpt2,negation,negation,True,0.8975464105606079,0.9533613324165344,0.9285649061203003,0.9861928224563599,0.957891583442688,0.9323611259460449
gpt2,negation,negation,True,0.9307830333709717,0.9604785442352295,0.9185729622840881,0.9847525358200073,0.9573996067047119,0.9040066003799438
gpt2,negation,negation,True,0.8967132568359375,0.9672576785087585,0.9345444440841675,0.9860570430755615,0.9741107225418091,0.9322686195373535
gpt2,question,question,True,0.8863941431045532,0.9558547735214233,0.9477394223213196,0.9162782430648804,0.949326753616333,0.9575923085212708
gpt2,question,question,True,0.9003418684005737,0.9756544828414917,0.9838601350784302,0.918150782585144,0.9615021347999573,0.9883286952972412
gpt2,question,certainty_to_uncertainty,False,0.889357328414917,0.9791908860206604,0.9679425954818726,0.9335350394248962,0.9743070006370544,0.9773333072662354
gpt2,question,formalization,False,0.8478115200996399,0.9309710264205933,0.9586705565452576,0.8408910632133484,0.9126578569412231,0.9582905769348145
gpt2,question,question,True,0.9166656136512756,0.9721084833145142,0.9782328009605408,0.9320193529129028,0.9613194465637207,0.9789249897003174
gpt2,past_to_future,past_to_future,True,0.8797483444213867,0.9681026935577393,0.9343574643135071,0.9741630554199219,0.9841359853744507,0.9414915442466736
gpt2,past_to_future,certainty_to_uncertainty,False,0.9402911067008972,0.9838212132453918,0.9598545432090759,0.9569733738899231,0.9794509410858154,0.9489076137542725
gpt2,past_to_future,past_to_future,True,0.8854469060897827,0.961207389831543,0.934463620185852,0.9680984616279602,0.98112952709198,0.9401052594184875
gpt2,past_to_future,certainty_to_uncertainty,False,0.9352436661720276,0.9893006682395935,0.9791298508644104,0.9523261785507202,0.9850654006004333,0.9640858173370361
gpt2,past_to_future,past_to_future,True,0.6553283333778381,0.823946475982666,0.8094117641448975,0.8313677310943604,0.8788124322891235,0.8520642518997192
gpt2,certainty_to_uncertainty,certainty_to_uncertainty,True,0.9150874018669128,0.9879875779151917,0.9810729026794434,0.9447731971740723,0.9796346426010132,0.9684902429580688
gpt2,certainty_to_uncertainty,certainty_to_uncertainty,True,0.936099648475647,0.9925960302352905,0.97355717420578,0.9648575782775879,0.9822840690612793,0.9586231708526611
gpt2,certainty_to_uncertainty,formalization,False,0.9101138114929199,0.9795962572097778,0.989109456539154,0.9044358134269714,0.9604805707931519,0.9732790589332581
gpt2,certainty_to_uncertainty,certainty_to_uncertainty,True,0.9248329997062683,0.9889084696769714,0.9812382459640503,0.9368095397949219,0.9725101590156555,0.9741538763046265
gpt2,certainty_to_uncertainty,certainty_to_uncertainty,True,0.9539986252784729,0.9827151298522949,0.9544777274131775,0.9723235964775085,0.9651650786399841,0.9338428974151611
gpt2,active_to_passive,negation,False,0.7018333077430725,0.6218575239181519,0.5570860505104065,0.7340986728668213,0.6234097480773926,0.5608453750610352
gpt2,active_to_passive,negation,False,0.9238307476043701,0.9056785106658936,0.8693935871124268,0.9270768165588379,0.8915683031082153,0.854806661605835
gpt2,active_to_passive,active_to_passive,True,0.9350482225418091,0.8849737644195557,0.8517566919326782,0.8803743124008179,0.8590503334999084,0.8173022270202637
gpt2,active_to_passive,active_to_passive,True,0.952621579170227,0.9366613030433655,0.8994605541229248,0.9477025270462036,0.9234046936035156,0.8787070512771606
gpt2,active_to_passive,active_to_passive,True,0.9296329021453857,0.8967416286468506,0.8493818640708923,0.929020881652832,0.8830938935279846,0.8285771608352661
gpt2,formalization,formalization,True,0.9218251705169678,0.9841126799583435,0.9892821311950684,0.9153971672058105,0.9658828973770142,0.9696937799453735
gpt2,formalization,certainty_to_uncertainty,False,0.9542441368103027,0.9551171064376831,0.9329839944839478,0.9538471698760986,0.9332278370857239,0.9114453196525574
gpt2,formalization,formalization,True,0.9297052621841431,0.9709985256195068,0.9771770238876343,0.9127811193466187,0.9520832300186157,0.9503128528594971
gpt2,formalization,formalization,True,0.9074286222457886,0.9643938541412354,0.9811455011367798,0.9059932827949524,0.9518375396728516,0.9615440368652344
gpt2,formalization,formalization,True,0.7697719931602478,0.8684795498847961,0.9204744100570679,0.7717447280883789,0.8514693975448608,0.918810248374939
gpt2,negation,negation,True,0.8419631719589233,0.9005693197250366,0.8627389669418335,0.9730521440505981,0.9162964820861816,0.8832579851150513
gpt2,negation,negation,True,0.9056551456451416,0.9153069257736206,0.8742555975914001,0.9728578329086304,0.9064764976501465,0.8676309585571289
gpt2,negation,negation,True,0.7073942422866821,0.7266225814819336,0.6930370330810547,0.8557825088500977,0.7497275471687317,0.7217939496040344
gpt2,negation,negation,True,0.8787957429885864,0.8916424512863159,0.8504631519317627,0.9668903350830078,0.8979247212409973,0.8471060991287231
gpt2,negation,negation,True,0.7818173170089722,0.8755394816398621,0.8375052809715271,0.947646975517273,0.904728353023529,0.8616223335266113
gpt2,question,question,True,0.8730818033218384,0.951958417892456,0.9374971389770508,0.9449764490127563,0.9560813903808594,0.9700755476951599
gpt2,question,question,True,0.8447831273078918,0.9386457204818726,0.9577902555465698,0.8790132999420166,0.9302946329116821,0.971807062625885
gpt2,question,question,True,0.8269879221916199,0.952403724193573,0.9523043632507324,0.900573194026947,0.9588631391525269,0.9812846779823303
gpt2,question,question,True,0.6788746118545532,0.7987700700759888,0.8578543663024902,0.6927850246429443,0.7881239652633667,0.877354621887207
gpt2,question,question,True,0.8758586049079895,0.9530994892120361,0.9702031016349792,0.9152163863182068,0.9506266713142395,0.9829941987991333
gpt2,past_to_future,past_to_future,True,0.8575360774993896,0.9533769488334656,0.9380971193313599,0.9444212913513184,0.9762105941772461,0.94407057762146
gpt2,past_to_future,past_to_future,True,0.9144914746284485,0.9790738821029663,0.9699724316596985,0.9396794438362122,0.985789954662323,0.9653682708740234
gpt2,past_to_future,past_to_future,True,0.8196008205413818,0.8967677354812622,0.8852088451385498,0.9059085845947266,0.9291491508483887,0.8880171775817871
gpt2,past_to_future,past_to_future,True,0.8944725394248962,0.9757930636405945,0.9663610458374023,0.9560970067977905,0.9873403310775757,0.9685527086257935
gpt2,past_to_future,question,False,-0.4938881993293762,-0.3075612187385559,-0.2771759629249573,-0.2676255404949188,-0.21448670327663422,-0.1855042576789856
gpt2,certainty_to_uncertainty,certainty_to_uncertainty,True,0.9110892415046692,0.9885007739067078,0.9773872494697571,0.9699289202690125,0.9875332117080688,0.9745520949363708
gpt2,certainty_to_uncertainty,certainty_to_uncertainty,True,0.9256342649459839,0.9927500486373901,0.9715062975883484,0.9777953624725342,0.9890366792678833,0.9646986126899719
gpt2,certainty_to_uncertainty,formalization,False,0.8753800392150879,0.9577438831329346,0.9784514307975769,0.8724476099014282,0.9411311745643616,0.9640073180198669
gpt2,certainty_to_uncertainty,formalization,False,0.8983294367790222,0.9757164120674133,0.9833166003227234,0.9093964099884033,0.9612117409706116,0.9786955118179321
gpt2,certainty_to_uncertainty,certainty_to_uncertainty,True,0.9482902884483337,0.9826648235321045,0.9534458518028259,0.9802131056785583,0.9698303937911987,0.9398730993270874
gpt2,active_to_passive,active_to_passive,True,0.9618751406669617,0.911221981048584,0.8918173313140869,0.9059963822364807,0.8862817287445068,0.8450097441673279
gpt2,active_to_passive,active_to_passive,True,0.9546712636947632,0.9411191344261169,0.9254354238510132,0.9190273284912109,0.9164217710494995,0.8874595165252686
gpt2,active_to_passive,active_to_passive,True,0.9693293571472168,0.9273161888122559,0.9106168746948242,0.8996015191078186,0.8964830636978149,0.8613410592079163
gpt2,active_to_passive,active_to_passive,True,0.9640138149261475,0.9377351999282837,0.9145387411117554,0.9224561452865601,0.917776346206665,0.8738489151000977
gpt2,active_to_passive,active_to_passive,True,0.9596045017242432,0.9128895998001099,0.8817209005355835,0.9210938811302185,0.8905614614486694,0.840532124042511
gpt2,formalization,formalization,True,0.8896494507789612,0.9599443674087524,0.9804542660713196,0.8688008785247803,0.9417989253997803,0.9552005529403687
gpt2,formalization,negation,False,0.9481242895126343,0.9569995403289795,0.9410770535469055,0.958993673324585,0.937025249004364,0.9236012697219849
gpt2,formalization,formalization,True,0.8964262008666992,0.9610192179679871,0.9800506830215454,0.8864288330078125,0.9465489983558655,0.9554780721664429
gpt2,formalization,formalization,True,0.8598924279212952,0.9310042262077332,0.9639102816581726,0.8627572059631348,0.9222464561462402,0.9439396858215332
gpt2,formalization,question,False,0.4987486004829407,0.6257124543190002,0.7153517603874207,0.49522411823272705,0.6170845627784729,0.7176076769828796
gpt2,negation,negation,True,0.8810429573059082,0.9239374399185181,0.8829600811004639,0.9838696718215942,0.9287041425704956,0.8918114900588989
gpt2,negation,negation,True,0.9187774658203125,0.9267117977142334,0.8798927664756775,0.9704552888870239,0.9129941463470459,0.8657843470573425
gpt2,negation,negation,True,0.7092474102973938,0.7530875205993652,0.7147238850593567,0.873256504535675,0.7745949029922485,0.7469847202301025
gpt2,negation,negation,True,0.8592383861541748,0.9020740389823914,0.8635490536689758,0.963850736618042,0.9084809422492981,0.869613528251648
gpt2,negation,negation,True,0.8118658065795898,0.8911866545677185,0.8470220565795898,0.9616522789001465,0.9114205837249756,0.8649256229400635
gpt2,question,negation,False,-0.1120251938700676,0.038737937808036804,0.017584308981895447,0.16629654169082642,0.10379517078399658,0.14971914887428284
gpt2,question,question,True,0.7919259071350098,0.9014456272125244,0.8936558365821838,0.8842725157737732,0.8993771076202393,0.9238845109939575
gpt2,question,question,True,0.7785134315490723,0.9231880307197571,0.9020996689796448,0.9123237133026123,0.9386553764343262,0.9477346539497375
gpt2,question,question,True,0.7127740979194641,0.8524787425994873,0.8680683970451355,0.8108295202255249,0.8511873483657837,0.9087478518486023
gpt2,question,question,True,0.830547571182251,0.9368149042129517,0.9310994148254395,0.9306440949440002,0.9412935376167297,0.9624205827713013
gpt2,past_to_future,negation,False,0.9099022746086121,0.9673327207565308,0.9326664805412292,0.983956515789032,0.9733483791351318,0.9313627481460571
gpt2,past_to_future,past_to_future,True,0.8654409050941467,0.9450232982635498,0.9177154302597046,0.9474571347236633,0.9578243494033813,0.9344205856323242
gpt2,past_to_future,negation,False,0.7077423334121704,0.8138402700424194,0.773512601852417,0.8731516599655151,0.8510757684707642,0.8089126944541931
gpt2,past_to_future,past_to_future,True,0.9011394381523132,0.9716713428497314,0.9502916932106018,0.9694651961326599,0.9774688482284546,0.9538041353225708
gpt2,past_to_future,past_to_future,True,0.3588581681251526,0.5639135241508484,0.5316241383552551,0.6274590492248535,0.6355832815170288,0.6178796291351318
gpt2,certainty_to_uncertainty,negation,False,0.8598926067352295,0.944350004196167,0.9213341474533081,0.9574612975120544,0.9520919322967529,0.9264588356018066
gpt2,certainty_to_uncertainty,certainty_to_uncertainty,True,0.9222357869148254,0.9865548610687256,0.9556289315223694,0.9809786081314087,0.9812919497489929,0.9496757984161377
gpt2,certainty_to_uncertainty,certainty_to_uncertainty,True,0.8724811673164368,0.9698307514190674,0.9671117067337036,0.917715311050415,0.9597700834274292,0.9677127599716187
gpt2,certainty_to_uncertainty,certainty_to_uncertainty,True,0.8777735233306885,0.9678155779838562,0.9483944177627563,0.9393646717071533,0.9604150056838989,0.9574893712997437
gpt2,certainty_to_uncertainty,certainty_to_uncertainty,True,0.944068193435669,0.9767443537712097,0.9416280388832092,0.9763416647911072,0.9626308083534241,0.9255298972129822
gpt2,active_to_passive,certainty_to_uncertainty,False,0.9247857332229614,0.9734256267547607,0.9684470295906067,0.9318912029266357,0.9579867720603943,0.9573794603347778
gpt2,active_to_passive,certainty_to_uncertainty,False,0.8886335492134094,0.9620254635810852,0.9441860914230347,0.937565803527832,0.9527747631072998,0.9483892917633057
gpt2,active_to_passive,certainty_to_uncertainty,False,0.9291918277740479,0.983132541179657,0.9648149013519287,0.9461685419082642,0.9685811400413513,0.9562669992446899
gpt2,active_to_passive,certainty_to_uncertainty,False,0.9499388933181763,0.9786695241928101,0.9704901576042175,0.9393595457077026,0.9613983035087585,0.9528571963310242
gpt2,active_to_passive,certainty_to_uncertainty,False,0.9462659358978271,0.9677044153213501,0.9504982233047485,0.9482794404029846,0.9509516358375549,0.9332165718078613
gpt2,formalization,certainty_to_uncertainty,False,0.869916558265686,0.966959536075592,0.9612203240394592,0.918522834777832,0.9580050706863403,0.9594660401344299
gpt2,formalization,negation,False,0.9120914936065674,0.9465632438659668,0.9178950786590576,0.9567662477493286,0.931135892868042,0.9122492074966431
gpt2,formalization,formalization,True,0.8939487338066101,0.9843214154243469,0.9849465489387512,0.9388360977172852,0.977139413356781,0.9799439907073975
gpt2,formalization,question,False,0.8401799201965332,0.9477185010910034,0.9483108520507812,0.9236456155776978,0.9491150975227356,0.9566742181777954
gpt2,formalization,question,False,0.4579377770423889,0.6318100094795227,0.6626036167144775,0.5804240107536316,0.6408976912498474,0.7060499787330627
gpt2,negation,negation,True,0.8391417264938354,0.9189269542694092,0.8960371613502502,0.9638864994049072,0.9340777397155762,0.912007212638855
gpt2,negation,negation,True,0.9210302829742432,0.9458352327346802,0.9098753929138184,0.9810567498207092,0.9373940825462341,0.8988311290740967
gpt2,negation,negation,True,0.6794071793556213,0.7428014278411865,0.7140722274780273,0.8502287864685059,0.7741632461547852,0.7449327111244202
gpt2,negation,negation,True,0.8263803720474243,0.8644677400588989,0.8368020057678223,0.933782696723938,0.8768849968910217,0.8395613431930542
gpt2,negation,negation,True,0.8292277455329895,0.9103291034698486,0.8757758140563965,0.9639794230461121,0.9300045371055603,0.8872486352920532
gpt2,question,question,True,0.7845353484153748,0.9133847951889038,0.9131289720535278,0.893631637096405,0.929931104183197,0.9660059809684753
gpt2,question,question,True,0.7038401961326599,0.8172863721847534,0.8615798354148865,0.750963568687439,0.8149415850639343,0.8899095058441162
gpt2,question,question,True,0.7682844400405884,0.9131487011909485,0.9282041788101196,0.8512499928474426,0.9257169961929321,0.9659669399261475
gpt2,question,question,True,0.5591413378715515,0.6779214143753052,0.7592186331748962,0.554088294506073,0.6678470373153687,0.7764453291893005
gpt2,question,question,True,0.7795400023460388,0.8807649612426758,0.9118408560752869,0.8451113700866699,0.8868331909179688,0.9435023069381714
gpt2,past_to_future,negation,False,0.8229509592056274,0.9235430955886841,0.883820652961731,0.963119626045227,0.9535883665084839,0.9069023132324219
gpt2,past_to_future,past_to_future,True,0.814977765083313,0.9076064229011536,0.8964164853096008,0.9059634208679199,0.9268634915351868,0.9205023050308228
gpt2,past_to_future,negation,False,0.48655039072036743,0.6152636408805847,0.6006474494934082,0.6859726905822754,0.6786198616027832,0.6541433930397034
gpt2,past_to_future,past_to_future,True,0.8326246738433838,0.9295234084129333,0.9374744892120361,0.9054306745529175,0.9466226100921631,0.9440646171569824
gpt2,past_to_future,question,False,-0.29413092136383057,-0.09773145616054535,-0.10512306541204453,-0.016073226928710938,-0.0003475695848464966,0.0019077956676483154
gpt2,certainty_to_uncertainty,formalization,False,0.8932696580886841,0.978196382522583,0.9811040163040161,0.9365517497062683,0.9746452569961548,0.9716048240661621
gpt2,certainty_to_uncertainty,certainty_to_uncertainty,True,0.891447901725769,0.9787247180938721,0.9765821695327759,0.9414452314376831,0.9761108160018921,0.9689270257949829
gpt2,certainty_to_uncertainty,formalization,False,0.7733040452003479,0.8746322393417358,0.9189072251319885,0.774959921836853,0.8620102405548096,0.9137678146362305
gpt2,certainty_to_uncertainty,question,False,0.779983401298523,0.89340740442276,0.9249192476272583,0.81014084815979,0.8865185976028442,0.9354032874107361
gpt2,certainty_to_uncertainty,certainty_to_uncertainty,True,0.9454214572906494,0.9885892868041992,0.9745045304298401,0.9688963890075684,0.9731307029724121,0.9576901197433472
gpt2,active_to_passive,formalization,False,0.2647874057292938,0.21420994400978088,0.29028865694999695,0.1789235919713974,0.19810888171195984,0.27871382236480713
gpt2,active_to_passive,question,False,0.3685177266597748,0.4179190397262573,0.47195708751678467,0.3957129716873169,0.41808295249938965,0.49673908948898315
gpt2,active_to_passive,formalization,False,0.527198076248169,0.48582392930984497,0.5648941993713379,0.4065508246421814,0.4556572437286377,0.5368755459785461
gpt2,active_to_passive,formalization,False,0.6034013628959656,0.5686732530593872,0.6192265152931213,0.5432364344596863,0.5547796487808228,0.6067459583282471
gpt2,active_to_passive,active_to_passive,True,0.5747432112693787,0.51515793800354,0.555728554725647,0.5203827619552612,0.5012075901031494,0.5403398871421814
gpt2,formalization,formalization,True,0.7538382411003113,0.8637868762016296,0.909780740737915,0.7580356597900391,0.8530434370040894,0.901313066482544
gpt2,formalization,certainty_to_uncertainty,False,0.9419734477996826,0.9622921347618103,0.9612426161766052,0.9473850727081299,0.9424089193344116,0.9440313577651978
gpt2,formalization,formalization,True,0.8391443490982056,0.9248512387275696,0.9640870690345764,0.8370276689529419,0.9134200811386108,0.9480434656143188
gpt2,formalization,formalization,True,0.69106525182724,0.7976093292236328,0.8604627251625061,0.7123700976371765,0.7979380488395691,0.8578853607177734
gpt2,formalization,question,False,-0.16019266843795776,-0.025543708354234695,0.08459042012691498,-0.13525834679603577,-0.016221147030591965,0.11566437035799026
gpt2,negation,negation,True,0.928320586681366,0.9764116406440735,0.9393064379692078,0.9883691072463989,0.9744865894317627,0.9336806535720825
gpt2,negation,negation,True,0.9453519582748413,0.9683035612106323,0.9312354326248169,0.9727879762649536,0.9531508088111877,0.9117434024810791
gpt2,negation,negation,True,0.9422562122344971,0.9732069969177246,0.9421876072883606,0.9778074026107788,0.967221736907959,0.9263280630111694
gpt2,negation,negation,True,0.9462151527404785,0.97239089012146,0.9359033703804016,0.9783283472061157,0.9648036956787109,0.9164261817932129
gpt2,negation,negation,True,0.9037351608276367,0.9719053506851196,0.9349216222763062,0.9828219413757324,0.97722989320755,0.9311227798461914
gpt2,question,certainty_to_uncertainty,False,0.9151756167411804,0.9789532423019409,0.9585550427436829,0.947211503982544,0.9718174338340759,0.9621712565422058
gpt2,question,certainty_to_uncertainty,False,0.9287068843841553,0.988675594329834,0.9824371337890625,0.9312118291854858,0.9731153249740601,0.9715085625648499
gpt2,question,certainty_to_uncertainty,False,0.9031705856323242,0.9828199744224548,0.9647485017776489,0.9373446702957153,0.9765431880950928,0.9655593037605286
gpt2,question,formalization,False,0.9018927812576294,0.9678962826728821,0.9767375588417053,0.8849596977233887,0.9482001662254333,0.9612345695495605
gpt2,question,certainty_to_uncertainty,False,0.9347138404846191,0.9860814809799194,0.9817176461219788,0.9380730986595154,0.9736884832382202,0.9701046943664551
gpt2,past_to_future,certainty_to_uncertainty,False,0.9247792959213257,0.9783890247344971,0.9489773511886597,0.9579461812973022,0.977168083190918,0.9334486722946167
gpt2,past_to_future,certainty_to_uncertainty,False,0.9345086812973022,0.9707871675491333,0.9493883848190308,0.9264246821403503,0.9621246457099915,0.9258172512054443
gpt2,past_to_future,certainty_to_uncertainty,False,0.9379855394363403,0.9769805669784546,0.9519444704055786,0.9467472434043884,0.9737113118171692,0.9285131096839905
gpt2,past_to_future,certainty_to_uncertainty,False,0.9381850361824036,0.9866703748703003,0.9655568599700928,0.954340398311615,0.980820894241333,0.9486473798751831
gpt2,past_to_future,past_to_future,True,0.885461688041687,0.9646435379981995,0.9394274353981018,0.9332132339477539,0.9748116731643677,0.9306469559669495
gpt2,certainty_to_uncertainty,certainty_to_uncertainty,True,0.9400541186332703,0.9916872978210449,0.9720869064331055,0.9571216702461243,0.9799537658691406,0.9529297351837158
gpt2,certainty_to_uncertainty,certainty_to_uncertainty,True,0.9415258169174194,0.9881869554519653,0.9628714323043823,0.9588906168937683,0.9754007458686829,0.9431172013282776
gpt2,certainty_to_uncertainty,certainty_to_uncertainty,True,0.9266489148139954,0.9802918434143066,0.9779793620109558,0.9061561822891235,0.959357738494873,0.9509275555610657
gpt2,certainty_to_uncertainty,certainty_to_uncertainty,True,0.9348089098930359,0.984959602355957,0.9725302457809448,0.9254065752029419,0.9660215377807617,0.9516724944114685
gpt2,certainty_to_uncertainty,certainty_to_uncertainty,True,0.9483072757720947,0.9780123233795166,0.9447617530822754,0.9639664888381958,0.9611526727676392,0.923968493938446
gpt2,active_to_passive,active_to_passive,True,0.9709749221801758,0.9450177550315857,0.9165217876434326,0.928774356842041,0.924354612827301,0.8827552795410156
gpt2,active_to_passive,certainty_to_uncertainty,False,0.9503950476646423,0.9712158441543579,0.9411371946334839,0.9496127367019653,0.9571468830108643,0.9234223365783691
gpt2,active_to_passive,active_to_passive,True,0.9545489549636841,0.9443375468254089,0.9253283143043518,0.8960509300231934,0.919470489025116,0.8892530798912048
gpt2,active_to_passive,certainty_to_uncertainty,False,0.9647637605667114,0.9675394892692566,0.9445609450340271,0.9334806799888611,0.9487190246582031,0.914710283279419
gpt2,active_to_passive,active_to_passive,True,0.9676452875137329,0.9604978561401367,0.9309828877449036,0.9425266981124878,0.9419751167297363,0.9011768102645874
gpt2,formalization,certainty_to_uncertainty,False,0.9231377840042114,0.9726744890213013,0.971750795841217,0.8946387767791748,0.9518269300460815,0.940007209777832
gpt2,formalization,certainty_to_uncertainty,False,0.9630987644195557,0.9655613899230957,0.9434309601783752,0.9507362842559814,0.9451664090156555,0.9171120524406433
gpt2,formalization,certainty_to_uncertainty,False,0.927805483341217,0.9756682515144348,0.974626898765564,0.9118068218231201,0.9583422541618347,0.9456866979598999
gpt2,formalization,formalization,True,0.9331650733947754,0.9761568903923035,0.9764362573623657,0.9167208671569824,0.9604026079177856,0.946093738079071
gpt2,formalization,formalization,True,0.8617358207702637,0.9327970147132874,0.9615501165390015,0.8229987025260925,0.9114269614219666,0.9326728582382202
gpt2,negation,negation,True,0.9130616188049316,0.9696570038795471,0.9360784292221069,0.9948770999908447,0.9739267826080322,0.9427907466888428
gpt2,negation,negation,True,0.938711404800415,0.9611414670944214,0.9208413362503052,0.9835627675056458,0.9503720998764038,0.9092679619789124
gpt2,negation,negation,True,0.867557168006897,0.9410586357116699,0.9070098400115967,0.9836728572845459,0.955869734287262,0.9278084635734558
gpt2,negation,negation,True,0.889336109161377,0.9572076797485352,0.9276329278945923,0.986366868019104,0.9686182737350464,0.940466046333313
gpt2,negation,negation,True,0.9054094552993774,0.9688757658004761,0.9357757568359375,0.9935839772224426,0.9757605791091919,0.9404239654541016
gpt2,question,past_to_future,False,0.8853480815887451,0.9688008427619934,0.9432796239852905,0.9609321355819702,0.9720280170440674,0.9698227047920227
gpt2,question,question,True,0.8864506483078003,0.9727268815040588,0.9679105877876282,0.93459153175354,0.9681832194328308,0.9831904172897339
gpt2,question,past_to_future,False,0.8864096403121948,0.9822603464126587,0.9626471996307373,0.953066349029541,0.9837868213653564,0.9805503487586975
gpt2,question,question,True,0.8607621192932129,0.9563722014427185,0.9734370708465576,0.8780355453491211,0.9461974501609802,0.9820120334625244
gpt2,question,question,True,0.8942874073982239,0.9781523942947388,0.9736232757568359,0.9480767250061035,0.9789578914642334,0.9888725280761719
gpt2,past_to_future,past_to_future,True,0.9127857685089111,0.983406126499176,0.9545329809188843,0.9792508482933044,0.989093542098999,0.9518235325813293
gpt2,past_to_future,past_to_future,True,0.906839907169342,0.9866207838058472,0.9684286117553711,0.955099880695343,0.9903532266616821,0.9745502471923828
gpt2,past_to_future,past_to_future,True,0.8836714625358582,0.967413067817688,0.9466279745101929,0.9601587057113647,0.9869368076324463,0.9534112215042114
gpt2,past_to_future,formalization,False,0.9132680892944336,0.9830963015556335,0.984927773475647,0.930232048034668,0.9810182452201843,0.9725222587585449
gpt2,past_to_future,past_to_future,True,0.8058679103851318,0.9238368272781372,0.8819762468338013,0.941644012928009,0.9547139406204224,0.9136218428611755
gpt2,certainty_to_uncertainty,certainty_to_uncertainty,True,0.9286437034606934,0.9944304823875427,0.9772704243659973,0.9683006405830383,0.9886391758918762,0.9677987098693848
gpt2,certainty_to_uncertainty,certainty_to_uncertainty,True,0.9288588166236877,0.9894535541534424,0.9608345031738281,0.9803243279457092,0.985736608505249,0.9538768529891968
gpt2,certainty_to_uncertainty,formalization,False,0.9081382751464844,0.9866580367088318,0.9871521592140198,0.9241071939468384,0.9747620820999146,0.9799991846084595
gpt2,certainty_to_uncertainty,certainty_to_uncertainty,True,0.9112845659255981,0.9897133111953735,0.9773534536361694,0.9443211555480957,0.9810850024223328,0.9794715046882629
gpt2,certainty_to_uncertainty,certainty_to_uncertainty,True,0.9448662400245667,0.9873868227005005,0.9588251709938049,0.9772343635559082,0.9754530191421509,0.9461132287979126
gpt2,active_to_passive,active_to_passive,True,0.9550222754478455,0.8906375169754028,0.8716264963150024,0.8830863237380981,0.8760095238685608,0.8384641408920288
gpt2,active_to_passive,active_to_passive,True,0.9714579582214355,0.9613959789276123,0.9392207860946655,0.9425410032272339,0.9440407752990723,0.9136379361152649
gpt2,active_to_passive,active_to_passive,True,0.9613493084907532,0.9083941578865051,0.8814476728439331,0.882038950920105,0.8815966844558716,0.8367018699645996
gpt2,active_to_passive,active_to_passive,True,0.9713300466537476,0.9509783387184143,0.9227734804153442,0.9338202476501465,0.9336193203926086,0.8903225064277649
gpt2,active_to_passive,active_to_passive,True,0.9655671715736389,0.9373093843460083,0.9022612571716309,0.9397622346878052,0.9236959218978882,0.8756005764007568
gpt2,formalization,formalization,True,0.914792537689209,0.9843581914901733,0.9870029091835022,0.9161736965179443,0.9709689021110535,0.9704081416130066
gpt2,formalization,negation,False,0.9408717155456543,0.9712401628494263,0.9434282779693604,0.9719302654266357,0.9595080614089966,0.9347594976425171
gpt2,formalization,formalization,True,0.928095817565918,0.9879463911056519,0.9899808168411255,0.9340859651565552,0.97600257396698,0.9724748134613037
gpt2,formalization,formalization,True,0.9136099815368652,0.9837895035743713,0.9891968965530396,0.9371588230133057,0.9787380695343018,0.9785858392715454
gpt2,formalization,question,False,0.7378538250923157,0.8569617867469788,0.904321551322937,0.7590904831886292,0.8511914014816284,0.9113596081733704
gpt2,negation,negation,True,0.9238494634628296,0.9805653095245361,0.9478406310081482,0.9896647930145264,0.9818693399429321,0.9462563395500183
gpt2,negation,negation,True,0.9410796165466309,0.9753442406654358,0.939965009689331,0.980781614780426,0.9640676379203796,0.9254754781723022
gpt2,negation,certainty_to_uncertainty,False,0.9341080784797668,0.9827430248260498,0.9557011127471924,0.9822248816490173,0.9820848703384399,0.9480257630348206
gpt2,negation,negation,True,0.9403148889541626,0.9825618267059326,0.9517782330513,0.982811689376831,0.9789986610412598,0.938929557800293
gpt2,negation,past_to_future,False,0.8979238867759705,0.9749972820281982,0.9443109631538391,0.98199462890625,0.9827579259872437,0.9436130523681641
gpt2,question,question,True,0.8948602676391602,0.9780144095420837,0.9651196002960205,0.9455453157424927,0.9775177836418152,0.98241126537323
gpt2,question,formalization,False,0.909142017364502,0.9834144115447998,0.9879357814788818,0.9235899448394775,0.9720776081085205,0.985588788986206
gpt2,question,certainty_to_uncertainty,False,0.8885171413421631,0.9836195111274719,0.9701929092407227,0.9391582012176514,0.9828582406044006,0.9813216328620911
gpt2,question,formalization,False,0.866417407989502,0.9540196657180786,0.9750652313232422,0.8625057935714722,0.9399992227554321,0.969567060470581
gpt2,question,certainty_to_uncertainty,False,0.9232637882232666,0.9892780780792236,0.9875966906547546,0.9495350122451782,0.9833999276161194,0.987842321395874
gpt2,past_to_future,past_to_future,True,0.928898811340332,0.9790281057357788,0.9492608308792114,0.9598453044891357,0.9790986180305481,0.9346598982810974
gpt2,past_to_future,certainty_to_uncertainty,False,0.9380776882171631,0.9864894151687622,0.9656945466995239,0.9497689008712769,0.9818369746208191,0.9536852240562439
gpt2,past_to_future,past_to_future,True,0.9319990873336792,0.9843248128890991,0.9600489735603333,0.9552384614944458,0.9855802655220032,0.945547878742218
gpt2,past_to_future,certainty_to_uncertainty,False,0.9341893196105957,0.9932354092597961,0.978487491607666,0.9513205289840698,0.9881821870803833,0.9648298025131226
gpt2,past_to_future,past_to_future,True,0.8884170651435852,0.9726937413215637,0.9452654123306274,0.9513817429542542,0.9869206547737122,0.9467599987983704
gpt2,certainty_to_uncertainty,certainty_to_uncertainty,True,0.9182050228118896,0.9934139847755432,0.9804752469062805,0.9480978846549988,0.9859125018119812,0.9673303365707397
gpt2,certainty_to_uncertainty,certainty_to_uncertainty,True,0.9316149950027466,0.9931759238243103,0.9715089797973633,0.9589658975601196,0.9838905930519104,0.9567177295684814
gpt2,certainty_to_uncertainty,formalization,False,0.917378842830658,0.98542720079422,0.9887005686759949,0.9132549166679382,0.9694786667823792,0.9701782464981079
gpt2,certainty_to_uncertainty,certainty_to_uncertainty,True,0.9254843592643738,0.9910141229629517,0.9865332841873169,0.9294317364692688,0.9766051173210144,0.9735789895057678
gpt2,certainty_to_uncertainty,certainty_to_uncertainty,True,0.9500142335891724,0.9852274060249329,0.9558118581771851,0.9649920463562012,0.9695423245429993,0.9354721307754517
gpt2,active_to_passive,active_to_passive,True,0.930162250995636,0.9169259071350098,0.9223790168762207,0.8311792612075806,0.8858993649482727,0.8688087463378906
gpt2,active_to_passive,formalization,False,0.9472432136535645,0.9501689076423645,0.9502597451210022,0.8749582171440125,0.9219575524330139,0.9053342938423157
gpt2,active_to_passive,active_to_passive,True,0.9518499374389648,0.9281046390533447,0.9228951930999756,0.8598320484161377,0.8965950012207031,0.8698787689208984
gpt2,active_to_passive,active_to_passive,True,0.9459964036941528,0.935222327709198,0.9313758611679077,0.86445152759552,0.9066191911697388,0.8815939426422119
gpt2,active_to_passive,active_to_passive,True,0.9575225114822388,0.9468255043029785,0.9378533363342285,0.8854429125785828,0.9193284511566162,0.8905501961708069
gpt2,formalization,formalization,True,0.9182997345924377,0.9801375865936279,0.9854459166526794,0.9033259153366089,0.9630051851272583,0.9604418873786926
gpt2,formalization,certainty_to_uncertainty,False,0.9574492573738098,0.9844831228256226,0.9680590629577637,0.9667904376983643,0.9686198234558105,0.9505257606506348
gpt2,formalization,formalization,True,0.93226557970047,0.9834010601043701,0.9855954647064209,0.9230823516845703,0.9679179191589355,0.9606189727783203
gpt2,formalization,formalization,True,0.916715681552887,0.9755752086639404,0.9870718717575073,0.9103103876113892,0.9640425443649292,0.9625910520553589
gpt2,formalization,formalization,True,0.7921080589294434,0.8905510306358337,0.9369885921478271,0.7736830711364746,0.8762766122817993,0.9202826023101807
gpt2,negation,negation,True,0.9360993504524231,0.9761561155319214,0.9499878883361816,0.9898342490196228,0.9740374088287354,0.9458963871002197
gpt2,negation,negation,True,0.9572182893753052,0.9628387093544006,0.9307611584663391,0.9737625122070312,0.945460855960846,0.908729612827301
gpt2,negation,negation,True,0.9411917924880981,0.9460638761520386,0.9225569367408752,0.9725981950759888,0.9444661140441895,0.9099966287612915
gpt2,negation,negation,True,0.954329252243042,0.9632152915000916,0.9443498849868774,0.9758429527282715,0.9582004547119141,0.9264358878135681
gpt2,negation,negation,True,0.9292218685150146,0.9751862287521362,0.9527203440666199,0.984311580657959,0.9768534898757935,0.9453820586204529
gpt2,question,question,True,0.8954377174377441,0.9623762369155884,0.9576808214187622,0.9301010370254517,0.9622011780738831,0.9752964973449707
gpt2,question,question,True,0.8917989730834961,0.956929087638855,0.974254310131073,0.9037028551101685,0.9459837079048157,0.9803754091262817
gpt2,question,question,True,0.8710843324661255,0.9689159989356995,0.9708561897277832,0.9121750593185425,0.9699497222900391,0.9872294068336487
gpt2,question,formalization,False,0.8141360282897949,0.8876953125,0.9339236617088318,0.7759798169136047,0.8688257336616516,0.9267129898071289
gpt2,question,question,True,0.8999519944190979,0.9620776176452637,0.9755412340164185,0.9195753335952759,0.9575753211975098,0.9817181825637817
gpt2,past_to_future,past_to_future,True,0.9257016181945801,0.9865676164627075,0.9750010371208191,0.956951379776001,0.9872781038284302,0.9632570743560791
gpt2,past_to_future,certainty_to_uncertainty,False,0.9366926550865173,0.9880786538124084,0.9816621541976929,0.9389676451683044,0.9821390509605408,0.9694212675094604
gpt2,past_to_future,certainty_to_uncertainty,False,0.9531847238540649,0.9750396609306335,0.965136706829071,0.9430279731750488,0.9704717993736267,0.9367069005966187
gpt2,past_to_future,formalization,False,0.910423755645752,0.9722911715507507,0.984295129776001,0.9073901176452637,0.9675538539886475,0.9660613536834717
gpt2,past_to_future,past_to_future,True,0.9081627130508423,0.9603247046470642,0.9434837102890015,0.9315590858459473,0.968074381351471,0.9288533926010132
gpt2,certainty_to_uncertainty,certainty_to_uncertainty,True,0.9237407445907593,0.9906007051467896,0.9875710606575012,0.9429056644439697,0.9820697903633118,0.973203182220459
gpt2,certainty_to_uncertainty,certainty_to_uncertainty,True,0.93226557970047,0.9952451586723328,0.9816187620162964,0.9631462097167969,0.9879953861236572,0.9695113897323608
gpt2,certainty_to_uncertainty,formalization,False,0.8793730735778809,0.9439947605133057,0.9719306826591492,0.8515872359275818,0.926286518573761,0.9522234201431274
gpt2,certainty_to_uncertainty,formalization,False,0.9188041090965271,0.9713075160980225,0.9825224876403809,0.9006104469299316,0.9536572694778442,0.9692132472991943
gpt2,certainty_to_uncertainty,certainty_to_uncertainty,True,0.952725350856781,0.9903280735015869,0.9687525033950806,0.970858097076416,0.9754887819290161,0.950066328048706
gpt2,active_to_passive,active_to_passive,True,0.934113085269928,0.7886936664581299,0.7762591242790222,0.7937901020050049,0.750178337097168,0.7119380831718445
gpt2,active_to_passive,active_to_passive,True,0.9813030958175659,0.9026241302490234,0.8935894966125488,0.8862056732177734,0.8701803684234619,0.8457252383232117
gpt2,active_to_passive,active_to_passive,True,0.9279050230979919,0.7959595918655396,0.7878450155258179,0.7711354494094849,0.7512335181236267,0.7149983048439026
gpt2,active_to_passive,active_to_passive,True,0.963228702545166,0.8676074743270874,0.8551709651947021,0.847780168056488,0.8345283269882202,0.7948795557022095
gpt2,active_to_passive,active_to_passive,True,0.9638479351997375,0.8624719381332397,0.840854287147522,0.866385817527771,0.8313431143760681,0.7872282266616821
gpt2,formalization,formalization,True,0.8764075636863708,0.928275465965271,0.9610533714294434,0.8202143311500549,0.9060968160629272,0.925819456577301
gpt2,formalization,active_to_passive,False,0.9619072675704956,0.9494800567626953,0.9351149797439575,0.9503452777862549,0.9284264445304871,0.911108136177063
gpt2,formalization,formalization,True,0.9093437790870667,0.9537226557731628,0.977410614490509,0.8780546188354492,0.9367159605026245,0.9480137228965759
gpt2,formalization,formalization,True,0.8774373531341553,0.9138395190238953,0.9534293413162231,0.8357378840446472,0.89906907081604,0.9204875230789185
gpt2,formalization,formalization,True,0.22224096953868866,0.303372323513031,0.42961227893829346,0.14343014359474182,0.2891400456428528,0.418113648891449
gpt2,negation,negation,True,0.911089301109314,0.9463210105895996,0.9102396965026855,0.9936347603797913,0.9477709531784058,0.913802444934845
gpt2,negation,negation,True,0.9361517429351807,0.9288171529769897,0.8861533403396606,0.9695930480957031,0.9110770225524902,0.8664408326148987
gpt2,negation,negation,True,0.8302212357521057,0.8454424142837524,0.8129547834396362,0.9393888115882874,0.8557883501052856,0.8277598023414612
gpt2,negation,negation,True,0.8895365595817566,0.9036822319030762,0.8724128007888794,0.9692800641059875,0.905870795249939,0.8688510656356812
gpt2,negation,negation,True,0.8901314735412598,0.9332948923110962,0.8944990038871765,0.9899032115936279,0.9393186569213867,0.8958324193954468
gpt2,question,question,True,0.8076859712600708,0.9078405499458313,0.8996341228485107,0.904425859451294,0.9168078899383545,0.9534952640533447
gpt2,question,question,True,0.7860923409461975,0.867271363735199,0.9025274515151978,0.8132435083389282,0.8544917106628418,0.923771858215332
gpt2,question,question,True,0.8716003894805908,0.9682995676994324,0.9638549089431763,0.9297597408294678,0.9672346711158752,0.9863825440406799
gpt2,question,question,True,0.5994141697883606,0.6945024728775024,0.7724590301513672,0.5749347805976868,0.6745866537094116,0.786178469657898
gpt2,question,question,True,0.8656595945358276,0.9358130693435669,0.9539737701416016,0.9101996421813965,0.9322500228881836,0.9723014831542969
gpt2,past_to_future,past_to_future,True,0.9008687734603882,0.976081371307373,0.9468065500259399,0.9788216352462769,0.9895894527435303,0.9520270824432373
gpt2,past_to_future,past_to_future,True,0.9257928133010864,0.9748972654342651,0.9605600833892822,0.9573462009429932,0.976459264755249,0.9637079238891602
gpt2,past_to_future,past_to_future,True,0.76558917760849,0.853800356388092,0.8425304889678955,0.882535457611084,0.8941904306411743,0.8671950101852417
gpt2,past_to_future,formalization,False,0.9182521104812622,0.9717325568199158,0.9773178696632385,0.9300141334533691,0.9716500043869019,0.9663082957267761
gpt2,past_to_future,past_to_future,True,0.4810311794281006,0.6417765617370605,0.6219714879989624,0.7023499011993408,0.7143769264221191,0.693745493888855
gpt2,certainty_to_uncertainty,certainty_to_uncertainty,True,0.9351806640625,0.9919469952583313,0.9811937212944031,0.9625783562660217,0.9823203086853027,0.9675329923629761
gpt2,certainty_to_uncertainty,certainty_to_uncertainty,True,0.9450861215591431,0.9882585406303406,0.9641220569610596,0.9765934944152832,0.9770878553390503,0.9476103782653809
gpt2,certainty_to_uncertainty,formalization,False,0.8854863047599792,0.951002836227417,0.9743319153785706,0.8673134446144104,0.9283024072647095,0.9561638832092285
gpt2,certainty_to_uncertainty,formalization,False,0.9008902907371521,0.9679381251335144,0.9787695407867432,0.900288462638855,0.9481607675552368,0.9720003604888916
gpt2,certainty_to_uncertainty,certainty_to_uncertainty,True,0.9591871500015259,0.9764748811721802,0.945701003074646,0.971794843673706,0.9575996994972229,0.9229987263679504
gpt2,active_to_passive,active_to_passive,True,0.696485161781311,0.5273346900939941,0.5530191659927368,0.5418945550918579,0.48985058069229126,0.49242985248565674
gpt2,active_to_passive,active_to_passive,True,0.8336696028709412,0.7473933696746826,0.7779108285903931,0.7291727662086487,0.7102218866348267,0.7347745895385742
gpt2,active_to_passive,active_to_passive,True,0.8920353651046753,0.7522388696670532,0.7683596611022949,0.717525839805603,0.6999532580375671,0.6929908394813538
gpt2,active_to_passive,active_to_passive,True,0.9560715556144714,0.8539047241210938,0.8562517166137695,0.8380118608474731,0.8159098625183105,0.7997559309005737
gpt2,active_to_passive,active_to_passive,True,0.9345837235450745,0.8280326128005981,0.8257659673690796,0.838887631893158,0.7942265868186951,0.7742136716842651
gpt2,formalization,formalization,True,0.8705691695213318,0.927055835723877,0.9626200795173645,0.8192983865737915,0.8999374508857727,0.9282692074775696
gpt2,formalization,active_to_passive,False,0.9554736018180847,0.935494065284729,0.9162427186965942,0.951724648475647,0.9106176495552063,0.8908900022506714
gpt2,formalization,formalization,True,0.9141833782196045,0.9599423408508301,0.9811022281646729,0.8930654525756836,0.9407193660736084,0.9537948966026306
gpt2,formalization,formalization,True,0.8147948980331421,0.8697429895401001,0.9203824400901794,0.8030096292495728,0.8572712540626526,0.8968199491500854
gpt2,formalization,question,False,-0.09011758863925934,-0.009310655295848846,0.12179579585790634,-0.14601515233516693,-0.02325441688299179,0.1227647066116333
gpt2,negation,negation,True,0.9134726524353027,0.9770643711090088,0.9476571083068848,0.991095781326294,0.9825859069824219,0.9478936195373535
gpt2,negation,certainty_to_uncertainty,False,0.9534454941749573,0.9716181755065918,0.9418562650680542,0.9713530540466309,0.9556933641433716,0.9186726808547974
gpt2,negation,negation,True,0.9043014049530029,0.9628332853317261,0.9505934715270996,0.9713377356529236,0.9702696800231934,0.948009729385376
gpt2,negation,negation,True,0.9281975030899048,0.9760280847549438,0.948745846748352,0.9835844039916992,0.9779583811759949,0.9384253025054932
gpt2,negation,negation,True,0.8998686075210571,0.9712905883789062,0.9403811097145081,0.9845578670501709,0.9801777601242065,0.9382447004318237
gpt2,question,certainty_to_uncertainty,False,0.9083871841430664,0.9688428044319153,0.9576682448387146,0.9276771545410156,0.9613738059997559,0.9611200094223022
gpt2,question,formalization,False,0.9123862981796265,0.9819635152816772,0.9862853288650513,0.9145276546478271,0.9687380790710449,0.980894923210144
gpt2,question,certainty_to_uncertainty,False,0.9004296660423279,0.9788453578948975,0.9700257182121277,0.924209475517273,0.9726383686065674,0.971364438533783
gpt2,question,formalization,False,0.8737441301345825,0.9527546763420105,0.9723963141441345,0.8599574565887451,0.9372631311416626,0.9650635123252869
gpt2,question,formalization,False,0.910239040851593,0.9813513159751892,0.9832480549812317,0.9290161728858948,0.9750285148620605,0.9830747842788696
gpt2,past_to_future,certainty_to_uncertainty,False,0.931906521320343,0.9861723780632019,0.9594098925590515,0.9701292514801025,0.9848364591598511,0.9468420147895813
gpt2,past_to_future,certainty_to_uncertainty,False,0.9421952366828918,0.9871573448181152,0.9706107974052429,0.9447958469390869,0.9788845181465149,0.9541564583778381
gpt2,past_to_future,past_to_future,True,0.9240869283676147,0.9867227673530579,0.9702349305152893,0.9572999477386475,0.9914689660072327,0.9598709940910339
gpt2,past_to_future,certainty_to_uncertainty,False,0.9383785724639893,0.9912840127944946,0.980471134185791,0.9482586979866028,0.9853583574295044,0.9635007381439209
gpt2,past_to_future,past_to_future,True,0.8712730407714844,0.964195728302002,0.9377292394638062,0.9599814414978027,0.9842773675918579,0.947001576423645
gpt2,certainty_to_uncertainty,certainty_to_uncertainty,True,0.9387459754943848,0.9935450553894043,0.9788972735404968,0.953593909740448,0.9817264676094055,0.9603108763694763
gpt2,certainty_to_uncertainty,certainty_to_uncertainty,True,0.9449541568756104,0.9908146262168884,0.9691303968429565,0.9607237577438354,0.9782352447509766,0.9492705464363098
gpt2,certainty_to_uncertainty,formalization,False,0.9140400886535645,0.9786509871482849,0.9826000928878784,0.8999060392379761,0.9617109298706055,0.9622755646705627
gpt2,certainty_to_uncertainty,certainty_to_uncertainty,True,0.922461986541748,0.9858592748641968,0.9805047512054443,0.9212551712989807,0.9710530042648315,0.9678381681442261
gpt2,certainty_to_uncertainty,certainty_to_uncertainty,True,0.9499886631965637,0.985575795173645,0.9596154689788818,0.9634661674499512,0.969518780708313,0.9391546249389648
gpt2,active_to_passive,active_to_passive,True,0.9528805017471313,0.9397839903831482,0.9281278252601624,0.9022082090377808,0.9212028384208679,0.9005326628684998
gpt2,active_to_passive,certainty_to_uncertainty,False,0.9483758211135864,0.9619690179824829,0.9521745443344116,0.9142698049545288,0.9453922510147095,0.930115818977356
gpt2,active_to_passive,active_to_passive,True,0.9464689493179321,0.9254904389381409,0.9109509587287903,0.878734290599823,0.9004768133163452,0.8739469051361084
gpt2,active_to_passive,active_to_passive,True,0.9499973058700562,0.9435703754425049,0.9302377700805664,0.9009111523628235,0.9250528812408447,0.8991851210594177
gpt2,active_to_passive,active_to_passive,True,0.953885555267334,0.9397276043891907,0.9190695285797119,0.9144060611724854,0.9217249155044556,0.8905999660491943
gpt2,formalization,formalization,True,0.9056004285812378,0.9684496521949768,0.9765610694885254,0.8813002109527588,0.950863242149353,0.9509065747261047
gpt2,formalization,certainty_to_uncertainty,False,0.9651715755462646,0.9731577634811401,0.9546763300895691,0.9510457515716553,0.9518741369247437,0.9279704093933105
gpt2,formalization,formalization,True,0.9194095134735107,0.9722675085067749,0.9768996834754944,0.9039883613586426,0.9563041925430298,0.9519231915473938
gpt2,formalization,formalization,True,0.9050090312957764,0.9683802127838135,0.9793505668640137,0.8971075415611267,0.9574891924858093,0.9577344059944153
gpt2,formalization,formalization,True,0.7741377949714661,0.8710361123085022,0.9210406541824341,0.740102231502533,0.8551163077354431,0.9041835069656372
gpt2,negation,negation,True,0.845656156539917,0.9262857437133789,0.9030595421791077,0.973013699054718,0.9425365924835205,0.9237356185913086
gpt2,negation,negation,True,0.9006984829902649,0.948388934135437,0.9138450622558594,0.9878169298171997,0.9447284936904907,0.9154664278030396
gpt2,negation,negation,True,0.6623875498771667,0.7499610185623169,0.742436408996582,0.8395365476608276,0.7823220491409302,0.7837069034576416
gpt2,negation,negation,True,0.7622736692428589,0.8625401258468628,0.8492825627326965,0.9137189388275146,0.888995885848999,0.8763123750686646
gpt2,negation,negation,True,0.8492907285690308,0.9377637505531311,0.9064435958862305,0.9774240255355835,0.9553061723709106,0.920024037361145
gpt2,question,question,True,0.848531186580658,0.915141224861145,0.910608172416687,0.9003888368606567,0.9158627986907959,0.9406294822692871
gpt2,question,question,True,0.8236576318740845,0.9298114776611328,0.9556753039360046,0.8614172339439392,0.9247283935546875,0.9769930839538574
gpt2,question,question,True,0.8562448620796204,0.964694619178772,0.962391197681427,0.9169391989707947,0.9659358859062195,0.9850850105285645
gpt2,question,question,True,0.7682600021362305,0.8624310493469238,0.909532368183136,0.7532784938812256,0.8453733325004578,0.9116293787956238
gpt2,question,question,True,0.8803619146347046,0.9537851810455322,0.9698842167854309,0.907279372215271,0.9476982355117798,0.9787164330482483
gpt2,past_to_future,past_to_future,True,0.8961349725723267,0.9743920564651489,0.948553204536438,0.9756466746330261,0.984463095664978,0.9508472084999084
gpt2,past_to_future,past_to_future,True,0.907213032245636,0.9838024377822876,0.9774794578552246,0.938012421131134,0.9840841889381409,0.9781590700149536
gpt2,past_to_future,past_to_future,True,0.6808168888092041,0.8160808086395264,0.8269320130348206,0.8075359463691711,0.8619141578674316,0.8591187000274658
gpt2,past_to_future,formalization,False,0.8531445264816284,0.9489184617996216,0.9624119400978088,0.893212616443634,0.9564977288246155,0.9617702960968018
gpt2,past_to_future,question,False,0.4403911828994751,0.6429637670516968,0.6512081027030945,0.6553980112075806,0.7127220630645752,0.7200940847396851
gpt2,certainty_to_uncertainty,certainty_to_uncertainty,True,0.8992403149604797,0.9873560667037964,0.9792817831039429,0.9554539918899536,0.9846280217170715,0.977419376373291
gpt2,certainty_to_uncertainty,certainty_to_uncertainty,True,0.9191575050354004,0.9908238649368286,0.9688248634338379,0.9760291576385498,0.9877108335494995,0.9652159810066223
gpt2,certainty_to_uncertainty,formalization,False,0.881878674030304,0.9590064883232117,0.9813170433044434,0.8704863786697388,0.9412599205970764,0.9668877124786377
gpt2,certainty_to_uncertainty,formalization,False,0.9068409204483032,0.9764273762702942,0.9837919473648071,0.9086436629295349,0.9598479270935059,0.9767777323722839
gpt2,certainty_to_uncertainty,certainty_to_uncertainty,True,0.9363750219345093,0.986936092376709,0.9589323997497559,0.9797539710998535,0.9764865040779114,0.951561689376831
gpt2,active_to_passive,active_to_passive,True,-0.004249224439263344,-0.20018413662910461,-0.1465485841035843,-0.20457527041435242,-0.22599753737449646,-0.19757868349552155
gpt2,active_to_passive,active_to_passive,True,0.7973723411560059,0.7130913138389587,0.7265664935112,0.7193191051483154,0.6830273866653442,0.6983402967453003
gpt2,active_to_passive,active_to_passive,True,0.7820725440979004,0.6733130812644958,0.676214337348938,0.6416166424751282,0.6353541612625122,0.622289776802063
gpt2,active_to_passive,active_to_passive,True,0.8335317373275757,0.7241536378860474,0.7335075736045837,0.7029852271080017,0.6945140361785889,0.6756722927093506
gpt2,active_to_passive,active_to_passive,True,0.8218787312507629,0.6968134641647339,0.6894936561584473,0.7057987451553345,0.6674832701683044,0.6351072788238525
gpt2,formalization,formalization,True,0.8878124952316284,0.9646698832511902,0.9859371185302734,0.8796906471252441,0.9481393098831177,0.9693844318389893
gpt2,formalization,certainty_to_uncertainty,False,0.955711841583252,0.9626815319061279,0.9518900513648987,0.954796552658081,0.9415466785430908,0.9290786981582642
gpt2,formalization,formalization,True,0.9035757780075073,0.964829683303833,0.9802800416946411,0.9000653028488159,0.9499073028564453,0.9620412588119507
gpt2,formalization,formalization,True,0.8496577739715576,0.9241646528244019,0.9581091403961182,0.8512499928474426,0.9155282974243164,0.9444206953048706
gpt2,formalization,question,False,0.5497125387191772,0.676531195640564,0.7646258473396301,0.541175365447998,0.6651848554611206,0.7698590755462646
gpt2,negation,certainty_to_uncertainty,False,0.9382674694061279,0.9858664274215698,0.9578127264976501,0.9772248268127441,0.9801214337348938,0.9455593824386597
gpt2,negation,certainty_to_uncertainty,False,0.9515058994293213,0.9729228019714355,0.9441972970962524,0.957316517829895,0.9549524188041687,0.9198888540267944
gpt2,negation,certainty_to_uncertainty,False,0.9430036544799805,0.9789447784423828,0.9614322185516357,0.9581141471862793,0.968197762966156,0.942339301109314
gpt2,negation,certainty_to_uncertainty,False,0.943719744682312,0.9862735271453857,0.962189257144928,0.9672083258628845,0.9777538180351257,0.9419798851013184
gpt2,negation,certainty_to_uncertainty,False,0.92347252368927,0.9843024015426636,0.9556224346160889,0.9737738966941833,0.9824419021606445,0.9436571598052979
gpt2,question,certainty_to_uncertainty,False,0.9206976890563965,0.9741045832633972,0.9578347206115723,0.9315723180770874,0.9631416201591492,0.9534898996353149
gpt2,question,certainty_to_uncertainty,False,0.9223854541778564,0.9866327047348022,0.9851995706558228,0.9243875741958618,0.9711340069770813,0.9778714776039124
gpt2,question,certainty_to_uncertainty,False,0.9118818044662476,0.9819707870483398,0.9690814018249512,0.9286470413208008,0.9719530344009399,0.9655291438102722
gpt2,question,formalization,False,0.9007163047790527,0.9701905250549316,0.980316162109375,0.8862147331237793,0.9519946575164795,0.969021201133728
gpt2,question,certainty_to_uncertainty,False,0.9319843053817749,0.9867187738418579,0.9825208187103271,0.9379605054855347,0.9744889140129089,0.9743884205818176
gpt2,past_to_future,certainty_to_uncertainty,False,0.927589476108551,0.9824954271316528,0.9525914192199707,0.9603160619735718,0.97944575548172,0.9405955076217651
gpt2,past_to_future,certainty_to_uncertainty,False,0.936703085899353,0.9850448369979858,0.9665144681930542,0.9385835528373718,0.9747635126113892,0.9499398469924927
gpt2,past_to_future,certainty_to_uncertainty,False,0.9261820316314697,0.9889551401138306,0.9718248844146729,0.9465994238853455,0.987795352935791,0.9582482576370239
gpt2,past_to_future,certainty_to_uncertainty,False,0.9356984496116638,0.9884023666381836,0.9769325256347656,0.9373186826705933,0.9786835312843323,0.958264172077179
gpt2,past_to_future,past_to_future,True,0.8928171992301941,0.9768986105918884,0.9480913877487183,0.9516668319702148,0.9848955869674683,0.9486611485481262
gpt2,certainty_to_uncertainty,certainty_to_uncertainty,True,0.937212347984314,0.993799090385437,0.9771745800971985,0.9527084231376648,0.9816446304321289,0.961337149143219
gpt2,certainty_to_uncertainty,certainty_to_uncertainty,True,0.941058874130249,0.9905886650085449,0.9695626497268677,0.9550515413284302,0.9775437116622925,0.9521929621696472
gpt2,certainty_to_uncertainty,certainty_to_uncertainty,True,0.9246582984924316,0.9849481582641602,0.983447790145874,0.9140124320983887,0.9668191075325012,0.9639337062835693
gpt2,certainty_to_uncertainty,certainty_to_uncertainty,True,0.924791693687439,0.9869871139526367,0.9792916774749756,0.9240527153015137,0.9705109000205994,0.9663474559783936
gpt2,certainty_to_uncertainty,certainty_to_uncertainty,True,0.9519228339195251,0.9830011129379272,0.9565212726593018,0.9582023620605469,0.9658008217811584,0.9357200860977173
gpt2,active_to_passive,active_to_passive,True,0.9513916969299316,0.9507105946540833,0.9345166683197021,0.8992629051208496,0.9283756017684937,0.8989806175231934
gpt2,active_to_passive,certainty_to_uncertainty,False,0.9508602619171143,0.9692443609237671,0.9577056765556335,0.9113160371780396,0.9469261169433594,0.9274798631668091
gpt2,active_to_passive,active_to_passive,True,0.9259293079376221,0.911385178565979,0.9067748188972473,0.8358396291732788,0.8796212673187256,0.8588799834251404
gpt2,active_to_passive,certainty_to_uncertainty,False,0.9464904069900513,0.948143720626831,0.9351208209991455,0.8920022249221802,0.9248684644699097,0.8976281881332397
gpt2,active_to_passive,certainty_to_uncertainty,False,0.9506255388259888,0.9551103711128235,0.9353451728820801,0.911810040473938,0.9343258738517761,0.9025909304618835
gpt2,formalization,certainty_to_uncertainty,False,0.9213522672653198,0.980134904384613,0.978776752948761,0.906409740447998,0.9619735479354858,0.9560421109199524
gpt2,formalization,certainty_to_uncertainty,False,0.959032416343689,0.9783673882484436,0.9582400918006897,0.9535690546035767,0.9576905369758606,0.9350985288619995
gpt2,formalization,certainty_to_uncertainty,False,0.9284494519233704,0.9802886843681335,0.9790314435958862,0.9175641536712646,0.9635279774665833,0.9560462236404419
gpt2,formalization,formalization,True,0.9198994636535645,0.9798887968063354,0.984667956829071,0.9118156433105469,0.965552806854248,0.9638916254043579
gpt2,formalization,formalization,True,0.8801833987236023,0.9607877135276794,0.9773930311203003,0.8690959811210632,0.9438527822494507,0.9629873037338257
gpt2,negation,certainty_to_uncertainty,False,0.9258006811141968,0.9895788431167603,0.9645395874977112,0.9778649806976318,0.9867359399795532,0.9604865312576294
gpt2,negation,certainty_to_uncertainty,False,0.945976734161377,0.9796466827392578,0.9502658247947693,0.9686742424964905,0.9646180868148804,0.9320616722106934
gpt2,negation,certainty_to_uncertainty,False,0.9237897396087646,0.9777342081069946,0.9555954933166504,0.9647250175476074,0.9751972556114197,0.9469935894012451
gpt2,negation,certainty_to_uncertainty,False,0.9336158037185669,0.9861595034599304,0.9643423557281494,0.9688065052032471,0.9821473360061646,0.9502993226051331
gpt2,negation,past_to_future,False,0.9109588265419006,0.9826064109802246,0.9577908515930176,0.9736573696136475,0.9840153455734253,0.951363742351532
gpt2,question,question,True,0.8845527172088623,0.9765050411224365,0.9598621129989624,0.9381085634231567,0.9764418005943298,0.9778566956520081
gpt2,question,question,True,0.8604018092155457,0.960615873336792,0.9681234955787659,0.8915140628814697,0.9540277719497681,0.9796856641769409
gpt2,question,question,True,0.8758834600448608,0.978247880935669,0.9665046334266663,0.9237877130508423,0.9769101142883301,0.9792585372924805
gpt2,question,question,True,0.8150613307952881,0.9278129935264587,0.9548172354698181,0.8236684799194336,0.9178948402404785,0.9637147188186646
gpt2,question,question,True,0.8901323080062866,0.977879524230957,0.9807754755020142,0.9238471984863281,0.9744734764099121,0.9904152154922485
gpt2,past_to_future,certainty_to_uncertainty,False,0.9174947738647461,0.9813967943191528,0.9521344900131226,0.9557323455810547,0.9802302122116089,0.9415403604507446
gpt2,past_to_future,certainty_to_uncertainty,False,0.9162482619285583,0.9873335361480713,0.9718595743179321,0.9361134767532349,0.9835052490234375,0.9631543159484863
gpt2,past_to_future,past_to_future,True,0.8854272961616516,0.9766808152198792,0.9682173728942871,0.9214097261428833,0.9839855432510376,0.9626657962799072
gpt2,past_to_future,certainty_to_uncertainty,False,0.9164013862609863,0.9871785640716553,0.9822166562080383,0.9264171123504639,0.9808587431907654,0.9677844047546387
gpt2,past_to_future,past_to_future,True,0.772399365901947,0.9215975999832153,0.9052419662475586,0.8709051609039307,0.950186550617218,0.9257264137268066
gpt2,certainty_to_uncertainty,certainty_to_uncertainty,True,0.919255793094635,0.9947667121887207,0.978796124458313,0.9522031545639038,0.9872633814811707,0.9698946475982666
gpt2,certainty_to_uncertainty,certainty_to_uncertainty,True,0.9214147329330444,0.9946274757385254,0.9737616777420044,0.9591448307037354,0.9875503778457642,0.9660324454307556
gpt2,certainty_to_uncertainty,formalization,False,0.8698767423629761,0.965566873550415,0.9741765260696411,0.8795365691184998,0.9540892839431763,0.9679490327835083
gpt2,certainty_to_uncertainty,certainty_to_uncertainty,True,0.8866908550262451,0.9775497913360596,0.9748398065567017,0.9080126285552979,0.9675828814506531,0.975020170211792
gpt2,certainty_to_uncertainty,certainty_to_uncertainty,True,0.9462583065032959,0.9906640648841858,0.9659323692321777,0.9633798003196716,0.9755726456642151,0.9486734867095947
gpt2,active_to_passive,active_to_passive,True,0.8366446495056152,0.8110669255256653,0.8129349946975708,0.7600352764129639,0.7899379134178162,0.7874625325202942
gpt2,active_to_passive,certainty_to_uncertainty,False,0.8568369150161743,0.881736695766449,0.8802130222320557,0.8330579996109009,0.8643978834152222,0.868219256401062
gpt2,active_to_passive,active_to_passive,True,0.9011644124984741,0.8505744934082031,0.8495515584945679,0.7605253458023071,0.8121188879013062,0.7969191074371338
gpt2,active_to_passive,active_to_passive,True,0.9488714933395386,0.9235474467277527,0.9219347834587097,0.8707078099250793,0.898546576499939,0.8862898945808411
gpt2,active_to_passive,active_to_passive,True,0.9410305023193359,0.9296020269393921,0.9116286635398865,0.9042786955833435,0.9111086130142212,0.889258623123169
gpt2,formalization,formalization,True,0.8733628392219543,0.9676270484924316,0.974064290523529,0.8854891657829285,0.9572320580482483,0.9663140773773193
gpt2,formalization,certainty_to_uncertainty,False,0.9475092887878418,0.9817588329315186,0.9648193120956421,0.9586634635925293,0.9656153917312622,0.9517771601676941
gpt2,formalization,formalization,True,0.9081296920776367,0.9840241074562073,0.9893218278884888,0.9145317673683167,0.9726142883300781,0.9752775430679321
gpt2,formalization,formalization,True,0.8692044019699097,0.9656625986099243,0.9811091423034668,0.8918333053588867,0.9615829586982727,0.9763340950012207
gpt2,formalization,question,False,0.7057815194129944,0.8460830450057983,0.885452389717102,0.7374826669692993,0.8431810140609741,0.8990402817726135
gpt2,negation,negation,True,0.5630250573158264,0.6059049367904663,0.570704460144043,0.7524778842926025,0.6449313163757324,0.6295108199119568
gpt2,negation,negation,True,0.759548544883728,0.8043026328086853,0.7573443651199341,0.9114893674850464,0.8155428171157837,0.7835288643836975
gpt2,negation,negation,True,0.28222817182540894,0.3244701623916626,0.3173178732395172,0.4890676736831665,0.37123093008995056,0.3851989209651947
gpt2,negation,negation,True,0.23229578137397766,0.18950697779655457,0.1652453988790512,0.34997859597206116,0.22235310077667236,0.20364272594451904
gpt2,negation,negation,True,0.413627564907074,0.549247145652771,0.5206891894340515,0.6734212040901184,0.6127511858940125,0.5957951545715332
gpt2,question,question,True,0.5673040747642517,0.7367969155311584,0.7427579164505005,0.7509082555770874,0.7733173370361328,0.835520327091217
gpt2,question,question,True,0.7937054634094238,0.9042777419090271,0.9272013902664185,0.8531911373138428,0.9025490283966064,0.9565069675445557
gpt2,question,question,True,0.770549476146698,0.9185906648635864,0.9163365364074707,0.8897820711135864,0.9357987642288208,0.9645248651504517
gpt2,question,question,True,0.7031847238540649,0.8342205286026001,0.8841456770896912,0.7332596778869629,0.828409731388092,0.909859299659729
gpt2,question,question,True,0.8195846676826477,0.9153404235839844,0.9357396364212036,0.8848419785499573,0.9215783476829529,0.9660700559616089
gpt2,past_to_future,question,False,-0.5896435976028442,-0.4163653552532196,-0.36741670966148376,-0.4257156252861023,-0.32611650228500366,-0.2853580415248871
gpt2,past_to_future,question,False,-0.4895104169845581,-0.3683704137802124,-0.30722445249557495,-0.39063742756843567,-0.2877844572067261,-0.22086147964000702
gpt2,past_to_future,negation,False,-0.7035514116287231,-0.6288067102432251,-0.626317024230957,-0.532477855682373,-0.5429127812385559,-0.5471523404121399
gpt2,past_to_future,question,False,0.7182570099830627,0.8159995079040527,0.8392978310585022,0.7881220579147339,0.8528718948364258,0.8572791218757629
gpt2,past_to_future,question,False,0.19666564464569092,0.4095609486103058,0.39790433645248413,0.4811120629310608,0.49824532866477966,0.501065731048584
gpt2,certainty_to_uncertainty,question,False,0.5314511060714722,0.692832887172699,0.6894451379776001,0.7173507213592529,0.7445734739303589,0.7489050030708313
gpt2,certainty_to_uncertainty,certainty_to_uncertainty,True,0.9208434820175171,0.9877151846885681,0.9633145928382874,0.9817532300949097,0.9862642288208008,0.9619328379631042
gpt2,certainty_to_uncertainty,formalization,False,0.8710634112358093,0.9628505110740662,0.9804737567901611,0.8903607130050659,0.9515942335128784,0.9762638807296753
gpt2,certainty_to_uncertainty,question,False,0.8923382759094238,0.9782156348228455,0.9795572757720947,0.9239414930343628,0.9684486389160156,0.9842009544372559
gpt2,certainty_to_uncertainty,negation,False,0.9355216026306152,0.9775066375732422,0.9448254108428955,0.9845823645591736,0.9681874513626099,0.9384832382202148
gpt2,active_to_passive,question,False,-0.6802236437797546,-0.7555121183395386,-0.6925157904624939,-0.735307514667511,-0.7503442168235779,-0.6776328086853027
gpt2,active_to_passive,active_to_passive,True,-0.22891002893447876,-0.31595924496650696,-0.269100159406662,-0.26510173082351685,-0.3214947283267975,-0.2489137053489685
gpt2,active_to_passive,active_to_passive,True,-0.21773064136505127,-0.3459031879901886,-0.34425267577171326,-0.24356384575366974,-0.3416430354118347,-0.31561875343322754
gpt2,active_to_passive,active_to_passive,True,0.12861967086791992,0.03279821202158928,0.12688493728637695,-0.001988442614674568,0.018079768866300583,0.10664605349302292
gpt2,active_to_passive,active_to_passive,True,-0.34211447834968567,-0.4463587999343872,-0.4030942916870117,-0.36706432700157166,-0.4402852952480316,-0.37858426570892334
gpt2,formalization,formalization,True,0.873458743095398,0.9594523906707764,0.9809543490409851,0.8770605325698853,0.9454683065414429,0.9656991958618164
gpt2,formalization,negation,False,0.9420572519302368,0.9478963613510132,0.9278897047042847,0.9617972373962402,0.930687427520752,0.9119341373443604
gpt2,formalization,formalization,True,0.8931361436843872,0.9585326910018921,0.9784380197525024,0.8968605995178223,0.9468239545822144,0.960311233997345
gpt2,formalization,formalization,True,0.8570312857627869,0.9345520734786987,0.9631945490837097,0.8783736228942871,0.9315973520278931,0.950927197933197
gpt2,formalization,question,False,0.2021244317293167,0.35122475028038025,0.46002981066703796,0.22407539188861847,0.3521074950695038,0.48253539204597473
gpt2,negation,negation,True,0.7506247162818909,0.8469715118408203,0.8191757202148438,0.9249374866485596,0.8764863610267639,0.8625758290290833
gpt2,negation,negation,True,0.8481261730194092,0.8823306560516357,0.8261826038360596,0.9620523452758789,0.8862689733505249,0.8368308544158936
gpt2,negation,negation,True,0.6519160270690918,0.6989432573318481,0.6621285676956177,0.832566499710083,0.7327688336372375,0.7072670459747314
gpt2,negation,negation,True,0.8936830759048462,0.9100167155265808,0.8554372787475586,0.9762475490570068,0.9147288203239441,0.8546314239501953
gpt2,negation,negation,True,0.750887930393219,0.871783971786499,0.8380157351493835,0.9357525110244751,0.9067909717559814,0.8758218288421631
gpt2,question,question,True,0.8120228052139282,0.8949829936027527,0.8802167177200317,0.9134467840194702,0.9092912673950195,0.9319976568222046
gpt2,question,question,True,0.7650502920150757,0.8803313970565796,0.8979893922805786,0.8430188894271851,0.8845562934875488,0.9359310269355774
gpt2,question,question,True,0.7873374819755554,0.9223484992980957,0.9084349870681763,0.9096512198448181,0.940558910369873,0.9604302644729614
gpt2,question,question,True,0.6991358399391174,0.8320552110671997,0.8804479837417603,0.740677535533905,0.8298300504684448,0.9124322533607483
gpt2,question,question,True,0.8250934481620789,0.9269763231277466,0.9428812265396118,0.898320198059082,0.9338182806968689,0.9753466248512268
gpt2,past_to_future,past_to_future,True,0.4551604986190796,0.6209046244621277,0.6079189777374268,0.6963651180267334,0.6971231698989868,0.6805833578109741
gpt2,past_to_future,past_to_future,True,0.8389806151390076,0.9287679195404053,0.9205383062362671,0.9192512035369873,0.9508097767829895,0.9495526552200317
gpt2,past_to_future,question,False,0.24067987501621246,0.36095181107521057,0.3746697008609772,0.43109267950057983,0.4362568259239197,0.4443032443523407
gpt2,past_to_future,question,False,0.7010483145713806,0.8108261823654175,0.8286970853805542,0.8113501071929932,0.8468441963195801,0.8639727234840393
gpt2,past_to_future,past_to_future,True,0.47943347692489624,0.6172427535057068,0.6176050901412964,0.671768069267273,0.6843616962432861,0.6772102117538452
gpt2,certainty_to_uncertainty,past_to_future,False,0.8815653324127197,0.9742946624755859,0.9593877792358398,0.9686315655708313,0.981112003326416,0.9701364040374756
gpt2,certainty_to_uncertainty,negation,False,0.8964849710464478,0.9759701490402222,0.950666606426239,0.9820507764816284,0.9809228181838989,0.9572747945785522
gpt2,certainty_to_uncertainty,question,False,0.8461418747901917,0.9463959336280823,0.9679363965988159,0.8720705509185791,0.9375346899032593,0.9700504541397095
gpt2,certainty_to_uncertainty,question,False,0.8667421340942383,0.9643838405609131,0.9667338132858276,0.915671706199646,0.9598156809806824,0.9807536602020264
gpt2,certainty_to_uncertainty,negation,False,0.9343373775482178,0.9709494709968567,0.9337598085403442,0.9856826066970825,0.962070882320404,0.9265429973602295
gpt2,active_to_passive,active_to_passive,True,-0.20288234949111938,-0.4146935045719147,-0.3833124041557312,-0.3210482597351074,-0.4199153184890747,-0.4012797474861145
gpt2,active_to_passive,negation,False,0.552087128162384,0.4719160795211792,0.46606165170669556,0.5547705292701721,0.4630683958530426,0.4701530933380127
gpt2,active_to_passive,active_to_passive,True,0.8009775876998901,0.651813805103302,0.6347378492355347,0.6924054622650146,0.6208702325820923,0.5907197594642639
gpt2,active_to_passive,active_to_passive,True,0.839956521987915,0.7150084972381592,0.7083020806312561,0.7635862231254578,0.6983368396759033,0.6711843013763428
gpt2,active_to_passive,active_to_passive,True,0.7398931980133057,0.5803093910217285,0.5551085472106934,0.6713646054267883,0.5641806125640869,0.5201346278190613
gpt2,formalization,question,False,0.8511877059936523,0.9515401124954224,0.970085620880127,0.8826329708099365,0.944872260093689,0.9704408049583435
gpt2,formalization,negation,False,0.9311493635177612,0.9504499435424805,0.9369680881500244,0.959539532661438,0.935472846031189,0.9281445741653442
gpt2,formalization,formalization,True,0.904265284538269,0.9799786806106567,0.9932985901832581,0.9264007806777954,0.9713486433029175,0.9838939309120178
gpt2,formalization,formalization,True,0.8411464095115662,0.9295786023139954,0.9611982107162476,0.8785574436187744,0.9297614693641663,0.9604654312133789
gpt2,formalization,question,False,0.26712971925735474,0.42222195863723755,0.5145061016082764,0.3248104453086853,0.43045738339424133,0.5537227392196655
gpt2,negation,negation,True,0.8974265456199646,0.9448437094688416,0.919367253780365,0.9875488877296448,0.9511754512786865,0.9258673191070557
gpt2,negation,negation,True,0.9163610935211182,0.9448953866958618,0.9068101644515991,0.9829728603363037,0.9353897571563721,0.9007999300956726
gpt2,negation,negation,True,0.8124393820762634,0.8478291034698486,0.8327047824859619,0.9247868061065674,0.861611008644104,0.846399188041687
gpt2,negation,negation,True,0.8920881748199463,0.9234815835952759,0.9052111506462097,0.9623885154724121,0.926371693611145,0.899319052696228
gpt2,negation,negation,True,0.8799827694892883,0.9460563659667969,0.9197174310684204,0.9787836670875549,0.9572819471359253,0.9207824468612671
gpt2,question,question,True,0.8662387132644653,0.9542711973190308,0.9503999948501587,0.9310945272445679,0.9582396745681763,0.9777294397354126
gpt2,question,question,True,0.748810350894928,0.8557406663894653,0.8898733854293823,0.7968721985816956,0.8480005264282227,0.9166820049285889
gpt2,question,question,True,0.7851649522781372,0.929695725440979,0.9334089756011963,0.888331413269043,0.9417797923088074,0.9732372760772705
gpt2,question,question,True,0.643129825592041,0.7559983134269714,0.8218104839324951,0.6511487364768982,0.7419240474700928,0.8422482013702393
gpt2,question,question,True,0.8303429484367371,0.9213643074035645,0.9465201497077942,0.8838944435119629,0.9208475351333618,0.9689877033233643
gpt2,past_to_future,past_to_future,True,0.9160524606704712,0.9795241951942444,0.962384045124054,0.9697497487068176,0.9872479438781738,0.9562419652938843
gpt2,past_to_future,question,False,0.8498930931091309,0.9349123239517212,0.9419993758201599,0.9017464518547058,0.9511913061141968,0.9579801559448242
gpt2,past_to_future,negation,False,0.3159128427505493,0.4188660681247711,0.43250179290771484,0.4906123876571655,0.4886524975299835,0.48265716433525085
gpt2,past_to_future,past_to_future,True,0.9155418872833252,0.9717115163803101,0.9741601943969727,0.94426429271698,0.974669873714447,0.9657419919967651
gpt2,past_to_future,question,False,0.27722397446632385,0.47679197788238525,0.4730718731880188,0.5322163105010986,0.5551177263259888,0.5607361197471619
gpt2,certainty_to_uncertainty,certainty_to_uncertainty,True,0.9247443675994873,0.9838206768035889,0.9725546836853027,0.9593111872673035,0.9775576591491699,0.9591730237007141
gpt2,certainty_to_uncertainty,certainty_to_uncertainty,True,0.9320831298828125,0.9937385320663452,0.9735568761825562,0.9767916202545166,0.9857381582260132,0.9641047120094299
gpt2,certainty_to_uncertainty,formalization,False,0.8910212516784668,0.9594979882240295,0.9793517589569092,0.8836276531219482,0.9386611580848694,0.9629018306732178
gpt2,certainty_to_uncertainty,question,False,0.8905783295631409,0.9723728895187378,0.9771073460578918,0.9168927669525146,0.9580886960029602,0.978061318397522
gpt2,certainty_to_uncertainty,certainty_to_uncertainty,True,0.9542398452758789,0.981803297996521,0.9534759521484375,0.977272629737854,0.9649012088775635,0.934934139251709
gpt2,active_to_passive,active_to_passive,True,0.3892033100128174,0.22022347152233124,0.21339401602745056,0.34500110149383545,0.19586080312728882,0.19519060850143433
gpt2,active_to_passive,active_to_passive,True,0.5958102345466614,0.4996100664138794,0.49520343542099,0.5857527256011963,0.47646892070770264,0.48374053835868835
gpt2,active_to_passive,active_to_passive,True,0.5265045762062073,0.3263257145881653,0.3192873001098633,0.42296135425567627,0.2861545979976654,0.2823764979839325
gpt2,active_to_passive,active_to_passive,True,0.8031561374664307,0.6841383576393127,0.6679991483688354,0.7605321407318115,0.6569581031799316,0.6356298327445984
gpt2,active_to_passive,active_to_passive,True,0.7382814884185791,0.6145840287208557,0.5893841981887817,0.7149660587310791,0.590703547000885,0.5633015036582947
gpt2,formalization,formalization,True,0.8681415319442749,0.9500355124473572,0.9732217788696289,0.8736225366592407,0.9330819845199585,0.9594866037368774
gpt2,formalization,certainty_to_uncertainty,False,0.9487144351005554,0.9565906524658203,0.9423857927322388,0.9509055018424988,0.9328287839889526,0.9205807447433472
gpt2,formalization,formalization,True,0.9050971269607544,0.974078893661499,0.991417646408081,0.9153013229370117,0.9598050117492676,0.9751310348510742
gpt2,formalization,formalization,True,0.8004997968673706,0.8900130987167358,0.9315073490142822,0.8344969749450684,0.8851749300956726,0.9266709685325623
gpt2,formalization,question,False,-0.11959141492843628,0.02018793113529682,0.11737120896577835,-0.054592832922935486,0.029596032574772835,0.16179631650447845
gpt2,negation,certainty_to_uncertainty,False,0.9350967407226562,0.9867501854896545,0.9623530507087708,0.9858865737915039,0.9844180345535278,0.9565448760986328
gpt2,negation,negation,True,0.9487365484237671,0.9775314331054688,0.946972131729126,0.9792877435684204,0.9635396599769592,0.9291335344314575
gpt2,negation,negation,True,0.9111542701721191,0.9782384634017944,0.9582617282867432,0.9847848415374756,0.9842731952667236,0.960567831993103
gpt2,negation,past_to_future,False,0.9218392968177795,0.9854193925857544,0.9688622951507568,0.9792314171791077,0.9874920845031738,0.9633971452713013
gpt2,negation,negation,True,0.9202720522880554,0.982585072517395,0.9564738273620605,0.9856557846069336,0.984074592590332,0.9497432708740234
gpt2,question,question,True,0.8968582153320312,0.9761447906494141,0.9628833532333374,0.9487160444259644,0.9752353429794312,0.9822947382926941
gpt2,question,question,True,0.9056909680366516,0.9836152791976929,0.9864392876625061,0.9260215163230896,0.9739521145820618,0.9882590770721436
gpt2,question,certainty_to_uncertainty,False,0.8931717872619629,0.9852484464645386,0.9736485481262207,0.940792441368103,0.983406662940979,0.9836223125457764
gpt2,question,formalization,False,0.8557009696960449,0.9473711252212524,0.971051037311554,0.8523560762405396,0.9341198205947876,0.9688302278518677
gpt2,question,question,True,0.9086616039276123,0.9857746958732605,0.9868593811988831,0.9418219327926636,0.9823072552680969,0.9918524026870728
gpt2,past_to_future,certainty_to_uncertainty,False,0.9290094375610352,0.9836062788963318,0.9581899046897888,0.9610368609428406,0.9812160730361938,0.9433031678199768
gpt2,past_to_future,certainty_to_uncertainty,False,0.921841025352478,0.9853869676589966,0.9747220277786255,0.930145800113678,0.9811692237854004,0.9629898071289062
gpt2,past_to_future,past_to_future,True,0.8922420740127563,0.9719152450561523,0.9634344577789307,0.9249027967453003,0.981299638748169,0.9530118703842163
gpt2,past_to_future,formalization,False,0.9096816778182983,0.9729288816452026,0.9755371809005737,0.9038208723068237,0.965140700340271,0.9537642598152161
gpt2,past_to_future,past_to_future,True,0.8658709526062012,0.9670034050941467,0.9442338943481445,0.9381235837936401,0.9840084314346313,0.9495875835418701
gpt2,certainty_to_uncertainty,certainty_to_uncertainty,True,0.9307618141174316,0.9937681555747986,0.9797512888908386,0.9536561965942383,0.9838724732398987,0.9635563492774963
gpt2,certainty_to_uncertainty,certainty_to_uncertainty,True,0.9350738525390625,0.9917654991149902,0.9672850966453552,0.9664900898933411,0.9832319021224976,0.9528327584266663
gpt2,certainty_to_uncertainty,formalization,False,0.911626935005188,0.9839215278625488,0.9883279800415039,0.9075347781181335,0.9685065150260925,0.9712531566619873
gpt2,certainty_to_uncertainty,certainty_to_uncertainty,True,0.9230349063873291,0.9921452403068542,0.9861329197883606,0.9311619997024536,0.9789307713508606,0.9759904742240906
gpt2,certainty_to_uncertainty,certainty_to_uncertainty,True,0.9489980936050415,0.9887052774429321,0.9634205102920532,0.9628844261169434,0.9734563231468201,0.9439847469329834
gpt2,active_to_passive,active_to_passive,True,0.9441813230514526,0.9385876059532166,0.9343433380126953,0.8644821643829346,0.9117886424064636,0.8883960843086243
gpt2,active_to_passive,certainty_to_uncertainty,False,0.951483964920044,0.9607585072517395,0.9538469314575195,0.8938753604888916,0.9361831545829773,0.9152677059173584
gpt2,active_to_passive,active_to_passive,True,0.9575089812278748,0.9409288763999939,0.9295065999031067,0.8792561888694763,0.9126893281936646,0.8823814988136292
gpt2,active_to_passive,active_to_passive,True,0.9516372680664062,0.9458694458007812,0.9360196590423584,0.882355272769928,0.9201453924179077,0.8915500640869141
gpt2,active_to_passive,active_to_passive,True,0.9611844420433044,0.9553207755088806,0.9399534463882446,0.9020748138427734,0.9307515025138855,0.8984375596046448
gpt2,formalization,formalization,True,0.9133777022361755,0.9813576340675354,0.9855877757072449,0.9042496085166931,0.9660861492156982,0.9635094404220581
gpt2,formalization,certainty_to_uncertainty,False,0.9547354578971863,0.9820064306259155,0.9620915651321411,0.9683742523193359,0.9668774604797363,0.9466452598571777
gpt2,formalization,formalization,True,0.9277163743972778,0.9835354089736938,0.9866600632667542,0.9202625751495361,0.9686981439590454,0.9630048274993896
gpt2,formalization,formalization,True,0.9166377782821655,0.9791802763938904,0.9883776903152466,0.9157199859619141,0.9690464735031128,0.9667457342147827
gpt2,formalization,formalization,True,0.8007159233093262,0.9062972068786621,0.9464321136474609,0.7948242425918579,0.894511878490448,0.9359225034713745
gpt2,negation,negation,True,0.9114611148834229,0.9783703684806824,0.9479718208312988,0.9894415140151978,0.9837627410888672,0.952064037322998
gpt2,negation,certainty_to_uncertainty,False,0.9402820467948914,0.9730932712554932,0.937911868095398,0.9713767766952515,0.9614428281784058,0.9207597970962524
gpt2,negation,negation,True,0.8926586508750916,0.9621717929840088,0.9327414035797119,0.9802124500274658,0.9749627113342285,0.9385231137275696
gpt2,negation,negation,True,0.9308282136917114,0.9622676372528076,0.9188544750213623,0.9821075797080994,0.960766077041626,0.907354474067688
gpt2,negation,negation,True,0.8811142444610596,0.9655429124832153,0.9324309825897217,0.9801740646362305,0.9780502915382385,0.9374167323112488
gpt2,question,past_to_future,False,0.8779853582382202,0.9697431921958923,0.9453989267349243,0.9522110223770142,0.9760170578956604,0.9685307741165161
gpt2,question,question,True,0.8817344307899475,0.9743101596832275,0.9730890393257141,0.9230149388313293,0.97027987241745,0.9835272431373596
gpt2,question,past_to_future,False,0.8588912487030029,0.972054660320282,0.9569558501243591,0.9309794902801514,0.9785719513893127,0.9782848954200745
gpt2,question,question,True,0.8555012941360474,0.9555397033691406,0.9729172587394714,0.8722490072250366,0.9468122720718384,0.9782358407974243
gpt2,question,question,True,0.8823729753494263,0.9760100841522217,0.9747294187545776,0.9391290545463562,0.9796200394630432,0.9911342859268188
gpt2,past_to_future,past_to_future,True,0.9009431004524231,0.9760570526123047,0.9435917735099792,0.9623321890830994,0.9833110570907593,0.9412023425102234
gpt2,past_to_future,past_to_future,True,0.9071440696716309,0.9832212328910828,0.9626376032829285,0.945429801940918,0.9863544702529907,0.9622460603713989
gpt2,past_to_future,past_to_future,True,0.888575553894043,0.9706708192825317,0.9432369470596313,0.9579969048500061,0.9870136976242065,0.9459102153778076
gpt2,past_to_future,past_to_future,True,0.916222870349884,0.9910995364189148,0.9772826433181763,0.9527737498283386,0.9927911162376404,0.9717982411384583
gpt2,past_to_future,past_to_future,True,0.7294800281524658,0.8853188753128052,0.8591301441192627,0.8766129016876221,0.9307586550712585,0.8954373598098755
gpt2,certainty_to_uncertainty,certainty_to_uncertainty,True,0.9137493968009949,0.9893438220024109,0.9782348275184631,0.9421234726905823,0.982745885848999,0.9653418064117432
gpt2,certainty_to_uncertainty,certainty_to_uncertainty,True,0.9219262003898621,0.9918768405914307,0.9701208472251892,0.958469569683075,0.9860655069351196,0.959281861782074
gpt2,certainty_to_uncertainty,certainty_to_uncertainty,True,0.9048068523406982,0.9836608171463013,0.9834163188934326,0.9148088097572327,0.9722070693969727,0.9714831709861755
gpt2,certainty_to_uncertainty,certainty_to_uncertainty,True,0.9126708507537842,0.9887990951538086,0.979546308517456,0.93184494972229,0.9789779782295227,0.9736971855163574
gpt2,certainty_to_uncertainty,certainty_to_uncertainty,True,0.9415698051452637,0.9869673252105713,0.9577931761741638,0.9679932594299316,0.9748397469520569,0.942234456539154
gpt2,active_to_passive,active_to_passive,True,0.9753669500350952,0.9536948204040527,0.9369111061096191,0.922240138053894,0.9320622682571411,0.9002085328102112
gpt2,active_to_passive,certainty_to_uncertainty,False,0.9620599746704102,0.9793622493743896,0.9605408906936646,0.9443086385726929,0.9639466404914856,0.9386777877807617
gpt2,active_to_passive,active_to_passive,True,0.9657206535339355,0.9495192170143127,0.9332853555679321,0.9092535972595215,0.9268310070037842,0.8947237133979797
gpt2,active_to_passive,active_to_passive,True,0.9680202007293701,0.955411434173584,0.9435701370239258,0.913261353969574,0.9355518221855164,0.9078324437141418
gpt2,active_to_passive,active_to_passive,True,0.9774808883666992,0.9566722512245178,0.9394181966781616,0.9286506175994873,0.9365601539611816,0.90284663438797
gpt2,formalization,formalization,True,0.8961184024810791,0.9758579134941101,0.9808924198150635,0.8961060047149658,0.9641519784927368,0.9639480113983154
gpt2,formalization,certainty_to_uncertainty,False,0.961409330368042,0.9730790853500366,0.9493011832237244,0.9648168683052063,0.9554117918014526,0.9276003837585449
gpt2,formalization,formalization,True,0.916803777217865,0.9838402271270752,0.9861422181129456,0.9212767481803894,0.9730890989303589,0.9674723148345947
gpt2,formalization,formalization,True,0.8909775018692017,0.9722578525543213,0.9836955070495605,0.9087492227554321,0.9684125781059265,0.9696395397186279
gpt2,formalization,question,False,0.6556784510612488,0.795914351940155,0.8539389967918396,0.6693399548530579,0.7933701872825623,0.8579555749893188
gpt2,negation,negation,True,0.9162322282791138,0.9812273979187012,0.9503300189971924,0.9883233308792114,0.9809887409210205,0.9512671232223511
gpt2,negation,negation,True,0.9324855208396912,0.9711125493049622,0.9331684708595276,0.977276623249054,0.9589889049530029,0.920659065246582
gpt2,negation,negation,True,0.9028839468955994,0.9676752090454102,0.934698760509491,0.982271671295166,0.9725652933120728,0.9373623132705688
gpt2,negation,negation,True,0.925527036190033,0.9807281494140625,0.9518644213676453,0.9813135266304016,0.9779104590415955,0.9422652125358582
gpt2,negation,past_to_future,False,0.9048759937286377,0.9806588888168335,0.9486935138702393,0.9819244146347046,0.9837981462478638,0.9473266005516052
gpt2,question,question,True,0.8543732166290283,0.954816460609436,0.9310398101806641,0.9451560974121094,0.9590526819229126,0.9619001150131226
gpt2,question,question,True,0.8211072087287903,0.9232651591300964,0.9228417873382568,0.8895377516746521,0.9179935455322266,0.9452208280563354
gpt2,question,question,True,0.8350918292999268,0.9601142406463623,0.9475610256195068,0.9216099977493286,0.9647713899612427,0.9761348962783813
gpt2,question,question,True,0.8055896759033203,0.9191301465034485,0.9442299008369446,0.8379932045936584,0.9063721895217896,0.9581151604652405
gpt2,question,question,True,0.8816819190979004,0.9684914350509644,0.9667659997940063,0.9423303604125977,0.965796709060669,0.9830495119094849
gpt2,past_to_future,past_to_future,True,0.9142172932624817,0.9840378761291504,0.9570905566215515,0.9584484100341797,0.9848408102989197,0.9458813667297363
gpt2,past_to_future,certainty_to_uncertainty,False,0.9061161279678345,0.9851437211036682,0.9683216214179993,0.9337002038955688,0.9827354550361633,0.9621566534042358
gpt2,past_to_future,past_to_future,True,0.91412353515625,0.9815940856933594,0.964111328125,0.9423364996910095,0.98406982421875,0.9478341341018677
gpt2,past_to_future,certainty_to_uncertainty,False,0.9057854413986206,0.9832245111465454,0.9811695218086243,0.920085608959198,0.9784349203109741,0.9663405418395996
gpt2,past_to_future,past_to_future,True,0.7907804846763611,0.9340224266052246,0.9116570353507996,0.8974886536598206,0.9588911533355713,0.9275495409965515
gpt2,certainty_to_uncertainty,certainty_to_uncertainty,True,0.9128981232643127,0.9948021173477173,0.9829708337783813,0.9507152438163757,0.9876153469085693,0.9737385511398315
gpt2,certainty_to_uncertainty,certainty_to_uncertainty,True,0.9214631915092468,0.9952285289764404,0.974163293838501,0.9638478755950928,0.9887644052505493,0.9654334783554077
gpt2,certainty_to_uncertainty,formalization,False,0.8603450059890747,0.9575906991958618,0.9686670303344727,0.8764201402664185,0.944722056388855,0.9606867432594299
gpt2,certainty_to_uncertainty,certainty_to_uncertainty,True,0.8828091025352478,0.9739369750022888,0.9690247178077698,0.9142861366271973,0.9627313613891602,0.9698664546012878
gpt2,certainty_to_uncertainty,certainty_to_uncertainty,True,0.94847571849823,0.9902337789535522,0.9658159613609314,0.9625784158706665,0.9743578433990479,0.9451855421066284
gpt2,active_to_passive,active_to_passive,True,0.8584883809089661,0.7921258211135864,0.8078199028968811,0.7011661529541016,0.74952232837677,0.736789345741272
gpt2,active_to_passive,formalization,False,0.9224544167518616,0.919033944606781,0.9245562553405762,0.8487980365753174,0.8849571943283081,0.8815630078315735
gpt2,active_to_passive,active_to_passive,True,0.883998453617096,0.830974280834198,0.8439112901687622,0.7308142185211182,0.7852044701576233,0.7723872065544128
gpt2,active_to_passive,active_to_passive,True,0.951781153678894,0.9130380749702454,0.9089451432228088,0.8531678318977356,0.8801194429397583,0.8559662103652954
gpt2,active_to_passive,active_to_passive,True,0.9528377056121826,0.9210862517356873,0.9112747311592102,0.872388482093811,0.8885883092880249,0.8615729808807373
gpt2,formalization,formalization,True,0.8622652292251587,0.9594797492027283,0.9687685370445251,0.87823086977005,0.9473072290420532,0.9573413133621216
gpt2,formalization,negation,False,0.9359054565429688,0.9561257362365723,0.930699348449707,0.95868980884552,0.9369743466377258,0.9157282114028931
gpt2,formalization,formalization,True,0.9036027789115906,0.98370361328125,0.9922738075256348,0.9200018048286438,0.9721343517303467,0.9778732061386108
gpt2,formalization,formalization,True,0.8724647164344788,0.963860273361206,0.979694128036499,0.9027962684631348,0.957571268081665,0.9702224731445312
gpt2,formalization,question,False,0.49871203303337097,0.657407283782959,0.7208217978477478,0.5389048457145691,0.654716968536377,0.7367383241653442
gpt2,negation,negation,True,0.940018892288208,0.9785338640213013,0.9495305418968201,0.9891953468322754,0.9742574691772461,0.942703366279602
gpt2,negation,negation,True,0.9554014205932617,0.9653143882751465,0.9331928491592407,0.9740551710128784,0.9476932883262634,0.9107722640037537
gpt2,negation,negation,True,0.9376842975616455,0.9678361415863037,0.93843013048172,0.9845818877220154,0.9642194509506226,0.9308850765228271
gpt2,negation,negation,True,0.9447362422943115,0.9800272583961487,0.9557550549507141,0.9842588901519775,0.9754520058631897,0.943645179271698
gpt2,negation,negation,True,0.9348441362380981,0.9765944480895996,0.9462181329727173,0.9835238456726074,0.9730101227760315,0.9334344267845154
gpt2,question,certainty_to_uncertainty,False,0.9199953079223633,0.9796079397201538,0.959872841835022,0.9527010321617126,0.9719040393829346,0.9672399163246155
gpt2,question,certainty_to_uncertainty,False,0.9344981908798218,0.9917980432510376,0.9866175055503845,0.9402018785476685,0.9767141342163086,0.9802535772323608
gpt2,question,certainty_to_uncertainty,False,0.919303297996521,0.9883965849876404,0.9720926880836487,0.947307825088501,0.979916512966156,0.9721589684486389
gpt2,question,formalization,False,0.9112303256988525,0.9728319048881531,0.9830334186553955,0.8935880661010742,0.9534555673599243,0.9710195064544678
gpt2,question,certainty_to_uncertainty,False,0.9310867786407471,0.990460991859436,0.984847903251648,0.9501649141311646,0.9811471700668335,0.9826685786247253
gpt2,past_to_future,certainty_to_uncertainty,False,0.9351658821105957,0.9790134429931641,0.9520441293716431,0.9553976058959961,0.9714588522911072,0.9332062602043152
gpt2,past_to_future,certainty_to_uncertainty,False,0.9398699998855591,0.9848003387451172,0.9685466885566711,0.9385453462600708,0.9739958643913269,0.9520955085754395
gpt2,past_to_future,certainty_to_uncertainty,False,0.9321621656417847,0.9853110909461975,0.9687635898590088,0.9504923820495605,0.9852452874183655,0.9530478715896606
gpt2,past_to_future,certainty_to_uncertainty,False,0.9356262683868408,0.9789018630981445,0.9732586145401001,0.9229055047035217,0.9657835960388184,0.9472759962081909
gpt2,past_to_future,past_to_future,True,0.8981652855873108,0.9777860045433044,0.9571385979652405,0.9450117349624634,0.9838113784790039,0.9549983739852905
gpt2,certainty_to_uncertainty,certainty_to_uncertainty,True,0.9431965351104736,0.9908844232559204,0.9724732637405396,0.9580339789390564,0.9779921770095825,0.952038049697876
gpt2,certainty_to_uncertainty,certainty_to_uncertainty,True,0.9460049867630005,0.9858003258705139,0.958296000957489,0.9652702808380127,0.9734922647476196,0.9382973909378052
gpt2,certainty_to_uncertainty,certainty_to_uncertainty,True,0.9419852495193481,0.9870520234107971,0.983468770980835,0.9220076203346252,0.9659104347229004,0.9588083028793335
gpt2,certainty_to_uncertainty,certainty_to_uncertainty,True,0.943325400352478,0.9902951121330261,0.9793176651000977,0.9359214305877686,0.9717053174972534,0.9621102809906006
gpt2,certainty_to_uncertainty,certainty_to_uncertainty,True,0.9553637504577637,0.9798773527145386,0.9523101449012756,0.9581563472747803,0.9612091183662415,0.927599310874939
gpt2,active_to_passive,active_to_passive,True,0.9623477458953857,0.9382519125938416,0.9203215837478638,0.9051027297973633,0.9142161011695862,0.8860334753990173
gpt2,active_to_passive,certainty_to_uncertainty,False,0.9624284505844116,0.9634836316108704,0.95013827085495,0.9215302467346191,0.941444456577301,0.9219782948493958
gpt2,active_to_passive,active_to_passive,True,0.9467893838882446,0.915350079536438,0.8994572758674622,0.8702239394187927,0.8844873905181885,0.8572513461112976
gpt2,active_to_passive,active_to_passive,True,0.9643139839172363,0.9611585736274719,0.9443775415420532,0.9269000291824341,0.9405065774917603,0.9158409833908081
gpt2,active_to_passive,active_to_passive,True,0.9637859463691711,0.9502147436141968,0.9270724058151245,0.9258573651313782,0.9281920790672302,0.8963701725006104
gpt2,formalization,certainty_to_uncertainty,False,0.9401953220367432,0.9865644574165344,0.9823417663574219,0.9222900867462158,0.966684877872467,0.9561231732368469
gpt2,formalization,certainty_to_uncertainty,False,0.9627094268798828,0.975612998008728,0.9534149169921875,0.9605185985565186,0.9554064273834229,0.9313787817955017
gpt2,formalization,certainty_to_uncertainty,False,0.9414119720458984,0.9835288524627686,0.9803131818771362,0.9286930561065674,0.9657196998596191,0.9550751447677612
gpt2,formalization,formalization,True,0.9405170679092407,0.986382007598877,0.9867576360702515,0.9325764179229736,0.9717632532119751,0.9625295400619507
gpt2,formalization,formalization,True,0.9026520252227783,0.9656084179878235,0.9852476119995117,0.8778862357139587,0.9444341659545898,0.9633566737174988
gpt2,negation,negation,True,0.9290629625320435,0.9488813281059265,0.9272708892822266,0.9823203086853027,0.9481161832809448,0.9213727712631226
gpt2,negation,negation,True,0.951416015625,0.9319673776626587,0.8994184136390686,0.9586777687072754,0.9123796224594116,0.8716088533401489
gpt2,negation,negation,True,0.5209112167358398,0.5407546758651733,0.542068362236023,0.6723595261573792,0.5852078795433044,0.5780928730964661
gpt2,negation,negation,True,0.845043420791626,0.8613511323928833,0.8546815514564514,0.9161700010299683,0.8746716976165771,0.8521105647087097
gpt2,negation,negation,True,0.8842113018035889,0.9435244202613831,0.9243272542953491,0.9709886312484741,0.9558056592941284,0.925369918346405
gpt2,question,question,True,0.5691425204277039,0.702426016330719,0.7247151136398315,0.7046722173690796,0.7355793714523315,0.814887285232544
gpt2,question,question,True,0.7470079064369202,0.8269177079200745,0.8724144697189331,0.7741341590881348,0.8217380046844482,0.9013088345527649
gpt2,question,question,True,0.7198175191879272,0.8626012206077576,0.884676456451416,0.809948742389679,0.8810073137283325,0.9388605952262878
gpt2,question,question,True,0.5064022541046143,0.5989872217178345,0.6917924880981445,0.48930808901786804,0.5899691581726074,0.7201942205429077
gpt2,question,question,True,0.8175614476203918,0.8948318958282471,0.9274976849555969,0.8578826189041138,0.8973332643508911,0.9533816576004028
gpt2,past_to_future,past_to_future,True,0.8864222168922424,0.9677300453186035,0.9568791389465332,0.9492130279541016,0.9811154007911682,0.955855131149292
gpt2,past_to_future,past_to_future,True,0.9102239012718201,0.9771455526351929,0.9782904982566833,0.9277786016464233,0.9789500832557678,0.9760197401046753
gpt2,past_to_future,past_to_future,True,0.7803393602371216,0.857197105884552,0.8775838017463684,0.8452506065368652,0.890980064868927,0.8806670904159546
gpt2,past_to_future,formalization,False,0.8905231356620789,0.9585913419723511,0.974943220615387,0.9031217098236084,0.9598016738891602,0.9635394811630249
gpt2,past_to_future,question,False,-0.5208533406257629,-0.35566216707229614,-0.2968841791152954,-0.3520752191543579,-0.2708108723163605,-0.21635295450687408
gpt2,certainty_to_uncertainty,certainty_to_uncertainty,True,0.9094536304473877,0.9860358238220215,0.9843977689743042,0.9491029381752014,0.9811578392982483,0.9766520261764526
gpt2,certainty_to_uncertainty,certainty_to_uncertainty,True,0.9263860583305359,0.991294264793396,0.9751282930374146,0.9716414213180542,0.9863224029541016,0.967107355594635
gpt2,certainty_to_uncertainty,formalization,False,0.8154019117355347,0.8985535502433777,0.9409580230712891,0.8091158270835876,0.8852885961532593,0.9362281560897827
gpt2,certainty_to_uncertainty,question,False,0.8700215816497803,0.9415751695632935,0.9640921354293823,0.8759467601776123,0.9296426773071289,0.9670871496200562
gpt2,certainty_to_uncertainty,certainty_to_uncertainty,True,0.9635956287384033,0.9805095195770264,0.9552622437477112,0.967821478843689,0.9616873264312744,0.9307643175125122
gpt2,active_to_passive,active_to_passive,True,0.8476117849349976,0.6823649406433105,0.6879072189331055,0.7078891396522522,0.638486921787262,0.6316920518875122
gpt2,active_to_passive,active_to_passive,True,0.8391308784484863,0.7017452716827393,0.7228332757949829,0.7102605104446411,0.6575199961662292,0.6726265549659729
gpt2,active_to_passive,active_to_passive,True,0.9347862601280212,0.8113227486610413,0.801887571811676,0.8027123212814331,0.7658403515815735,0.7435637712478638
gpt2,active_to_passive,active_to_passive,True,0.8633809089660645,0.69493567943573,0.7024749517440796,0.7111798524856567,0.6525286436080933,0.6372027397155762
gpt2,active_to_passive,active_to_passive,True,0.8125979900360107,0.6290304660797119,0.6259901523590088,0.6762033700942993,0.5870294570922852,0.564616322517395
gpt2,formalization,formalization,True,0.8343034386634827,0.9154573678970337,0.9537675976753235,0.824913740158081,0.9030123949050903,0.9409472346305847
gpt2,formalization,active_to_passive,False,0.917334794998169,0.899168848991394,0.9056746959686279,0.9042190909385681,0.8762321472167969,0.8854627013206482
gpt2,formalization,formalization,True,0.8965635895729065,0.956247091293335,0.9826068878173828,0.8913427591323853,0.9438169002532959,0.9645971059799194
gpt2,formalization,formalization,True,0.799979031085968,0.862606406211853,0.9168922901153564,0.8016238212585449,0.8594859838485718,0.9049057960510254
gpt2,formalization,question,False,-0.02379836142063141,0.07117125391960144,0.19449426233768463,-0.03701150417327881,0.07280305027961731,0.2168310284614563
gpt2,negation,negation,True,0.9037950038909912,0.9513177871704102,0.9219841957092285,0.9922826886177063,0.9563426971435547,0.9292135238647461
gpt2,negation,negation,True,0.9338392019271851,0.951148509979248,0.9140994548797607,0.9832255244255066,0.9390231370925903,0.9022404551506042
gpt2,negation,negation,True,0.8581298589706421,0.8738511800765991,0.8455148935317993,0.9447779655456543,0.8801076412200928,0.8507214784622192
gpt2,negation,negation,True,0.9357085227966309,0.9258446097373962,0.8851993083953857,0.9719836711883545,0.9185373187065125,0.8659110069274902
gpt2,negation,negation,True,0.8932634592056274,0.9473408460617065,0.9138704538345337,0.9900271892547607,0.9553927183151245,0.9167759418487549
gpt2,question,question,True,0.8090962767601013,0.9020683169364929,0.903973400592804,0.888542890548706,0.9139397740364075,0.9539058208465576
gpt2,question,question,True,0.7952362895011902,0.8728150129318237,0.9033660888671875,0.8328008651733398,0.8697612285614014,0.9298155307769775
gpt2,question,question,True,0.8189958930015564,0.9302681684494019,0.9403287172317505,0.8744781613349915,0.9367375373840332,0.9728279113769531
gpt2,question,question,True,0.6623234748840332,0.7480438947677612,0.822593629360199,0.6352753639221191,0.7326883673667908,0.8338286876678467
gpt2,question,question,True,0.8755836486816406,0.9342533349990845,0.9536506533622742,0.9073905944824219,0.9321798086166382,0.969214141368866
gpt2,past_to_future,past_to_future,True,0.908221960067749,0.9805047512054443,0.9540664553642273,0.973678469657898,0.9889774322509766,0.9536005258560181
gpt2,past_to_future,past_to_future,True,0.9254070520401001,0.9826921820640564,0.9656580090522766,0.9643058776855469,0.9845685958862305,0.9678270816802979
gpt2,past_to_future,past_to_future,True,0.7187321782112122,0.812484622001648,0.8121293783187866,0.8376692533493042,0.8552383184432983,0.8376131653785706
gpt2,past_to_future,formalization,False,0.9246174693107605,0.9780861139297485,0.9826847314834595,0.9300483465194702,0.9728260040283203,0.965624213218689
gpt2,past_to_future,past_to_future,True,-0.27553069591522217,-0.09747795760631561,-0.109389528632164,-0.006742596626281738,0.013968437910079956,-0.0005368888378143311
gpt2,certainty_to_uncertainty,certainty_to_uncertainty,True,0.9154786467552185,0.9798460006713867,0.9787143468856812,0.9309173226356506,0.9695556163787842,0.9630486965179443
gpt2,certainty_to_uncertainty,certainty_to_uncertainty,True,0.9256951808929443,0.9903331995010376,0.9776679277420044,0.9604043960571289,0.983154833316803,0.9674265384674072
gpt2,certainty_to_uncertainty,formalization,False,0.8703634738922119,0.9310840368270874,0.9644755721092224,0.8456603288650513,0.91202712059021,0.9481124877929688
gpt2,certainty_to_uncertainty,formalization,False,0.9067704677581787,0.9671919941902161,0.9754380583763123,0.914588212966919,0.9540120363235474,0.9739078283309937
gpt2,certainty_to_uncertainty,certainty_to_uncertainty,True,0.9585350155830383,0.9828057289123535,0.958733856678009,0.9736292958259583,0.9649454355239868,0.9381757974624634
gpt2,active_to_passive,active_to_passive,True,0.4103545546531677,0.2056693583726883,0.15828581154346466,0.3474859297275543,0.20492222905158997,0.13365860283374786
gpt2,active_to_passive,active_to_passive,True,0.8262091875076294,0.7292674779891968,0.6998642683029175,0.7905110120773315,0.7175165414810181,0.6747850179672241
gpt2,active_to_passive,active_to_passive,True,0.908909797668457,0.7539879679679871,0.7427966594696045,0.751009464263916,0.7133132815361023,0.671940803527832
gpt2,active_to_passive,active_to_passive,True,0.9276826977729797,0.8261010050773621,0.7987810373306274,0.8650645017623901,0.8101414442062378,0.7594380378723145
gpt2,active_to_passive,active_to_passive,True,0.8956146240234375,0.7899873852729797,0.7461064457893372,0.8557263612747192,0.7754774689674377,0.7118291854858398
gpt2,formalization,formalization,True,0.8681267499923706,0.9368701577186584,0.9682100415229797,0.8544143438339233,0.9233385324478149,0.9519727826118469
gpt2,formalization,negation,False,0.9394002556800842,0.9164811372756958,0.8989952802658081,0.9432222843170166,0.8963682651519775,0.8800764083862305
gpt2,formalization,formalization,True,0.9109528064727783,0.9502918720245361,0.9778211116790771,0.8836636543273926,0.9335038065910339,0.9505617618560791
gpt2,formalization,formalization,True,0.8331596851348877,0.8787126541137695,0.9287194013595581,0.8221796751022339,0.8728486895561218,0.9095733761787415
gpt2,formalization,question,False,-0.03530598431825638,0.05066660791635513,0.17247524857521057,-0.04987025260925293,0.052783772349357605,0.19404159486293793
gpt2,negation,negation,True,0.7971655130386353,0.8827433586120605,0.8583629131317139,0.9481997489929199,0.9055025577545166,0.8868364095687866
gpt2,negation,negation,True,0.870390772819519,0.9203099608421326,0.8880578279495239,0.9736512899398804,0.9185373783111572,0.8935872316360474
gpt2,negation,negation,True,0.29780542850494385,0.3936927914619446,0.4024617671966553,0.5219102501869202,0.4426594376564026,0.46722912788391113
gpt2,negation,negation,True,0.5509141683578491,0.6600353717803955,0.6599721908569336,0.7453859448432922,0.7012515068054199,0.7027153372764587
gpt2,negation,negation,True,0.8005529642105103,0.8938242793083191,0.8643300533294678,0.9552503824234009,0.9190183877944946,0.8845948576927185
gpt2,question,question,True,0.7751986980438232,0.8918935060501099,0.8982731103897095,0.8729601502418518,0.9035916328430176,0.9508878588676453
gpt2,question,question,True,0.7383386492729187,0.8537514209747314,0.8976688981056213,0.7803384065628052,0.8515833616256714,0.9243406057357788
gpt2,question,question,True,0.826025128364563,0.9461472034454346,0.9541348814964294,0.8951390981674194,0.9502550363540649,0.9822551608085632
gpt2,question,question,True,0.6940799951553345,0.8077065944671631,0.8677420020103455,0.692516028881073,0.7959598302841187,0.878921389579773
gpt2,question,question,True,0.826772153377533,0.9210574626922607,0.9488582611083984,0.8721045255661011,0.9221286773681641,0.9683916568756104
gpt2,past_to_future,past_to_future,True,0.8646150827407837,0.9640876054763794,0.9382871985435486,0.9714459776878357,0.9825531244277954,0.9500343799591064
gpt2,past_to_future,question,False,0.8781326413154602,0.9693467020988464,0.9704664349555969,0.9268068075180054,0.9770305156707764,0.9787158966064453
gpt2,past_to_future,question,False,0.3361358344554901,0.5025079250335693,0.5289170742034912,0.5203065872192383,0.5738927125930786,0.587159276008606
gpt2,past_to_future,question,False,0.8061082363128662,0.9172883629798889,0.9375851154327393,0.8663874864578247,0.9324245452880859,0.9436470866203308
gpt2,past_to_future,question,False,-0.15186887979507446,0.06797429919242859,0.09391219168901443,0.11016561090946198,0.16171599924564362,0.1924317628145218
gpt2,certainty_to_uncertainty,certainty_to_uncertainty,True,0.8956969976425171,0.9828969836235046,0.9759758710861206,0.9554272890090942,0.9807987213134766,0.9728556871414185
gpt2,certainty_to_uncertainty,certainty_to_uncertainty,True,0.9155481457710266,0.9878602027893066,0.9670670628547668,0.9766321182250977,0.9860733151435852,0.962687611579895
gpt2,certainty_to_uncertainty,formalization,False,0.8296380639076233,0.9226723909378052,0.9588691592216492,0.8266584277153015,0.9084144234657288,0.9483777284622192
gpt2,certainty_to_uncertainty,question,False,0.8816945552825928,0.9670186638832092,0.9806599020957947,0.9002097249031067,0.9550508260726929,0.9810108542442322
gpt2,certainty_to_uncertainty,certainty_to_uncertainty,True,0.9371160268783569,0.9860208034515381,0.9598158597946167,0.980514645576477,0.9751074314117432,0.9496414661407471
gpt2,active_to_passive,question,False,-0.12514418363571167,-0.20581583678722382,-0.12884613871574402,-0.17171743512153625,-0.19523292779922485,-0.10966086387634277
gpt2,active_to_passive,question,False,-0.2591667175292969,-0.30524420738220215,-0.23365582525730133,-0.27883511781692505,-0.2986064553260803,-0.2086198329925537
gpt2,active_to_passive,active_to_passive,True,-0.19696246087551117,-0.3123787045478821,-0.2609971761703491,-0.2679441571235657,-0.3096821904182434,-0.24503490328788757
gpt2,active_to_passive,formalization,False,0.8266846537590027,0.7963674068450928,0.8315463066101074,0.7752243280410767,0.7851194143295288,0.814587414264679
gpt2,active_to_passive,negation,False,0.6968975067138672,0.6426109075546265,0.6420861482620239,0.7167735695838928,0.6431773900985718,0.6542696356773376
gpt2,formalization,formalization,True,0.8362307548522949,0.9284141063690186,0.9639229774475098,0.8342824578285217,0.9151438474655151,0.9492499828338623
gpt2,formalization,certainty_to_uncertainty,False,0.9547547101974487,0.9564609527587891,0.9501173496246338,0.9525527954101562,0.934900164604187,0.9256498217582703
gpt2,formalization,formalization,True,0.8829973936080933,0.9537569880485535,0.9792066216468811,0.8864509463310242,0.9421939849853516,0.9628535509109497
gpt2,formalization,formalization,True,0.7653147578239441,0.8537288904190063,0.9063111543655396,0.7783449292182922,0.8516556024551392,0.8958464860916138
gpt2,formalization,question,False,0.18022820353507996,0.31273481249809265,0.42972421646118164,0.1786295771598816,0.31096336245536804,0.4442509114742279
gpt2,negation,negation,True,0.9157909154891968,0.9759567975997925,0.9411025047302246,0.9887070059776306,0.9774113893508911,0.9431709051132202
gpt2,negation,negation,True,0.925764799118042,0.9615134000778198,0.9196123480796814,0.979395866394043,0.9519281983375549,0.9103842377662659
gpt2,negation,negation,True,0.8900341987609863,0.9545955657958984,0.9184012413024902,0.9829362630844116,0.9618088006973267,0.9281575679779053
gpt2,negation,negation,True,0.9017147421836853,0.9643617272377014,0.9237503409385681,0.9854623079299927,0.9705643057823181,0.9249376654624939
gpt2,negation,negation,True,0.8763235807418823,0.9604992866516113,0.9195694327354431,0.9826583862304688,0.9729388952255249,0.9270697832107544
gpt2,question,past_to_future,False,0.8714320659637451,0.9495863914489746,0.9193437099456787,0.9434710144996643,0.9525009989738464,0.9456624984741211
gpt2,question,question,True,0.9014387130737305,0.9819303750991821,0.9725372195243835,0.941094160079956,0.9743187427520752,0.9823448061943054
gpt2,question,certainty_to_uncertainty,False,0.89119952917099,0.9785243272781372,0.9559447169303894,0.9466794729232788,0.9761912226676941,0.9682211875915527
gpt2,question,question,True,0.8929941654205322,0.9772324562072754,0.9814836978912354,0.9091644883155823,0.9650773406028748,0.984470784664154
gpt2,question,certainty_to_uncertainty,False,0.9116204977035522,0.9844180941581726,0.9734135866165161,0.9560484290122986,0.9810778498649597,0.9829670190811157
gpt2,past_to_future,past_to_future,True,0.9146672487258911,0.9680019617080688,0.9288869500160217,0.9663925766944885,0.9725896716117859,0.9210792779922485
gpt2,past_to_future,certainty_to_uncertainty,False,0.9296807050704956,0.9784873723983765,0.9482825994491577,0.9534224271774292,0.9748921394348145,0.939517080783844
gpt2,past_to_future,past_to_future,True,0.903418779373169,0.9751936197280884,0.9441338777542114,0.9591153860092163,0.9861249327659607,0.9414113163948059
gpt2,past_to_future,certainty_to_uncertainty,False,0.9364427924156189,0.9909369945526123,0.9734829664230347,0.9549250602722168,0.9858959317207336,0.9593018293380737
gpt2,past_to_future,past_to_future,True,0.8304489254951477,0.9375088214874268,0.9000836610794067,0.9315806031227112,0.9654293060302734,0.9136561751365662
gpt2,certainty_to_uncertainty,certainty_to_uncertainty,True,0.9250632524490356,0.9950302243232727,0.9744860529899597,0.9653165340423584,0.9874659776687622,0.9663615226745605
gpt2,certainty_to_uncertainty,certainty_to_uncertainty,True,0.9302576184272766,0.9911324977874756,0.9637963771820068,0.9707075953483582,0.9830646514892578,0.9549433588981628
gpt2,certainty_to_uncertainty,certainty_to_uncertainty,True,0.9165600538253784,0.9904100298881531,0.9821035861968994,0.9354497790336609,0.9778831601142883,0.9747019410133362
gpt2,certainty_to_uncertainty,certainty_to_uncertainty,True,0.9177173972129822,0.9879095554351807,0.9704509377479553,0.9444018006324768,0.9769687652587891,0.9686376452445984
gpt2,certainty_to_uncertainty,certainty_to_uncertainty,True,0.9450341463088989,0.9819208979606628,0.9501742124557495,0.9712221026420593,0.9675959944725037,0.9346970319747925
gpt2,active_to_passive,active_to_passive,True,0.877906322479248,0.770754873752594,0.7310969233512878,0.8124794363975525,0.7519732117652893,0.7036184668540955
gpt2,active_to_passive,active_to_passive,True,0.9420797824859619,0.915996789932251,0.8808815479278564,0.9307991862297058,0.8980158567428589,0.8642050623893738
gpt2,active_to_passive,active_to_passive,True,0.9251482486724854,0.8671708106994629,0.8324994444847107,0.8599386215209961,0.8421206474304199,0.7987558841705322
gpt2,active_to_passive,active_to_passive,True,0.9575991034507751,0.9171478748321533,0.8819202184677124,0.9200731515884399,0.8991109132766724,0.8512004613876343
gpt2,active_to_passive,active_to_passive,True,0.9365376234054565,0.8876398205757141,0.843875527381897,0.9128860235214233,0.8718175888061523,0.8187539577484131
gpt2,formalization,certainty_to_uncertainty,False,0.9210801720619202,0.9879553318023682,0.9817074537277222,0.928758442401886,0.9736090898513794,0.9680556654930115
gpt2,formalization,negation,False,0.9435124397277832,0.9621037244796753,0.9317819476127625,0.9664220809936523,0.9479225873947144,0.9200097322463989
gpt2,formalization,certainty_to_uncertainty,False,0.9332966208457947,0.9874323606491089,0.979803740978241,0.940637469291687,0.9738563299179077,0.9633325338363647
gpt2,formalization,certainty_to_uncertainty,False,0.9296091198921204,0.9895616769790649,0.986664891242981,0.9434218406677246,0.9798661470413208,0.9732689261436462
gpt2,formalization,question,False,0.8581540584564209,0.9568061828613281,0.9722024202346802,0.8817481398582458,0.9462795257568359,0.9738104343414307
gpt2,negation,negation,True,0.6820016503334045,0.7192347049713135,0.6712037324905396,0.8513892889022827,0.7437841892242432,0.7156736850738525
gpt2,negation,negation,True,0.7774926424026489,0.8107796907424927,0.7557969689369202,0.9145055413246155,0.8146086931228638,0.7749013900756836
gpt2,negation,negation,True,0.38041743636131287,0.41248324513435364,0.3889809548854828,0.5839024186134338,0.4496912360191345,0.44954097270965576
gpt2,negation,negation,True,0.3675331473350525,0.336916983127594,0.2913656532764435,0.5071292519569397,0.35804498195648193,0.326730877161026
gpt2,negation,negation,True,0.5147933959960938,0.6257472038269043,0.5859663486480713,0.7554498910903931,0.6751748323440552,0.6497766971588135
gpt2,question,question,True,0.6108222603797913,0.7534263134002686,0.7402029037475586,0.8001525402069092,0.7824105024337769,0.8243372440338135
gpt2,question,question,True,0.7634803652763367,0.8698070049285889,0.8800851106643677,0.8529539108276367,0.8693262338638306,0.9162164926528931
gpt2,question,question,True,0.7550640106201172,0.9014240503311157,0.8905980587005615,0.8978980779647827,0.9193612337112427,0.9447068572044373
gpt2,question,question,True,0.6636087894439697,0.7993790507316589,0.8449763059616089,0.7269384264945984,0.7947019934654236,0.8814865350723267
gpt2,question,question,True,0.8137335777282715,0.9038159847259521,0.9152407646179199,0.9004476070404053,0.9089632630348206,0.9493292570114136
gpt2,past_to_future,question,False,-0.6713380813598633,-0.5058367252349854,-0.47167548537254333,-0.4788539409637451,-0.4184964895248413,-0.3871302604675293
gpt2,past_to_future,question,False,-0.5182231664657593,-0.41771218180656433,-0.3759225308895111,-0.39676934480667114,-0.33811479806900024,-0.28854048252105713
gpt2,past_to_future,negation,False,-0.6675554513931274,-0.6057344079017639,-0.6169992089271545,-0.4837917685508728,-0.5268871784210205,-0.5409015417098999
gpt2,past_to_future,question,False,0.5653313994407654,0.652312159538269,0.6829451322555542,0.644146203994751,0.6961585283279419,0.703697144985199
gpt2,past_to_future,negation,False,0.27985382080078125,0.4637652635574341,0.4355245530605316,0.5592164993286133,0.5387475490570068,0.5283806324005127
gpt2,certainty_to_uncertainty,past_to_future,False,0.5382641553878784,0.6993434429168701,0.6845775246620178,0.7430101633071899,0.7487396597862244,0.7430420517921448
gpt2,certainty_to_uncertainty,certainty_to_uncertainty,True,0.9222863912582397,0.9861395359039307,0.9612390995025635,0.9824386835098267,0.9835649728775024,0.9578952789306641
gpt2,certainty_to_uncertainty,question,False,0.8672335147857666,0.960827112197876,0.9736734628677368,0.9026150703430176,0.9510332345962524,0.973802924156189
gpt2,certainty_to_uncertainty,question,False,0.8838827013969421,0.9703446626663208,0.9640746116638184,0.935775876045227,0.9610064029693604,0.9735676050186157
gpt2,certainty_to_uncertainty,negation,False,0.9368708729743958,0.9753315448760986,0.9411969184875488,0.9846700429916382,0.9650498628616333,0.9333863258361816
gpt2,active_to_passive,active_to_passive,True,0.9463615417480469,0.8736100196838379,0.8784312605857849,0.8360646963119507,0.8396677374839783,0.8201295137405396
gpt2,active_to_passive,active_to_passive,True,0.9638776779174805,0.9083153605461121,0.9113903045654297,0.8821931481361389,0.8731460571289062,0.8644364476203918
gpt2,active_to_passive,active_to_passive,True,0.9364560842514038,0.8343511819839478,0.8321503400802612,0.8184123039245605,0.7959034442901611,0.7713678479194641
gpt2,active_to_passive,active_to_passive,True,0.9604344367980957,0.9038914442062378,0.9033483862876892,0.8704476356506348,0.874893069267273,0.8543007969856262
gpt2,active_to_passive,active_to_passive,True,0.9660241007804871,0.8969579339027405,0.8802163004875183,0.9010356664657593,0.8678768873214722,0.8353602886199951
gpt2,formalization,formalization,True,0.8837677240371704,0.9660664796829224,0.9828546047210693,0.8950815200805664,0.9514713287353516,0.9681414365768433
gpt2,formalization,negation,False,0.9343084096908569,0.9388061761856079,0.9117757081985474,0.9652417898178101,0.922153651714325,0.8988192081451416
gpt2,formalization,formalization,True,0.8920418620109558,0.9590358734130859,0.978229284286499,0.9047556519508362,0.9486888647079468,0.9624322652816772
gpt2,formalization,formalization,True,0.8469160199165344,0.9266247749328613,0.9515187740325928,0.8882951140403748,0.9245032072067261,0.9428836107254028
gpt2,formalization,question,False,0.16140004992485046,0.30520597100257874,0.40619486570358276,0.20518037676811218,0.3065718710422516,0.43255314230918884
gpt2,negation,negation,True,0.8560276627540588,0.9154887199401855,0.8800698518753052,0.9793676733970642,0.9321955442428589,0.893933117389679
gpt2,negation,negation,True,0.9023464918136597,0.9208084940910339,0.8771002292633057,0.9747698307037354,0.9131847620010376,0.8705652952194214
gpt2,negation,negation,True,0.2298690527677536,0.24881994724273682,0.2482968419790268,0.4260258078575134,0.30075886845588684,0.29824531078338623
gpt2,negation,negation,True,0.8047321438789368,0.8421639800071716,0.8086705207824707,0.9281542301177979,0.864892840385437,0.8155044317245483
gpt2,negation,negation,True,0.8163924217224121,0.8982396125793457,0.8581303358078003,0.965488076210022,0.9247869849205017,0.8745495080947876
gpt2,question,question,True,0.69841468334198,0.7933957576751709,0.7939254641532898,0.7934484481811523,0.8134802579879761,0.8594948649406433
gpt2,question,question,True,0.5630038976669312,0.6727380752563477,0.7518466711044312,0.5593144297599792,0.6668261289596558,0.779785692691803
gpt2,question,question,True,0.728440523147583,0.8724217414855957,0.8835843205451965,0.8109003901481628,0.8877546787261963,0.9284913539886475
gpt2,question,question,True,0.30381688475608826,0.4110649526119232,0.5136705040931702,0.25807881355285645,0.4012404680252075,0.530232310295105
gpt2,question,question,True,0.7444491386413574,0.8464939594268799,0.8885329961776733,0.7893408536911011,0.8549172878265381,0.9179570078849792
gpt2,past_to_future,past_to_future,True,0.8714100122451782,0.9557710289955139,0.9197618365287781,0.9724054932594299,0.9770234823226929,0.9254598617553711
gpt2,past_to_future,past_to_future,True,0.9370872974395752,0.9756168723106384,0.964601993560791,0.9432778358459473,0.9778420925140381,0.9506095051765442
gpt2,past_to_future,past_to_future,True,0.8042441606521606,0.8842575550079346,0.8951702117919922,0.8497692346572876,0.9132512211799622,0.8840465545654297
gpt2,past_to_future,formalization,False,0.9013413190841675,0.9569383263587952,0.965969979763031,0.906212568283081,0.9590466022491455,0.9448621869087219
gpt2,past_to_future,past_to_future,True,0.49572426080703735,0.6612341403961182,0.6460517048835754,0.687897264957428,0.7414760589599609,0.6873093247413635
gpt2,certainty_to_uncertainty,certainty_to_uncertainty,True,0.9185234308242798,0.9893972277641296,0.9740054607391357,0.9642055034637451,0.9857131838798523,0.9643591046333313
gpt2,certainty_to_uncertainty,certainty_to_uncertainty,True,0.9299914836883545,0.9872338771820068,0.9613330364227295,0.9751706123352051,0.9816434383392334,0.9496784210205078
gpt2,certainty_to_uncertainty,formalization,False,0.7464331984519958,0.8390570282936096,0.8912529349327087,0.7135868668556213,0.8235262036323547,0.8741799592971802
gpt2,certainty_to_uncertainty,question,False,0.8150853514671326,0.9118801951408386,0.9423429369926453,0.8151105642318726,0.9018226861953735,0.9445611238479614
gpt2,certainty_to_uncertainty,negation,False,0.9470328092575073,0.9744505882263184,0.93925940990448,0.9748848676681519,0.9605420827865601,0.9218502044677734
gpt2,active_to_passive,active_to_passive,True,-0.09531152993440628,-0.35854947566986084,-0.3041529357433319,-0.32409512996673584,-0.3878372311592102,-0.37628668546676636
gpt2,active_to_passive,active_to_passive,True,-0.0917937159538269,-0.30224063992500305,-0.22765257954597473,-0.29495325684547424,-0.329232782125473,-0.28952842950820923
gpt2,active_to_passive,active_to_passive,True,-0.25585150718688965,-0.5067864656448364,-0.45120781660079956,-0.4975535273551941,-0.5368442535400391,-0.5188836455345154
gpt2,active_to_passive,active_to_passive,True,0.5047346353530884,0.26976531744003296,0.30589592456817627,0.2750360369682312,0.2332935780286789,0.2136702686548233
gpt2,active_to_passive,active_to_passive,True,0.3837134540081024,0.13188406825065613,0.15894129872322083,0.19021430611610413,0.10298836976289749,0.08090431988239288
gpt2,formalization,formalization,True,0.7226728200912476,0.7972977161407471,0.8580740690231323,0.6512386798858643,0.7764068245887756,0.820286750793457
gpt2,formalization,active_to_passive,False,0.9538216590881348,0.9145992398262024,0.9103558659553528,0.9082956910133362,0.8852803707122803,0.8686172366142273
gpt2,formalization,formalization,True,0.8453982472419739,0.9070332050323486,0.9420108795166016,0.8199512958526611,0.8932819366455078,0.9136033058166504
gpt2,formalization,formalization,True,0.5514998435974121,0.616395890712738,0.7001749873161316,0.4996894598007202,0.6121099591255188,0.6689462065696716
gpt2,formalization,question,False,-0.47478970885276794,-0.4020390510559082,-0.27604541182518005,-0.5334616303443909,-0.3985346853733063,-0.27041345834732056
gpt2,negation,negation,True,0.826694130897522,0.8894250392913818,0.8677001595497131,0.9520728588104248,0.9119270443916321,0.8806528449058533
gpt2,negation,negation,True,0.9172296524047852,0.9311584234237671,0.8917615413665771,0.9794721603393555,0.9231491088867188,0.8778666257858276
gpt2,negation,negation,True,0.12576843798160553,0.10805825889110565,0.1163913682103157,0.2700270116329193,0.1661342978477478,0.14134401082992554
gpt2,negation,negation,True,0.6138813495635986,0.654789924621582,0.6466283798217773,0.7564088106155396,0.6946231722831726,0.6580587029457092
gpt2,negation,negation,True,0.6684136390686035,0.7609066367149353,0.7279157638549805,0.8605901002883911,0.8067865967750549,0.7517200112342834
gpt2,question,question,True,0.8060004711151123,0.8933536410331726,0.8975653052330017,0.849162757396698,0.9034167528152466,0.9259439706802368
gpt2,question,question,True,0.7502385377883911,0.8731493353843689,0.9158432483673096,0.7788646221160889,0.8727020025253296,0.9377127885818481
gpt2,question,question,True,0.8164819478988647,0.9467021226882935,0.947568416595459,0.8918235301971436,0.9581047892570496,0.9770413041114807
gpt2,question,question,True,0.5458883047103882,0.6905178427696228,0.7647755742073059,0.5436210632324219,0.6889489889144897,0.784127414226532
gpt2,question,question,True,0.8138726949691772,0.9234200716018677,0.9472647309303284,0.8699413537979126,0.9320892095565796,0.972175121307373
gpt2,past_to_future,past_to_future,True,0.9206955432891846,0.9649330377578735,0.9342679977416992,0.96921706199646,0.9743444919586182,0.9215037822723389
gpt2,past_to_future,past_to_future,True,0.9125608801841736,0.9632543325424194,0.9507167339324951,0.9481734037399292,0.9745712280273438,0.9514251351356506
gpt2,past_to_future,past_to_future,True,0.7310822010040283,0.8135219812393188,0.8173493146896362,0.8212063312530518,0.8635791540145874,0.8265083432197571
gpt2,past_to_future,past_to_future,True,0.8927805423736572,0.9600690603256226,0.9658684730529785,0.9239674210548401,0.9722554087638855,0.958147406578064
gpt2,past_to_future,past_to_future,True,-0.3348909020423889,-0.1593622863292694,-0.14838048815727234,-0.09356994926929474,-0.051240161061286926,-0.06282927095890045
gpt2,certainty_to_uncertainty,certainty_to_uncertainty,True,0.9195275902748108,0.9937368035316467,0.9823696613311768,0.9562920331954956,0.9894194602966309,0.9715943336486816
gpt2,certainty_to_uncertainty,certainty_to_uncertainty,True,0.9263439774513245,0.9942300319671631,0.9784040451049805,0.9662927389144897,0.9895427227020264,0.9672068357467651
gpt2,certainty_to_uncertainty,formalization,False,0.7861796617507935,0.9022444486618042,0.9380276799201965,0.7926696538925171,0.8963335752487183,0.9341555833816528
gpt2,certainty_to_uncertainty,question,False,0.8364912271499634,0.9450780153274536,0.9642347693443298,0.8613487482070923,0.9411190152168274,0.9703662395477295
gpt2,certainty_to_uncertainty,certainty_to_uncertainty,True,0.9485100507736206,0.9902814030647278,0.9658277034759521,0.9753531217575073,0.9774306416511536,0.9502052068710327
gpt2,active_to_passive,question,False,-0.6683276295661926,-0.6636818051338196,-0.5948322415351868,-0.6548497676849365,-0.6390584111213684,-0.5574202537536621
gpt2,active_to_passive,question,False,-0.6228421926498413,-0.5988008379936218,-0.5393749475479126,-0.5798567533493042,-0.5701276659965515,-0.491361141204834
gpt2,active_to_passive,question,False,-0.20664288103580475,-0.2100694477558136,-0.16305360198020935,-0.17793425917625427,-0.18437713384628296,-0.1200597733259201
gpt2,active_to_passive,question,False,-0.37798741459846497,-0.3776155412197113,-0.2940743565559387,-0.3737892806529999,-0.3518010079860687,-0.26132655143737793
gpt2,active_to_passive,question,False,-0.48412221670150757,-0.47221314907073975,-0.4056941866874695,-0.4432859420776367,-0.4415072202682495,-0.35844892263412476
gpt2,formalization,formalization,True,0.8160092234611511,0.9157710075378418,0.95011305809021,0.8066310882568359,0.9068500995635986,0.934842586517334
gpt2,formalization,certainty_to_uncertainty,False,0.9363794922828674,0.9677681922912598,0.9672055840492249,0.9501778483390808,0.9558126330375671,0.9560195207595825
gpt2,formalization,formalization,True,0.8603419065475464,0.9445701837539673,0.9725947380065918,0.860917329788208,0.9371521472930908,0.9560590982437134
gpt2,formalization,formalization,True,0.6955488920211792,0.8066985011100769,0.8676353693008423,0.7062726020812988,0.8131023049354553,0.8605474829673767
gpt2,formalization,question,False,-0.03881712257862091,0.12187594920396805,0.2375117838382721,-0.024813517928123474,0.13702937960624695,0.26600807905197144
gpt2,negation,negation,True,0.683191180229187,0.7561405301094055,0.7403653860092163,0.8464453220367432,0.7816004753112793,0.7816197872161865
gpt2,negation,negation,True,0.8816680312156677,0.9026964902877808,0.8605886697769165,0.9686486721038818,0.8960250616073608,0.8588376045227051
gpt2,negation,negation,True,0.24288947880268097,0.34147363901138306,0.35562655329704285,0.4541246294975281,0.39019376039505005,0.42950236797332764
gpt2,negation,negation,True,0.47535502910614014,0.505192756652832,0.49663490056991577,0.599557638168335,0.527971088886261,0.5302854180335999
gpt2,negation,negation,True,0.491727739572525,0.63096022605896,0.6261131167411804,0.7030580043792725,0.6728969812393188,0.681726336479187
gpt2,question,question,True,0.7952102422714233,0.9153628349304199,0.9158186912536621,0.9087560772895813,0.9279113411903381,0.9613776803016663
gpt2,question,question,True,0.7876356244087219,0.8849517107009888,0.9078747034072876,0.8478947877883911,0.8799684047698975,0.9308280944824219
gpt2,question,question,True,0.7830838561058044,0.9226440191268921,0.931294322013855,0.8848097324371338,0.9331287741661072,0.9687837958335876
gpt2,question,question,True,0.7106450200080872,0.8337369561195374,0.8842206597328186,0.749747097492218,0.8266964554786682,0.9055724143981934
gpt2,question,question,True,0.7869165539741516,0.8909955024719238,0.9132089614868164,0.8695147037506104,0.8983758687973022,0.9473890066146851
gpt2,past_to_future,question,False,0.2413080781698227,0.4532850682735443,0.4922723174095154,0.42022615671157837,0.5249082446098328,0.5535916090011597
gpt2,past_to_future,question,False,0.3700217604637146,0.504828929901123,0.5445088148117065,0.4961128830909729,0.5560678839683533,0.6095452308654785
gpt2,past_to_future,negation,False,-0.40366029739379883,-0.2797887623310089,-0.281939297914505,-0.19009849429130554,-0.19089394807815552,-0.19664199650287628
gpt2,past_to_future,question,False,0.6908978819847107,0.7937816381454468,0.8342193365097046,0.7561507225036621,0.818623423576355,0.8493967056274414
gpt2,past_to_future,question,False,0.4941731095314026,0.6879695653915405,0.6902869939804077,0.7013829946517944,0.7445900440216064,0.7580088376998901
gpt2,certainty_to_uncertainty,question,False,0.6359052658081055,0.7838051319122314,0.7887829542160034,0.792655885219574,0.8163605332374573,0.8300279378890991
gpt2,certainty_to_uncertainty,certainty_to_uncertainty,True,0.9218016862869263,0.9899752140045166,0.9772560596466064,0.9691141843795776,0.9828895926475525,0.9705666899681091
gpt2,certainty_to_uncertainty,formalization,False,0.8756148815155029,0.9524218440055847,0.9721447229385376,0.8909091949462891,0.9362696409225464,0.9631012678146362
gpt2,certainty_to_uncertainty,question,False,0.8891524076461792,0.9677190780639648,0.9741854667663574,0.9205597043037415,0.9543229341506958,0.9746583700180054
gpt2,certainty_to_uncertainty,negation,False,0.946419358253479,0.9797160625457764,0.9539088010787964,0.9820008277893066,0.9653453230857849,0.9429601430892944
gpt2,active_to_passive,active_to_passive,True,0.9028135538101196,0.8092584013938904,0.832295298576355,0.7923072576522827,0.7672538757324219,0.7814633846282959
gpt2,active_to_passive,active_to_passive,True,0.9162387251853943,0.8807023763656616,0.8948414325714111,0.8651708364486694,0.8465708494186401,0.8653206825256348
gpt2,active_to_passive,active_to_passive,True,0.8744427561759949,0.7760561108589172,0.8014175295829773,0.7481188774108887,0.7278114557266235,0.7457104921340942
gpt2,active_to_passive,active_to_passive,True,0.9574388265609741,0.9031199812889099,0.9128851890563965,0.8723987340927124,0.8686485886573792,0.8665745258331299
gpt2,active_to_passive,active_to_passive,True,0.9655569791793823,0.9030270576477051,0.901992917060852,0.8921511173248291,0.8682972192764282,0.8564608097076416
gpt2,formalization,formalization,True,0.8854877948760986,0.9538615345954895,0.9754493236541748,0.8881160020828247,0.9346470236778259,0.95679771900177
gpt2,formalization,certainty_to_uncertainty,False,0.9309861660003662,0.9586941003799438,0.9508858919143677,0.955744743347168,0.9399641156196594,0.9384211301803589
gpt2,formalization,formalization,True,0.9007213115692139,0.965745210647583,0.9869314432144165,0.909206211566925,0.9511004090309143,0.9683976769447327
gpt2,formalization,formalization,True,0.8417274951934814,0.917178213596344,0.949866771697998,0.8736041784286499,0.9100833535194397,0.9406560063362122
gpt2,formalization,question,False,0.3024986982345581,0.4325157403945923,0.5216888189315796,0.3478928804397583,0.4286611080169678,0.5432581305503845
gpt2,negation,negation,True,0.885136604309082,0.9481962323188782,0.9049904346466064,0.9863076210021973,0.9568027853965759,0.917772650718689
gpt2,negation,negation,True,0.9361484050750732,0.9600660800933838,0.9200776219367981,0.9835004210472107,0.948800802230835,0.9082467555999756
gpt2,negation,negation,True,0.8839724063873291,0.9432312250137329,0.9057921171188354,0.9869282245635986,0.9513036012649536,0.9190126061439514
gpt2,negation,negation,True,0.9068246483802795,0.9394421577453613,0.8881435394287109,0.9814143180847168,0.9410302639007568,0.883790135383606
gpt2,negation,negation,True,0.8798583745956421,0.9479718208312988,0.9032953977584839,0.9886376857757568,0.9588905572891235,0.9104281663894653
gpt2,question,certainty_to_uncertainty,False,0.8990286588668823,0.973381757736206,0.9519131779670715,0.9600435495376587,0.9725929498672485,0.9704365730285645
gpt2,question,question,True,0.9183961153030396,0.9846435189247131,0.980223536491394,0.9480260610580444,0.9737186431884766,0.9847854375839233
gpt2,question,certainty_to_uncertainty,False,0.903893232345581,0.9857308864593506,0.9658318161964417,0.9573211073875427,0.9829524159431458,0.9759359359741211
gpt2,question,formalization,False,0.9103053212165833,0.9800737500190735,0.988479733467102,0.9184772372245789,0.9646467566490173,0.987130880355835
gpt2,question,certainty_to_uncertainty,False,0.9367777109146118,0.9852383732795715,0.9778979420661926,0.9598822593688965,0.9761437177658081,0.9773158431053162
gpt2,past_to_future,past_to_future,True,0.9104359149932861,0.9757798910140991,0.9399041533470154,0.9727444648742676,0.9812314510345459,0.9395128488540649
gpt2,past_to_future,certainty_to_uncertainty,False,0.9355025291442871,0.9798409938812256,0.9500604271888733,0.9615926742553711,0.977449893951416,0.9425555467605591
gpt2,past_to_future,past_to_future,True,0.9147449731826782,0.9736219048500061,0.9393534064292908,0.9754329919815063,0.9846867322921753,0.9365777969360352
gpt2,past_to_future,certainty_to_uncertainty,False,0.9408854246139526,0.9924944043159485,0.9762872457504272,0.9615426063537598,0.9883664846420288,0.9629547595977783
gpt2,past_to_future,past_to_future,True,0.8555653691291809,0.9549089670181274,0.9238634705543518,0.9554187059402466,0.9795427322387695,0.9362531900405884
gpt2,certainty_to_uncertainty,certainty_to_uncertainty,True,0.9324848651885986,0.9961685538291931,0.9806175827980042,0.9624546766281128,0.9887535572052002,0.9679293632507324
gpt2,certainty_to_uncertainty,certainty_to_uncertainty,True,0.9374438524246216,0.993867039680481,0.9702823162078857,0.9725887775421143,0.9869719743728638,0.9579892158508301
gpt2,certainty_to_uncertainty,certainty_to_uncertainty,True,0.9325187802314758,0.9945326447486877,0.9889680743217468,0.9435232877731323,0.979636549949646,0.9770472049713135
gpt2,certainty_to_uncertainty,certainty_to_uncertainty,True,0.9377256631851196,0.9916785955429077,0.9733280539512634,0.9600683450698853,0.9781476259231567,0.9675496816635132
gpt2,certainty_to_uncertainty,certainty_to_uncertainty,True,0.9492277503013611,0.9846105575561523,0.9540129899978638,0.9761912226676941,0.9717304110527039,0.9382807612419128
gpt2,active_to_passive,active_to_passive,True,0.9527976512908936,0.846098005771637,0.8299381732940674,0.8252813816070557,0.8102771639823914,0.7714123129844666
gpt2,active_to_passive,active_to_passive,True,0.9826434254646301,0.9343922138214111,0.914883553981781,0.910531222820282,0.9030815362930298,0.871344804763794
gpt2,active_to_passive,active_to_passive,True,0.9652423858642578,0.8917449116706848,0.8692650198936462,0.868019700050354,0.8572795391082764,0.8166313767433167
gpt2,active_to_passive,active_to_passive,True,0.9693694114685059,0.9323699474334717,0.9103302359580994,0.8993152976036072,0.9032175540924072,0.8645923137664795
gpt2,active_to_passive,active_to_passive,True,0.9743708372116089,0.9221528768539429,0.8942281007766724,0.9079408645629883,0.8944547176361084,0.850014865398407
gpt2,formalization,certainty_to_uncertainty,False,0.9353540539741516,0.989843487739563,0.9882516860961914,0.9294191002845764,0.9723917245864868,0.9676921367645264
gpt2,formalization,active_to_passive,False,0.9646021127700806,0.9611635208129883,0.9345753788948059,0.9615025520324707,0.9398186802864075,0.910541832447052
gpt2,formalization,certainty_to_uncertainty,False,0.9450545310974121,0.9858548045158386,0.9822503924369812,0.9399296045303345,0.9695197939872742,0.9593592882156372
gpt2,formalization,formalization,True,0.93794846534729,0.9865546822547913,0.9892494082450867,0.9446280002593994,0.9754011631011963,0.9703863859176636
gpt2,formalization,formalization,True,0.8650607466697693,0.9437289237976074,0.9741889238357544,0.8636499643325806,0.9274288415908813,0.9650821089744568
gpt2,negation,negation,True,0.9321463108062744,0.9634972810745239,0.9473856091499329,0.980440616607666,0.961000382900238,0.9395152926445007
gpt2,negation,negation,True,0.9534709453582764,0.9669339060783386,0.9369446039199829,0.976921558380127,0.9512007236480713,0.9157091379165649
gpt2,negation,negation,True,0.8322322964668274,0.8503309488296509,0.8397125601768494,0.9133734703063965,0.863728404045105,0.8423570990562439
gpt2,negation,negation,True,0.9054089784622192,0.9277657270431519,0.9207761883735657,0.9488294124603271,0.92947918176651,0.9064449071884155
gpt2,negation,negation,True,0.9053524732589722,0.9700044393539429,0.953135073184967,0.9757982492446899,0.9750608205795288,0.9485352635383606
gpt2,question,question,True,0.8377651572227478,0.9264457821846008,0.9263725280761719,0.917292594909668,0.9374743700027466,0.9671838283538818
gpt2,question,question,True,0.8014898300170898,0.865044116973877,0.9026916027069092,0.8132227659225464,0.8552277088165283,0.9139119386672974
gpt2,question,question,True,0.7875549793243408,0.9173096418380737,0.9324437379837036,0.856991708278656,0.9295450448989868,0.9654158353805542
gpt2,question,formalization,False,0.764743983745575,0.8355371952056885,0.8915711045265198,0.7317414879798889,0.8163672089576721,0.8891388177871704
gpt2,question,question,True,0.875602126121521,0.9382643699645996,0.9566332697868347,0.907440185546875,0.9360553622245789,0.9695888161659241
gpt2,past_to_future,past_to_future,True,0.92765212059021,0.9843757152557373,0.9667433500289917,0.9637689590454102,0.9853105545043945,0.953284740447998
gpt2,past_to_future,certainty_to_uncertainty,False,0.9344274997711182,0.9870613813400269,0.9823313355445862,0.938002347946167,0.9824977517127991,0.9690484404563904
gpt2,past_to_future,past_to_future,True,0.9135066866874695,0.9495545029640198,0.9497005939483643,0.9154882431030273,0.9533766508102417,0.9242386817932129
gpt2,past_to_future,formalization,False,0.9186998605728149,0.9659385085105896,0.9781496524810791,0.8994912505149841,0.9563617706298828,0.9510940313339233
gpt2,past_to_future,past_to_future,True,0.6969360113143921,0.8234013319015503,0.8333910703659058,0.7819764614105225,0.859893262386322,0.8434309363365173
gpt2,certainty_to_uncertainty,certainty_to_uncertainty,True,0.9335550665855408,0.9894472360610962,0.9834930896759033,0.9469336271286011,0.9783546328544617,0.9631434679031372
gpt2,certainty_to_uncertainty,certainty_to_uncertainty,True,0.9380273222923279,0.9914810061454773,0.9757538437843323,0.9628713130950928,0.982494592666626,0.9575440287590027
gpt2,certainty_to_uncertainty,formalization,False,0.8822059631347656,0.940471351146698,0.9651175737380981,0.8595077395439148,0.921406626701355,0.9431078433990479
gpt2,certainty_to_uncertainty,formalization,False,0.8902912735939026,0.9468137621879578,0.9653027057647705,0.8769710063934326,0.92972332239151,0.9532456398010254
gpt2,certainty_to_uncertainty,certainty_to_uncertainty,True,0.9638339281082153,0.9850720167160034,0.9625920057296753,0.96868896484375,0.966480016708374,0.937450110912323
gpt2,active_to_passive,active_to_passive,True,0.5993004441261292,0.3623166084289551,0.39237090945243835,0.36827534437179565,0.3152766823768616,0.2963149845600128
gpt2,active_to_passive,active_to_passive,True,0.7834330797195435,0.6236231923103333,0.6479220390319824,0.622856616973877,0.5823199152946472,0.5747992396354675
gpt2,active_to_passive,active_to_passive,True,0.6466388702392578,0.42510727047920227,0.4553413987159729,0.41493940353393555,0.3726455271244049,0.35890161991119385
gpt2,active_to_passive,active_to_passive,True,0.8325095176696777,0.6658822298049927,0.6824442148208618,0.6351775527000427,0.6226458549499512,0.5939230918884277
gpt2,active_to_passive,active_to_passive,True,0.8302478790283203,0.640498697757721,0.6435006260871887,0.6487863659858704,0.5970214605331421,0.5543089509010315
gpt2,formalization,formalization,True,0.9026759266853333,0.9475293159484863,0.9695417881011963,0.8674421906471252,0.9262078404426575,0.9360387921333313
gpt2,formalization,active_to_passive,False,0.9614179134368896,0.9339993000030518,0.9284795522689819,0.9336708784103394,0.9073112607002258,0.8958490490913391
gpt2,formalization,formalization,True,0.9294683337211609,0.9719312191009521,0.9867742657661438,0.9143967032432556,0.9552600383758545,0.9588286876678467
gpt2,formalization,formalization,True,0.8421331644058228,0.8799616694450378,0.9257922172546387,0.816332995891571,0.8691238164901733,0.8946267366409302
gpt2,formalization,formalization,True,0.08886296302080154,0.14888858795166016,0.2724113166332245,0.019275404512882233,0.13447320461273193,0.25863537192344666
gpt2,negation,negation,True,0.8996807336807251,0.9425753355026245,0.9086083173751831,0.9916966557502747,0.9466565847396851,0.916713297367096
gpt2,negation,negation,True,0.9296243190765381,0.9273545742034912,0.8854562044143677,0.972525417804718,0.9117313623428345,0.8700034022331238
gpt2,negation,negation,True,0.8194174766540527,0.8389855027198792,0.8088210225105286,0.9318857192993164,0.8500858545303345,0.8268653154373169
gpt2,negation,negation,True,0.8687992691993713,0.8890684843063354,0.8593899011611938,0.9602820873260498,0.8946985602378845,0.8619644045829773
gpt2,negation,negation,True,0.8857834339141846,0.9322149753570557,0.8941406607627869,0.9898337125778198,0.9394845366477966,0.8983715772628784
gpt2,question,question,True,0.8150791525840759,0.9161897897720337,0.9062390327453613,0.9149569272994995,0.9258573055267334,0.9584663510322571
gpt2,question,question,True,0.8068068027496338,0.8868286609649658,0.9151259064674377,0.8416299223899841,0.8758000135421753,0.9369118809700012
gpt2,question,question,True,0.8784680366516113,0.9721174240112305,0.9647856950759888,0.9403359889984131,0.9713941812515259,0.9874744415283203
gpt2,question,question,True,0.6950746178627014,0.7862828373908997,0.8502120971679688,0.6854878067970276,0.7678824663162231,0.8650026321411133
gpt2,question,question,True,0.8649846911430359,0.9391214847564697,0.9524185657501221,0.9204657077789307,0.937920093536377,0.9740564823150635
gpt2,past_to_future,past_to_future,True,0.8961359262466431,0.9743819236755371,0.9440100789070129,0.9809838533401489,0.9880645275115967,0.951582670211792
gpt2,past_to_future,past_to_future,True,0.9147080183029175,0.9692637920379639,0.953671932220459,0.9573777318000793,0.9721293449401855,0.9605953097343445
gpt2,past_to_future,past_to_future,True,0.727562427520752,0.8205220699310303,0.8093488216400146,0.8575286269187927,0.8637025356292725,0.840948224067688
gpt2,past_to_future,formalization,False,0.9147777557373047,0.9734705090522766,0.9765956997871399,0.9388926029205322,0.9747726321220398,0.9697252511978149
gpt2,past_to_future,past_to_future,True,0.4339076280593872,0.5950047969818115,0.572980523109436,0.6676202416419983,0.6685794591903687,0.6511752605438232
gpt2,certainty_to_uncertainty,certainty_to_uncertainty,True,0.9320884943008423,0.9924305081367493,0.9822641611099243,0.9646704196929932,0.9833831191062927,0.9706311821937561
gpt2,certainty_to_uncertainty,certainty_to_uncertainty,True,0.9428852200508118,0.9883890151977539,0.9631098508834839,0.9803158044815063,0.9779094457626343,0.9491047263145447
gpt2,certainty_to_uncertainty,formalization,False,0.8834173679351807,0.954910397529602,0.9764084815979004,0.8792340755462646,0.93476402759552,0.9636805057525635
gpt2,certainty_to_uncertainty,formalization,False,0.9003912210464478,0.9700659513473511,0.9801053404808044,0.9070027470588684,0.9521098136901855,0.9761272668838501
gpt2,certainty_to_uncertainty,certainty_to_uncertainty,True,0.9577047824859619,0.9747452735900879,0.943000078201294,0.973336935043335,0.9559271335601807,0.9215402603149414
gpt2,active_to_passive,negation,False,0.49789440631866455,0.4348101317882538,0.4050220847129822,0.5260429978370667,0.44323036074638367,0.4132692515850067
gpt2,active_to_passive,negation,False,0.6819329857826233,0.6571881175041199,0.6393381357192993,0.7103081941604614,0.6539779901504517,0.6457843780517578
gpt2,active_to_passive,active_to_passive,True,0.8693501949310303,0.79313063621521,0.7622799873352051,0.8311652541160583,0.7724217176437378,0.7388129234313965
gpt2,active_to_passive,active_to_passive,True,0.9231129288673401,0.8770686388015747,0.8519248962402344,0.8934396505355835,0.8620154857635498,0.824501633644104
gpt2,active_to_passive,negation,False,0.8801858425140381,0.8420718908309937,0.8000299334526062,0.8892577886581421,0.8354325294494629,0.7839757800102234
gpt2,formalization,formalization,True,0.878545880317688,0.9424991011619568,0.9746803045272827,0.8455292582511902,0.918555498123169,0.9472160339355469
gpt2,formalization,negation,False,0.9434936046600342,0.9258159399032593,0.9053281545639038,0.950153112411499,0.9033592939376831,0.8852111101150513
gpt2,formalization,formalization,True,0.9218242764472961,0.971875011920929,0.9889038801193237,0.9145442843437195,0.9541987180709839,0.9665627479553223
gpt2,formalization,formalization,True,0.8423141837120056,0.9034444689750671,0.9456498622894287,0.847218930721283,0.8935996890068054,0.9295619130134583
gpt2,formalization,question,False,0.007557690143585205,0.10578569024801254,0.2288053333759308,-0.011834561824798584,0.09642482548952103,0.24217750132083893
gpt2,negation,negation,True,0.9342570900917053,0.971444845199585,0.9395425915718079,0.9946020841598511,0.9695270657539368,0.9361155033111572
gpt2,negation,negation,True,0.9405494928359985,0.9625949263572693,0.9249116778373718,0.9849787950515747,0.9507580995559692,0.9120311737060547
gpt2,negation,negation,True,0.9291443824768066,0.9483095407485962,0.9178930521011353,0.9870792627334595,0.9466116428375244,0.9112564325332642
gpt2,negation,negation,True,0.9360554218292236,0.9662981033325195,0.9376934766769409,0.9930992126464844,0.9658969640731812,0.9284690618515015
gpt2,negation,negation,True,0.9214022159576416,0.9738425016403198,0.9437434673309326,0.9872824549674988,0.9757517576217651,0.9355534911155701
gpt2,question,certainty_to_uncertainty,False,0.9171950817108154,0.9688373804092407,0.9497263431549072,0.9627773761749268,0.9652935862541199,0.9640206098556519
gpt2,question,question,True,0.888808012008667,0.9590078592300415,0.9636716842651367,0.925409197807312,0.9492952823638916,0.9746447801589966
gpt2,question,certainty_to_uncertainty,False,0.9072058200836182,0.9888840913772583,0.9742465019226074,0.958710789680481,0.9870131015777588,0.9848635792732239
gpt2,question,question,True,0.8428288102149963,0.9226886630058289,0.9543467164039612,0.840088963508606,0.9045758247375488,0.9560213685035706
gpt2,question,question,True,0.9071764945983887,0.9681705832481384,0.9712152481079102,0.9499176144599915,0.9644321203231812,0.9824962019920349
gpt2,past_to_future,past_to_future,True,0.9040043354034424,0.9785892367362976,0.9518372416496277,0.9699431657791138,0.9887290000915527,0.9474143981933594
gpt2,past_to_future,certainty_to_uncertainty,False,0.9358605146408081,0.9894775748252869,0.9714367985725403,0.9585561752319336,0.9882532358169556,0.962848961353302
gpt2,past_to_future,past_to_future,True,0.9220905303955078,0.967728853225708,0.9501445293426514,0.9632989168167114,0.9789412021636963,0.9398483037948608
gpt2,past_to_future,certainty_to_uncertainty,False,0.947651743888855,0.9931010603904724,0.9817483425140381,0.9605482220649719,0.986854076385498,0.965482771396637
gpt2,past_to_future,past_to_future,True,0.574280321598053,0.7458100318908691,0.754994809627533,0.729310929775238,0.8056738376617432,0.8006373047828674
gpt2,certainty_to_uncertainty,certainty_to_uncertainty,True,0.9456707239151001,0.9958649277687073,0.9804420471191406,0.971603274345398,0.9855444431304932,0.9644544720649719
gpt2,certainty_to_uncertainty,certainty_to_uncertainty,True,0.9486613273620605,0.9926577806472778,0.9684003591537476,0.9766969680786133,0.9823311567306519,0.9525647759437561
gpt2,certainty_to_uncertainty,formalization,False,0.9238760471343994,0.9819581508636475,0.9870945811271667,0.9236029982566833,0.9641001224517822,0.9716209769248962
gpt2,certainty_to_uncertainty,certainty_to_uncertainty,True,0.9327971935272217,0.9892720580101013,0.9807126522064209,0.9491914510726929,0.9742826223373413,0.9744855165481567
gpt2,certainty_to_uncertainty,certainty_to_uncertainty,True,0.9596776366233826,0.9771453738212585,0.9454035758972168,0.9760798215866089,0.9600380659103394,0.9247119426727295
gpt2,active_to_passive,active_to_passive,True,0.49468550086021423,0.3672299385070801,0.33327940106391907,0.4849863648414612,0.35280150175094604,0.3340581953525543
gpt2,active_to_passive,negation,False,0.6858992576599121,0.6387771368026733,0.6168811321258545,0.7036700248718262,0.6219640970230103,0.6222026348114014
gpt2,active_to_passive,active_to_passive,True,0.9202263951301575,0.8319638967514038,0.7943624258041382,0.8556383848190308,0.7996306419372559,0.7593518495559692
gpt2,active_to_passive,active_to_passive,True,0.9171241521835327,0.8702293634414673,0.8428142666816711,0.9076219201087952,0.8513587713241577,0.8294274210929871
gpt2,active_to_passive,active_to_passive,True,0.8611228466033936,0.7903083562850952,0.7565722465515137,0.8520410060882568,0.7712793350219727,0.743362545967102
gpt2,formalization,formalization,True,0.9212124347686768,0.9844655990600586,0.9881128668785095,0.925899863243103,0.9687663912773132,0.9713530540466309
gpt2,formalization,negation,False,0.9576488733291626,0.9567779302597046,0.9368548393249512,0.9620017409324646,0.9359774589538574,0.9174622893333435
gpt2,formalization,formalization,True,0.9401854276657104,0.9859062433242798,0.9907950162887573,0.9370979070663452,0.9700152277946472,0.9677203893661499
gpt2,formalization,formalization,True,0.9185186624526978,0.9657536745071411,0.9844305515289307,0.9166781902313232,0.9534476399421692,0.962253212928772
gpt2,formalization,question,False,0.6520475149154663,0.7635324001312256,0.8233886361122131,0.678936243057251,0.7543380260467529,0.8322452902793884
gpt2,negation,negation,True,0.9365698099136353,0.9748545289039612,0.9379622936248779,0.9871949553489685,0.9703395366668701,0.9308851957321167
gpt2,negation,negation,True,0.9491924047470093,0.9649174213409424,0.9283703565597534,0.9692609310150146,0.9480493068695068,0.9066368341445923
gpt2,negation,negation,True,0.9366612434387207,0.9760459661483765,0.9416481256484985,0.984622061252594,0.9714998602867126,0.9337130188941956
gpt2,negation,negation,True,0.9458645582199097,0.9722594618797302,0.9341337084770203,0.9821380376815796,0.9649368524551392,0.9188532829284668
gpt2,negation,negation,True,0.923429012298584,0.9770681858062744,0.942274272441864,0.9822628498077393,0.9762476682662964,0.9319418668746948
gpt2,question,certainty_to_uncertainty,False,0.9191696047782898,0.9832971096038818,0.9685164093971252,0.9436106085777283,0.9746271967887878,0.9698003530502319
gpt2,question,certainty_to_uncertainty,False,0.9400924444198608,0.9917284250259399,0.9859789609909058,0.9394700527191162,0.9745540618896484,0.9744403958320618
gpt2,question,certainty_to_uncertainty,False,0.9098294377326965,0.9865843057632446,0.9701154232025146,0.9422022104263306,0.9798250198364258,0.9714517593383789
gpt2,question,formalization,False,0.9239078760147095,0.9780337810516357,0.9834115505218506,0.9043262004852295,0.9571164846420288,0.9664954543113708
gpt2,question,certainty_to_uncertainty,False,0.9456535577774048,0.9898788928985596,0.979855477809906,0.9537239670753479,0.976646900177002,0.9697374105453491
gpt2,past_to_future,past_to_future,True,0.9091164469718933,0.9763743281364441,0.9445013999938965,0.957666277885437,0.9798950552940369,0.9365354776382446
gpt2,past_to_future,certainty_to_uncertainty,False,0.9394474029541016,0.9838300943374634,0.9595475196838379,0.9488525390625,0.9752613306045532,0.9451355934143066
gpt2,past_to_future,certainty_to_uncertainty,False,0.9368358850479126,0.9803997278213501,0.9494765400886536,0.9604398012161255,0.9789747595787048,0.9338998198509216
gpt2,past_to_future,certainty_to_uncertainty,False,0.936995267868042,0.991125226020813,0.973289966583252,0.9519672393798828,0.9848357439041138,0.9589775204658508
gpt2,past_to_future,past_to_future,True,0.8856753706932068,0.9688938856124878,0.9380007386207581,0.9508566856384277,0.9817425012588501,0.939842939376831
gpt2,certainty_to_uncertainty,certainty_to_uncertainty,True,0.9249154925346375,0.9917163848876953,0.9787967205047607,0.9500331878662109,0.9851599335670471,0.9642180800437927
gpt2,certainty_to_uncertainty,certainty_to_uncertainty,True,0.9329773783683777,0.9892242550849915,0.9693554043769836,0.9530522227287292,0.9806016683578491,0.9524084329605103
gpt2,certainty_to_uncertainty,certainty_to_uncertainty,True,0.9436043500900269,0.9863331317901611,0.9817069172859192,0.9231657981872559,0.9648466110229492,0.9555656313896179
gpt2,certainty_to_uncertainty,certainty_to_uncertainty,True,0.9465276598930359,0.9885897636413574,0.9751968383789062,0.9369668960571289,0.9687180519104004,0.9550731182098389
gpt2,certainty_to_uncertainty,certainty_to_uncertainty,True,0.9517940282821655,0.9804613590240479,0.9501238465309143,0.9623624682426453,0.9644437432289124,0.9278606176376343
gpt2,active_to_passive,active_to_passive,True,0.9623661041259766,0.9186376333236694,0.8861294984817505,0.9121562242507935,0.8984522819519043,0.8479713201522827
gpt2,active_to_passive,active_to_passive,True,0.9707791805267334,0.9609571099281311,0.9368904232978821,0.9334864020347595,0.9392540454864502,0.9025779366493225
gpt2,active_to_passive,active_to_passive,True,0.9664132595062256,0.9408646821975708,0.9182753562927246,0.9080790877342224,0.9150855541229248,0.8777962923049927
gpt2,active_to_passive,active_to_passive,True,0.9628786444664001,0.9519661664962769,0.9194748997688293,0.9348601698875427,0.9327826499938965,0.8869941830635071
gpt2,active_to_passive,active_to_passive,True,0.9644435048103333,0.9457794427871704,0.9105044603347778,0.9377126693725586,0.9260537028312683,0.8779321908950806
gpt2,formalization,certainty_to_uncertainty,False,0.9399744272232056,0.9832324981689453,0.9796032905578613,0.9173839688301086,0.961869478225708,0.9505801200866699
gpt2,formalization,active_to_passive,False,0.9671634435653687,0.9644858837127686,0.9391196370124817,0.9530907869338989,0.9408002495765686,0.9099741578102112
gpt2,formalization,certainty_to_uncertainty,False,0.9421614408493042,0.9812507629394531,0.9774870872497559,0.9259952306747437,0.9623008966445923,0.949583113193512
gpt2,formalization,formalization,True,0.9421623945236206,0.9833217859268188,0.9838826060295105,0.9277944564819336,0.9670414924621582,0.9561738967895508
gpt2,formalization,formalization,True,0.8837432861328125,0.9500812888145447,0.9777330160140991,0.8530310988426208,0.9281454086303711,0.9531941413879395
gpt2,negation,negation,True,0.7864563465118408,0.8594951033592224,0.8231160640716553,0.9439849257469177,0.8829009532928467,0.8571610450744629
gpt2,negation,negation,True,0.8929617404937744,0.9043054580688477,0.8631222248077393,0.9699754118919373,0.8965069055557251,0.8580290079116821
gpt2,negation,negation,True,0.26825204491615295,0.28750908374786377,0.26920777559280396,0.47210949659347534,0.3318292498588562,0.3292333483695984
gpt2,negation,negation,True,0.49283266067504883,0.5498057007789612,0.5329018831253052,0.692333459854126,0.59253990650177,0.5794427990913391
gpt2,negation,negation,True,0.7200188636779785,0.8129512667655945,0.7807711958885193,0.909523606300354,0.8480337858200073,0.8146909475326538
gpt2,question,question,True,0.8105398416519165,0.8985081315040588,0.882317841053009,0.9151484966278076,0.9125876426696777,0.9326285123825073
gpt2,question,question,True,0.7184700965881348,0.800046443939209,0.8403967618942261,0.768945574760437,0.7972254753112793,0.8734925985336304
gpt2,question,question,True,0.8213739395141602,0.933763861656189,0.9379163980484009,0.9080435633659363,0.9436285495758057,0.9748022556304932
gpt2,question,question,True,0.5126653909683228,0.619683027267456,0.7042843103408813,0.5116642713546753,0.610102653503418,0.7293817400932312
gpt2,question,question,True,0.7731165885925293,0.8590600490570068,0.8927438259124756,0.8406217098236084,0.8676020503044128,0.9273561835289001
gpt2,past_to_future,past_to_future,True,0.8687340021133423,0.9520494937896729,0.9218037128448486,0.9669609069824219,0.9766420125961304,0.9323093295097351
gpt2,past_to_future,past_to_future,True,0.8998692035675049,0.9595010280609131,0.9499921202659607,0.9444631338119507,0.9748758673667908,0.9566061496734619
gpt2,past_to_future,negation,False,0.8272503614425659,0.8747572302818298,0.8595269918441772,0.9162192344665527,0.9111207723617554,0.8705856800079346
gpt2,past_to_future,past_to_future,True,0.903249979019165,0.9655197262763977,0.9618455171585083,0.9522157907485962,0.9747868776321411,0.9628830552101135
gpt2,past_to_future,question,False,-0.08915545791387558,0.09037119150161743,0.11462417244911194,0.15291491150856018,0.18762364983558655,0.21106073260307312
gpt2,certainty_to_uncertainty,formalization,False,0.9095346927642822,0.9771086573600769,0.9771976470947266,0.9523293972015381,0.9718741178512573,0.9677693843841553
gpt2,certainty_to_uncertainty,certainty_to_uncertainty,True,0.9250531792640686,0.984691858291626,0.9689885377883911,0.975262463092804,0.9803516864776611,0.9604809284210205
gpt2,certainty_to_uncertainty,formalization,False,0.8187708854675293,0.904470682144165,0.9400530457496643,0.8350170254707336,0.8937013149261475,0.9382890462875366
gpt2,certainty_to_uncertainty,question,False,0.8681320548057556,0.9416929483413696,0.9557827711105347,0.8987393379211426,0.9317082166671753,0.9638811349868774
gpt2,certainty_to_uncertainty,negation,False,0.9579005241394043,0.9763712286949158,0.9481518268585205,0.9779552221298218,0.960020899772644,0.9282118082046509
gpt2,active_to_passive,active_to_passive,True,0.3187061846256256,0.1335965394973755,0.1907113790512085,0.0966961532831192,0.11477651447057724,0.11197076737880707
gpt2,active_to_passive,active_to_passive,True,0.6568957567214966,0.5455878973007202,0.5848888158798218,0.5308879613876343,0.5219787359237671,0.5363510251045227
gpt2,active_to_passive,active_to_passive,True,0.8640071153640747,0.7143820524215698,0.7254724502563477,0.6916767358779907,0.6761441230773926,0.6520731449127197
gpt2,active_to_passive,active_to_passive,True,0.871338427066803,0.7666348814964294,0.782356321811676,0.7294479608535767,0.7427635192871094,0.716255247592926
gpt2,active_to_passive,active_to_passive,True,0.9159097671508789,0.8081974387168884,0.7930806279182434,0.8160195350646973,0.7876453399658203,0.7330131530761719
gpt2,formalization,formalization,True,0.8567423820495605,0.9300792813301086,0.963013231754303,0.8557389378547668,0.9171144962310791,0.94779372215271
gpt2,formalization,active_to_passive,False,0.9335775971412659,0.9166487455368042,0.9136781692504883,0.9307632446289062,0.8955379724502563,0.895042896270752
gpt2,formalization,formalization,True,0.8961234092712402,0.9432148933410645,0.9716111421585083,0.8868725299835205,0.9298321604728699,0.9481602311134338
gpt2,formalization,formalization,True,0.7375105023384094,0.7862209677696228,0.8508172035217285,0.735916256904602,0.7830386757850647,0.8328434824943542
gpt2,formalization,question,False,-0.21176034212112427,-0.11758287250995636,-0.0016634352505207062,-0.18858854472637177,-0.10826998203992844,0.03097083419561386
gpt2,negation,negation,True,0.7595059871673584,0.8546169996261597,0.8281248807907104,0.9274246692657471,0.8813042640686035,0.8685352206230164
gpt2,negation,negation,True,0.8977309465408325,0.9339965581893921,0.8924652338027954,0.983288586139679,0.9296598434448242,0.894415020942688
gpt2,negation,negation,True,0.5607569217681885,0.6446596384048462,0.6341614127159119,0.7566291689872742,0.6817690134048462,0.6924883127212524
gpt2,negation,negation,True,0.7681142091751099,0.8370912671089172,0.8105372190475464,0.920329213142395,0.8616712093353271,0.8380069732666016
gpt2,negation,negation,True,0.7486941814422607,0.8687000274658203,0.8459505438804626,0.9286079406738281,0.9005600810050964,0.8830718994140625
gpt2,question,question,True,0.7025895118713379,0.8403241634368896,0.8386428356170654,0.8489919900894165,0.8646959066390991,0.910471498966217
gpt2,question,question,True,0.8269791603088379,0.9306542277336121,0.9482361674308777,0.8791868090629578,0.9268736243247986,0.9711213111877441
gpt2,question,question,True,0.6511809825897217,0.8283963203430176,0.842158317565918,0.7921487092971802,0.8532352447509766,0.9102051258087158
gpt2,question,question,True,0.7821879982948303,0.8910355567932129,0.930387020111084,0.8085207343101501,0.8823329210281372,0.9475444555282593
gpt2,question,question,True,0.8589051961898804,0.9490998983383179,0.958855152130127,0.9230346083641052,0.9522140026092529,0.9827174544334412
gpt2,past_to_future,past_to_future,True,0.7201817631721497,0.8749352693557739,0.8598467707633972,0.8930726051330566,0.9153619408607483,0.8999168276786804
gpt2,past_to_future,past_to_future,True,0.8365059494972229,0.9409316778182983,0.9314839839935303,0.9217297434806824,0.9556376934051514,0.9555052518844604
gpt2,past_to_future,question,False,0.24277734756469727,0.433003306388855,0.4603114128112793,0.45440858602523804,0.5040692687034607,0.5328018665313721
gpt2,past_to_future,past_to_future,True,0.8692137002944946,0.9668115973472595,0.9671991467475891,0.931734025478363,0.9758652448654175,0.9701601266860962
gpt2,past_to_future,question,False,-0.40392664074897766,-0.22982779145240784,-0.22430768609046936,-0.1398688554763794,-0.1442066729068756,-0.11456356942653656
gpt2,certainty_to_uncertainty,past_to_future,False,0.8637368083000183,0.9716264009475708,0.9625115990638733,0.9529222249984741,0.9780863523483276,0.9749448299407959
gpt2,certainty_to_uncertainty,past_to_future,False,0.8631389737129211,0.9676336050033569,0.9453703165054321,0.9669777154922485,0.9753497838973999,0.9611999988555908
gpt2,certainty_to_uncertainty,formalization,False,0.8820761442184448,0.9702196717262268,0.983303427696228,0.9037034511566162,0.959131121635437,0.9790025949478149
gpt2,certainty_to_uncertainty,certainty_to_uncertainty,True,0.9047825336456299,0.981124997138977,0.9775280952453613,0.9413608312606812,0.9710986018180847,0.9799400568008423
gpt2,certainty_to_uncertainty,negation,False,0.9384257793426514,0.9804946780204773,0.9487485885620117,0.9841894507408142,0.9696860909461975,0.9389776587486267
gpt2,active_to_passive,active_to_passive,True,-0.5572146773338318,-0.7315627932548523,-0.7025194764137268,-0.6598280668258667,-0.7262121438980103,-0.7181803584098816
gpt2,active_to_passive,active_to_passive,True,0.3221690058708191,0.20374363660812378,0.210689514875412,0.2874883711338043,0.19576242566108704,0.20500512421131134
gpt2,active_to_passive,active_to_passive,True,0.174420565366745,-0.0726727843284607,-0.0731281042098999,0.004084467887878418,-0.09434528648853302,-0.12078376114368439
gpt2,active_to_passive,active_to_passive,True,0.748956561088562,0.5966043472290039,0.587555468082428,0.6535245180130005,0.5829328298568726,0.5396816730499268
gpt2,active_to_passive,active_to_passive,True,0.5603942275047302,0.36927634477615356,0.33641189336776733,0.48642733693122864,0.35804545879364014,0.29718539118766785
gpt2,formalization,formalization,True,0.896796464920044,0.9779444336891174,0.9876651763916016,0.9162816405296326,0.9670305252075195,0.9773571491241455
gpt2,formalization,negation,False,0.9270341396331787,0.940561056137085,0.9239490032196045,0.956506609916687,0.9249720573425293,0.9140625596046448
gpt2,formalization,formalization,True,0.9204198122024536,0.9852796792984009,0.9934895634651184,0.9371625781059265,0.9745582938194275,0.9802510738372803
gpt2,formalization,formalization,True,0.8742569088935852,0.9546992778778076,0.9769991636276245,0.909143328666687,0.9516628980636597,0.971863865852356
gpt2,formalization,question,False,0.5663687586784363,0.6969955563545227,0.7638077735900879,0.6186882853507996,0.6962988972663879,0.7845240235328674
gpt2,negation,negation,True,0.9273512363433838,0.9750733971595764,0.9437548518180847,0.9931057095527649,0.9761964082717896,0.9437116384506226
gpt2,negation,negation,True,0.9544169902801514,0.9604034423828125,0.9258151054382324,0.9702290296554565,0.9427919387817383,0.9028463363647461
gpt2,negation,negation,True,0.9390870332717896,0.9582054615020752,0.9340462684631348,0.9793989658355713,0.9541215896606445,0.9242557287216187
gpt2,negation,negation,True,0.9515625238418579,0.9590431451797485,0.9189344644546509,0.9758050441741943,0.9498605728149414,0.8966429233551025
gpt2,negation,negation,True,0.9254096150398254,0.9717378616333008,0.938687801361084,0.987526535987854,0.9730525016784668,0.9291455745697021
gpt2,question,certainty_to_uncertainty,False,0.9093149900436401,0.9707282781600952,0.9483767747879028,0.9469680786132812,0.9647248983383179,0.9587590098381042
gpt2,question,certainty_to_uncertainty,False,0.9337745904922485,0.9904825091362,0.9835654497146606,0.9425497651100159,0.9757290482521057,0.980100691318512
gpt2,question,certainty_to_uncertainty,False,0.9126154184341431,0.9848359823226929,0.9659844040870667,0.9473969340324402,0.9781054854393005,0.9698293805122375
gpt2,question,formalization,False,0.9142143726348877,0.9772230386734009,0.9829149842262268,0.9069585204124451,0.9592435359954834,0.9760501980781555
gpt2,question,certainty_to_uncertainty,False,0.9339902400970459,0.9878358244895935,0.9799749851226807,0.9533708691596985,0.9785106182098389,0.9791712760925293
gpt2,past_to_future,certainty_to_uncertainty,False,0.9312915205955505,0.9796972870826721,0.9491348266601562,0.9667024612426758,0.9771740436553955,0.9379598498344421
gpt2,past_to_future,certainty_to_uncertainty,False,0.9491695165634155,0.9795401096343994,0.9540481567382812,0.9501979351043701,0.969825267791748,0.9377816915512085
gpt2,past_to_future,past_to_future,True,0.943488359451294,0.9847272038459778,0.9604581594467163,0.9649201035499573,0.9847942590713501,0.9458243250846863
gpt2,past_to_future,certainty_to_uncertainty,False,0.9469717144966125,0.9882365465164185,0.9731398820877075,0.9486575722694397,0.9786056280136108,0.9535729885101318
gpt2,past_to_future,past_to_future,True,0.8966562747955322,0.9767115116119385,0.9564026594161987,0.9507659077644348,0.9856058359146118,0.9552052617073059
gpt2,certainty_to_uncertainty,certainty_to_uncertainty,True,0.9375430941581726,0.9918444752693176,0.9755270481109619,0.9511167407035828,0.9798726439476013,0.9575002789497375
gpt2,certainty_to_uncertainty,certainty_to_uncertainty,True,0.9440261125564575,0.9895917177200317,0.9655500054359436,0.9608951210975647,0.9770769476890564,0.947240948677063
gpt2,certainty_to_uncertainty,certainty_to_uncertainty,True,0.937965989112854,0.989643931388855,0.9846785068511963,0.9273375868797302,0.9706716537475586,0.9654203057289124
gpt2,certainty_to_uncertainty,certainty_to_uncertainty,True,0.9396347403526306,0.9896115660667419,0.9767677783966064,0.938266932964325,0.9724440574645996,0.9637226462364197
gpt2,certainty_to_uncertainty,certainty_to_uncertainty,True,0.9513223171234131,0.9813576340675354,0.9522241950035095,0.9610068798065186,0.9641491174697876,0.9307466149330139
gpt2,active_to_passive,active_to_passive,True,0.9608185291290283,0.9362664222717285,0.8981792330741882,0.9320499300956726,0.9210508465766907,0.8723303079605103
gpt2,active_to_passive,certainty_to_uncertainty,False,0.9684628248214722,0.968500018119812,0.9407141804695129,0.9492064118385315,0.9510743618011475,0.9183145761489868
gpt2,active_to_passive,active_to_passive,True,0.9658267498016357,0.9383270740509033,0.9094170331954956,0.913745641708374,0.9139068126678467,0.8759627938270569
gpt2,active_to_passive,active_to_passive,True,0.9682378172874451,0.9588664770126343,0.9308383464813232,0.9340339303016663,0.9396418333053589,0.9001558423042297
gpt2,active_to_passive,active_to_passive,True,0.9624365568161011,0.9491459131240845,0.9142923355102539,0.9340478181838989,0.9308161735534668,0.8839073181152344
gpt2,formalization,certainty_to_uncertainty,False,0.9366919994354248,0.9851341247558594,0.9833879470825195,0.917953372001648,0.9651982188224792,0.9592654705047607
gpt2,formalization,certainty_to_uncertainty,False,0.9637826085090637,0.9670001268386841,0.9428797960281372,0.9542163610458374,0.9457308053970337,0.9190060496330261
gpt2,formalization,certainty_to_uncertainty,False,0.9369452595710754,0.9782737493515015,0.9766779541969299,0.9223588109016418,0.960644543170929,0.9519892930984497
gpt2,formalization,formalization,True,0.9336516857147217,0.9806481599807739,0.9838296175003052,0.9251515865325928,0.9668364524841309,0.9612534046173096
gpt2,formalization,formalization,True,0.8661634922027588,0.9366611242294312,0.9700469374656677,0.8369041681289673,0.9158726334571838,0.9537887573242188
gpt2,negation,negation,True,0.9182618856430054,0.9767725467681885,0.9504425525665283,0.9901326298713684,0.9800119996070862,0.9536744356155396
gpt2,negation,negation,True,0.9485806226730347,0.9596233367919922,0.930192768573761,0.969415545463562,0.9427099227905273,0.9096535444259644
gpt2,negation,negation,True,0.8959939479827881,0.9436032772064209,0.9231948256492615,0.9702179431915283,0.9525812864303589,0.9260062575340271
gpt2,negation,negation,True,0.9398141503334045,0.9705396890640259,0.9456933736801147,0.9820712208747864,0.9695785045623779,0.9327728152275085
gpt2,negation,negation,True,0.8839024901390076,0.9579187631607056,0.9312241673469543,0.9809750318527222,0.9697096347808838,0.9349858164787292
gpt2,question,question,True,0.8592028617858887,0.956898033618927,0.9456998705863953,0.9259493350982666,0.9615843296051025,0.9792422652244568
gpt2,question,question,True,0.857134222984314,0.9530709385871887,0.9667510390281677,0.8839738368988037,0.9474537372589111,0.9818796515464783
gpt2,question,question,True,0.8494177460670471,0.9640371799468994,0.9563007950782776,0.9130616188049316,0.9688392877578735,0.9818287491798401
gpt2,question,question,True,0.7664275765419006,0.8761246204376221,0.9206746816635132,0.7562547922134399,0.8652622699737549,0.9308089017868042
gpt2,question,question,True,0.8743524551391602,0.9642109274864197,0.9736835360527039,0.9128159284591675,0.9647808074951172,0.9906929731369019
gpt2,past_to_future,past_to_future,True,0.9249458312988281,0.9873529672622681,0.9620953798294067,0.9699301719665527,0.9886132478713989,0.9549071788787842
gpt2,past_to_future,certainty_to_uncertainty,False,0.9273465871810913,0.9915243983268738,0.9791406393051147,0.94793701171875,0.9891972541809082,0.9718500375747681
gpt2,past_to_future,past_to_future,True,0.90040123462677,0.9777311682701111,0.9711630344390869,0.9360593557357788,0.9883875250816345,0.9667430520057678
gpt2,past_to_future,certainty_to_uncertainty,False,0.9159924983978271,0.9869112372398376,0.9863278269767761,0.9312080144882202,0.9835334420204163,0.974905788898468
gpt2,past_to_future,past_to_future,True,0.8055146932601929,0.935533881187439,0.915178656578064,0.9093819856643677,0.9668594598770142,0.9380621910095215
gpt2,certainty_to_uncertainty,certainty_to_uncertainty,True,0.917253315448761,0.993139922618866,0.9799743890762329,0.9505370855331421,0.9865713715553284,0.9709296226501465
gpt2,certainty_to_uncertainty,certainty_to_uncertainty,True,0.9222936630249023,0.994554340839386,0.9737505912780762,0.964661717414856,0.9887809753417969,0.9667021036148071
gpt2,certainty_to_uncertainty,formalization,False,0.8754737377166748,0.964502215385437,0.9786145687103271,0.8739141821861267,0.9517554640769958,0.9698041081428528
gpt2,certainty_to_uncertainty,certainty_to_uncertainty,True,0.896572470664978,0.9796964526176453,0.9796578884124756,0.9102264642715454,0.9692550897598267,0.9790790677070618
gpt2,certainty_to_uncertainty,certainty_to_uncertainty,True,0.9420309066772461,0.9906845092773438,0.9636207818984985,0.9711265563964844,0.9779019355773926,0.9504032135009766
gpt2,active_to_passive,active_to_passive,True,0.9296309351921082,0.868291437625885,0.8615498542785645,0.8490231037139893,0.8471084237098694,0.8331631422042847
gpt2,active_to_passive,active_to_passive,True,0.9130942821502686,0.9054573774337769,0.9001526832580566,0.8711506128311157,0.8876014947891235,0.8838565349578857
gpt2,active_to_passive,active_to_passive,True,0.9413503408432007,0.8830733299255371,0.8705063462257385,0.825927197933197,0.8514381647109985,0.824891984462738
gpt2,active_to_passive,active_to_passive,True,0.9733384847640991,0.9178786277770996,0.9119479060173035,0.8807372450828552,0.8914920091629028,0.8701817393302917
gpt2,active_to_passive,active_to_passive,True,0.9674363136291504,0.9070338010787964,0.8914971947669983,0.8926934003829956,0.8829606771469116,0.8552227020263672
gpt2,formalization,formalization,True,0.8738477230072021,0.9639278650283813,0.9777357578277588,0.8741609454154968,0.9523658156394958,0.9670847058296204
gpt2,formalization,certainty_to_uncertainty,False,0.9565794467926025,0.9748691320419312,0.9593729972839355,0.9563910961151123,0.956620991230011,0.9417331218719482
gpt2,formalization,formalization,True,0.915119469165802,0.9807127714157104,0.9882771372795105,0.9113105535507202,0.9677907824516296,0.9705851078033447
gpt2,formalization,formalization,True,0.8762165307998657,0.9582067728042603,0.9816403985023499,0.8822551965713501,0.9532272219657898,0.9708711504936218
gpt2,formalization,question,False,0.5578194856643677,0.7027159929275513,0.7766885161399841,0.5636965036392212,0.6998340487480164,0.7922894954681396
gpt2,negation,negation,True,0.9179044961929321,0.9535219669342041,0.9285540580749512,0.987684965133667,0.9574934840202332,0.9259637594223022
gpt2,negation,negation,True,0.9173755645751953,0.940567672252655,0.9022440314292908,0.9855122566223145,0.9321086406707764,0.8935664296150208
gpt2,negation,negation,True,0.584980845451355,0.6126283407211304,0.6067278385162354,0.7385483384132385,0.6510752439498901,0.6320017576217651
gpt2,negation,negation,True,0.8142687082290649,0.86759352684021,0.857872724533081,0.926789402961731,0.8889171481132507,0.8670138120651245
gpt2,negation,negation,True,0.8992043733596802,0.9451875686645508,0.9165131449699402,0.9817880392074585,0.9532219171524048,0.9101557731628418
gpt2,question,question,True,0.8451948165893555,0.922621488571167,0.9203698635101318,0.9031060934066772,0.9293943643569946,0.9560292959213257
gpt2,question,question,True,0.8606245517730713,0.9420091509819031,0.959970235824585,0.8884309530258179,0.9359802007675171,0.9730321168899536
gpt2,question,question,True,0.8571810126304626,0.9671742916107178,0.9626398086547852,0.9301105737686157,0.9740555882453918,0.988018274307251
gpt2,question,question,True,0.7709176540374756,0.8661195635795593,0.915082573890686,0.7603684663772583,0.8542324304580688,0.9203266501426697
gpt2,question,question,True,0.8599710464477539,0.945982038974762,0.9628382325172424,0.9072621464729309,0.9495232105255127,0.9809632301330566
gpt2,past_to_future,past_to_future,True,0.9261184334754944,0.9652666449546814,0.9378935098648071,0.9588921070098877,0.9672950506210327,0.9191989302635193
gpt2,past_to_future,past_to_future,True,0.9186079502105713,0.9683064222335815,0.9684659242630005,0.9198106527328491,0.9706260561943054,0.9591144323348999
gpt2,past_to_future,past_to_future,True,0.4528055489063263,0.5542896389961243,0.5935376286506653,0.5311704874038696,0.6164929866790771,0.6068956851959229
gpt2,past_to_future,formalization,False,0.8786603808403015,0.9232252836227417,0.9460645318031311,0.8510701656341553,0.9178101420402527,0.9169889092445374
gpt2,past_to_future,question,False,0.1012018620967865,0.29340171813964844,0.32527273893356323,0.29388073086738586,0.3845621645450592,0.3919526934623718
gpt2,certainty_to_uncertainty,certainty_to_uncertainty,True,0.9349253177642822,0.9880412817001343,0.978675127029419,0.9578148722648621,0.9792824983596802,0.96071457862854
gpt2,certainty_to_uncertainty,certainty_to_uncertainty,True,0.9408394694328308,0.987549901008606,0.9629693031311035,0.9789583086967468,0.9815786480903625,0.9488492608070374
gpt2,certainty_to_uncertainty,formalization,False,0.8942430019378662,0.9638935327529907,0.9830851554870605,0.8829015493392944,0.9480761289596558,0.9661523699760437
gpt2,certainty_to_uncertainty,formalization,False,0.917509913444519,0.9836524724960327,0.9858047962188721,0.9260963201522827,0.9711675643920898,0.9797631502151489
gpt2,certainty_to_uncertainty,certainty_to_uncertainty,True,0.9600210189819336,0.9846677780151367,0.959519624710083,0.9721336960792542,0.9681488275527954,0.9379285573959351
gpt2,active_to_passive,negation,False,0.8893734812736511,0.883884072303772,0.8603852987289429,0.9058604836463928,0.8843176364898682,0.8637082576751709
gpt2,active_to_passive,negation,False,0.8480732440948486,0.8958127498626709,0.8702236413955688,0.9103120565414429,0.9026162624359131,0.890488862991333
gpt2,active_to_passive,certainty_to_uncertainty,False,0.8885060548782349,0.9044575691223145,0.894914448261261,0.8825865983963013,0.899628758430481,0.8944393396377563
gpt2,active_to_passive,negation,False,0.8977094888687134,0.9037814736366272,0.8891992568969727,0.9168229103088379,0.9050161838531494,0.8937013149261475
gpt2,active_to_passive,negation,False,0.9231184720993042,0.9206125736236572,0.8924586772918701,0.9447672963142395,0.9187052845954895,0.8903480172157288
gpt2,formalization,formalization,True,0.9110762476921082,0.972161591053009,0.984605073928833,0.8998101949691772,0.9571831226348877,0.9619861245155334
gpt2,formalization,certainty_to_uncertainty,False,0.9622659683227539,0.9636186361312866,0.9477794170379639,0.9633106589317322,0.945008397102356,0.9282560348510742
gpt2,formalization,formalization,True,0.9219459295272827,0.9749382734298706,0.989035964012146,0.9146289825439453,0.9618037939071655,0.9658538699150085
gpt2,formalization,formalization,True,0.8857781887054443,0.9467501640319824,0.9708687663078308,0.8930171728134155,0.942389965057373,0.9524074792861938
gpt2,formalization,formalization,True,0.5830868482589722,0.6867243051528931,0.7655680179595947,0.5744264125823975,0.6790736317634583,0.7641861438751221
gpt2,negation,negation,True,0.8943265676498413,0.9461179971694946,0.9205067157745361,0.983121395111084,0.9520866274833679,0.9274356365203857
gpt2,negation,negation,True,0.929563045501709,0.92570960521698,0.889107882976532,0.959053635597229,0.9073525071144104,0.867614209651947
gpt2,negation,negation,True,0.9106084704399109,0.9087096452713013,0.8889889717102051,0.9406369924545288,0.9053241014480591,0.8753842115402222
gpt2,negation,negation,True,0.9296149015426636,0.9516013860702515,0.9268748760223389,0.9761887192726135,0.9498459696769714,0.9141049385070801
gpt2,negation,negation,True,0.8803998231887817,0.9513471126556396,0.9229539036750793,0.9759548902511597,0.96161949634552,0.9274879693984985
gpt2,question,question,True,0.7918460965156555,0.8907896280288696,0.8886147141456604,0.8655167818069458,0.898617148399353,0.9347028732299805
gpt2,question,question,True,0.7607985734939575,0.8697948455810547,0.9110996723175049,0.7790288329124451,0.8580917119979858,0.9318735003471375
gpt2,question,question,True,0.8389891386032104,0.9473060369491577,0.948893666267395,0.8900842666625977,0.9470356702804565,0.9710401892662048
gpt2,question,question,True,0.5588245391845703,0.6707062721252441,0.7463444471359253,0.5274626612663269,0.6532723307609558,0.7567647099494934
gpt2,question,question,True,0.839797854423523,0.9272734522819519,0.953194260597229,0.8723115921020508,0.9237319231033325,0.9700406789779663
gpt2,past_to_future,past_to_future,True,0.9081313610076904,0.9708536863327026,0.9465976357460022,0.9500113725662231,0.9762147665023804,0.9360552430152893
gpt2,past_to_future,certainty_to_uncertainty,False,0.8997424840927124,0.9546525478363037,0.9521312713623047,0.8902795314788818,0.9530501365661621,0.9352849125862122
gpt2,past_to_future,past_to_future,True,0.8623197674751282,0.9474109411239624,0.9506361484527588,0.9003236293792725,0.9652639031410217,0.9451777338981628
gpt2,past_to_future,certainty_to_uncertainty,False,0.923613965511322,0.9827587604522705,0.9804691672325134,0.9317280650138855,0.9784031510353088,0.9645128846168518
gpt2,past_to_future,past_to_future,True,0.5769485235214233,0.7513274550437927,0.7545670866966248,0.7245290875434875,0.8074755668640137,0.7934476733207703
gpt2,certainty_to_uncertainty,certainty_to_uncertainty,True,0.9265602231025696,0.9915188550949097,0.980492889881134,0.9558875560760498,0.984279990196228,0.969277024269104
gpt2,certainty_to_uncertainty,certainty_to_uncertainty,True,0.9324978590011597,0.9912653565406799,0.9709208011627197,0.9677447080612183,0.9831516146659851,0.958692729473114
gpt2,certainty_to_uncertainty,formalization,False,0.8553971648216248,0.9442194700241089,0.9676588177680969,0.8454247117042542,0.9264941811561584,0.9539576768875122
gpt2,certainty_to_uncertainty,formalization,False,0.874254047870636,0.9639195799827576,0.9727513194084167,0.8846688270568848,0.949715256690979,0.9716928005218506
gpt2,certainty_to_uncertainty,certainty_to_uncertainty,True,0.9532454013824463,0.9824473857879639,0.9524943232536316,0.9750728607177734,0.9670082330703735,0.9343305826187134
gpt2,active_to_passive,active_to_passive,True,0.9446960091590881,0.8994595408439636,0.8827031254768372,0.864227294921875,0.871842086315155,0.8455860614776611
gpt2,active_to_passive,active_to_passive,True,0.9379879236221313,0.9222874641418457,0.911723792552948,0.872879147529602,0.8944262266159058,0.8793471455574036
gpt2,active_to_passive,active_to_passive,True,0.905929684638977,0.8415613770484924,0.8295684456825256,0.7831994295120239,0.8033246994018555,0.7767614126205444
gpt2,active_to_passive,active_to_passive,True,0.9332907199859619,0.8875077962875366,0.8716315627098083,0.8433203101158142,0.859201192855835,0.82613605260849
gpt2,active_to_passive,active_to_passive,True,0.9498158693313599,0.9093994498252869,0.8850085735321045,0.8876791596412659,0.8834686875343323,0.846860408782959
gpt2,formalization,formalization,True,0.8553357124328613,0.9399439692497253,0.9650229215621948,0.8338212966918945,0.9205579161643982,0.9417577385902405
gpt2,formalization,certainty_to_uncertainty,False,0.9464107155799866,0.9481837153434753,0.9396761655807495,0.9340993762016296,0.9227883815765381,0.9156746864318848
gpt2,formalization,formalization,True,0.887050986289978,0.9486395120620728,0.966641902923584,0.8706142902374268,0.9322062730789185,0.9418596625328064
gpt2,formalization,formalization,True,0.8256874084472656,0.8916885256767273,0.9317322969436646,0.8052453398704529,0.8772497177124023,0.9060137867927551
gpt2,formalization,question,False,0.11351063847541809,0.2615109086036682,0.3761083483695984,0.09724685549736023,0.2549004554748535,0.38740578293800354
gpt2,negation,negation,True,0.7093797922134399,0.7814251184463501,0.7377760410308838,0.8898122310638428,0.8110837340354919,0.778921365737915
gpt2,negation,negation,True,0.8799717426300049,0.8998349905014038,0.8538461327552795,0.969092607498169,0.8955985307693481,0.8550271987915039
gpt2,negation,negation,True,0.38384518027305603,0.4207729697227478,0.39147281646728516,0.595881462097168,0.46160319447517395,0.44732987880706787
gpt2,negation,negation,True,0.795306921005249,0.8167338967323303,0.7605939507484436,0.9251599311828613,0.8338824510574341,0.7719041109085083
gpt2,negation,negation,True,0.7161166667938232,0.8026584386825562,0.7585502862930298,0.9074288010597229,0.836361825466156,0.7923815250396729
gpt2,question,question,True,0.8181873559951782,0.9049291610717773,0.881712794303894,0.9294552803039551,0.917483925819397,0.9306690096855164
gpt2,question,question,True,0.851965606212616,0.9195111989974976,0.9336528778076172,0.8964332938194275,0.912819504737854,0.9555683135986328
gpt2,question,question,True,0.8649225234985352,0.963030219078064,0.9525843858718872,0.9448585510253906,0.9673354625701904,0.9815323352813721
gpt2,question,question,True,0.8193855881690979,0.8996270298957825,0.9355176687240601,0.8402580618858337,0.888820469379425,0.9537262320518494
gpt2,question,question,True,0.8765837550163269,0.9397402405738831,0.952445924282074,0.9225232601165771,0.9389801621437073,0.9714235663414001
gpt2,past_to_future,negation,False,0.8355072736740112,0.9212954044342041,0.8788198232650757,0.970554530620575,0.9490109086036682,0.9021936058998108
gpt2,past_to_future,negation,False,0.9265387058258057,0.954795241355896,0.9263099431991577,0.9667900204658508,0.9587286710739136,0.9265528917312622
gpt2,past_to_future,negation,False,0.7668829560279846,0.8286681771278381,0.7992979288101196,0.8976662158966064,0.865681529045105,0.8248811960220337
gpt2,past_to_future,past_to_future,True,0.9158151149749756,0.9637476205825806,0.9542577266693115,0.9620028734207153,0.969104528427124,0.9510021805763245
gpt2,past_to_future,negation,False,0.4089347720146179,0.5338300466537476,0.5102441906929016,0.644838273525238,0.6029884815216064,0.5780193209648132
gpt2,certainty_to_uncertainty,certainty_to_uncertainty,True,0.9015744924545288,0.9763280153274536,0.9699344635009766,0.9608268141746521,0.9746957421302795,0.9690629839897156
gpt2,certainty_to_uncertainty,certainty_to_uncertainty,True,0.9311306476593018,0.9859380722045898,0.9640974402427673,0.984377920627594,0.9808067083358765,0.9580272436141968
gpt2,certainty_to_uncertainty,formalization,False,0.8996581435203552,0.9623695611953735,0.9778861403465271,0.9124934673309326,0.9476510286331177,0.9719287753105164
gpt2,certainty_to_uncertainty,question,False,0.9139889478683472,0.968923807144165,0.9663252830505371,0.9410772323608398,0.9564385414123535,0.9693339467048645
gpt2,certainty_to_uncertainty,negation,False,0.9476810693740845,0.9777616262435913,0.948448121547699,0.9819434881210327,0.9640646576881409,0.9345190525054932
gpt2,active_to_passive,active_to_passive,True,0.9083542823791504,0.8040790557861328,0.7763993144035339,0.8557935953140259,0.7833055257797241,0.7365609407424927
gpt2,active_to_passive,active_to_passive,True,0.9454748034477234,0.8879774808883667,0.8674161434173584,0.9131853580474854,0.8652300834655762,0.8360409736633301
gpt2,active_to_passive,active_to_passive,True,0.9636553525924683,0.8866431713104248,0.8613002896308899,0.8942751288414001,0.8546179533004761,0.8158873915672302
gpt2,active_to_passive,active_to_passive,True,0.9559909105300903,0.895147442817688,0.8659298419952393,0.9271022081375122,0.8783348798751831,0.8349453806877136
gpt2,active_to_passive,active_to_passive,True,0.9442414045333862,0.8758103847503662,0.835533857345581,0.9194684028625488,0.8554905652999878,0.8025522232055664
gpt2,formalization,formalization,True,0.9245738983154297,0.9735459089279175,0.9877899885177612,0.9186660051345825,0.9560635685920715,0.9696311354637146
gpt2,formalization,negation,False,0.9460582733154297,0.9337853789329529,0.9139976501464844,0.9524052739143372,0.9137174487113953,0.8965915441513062
gpt2,formalization,formalization,True,0.9317009449005127,0.9640089869499207,0.9788873195648193,0.917281448841095,0.9468229413032532,0.9542479515075684
gpt2,formalization,formalization,True,0.8804658651351929,0.9186030030250549,0.9482085704803467,0.8907912969589233,0.9110468626022339,0.9337790608406067
gpt2,formalization,question,False,0.4339069724082947,0.49928462505340576,0.5967156887054443,0.42324936389923096,0.4883081912994385,0.6053345203399658
gpt2,negation,negation,True,0.9099551439285278,0.9605088233947754,0.9326347708702087,0.9935976266860962,0.9652474522590637,0.9360358715057373
gpt2,negation,negation,True,0.9340168237686157,0.9440915584564209,0.9070165157318115,0.9783861041069031,0.9310429692268372,0.8906893134117126
gpt2,negation,negation,True,0.8138123750686646,0.8423098921775818,0.8233282566070557,0.9211986064910889,0.8552128672599792,0.83318030834198
gpt2,negation,negation,True,0.9029501080513,0.9355541467666626,0.9040191173553467,0.9828370809555054,0.9410526752471924,0.8984565734863281
gpt2,negation,negation,True,0.8769299983978271,0.9516388177871704,0.9176174402236938,0.9864141345024109,0.9649659395217896,0.924085259437561
gpt2,question,question,True,0.8401322364807129,0.9302115440368652,0.9210506677627563,0.9217671155929565,0.9363951683044434,0.9630771279335022
gpt2,question,question,True,0.8544714450836182,0.9373931884765625,0.9599119424819946,0.8840945959091187,0.9273475408554077,0.9784547686576843
gpt2,question,question,True,0.8637033104896545,0.9665678143501282,0.9593735933303833,0.9298427104949951,0.9684337377548218,0.9846727848052979
gpt2,question,question,True,0.7484933137893677,0.8305425643920898,0.8875339031219482,0.7261204719543457,0.810808002948761,0.893632173538208
gpt2,question,question,True,0.8801906108856201,0.9435937404632568,0.9581388235092163,0.9155406951904297,0.9392399787902832,0.9733753204345703
gpt2,past_to_future,past_to_future,True,0.8384532928466797,0.943017840385437,0.9084105491638184,0.961483359336853,0.9723860025405884,0.9249551296234131
gpt2,past_to_future,past_to_future,True,0.9304341673851013,0.9860064387321472,0.9673404097557068,0.9611703753471375,0.9878348708152771,0.9645960330963135
gpt2,past_to_future,past_to_future,True,0.7527942657470703,0.8454415798187256,0.8498018980026245,0.8463634252548218,0.8896967768669128,0.8594446182250977
gpt2,past_to_future,formalization,False,0.9077297449111938,0.9722901582717896,0.9786858558654785,0.9254118204116821,0.9742211699485779,0.9658629894256592
gpt2,past_to_future,past_to_future,True,0.06716158986091614,0.2836431860923767,0.29733800888061523,0.3123593330383301,0.38306379318237305,0.37849557399749756
gpt2,certainty_to_uncertainty,certainty_to_uncertainty,True,0.9199186563491821,0.9879584908485413,0.9823925495147705,0.952083945274353,0.979647159576416,0.9696061611175537
gpt2,certainty_to_uncertainty,certainty_to_uncertainty,True,0.9344671964645386,0.9927063584327698,0.973477840423584,0.9729375839233398,0.9849554896354675,0.9617027044296265
gpt2,certainty_to_uncertainty,formalization,False,0.899446427822113,0.9702057838439941,0.9886654615402222,0.8940401077270508,0.9517569541931152,0.9762408137321472
gpt2,certainty_to_uncertainty,formalization,False,0.914515495300293,0.981934130191803,0.9835649728775024,0.926875114440918,0.9668928384780884,0.9810706973075867
gpt2,certainty_to_uncertainty,certainty_to_uncertainty,True,0.9570683836936951,0.9832942485809326,0.9574064612388611,0.9752078056335449,0.9657274484634399,0.9368407726287842
gpt2,active_to_passive,active_to_passive,True,0.8169376850128174,0.640208899974823,0.6388638615608215,0.6603631377220154,0.603852391242981,0.5771224498748779
gpt2,active_to_passive,active_to_passive,True,0.9317798614501953,0.8414905667304993,0.8486870527267456,0.8291168212890625,0.8088632822036743,0.8037083148956299
gpt2,active_to_passive,active_to_passive,True,0.9384477138519287,0.8480208516120911,0.8433747887611389,0.820357084274292,0.8096469044685364,0.7884425520896912
gpt2,active_to_passive,active_to_passive,True,0.9468368291854858,0.8481383323669434,0.8484930396080017,0.8368608951568604,0.8163765668869019,0.7974355220794678
gpt2,active_to_passive,active_to_passive,True,0.9317918419837952,0.8167707324028015,0.8091011047363281,0.8245201110839844,0.7857914566993713,0.7554067969322205
gpt2,formalization,formalization,True,0.8970977663993835,0.9693887233734131,0.9882278442382812,0.8916206955909729,0.9528321027755737,0.971711277961731
gpt2,formalization,active_to_passive,False,0.9498113393783569,0.9406250715255737,0.9264892339706421,0.94502854347229,0.9179340600967407,0.9045416116714478
gpt2,formalization,formalization,True,0.9205496907234192,0.9697359800338745,0.9822338223457336,0.9135670065879822,0.9532877802848816,0.9609687328338623
gpt2,formalization,formalization,True,0.8875895738601685,0.9423184394836426,0.9709722399711609,0.886806309223175,0.9317424893379211,0.9535919427871704
gpt2,formalization,question,False,0.46363258361816406,0.586967945098877,0.6836238503456116,0.4727533161640167,0.5791223049163818,0.6999626755714417
gpt2,negation,negation,True,0.9170172214508057,0.9815105199813843,0.9632551074028015,0.986038088798523,0.9808926582336426,0.9657318592071533
gpt2,negation,negation,True,0.9491856098175049,0.9788662791252136,0.954484224319458,0.9790171384811401,0.9627751111984253,0.9386326670646667
gpt2,negation,negation,True,0.9116778373718262,0.9618657827377319,0.9497180581092834,0.9759045243263245,0.961582362651825,0.9511332511901855
gpt2,negation,negation,True,0.9590535163879395,0.9748032093048096,0.9477822780609131,0.9802550673484802,0.9621005058288574,0.9267721176147461
gpt2,negation,past_to_future,False,0.9036343097686768,0.9779103994369507,0.9583774209022522,0.9802875518798828,0.9806101322174072,0.9571342468261719
gpt2,question,question,True,0.8602219820022583,0.9587526917457581,0.9463180303573608,0.9446930885314941,0.9643418788909912,0.9793585538864136
gpt2,question,question,True,0.8316826224327087,0.9214051365852356,0.9428356289863586,0.8663690090179443,0.9112495183944702,0.9574308395385742
gpt2,question,question,True,0.8462368249893188,0.9631973505020142,0.966295599937439,0.9091261625289917,0.9650099277496338,0.9897657036781311
gpt2,question,question,True,0.7869222164154053,0.8781236410140991,0.9249428510665894,0.7847915291786194,0.860335111618042,0.9320204854011536
gpt2,question,question,True,0.8771552443504333,0.9548692107200623,0.9693475365638733,0.9179140329360962,0.9510750770568848,0.9838083982467651
gpt2,past_to_future,past_to_future,True,0.8603560328483582,0.9646494388580322,0.9323718547821045,0.9592814445495605,0.9821740388870239,0.9446570873260498
gpt2,past_to_future,past_to_future,True,0.881006121635437,0.9751070737838745,0.9683770537376404,0.9294759631156921,0.979034960269928,0.975799560546875
gpt2,past_to_future,past_to_future,True,0.8668695092201233,0.9629225730895996,0.9521306157112122,0.9378231763839722,0.9791439175605774,0.9577449560165405
gpt2,past_to_future,formalization,False,0.9018845558166504,0.9838828444480896,0.9865128993988037,0.935523509979248,0.9828132390975952,0.9829083681106567
gpt2,past_to_future,question,False,0.5387667417526245,0.7436238527297974,0.7517178058624268,0.7106620073318481,0.7954249978065491,0.8096950054168701
gpt2,certainty_to_uncertainty,formalization,False,0.9066892862319946,0.985640287399292,0.9876799583435059,0.9332886934280396,0.9749267101287842,0.9767284989356995
gpt2,certainty_to_uncertainty,certainty_to_uncertainty,True,0.9175017476081848,0.9937705993652344,0.9854202270507812,0.9548153877258301,0.9853804707527161,0.9777371883392334
gpt2,certainty_to_uncertainty,formalization,False,0.8686672449111938,0.9490065574645996,0.9706759452819824,0.8726520538330078,0.9321914315223694,0.9618542790412903
gpt2,certainty_to_uncertainty,formalization,False,0.8659267425537109,0.951764702796936,0.9699493050575256,0.8776533603668213,0.9367034435272217,0.9685893058776855
gpt2,certainty_to_uncertainty,certainty_to_uncertainty,True,0.9538338780403137,0.9912810325622559,0.9722021818161011,0.9718563556671143,0.9743847846984863,0.9562398791313171
gpt2,active_to_passive,formalization,False,0.08035005629062653,-0.004387751221656799,0.09885794669389725,-0.10348708927631378,-0.040164362639188766,0.04605960100889206
gpt2,active_to_passive,formalization,False,0.3342292010784149,0.3435420095920563,0.43314528465270996,0.2327319085597992,0.3152298927307129,0.40483835339546204
gpt2,active_to_passive,formalization,False,0.5454879403114319,0.47353237867355347,0.5647875070571899,0.34231969714164734,0.4221538305282593,0.49704447388648987
gpt2,active_to_passive,formalization,False,0.6652129888534546,0.6086902022361755,0.6803872585296631,0.5083725452423096,0.5716983675956726,0.6241587996482849
gpt2,active_to_passive,formalization,False,0.5404108762741089,0.47439834475517273,0.5483769774436951,0.397615909576416,0.43939945101737976,0.49432528018951416
gpt2,formalization,formalization,True,0.863721489906311,0.9481472373008728,0.9715279340744019,0.8640863299369812,0.931748628616333,0.9582712650299072
gpt2,formalization,certainty_to_uncertainty,False,0.9480987787246704,0.9657348394393921,0.9614877104759216,0.9458932876586914,0.9423172473907471,0.9381296634674072
gpt2,formalization,formalization,True,0.904813289642334,0.9743057489395142,0.9926158785820007,0.9072476029396057,0.9592176079750061,0.9756873250007629
gpt2,formalization,formalization,True,0.8214179277420044,0.906334638595581,0.9483073353767395,0.828671395778656,0.8968714475631714,0.9366449117660522
gpt2,formalization,question,False,0.3957928419113159,0.5351597666740417,0.62109375,0.41834262013435364,0.5300992131233215,0.6391658782958984
gpt2,negation,negation,True,0.9101741909980774,0.9579735994338989,0.930657684803009,0.9902556538581848,0.9650627374649048,0.9276453256607056
gpt2,negation,negation,True,0.9487592577934265,0.9313633441925049,0.894654393196106,0.959946870803833,0.9117079377174377,0.8648984432220459
gpt2,negation,negation,True,0.515838086605072,0.5779688358306885,0.5921136140823364,0.6826382875442505,0.6233302354812622,0.6255292892456055
gpt2,negation,negation,True,0.8859739303588867,0.9284502267837524,0.9075361490249634,0.9637967348098755,0.9394925832748413,0.898880660533905
gpt2,negation,negation,True,0.8439388275146484,0.9172126650810242,0.887152373790741,0.963371992111206,0.9385418891906738,0.8907437324523926
gpt2,question,question,True,0.8399003148078918,0.918441116809845,0.9155819416046143,0.8923419713973999,0.9228078126907349,0.9467957615852356
gpt2,question,question,True,0.8731019496917725,0.9535466432571411,0.9757827520370483,0.8772543668746948,0.9419355988502502,0.9814123511314392
gpt2,question,question,True,0.8596017360687256,0.9551960229873657,0.9522482752799988,0.900780439376831,0.9555470943450928,0.9690476655960083
gpt2,question,question,True,0.7477909922599792,0.8440239429473877,0.897424578666687,0.7276855707168579,0.8309808969497681,0.902681827545166
gpt2,question,question,True,0.8747189044952393,0.9561463594436646,0.9730350971221924,0.8991048336029053,0.953277587890625,0.9815102815628052
gpt2,past_to_future,past_to_future,True,0.8839012980461121,0.9703978300094604,0.9477013349533081,0.9586584568023682,0.9846237301826477,0.9507229924201965
gpt2,past_to_future,certainty_to_uncertainty,False,0.933577835559845,0.9845480918884277,0.9734184741973877,0.9396281838417053,0.9813824892044067,0.961661159992218
gpt2,past_to_future,past_to_future,True,0.842609703540802,0.9419270753860474,0.944860577583313,0.9055666923522949,0.9661805033683777,0.9481940865516663
gpt2,past_to_future,certainty_to_uncertainty,False,0.9254821538925171,0.984251856803894,0.9822841882705688,0.936841607093811,0.9819774627685547,0.9671617746353149
gpt2,past_to_future,question,False,-0.0912075787782669,0.14093045890331268,0.17251302301883698,0.14292669296264648,0.23979972302913666,0.26464545726776123
gpt2,certainty_to_uncertainty,certainty_to_uncertainty,True,0.9279794692993164,0.9942402839660645,0.983074963092804,0.9580647349357605,0.9857438802719116,0.969406008720398
gpt2,certainty_to_uncertainty,certainty_to_uncertainty,True,0.9413070678710938,0.991289496421814,0.9691718816757202,0.9689488410949707,0.9808320999145508,0.952616274356842
gpt2,certainty_to_uncertainty,formalization,False,0.8831595182418823,0.9578269720077515,0.9788066148757935,0.8651648759841919,0.940816342830658,0.9610729217529297
gpt2,certainty_to_uncertainty,formalization,False,0.9131847620010376,0.9817636609077454,0.9848921895027161,0.913840115070343,0.9672558307647705,0.9768643975257874
gpt2,certainty_to_uncertainty,certainty_to_uncertainty,True,0.9560439586639404,0.979577362537384,0.9488744735717773,0.9691294431686401,0.9620708227157593,0.9268084764480591
gpt2,active_to_passive,active_to_passive,True,0.7524973154067993,0.6487800478935242,0.6936166286468506,0.5858139991760254,0.6088582277297974,0.631097674369812
gpt2,active_to_passive,formalization,False,0.8055382370948792,0.767249345779419,0.8063881397247314,0.6955716609954834,0.7329689860343933,0.7631769180297852
gpt2,active_to_passive,active_to_passive,True,0.9027279615402222,0.8440591096878052,0.8438311815261841,0.7724547386169434,0.8040575385093689,0.7860732674598694
gpt2,active_to_passive,active_to_passive,True,0.8993057012557983,0.8326939940452576,0.8543692827224731,0.76883864402771,0.7995250821113586,0.7960478067398071
gpt2,active_to_passive,active_to_passive,True,0.9076172113418579,0.8247579336166382,0.8296637535095215,0.7976438403129578,0.7921982407569885,0.7752627730369568
gpt2,formalization,formalization,True,0.8839318156242371,0.9570155739784241,0.9763375520706177,0.8621103763580322,0.9406046867370605,0.9546171426773071
gpt2,formalization,certainty_to_uncertainty,False,0.959484338760376,0.9706097841262817,0.964634358882904,0.9419535398483276,0.9481785297393799,0.9396480321884155
gpt2,formalization,formalization,True,0.898236870765686,0.959823489189148,0.9759503602981567,0.8861179351806641,0.9454772472381592,0.954483687877655
gpt2,formalization,formalization,True,0.8582532405853271,0.9307438731193542,0.9612118601799011,0.8481897711753845,0.9220495223999023,0.9421165585517883
gpt2,formalization,formalization,True,0.6096944212913513,0.7259407043457031,0.8074275255203247,0.5777238011360168,0.7143778204917908,0.8025956153869629
gpt2,negation,negation,True,0.9162777662277222,0.9814323782920837,0.954882025718689,0.9875143766403198,0.985414445400238,0.9561876058578491
gpt2,negation,negation,True,0.9419909715652466,0.973150372505188,0.9412002563476562,0.9766321182250977,0.9611743688583374,0.924828290939331
gpt2,negation,past_to_future,False,0.8952125310897827,0.9661353826522827,0.9466571807861328,0.9743242859840393,0.9760627150535583,0.9517309665679932
gpt2,negation,negation,True,0.8985499143600464,0.9683952927589417,0.9409002065658569,0.984627366065979,0.9786839485168457,0.9436194896697998
gpt2,negation,negation,True,0.8914902210235596,0.971454381942749,0.9400526285171509,0.9840834736824036,0.9813900589942932,0.94325852394104
gpt2,question,certainty_to_uncertainty,False,0.8970178961753845,0.9700502157211304,0.9528965353965759,0.9408033490180969,0.9681276679039001,0.9670648574829102
gpt2,question,question,True,0.90804523229599,0.9839663505554199,0.9864796996116638,0.926667332649231,0.9737576246261597,0.9896550178527832
gpt2,question,certainty_to_uncertainty,False,0.8932173848152161,0.9816046953201294,0.9687170386314392,0.9363515377044678,0.9790923595428467,0.9778827428817749
gpt2,question,formalization,False,0.8690062165260315,0.9513995051383972,0.9733709096908569,0.8618992567062378,0.9366607069969177,0.971623420715332
gpt2,question,question,True,0.9022195935249329,0.9801980257034302,0.9799278974533081,0.9391067028045654,0.9775257110595703,0.9895418286323547
gpt2,past_to_future,past_to_future,True,0.9076761603355408,0.982426106929779,0.9512564539909363,0.9718703627586365,0.987878680229187,0.9498591423034668
gpt2,past_to_future,certainty_to_uncertainty,False,0.9222860336303711,0.9879945516586304,0.9689397811889648,0.9512816667556763,0.9869692921638489,0.9650253653526306
gpt2,past_to_future,past_to_future,True,0.894416868686676,0.977807879447937,0.9576762318611145,0.9563451409339905,0.9926270246505737,0.9590972661972046
gpt2,past_to_future,certainty_to_uncertainty,False,0.9223994612693787,0.9900696873664856,0.9821391701698303,0.9426051378250122,0.9872337579727173,0.9703934192657471
gpt2,past_to_future,past_to_future,True,0.7493389844894409,0.9034783840179443,0.8814886212348938,0.8970033526420593,0.9444971680641174,0.9183772802352905
gpt2,certainty_to_uncertainty,certainty_to_uncertainty,True,0.9235588908195496,0.9910844564437866,0.9798920750617981,0.9446617960929871,0.9818042516708374,0.9651512503623962
gpt2,certainty_to_uncertainty,certainty_to_uncertainty,True,0.9332060217857361,0.9930538535118103,0.9704733490943909,0.9644479751586914,0.9848958849906921,0.9578388929367065
gpt2,certainty_to_uncertainty,formalization,False,0.9215536713600159,0.9885922074317932,0.9893565773963928,0.9218605756759644,0.9734090566635132,0.9751010537147522
gpt2,certainty_to_uncertainty,certainty_to_uncertainty,True,0.9249855279922485,0.9914543628692627,0.9819711446762085,0.9388865232467651,0.9791560173034668,0.9759436845779419
gpt2,certainty_to_uncertainty,certainty_to_uncertainty,True,0.940888524055481,0.9894719123840332,0.9620500206947327,0.9699032306671143,0.9772679805755615,0.9483065009117126
gpt2,active_to_passive,active_to_passive,True,0.9634168148040771,0.9419726133346558,0.912685215473175,0.9430708885192871,0.9274237751960754,0.895666241645813
gpt2,active_to_passive,certainty_to_uncertainty,False,0.9613939523696899,0.9660627245903015,0.943637490272522,0.9517570734024048,0.9521660208702087,0.9300079941749573
gpt2,active_to_passive,active_to_passive,True,0.9633916616439819,0.9460161924362183,0.9171907305717468,0.9326273202896118,0.9277603626251221,0.8953744173049927
gpt2,active_to_passive,active_to_passive,True,0.9686086177825928,0.9537718892097473,0.9268357753753662,0.9428076148033142,0.9384702444076538,0.9041918516159058
gpt2,active_to_passive,active_to_passive,True,0.9648799896240234,0.9464384317398071,0.9155256748199463,0.9488211274147034,0.9322425127029419,0.8957136273384094
gpt2,formalization,formalization,True,0.9224534034729004,0.9842941164970398,0.9875701665878296,0.9129036664962769,0.9681721925735474,0.9672899842262268
gpt2,formalization,certainty_to_uncertainty,False,0.9580535888671875,0.9708777666091919,0.9496307969093323,0.9625510573387146,0.9529049396514893,0.9316651225090027
gpt2,formalization,formalization,True,0.9291431307792664,0.9863594174385071,0.9869188070297241,0.9313949346542358,0.9732183218002319,0.9688171148300171
gpt2,formalization,formalization,True,0.9194183349609375,0.9802649617195129,0.9879804849624634,0.9234609603881836,0.9708754420280457,0.9711978435516357
gpt2,formalization,formalization,True,0.813461422920227,0.9096983671188354,0.9522453546524048,0.8023428320884705,0.8959957361221313,0.944266140460968
gpt2,negation,negation,True,0.8560320138931274,0.90477454662323,0.8671714067459106,0.974271297454834,0.9157840013504028,0.8816836476325989
gpt2,negation,negation,True,0.9243687391281128,0.9133911728858948,0.8661985397338867,0.9640854597091675,0.8976284861564636,0.8444868326187134
gpt2,negation,negation,True,0.750554084777832,0.76917564868927,0.7289955615997314,0.8901801109313965,0.7895921468734741,0.7494651079177856
gpt2,negation,negation,True,0.9065980911254883,0.896405816078186,0.8408384323120117,0.9625180959701538,0.8931430578231812,0.8259801268577576
gpt2,negation,negation,True,0.8086835145950317,0.8931371569633484,0.856468915939331,0.9586181044578552,0.9181472659111023,0.8753439784049988
gpt2,question,negation,False,0.8560267090797424,0.9337942600250244,0.910597562789917,0.9522011280059814,0.9419511556625366,0.9500162601470947
gpt2,question,question,True,0.8448576331138611,0.9259493350982666,0.9346286654472351,0.8942452669143677,0.9189214110374451,0.9513345956802368
gpt2,question,question,True,0.8537493944168091,0.9594929218292236,0.9434037208557129,0.9427332878112793,0.9669649600982666,0.9757788777351379
gpt2,question,question,True,0.7855561375617981,0.8876408338546753,0.9217374324798584,0.8208673596382141,0.8794099688529968,0.9430076479911804
gpt2,question,question,True,0.8639081716537476,0.9506251811981201,0.9587036371231079,0.930418074131012,0.9531651735305786,0.9814979434013367
gpt2,past_to_future,past_to_future,True,0.8230778574943542,0.9343889951705933,0.9201138615608215,0.935003399848938,0.963799238204956,0.935186505317688
gpt2,past_to_future,certainty_to_uncertainty,False,0.9366334080696106,0.9777194261550903,0.9613906145095825,0.9615399837493896,0.976445198059082,0.9549864530563354
gpt2,past_to_future,past_to_future,True,0.6103039979934692,0.6943604946136475,0.7015759348869324,0.7292742729187012,0.7343322038650513,0.7259072065353394
gpt2,past_to_future,past_to_future,True,0.8889414072036743,0.9416486024856567,0.9375298023223877,0.9413579106330872,0.9480651617050171,0.9360888004302979
gpt2,past_to_future,question,False,0.3756769895553589,0.5336068868637085,0.5574348568916321,0.5457820892333984,0.5983685255050659,0.6069629192352295
gpt2,certainty_to_uncertainty,certainty_to_uncertainty,True,0.9198453426361084,0.9864052534103394,0.9681886434555054,0.9791500568389893,0.9840364456176758,0.9635816812515259
gpt2,certainty_to_uncertainty,negation,False,0.9305810928344727,0.9808486700057983,0.9510509967803955,0.9859480857849121,0.9755368828773499,0.9410625100135803
gpt2,certainty_to_uncertainty,formalization,False,0.8867548704147339,0.9659057855606079,0.9747579097747803,0.9090359807014465,0.9524809122085571,0.9682598114013672
gpt2,certainty_to_uncertainty,certainty_to_uncertainty,True,0.914226770401001,0.9782986640930176,0.9722145795822144,0.9412758350372314,0.9655529260635376,0.9687086343765259
gpt2,certainty_to_uncertainty,negation,False,0.9519190788269043,0.967240571975708,0.9305757284164429,0.9773595333099365,0.9512028694152832,0.9098755121231079
gpt2,active_to_passive,active_to_passive,True,0.9123312830924988,0.8555477857589722,0.8773726224899292,0.8329252004623413,0.8258874416351318,0.834028422832489
gpt2,active_to_passive,active_to_passive,True,0.9077596664428711,0.887569785118103,0.9038030505180359,0.866637110710144,0.863030195236206,0.8746815919876099
gpt2,active_to_passive,active_to_passive,True,0.9726495146751404,0.922370433807373,0.921334445476532,0.8855303525924683,0.8851511478424072,0.870129406452179
gpt2,active_to_passive,active_to_passive,True,0.9639590978622437,0.9214437007904053,0.925847053527832,0.9012957811355591,0.8962125182151794,0.8861174583435059
gpt2,active_to_passive,active_to_passive,True,0.956859827041626,0.8999982476234436,0.8931341171264648,0.9044950008392334,0.8740315437316895,0.8532333970069885
gpt2,formalization,formalization,True,0.8914468288421631,0.968183696269989,0.9742706418037415,0.9140638113021851,0.9561771154403687,0.9635883569717407
gpt2,formalization,negation,False,0.9378898739814758,0.9501798152923584,0.9377906918525696,0.9528409242630005,0.9305741786956787,0.9210132956504822
gpt2,formalization,formalization,True,0.9201289415359497,0.9818554520606995,0.9931473731994629,0.9265249371528625,0.9687730073928833,0.9736118316650391
gpt2,formalization,formalization,True,0.878368616104126,0.947309136390686,0.9685282707214355,0.9082995057106018,0.942221462726593,0.9567272663116455
gpt2,formalization,question,False,0.5167745351791382,0.6388092637062073,0.6985611915588379,0.5720688104629517,0.6371245384216309,0.7173682451248169
gpt2,negation,negation,True,0.9394456744194031,0.9780555963516235,0.9439927339553833,0.9854072332382202,0.9718345999717712,0.9363149404525757
gpt2,negation,negation,True,0.9488409161567688,0.9636913537979126,0.9258054494857788,0.9713059663772583,0.9470653533935547,0.9060700535774231
gpt2,negation,negation,True,0.9450435638427734,0.9679610729217529,0.9361271858215332,0.9813749194145203,0.959547221660614,0.9241975545883179
gpt2,negation,negation,True,0.9491145610809326,0.9786933660507202,0.9473848938941956,0.9847646951675415,0.9714329242706299,0.9321679472923279
gpt2,negation,negation,True,0.9351900815963745,0.9803745746612549,0.948249340057373,0.9830385446548462,0.9762457609176636,0.934820294380188
gpt2,question,certainty_to_uncertainty,False,0.9300894141197205,0.9767932891845703,0.9511213302612305,0.955818772315979,0.9673712849617004,0.9519630670547485
gpt2,question,certainty_to_uncertainty,False,0.9411665201187134,0.9906954765319824,0.9804677367210388,0.9445878267288208,0.9736312627792358,0.9709057211875916
gpt2,question,certainty_to_uncertainty,False,0.9278422594070435,0.9864559769630432,0.9644190073013306,0.9507070183753967,0.9762535095214844,0.959648609161377
gpt2,question,formalization,False,0.9292086362838745,0.9794831871986389,0.9814385175704956,0.9073388576507568,0.9566933512687683,0.9640588760375977
gpt2,question,certainty_to_uncertainty,False,0.9432007670402527,0.9903954267501831,0.9800617098808289,0.9549885988235474,0.9782452583312988,0.9730316400527954
gpt2,past_to_future,certainty_to_uncertainty,False,0.9246652126312256,0.9826170206069946,0.9557017087936401,0.9581741690635681,0.9806736707687378,0.944451630115509
gpt2,past_to_future,certainty_to_uncertainty,False,0.9393293261528015,0.9810813665390015,0.9585177302360535,0.9414980411529541,0.971213698387146,0.9419617652893066
gpt2,past_to_future,certainty_to_uncertainty,False,0.947906494140625,0.9822674989700317,0.9540512561798096,0.9608233571052551,0.9768286943435669,0.9354835748672485
gpt2,past_to_future,certainty_to_uncertainty,False,0.9475311636924744,0.9874509572982788,0.9685215353965759,0.9501250982284546,0.9760057926177979,0.9487690925598145
gpt2,past_to_future,past_to_future,True,0.9045089483261108,0.9774065613746643,0.9541909694671631,0.9432803392410278,0.9811496138572693,0.9488865733146667
gpt2,certainty_to_uncertainty,certainty_to_uncertainty,True,0.9467786550521851,0.9918555617332458,0.9713971018791199,0.9572088718414307,0.977124810218811,0.9516075849533081
gpt2,certainty_to_uncertainty,certainty_to_uncertainty,True,0.9472271203994751,0.9873602390289307,0.96085524559021,0.9598293900489807,0.9730994701385498,0.941024124622345
gpt2,certainty_to_uncertainty,certainty_to_uncertainty,True,0.9457993507385254,0.9902862906455994,0.9796425104141235,0.9360643625259399,0.9699658155441284,0.9579190015792847
gpt2,certainty_to_uncertainty,certainty_to_uncertainty,True,0.9444527626037598,0.9898558259010315,0.9731903076171875,0.9437675476074219,0.9714366793632507,0.9575303196907043
gpt2,certainty_to_uncertainty,certainty_to_uncertainty,True,0.9532811641693115,0.9780662655830383,0.9455702900886536,0.9649162292480469,0.9606249332427979,0.9255518913269043
gpt2,active_to_passive,active_to_passive,True,0.8169461488723755,0.6791827082633972,0.6786539554595947,0.6130946278572083,0.629489004611969,0.5804985761642456
gpt2,active_to_passive,active_to_passive,True,0.9520033597946167,0.9035270810127258,0.8928642272949219,0.8512094020843506,0.8637775182723999,0.8318639993667603
gpt2,active_to_passive,active_to_passive,True,0.9083910584449768,0.8316630125045776,0.8194460272789001,0.7626367807388306,0.7870342135429382,0.7432842254638672
gpt2,active_to_passive,active_to_passive,True,0.9523016214370728,0.8989379405975342,0.8747337460517883,0.8624840378761292,0.8676656484603882,0.815689206123352
gpt2,active_to_passive,active_to_passive,True,0.9465013742446899,0.8692396879196167,0.8420326709747314,0.8475807905197144,0.8356215953826904,0.7782173156738281
gpt2,formalization,certainty_to_uncertainty,False,0.9405866265296936,0.9876673221588135,0.9780343770980835,0.9294610619544983,0.9680144190788269,0.9542214870452881
gpt2,formalization,certainty_to_uncertainty,False,0.9649709463119507,0.9704347848892212,0.9460193514823914,0.9548950791358948,0.9481610059738159,0.9201890826225281
gpt2,formalization,certainty_to_uncertainty,False,0.9465304613113403,0.9865272641181946,0.978175699710846,0.9367592334747314,0.9685076475143433,0.9529685378074646
gpt2,formalization,certainty_to_uncertainty,False,0.9472572803497314,0.9865853786468506,0.9825671911239624,0.933234691619873,0.9692853689193726,0.9551962018013
gpt2,formalization,formalization,True,0.9074326157569885,0.976105809211731,0.9853172898292542,0.9024561047554016,0.9573588371276855,0.9700403213500977
gpt2,negation,negation,True,0.8606856465339661,0.9378507137298584,0.9053497910499573,0.9844558238983154,0.9524571895599365,0.9277330636978149
gpt2,negation,negation,True,0.9178085327148438,0.9347958564758301,0.8888489007949829,0.9777507781982422,0.9249817132949829,0.8799529671669006
gpt2,negation,negation,True,0.80772864818573,0.8410136103630066,0.798790693283081,0.9370174407958984,0.8599435091018677,0.8244937062263489
gpt2,negation,negation,True,0.9196929931640625,0.929672360420227,0.8801419734954834,0.980594277381897,0.9286805391311646,0.8729456663131714
gpt2,negation,negation,True,0.8305573463439941,0.9286105632781982,0.8952211141586304,0.9737215042114258,0.9514714479446411,0.9186533689498901
gpt2,question,question,True,0.8298330903053284,0.931334912776947,0.9321706891059875,0.8973566293716431,0.9378178119659424,0.9706170558929443
gpt2,question,question,True,0.8222985863685608,0.9235320091247559,0.9511350989341736,0.8561432957649231,0.915780782699585,0.967609167098999
gpt2,question,question,True,0.856033205986023,0.9648119211196899,0.960869312286377,0.9191900491714478,0.9677362442016602,0.9860511422157288
gpt2,question,question,True,0.7498131394386292,0.8661916255950928,0.9143330454826355,0.7627954483032227,0.8561714887619019,0.9299769401550293
gpt2,question,question,True,0.8583343029022217,0.9515442252159119,0.9699325561523438,0.9050981402397156,0.9509708881378174,0.9880988597869873
gpt2,past_to_future,past_to_future,True,0.8139249682426453,0.9332302212715149,0.9128679633140564,0.9290345907211304,0.9671238660812378,0.9310128688812256
gpt2,past_to_future,past_to_future,True,0.9263314604759216,0.9821613430976868,0.9760556221008301,0.9412352442741394,0.9828373193740845,0.9709277153015137
gpt2,past_to_future,past_to_future,True,0.6994863748550415,0.8072110414505005,0.814447283744812,0.8063374757766724,0.8474273681640625,0.8415861129760742
gpt2,past_to_future,question,False,0.868726909160614,0.9508492946624756,0.9579200744628906,0.920852780342102,0.9635401964187622,0.9638546705245972
gpt2,past_to_future,past_to_future,True,0.7299085855484009,0.8669134974479675,0.865597128868103,0.8582439422607422,0.9106872081756592,0.8991186618804932
gpt2,certainty_to_uncertainty,certainty_to_uncertainty,True,0.9152864217758179,0.9927165508270264,0.9832834601402283,0.9610918760299683,0.9894951581954956,0.978491485118866
gpt2,certainty_to_uncertainty,certainty_to_uncertainty,True,0.9324429631233215,0.9937668442726135,0.9747474193572998,0.9720641374588013,0.9869090914726257,0.963698148727417
gpt2,certainty_to_uncertainty,formalization,False,0.8821274042129517,0.9663783311843872,0.985029935836792,0.8827213048934937,0.9498481154441833,0.9733719229698181
gpt2,certainty_to_uncertainty,formalization,False,0.8983751535415649,0.9804793000221252,0.9877104759216309,0.9133015871047974,0.966625452041626,0.9848122000694275
gpt2,certainty_to_uncertainty,certainty_to_uncertainty,True,0.9564643502235413,0.9816866517066956,0.9521341323852539,0.9720470905303955,0.9642020463943481,0.930607259273529
gpt2,active_to_passive,negation,False,0.8783392906188965,0.8449908494949341,0.8227442502975464,0.8786269426345825,0.8380594849586487,0.8077057003974915
gpt2,active_to_passive,certainty_to_uncertainty,False,0.91457599401474,0.9245206713676453,0.9121295213699341,0.9192787408828735,0.9129914045333862,0.8978674411773682
gpt2,active_to_passive,active_to_passive,True,0.9710055589675903,0.9393022060394287,0.9241897463798523,0.9203583002090454,0.9141851663589478,0.888357400894165
gpt2,active_to_passive,active_to_passive,True,0.963142991065979,0.9550801515579224,0.9366840720176697,0.9502981901168823,0.9412822127342224,0.913668155670166
gpt2,active_to_passive,active_to_passive,True,0.9601272940635681,0.9491881132125854,0.9222983121871948,0.956728458404541,0.9355318546295166,0.9004136919975281
gpt2,formalization,formalization,True,0.8780388832092285,0.9655262231826782,0.984557032585144,0.8824260830879211,0.9513225555419922,0.9712280035018921
gpt2,formalization,certainty_to_uncertainty,False,0.9533677101135254,0.9662426114082336,0.9563072919845581,0.961116373538971,0.9463814496994019,0.9381365776062012
gpt2,formalization,formalization,True,0.9100492596626282,0.9717810750007629,0.9882929921150208,0.9016929864883423,0.9559990763664246,0.9658769965171814
gpt2,formalization,formalization,True,0.8632420301437378,0.9349469542503357,0.9715604186058044,0.8573124408721924,0.9239702224731445,0.9521229863166809
gpt2,formalization,question,False,0.533815324306488,0.6710256934165955,0.7531880140304565,0.5507626533508301,0.6645906567573547,0.7641523480415344
gpt2,negation,negation,True,0.8984633088111877,0.9437441825866699,0.9041730761528015,0.9921903610229492,0.9505890607833862,0.9129053950309753
gpt2,negation,negation,True,0.9302881360054016,0.9328506588935852,0.8883216381072998,0.9741430282592773,0.9202874898910522,0.8721648454666138
gpt2,negation,negation,True,0.8682351112365723,0.9024665355682373,0.8645676374435425,0.9718132019042969,0.9150054454803467,0.8788563013076782
gpt2,negation,negation,True,0.9278967976570129,0.9478446245193481,0.9091675281524658,0.9908797144889832,0.9479961395263672,0.9026554226875305
gpt2,negation,negation,True,0.8912267684936523,0.9471133351325989,0.9086871147155762,0.9919003248214722,0.9574241042137146,0.9115884900093079
gpt2,question,question,True,0.8708635568618774,0.9620381593704224,0.9513682126998901,0.94208824634552,0.9664716720581055,0.9831235408782959
gpt2,question,question,True,0.8943334817886353,0.9626932144165039,0.9785888195037842,0.9090046882629395,0.9502260684967041,0.9829100370407104
gpt2,question,question,True,0.8914796113967896,0.9823567867279053,0.9717469215393066,0.9433256387710571,0.9814741015434265,0.9869371056556702
gpt2,question,question,True,0.83832848072052,0.9257222414016724,0.9597273468971252,0.838284969329834,0.9111261963844299,0.9631465077400208
gpt2,question,question,True,0.9100075364112854,0.9730570912361145,0.9783607721328735,0.9444222450256348,0.9685220718383789,0.986870288848877
gpt2,past_to_future,past_to_future,True,0.7929352521896362,0.9055935144424438,0.8669348955154419,0.9393214583396912,0.9443613886833191,0.8979308605194092
gpt2,past_to_future,past_to_future,True,0.9166870713233948,0.9741709232330322,0.953963041305542,0.9565076231956482,0.9797192215919495,0.9583810567855835
gpt2,past_to_future,past_to_future,True,0.8671358823776245,0.9307363033294678,0.9049853086471558,0.9512729048728943,0.9564383029937744,0.915824294090271
gpt2,past_to_future,past_to_future,True,0.9134774208068848,0.983322262763977,0.9717216491699219,0.962682843208313,0.9893269538879395,0.9737105369567871
gpt2,past_to_future,past_to_future,True,0.3056366741657257,0.4972153902053833,0.4817477762699127,0.5519967675209045,0.5870784521102905,0.5694819688796997
gpt2,certainty_to_uncertainty,certainty_to_uncertainty,True,0.9235479831695557,0.9919408559799194,0.9829148650169373,0.9563466310501099,0.9847924709320068,0.9696403741836548
gpt2,certainty_to_uncertainty,certainty_to_uncertainty,True,0.9432669878005981,0.9915828704833984,0.968003511428833,0.9721124172210693,0.9817892909049988,0.9516794681549072
gpt2,certainty_to_uncertainty,formalization,False,0.9244739413261414,0.9815368056297302,0.9896872639656067,0.9128985404968262,0.9624855518341064,0.9705888032913208
gpt2,certainty_to_uncertainty,formalization,False,0.9297609329223633,0.9860703945159912,0.9881905317306519,0.9244608879089355,0.9680940508842468,0.9751548171043396
gpt2,certainty_to_uncertainty,certainty_to_uncertainty,True,0.9592103958129883,0.9777069091796875,0.9465357065200806,0.9674825668334961,0.9591838121414185,0.9225826263427734
gpt2,active_to_passive,active_to_passive,True,0.8790819644927979,0.7809857130050659,0.7938448190689087,0.7402071952819824,0.7508646845817566,0.7333366870880127
gpt2,active_to_passive,active_to_passive,True,0.9422751665115356,0.9206864237785339,0.9290468692779541,0.874923586845398,0.8962916135787964,0.8935552835464478
gpt2,active_to_passive,active_to_passive,True,0.9641774892807007,0.9091782569885254,0.9142780900001526,0.8460466265678406,0.8703869581222534,0.8541723489761353
gpt2,active_to_passive,active_to_passive,True,0.9684950113296509,0.9222182035446167,0.9205309152603149,0.8826602101325989,0.8960638046264648,0.8728910684585571
gpt2,active_to_passive,active_to_passive,True,0.9774391651153564,0.9182301759719849,0.9079031348228455,0.8975423574447632,0.8912272453308105,0.8581987619400024
gpt2,formalization,formalization,True,0.9207186698913574,0.9767771363258362,0.9885966777801514,0.9010100364685059,0.9572963714599609,0.9634729623794556
gpt2,formalization,active_to_passive,False,0.9691637754440308,0.9539121389389038,0.9341316819190979,0.9563682675361633,0.9300472736358643,0.9055142998695374
gpt2,formalization,formalization,True,0.9348377585411072,0.9770246148109436,0.9859271049499512,0.9170985221862793,0.9588744640350342,0.9589921832084656
gpt2,formalization,formalization,True,0.9088727235794067,0.95796799659729,0.9825371503829956,0.8973103761672974,0.9453582167625427,0.9580838680267334
gpt2,formalization,formalization,True,0.6325880885124207,0.7351207137107849,0.8129050731658936,0.6149691343307495,0.7212664484977722,0.8068522810935974
gpt2,negation,negation,True,0.8175621032714844,0.8825015425682068,0.8523269891738892,0.9533717632293701,0.9010063409805298,0.8805018067359924
gpt2,negation,negation,True,0.8768270015716553,0.8991149663925171,0.859581708908081,0.9676727652549744,0.8941150903701782,0.8609547019004822
gpt2,negation,negation,True,0.5706613063812256,0.6248579025268555,0.6109975576400757,0.7511446475982666,0.6575931310653687,0.6594909429550171
gpt2,negation,negation,True,0.6964746713638306,0.7633088827133179,0.7383280992507935,0.8619092702865601,0.7943665981292725,0.7729430198669434
gpt2,negation,negation,True,0.7712268829345703,0.8655706644058228,0.838391900062561,0.9373987913131714,0.8954557180404663,0.8648583889007568
gpt2,question,question,True,0.7156568765640259,0.8330302238464355,0.8278453350067139,0.8602879047393799,0.8555365800857544,0.8981997966766357
gpt2,question,question,True,0.7501609921455383,0.852602481842041,0.8717127442359924,0.8308882713317871,0.8560577034950256,0.9090182781219482
gpt2,question,question,True,0.7919083833694458,0.9212554693222046,0.9146798253059387,0.9132627248764038,0.9372847080230713,0.9626954793930054
gpt2,question,question,True,0.622676432132721,0.7632238864898682,0.8175387382507324,0.687541663646698,0.76633620262146,0.8606814742088318
gpt2,question,question,True,0.8018213510513306,0.9037905931472778,0.9180246591567993,0.8915518522262573,0.9144918918609619,0.9555937051773071
gpt2,past_to_future,past_to_future,True,0.6537922620773315,0.8204915523529053,0.798947811126709,0.856115460395813,0.8773699998855591,0.8505967259407043
gpt2,past_to_future,past_to_future,True,0.8569595813751221,0.9437265396118164,0.9316611289978027,0.9351205825805664,0.962684154510498,0.9539810419082642
gpt2,past_to_future,negation,False,0.38066691160202026,0.49896717071533203,0.4817061424255371,0.5828666687011719,0.5727293491363525,0.5461340546607971
gpt2,past_to_future,past_to_future,True,0.8890630006790161,0.9601987600326538,0.9520395994186401,0.953593373298645,0.9711647033691406,0.9590425491333008
gpt2,past_to_future,question,False,-0.4349063038825989,-0.250257670879364,-0.23259598016738892,-0.18062648177146912,-0.1585354208946228,-0.12737500667572021
gpt2,certainty_to_uncertainty,past_to_future,False,0.9102857112884521,0.9811519384384155,0.9651554822921753,0.9794067144393921,0.9819583892822266,0.9651868343353271
gpt2,certainty_to_uncertainty,negation,False,0.9209655523300171,0.9812945127487183,0.9547103643417358,0.9884735941886902,0.980323076248169,0.9526532888412476
gpt2,certainty_to_uncertainty,question,False,0.8238927721977234,0.9254673719406128,0.9424289464950562,0.8756493926048279,0.9217678904533386,0.9527087211608887
gpt2,certainty_to_uncertainty,question,False,0.8571648597717285,0.9479582905769348,0.9485291838645935,0.9164572954177856,0.944683313369751,0.9652857780456543
gpt2,certainty_to_uncertainty,negation,False,0.9426325559616089,0.9691561460494995,0.9343039989471436,0.984421968460083,0.957551121711731,0.9227912425994873
gpt2,active_to_passive,active_to_passive,True,0.4368491768836975,0.30868789553642273,0.3272860050201416,0.39490580558776855,0.3030400574207306,0.32578060030937195
gpt2,active_to_passive,active_to_passive,True,0.20215505361557007,0.11700984835624695,0.14083440601825714,0.19790184497833252,0.11418822407722473,0.15564215183258057
gpt2,active_to_passive,active_to_passive,True,0.540538489818573,0.37267014384269714,0.3666451573371887,0.4526061415672302,0.3513035178184509,0.34708696603775024
gpt2,active_to_passive,active_to_passive,True,0.9097999930381775,0.8602961301803589,0.86066734790802,0.8825539350509644,0.8474134802818298,0.8449760675430298
gpt2,active_to_passive,negation,False,0.7588281631469727,0.6840763092041016,0.6583699584007263,0.7787117958068848,0.6788018941879272,0.6616618633270264
gpt2,formalization,formalization,True,0.8539704084396362,0.9465972781181335,0.9629903435707092,0.8906970024108887,0.9399642944335938,0.9618754982948303
gpt2,formalization,negation,False,0.9190096855163574,0.9233134984970093,0.9040673971176147,0.9532903432846069,0.9090403914451599,0.8957551121711731
gpt2,formalization,formalization,True,0.9018194079399109,0.9753632545471191,0.9897994995117188,0.9336182475090027,0.9689631462097168,0.9832096099853516
gpt2,formalization,question,False,0.7947941422462463,0.8892831206321716,0.9237564206123352,0.8546744585037231,0.895677924156189,0.930065393447876
gpt2,formalization,question,False,0.12422926723957062,0.2615979313850403,0.35323482751846313,0.1942991465330124,0.27410686016082764,0.3955380320549011
gpt2,negation,negation,True,0.9125113487243652,0.9803438186645508,0.9469656944274902,0.9868956208229065,0.9824156165122986,0.9513126015663147
gpt2,negation,negation,True,0.9253474473953247,0.9715083241462708,0.9327210783958435,0.9836146831512451,0.9633413553237915,0.9268743395805359
gpt2,negation,negation,True,0.8375769853591919,0.942879855632782,0.9068553447723389,0.9682029485702515,0.9604815244674683,0.933739423751831
gpt2,negation,past_to_future,False,0.8930377960205078,0.9751399159431458,0.9438008069992065,0.981844425201416,0.983485221862793,0.951242208480835
gpt2,negation,negation,True,0.9023208618164062,0.9785320162773132,0.943780779838562,0.9837197661399841,0.9834952354431152,0.944495677947998
gpt2,question,past_to_future,False,0.8744664192199707,0.9675213098526001,0.9435067176818848,0.9451099634170532,0.9711200594902039,0.9694682359695435
gpt2,question,question,True,0.8882218599319458,0.9810841679573059,0.9746573567390442,0.9303581118583679,0.9755899310112,0.9851285219192505
gpt2,question,certainty_to_uncertainty,False,0.8881397247314453,0.9836975932121277,0.9649701118469238,0.9440267086029053,0.9825998544692993,0.9767086505889893
gpt2,question,question,True,0.8678524494171143,0.9676386117935181,0.9771615266799927,0.8857346773147583,0.9577485918998718,0.9813108444213867
gpt2,question,question,True,0.9000164270401001,0.9862940311431885,0.9793917536735535,0.947124183177948,0.984708845615387,0.9895938038825989
gpt2,past_to_future,past_to_future,True,0.9046225547790527,0.9745270013809204,0.9383260011672974,0.9615722298622131,0.9784284234046936,0.9326879382133484
gpt2,past_to_future,past_to_future,True,0.9006662964820862,0.9826380014419556,0.9607193470001221,0.9383701086044312,0.98362135887146,0.9606528878211975
gpt2,past_to_future,past_to_future,True,0.8638724684715271,0.9669585227966309,0.9418432712554932,0.9349621534347534,0.9836867451667786,0.9470594525337219
gpt2,past_to_future,certainty_to_uncertainty,False,0.905584454536438,0.9828140735626221,0.9785425662994385,0.9199000000953674,0.978532612323761,0.9643019437789917
gpt2,past_to_future,past_to_future,True,0.828466534614563,0.9427447319030762,0.9040670990943909,0.9269153475761414,0.9659277200698853,0.9201880097389221
gpt2,certainty_to_uncertainty,certainty_to_uncertainty,True,0.9307443499565125,0.9957070350646973,0.975797176361084,0.9642541408538818,0.9872639179229736,0.9635838270187378
gpt2,certainty_to_uncertainty,certainty_to_uncertainty,True,0.9307398796081543,0.9906613230705261,0.9613749980926514,0.9717069268226624,0.9837501049041748,0.9505172967910767
gpt2,certainty_to_uncertainty,certainty_to_uncertainty,True,0.9115883708000183,0.9891917109489441,0.9837243556976318,0.9244377613067627,0.9764366745948792,0.9731817841529846
gpt2,certainty_to_uncertainty,certainty_to_uncertainty,True,0.9136626124382019,0.99103182554245,0.9758225679397583,0.9396719932556152,0.9807384014129639,0.9723834991455078
gpt2,certainty_to_uncertainty,certainty_to_uncertainty,True,0.9520221948623657,0.9848074913024902,0.9551520347595215,0.9670790433883667,0.9691460132598877,0.9356569051742554
gpt2,active_to_passive,active_to_passive,True,0.9625590443611145,0.9511406421661377,0.9257997274398804,0.9400718212127686,0.9380396604537964,0.9062520861625671
gpt2,active_to_passive,certainty_to_uncertainty,False,0.9541253447532654,0.9779099225997925,0.9582074880599976,0.9533450603485107,0.9653637409210205,0.9448946714401245
gpt2,active_to_passive,certainty_to_uncertainty,False,0.9628444910049438,0.9692738056182861,0.9446566700935364,0.9434621334075928,0.9526277184486389,0.9238841533660889
gpt2,active_to_passive,certainty_to_uncertainty,False,0.96759033203125,0.9734511375427246,0.9490307569503784,0.9523965716362,0.9586138725280762,0.9260770082473755
gpt2,active_to_passive,certainty_to_uncertainty,False,0.959428071975708,0.9655725955963135,0.9345169067382812,0.9586179852485657,0.9542943239212036,0.9172849059104919
gpt2,formalization,certainty_to_uncertainty,False,0.9080942273139954,0.9856081008911133,0.9801939725875854,0.9193365573883057,0.9735403656959534,0.9661924242973328
gpt2,formalization,certainty_to_uncertainty,False,0.9451688528060913,0.9818583726882935,0.9561982154846191,0.9718526005744934,0.9693989753723145,0.9455771446228027
gpt2,formalization,certainty_to_uncertainty,False,0.9276368618011475,0.9896718263626099,0.9845235347747803,0.9339596033096313,0.9767934083938599,0.9664333462715149
gpt2,formalization,certainty_to_uncertainty,False,0.916021466255188,0.9905623197555542,0.98698890209198,0.9383811354637146,0.9840322732925415,0.974720299243927
gpt2,formalization,formalization,True,0.8337569236755371,0.9466261267662048,0.9634024500846863,0.859126091003418,0.9385265111923218,0.9628062844276428
gpt2,negation,negation,True,0.9039007425308228,0.9401074647903442,0.8995188474655151,0.9882405996322632,0.9421112537384033,0.8955404758453369
gpt2,negation,negation,True,0.926702618598938,0.9354945421218872,0.8904638290405273,0.9745644330978394,0.9213383197784424,0.8708153963088989
gpt2,negation,negation,True,0.8087863922119141,0.8118830919265747,0.7631784677505493,0.9127519130706787,0.8224505186080933,0.7603413462638855
gpt2,negation,negation,True,0.8916366100311279,0.8818476796150208,0.8318609595298767,0.9480553865432739,0.8781713247299194,0.8058872222900391
gpt2,negation,negation,True,0.8465040922164917,0.890622615814209,0.8501796722412109,0.9302115440368652,0.8960798382759094,0.8270666003227234
gpt2,question,question,True,0.8937537670135498,0.9599978923797607,0.9394286274909973,0.9582741260528564,0.9586725234985352,0.9660224318504333
gpt2,question,question,True,0.7519698143005371,0.8652777671813965,0.8912433981895447,0.7901843786239624,0.8554917573928833,0.9096724390983582
gpt2,question,question,True,0.8394301533699036,0.9630361795425415,0.9518681168556213,0.926574170589447,0.9684746861457825,0.9814331531524658
gpt2,question,question,True,0.5232429504394531,0.658852219581604,0.7287924289703369,0.5200737118721008,0.6437603831291199,0.743293285369873
gpt2,question,question,True,0.8591320514678955,0.9461288452148438,0.9629367589950562,0.9008933305740356,0.9414532780647278,0.9752000570297241
gpt2,past_to_future,past_to_future,True,0.8510247468948364,0.9520838260650635,0.9290480017662048,0.9443649053573608,0.9771130084991455,0.9364135265350342
gpt2,past_to_future,past_to_future,True,0.9176708459854126,0.9815456867218018,0.9665079116821289,0.9391599893569946,0.9824140071868896,0.9578105211257935
gpt2,past_to_future,past_to_future,True,0.7887881994247437,0.8787885904312134,0.8704236745834351,0.8743077516555786,0.9111700654029846,0.872653067111969
gpt2,past_to_future,past_to_future,True,0.9055714011192322,0.9829795360565186,0.9807033538818359,0.9389750957489014,0.9863983988761902,0.9725590348243713
gpt2,past_to_future,question,False,-0.12673375010490417,0.10954434424638748,0.13468921184539795,0.09525282680988312,0.20074054598808289,0.2071942687034607
gpt2,certainty_to_uncertainty,certainty_to_uncertainty,True,0.903881311416626,0.9882956743240356,0.9781491160392761,0.9519574046134949,0.9832148551940918,0.9692325592041016
gpt2,certainty_to_uncertainty,certainty_to_uncertainty,True,0.9176921844482422,0.9894418716430664,0.9655516147613525,0.9693266153335571,0.9836070537567139,0.9550349712371826
gpt2,certainty_to_uncertainty,formalization,False,0.8170678615570068,0.9154994487762451,0.9366475343704224,0.8174657821655273,0.8980557918548584,0.9220145344734192
gpt2,certainty_to_uncertainty,formalization,False,0.8614509701728821,0.9542140364646912,0.956993043422699,0.8770170211791992,0.9387378096580505,0.9510431289672852
gpt2,certainty_to_uncertainty,certainty_to_uncertainty,True,0.9471914768218994,0.9825862050056458,0.9510671496391296,0.974748969078064,0.9677801728248596,0.9323744773864746
gpt2,active_to_passive,formalization,False,0.017238155007362366,-0.06081467866897583,0.028545737266540527,-0.23851481080055237,-0.11157523095607758,-0.07127121090888977
gpt2,active_to_passive,formalization,False,0.3468703329563141,0.31294453144073486,0.4018281400203705,0.12191277742385864,0.25785353779792786,0.308337926864624
gpt2,active_to_passive,active_to_passive,True,0.4161766469478607,0.3429470658302307,0.4086562693119049,0.16488221287727356,0.2832961678504944,0.30384132266044617
gpt2,active_to_passive,active_to_passive,True,0.7324752807617188,0.6624718308448792,0.7052051424980164,0.5262015461921692,0.6096267104148865,0.6098082661628723
gpt2,active_to_passive,active_to_passive,True,0.7999188899993896,0.740648627281189,0.7759300470352173,0.6183268427848816,0.6906865835189819,0.6847671270370483
gpt2,formalization,formalization,True,0.813935399055481,0.9074439406394958,0.9343473315238953,0.7936174869537354,0.88810133934021,0.9077227711677551
gpt2,formalization,certainty_to_uncertainty,False,0.9573892951011658,0.9626030921936035,0.9498037695884705,0.9440967440605164,0.9359625577926636,0.9191009402275085
gpt2,formalization,formalization,True,0.8931080102920532,0.9577745199203491,0.9772538542747498,0.8746321201324463,0.9394710659980774,0.9476868510246277
gpt2,formalization,formalization,True,0.7906312942504883,0.8693570494651794,0.9131000638008118,0.7669177055358887,0.8538696765899658,0.87844318151474
gpt2,formalization,question,False,0.0913643091917038,0.24033509194850922,0.3417854905128479,0.08237683773040771,0.23346124589443207,0.34721672534942627
gpt2,negation,negation,True,0.9344769716262817,0.9807032942771912,0.9516034722328186,0.9909712076187134,0.9800416231155396,0.9473618268966675
gpt2,negation,negation,True,0.947730302810669,0.9713084697723389,0.937419056892395,0.9807784557342529,0.9575486183166504,0.9199523329734802
gpt2,negation,negation,True,0.9335289597511292,0.9683201313018799,0.9436572790145874,0.9870452284812927,0.9692500829696655,0.9386744499206543
gpt2,negation,negation,True,0.93692946434021,0.9737133979797363,0.9433755278587341,0.9921326041221619,0.9749141931533813,0.9343191385269165
gpt2,negation,negation,True,0.9152247309684753,0.9719275236129761,0.9390383958816528,0.9914002418518066,0.9773014783859253,0.9352530241012573
gpt2,question,certainty_to_uncertainty,False,0.9110142588615417,0.9646711349487305,0.9504204988479614,0.9411569833755493,0.9603965878486633,0.9627054333686829
gpt2,question,formalization,False,0.931148886680603,0.9848842024803162,0.9871153235435486,0.9389417171478271,0.9725099205970764,0.9866113066673279
gpt2,question,certainty_to_uncertainty,False,0.9134078025817871,0.9849826693534851,0.9697630405426025,0.9503050446510315,0.9808018207550049,0.9767276644706726
gpt2,question,formalization,False,0.8947288990020752,0.9543824791908264,0.976886510848999,0.8729691505432129,0.9368463754653931,0.9698951840400696
gpt2,question,question,True,0.9276600480079651,0.9824889898300171,0.9814409017562866,0.9504786729812622,0.9771137833595276,0.9848125576972961
gpt2,past_to_future,past_to_future,True,0.9279340505599976,0.9804493188858032,0.948003888130188,0.970625638961792,0.9818271398544312,0.939049482345581
gpt2,past_to_future,certainty_to_uncertainty,False,0.948543906211853,0.9858349561691284,0.9635916352272034,0.9561142921447754,0.9792802333831787,0.950221836566925
gpt2,past_to_future,past_to_future,True,0.927931547164917,0.9819377064704895,0.9611912965774536,0.9626718759536743,0.9906347990036011,0.9509424567222595
gpt2,past_to_future,certainty_to_uncertainty,False,0.9429632425308228,0.9885083436965942,0.9801390767097473,0.943440854549408,0.9810019135475159,0.9607542753219604
gpt2,past_to_future,past_to_future,True,0.8649698495864868,0.9601502418518066,0.9316151142120361,0.9519395232200623,0.9832998514175415,0.9407328367233276
gpt2,certainty_to_uncertainty,certainty_to_uncertainty,True,0.9354507923126221,0.9946765899658203,0.9798110723495483,0.9567825794219971,0.9848382472991943,0.9652601480484009
gpt2,certainty_to_uncertainty,certainty_to_uncertainty,True,0.9441261291503906,0.9913517236709595,0.9662965536117554,0.9684226512908936,0.9810031652450562,0.9511484503746033
gpt2,certainty_to_uncertainty,formalization,False,0.9414798021316528,0.9902241230010986,0.99028480052948,0.9294360876083374,0.9726157784461975,0.9715065956115723
gpt2,certainty_to_uncertainty,certainty_to_uncertainty,True,0.9486887454986572,0.9916185140609741,0.9804611206054688,0.9475972056388855,0.976183295249939,0.968149721622467
gpt2,certainty_to_uncertainty,certainty_to_uncertainty,True,0.9532084465026855,0.9835221767425537,0.9534229040145874,0.9704909324645996,0.9680219888687134,0.9352318048477173
gpt2,active_to_passive,active_to_passive,True,0.9798456430435181,0.9242157340049744,0.9244016408920288,0.8870425224304199,0.8947616219520569,0.8777613639831543
gpt2,active_to_passive,active_to_passive,True,0.983318567276001,0.950416624546051,0.9489433765411377,0.9105818271636963,0.9234250783920288,0.9091055393218994
gpt2,active_to_passive,active_to_passive,True,0.9780093431472778,0.9251148700714111,0.9159661531448364,0.8892577886581421,0.8948466777801514,0.8692464232444763
gpt2,active_to_passive,active_to_passive,True,0.9774789810180664,0.934353232383728,0.9245138764381409,0.8993039727210999,0.9069634079933167,0.8802902698516846
gpt2,active_to_passive,active_to_passive,True,0.9828401207923889,0.9436158537864685,0.9299628138542175,0.9202705025672913,0.9183406829833984,0.8901108503341675
gpt2,formalization,formalization,True,0.9416804313659668,0.9846381545066833,0.98735111951828,0.9187354445457458,0.9658926725387573,0.9617171883583069
gpt2,formalization,negation,False,0.9629992246627808,0.9649931192398071,0.9432023763656616,0.9651298522949219,0.9478280544281006,0.925176203250885
gpt2,formalization,formalization,True,0.9472014904022217,0.9826029539108276,0.9826071262359619,0.9321396350860596,0.9660518765449524,0.9571954607963562
gpt2,formalization,formalization,True,0.9472073912620544,0.978655219078064,0.9847798943519592,0.9313371777534485,0.9649678468704224,0.9592148065567017
gpt2,formalization,formalization,True,0.8816906213760376,0.941855251789093,0.9761205911636353,0.8563590049743652,0.924416184425354,0.9601427912712097
gpt2,negation,negation,True,0.9384527206420898,0.9606743454933167,0.936675488948822,0.9855656623840332,0.9573218822479248,0.928486168384552
gpt2,negation,negation,True,0.9547133445739746,0.9361871480941772,0.9020520448684692,0.958130955696106,0.9152407646179199,0.8728364706039429
gpt2,negation,negation,True,0.7618829607963562,0.7795910835266113,0.7712130546569824,0.863074779510498,0.8030798435211182,0.7826049327850342
gpt2,negation,negation,True,0.8907338380813599,0.9116461873054504,0.899051308631897,0.9477297067642212,0.9180145859718323,0.890950083732605
gpt2,negation,negation,True,0.9006474018096924,0.9596185684204102,0.9384034276008606,0.9773212671279907,0.967464804649353,0.9368301630020142
gpt2,question,question,True,0.7144936919212341,0.8380122184753418,0.8519606590270996,0.8116189241409302,0.8580541610717773,0.9169434309005737
gpt2,question,question,True,0.8071944713592529,0.8894611597061157,0.9251445531845093,0.8268213272094727,0.8811124563217163,0.9462676048278809
gpt2,question,question,True,0.7898516058921814,0.9179295301437378,0.930720865726471,0.8559118509292603,0.9274047613143921,0.9674525260925293
gpt2,question,question,True,0.6082776784896851,0.696169912815094,0.7793166637420654,0.56998610496521,0.6805074214935303,0.7927262783050537
gpt2,question,question,True,0.8560906648635864,0.9309483766555786,0.9549594521522522,0.8877710103988647,0.9299577474594116,0.9731346368789673
gpt2,past_to_future,past_to_future,True,0.9082270860671997,0.9757335186004639,0.9619842171669006,0.9426512718200684,0.9781638383865356,0.9509063959121704
gpt2,past_to_future,certainty_to_uncertainty,False,0.9189175963401794,0.9794884324073792,0.9778123497962952,0.92034912109375,0.9748638868331909,0.967833936214447
gpt2,past_to_future,past_to_future,True,0.8754347562789917,0.936597466468811,0.9446488618850708,0.9051336646080017,0.9520542025566101,0.9324517250061035
gpt2,past_to_future,formalization,False,0.9126410484313965,0.9740418195724487,0.9819400906562805,0.9157470464706421,0.9696083068847656,0.9655443429946899
gpt2,past_to_future,question,False,-0.32279568910598755,-0.1294642686843872,-0.06368923932313919,-0.173049658536911,-0.050162434577941895,0.006702914834022522
gpt2,certainty_to_uncertainty,certainty_to_uncertainty,True,0.9226572513580322,0.9914041757583618,0.9855774641036987,0.9526677131652832,0.9831560850143433,0.9734483361244202
gpt2,certainty_to_uncertainty,certainty_to_uncertainty,True,0.9337862730026245,0.9937260150909424,0.974083423614502,0.9726873636245728,0.9861735105514526,0.963552713394165
gpt2,certainty_to_uncertainty,formalization,False,0.869443416595459,0.9432245492935181,0.9724264144897461,0.8544840216636658,0.925983726978302,0.959318995475769
gpt2,certainty_to_uncertainty,formalization,False,0.9066168069839478,0.9694831371307373,0.9822055697441101,0.9013983011245728,0.9532704949378967,0.9762355089187622
gpt2,certainty_to_uncertainty,certainty_to_uncertainty,True,0.9611028432846069,0.9808358550071716,0.9533912539482117,0.967983603477478,0.9622454643249512,0.930224597454071
gpt2,active_to_passive,active_to_passive,True,0.23931041359901428,-0.02095632255077362,0.018577024340629578,0.03149908781051636,-0.06767905503511429,-0.04688102751970291
gpt2,active_to_passive,active_to_passive,True,0.48099246621131897,0.29235124588012695,0.3244923949241638,0.3353840112686157,0.24709492921829224,0.2774766981601715
gpt2,active_to_passive,active_to_passive,True,0.8269968032836914,0.644376814365387,0.6526504755020142,0.6250334978103638,0.5859302282333374,0.5736078023910522
gpt2,active_to_passive,active_to_passive,True,0.746819019317627,0.5294495224952698,0.5421498417854309,0.5488884449005127,0.4843937158584595,0.4591260254383087
gpt2,active_to_passive,active_to_passive,True,0.5847179889678955,0.33174872398376465,0.3393252193927765,0.38940882682800293,0.2858433127403259,0.2598074674606323
gpt2,formalization,formalization,True,0.876782238483429,0.947816014289856,0.9748907089233398,0.855136513710022,0.9306730628013611,0.9536039233207703
gpt2,formalization,active_to_passive,False,0.941516637802124,0.9405862092971802,0.9368080496788025,0.9400311708450317,0.9199507236480713,0.9193361401557922
gpt2,formalization,formalization,True,0.909182071685791,0.9659099578857422,0.9856877326965332,0.8980461359024048,0.9510877132415771,0.9641315937042236
gpt2,formalization,formalization,True,0.8452305793762207,0.9055967330932617,0.9504702091217041,0.8334961533546448,0.8975622653961182,0.9317710399627686
gpt2,formalization,question,False,0.2859068810939789,0.39409545063972473,0.508995771408081,0.2535933256149292,0.3855968117713928,0.5158054232597351
gpt2,negation,negation,True,0.9005730152130127,0.9748181104660034,0.9466785192489624,0.9868595600128174,0.9827206134796143,0.9570246934890747
gpt2,negation,negation,True,0.9335549473762512,0.9715006351470947,0.9387513399124146,0.978561520576477,0.9627798199653625,0.9287206530570984
gpt2,negation,negation,True,0.8608356714248657,0.9453902840614319,0.9254010915756226,0.96820068359375,0.9642267227172852,0.9447423815727234
gpt2,negation,negation,True,0.8810454607009888,0.9635412693023682,0.9401404857635498,0.9787864685058594,0.9783788919448853,0.9516187310218811
gpt2,negation,past_to_future,False,0.8713129758834839,0.9654229879379272,0.9372445344924927,0.976555347442627,0.9807262420654297,0.946971595287323
gpt2,question,question,True,0.8893973231315613,0.9687620401382446,0.9534845948219299,0.9423860311508179,0.970377504825592,0.9736826419830322
gpt2,question,question,True,0.8674273490905762,0.964921236038208,0.9729001522064209,0.9028153419494629,0.960141122341156,0.9877316355705261
gpt2,question,question,True,0.8745037317276001,0.9761906862258911,0.9660029411315918,0.9298727512359619,0.9786471724510193,0.982906699180603
gpt2,question,question,True,0.7993857264518738,0.9096737504005432,0.9425921440124512,0.8033041954040527,0.8992225527763367,0.9514137506484985
gpt2,question,question,True,0.8742806911468506,0.9686130285263062,0.9732457399368286,0.925241231918335,0.9714605808258057,0.9920533895492554
gpt2,past_to_future,past_to_future,True,0.9062420129776001,0.9811711311340332,0.9568361043930054,0.9601722955703735,0.9876168966293335,0.9526112079620361
gpt2,past_to_future,past_to_future,True,0.8979723453521729,0.9779213070869446,0.966319739818573,0.9269990921020508,0.9825692772865295,0.9659879803657532
gpt2,past_to_future,past_to_future,True,0.8979216814041138,0.9753884673118591,0.9563639163970947,0.9501872062683105,0.9908818602561951,0.9559431672096252
gpt2,past_to_future,past_to_future,True,0.917514443397522,0.9892868399620056,0.980819582939148,0.9457200169563293,0.9900327324867249,0.9748650789260864
gpt2,past_to_future,past_to_future,True,0.6634060144424438,0.8379019498825073,0.8354945182800293,0.7978254556655884,0.8879269957542419,0.8756229877471924
gpt2,certainty_to_uncertainty,certainty_to_uncertainty,True,0.9230983853340149,0.9946309328079224,0.9823979139328003,0.9539205431938171,0.9877828359603882,0.9719896912574768
gpt2,certainty_to_uncertainty,certainty_to_uncertainty,True,0.9295481443405151,0.9935040473937988,0.9719946980476379,0.9631569981575012,0.9867182970046997,0.9614970088005066
gpt2,certainty_to_uncertainty,formalization,False,0.893570065498352,0.9795165061950684,0.9846705198287964,0.9036165475845337,0.9679673910140991,0.9766660928726196
gpt2,certainty_to_uncertainty,certainty_to_uncertainty,True,0.9043813347816467,0.9864318370819092,0.9799654483795166,0.9255495667457581,0.9770289063453674,0.9793111085891724
gpt2,certainty_to_uncertainty,certainty_to_uncertainty,True,0.947257936000824,0.9866934418678284,0.9590195417404175,0.9669691920280457,0.9729423522949219,0.9431248307228088
gpt2,active_to_passive,active_to_passive,True,0.9631370306015015,0.9189351797103882,0.8914889693260193,0.8998221755027771,0.8963251113891602,0.8570337891578674
gpt2,active_to_passive,active_to_passive,True,0.962186336517334,0.9596648216247559,0.9399580955505371,0.9223467707633972,0.9393051862716675,0.9136821031570435
gpt2,active_to_passive,active_to_passive,True,0.9497721195220947,0.9092950820922852,0.8788342475891113,0.8777430057525635,0.8827752470970154,0.8389015197753906
gpt2,active_to_passive,active_to_passive,True,0.9623047113418579,0.918032705783844,0.8939126133918762,0.8941457867622375,0.8951382040977478,0.8542376756668091
gpt2,active_to_passive,active_to_passive,True,0.9576557874679565,0.9108896851539612,0.8778212666511536,0.9077087640762329,0.8903391361236572,0.8433932662010193
gpt2,formalization,formalization,True,0.8854861259460449,0.9740317463874817,0.9815632104873657,0.89239102602005,0.9633913040161133,0.9706105589866638
gpt2,formalization,certainty_to_uncertainty,False,0.9552613496780396,0.9727824330329895,0.9529205560684204,0.9571278095245361,0.9550617933273315,0.9339609146118164
gpt2,formalization,formalization,True,0.911849319934845,0.9780647158622742,0.9836805462837219,0.9114147424697876,0.9658527970314026,0.9650025963783264
gpt2,formalization,formalization,True,0.874089777469635,0.9627190828323364,0.9791735410690308,0.8916703462600708,0.9597609043121338,0.9693294763565063
gpt2,formalization,question,False,0.6375143527984619,0.7880796194076538,0.8479718565940857,0.6603018045425415,0.7870088815689087,0.8619322180747986
gpt2,negation,negation,True,0.8969674110412598,0.9484937191009521,0.9071093797683716,0.9914679527282715,0.9543953537940979,0.9178670644760132
gpt2,negation,negation,True,0.9335185289382935,0.947107195854187,0.9029361009597778,0.9786695241928101,0.9344826936721802,0.8906306028366089
gpt2,negation,negation,True,0.8807288408279419,0.9092944860458374,0.8641365766525269,0.9764406681060791,0.9170052409172058,0.8748308420181274
gpt2,negation,negation,True,0.9006568193435669,0.930045485496521,0.8901079893112183,0.9859369397163391,0.9356997013092041,0.8938310146331787
gpt2,negation,negation,True,0.8918914198875427,0.9459275603294373,0.9067394733428955,0.9921426773071289,0.9561396241188049,0.9137346148490906
gpt2,question,certainty_to_uncertainty,False,0.9127974510192871,0.9697069525718689,0.9429706335067749,0.9639582633972168,0.9694061279296875,0.9576717615127563
gpt2,question,question,True,0.9023211002349854,0.9731165170669556,0.9699949026107788,0.9400985240936279,0.9640784859657288,0.9803390502929688
gpt2,question,certainty_to_uncertainty,False,0.9027880430221558,0.9845436811447144,0.9618314504623413,0.9621381759643555,0.9845085144042969,0.9755704998970032
gpt2,question,formalization,False,0.8480112552642822,0.9247985482215881,0.9509109258651733,0.8312840461730957,0.9047524333000183,0.9469898343086243
gpt2,question,question,True,0.9131464958190918,0.9760639071464539,0.9729781746864319,0.9537428617477417,0.9724770784378052,0.9823152422904968
gpt2,past_to_future,past_to_future,True,0.913332462310791,0.9771401286125183,0.9525983333587646,0.9692888259887695,0.9870802164077759,0.949199914932251
gpt2,past_to_future,past_to_future,True,0.9373454451560974,0.9837883114814758,0.964449405670166,0.9533824920654297,0.9844372868537903,0.9560378789901733
gpt2,past_to_future,past_to_future,True,0.9457716941833496,0.9680125713348389,0.9421295523643494,0.9648792743682861,0.9738192558288574,0.9250578880310059
gpt2,past_to_future,past_to_future,True,0.932137131690979,0.9892318248748779,0.9822434782981873,0.9592252969741821,0.9915647506713867,0.9748884439468384
gpt2,past_to_future,past_to_future,True,0.8686960339546204,0.9352318644523621,0.904348611831665,0.936759352684021,0.9571882486343384,0.9062467813491821
gpt2,certainty_to_uncertainty,certainty_to_uncertainty,True,0.9314504861831665,0.9944219589233398,0.9812787771224976,0.9612740278244019,0.9882718920707703,0.9692429900169373
gpt2,certainty_to_uncertainty,certainty_to_uncertainty,True,0.9368776082992554,0.9930984377861023,0.968756914138794,0.9739602208137512,0.9871550798416138,0.957815408706665
gpt2,certainty_to_uncertainty,formalization,False,0.9113414287567139,0.9761536121368408,0.9844385385513306,0.9029005765914917,0.9598710536956787,0.9683316349983215
gpt2,certainty_to_uncertainty,certainty_to_uncertainty,True,0.9304419755935669,0.9897422194480896,0.9783254265785217,0.9453586339950562,0.9758081436157227,0.9728943109512329
gpt2,certainty_to_uncertainty,certainty_to_uncertainty,True,0.9465084075927734,0.9822686314582825,0.948937177658081,0.9791790246963501,0.971045732498169,0.9357287883758545
gpt2,active_to_passive,active_to_passive,True,0.932727038860321,0.8221981525421143,0.7803322672843933,0.8532341718673706,0.7937232255935669,0.7342115640640259
gpt2,active_to_passive,active_to_passive,True,0.9641556143760681,0.917336106300354,0.8820416331291199,0.9255515336990356,0.8937425017356873,0.8510583639144897
gpt2,active_to_passive,active_to_passive,True,0.9428514242172241,0.8422713875770569,0.8091990351676941,0.8385918736457825,0.8059492111206055,0.7518019676208496
gpt2,active_to_passive,active_to_passive,True,0.9650126695632935,0.8964536190032959,0.8636695742607117,0.8950672149658203,0.8706670999526978,0.8171370029449463
gpt2,active_to_passive,active_to_passive,True,0.9514456987380981,0.8834884166717529,0.83897864818573,0.9085782766342163,0.8614341616630554,0.8023008704185486
gpt2,formalization,formalization,True,0.8996958136558533,0.9565081596374512,0.9728954434394836,0.8635314106941223,0.9368129968643188,0.943371057510376
gpt2,formalization,negation,False,0.9428057074546814,0.9507110714912415,0.9196047782897949,0.9641804099082947,0.9343265295028687,0.9053963422775269
gpt2,formalization,formalization,True,0.9225273132324219,0.9710953831672668,0.9808006286621094,0.908623993396759,0.9559740424156189,0.955223798751831
gpt2,formalization,formalization,True,0.9115681052207947,0.9598341584205627,0.9765812158584595,0.9039992094039917,0.9486097097396851,0.9519088268280029
gpt2,formalization,question,False,0.45264941453933716,0.5713753700256348,0.6705226898193359,0.42397570610046387,0.5627062916755676,0.6723715662956238
gpt2,negation,negation,True,0.9106675386428833,0.9414792060852051,0.9058675765991211,0.9814807772636414,0.9394391179084778,0.8933923840522766
gpt2,negation,negation,True,0.9439723491668701,0.9474468231201172,0.9093891382217407,0.9661662578582764,0.9272326231002808,0.8788962960243225
gpt2,negation,negation,True,0.8688618540763855,0.8553549647331238,0.8177996873855591,0.9281373023986816,0.8525390028953552,0.792112410068512
gpt2,negation,active_to_passive,False,0.9307042956352234,0.8894252181053162,0.8420631289482117,0.9232997894287109,0.8689659237861633,0.7958961725234985
gpt2,negation,negation,True,0.7576003074645996,0.7806031703948975,0.7620914578437805,0.788139820098877,0.7766690254211426,0.7144563794136047
gpt2,question,question,True,0.885012686252594,0.9715881943702698,0.9569531679153442,0.9516348838806152,0.973739743232727,0.980679988861084
gpt2,question,formalization,False,0.7798235416412354,0.8703981637954712,0.9105931520462036,0.7652499675750732,0.8520764708518982,0.9075202941894531
gpt2,question,question,True,0.8366169929504395,0.9595299959182739,0.9582832455635071,0.8969007730484009,0.9616036415100098,0.978738009929657
gpt2,question,formalization,False,0.5617061257362366,0.671143651008606,0.7468750476837158,0.5131497383117676,0.6493164896965027,0.7393811941146851
gpt2,question,formalization,False,0.8587080240249634,0.932502269744873,0.9616615772247314,0.859470009803772,0.9222831726074219,0.9603095054626465
gpt2,past_to_future,past_to_future,True,0.862984299659729,0.957560122013092,0.92640620470047,0.9562004804611206,0.9766563177108765,0.9270708560943604
gpt2,past_to_future,certainty_to_uncertainty,False,0.9142313599586487,0.979262113571167,0.9688335657119751,0.9190601110458374,0.9739087820053101,0.9537265300750732
gpt2,past_to_future,past_to_future,True,0.854257345199585,0.922709047794342,0.9195985794067383,0.8761543035507202,0.9359651207923889,0.8958371877670288
gpt2,past_to_future,formalization,False,0.9030839204788208,0.9800706505775452,0.9825621843338013,0.9171554446220398,0.9774588942527771,0.9656096696853638
gpt2,past_to_future,past_to_future,True,0.28577810525894165,0.49039673805236816,0.5222439169883728,0.4150516986846924,0.5545797348022461,0.551347017288208
gpt2,certainty_to_uncertainty,formalization,False,0.8879645466804504,0.9708020091056824,0.9724289178848267,0.9062013626098633,0.95882648229599,0.9510397911071777
gpt2,certainty_to_uncertainty,certainty_to_uncertainty,True,0.9185739755630493,0.9880506992340088,0.9727004170417786,0.9476625919342041,0.9767709374427795,0.9540194272994995
gpt2,certainty_to_uncertainty,formalization,False,0.8195590376853943,0.8937463164329529,0.9256181716918945,0.7764148712158203,0.8674795627593994,0.8927494883537292
gpt2,certainty_to_uncertainty,formalization,False,0.8637503981590271,0.9314804077148438,0.9506493806838989,0.8238368630409241,0.9051111340522766,0.9240884184837341
gpt2,certainty_to_uncertainty,certainty_to_uncertainty,True,0.9502829313278198,0.9827861785888672,0.9523381590843201,0.9710461497306824,0.965568482875824,0.9309755563735962
gpt2,active_to_passive,active_to_passive,True,0.6392269730567932,0.5747223496437073,0.6006163358688354,0.4327795207500458,0.5208117961883545,0.5032041072845459
gpt2,active_to_passive,formalization,False,0.5206310153007507,0.5320903658866882,0.5771356225013733,0.35549360513687134,0.4873567819595337,0.5048437118530273
gpt2,active_to_passive,active_to_passive,True,0.5202450752258301,0.4677223861217499,0.510587215423584,0.30182379484176636,0.40815919637680054,0.41157060861587524
gpt2,active_to_passive,formalization,False,0.7942227721214294,0.778759777545929,0.7968874573707581,0.6517044305801392,0.7365204095840454,0.7242252230644226
gpt2,active_to_passive,active_to_passive,True,0.8190510869026184,0.7751692533493042,0.7816535234451294,0.6679570078849792,0.7317078709602356,0.7012951374053955
gpt2,formalization,formalization,True,0.8294699788093567,0.8937039971351624,0.927791178226471,0.7679728865623474,0.865593671798706,0.8851726055145264
gpt2,formalization,active_to_passive,False,0.9618098735809326,0.9331112504005432,0.9346022605895996,0.8897404670715332,0.8937116265296936,0.8802148699760437
gpt2,formalization,formalization,True,0.8955207467079163,0.947990894317627,0.9712091088294983,0.856950581073761,0.9254578351974487,0.9341217875480652
gpt2,formalization,formalization,True,0.7566093802452087,0.8113623261451721,0.8680853247642517,0.6838213205337524,0.7872941493988037,0.8168320655822754
gpt2,formalization,formalization,True,0.08708108961582184,0.18147148191928864,0.29907938838005066,-0.007480740547180176,0.1572882980108261,0.27130550146102905
gpt2,negation,negation,True,0.8514119386672974,0.9370937347412109,0.8930506706237793,0.9810373783111572,0.9556865692138672,0.9135144948959351
gpt2,negation,negation,True,0.8945231437683105,0.9449697732925415,0.8989599347114563,0.982816219329834,0.9450986385345459,0.9002832770347595
gpt2,negation,negation,True,0.805006206035614,0.8867117762565613,0.8375464081764221,0.9549778699874878,0.9144086837768555,0.865399181842804
gpt2,negation,negation,True,0.8789381980895996,0.9329862594604492,0.8837777376174927,0.9796665906906128,0.946445107460022,0.8869881629943848
gpt2,negation,negation,True,0.7064565420150757,0.8481166362762451,0.7998373508453369,0.9029875993728638,0.8905193209648132,0.8369389772415161
gpt2,question,past_to_future,False,0.8698420524597168,0.945496141910553,0.9189527034759521,0.9281197786331177,0.949338972568512,0.9400250911712646
gpt2,question,question,True,0.8722952008247375,0.9725396037101746,0.9697051048278809,0.9160486459732056,0.9676170945167542,0.9828258156776428
gpt2,question,past_to_future,False,0.8501898050308228,0.9634818434715271,0.9467658996582031,0.9172603487968445,0.9682969450950623,0.9668265581130981
gpt2,question,question,True,0.807496964931488,0.9236739277839661,0.9461511969566345,0.8257482647895813,0.9148892164230347,0.9550408720970154
gpt2,question,question,True,0.881553053855896,0.9723160862922668,0.9710667133331299,0.9349868297576904,0.9745144248008728,0.9870863556861877
gpt2,past_to_future,past_to_future,True,0.8757638335227966,0.9516939520835876,0.9157780408859253,0.9438549280166626,0.9674177169799805,0.9115986227989197
gpt2,past_to_future,past_to_future,True,0.8931592702865601,0.9616015553474426,0.9347652792930603,0.9254881739616394,0.9696956276893616,0.9292154312133789
gpt2,past_to_future,past_to_future,True,0.8537993431091309,0.9477118849754333,0.912506639957428,0.9386839270591736,0.9734901189804077,0.9181355237960815
gpt2,past_to_future,past_to_future,True,0.9016766548156738,0.980869472026825,0.9588903784751892,0.9560299515724182,0.9902783036231995,0.9577573537826538
gpt2,past_to_future,past_to_future,True,0.3334340751171112,0.554655134677887,0.5214556455612183,0.5750604867935181,0.6497736573219299,0.5914759635925293
gpt2,certainty_to_uncertainty,certainty_to_uncertainty,True,0.9203546047210693,0.9942309260368347,0.9740813970565796,0.9710286855697632,0.9922918081283569,0.9689991474151611
gpt2,certainty_to_uncertainty,certainty_to_uncertainty,True,0.9207943677902222,0.9909073710441589,0.9628503918647766,0.9748243093490601,0.9884555339813232,0.95804762840271
gpt2,certainty_to_uncertainty,certainty_to_uncertainty,True,0.8851891756057739,0.9788099527359009,0.9768589735031128,0.9100022315979004,0.9700419902801514,0.9711599946022034
gpt2,certainty_to_uncertainty,certainty_to_uncertainty,True,0.8972150683403015,0.9837901592254639,0.970824122428894,0.9278043508529663,0.9758594632148743,0.9706006646156311
gpt2,certainty_to_uncertainty,certainty_to_uncertainty,True,0.9405189156532288,0.983593225479126,0.9503201246261597,0.97670578956604,0.973635196685791,0.9387969970703125
gpt2,active_to_passive,active_to_passive,True,-0.5231940746307373,-0.6410966515541077,-0.5945992469787598,-0.6447006464004517,-0.6428685188293457,-0.5980713367462158
gpt2,active_to_passive,active_to_passive,True,-0.22370749711990356,-0.29173731803894043,-0.2704620361328125,-0.2811088562011719,-0.2899083197116852,-0.25451499223709106
gpt2,active_to_passive,active_to_passive,True,0.3220495581626892,0.17261290550231934,0.13960739970207214,0.1866668313741684,0.159225195646286,0.11398471891880035
gpt2,active_to_passive,active_to_passive,True,0.7811880707740784,0.7323407530784607,0.7463023662567139,0.6693052649497986,0.7135462760925293,0.7059255242347717
gpt2,active_to_passive,active_to_passive,True,-0.2878892123699188,-0.39422401785850525,-0.3678359389305115,-0.36770474910736084,-0.38841530680656433,-0.36152583360671997
gpt2,formalization,certainty_to_uncertainty,False,0.8952139019966125,0.9790205359458923,0.9767175912857056,0.906018078327179,0.9676847457885742,0.9621862173080444
gpt2,formalization,negation,False,0.9405006170272827,0.9549615383148193,0.9299195408821106,0.9555323123931885,0.9389609098434448,0.9131988883018494
gpt2,formalization,certainty_to_uncertainty,False,0.9138885140419006,0.9824601411819458,0.9798562526702881,0.9250497221946716,0.97199547290802,0.9620473980903625
gpt2,formalization,formalization,True,0.8973147869110107,0.9745306372642517,0.9778960347175598,0.9180546998977661,0.9700746536254883,0.9628931879997253
gpt2,formalization,question,False,0.6986081600189209,0.8494599461555481,0.8906604647636414,0.7387043833732605,0.849209189414978,0.9016631245613098
gpt2,negation,negation,True,0.9032358527183533,0.9737074375152588,0.943081796169281,0.9883922338485718,0.9777756333351135,0.9512524604797363
gpt2,negation,negation,True,0.9123572707176208,0.9639237523078918,0.9261358976364136,0.9845282435417175,0.9586634039878845,0.9264248609542847
gpt2,negation,negation,True,0.7574659585952759,0.8742258548736572,0.8406567573547363,0.9246017336845398,0.9010091423988342,0.8827061057090759
gpt2,negation,negation,True,0.8468185663223267,0.941880464553833,0.9170709848403931,0.9637352228164673,0.9570590257644653,0.9352180361747742
gpt2,negation,negation,True,0.89268559217453,0.9728680849075317,0.9406756162643433,0.987002432346344,0.9804960489273071,0.9452688694000244
gpt2,question,question,True,0.861885130405426,0.9588315486907959,0.9378708600997925,0.9496786594390869,0.9664945006370544,0.9720979928970337
gpt2,question,question,True,0.8497447967529297,0.9463447332382202,0.9463858008384705,0.911083459854126,0.9440726041793823,0.9655847549438477
gpt2,question,question,True,0.8659526109695435,0.9753109812736511,0.9623010754585266,0.9424447417259216,0.9798324108123779,0.9847316741943359
gpt2,question,question,True,0.8312150835990906,0.9409332275390625,0.9614310264587402,0.8672565221786499,0.9341569542884827,0.9751576781272888
gpt2,question,question,True,0.8631163835525513,0.9594771862030029,0.9572525024414062,0.9372025728225708,0.963759183883667,0.9802876710891724
gpt2,past_to_future,past_to_future,True,0.8990727663040161,0.9773324131965637,0.9449675679206848,0.970459520816803,0.986380934715271,0.9425724744796753
gpt2,past_to_future,past_to_future,True,0.8736172914505005,0.9715447425842285,0.9551627039909363,0.9401243925094604,0.9810125827789307,0.9679856300354004
gpt2,past_to_future,past_to_future,True,0.8071953058242798,0.9282312989234924,0.9058093428611755,0.919276237487793,0.955254316329956,0.9262744188308716
gpt2,past_to_future,formalization,False,0.8950656056404114,0.9818640351295471,0.9848455190658569,0.9259527921676636,0.9813424348831177,0.9770469665527344
gpt2,past_to_future,past_to_future,True,0.7381399869918823,0.88658207654953,0.8560839891433716,0.8821646571159363,0.9288524985313416,0.8916456699371338
gpt2,certainty_to_uncertainty,certainty_to_uncertainty,True,0.9178792238235474,0.9951926469802856,0.9789553880691528,0.9686644673347473,0.9902676343917847,0.9734798669815063
gpt2,certainty_to_uncertainty,certainty_to_uncertainty,True,0.9192175269126892,0.9911949634552002,0.9651312828063965,0.9772519469261169,0.9881364107131958,0.9607652425765991
gpt2,certainty_to_uncertainty,formalization,False,0.8865988254547119,0.9748926162719727,0.977241039276123,0.9159449338912964,0.9647723436355591,0.9742200374603271
gpt2,certainty_to_uncertainty,certainty_to_uncertainty,True,0.8867150545120239,0.9767715930938721,0.968449592590332,0.9331699013710022,0.970088541507721,0.9746334552764893
gpt2,certainty_to_uncertainty,certainty_to_uncertainty,True,0.9476536512374878,0.9905753135681152,0.9652170538902283,0.974687933921814,0.9770814180374146,0.9509096145629883
gpt2,active_to_passive,active_to_passive,True,0.8136060237884521,0.7493648529052734,0.7321484088897705,0.7846403121948242,0.7347222566604614,0.7203390598297119
gpt2,active_to_passive,negation,False,0.7975678443908691,0.8348756432533264,0.8140868544578552,0.8597963452339172,0.8351109027862549,0.8331226110458374
gpt2,active_to_passive,active_to_passive,True,0.8640339374542236,0.8400806188583374,0.832808256149292,0.8412829637527466,0.8221173286437988,0.8233137130737305
gpt2,active_to_passive,active_to_passive,True,0.9351797699928284,0.9343358278274536,0.9102362990379333,0.9340354204177856,0.9233143329620361,0.8971562385559082
gpt2,active_to_passive,negation,False,0.8634170293807983,0.8358532190322876,0.7979707717895508,0.8878458142280579,0.8303269147872925,0.7956128120422363
gpt2,formalization,formalization,True,0.8934997320175171,0.9754098653793335,0.9768739938735962,0.9148461818695068,0.9644281268119812,0.9664376974105835
gpt2,formalization,certainty_to_uncertainty,False,0.9352508783340454,0.9724329710006714,0.9503656625747681,0.9696652889251709,0.959926962852478,0.9425973892211914
gpt2,formalization,formalization,True,0.9266462922096252,0.9936075210571289,0.9938607215881348,0.9446926116943359,0.9823189973831177,0.9798363447189331
gpt2,formalization,formalization,True,0.8914684653282166,0.9747860431671143,0.9815028309822083,0.9309029579162598,0.9715698957443237,0.9755069017410278
gpt2,formalization,question,False,0.6961240768432617,0.826961874961853,0.8636466264724731,0.7462341785430908,0.8245980739593506,0.8764652013778687
gpt2,negation,negation,True,0.7837101221084595,0.8652443885803223,0.8302914500236511,0.9440110921859741,0.889157772064209,0.8584755659103394
gpt2,negation,negation,True,0.8746155500411987,0.9151097536087036,0.8759020566940308,0.9721356630325317,0.9119393825531006,0.878296971321106
gpt2,negation,negation,True,0.2676165699958801,0.3450772166252136,0.3535688519477844,0.482607901096344,0.3922877907752991,0.4065987467765808
gpt2,negation,negation,True,0.7297471761703491,0.8036316633224487,0.7774952054023743,0.8888271450996399,0.8303678035736084,0.7984718084335327
gpt2,negation,negation,True,0.7372878789901733,0.8428982496261597,0.807624101638794,0.922135591506958,0.876003623008728,0.8367469310760498
gpt2,question,question,True,0.7739802598953247,0.8878940939903259,0.8834190368652344,0.8940938711166382,0.9041733145713806,0.9395753145217896
gpt2,question,question,True,0.7763892412185669,0.8838131427764893,0.9221944808959961,0.8161280155181885,0.8800467252731323,0.9430046677589417
gpt2,question,question,True,0.8016307353973389,0.9328019618988037,0.9382292032241821,0.8936625719070435,0.9436969757080078,0.9754869937896729
gpt2,question,question,True,0.6601267457008362,0.7845612168312073,0.8490443825721741,0.6776844263076782,0.7794172167778015,0.8687918186187744
gpt2,question,question,True,0.8126176595687866,0.911776065826416,0.9419982433319092,0.8649381399154663,0.9164766073226929,0.9639725685119629
gpt2,past_to_future,past_to_future,True,0.8323788642883301,0.9452558755874634,0.9178951978683472,0.9622315764427185,0.9715110659599304,0.9365595579147339
gpt2,past_to_future,past_to_future,True,0.9087404012680054,0.9782655239105225,0.9720664024353027,0.9476072788238525,0.9822481870651245,0.9706735610961914
gpt2,past_to_future,question,False,0.4993319511413574,0.6492801904678345,0.6633891463279724,0.676917552947998,0.7098579406738281,0.7118104696273804
gpt2,past_to_future,question,False,0.8411979079246521,0.9387199878692627,0.9476532936096191,0.9105462431907654,0.9528120756149292,0.954017698764801
gpt2,past_to_future,question,False,-0.09246428310871124,0.11300437152385712,0.12421853840351105,0.18753354251384735,0.20722825825214386,0.22029955685138702
gpt2,certainty_to_uncertainty,certainty_to_uncertainty,True,0.905898928642273,0.9853004813194275,0.981784462928772,0.9527227282524109,0.9814285039901733,0.9730126857757568
gpt2,certainty_to_uncertainty,certainty_to_uncertainty,True,0.9250749349594116,0.9891070127487183,0.9743995666503906,0.9696521759033203,0.9831547141075134,0.9621671438217163
gpt2,certainty_to_uncertainty,formalization,False,0.8174960017204285,0.9097754955291748,0.9503530859947205,0.8097456693649292,0.8962819576263428,0.9380329251289368
gpt2,certainty_to_uncertainty,question,False,0.8675084710121155,0.9604654312133789,0.9766372442245483,0.8931876420974731,0.9506464004516602,0.9794007539749146
gpt2,certainty_to_uncertainty,certainty_to_uncertainty,True,0.9388212561607361,0.983725368976593,0.958105206489563,0.9810537099838257,0.9718950986862183,0.9456220269203186
gpt2,active_to_passive,formalization,False,0.7859097719192505,0.7741520404815674,0.79458087682724,0.7580382823944092,0.774040699005127,0.7887160778045654
gpt2,active_to_passive,question,False,0.8675981163978577,0.9201472997665405,0.9175514578819275,0.9064450263977051,0.9196770191192627,0.928564727306366
gpt2,active_to_passive,question,False,0.7656767964363098,0.7610182762145996,0.7829387187957764,0.7332115173339844,0.7553601264953613,0.7843797206878662
gpt2,active_to_passive,formalization,False,0.9269387722015381,0.9427348971366882,0.949353814125061,0.908038854598999,0.9334816932678223,0.9354304075241089
gpt2,active_to_passive,active_to_passive,True,0.9308520555496216,0.9216246008872986,0.9104452133178711,0.9261236190795898,0.9135783910751343,0.8978888988494873
gpt2,formalization,formalization,True,0.8418015241622925,0.922707200050354,0.9610965251922607,0.818006694316864,0.9061566591262817,0.9371777772903442
gpt2,formalization,negation,False,0.9430233240127563,0.9441537261009216,0.9386180639266968,0.9487243890762329,0.9236988425254822,0.9174480438232422
gpt2,formalization,formalization,True,0.8801878690719604,0.9476128816604614,0.9755370616912842,0.8747938871383667,0.9356482028961182,0.9551697969436646
gpt2,formalization,formalization,True,0.7796040177345276,0.856665313243866,0.9106302857398987,0.7746374011039734,0.8515717387199402,0.8917000889778137
gpt2,formalization,question,False,0.15974178910255432,0.27662771940231323,0.40002405643463135,0.1287262737751007,0.27046602964401245,0.4015575647354126
gpt2,negation,negation,True,0.9292173385620117,0.9770584106445312,0.949844241142273,0.9889919757843018,0.9777593612670898,0.9480397701263428
gpt2,negation,negation,True,0.9276271462440491,0.9492628574371338,0.9099242687225342,0.9835392236709595,0.9395505785942078,0.9018639326095581
gpt2,negation,negation,True,0.9200420379638672,0.9314242601394653,0.9040588140487671,0.9572485089302063,0.9321680068969727,0.8932960033416748
gpt2,negation,negation,True,0.935196042060852,0.9608432054519653,0.9321373701095581,0.979047954082489,0.9626426696777344,0.9188257455825806
gpt2,negation,negation,True,0.9161779880523682,0.9711089134216309,0.9416152238845825,0.9836075305938721,0.9760639071464539,0.9370180368423462
gpt2,question,question,True,0.8759852051734924,0.9438468217849731,0.9287072420120239,0.9069015979766846,0.9429752230644226,0.9462847709655762
gpt2,question,question,True,0.7915815114974976,0.9010608196258545,0.9320666790008545,0.8198127746582031,0.8976161479949951,0.9547631144523621
gpt2,question,question,True,0.8819347620010376,0.9741755127906799,0.9643423557281494,0.9352224469184875,0.9756370782852173,0.9846109747886658
gpt2,question,question,True,0.648457407951355,0.7666679620742798,0.831167995929718,0.6342111825942993,0.75883948802948,0.8461681008338928
gpt2,question,question,True,0.861104428768158,0.9463740587234497,0.963386058807373,0.9014101624488831,0.9491221904754639,0.9815385937690735
gpt2,past_to_future,past_to_future,True,0.8893088102340698,0.9509060382843018,0.9200800061225891,0.9281220436096191,0.9581528902053833,0.9095364809036255
gpt2,past_to_future,certainty_to_uncertainty,False,0.8958035111427307,0.9423583149909973,0.9305493831634521,0.8812973499298096,0.9415063858032227,0.9101099371910095
gpt2,past_to_future,past_to_future,True,0.848685622215271,0.926872968673706,0.9213001132011414,0.8755799531936646,0.9472043514251709,0.9114037752151489
gpt2,past_to_future,certainty_to_uncertainty,False,0.9188708066940308,0.9716787338256836,0.9702906608581543,0.909471869468689,0.9660037755966187,0.9479455947875977
gpt2,past_to_future,past_to_future,True,0.5373628735542297,0.7071812152862549,0.6993502974510193,0.6592453718185425,0.7704219222068787,0.7273877263069153
gpt2,certainty_to_uncertainty,certainty_to_uncertainty,True,0.9378467798233032,0.9951784014701843,0.9762145280838013,0.9734364748001099,0.9886195063591003,0.9670150279998779
gpt2,certainty_to_uncertainty,certainty_to_uncertainty,True,0.938961923122406,0.9928935170173645,0.9678298234939575,0.9772562980651855,0.9862425327301025,0.9583442211151123
gpt2,certainty_to_uncertainty,formalization,False,0.8683622479438782,0.9534376263618469,0.9726299047470093,0.8617058396339417,0.9409188628196716,0.9592252969741821
gpt2,certainty_to_uncertainty,formalization,False,0.8935510516166687,0.974494457244873,0.9787037372589111,0.8996389508247375,0.9637466669082642,0.9746643900871277
gpt2,certainty_to_uncertainty,certainty_to_uncertainty,True,0.9493316411972046,0.9761034250259399,0.9405117034912109,0.9759970307350159,0.9624178409576416,0.92536461353302
gpt2,active_to_passive,active_to_passive,True,-0.00367148220539093,-0.2674660086631775,-0.24317604303359985,-0.26946574449539185,-0.30178073048591614,-0.3370969891548157
gpt2,active_to_passive,active_to_passive,True,0.6556829214096069,0.4812660813331604,0.4872109889984131,0.4803808033466339,0.4413914084434509,0.4163933992385864
gpt2,active_to_passive,active_to_passive,True,0.5809968709945679,0.4167066216468811,0.43474334478378296,0.3168647885322571,0.3651718497276306,0.33106446266174316
gpt2,active_to_passive,active_to_passive,True,0.723224401473999,0.5339577794075012,0.5278351902961731,0.5195271968841553,0.4998777508735657,0.4315032958984375
gpt2,active_to_passive,active_to_passive,True,0.5055053234100342,0.26600319147109985,0.25126856565475464,0.29724031686782837,0.2353811264038086,0.15691924095153809
gpt2,formalization,formalization,True,0.8578121662139893,0.9457568526268005,0.9665520191192627,0.8473259210586548,0.9333785772323608,0.9479621052742004
gpt2,formalization,certainty_to_uncertainty,False,0.9531656503677368,0.9600973725318909,0.9466620683670044,0.9531480669975281,0.9441395401954651,0.9280009865760803
gpt2,formalization,formalization,True,0.9107242822647095,0.9706413149833679,0.9820255041122437,0.9025131464004517,0.958404004573822,0.9596994519233704
gpt2,formalization,formalization,True,0.8525549173355103,0.9199820756912231,0.9549314379692078,0.8387925624847412,0.9138796329498291,0.9319983720779419
gpt2,formalization,question,False,0.2781984806060791,0.43783038854599,0.5391845107078552,0.27842891216278076,0.4424264430999756,0.5550844073295593
gpt2,negation,negation,True,0.9017782807350159,0.9558397531509399,0.9142696857452393,0.9934411644935608,0.9625009298324585,0.918770432472229
gpt2,negation,negation,True,0.9376328587532043,0.9429459571838379,0.8963935375213623,0.9703815579414368,0.9293833374977112,0.876750648021698
gpt2,negation,negation,True,0.9072315692901611,0.9348357915878296,0.8912439346313477,0.983498752117157,0.94032883644104,0.8895360231399536
gpt2,negation,negation,True,0.9281065464019775,0.9517492055892944,0.9125914573669434,0.9876995086669922,0.9528387188911438,0.902032196521759
gpt2,negation,negation,True,0.8846477270126343,0.9407773613929749,0.8961244821548462,0.987411618232727,0.952710747718811,0.8987774848937988
gpt2,question,past_to_future,False,0.8955246806144714,0.9680058360099792,0.9401623010635376,0.9512207508087158,0.9690919518470764,0.9551916122436523
gpt2,question,question,True,0.8851925730705261,0.9762882590293884,0.9808129072189331,0.911885678768158,0.9686622023582458,0.9871280193328857
gpt2,question,past_to_future,False,0.8890039920806885,0.9789587259292603,0.9589052200317383,0.9401959776878357,0.9789754152297974,0.9694642424583435
gpt2,question,formalization,False,0.8337171077728271,0.9330174326896667,0.9574160575866699,0.8299453258514404,0.9207319021224976,0.9564297795295715
gpt2,question,question,True,0.904069721698761,0.981979489326477,0.9803408980369568,0.9399197101593018,0.9793202877044678,0.9871222972869873
gpt2,past_to_future,negation,False,0.9302364587783813,0.9691394567489624,0.9304483532905579,0.9796283841133118,0.9707744121551514,0.9201083183288574
gpt2,past_to_future,certainty_to_uncertainty,False,0.9342079162597656,0.9789676070213318,0.9490283131599426,0.9674652814865112,0.9779475927352905,0.943053126335144
gpt2,past_to_future,negation,False,0.9340105056762695,0.9702094197273254,0.9370136857032776,0.9808942079544067,0.9772365093231201,0.9278439283370972
gpt2,past_to_future,past_to_future,True,0.9292424917221069,0.9888625144958496,0.9727541208267212,0.9655163884162903,0.9911242127418518,0.9638173580169678
gpt2,past_to_future,negation,False,0.8760842084884644,0.9277395009994507,0.8757567405700684,0.9604653120040894,0.9471105337142944,0.8776265382766724
gpt2,certainty_to_uncertainty,certainty_to_uncertainty,True,0.9318405389785767,0.9925756454467773,0.9717827439308167,0.9629033803939819,0.985425591468811,0.9572071433067322
gpt2,certainty_to_uncertainty,certainty_to_uncertainty,True,0.9286041259765625,0.9911130666732788,0.9670895934104919,0.9650186896324158,0.9843431115150452,0.9533590078353882
gpt2,certainty_to_uncertainty,formalization,False,0.8723210692405701,0.9570213556289673,0.9703755378723145,0.8604804277420044,0.9431018829345703,0.953730583190918
gpt2,certainty_to_uncertainty,certainty_to_uncertainty,True,0.8996545076370239,0.9773477911949158,0.9764220714569092,0.9005190134048462,0.9646071195602417,0.9661678075790405
gpt2,certainty_to_uncertainty,certainty_to_uncertainty,True,0.9452695846557617,0.9819467067718506,0.950226902961731,0.9676902890205383,0.9676288366317749,0.9300527572631836
gpt2,active_to_passive,active_to_passive,True,0.9539942741394043,0.9086179137229919,0.9058246612548828,0.8629589080810547,0.8817192912101746,0.8635168075561523
gpt2,active_to_passive,certainty_to_uncertainty,False,0.9579724073410034,0.9742447137832642,0.9623481631278992,0.9339070320129395,0.9580557942390442,0.9437512159347534
gpt2,active_to_passive,active_to_passive,True,0.9378843307495117,0.9067041873931885,0.9060201048851013,0.8454925417900085,0.8770838975906372,0.8588024973869324
gpt2,active_to_passive,active_to_passive,True,0.9618112444877625,0.9522570371627808,0.9466067552566528,0.9047529697418213,0.9308505654335022,0.9123429656028748
gpt2,active_to_passive,active_to_passive,True,0.9717612862586975,0.9399377107620239,0.9300861358642578,0.9093378186225891,0.9177314043045044,0.8939979672431946
gpt2,formalization,formalization,True,0.8564853668212891,0.9343032240867615,0.9547408819198608,0.8247449994087219,0.9180853962898254,0.9281561374664307
gpt2,formalization,certainty_to_uncertainty,False,0.9483479261398315,0.9750112891197205,0.9622716307640076,0.9512899518013,0.9610010385513306,0.9463921785354614
gpt2,formalization,formalization,True,0.8849637508392334,0.9463653564453125,0.9619012475013733,0.8607252240180969,0.9316293597221375,0.93442302942276
gpt2,formalization,formalization,True,0.8640114665031433,0.9347010850906372,0.9587512016296387,0.8477951288223267,0.9253519773483276,0.9345994591712952
gpt2,formalization,question,False,0.4409809708595276,0.5890856981277466,0.6791935563087463,0.41786205768585205,0.5852853655815125,0.6799159049987793
gpt2,negation,negation,True,0.9156567454338074,0.976706862449646,0.9496793150901794,0.9918745756149292,0.9810492396354675,0.9551023244857788
gpt2,negation,negation,True,0.9449794888496399,0.9687719941139221,0.9375312328338623,0.9820290207862854,0.9563449621200562,0.924152135848999
gpt2,negation,negation,True,0.8818024396896362,0.9390003681182861,0.9164543151855469,0.9779935479164124,0.953001856803894,0.9283915758132935
gpt2,negation,negation,True,0.9358776807785034,0.9696913957595825,0.9433429837226868,0.9884846210479736,0.9713603258132935,0.934135377407074
gpt2,negation,negation,True,0.8768989443778992,0.9559308290481567,0.9285190105438232,0.9842542409896851,0.9705318808555603,0.9367763996124268
gpt2,question,question,True,0.8436135053634644,0.9503098726272583,0.9364687204360962,0.9294477701187134,0.9594858884811401,0.9772186279296875
gpt2,question,question,True,0.845059335231781,0.9440144300460815,0.9581067562103271,0.8793182969093323,0.9406827092170715,0.9759761095046997
gpt2,question,question,True,0.8442288637161255,0.9634314775466919,0.9539163708686829,0.919734537601471,0.971034049987793,0.9834128618240356
gpt2,question,question,True,0.776848554611206,0.8899310827255249,0.9303445816040039,0.7819804549217224,0.8823333978652954,0.9449840784072876
gpt2,question,question,True,0.8655582666397095,0.9602863192558289,0.9687740206718445,0.9124280214309692,0.9637203812599182,0.9889240264892578
gpt2,past_to_future,past_to_future,True,0.9197914004325867,0.9855237007141113,0.9599105715751648,0.9658457040786743,0.9875748157501221,0.9518817663192749
gpt2,past_to_future,past_to_future,True,0.9155595302581787,0.9897825717926025,0.9791127443313599,0.94685959815979,0.9915621280670166,0.9759153723716736
gpt2,past_to_future,past_to_future,True,0.8943122625350952,0.9716351628303528,0.9686369299888611,0.9284312725067139,0.9834514856338501,0.9619526863098145
gpt2,past_to_future,certainty_to_uncertainty,False,0.9153024554252625,0.9878026247024536,0.9876118898391724,0.9331947565078735,0.984951913356781,0.9766581654548645
gpt2,past_to_future,past_to_future,True,0.7661513686180115,0.9101813435554504,0.8949500918388367,0.880696177482605,0.9480175971984863,0.9213722944259644
gpt2,certainty_to_uncertainty,certainty_to_uncertainty,True,0.9157636165618896,0.9944115281105042,0.9801548719406128,0.9541398882865906,0.9891758561134338,0.9729017019271851
gpt2,certainty_to_uncertainty,certainty_to_uncertainty,True,0.9183968901634216,0.9948594570159912,0.974514365196228,0.9665670394897461,0.9910672307014465,0.969721257686615
gpt2,certainty_to_uncertainty,formalization,False,0.8742234110832214,0.9635837078094482,0.9771629571914673,0.8773098587989807,0.9525089263916016,0.9699862599372864
gpt2,certainty_to_uncertainty,question,False,0.8903906941413879,0.9760103821754456,0.9760808944702148,0.9109954237937927,0.9678135514259338,0.9782488346099854
gpt2,certainty_to_uncertainty,certainty_to_uncertainty,True,0.9424790143966675,0.9911253452301025,0.9641738533973694,0.9740841388702393,0.9793176651000977,0.9514473080635071
gpt2,active_to_passive,question,False,0.47929683327674866,0.5167950391769409,0.5662698149681091,0.45290279388427734,0.5147019624710083,0.5835639238357544
gpt2,active_to_passive,question,False,0.5526063442230225,0.608441948890686,0.6290683746337891,0.5810288190841675,0.6127769947052002,0.6584436893463135
gpt2,active_to_passive,certainty_to_uncertainty,False,0.852105438709259,0.8632248640060425,0.8504935503005981,0.8273303508758545,0.8541963696479797,0.8488519787788391
gpt2,active_to_passive,formalization,False,0.8074241876602173,0.8202065825462341,0.8496289253234863,0.7643357515335083,0.8129383325576782,0.8441404700279236
gpt2,active_to_passive,question,False,0.5724870562553406,0.5840597748756409,0.6179262399673462,0.5581963062286377,0.58652263879776,0.6354204416275024
gpt2,formalization,formalization,True,0.8641826510429382,0.9583611488342285,0.9733661413192749,0.8703142404556274,0.9490385055541992,0.9650689959526062
gpt2,formalization,certainty_to_uncertainty,False,0.9534456133842468,0.9755581617355347,0.9626811742782593,0.9579740762710571,0.9590866565704346,0.9471895694732666
gpt2,formalization,formalization,True,0.9106395244598389,0.9809579849243164,0.9901765584945679,0.9111545085906982,0.969831109046936,0.9740760326385498
gpt2,formalization,formalization,True,0.870194673538208,0.9547682404518127,0.9790733456611633,0.8839499950408936,0.9522879123687744,0.9710032343864441
gpt2,formalization,question,False,0.43369871377944946,0.590167760848999,0.6712707281112671,0.45719432830810547,0.5948564410209656,0.6970861554145813
gpt2,negation,negation,True,0.9193359613418579,0.971711277961731,0.9398994445800781,0.9927409291267395,0.977054238319397,0.9407049417495728
gpt2,negation,negation,True,0.9527977705001831,0.9553216695785522,0.9216132164001465,0.965735137462616,0.9381043910980225,0.897423505783081
gpt2,negation,negation,True,0.8853116631507874,0.9217265844345093,0.9048340320587158,0.962614119052887,0.9332095384597778,0.9074954986572266
gpt2,negation,negation,True,0.9365159273147583,0.9686715602874756,0.9387837648391724,0.9869540929794312,0.9695301055908203,0.926559567451477
gpt2,negation,negation,True,0.8998223543167114,0.963592529296875,0.9281176328659058,0.9892781972885132,0.9736627340316772,0.9284733533859253
gpt2,question,certainty_to_uncertainty,False,0.9084314703941345,0.9578433632850647,0.9432404637336731,0.9271541833877563,0.9515464305877686,0.9498797655105591
gpt2,question,formalization,False,0.9108973741531372,0.9768419861793518,0.9849359393119812,0.9075860977172852,0.9638968110084534,0.9816728830337524
gpt2,question,certainty_to_uncertainty,False,0.891531765460968,0.9717602133750916,0.961727499961853,0.9197169542312622,0.9680063724517822,0.9688527584075928
gpt2,question,formalization,False,0.8468034267425537,0.9203029870986938,0.950424313545227,0.8147755861282349,0.9033846855163574,0.9416065812110901
gpt2,question,question,True,0.908547043800354,0.9740645289421082,0.9795334935188293,0.9206463098526001,0.9684019684791565,0.9797252416610718
gpt2,past_to_future,past_to_future,True,0.926781177520752,0.9817637801170349,0.9540536999702454,0.9678881168365479,0.9837033748626709,0.9426407814025879
gpt2,past_to_future,certainty_to_uncertainty,False,0.94029700756073,0.9858551621437073,0.9707440733909607,0.9401832818984985,0.9790083169937134,0.9540470242500305
gpt2,past_to_future,past_to_future,True,0.9177045822143555,0.9778299927711487,0.9655427932739258,0.9400392770767212,0.9861499071121216,0.9526896476745605
gpt2,past_to_future,certainty_to_uncertainty,False,0.9317836165428162,0.9863929152488708,0.9783388376235962,0.9375641345977783,0.9820617437362671,0.9609667062759399
gpt2,past_to_future,past_to_future,True,0.8807192444801331,0.962329089641571,0.9397756457328796,0.9446948170661926,0.9828539490699768,0.9410188794136047
gpt2,certainty_to_uncertainty,certainty_to_uncertainty,True,0.9324408769607544,0.9938244223594666,0.9782606363296509,0.9548174142837524,0.9843182563781738,0.9624073505401611
gpt2,certainty_to_uncertainty,certainty_to_uncertainty,True,0.9407057762145996,0.9907653331756592,0.96677565574646,0.9643481969833374,0.9803741574287415,0.9499760866165161
gpt2,certainty_to_uncertainty,formalization,False,0.9075836539268494,0.9712322950363159,0.9789908528327942,0.8857546448707581,0.9545067548751831,0.9575743675231934
gpt2,certainty_to_uncertainty,certainty_to_uncertainty,True,0.9169270396232605,0.9810307025909424,0.9775735139846802,0.911745548248291,0.9669620394706726,0.9659481644630432
gpt2,certainty_to_uncertainty,certainty_to_uncertainty,True,0.945775032043457,0.9836055636405945,0.9531920552253723,0.9672120213508606,0.969571053981781,0.9358342885971069
gpt2,active_to_passive,active_to_passive,True,0.9495000839233398,0.9361830353736877,0.9206544756889343,0.8878735303878784,0.9209986925125122,0.8883671760559082
gpt2,active_to_passive,certainty_to_uncertainty,False,0.9516698122024536,0.967072606086731,0.9544011354446411,0.9153281450271606,0.9535134434700012,0.931712806224823
gpt2,active_to_passive,active_to_passive,True,0.9418631196022034,0.932912290096283,0.9172585606575012,0.8734714388847351,0.9123554825782776,0.8813424110412598
gpt2,active_to_passive,active_to_passive,True,0.9497504830360413,0.9395349621772766,0.923696756362915,0.8884680867195129,0.9210857152938843,0.8856289386749268
gpt2,active_to_passive,active_to_passive,True,0.9485282897949219,0.9415497183799744,0.9169085621833801,0.901496171951294,0.9265422821044922,0.8835192918777466
gpt2,formalization,formalization,True,0.9000428318977356,0.958662748336792,0.9693360924720764,0.865298330783844,0.9403654932975769,0.9407773017883301
gpt2,formalization,certainty_to_uncertainty,False,0.9661964774131775,0.9699903130531311,0.9519405364990234,0.9491498470306396,0.9490463733673096,0.9254195094108582
gpt2,formalization,formalization,True,0.9186427593231201,0.9660897254943848,0.9720121026039124,0.8970001935958862,0.9502027630805969,0.9451380372047424
gpt2,formalization,formalization,True,0.8949320316314697,0.950779378414154,0.9679357409477234,0.8729318380355835,0.9392482042312622,0.9424085021018982
gpt2,formalization,formalization,True,0.7069822549819946,0.8070871233940125,0.8701956272125244,0.6592018604278564,0.7922391891479492,0.8540038466453552
gpt2,negation,negation,True,0.9254946708679199,0.9796429872512817,0.9470953941345215,0.9886130094528198,0.977996826171875,0.9473972916603088
gpt2,negation,negation,True,0.9456475973129272,0.9680529832839966,0.9322397112846375,0.9747554659843445,0.9528176784515381,0.915812075138092
gpt2,negation,negation,True,0.9170655012130737,0.9666272401809692,0.9307507276535034,0.9863029718399048,0.9670379757881165,0.9341031312942505
gpt2,negation,negation,True,0.9470034837722778,0.9706059694290161,0.9327815771102905,0.9837623238563538,0.963131308555603,0.9189289808273315
gpt2,negation,negation,True,0.9220707416534424,0.9796342253684998,0.9480758905410767,0.9894851446151733,0.9799531698226929,0.9435946941375732
gpt2,question,question,True,0.8899632692337036,0.977785050868988,0.9660305976867676,0.9412305355072021,0.9776859283447266,0.983272135257721
gpt2,question,formalization,False,0.9155446290969849,0.984898567199707,0.9873164296150208,0.9284818172454834,0.9724743962287903,0.9869627952575684
gpt2,question,certainty_to_uncertainty,False,0.8914538025856018,0.983781635761261,0.9711097478866577,0.9400301575660706,0.9819269180297852,0.98307865858078
gpt2,question,formalization,False,0.892035186290741,0.96513831615448,0.9820090532302856,0.8792200684547424,0.947713315486908,0.9750484824180603
gpt2,question,certainty_to_uncertainty,False,0.9265451431274414,0.9875146150588989,0.984194278717041,0.9492883086204529,0.9795295000076294,0.9849433302879333
gpt2,past_to_future,certainty_to_uncertainty,False,0.9196206331253052,0.9849469661712646,0.9568184018135071,0.9655330181121826,0.9832729697227478,0.9515552520751953
gpt2,past_to_future,certainty_to_uncertainty,False,0.9337767958641052,0.9892114400863647,0.968375563621521,0.9537858366966248,0.9820257425308228,0.95931077003479
gpt2,past_to_future,past_to_future,True,0.9220041036605835,0.9894964694976807,0.9676072001457214,0.9662299752235413,0.9920150637626648,0.9623512625694275
gpt2,past_to_future,certainty_to_uncertainty,False,0.932259202003479,0.9890599250793457,0.9783539175987244,0.9405009746551514,0.9804216623306274,0.9619829058647156
gpt2,past_to_future,past_to_future,True,0.8689520955085754,0.9713439345359802,0.9446282386779785,0.9525231122970581,0.9865146279335022,0.9554201364517212
gpt2,certainty_to_uncertainty,certainty_to_uncertainty,True,0.9312940835952759,0.9946671724319458,0.9754502773284912,0.9638866186141968,0.986592710018158,0.9650744199752808
gpt2,certainty_to_uncertainty,certainty_to_uncertainty,True,0.9294252395629883,0.9927809238433838,0.9693503975868225,0.965506911277771,0.9858996868133545,0.9598286151885986
gpt2,certainty_to_uncertainty,certainty_to_uncertainty,True,0.9312044978141785,0.9886636734008789,0.9879803657531738,0.9232487082481384,0.9705360531806946,0.9693715572357178
gpt2,certainty_to_uncertainty,certainty_to_uncertainty,True,0.9388728141784668,0.992210328578949,0.9823518991470337,0.939774751663208,0.9751761555671692,0.9693933129310608
gpt2,certainty_to_uncertainty,certainty_to_uncertainty,True,0.9489530324935913,0.9828726053237915,0.951985239982605,0.9682735800743103,0.9681175351142883,0.9344933032989502
gpt2,active_to_passive,active_to_passive,True,0.9345492720603943,0.8572731018066406,0.8443635702133179,0.8106882572174072,0.8263000249862671,0.7835415005683899
gpt2,active_to_passive,active_to_passive,True,0.970485270023346,0.9319292306900024,0.9193428158760071,0.8855289816856384,0.9023909568786621,0.8699285387992859
gpt2,active_to_passive,active_to_passive,True,0.9356042146682739,0.8686295747756958,0.8547036647796631,0.8130136728286743,0.8336628675460815,0.7930988669395447
gpt2,active_to_passive,active_to_passive,True,0.9597891569137573,0.9259853363037109,0.9105464220046997,0.8782063722610474,0.8984899520874023,0.8608107566833496
gpt2,active_to_passive,active_to_passive,True,0.9651800394058228,0.9218932390213013,0.9027506709098816,0.8866895437240601,0.8951174020767212,0.8531464338302612
gpt2,formalization,formalization,True,0.9260053634643555,0.9837747812271118,0.9861190915107727,0.9122901558876038,0.9653958082199097,0.963205099105835
gpt2,formalization,active_to_passive,False,0.9711736440658569,0.9652281403541565,0.9445450901985168,0.954414963722229,0.9418115615844727,0.9153923392295837
gpt2,formalization,formalization,True,0.9354971051216125,0.9848228693008423,0.985193133354187,0.9268112182617188,0.9684245586395264,0.9621943235397339
gpt2,formalization,formalization,True,0.9284954071044922,0.9816495180130005,0.9908053278923035,0.9211456775665283,0.9683894515037537,0.9686091542243958
gpt2,formalization,formalization,True,0.8352674245834351,0.9236276149749756,0.9604674577713013,0.8197768926620483,0.9059147238731384,0.9481267333030701
gpt2,negation,negation,True,0.8840017318725586,0.9625794887542725,0.9365276098251343,0.9842008948326111,0.974938154220581,0.951863169670105
gpt2,negation,negation,True,0.9265784025192261,0.9535585045814514,0.916597306728363,0.9767345786094666,0.9447524547576904,0.9062548875808716
gpt2,negation,negation,True,0.8969387412071228,0.9523781538009644,0.9299010634422302,0.9683780074119568,0.9620533585548401,0.9358644485473633
gpt2,negation,negation,True,0.9329485893249512,0.9553848505020142,0.9113576412200928,0.9784407019615173,0.9530133605003357,0.9008291959762573
gpt2,negation,negation,True,0.8479822874069214,0.9490396976470947,0.9183136224746704,0.9723028540611267,0.9696605205535889,0.9371089935302734
gpt2,question,question,True,0.8726212382316589,0.945760190486908,0.9380400776863098,0.9127657413482666,0.9457105398178101,0.9603421092033386
gpt2,question,question,True,0.8485758900642395,0.9521068930625916,0.9697002172470093,0.8789015412330627,0.945662260055542,0.9846225380897522
gpt2,question,question,True,0.8353121876716614,0.9552103877067566,0.9517781138420105,0.9030737280845642,0.9612364172935486,0.9809854626655579
gpt2,question,question,True,0.7655594348907471,0.8884549140930176,0.9278073310852051,0.7819252014160156,0.8812252879142761,0.9455569982528687
gpt2,question,question,True,0.8610579371452332,0.9621583223342896,0.972862958908081,0.9112004041671753,0.9638962745666504,0.9925522208213806
gpt2,past_to_future,past_to_future,True,0.9057646989822388,0.9816538095474243,0.9552922248840332,0.9699381589889526,0.990001916885376,0.9566795825958252
gpt2,past_to_future,certainty_to_uncertainty,False,0.930659830570221,0.9876497387886047,0.973592221736908,0.9458743333816528,0.9844796657562256,0.9670295715332031
gpt2,past_to_future,past_to_future,True,0.8756763935089111,0.9677659273147583,0.9606552124023438,0.934413492679596,0.9842226505279541,0.9673027396202087
gpt2,past_to_future,past_to_future,True,0.9123401641845703,0.9874496459960938,0.9830020070075989,0.9472811222076416,0.9912707805633545,0.9813635349273682
gpt2,past_to_future,past_to_future,True,0.8726882338523865,0.9671474099159241,0.9517695903778076,0.9411647319793701,0.9843745231628418,0.9604051113128662
gpt2,certainty_to_uncertainty,certainty_to_uncertainty,True,0.9144306182861328,0.9926437139511108,0.9812456965446472,0.9558418989181519,0.9888826608657837,0.9763146638870239
gpt2,certainty_to_uncertainty,certainty_to_uncertainty,True,0.9261375069618225,0.9935797452926636,0.9747147560119629,0.9646745324134827,0.9876769781112671,0.9657202959060669
gpt2,certainty_to_uncertainty,formalization,False,0.8803919553756714,0.9725051522254944,0.9846691489219666,0.8884847164154053,0.9601020216941833,0.9775080680847168
gpt2,certainty_to_uncertainty,question,False,0.8965444564819336,0.9842748045921326,0.9842605590820312,0.9179514050483704,0.9743821024894714,0.9844195246696472
gpt2,certainty_to_uncertainty,certainty_to_uncertainty,True,0.9429343938827515,0.9874642491340637,0.9581328630447388,0.9740555882453918,0.9750592708587646,0.9451265931129456
gpt2,active_to_passive,active_to_passive,True,0.9585599899291992,0.9424110054969788,0.9294915199279785,0.9190302491188049,0.9239462614059448,0.9099567532539368
gpt2,active_to_passive,certainty_to_uncertainty,False,0.941203236579895,0.9636431932449341,0.9542088508605957,0.9238563776016235,0.9468973875045776,0.9416525363922119
gpt2,active_to_passive,active_to_passive,True,0.9588644504547119,0.9346632361412048,0.9144790172576904,0.8939082026481628,0.9084988832473755,0.8801268339157104
gpt2,active_to_passive,active_to_passive,True,0.9668386578559875,0.9477027058601379,0.9374924302101135,0.9125728607177734,0.9257232546806335,0.9063311219215393
gpt2,active_to_passive,active_to_passive,True,0.9628573060035706,0.9410527944564819,0.9204113483428955,0.9274426698684692,0.9217536449432373,0.8954563736915588
gpt2,formalization,formalization,True,0.8793096542358398,0.9702989459037781,0.9834301471710205,0.8839485049247742,0.9584982991218567,0.9723465442657471
gpt2,formalization,certainty_to_uncertainty,False,0.9524322748184204,0.9799190759658813,0.9657732248306274,0.9573284387588501,0.9618631601333618,0.948686957359314
gpt2,formalization,formalization,True,0.9101589918136597,0.980796754360199,0.9875303506851196,0.9142815470695496,0.9686542749404907,0.971229076385498
gpt2,formalization,formalization,True,0.8793274760246277,0.9652844667434692,0.9845606684684753,0.8927772641181946,0.9595459699630737,0.9737935662269592
gpt2,formalization,question,False,0.6346785426139832,0.7785102128982544,0.8447620272636414,0.6472506523132324,0.7739522457122803,0.8553466796875
gpt2,negation,negation,True,0.8050720691680908,0.8622804880142212,0.8217682838439941,0.9495009183883667,0.8814455270767212,0.8483222723007202
gpt2,negation,negation,True,0.8973382711410522,0.911933958530426,0.8687871098518372,0.973745584487915,0.9039498567581177,0.863121509552002
gpt2,negation,negation,True,0.6463719010353088,0.6594697833061218,0.625633716583252,0.8069148659706116,0.6878278851509094,0.6601981520652771
gpt2,negation,negation,True,0.7668054103851318,0.7911847829818726,0.7477295398712158,0.9068435430526733,0.8124573230743408,0.7649641036987305
gpt2,negation,negation,True,0.7550560235977173,0.8452099561691284,0.8082484006881714,0.9331242442131042,0.8762526512145996,0.838962197303772
gpt2,question,question,True,0.8186872601509094,0.9058238863945007,0.893559455871582,0.9152255654335022,0.9167110919952393,0.9443292617797852
gpt2,question,question,True,0.8201302886009216,0.8886967897415161,0.9053608179092407,0.8692218661308289,0.884018063545227,0.930410623550415
gpt2,question,question,True,0.849831759929657,0.9518567323684692,0.9489245414733887,0.932390570640564,0.9595742225646973,0.9841420650482178
gpt2,question,question,True,0.723193347454071,0.817864179611206,0.8714990615844727,0.7448641061782837,0.8089257478713989,0.8964020013809204
gpt2,question,question,True,0.843400239944458,0.9130270481109619,0.9293169975280762,0.9055757522583008,0.9172714948654175,0.9568524360656738
gpt2,past_to_future,past_to_future,True,0.8269455432891846,0.9345306754112244,0.9013737440109253,0.9599562287330627,0.9657518267631531,0.9280364513397217
gpt2,past_to_future,past_to_future,True,0.9151864051818848,0.9686597585678101,0.9504461884498596,0.9652173519134521,0.9774638414382935,0.9566929936408997
gpt2,past_to_future,negation,False,0.7781007289886475,0.8385035991668701,0.8113561868667603,0.9023449420928955,0.8773519992828369,0.8342771530151367
gpt2,past_to_future,past_to_future,True,0.8991117477416992,0.9632340669631958,0.9541093111038208,0.9597387313842773,0.9735468626022339,0.9580410718917847
gpt2,past_to_future,question,False,-0.055681925266981125,0.11049824953079224,0.1205233559012413,0.1942959725856781,0.20662187039852142,0.20980390906333923
gpt2,certainty_to_uncertainty,certainty_to_uncertainty,True,0.9166418313980103,0.9846922755241394,0.9791712164878845,0.9647355079650879,0.9807690382003784,0.972966194152832
gpt2,certainty_to_uncertainty,certainty_to_uncertainty,True,0.9304574728012085,0.9880197048187256,0.9684870839118958,0.9812965989112854,0.9837300777435303,0.9602017402648926
gpt2,certainty_to_uncertainty,formalization,False,0.8715535402297974,0.9420875310897827,0.9624180197715759,0.8882284760475159,0.9304307699203491,0.9593466520309448
gpt2,certainty_to_uncertainty,question,False,0.8939715623855591,0.9577064514160156,0.9593720436096191,0.9255555272102356,0.9479764699935913,0.9646751880645752
gpt2,certainty_to_uncertainty,negation,False,0.958223283290863,0.9777265787124634,0.9488000273704529,0.9783680438995361,0.9617470502853394,0.9277582168579102
gpt2,active_to_passive,active_to_passive,True,0.2175663411617279,0.035250891000032425,0.13360127806663513,-0.018481694161891937,-0.0003461316227912903,0.06315137445926666
gpt2,active_to_passive,active_to_passive,True,0.6594715118408203,0.5396856665611267,0.6075899600982666,0.5071662664413452,0.5042554140090942,0.5563870072364807
gpt2,active_to_passive,active_to_passive,True,0.6536821722984314,0.4741240441799164,0.5277489423751831,0.3912513256072998,0.4115999639034271,0.42289087176322937
gpt2,active_to_passive,active_to_passive,True,0.8814365863800049,0.7736270427703857,0.7972546815872192,0.763188362121582,0.7476806640625,0.7486543655395508
gpt2,active_to_passive,active_to_passive,True,0.8750302791595459,0.7321779727935791,0.7434936165809631,0.7436627745628357,0.6962385177612305,0.6813275218009949
gpt2,formalization,formalization,True,0.897356390953064,0.9557921290397644,0.9774059057235718,0.8913177251815796,0.9410911202430725,0.9605690240859985
gpt2,formalization,negation,False,0.9412111043930054,0.9256056547164917,0.9134530425071716,0.9427682161331177,0.9051845073699951,0.8955035209655762
gpt2,formalization,formalization,True,0.9303375482559204,0.9690384864807129,0.9856927990913391,0.9220895767211914,0.9545786380767822,0.963283121585846
gpt2,formalization,formalization,True,0.859643280506134,0.8976807594299316,0.9351493120193481,0.8669611215591431,0.8917349576950073,0.9188891649246216
gpt2,formalization,question,False,0.1369006633758545,0.22172965109348297,0.33233582973480225,0.13989108800888062,0.22091621160507202,0.352039635181427
gpt2,negation,negation,True,0.9166648387908936,0.9600366950035095,0.9187120199203491,0.9884708523750305,0.960192084312439,0.9197925329208374
gpt2,negation,negation,True,0.9417362213134766,0.9541240930557251,0.9111484885215759,0.974281370639801,0.9393762350082397,0.8945447206497192
gpt2,negation,negation,True,0.9192699193954468,0.9515224099159241,0.9143998622894287,0.9881510734558105,0.9506577253341675,0.9135562181472778
gpt2,negation,negation,True,0.9344574213027954,0.9472308158874512,0.899249792098999,0.976381778717041,0.9405495524406433,0.8831508159637451
gpt2,negation,negation,True,0.9169726371765137,0.9633452892303467,0.92141193151474,0.9913953542709351,0.9654592871665955,0.9163738489151001
gpt2,question,certainty_to_uncertainty,False,0.9166684150695801,0.970400333404541,0.9397940635681152,0.9650591611862183,0.9651093482971191,0.9499273300170898
gpt2,question,certainty_to_uncertainty,False,0.9466623067855835,0.989425778388977,0.9792141914367676,0.9496076107025146,0.9723880887031555,0.9697895050048828
gpt2,question,certainty_to_uncertainty,False,0.9220967888832092,0.9867698550224304,0.961829662322998,0.9605050086975098,0.9796038866043091,0.9635977745056152
gpt2,question,certainty_to_uncertainty,False,0.9426872730255127,0.9896405935287476,0.9865821599960327,0.9362190961837769,0.9700613021850586,0.9751995801925659
gpt2,question,certainty_to_uncertainty,False,0.9494744539260864,0.9882801175117493,0.9787619113922119,0.9566750526428223,0.9753032326698303,0.9701951742172241
gpt2,past_to_future,past_to_future,True,0.9199268221855164,0.9789663553237915,0.9434407949447632,0.9720289707183838,0.9802231192588806,0.938567042350769
gpt2,past_to_future,certainty_to_uncertainty,False,0.9462339878082275,0.9766401052474976,0.9460222721099854,0.9555261135101318,0.9678835868835449,0.93080073595047
gpt2,past_to_future,past_to_future,True,0.9393167495727539,0.9782505035400391,0.9453021287918091,0.9703656435012817,0.9787245988845825,0.9320753812789917
gpt2,past_to_future,certainty_to_uncertainty,False,0.951766312122345,0.9879850745201111,0.9682866930961609,0.9559457302093506,0.9771990180015564,0.947800874710083
gpt2,past_to_future,past_to_future,True,0.9068711996078491,0.9769892692565918,0.9465867280960083,0.9632794260978699,0.9852149486541748,0.9429689645767212
gpt2,certainty_to_uncertainty,certainty_to_uncertainty,True,0.9465854167938232,0.9934580326080322,0.9716104865074158,0.96296226978302,0.9805785417556763,0.9535515308380127
gpt2,certainty_to_uncertainty,certainty_to_uncertainty,True,0.9494832754135132,0.9884222745895386,0.9601595997810364,0.9687447547912598,0.975463330745697,0.9415552020072937
gpt2,certainty_to_uncertainty,certainty_to_uncertainty,True,0.9503242373466492,0.9897462129592896,0.981784462928772,0.9344526529312134,0.9685599207878113,0.9583434462547302
gpt2,certainty_to_uncertainty,certainty_to_uncertainty,True,0.9480111598968506,0.989603579044342,0.9718050360679626,0.9495216608047485,0.9715178608894348,0.956967830657959
gpt2,certainty_to_uncertainty,certainty_to_uncertainty,True,0.9520820379257202,0.9751249551773071,0.9402643442153931,0.9694075584411621,0.9586803913116455,0.9207024574279785
gpt2,active_to_passive,active_to_passive,True,0.9360324144363403,0.8712587356567383,0.8756483793258667,0.8124904036521912,0.8365384340286255,0.8153820037841797
gpt2,active_to_passive,active_to_passive,True,0.9669462442398071,0.9643805623054504,0.953127384185791,0.9268102645874023,0.9390823245048523,0.9219346046447754
gpt2,active_to_passive,active_to_passive,True,0.9657949209213257,0.9325096607208252,0.9172582626342773,0.8928737640380859,0.9016923904418945,0.8737338781356812
gpt2,active_to_passive,active_to_passive,True,0.9658263921737671,0.9559659957885742,0.9362938404083252,0.9179155826568604,0.9326556921005249,0.8997747302055359
gpt2,active_to_passive,active_to_passive,True,0.9696066379547119,0.9340051412582397,0.9100538492202759,0.9154664874076843,0.9090489149093628,0.8687583804130554
gpt2,formalization,certainty_to_uncertainty,False,0.9473997354507446,0.9847429990768433,0.9801669120788574,0.9224339127540588,0.9627654552459717,0.9516209959983826
gpt2,formalization,certainty_to_uncertainty,False,0.9622633457183838,0.9659136533737183,0.9398428201675415,0.9603223204612732,0.9455928802490234,0.9184340238571167
gpt2,formalization,certainty_to_uncertainty,False,0.9495244026184082,0.9820476770401001,0.9793299436569214,0.9286384582519531,0.9626400470733643,0.9508197903633118
gpt2,formalization,certainty_to_uncertainty,False,0.9552252292633057,0.987187922000885,0.9841364622116089,0.9399551153182983,0.969892680644989,0.9561241865158081
gpt2,formalization,formalization,True,0.9121572971343994,0.9632411003112793,0.9838355779647827,0.882149338722229,0.9397889971733093,0.9608204364776611
gpt2,negation,negation,True,0.9270349740982056,0.9720665216445923,0.9382479786872864,0.9924671053886414,0.9710603952407837,0.9391005039215088
gpt2,negation,negation,True,0.9465603828430176,0.9643195867538452,0.9269874095916748,0.980050265789032,0.9507786631584167,0.9124553203582764
gpt2,negation,negation,True,0.9330922961235046,0.9565916657447815,0.9284913539886475,0.987480878829956,0.9530335664749146,0.925439715385437
gpt2,negation,negation,True,0.9419079422950745,0.9675741195678711,0.9409002065658569,0.9910080432891846,0.9640496969223022,0.9307303428649902
gpt2,negation,negation,True,0.9366692900657654,0.9774066209793091,0.9475911259651184,0.989011824131012,0.9750402569770813,0.9358766078948975
gpt2,question,certainty_to_uncertainty,False,0.935758113861084,0.9702401161193848,0.9443477988243103,0.9677436351776123,0.9615836143493652,0.9494587779045105
gpt2,question,formalization,False,0.9373614192008972,0.9820284843444824,0.9822107553482056,0.9412533640861511,0.9641460180282593,0.9759855270385742
gpt2,question,certainty_to_uncertainty,False,0.9339694976806641,0.9909985661506653,0.9745860695838928,0.9583606719970703,0.9815290570259094,0.9725420475006104
gpt2,question,formalization,False,0.922196626663208,0.9645200371742249,0.981273889541626,0.8890311121940613,0.9384210109710693,0.9639400839805603
gpt2,question,certainty_to_uncertainty,False,0.934501588344574,0.9843251705169678,0.9815977811813354,0.9574768543243408,0.975216805934906,0.9825682640075684
gpt2,past_to_future,past_to_future,True,0.9198969602584839,0.9851067066192627,0.9572097063064575,0.9718672037124634,0.9885347485542297,0.9529466032981873
gpt2,past_to_future,certainty_to_uncertainty,False,0.948676586151123,0.9868898987770081,0.9679239988327026,0.9562926292419434,0.9794942736625671,0.953948438167572
gpt2,past_to_future,certainty_to_uncertainty,False,0.9464124441146851,0.9825706481933594,0.957006573677063,0.9715532660484314,0.9823845624923706,0.942781388759613
gpt2,past_to_future,certainty_to_uncertainty,False,0.9544164538383484,0.9915599226951599,0.9792067408561707,0.9561339616775513,0.9810158014297485,0.9595624804496765
gpt2,past_to_future,past_to_future,True,0.8913864493370056,0.9750757813453674,0.9625928997993469,0.9467268586158752,0.9886124730110168,0.9658216834068298
gpt2,certainty_to_uncertainty,certainty_to_uncertainty,True,0.9505929946899414,0.9933024048805237,0.9773995280265808,0.9582480192184448,0.9780977964401245,0.9562143087387085
gpt2,certainty_to_uncertainty,certainty_to_uncertainty,True,0.953174889087677,0.989260733127594,0.9669070243835449,0.9611589312553406,0.9742900133132935,0.9448525905609131
gpt2,certainty_to_uncertainty,certainty_to_uncertainty,True,0.9468598365783691,0.9899328947067261,0.9866006374359131,0.9376347064971924,0.9691438674926758,0.9661146998405457
gpt2,certainty_to_uncertainty,certainty_to_uncertainty,True,0.9466640949249268,0.9918051958084106,0.9824821352958679,0.9492402076721191,0.9732425212860107,0.9696123600006104
gpt2,certainty_to_uncertainty,certainty_to_uncertainty,True,0.9641869068145752,0.9777344465255737,0.9483503103256226,0.9668476581573486,0.958082914352417,0.9244436025619507
gpt2,active_to_passive,active_to_passive,True,0.5893362760543823,0.3861907124519348,0.44203269481658936,0.34925323724746704,0.3320995271205902,0.34754765033721924
gpt2,active_to_passive,active_to_passive,True,0.8221912384033203,0.744144856929779,0.7895997762680054,0.6707262396812439,0.6975404620170593,0.7220057249069214
gpt2,active_to_passive,active_to_passive,True,0.9117786884307861,0.8057820200920105,0.8291540145874023,0.7561757564544678,0.7575491666793823,0.7583154439926147
gpt2,active_to_passive,active_to_passive,True,0.9396127462387085,0.8508275747299194,0.864692211151123,0.8074483871459961,0.8118303418159485,0.7981798648834229
gpt2,active_to_passive,active_to_passive,True,0.8928945064544678,0.7556911706924438,0.767438530921936,0.7489683628082275,0.7144487500190735,0.6918089985847473
gpt2,formalization,certainty_to_uncertainty,False,0.9424076080322266,0.9876725673675537,0.9865769743919373,0.9291477203369141,0.9671293497085571,0.9620023369789124
gpt2,formalization,certainty_to_uncertainty,False,0.9718614816665649,0.9718976616859436,0.9553045630455017,0.9564231634140015,0.9484419822692871,0.9281448721885681
gpt2,formalization,certainty_to_uncertainty,False,0.9509662389755249,0.9882919192314148,0.985664963722229,0.9408912658691406,0.9698129892349243,0.9598346948623657
gpt2,formalization,formalization,True,0.9413455724716187,0.9831786155700684,0.991868257522583,0.9314359426498413,0.9672569632530212,0.9660242199897766
gpt2,formalization,formalization,True,0.8457603454589844,0.9193180799484253,0.9538202285766602,0.8395613431930542,0.9003210067749023,0.9418606758117676
gpt2,negation,negation,True,0.8609392642974854,0.9134819507598877,0.8828603625297546,0.9769273996353149,0.9271918535232544,0.8989614248275757
gpt2,negation,negation,True,0.9199602007865906,0.9201661348342896,0.8829071521759033,0.9749912023544312,0.9082090258598328,0.8707107305526733
gpt2,negation,negation,True,0.7026002407073975,0.7027536034584045,0.6836107969284058,0.8286011219024658,0.7248514294624329,0.7045011520385742
gpt2,negation,negation,True,0.8949933648109436,0.9040981531143188,0.8701121807098389,0.9658010005950928,0.9105762839317322,0.860649585723877
gpt2,negation,negation,True,0.7913967370986938,0.88023841381073,0.8519449234008789,0.9436557292938232,0.9083940982818604,0.8728288412094116
gpt2,question,question,True,0.8850628733634949,0.9626087546348572,0.9487199783325195,0.9471529126167297,0.9659852385520935,0.9752497673034668
gpt2,question,question,True,0.8651453256607056,0.9428316354751587,0.9600343704223633,0.8889127969741821,0.9330660700798035,0.9699316620826721
gpt2,question,question,True,0.8629540205001831,0.9695317149162292,0.9625483751296997,0.9289265871047974,0.9741818904876709,0.9859660267829895
gpt2,question,question,True,0.7167643904685974,0.8233620524406433,0.875178337097168,0.7139986157417297,0.8114269375801086,0.8857617378234863
gpt2,question,question,True,0.8632022738456726,0.9392916560173035,0.9591913223266602,0.8970927000045776,0.9390172958374023,0.9721395373344421
gpt2,past_to_future,past_to_future,True,0.8388413190841675,0.9342897534370422,0.9115589261054993,0.9535142183303833,0.9628939628601074,0.9244484901428223
gpt2,past_to_future,past_to_future,True,0.897428035736084,0.9627684354782104,0.9581483602523804,0.9288338422775269,0.9759851694107056,0.9577789902687073
gpt2,past_to_future,past_to_future,True,0.7867645025253296,0.84003084897995,0.8288686275482178,0.8727662563323975,0.8804150819778442,0.8339595794677734
gpt2,past_to_future,past_to_future,True,0.9057503938674927,0.9693933725357056,0.9583816528320312,0.9620069265365601,0.9806029796600342,0.9597165584564209
gpt2,past_to_future,question,False,-0.4970065951347351,-0.35617396235466003,-0.32198426127433777,-0.3003363311290741,-0.268940269947052,-0.2405581772327423
gpt2,certainty_to_uncertainty,certainty_to_uncertainty,True,0.9380035400390625,0.990861713886261,0.9765571355819702,0.9756194949150085,0.9854174256324768,0.9644056558609009
gpt2,certainty_to_uncertainty,certainty_to_uncertainty,True,0.9433807134628296,0.9904335737228394,0.9668323993682861,0.9821033477783203,0.9842291474342346,0.9541410803794861
gpt2,certainty_to_uncertainty,formalization,False,0.8772656321525574,0.9522638320922852,0.9725344181060791,0.8693749904632568,0.9369806051254272,0.9565951824188232
gpt2,certainty_to_uncertainty,formalization,False,0.9097657799720764,0.9770309925079346,0.9806532859802246,0.9150055646896362,0.9627104997634888,0.9736684560775757
gpt2,certainty_to_uncertainty,negation,False,0.9517065286636353,0.9802550077438354,0.9490212202072144,0.9828179478645325,0.9678531289100647,0.9338922500610352
gpt2,active_to_passive,active_to_passive,True,0.43217647075653076,0.2631393373012543,0.29052382707595825,0.26864880323410034,0.23297645151615143,0.2465723156929016
gpt2,active_to_passive,active_to_passive,True,0.5961005091667175,0.48436933755874634,0.5063056945800781,0.48426616191864014,0.4484785199165344,0.4728759527206421
gpt2,active_to_passive,active_to_passive,True,0.8291968107223511,0.695019006729126,0.6745436191558838,0.6918434500694275,0.6567809581756592,0.6178573966026306
gpt2,active_to_passive,active_to_passive,True,0.8980852961540222,0.8185162544250488,0.8208786845207214,0.7956159114837646,0.7901260256767273,0.7794074416160583
gpt2,active_to_passive,active_to_passive,True,0.8594398498535156,0.755039393901825,0.7452534437179565,0.7658922672271729,0.7248079776763916,0.7038333415985107
gpt2,formalization,formalization,True,0.898470401763916,0.9614344239234924,0.9791226387023926,0.876865029335022,0.9437732100486755,0.9523738026618958
gpt2,formalization,active_to_passive,False,0.9616994857788086,0.9388644695281982,0.9208324551582336,0.9468000531196594,0.9148461222648621,0.890714168548584
gpt2,formalization,formalization,True,0.9090192317962646,0.9623130559921265,0.9782181978225708,0.8978068828582764,0.9480319619178772,0.9517965316772461
gpt2,formalization,formalization,True,0.8631319403648376,0.913209080696106,0.9460998773574829,0.8528075218200684,0.9049326777458191,0.9199062585830688
gpt2,formalization,question,False,0.28151941299438477,0.3939574360847473,0.5050206184387207,0.2571527063846588,0.3871845602989197,0.5071254968643188
gpt2,negation,negation,True,0.9022982120513916,0.9595773220062256,0.9273267984390259,0.9943686723709106,0.9651118516921997,0.9340522885322571
gpt2,negation,negation,True,0.9320107102394104,0.958660900592804,0.9205333590507507,0.9839251637458801,0.9468358755111694,0.9086602926254272
gpt2,negation,negation,True,0.8700872659683228,0.894608736038208,0.8674964904785156,0.9659770727157593,0.904573380947113,0.8733093738555908
gpt2,negation,negation,True,0.9424762725830078,0.9381133317947388,0.8946926593780518,0.9792627692222595,0.9299513101577759,0.8743681907653809
gpt2,negation,negation,True,0.8905106782913208,0.9560196399688721,0.9246455430984497,0.988092303276062,0.965235710144043,0.9259119033813477
gpt2,question,question,True,0.8468942642211914,0.9383809566497803,0.9145952463150024,0.9507656693458557,0.9484705924987793,0.9542520046234131
gpt2,question,question,True,0.8265340328216553,0.9236814975738525,0.9387527704238892,0.8788468837738037,0.9192465543746948,0.9576362371444702
gpt2,question,question,True,0.8300358057022095,0.9562671184539795,0.949407696723938,0.920350968837738,0.9658562541007996,0.9816149473190308
gpt2,question,question,True,0.7371214628219604,0.8519404530525208,0.8960623741149902,0.7703820466995239,0.8435659408569336,0.9162904024124146
gpt2,question,question,True,0.865939736366272,0.9498311877250671,0.962265133857727,0.9208284616470337,0.9511178731918335,0.9791240692138672
gpt2,past_to_future,past_to_future,True,0.8838125467300415,0.9696980118751526,0.9437402486801147,0.9685016870498657,0.9864925146102905,0.9484203457832336
gpt2,past_to_future,past_to_future,True,0.9112350940704346,0.9844849109649658,0.9692704677581787,0.952787458896637,0.9879074096679688,0.9708492755889893
gpt2,past_to_future,past_to_future,True,0.8708348870277405,0.9426702857017517,0.9251569509506226,0.9447879195213318,0.964012622833252,0.9243320226669312
gpt2,past_to_future,past_to_future,True,0.9212170243263245,0.989468514919281,0.982333242893219,0.954867959022522,0.9899886846542358,0.9744958877563477
gpt2,past_to_future,past_to_future,True,0.5148526430130005,0.704184889793396,0.7118375301361084,0.6858664751052856,0.7671771049499512,0.761870265007019
gpt2,certainty_to_uncertainty,certainty_to_uncertainty,True,0.9074432849884033,0.9861010313034058,0.9797179698944092,0.949780285358429,0.9805875420570374,0.9703077673912048
gpt2,certainty_to_uncertainty,certainty_to_uncertainty,True,0.9265433549880981,0.992769718170166,0.9736273288726807,0.9706670045852661,0.9869536757469177,0.9639192819595337
gpt2,certainty_to_uncertainty,formalization,False,0.8871349096298218,0.9580560922622681,0.9774592518806458,0.8776044845581055,0.9414162039756775,0.9596402645111084
gpt2,certainty_to_uncertainty,formalization,False,0.9005211591720581,0.9728900790214539,0.9781670570373535,0.9152210354804993,0.9595035314559937,0.9725978374481201
gpt2,certainty_to_uncertainty,certainty_to_uncertainty,True,0.9506855010986328,0.9842334389686584,0.955785870552063,0.978333592414856,0.9706869721412659,0.9404028058052063
gpt2,active_to_passive,active_to_passive,True,0.965226411819458,0.9136999845504761,0.9169520139694214,0.8725837469100952,0.8826630115509033,0.8640755414962769
gpt2,active_to_passive,active_to_passive,True,0.9697838425636292,0.9644767045974731,0.9595264792442322,0.9277418851852417,0.9410045146942139,0.9263813495635986
gpt2,active_to_passive,active_to_passive,True,0.9505210518836975,0.9133628606796265,0.9197717905044556,0.8586522936820984,0.8815622925758362,0.8687261343002319
gpt2,active_to_passive,active_to_passive,True,0.9709893465042114,0.9363728761672974,0.9367074966430664,0.8921403288841248,0.9101267457008362,0.8911890983581543
gpt2,active_to_passive,active_to_passive,True,0.9797825813293457,0.9357739686965942,0.9302813410758972,0.9097903966903687,0.9087504148483276,0.8842907547950745
gpt2,formalization,formalization,True,0.8885583877563477,0.9578460454940796,0.9787752628326416,0.8698025345802307,0.9403809905052185,0.9540886282920837
gpt2,formalization,certainty_to_uncertainty,False,0.9539803266525269,0.9631727933883667,0.9462475776672363,0.9624443054199219,0.9433171153068542,0.9261627197265625
gpt2,formalization,formalization,True,0.9040586948394775,0.9673056602478027,0.9869929552078247,0.8958961963653564,0.9543014168739319,0.9640138149261475
gpt2,formalization,formalization,True,0.8747850060462952,0.9424272775650024,0.9710095524787903,0.8804936408996582,0.9340707659721375,0.950754702091217
gpt2,formalization,question,False,0.4807323217391968,0.6048082709312439,0.6901824474334717,0.4835771918296814,0.5979070067405701,0.6926857233047485
gpt2,negation,negation,True,0.6944262981414795,0.7738680839538574,0.741299569606781,0.8801888227462769,0.8056045770645142,0.7869096994400024
gpt2,negation,negation,True,0.8044055104255676,0.8234328031539917,0.7625133991241455,0.9290529489517212,0.8297910690307617,0.7757591009140015
gpt2,negation,negation,True,0.5141913890838623,0.529849648475647,0.49293413758277893,0.6995220184326172,0.5664702653884888,0.5369378328323364
gpt2,negation,negation,True,0.8631551265716553,0.8607172966003418,0.8017007112503052,0.9532755613327026,0.8670036792755127,0.801180899143219
gpt2,negation,negation,True,0.7056984305381775,0.8143941760063171,0.7768306732177734,0.9068323373794556,0.8536067008972168,0.8179526329040527
gpt2,question,negation,False,0.7810392379760742,0.8560246229171753,0.8391518592834473,0.9021042585372925,0.8755126595497131,0.8968387246131897
gpt2,question,question,True,0.7463796138763428,0.8320854902267456,0.8538020849227905,0.8195393085479736,0.8356080055236816,0.8896230459213257
gpt2,question,question,True,0.7415856122970581,0.8715833425521851,0.8608537316322327,0.8852555751800537,0.896417498588562,0.9241013526916504
gpt2,question,question,True,0.7168892621994019,0.819520890712738,0.8716173768043518,0.7473699450492859,0.8147254586219788,0.8975065350532532
gpt2,question,question,True,0.8170716762542725,0.8993719816207886,0.9210620522499084,0.8847537636756897,0.9062107801437378,0.9514235854148865
gpt2,past_to_future,negation,False,0.37641584873199463,0.520187497138977,0.5155090093612671,0.6151763200759888,0.5958783626556396,0.5823386907577515
gpt2,past_to_future,negation,False,0.8455531597137451,0.8933635354042053,0.8857470750808716,0.9150682091712952,0.9123528003692627,0.9048454761505127
gpt2,past_to_future,negation,False,-0.05347711592912674,0.007166624069213867,0.02881680428981781,0.11945237219333649,0.08017922937870026,0.09286054968833923
gpt2,past_to_future,question,False,0.5696926116943359,0.6460450291633606,0.670256495475769,0.6896815299987793,0.6887670755386353,0.7080483436584473
gpt2,past_to_future,negation,False,-0.13875435292720795,-0.050685808062553406,-0.02907387912273407,0.06452801823616028,0.030053600668907166,0.04268719255924225
gpt2,certainty_to_uncertainty,negation,False,0.8520764112472534,0.9364460110664368,0.9253182411193848,0.9539205431938171,0.9489169716835022,0.9400919675827026
gpt2,certainty_to_uncertainty,negation,False,0.8712345361709595,0.940622091293335,0.9169207811355591,0.9713791012763977,0.9504649639129639,0.9261237382888794
gpt2,certainty_to_uncertainty,formalization,False,0.8301342725753784,0.9092492461204529,0.9388138055801392,0.850974440574646,0.8994544744491577,0.9385292530059814
gpt2,certainty_to_uncertainty,question,False,0.8579443693161011,0.9364956617355347,0.9443038702011108,0.9056397676467896,0.9314889907836914,0.9574522972106934
gpt2,certainty_to_uncertainty,negation,False,0.9202696084976196,0.9468698501586914,0.9065070748329163,0.9835473299026489,0.9405099153518677,0.9021338820457458
gpt2,active_to_passive,active_to_passive,True,0.8107499480247498,0.7265700697898865,0.7085399627685547,0.8059532642364502,0.7206931114196777,0.7072749137878418
gpt2,active_to_passive,negation,False,0.7694993019104004,0.7711253762245178,0.7489201426506042,0.8387265801429749,0.7760347127914429,0.7739088535308838
gpt2,active_to_passive,negation,False,0.7459256649017334,0.697014570236206,0.6909746527671814,0.7549226880073547,0.694800615310669,0.704240620136261
gpt2,active_to_passive,active_to_passive,True,0.9208114743232727,0.8872222900390625,0.8739188313484192,0.9203887581825256,0.8784215450286865,0.8679689168930054
gpt2,active_to_passive,active_to_passive,True,0.8957485556602478,0.8320965766906738,0.8070812225341797,0.8945981860160828,0.8235782384872437,0.7971913814544678
gpt2,formalization,formalization,True,0.8495703339576721,0.9277912378311157,0.9517951011657715,0.8755412101745605,0.9198344945907593,0.9480781555175781
gpt2,formalization,negation,False,0.9099820852279663,0.8955693244934082,0.8863403797149658,0.9272912740707397,0.8774369955062866,0.8728398680686951
gpt2,formalization,formalization,True,0.9059603214263916,0.9635869264602661,0.985993504524231,0.9146926403045654,0.9527052640914917,0.9694473743438721
gpt2,formalization,formalization,True,0.8154598474502563,0.8694772720336914,0.913142204284668,0.8366958498954773,0.8676109313964844,0.9028095006942749
gpt2,formalization,question,False,0.07298795878887177,0.17067886888980865,0.27288079261779785,0.11005036532878876,0.1769247055053711,0.3038337826728821
gpt2,negation,negation,True,0.8699504733085632,0.9294981956481934,0.9001709818840027,0.9817092418670654,0.9436411261558533,0.9097687602043152
gpt2,negation,negation,True,0.9482158422470093,0.9533125758171082,0.9186733961105347,0.9732712507247925,0.9375796318054199,0.8961321115493774
gpt2,negation,negation,True,0.8290243148803711,0.8586384057998657,0.8440860509872437,0.9258817434310913,0.8804705142974854,0.8482720255851746
gpt2,negation,negation,True,0.929894745349884,0.9536459445953369,0.9248366355895996,0.985234797000885,0.955233097076416,0.9107951521873474
gpt2,negation,negation,True,0.8373936414718628,0.9186707139015198,0.8843438625335693,0.9688445329666138,0.9404081106185913,0.8937042951583862
gpt2,question,question,True,0.7840385437011719,0.9074997901916504,0.8944571018218994,0.9021698236465454,0.9294304847717285,0.9527333974838257
gpt2,question,question,True,0.8198020458221436,0.9198735356330872,0.9522498846054077,0.8299600481987,0.9127984642982483,0.963595986366272
gpt2,question,question,True,0.8209788203239441,0.9494163990020752,0.9436058402061462,0.9025852680206299,0.9624090194702148,0.9768393635749817
gpt2,question,formalization,False,0.6769188642501831,0.7742958068847656,0.8408223390579224,0.6295986771583557,0.7582465410232544,0.8368110656738281
gpt2,question,question,True,0.8312947154045105,0.926567554473877,0.9569640159606934,0.855506420135498,0.9274536371231079,0.9714570641517639
gpt2,past_to_future,past_to_future,True,0.9081493616104126,0.9765831232070923,0.9461324214935303,0.973149836063385,0.9863190650939941,0.9418882131576538
gpt2,past_to_future,past_to_future,True,0.9231388568878174,0.9880344867706299,0.9775626063346863,0.946965217590332,0.9896193742752075,0.9699128866195679
gpt2,past_to_future,past_to_future,True,0.8634698987007141,0.9415042996406555,0.9447571039199829,0.9059854745864868,0.9637231230735779,0.9375336170196533
gpt2,past_to_future,past_to_future,True,0.9181115627288818,0.9870204925537109,0.9835626482963562,0.9466988444328308,0.9894883632659912,0.9742175340652466
gpt2,past_to_future,past_to_future,True,0.5548821687698364,0.7034000158309937,0.726375937461853,0.6435813903808594,0.7614007592201233,0.7423672080039978
gpt2,certainty_to_uncertainty,certainty_to_uncertainty,True,0.9277071952819824,0.9961754679679871,0.9835642576217651,0.9632147550582886,0.9892417788505554,0.9725828170776367
gpt2,certainty_to_uncertainty,certainty_to_uncertainty,True,0.9357845187187195,0.9938610792160034,0.9724187850952148,0.9709203839302063,0.9858636260032654,0.9591022729873657
gpt2,certainty_to_uncertainty,formalization,False,0.8650991916656494,0.95032799243927,0.9740155935287476,0.8505547046661377,0.9344018697738647,0.9582347273826599
gpt2,certainty_to_uncertainty,formalization,False,0.8954769372940063,0.9731831550598145,0.9829826354980469,0.8887219429016113,0.9583699703216553,0.9724451899528503
gpt2,certainty_to_uncertainty,certainty_to_uncertainty,True,0.9504475593566895,0.9813556671142578,0.9490752220153809,0.9762470722198486,0.9664852619171143,0.9301442503929138
gpt2,active_to_passive,active_to_passive,True,0.9149230122566223,0.8970358371734619,0.8931212425231934,0.8208657503128052,0.8709896206855774,0.8494886159896851
gpt2,active_to_passive,formalization,False,0.8560993671417236,0.8840764164924622,0.894811749458313,0.7820714116096497,0.8629453778266907,0.8645915389060974
gpt2,active_to_passive,active_to_passive,True,0.9117570519447327,0.8974401950836182,0.8915508985519409,0.8206161260604858,0.8683430552482605,0.8452991247177124
gpt2,active_to_passive,certainty_to_uncertainty,False,0.9207325577735901,0.9211299419403076,0.9171842932701111,0.8479401469230652,0.8985053896903992,0.8792104721069336
gpt2,active_to_passive,active_to_passive,True,0.9328363537788391,0.9149201512336731,0.9070937633514404,0.8513515591621399,0.8901572823524475,0.8626149892807007
gpt2,formalization,formalization,True,0.8475572466850281,0.9302865862846375,0.9603748321533203,0.8156325817108154,0.9133728742599487,0.9355378746986389
gpt2,formalization,formalization,True,0.9596973657608032,0.9681921005249023,0.9693892002105713,0.9248573780059814,0.943827748298645,0.9393298625946045
gpt2,formalization,formalization,True,0.8870302438735962,0.9483246803283691,0.9721372723579407,0.8601206541061401,0.9322820901870728,0.9453942775726318
gpt2,formalization,formalization,True,0.829056441783905,0.8963040709495544,0.939391016960144,0.7932990193367004,0.8837191462516785,0.9105592966079712
gpt2,formalization,formalization,True,0.33841782808303833,0.4664294719696045,0.5745366811752319,0.2860415577888489,0.45655739307403564,0.5676938891410828
gpt2,negation,negation,True,0.8883768916130066,0.9391129612922668,0.9122545719146729,0.9866495728492737,0.9456295371055603,0.9204778671264648
gpt2,negation,negation,True,0.9123769998550415,0.8976724147796631,0.8519123792648315,0.9583452939987183,0.881407618522644,0.8318783044815063
gpt2,negation,negation,True,0.3846083879470825,0.47022783756256104,0.4749203026294708,0.5996931791305542,0.5182541012763977,0.5366320013999939
gpt2,negation,negation,True,0.7013224363327026,0.7590504288673401,0.7446118593215942,0.8474376201629639,0.7830489873886108,0.7634917497634888
gpt2,negation,negation,True,0.77345871925354,0.8604998588562012,0.8259082436561584,0.9398025274276733,0.887183666229248,0.8495604991912842
gpt2,question,question,True,0.4660935699939728,0.6351259350776672,0.6382599472999573,0.6624521017074585,0.675794243812561,0.75005042552948
gpt2,question,question,True,0.616241991519928,0.7509169578552246,0.7861925363540649,0.7073843479156494,0.7553226947784424,0.8375059366226196
gpt2,question,question,True,0.7401858568191528,0.8934639692306519,0.8886514902114868,0.8665786981582642,0.9112816452980042,0.9455057382583618
gpt2,question,question,True,0.39925700426101685,0.5512796640396118,0.6290274858474731,0.45518216490745544,0.5521098375320435,0.6811537146568298
gpt2,question,question,True,0.7673363089561462,0.8838890790939331,0.9026262164115906,0.8665379881858826,0.8949653506278992,0.9457092881202698
gpt2,past_to_future,past_to_future,True,0.865474283695221,0.96138995885849,0.9442388415336609,0.958185076713562,0.9821956157684326,0.9585162401199341
gpt2,past_to_future,past_to_future,True,0.8744785785675049,0.9612492322921753,0.9531077742576599,0.9355992078781128,0.9720190167427063,0.9707939028739929
gpt2,past_to_future,question,False,0.29004472494125366,0.45643192529678345,0.46624186635017395,0.49983513355255127,0.527076005935669,0.5355440974235535
gpt2,past_to_future,question,False,0.8763097524642944,0.9574264287948608,0.9633568525314331,0.9223731756210327,0.963522732257843,0.9644045829772949
gpt2,past_to_future,question,False,-0.4711320996284485,-0.26667699217796326,-0.2456880509853363,-0.22279539704322815,-0.1761532574892044,-0.13657131791114807
gpt2,certainty_to_uncertainty,past_to_future,False,0.8787981271743774,0.9729981422424316,0.9685273170471191,0.9487090110778809,0.974912166595459,0.9709978103637695
gpt2,certainty_to_uncertainty,negation,False,0.90812087059021,0.9798824787139893,0.9511203765869141,0.981426477432251,0.9780128598213196,0.949435830116272
gpt2,certainty_to_uncertainty,question,False,0.7483596801757812,0.8774600028991699,0.9086480140686035,0.796135425567627,0.8716700077056885,0.9203894138336182
gpt2,certainty_to_uncertainty,question,False,0.8266549110412598,0.9373424649238586,0.9444620609283447,0.882533609867096,0.9319190382957458,0.960642397403717
gpt2,certainty_to_uncertainty,negation,False,0.9417719841003418,0.9711309671401978,0.935067892074585,0.9810004234313965,0.9577885270118713,0.9216762781143188
gpt2,active_to_passive,active_to_passive,True,0.8687658309936523,0.8569821119308472,0.8488441705703735,0.8379296064376831,0.8435526490211487,0.8230901956558228
gpt2,active_to_passive,formalization,False,0.7578400373458862,0.7937572002410889,0.7941271066665649,0.776745080947876,0.7862483263015747,0.7925940752029419
gpt2,active_to_passive,active_to_passive,True,0.9581427574157715,0.9533485770225525,0.9264892339706421,0.9292465448379517,0.9295051097869873,0.8978278636932373
gpt2,active_to_passive,certainty_to_uncertainty,False,0.8959144353866577,0.9003875255584717,0.8948485851287842,0.8695842027664185,0.89248126745224,0.8704562187194824
gpt2,active_to_passive,negation,False,0.8931587338447571,0.8831655979156494,0.8472498059272766,0.9012619256973267,0.8782011270523071,0.8277878761291504
gpt2,formalization,formalization,True,0.798611044883728,0.9100261330604553,0.9437116384506226,0.8139607310295105,0.8982646465301514,0.9357469081878662
gpt2,formalization,negation,False,0.8806518316268921,0.9140640497207642,0.9043723344802856,0.9314683675765991,0.9013024568557739,0.9064193964004517
gpt2,formalization,formalization,True,0.8626657724380493,0.9537979364395142,0.9788643717765808,0.88878333568573,0.9454576969146729,0.9708800315856934
gpt2,formalization,question,False,0.69291752576828,0.8143086433410645,0.8651247620582581,0.7559623718261719,0.8216567039489746,0.8736387491226196
gpt2,formalization,question,False,-0.135908305644989,0.0151852797716856,0.11594496667385101,-0.07774888724088669,0.025442954152822495,0.15788158774375916
gpt2,negation,negation,True,0.8354282379150391,0.8937568068504333,0.8568447828292847,0.9685664176940918,0.9107375144958496,0.8768538236618042
gpt2,negation,negation,True,0.8928340673446655,0.9124758243560791,0.8659297227859497,0.9754939675331116,0.9075586199760437,0.8627256155014038
gpt2,negation,negation,True,0.5354993939399719,0.5419775247573853,0.5069878697395325,0.7107533812522888,0.5770470499992371,0.5458275079727173
gpt2,negation,negation,True,0.684444785118103,0.7101029753684998,0.6794418096542358,0.8361907005310059,0.7375642657279968,0.7007841467857361
gpt2,negation,negation,True,0.7634170055389404,0.8377628922462463,0.7933735847473145,0.9359370470046997,0.8675855398178101,0.8174138069152832
gpt2,question,question,True,0.8304994702339172,0.9176043272018433,0.89939945936203,0.9315671920776367,0.9312660694122314,0.9447983503341675
gpt2,question,question,True,0.7851601839065552,0.8740267753601074,0.9154644012451172,0.8053336143493652,0.8654599785804749,0.9330936670303345
gpt2,question,question,True,0.7948868274688721,0.928679347038269,0.9319477081298828,0.8860383033752441,0.9421004056930542,0.9720503687858582
gpt2,question,question,True,0.574200451374054,0.6773071885108948,0.7588068842887878,0.5468886494636536,0.663956344127655,0.7696788907051086
gpt2,question,question,True,0.8232729434967041,0.912678599357605,0.9400743842124939,0.8716071844100952,0.9160726070404053,0.9639571905136108
gpt2,past_to_future,negation,False,0.8991249799728394,0.9462600946426392,0.901267409324646,0.9810017943382263,0.9596446752548218,0.9011296629905701
gpt2,past_to_future,negation,False,0.9202686548233032,0.9541600942611694,0.9276543855667114,0.9663568139076233,0.9609627723693848,0.9285197854042053
gpt2,past_to_future,negation,False,0.8023085594177246,0.8583095669746399,0.8298611640930176,0.9174131155014038,0.8955978155136108,0.8486596345901489
gpt2,past_to_future,past_to_future,True,0.9063910245895386,0.9582775831222534,0.9494501352310181,0.9566593766212463,0.9688214063644409,0.9475219249725342
gpt2,past_to_future,negation,False,0.09623496979475021,0.22568215429782867,0.18816368281841278,0.35840919613838196,0.3256520628929138,0.2748614549636841
gpt2,certainty_to_uncertainty,certainty_to_uncertainty,True,0.925409734249115,0.99101322889328,0.9762622117996216,0.9689909219741821,0.9861491322517395,0.9661858081817627
gpt2,certainty_to_uncertainty,certainty_to_uncertainty,True,0.9246052503585815,0.9876323938369751,0.9691805243492126,0.9726748466491699,0.9834209680557251,0.9585486650466919
gpt2,certainty_to_uncertainty,formalization,False,0.7901727557182312,0.8891735672950745,0.9299659729003906,0.7907575368881226,0.8778642416000366,0.923841118812561
gpt2,certainty_to_uncertainty,question,False,0.8425043821334839,0.9354802370071411,0.9573373794555664,0.8664844036102295,0.926896333694458,0.9623057842254639
gpt2,certainty_to_uncertainty,certainty_to_uncertainty,True,0.9576948881149292,0.9765210151672363,0.9495646953582764,0.9732304215431213,0.9585906267166138,0.9267804026603699
gpt2,active_to_passive,active_to_passive,True,-0.5439082384109497,-0.6378653049468994,-0.5506784915924072,-0.6863370537757874,-0.6474920511245728,-0.5858444571495056
gpt2,active_to_passive,formalization,False,-0.41434693336486816,-0.48005640506744385,-0.3834218382835388,-0.5362254977226257,-0.49169087409973145,-0.40851715207099915
gpt2,active_to_passive,active_to_passive,True,-0.27003180980682373,-0.41049522161483765,-0.3184024691581726,-0.4587550163269043,-0.43766385316848755,-0.3742440938949585
gpt2,active_to_passive,active_to_passive,True,-0.09187130630016327,-0.2217797487974167,-0.12875686585903168,-0.28203219175338745,-0.24326997995376587,-0.18727219104766846
gpt2,active_to_passive,active_to_passive,True,-0.10886409133672714,-0.2933214008808136,-0.2180791199207306,-0.3016960620880127,-0.3184466063976288,-0.2883831858634949
gpt2,formalization,formalization,True,0.8363950252532959,0.9208168983459473,0.9547920823097229,0.8287384510040283,0.9078739881515503,0.9368230700492859
gpt2,formalization,certainty_to_uncertainty,False,0.9454327821731567,0.9629939198493958,0.9622474312782288,0.9503366947174072,0.9456769227981567,0.9457904696464539
gpt2,formalization,formalization,True,0.891907811164856,0.9602949619293213,0.9836947917938232,0.8923928737640381,0.948830246925354,0.9645670652389526
gpt2,formalization,formalization,True,0.6983810067176819,0.7873134613037109,0.851546049118042,0.7121391296386719,0.7893774509429932,0.8426516652107239
gpt2,formalization,question,False,-0.14225934445858002,-0.019406825304031372,0.09646597504615784,-0.1271219551563263,-0.010059406980872154,0.12292924523353577
gpt2,negation,negation,True,0.8907054662704468,0.9467813968658447,0.919137716293335,0.989448070526123,0.9537928700447083,0.9301219582557678
gpt2,negation,negation,True,0.927884578704834,0.9400559663772583,0.9036641120910645,0.982052206993103,0.9278870820999146,0.8927620053291321
gpt2,negation,negation,True,0.6937425136566162,0.7305620908737183,0.7132428884506226,0.8454800844192505,0.7554293870925903,0.7440367937088013
gpt2,negation,negation,True,0.8350292444229126,0.8707340955734253,0.8501195907592773,0.9441325664520264,0.8843596577644348,0.8583049774169922
gpt2,negation,negation,True,0.8219273090362549,0.8991919159889221,0.8731402158737183,0.962757408618927,0.9189356565475464,0.888653039932251
gpt2,question,question,True,0.8335729837417603,0.9268155097961426,0.9156399965286255,0.9325476884841919,0.9377946853637695,0.9619637727737427
gpt2,question,question,True,0.7896603345870972,0.8820690512657166,0.905721127986908,0.8412393927574158,0.8796363472938538,0.9325897097587585
gpt2,question,question,True,0.847221851348877,0.9603490829467773,0.954248309135437,0.9331623315811157,0.9676676392555237,0.9870989322662354
gpt2,question,question,True,0.7202029824256897,0.8291867971420288,0.882089376449585,0.7420333027839661,0.8222474455833435,0.9067176580429077
gpt2,question,question,True,0.8362522125244141,0.9224828481674194,0.9423617720603943,0.8931427001953125,0.9258019924163818,0.9688525795936584
gpt2,past_to_future,negation,False,0.9040319919586182,0.97208571434021,0.9393491744995117,0.9876687526702881,0.9833323359489441,0.9424523115158081
gpt2,past_to_future,past_to_future,True,0.9225602746009827,0.9813850522041321,0.9711843729019165,0.9640055298805237,0.9836744070053101,0.9708231687545776
gpt2,past_to_future,past_to_future,True,0.7710797190666199,0.8570863008499146,0.8620792627334595,0.8772861361503601,0.890110194683075,0.8816932439804077
gpt2,past_to_future,formalization,False,0.9087359309196472,0.9787577986717224,0.9820232391357422,0.9450881481170654,0.9804177284240723,0.9766941666603088
gpt2,past_to_future,negation,False,0.24220065772533417,0.40608108043670654,0.39967596530914307,0.4905414581298828,0.4836552143096924,0.4800701141357422
gpt2,certainty_to_uncertainty,certainty_to_uncertainty,True,0.9241169691085815,0.9950385093688965,0.9817540645599365,0.969923198223114,0.9897592067718506,0.9751256108283997
gpt2,certainty_to_uncertainty,certainty_to_uncertainty,True,0.9273732304573059,0.9935213923454285,0.9731391072273254,0.9799553155899048,0.9882636070251465,0.9676045775413513
gpt2,certainty_to_uncertainty,formalization,False,0.8317086696624756,0.9194718599319458,0.9478822946548462,0.847286581993103,0.9087883234024048,0.9469171762466431
gpt2,certainty_to_uncertainty,question,False,0.8680707216262817,0.9473137259483337,0.957037627696991,0.8987319469451904,0.9379551410675049,0.9643330574035645
gpt2,certainty_to_uncertainty,certainty_to_uncertainty,True,0.9505791664123535,0.9847373962402344,0.9568130970001221,0.9812997579574585,0.9706827402114868,0.9409748315811157
gpt2,active_to_passive,active_to_passive,True,0.787474513053894,0.6538906097412109,0.6734675168991089,0.6754004955291748,0.6290186643600464,0.6405806541442871
gpt2,active_to_passive,active_to_passive,True,0.8509232997894287,0.7870658040046692,0.8030277490615845,0.7950131297111511,0.7654855251312256,0.7825468182563782
gpt2,active_to_passive,active_to_passive,True,0.8908627033233643,0.7794668674468994,0.7792772054672241,0.7996646165847778,0.7494029998779297,0.7452281713485718
gpt2,active_to_passive,active_to_passive,True,0.9402450323104858,0.8825582265853882,0.8842349052429199,0.883338451385498,0.8638306260108948,0.8576962947845459
gpt2,active_to_passive,active_to_passive,True,0.9292978048324585,0.8557257056236267,0.8432121276855469,0.8851491212844849,0.8365809917449951,0.8177027702331543
gpt2,formalization,formalization,True,0.8581400513648987,0.9394321441650391,0.9609910845756531,0.8743613958358765,0.9291973114013672,0.9551306366920471
gpt2,formalization,negation,False,0.9231562614440918,0.9256490468978882,0.9156961441040039,0.9412499666213989,0.9083667397499084,0.9049257040023804
gpt2,formalization,formalization,True,0.9178047180175781,0.9753850698471069,0.9928905963897705,0.9242537021636963,0.9628646373748779,0.9777040481567383
gpt2,formalization,formalization,True,0.8092914819717407,0.8840135931968689,0.9270005822181702,0.8345838785171509,0.8825681805610657,0.9239245653152466
gpt2,formalization,question,False,0.2713637351989746,0.3839103877544403,0.4778870940208435,0.29884159564971924,0.3852313458919525,0.5050176978111267
gpt2,negation,negation,True,0.786291778087616,0.8731366395950317,0.8413307666778564,0.937415361404419,0.893102765083313,0.8764504194259644
gpt2,negation,negation,True,0.8758367300033569,0.9207882881164551,0.8775209188461304,0.9732934236526489,0.9184269905090332,0.8853614926338196
gpt2,negation,negation,True,0.5486960411071777,0.6684621572494507,0.6461154818534851,0.7611777186393738,0.7080044150352478,0.7122634649276733
gpt2,negation,negation,True,0.7807961702346802,0.8586128950119019,0.8310332298278809,0.9167788624763489,0.8756920099258423,0.8581271171569824
gpt2,negation,negation,True,0.749692440032959,0.8600776791572571,0.8311185836791992,0.918312668800354,0.8876477479934692,0.8685108423233032
gpt2,question,question,True,0.7455545663833618,0.8791940212249756,0.8615930080413818,0.8969711065292358,0.9009369611740112,0.9201487302780151
gpt2,question,question,True,0.6818634867668152,0.8040533065795898,0.8092089295387268,0.803770124912262,0.8121123313903809,0.8581418991088867
gpt2,question,question,True,0.7235318422317505,0.88721764087677,0.8880121111869812,0.8602418899536133,0.9079881906509399,0.941940426826477
gpt2,question,question,True,0.6268708109855652,0.771421492099762,0.8059511184692383,0.7289091348648071,0.7756366729736328,0.8554635047912598
gpt2,question,question,True,0.7815037965774536,0.8864665031433105,0.8967080116271973,0.8834714889526367,0.8945027589797974,0.9341564178466797
gpt2,past_to_future,past_to_future,True,0.8243337869644165,0.9373677968978882,0.9172028303146362,0.9471254348754883,0.9596884846687317,0.9427814483642578
gpt2,past_to_future,question,False,0.6964128017425537,0.816126823425293,0.8043887615203857,0.838646650314331,0.8453695774078369,0.8555372953414917
gpt2,past_to_future,negation,False,0.20713335275650024,0.3594766855239868,0.33947518467903137,0.4506050646305084,0.4276808202266693,0.42310914397239685
gpt2,past_to_future,question,False,0.7338818907737732,0.8583511710166931,0.8561193346977234,0.8684953451156616,0.8859034776687622,0.8948442339897156
gpt2,past_to_future,negation,False,0.14838619530200958,0.3440724313259125,0.320537805557251,0.42824819684028625,0.41966813802719116,0.42554980516433716
gpt2,certainty_to_uncertainty,question,False,0.7810956239700317,0.9021064043045044,0.9073777198791504,0.8891998529434204,0.9176313281059265,0.9261404275894165
gpt2,certainty_to_uncertainty,past_to_future,False,0.8951617479324341,0.9817487001419067,0.9634919166564941,0.9741143584251404,0.9820026159286499,0.9699066877365112
gpt2,certainty_to_uncertainty,question,False,0.8492719531059265,0.937699556350708,0.9538284540176392,0.8868262767791748,0.926537275314331,0.956168532371521
gpt2,certainty_to_uncertainty,question,False,0.8087655305862427,0.9160088300704956,0.9144433736801147,0.8939613103866577,0.9145247936248779,0.9395884275436401
gpt2,certainty_to_uncertainty,negation,False,0.9275112152099609,0.9782596230506897,0.9528091549873352,0.9817867875099182,0.9676487445831299,0.9491742849349976
gpt2,active_to_passive,negation,False,0.8307645320892334,0.8048957586288452,0.790399432182312,0.8591738343238831,0.7895761728286743,0.7923332452774048
gpt2,active_to_passive,negation,False,0.7962923049926758,0.809840202331543,0.7916706800460815,0.8607024550437927,0.7997863292694092,0.8075625896453857
gpt2,active_to_passive,active_to_passive,True,0.9021263122558594,0.8465386033058167,0.838632345199585,0.8749418258666992,0.8163272142410278,0.8208077549934387
gpt2,active_to_passive,negation,False,0.9056211113929749,0.8947508335113525,0.8737133741378784,0.9321749806404114,0.8809951543807983,0.8710466027259827
gpt2,active_to_passive,negation,False,0.897440493106842,0.8804088830947876,0.8518743515014648,0.9288332462310791,0.8653121590614319,0.8470804691314697
gpt2,formalization,question,False,0.8106257915496826,0.9135503768920898,0.9262113571166992,0.8751529455184937,0.9085797071456909,0.9362392425537109
gpt2,formalization,negation,False,0.889302670955658,0.9262155294418335,0.9018621444702148,0.9520390033721924,0.9156595468521118,0.904411792755127
gpt2,formalization,question,False,0.8794061541557312,0.9683111906051636,0.9795396327972412,0.932941198348999,0.962971568107605,0.9815137982368469
gpt2,formalization,question,False,0.7308553457260132,0.8467562794685364,0.864111065864563,0.8446911573410034,0.8572234511375427,0.8924671411514282
gpt2,formalization,question,False,0.057736460119485855,0.21409720182418823,0.26761510968208313,0.20570993423461914,0.23637306690216064,0.33608126640319824
gpt2,negation,negation,True,0.9103013873100281,0.9492239952087402,0.9164330959320068,0.9934118986129761,0.9538809657096863,0.9172618389129639
gpt2,negation,negation,True,0.9410737752914429,0.9226242303848267,0.8793257474899292,0.9618666172027588,0.9037728309631348,0.8523573875427246
gpt2,negation,negation,True,0.8096501231193542,0.8255627155303955,0.8065671324729919,0.9177983999252319,0.8386484384536743,0.8139536380767822
gpt2,negation,negation,True,0.9225991368293762,0.9237680435180664,0.876183032989502,0.9753837585449219,0.9223425984382629,0.8567136526107788
gpt2,negation,negation,True,0.8588483333587646,0.9214981198310852,0.8833020925521851,0.9779432415962219,0.9386453032493591,0.8864153027534485
gpt2,question,question,True,0.8525925874710083,0.9248932600021362,0.9140297770500183,0.9147903919219971,0.928153395652771,0.9447912573814392
gpt2,question,question,True,0.8952447175979614,0.9625831842422485,0.9771750569343567,0.9041083455085754,0.9471784830093384,0.9822109937667847
gpt2,question,question,True,0.8728654384613037,0.96852046251297,0.9560308456420898,0.9340328574180603,0.9694753885269165,0.9761753678321838
gpt2,question,formalization,False,0.846103847026825,0.9106507301330566,0.9447715878486633,0.8234827518463135,0.8892608880996704,0.9424198865890503
gpt2,question,question,True,0.8856974244117737,0.9443358182907104,0.9609941244125366,0.9057029485702515,0.9385990500450134,0.9701427221298218
gpt2,past_to_future,past_to_future,True,0.8992478251457214,0.968075692653656,0.9370414018630981,0.9804180860519409,0.9830036759376526,0.9393453001976013
gpt2,past_to_future,certainty_to_uncertainty,False,0.9462114572525024,0.9793114066123962,0.9559164047241211,0.9590352177619934,0.9772783517837524,0.9444420337677002
gpt2,past_to_future,past_to_future,True,0.8377883434295654,0.9118895530700684,0.8978045582771301,0.9260423183441162,0.9440667629241943,0.9032844305038452
gpt2,past_to_future,certainty_to_uncertainty,False,0.9369487762451172,0.981990396976471,0.9761096239089966,0.9501559734344482,0.9787505865097046,0.9592982530593872
gpt2,past_to_future,past_to_future,True,0.17729146778583527,0.3659346103668213,0.3827367126941681,0.4044731855392456,0.4543767273426056,0.4507633447647095
gpt2,certainty_to_uncertainty,certainty_to_uncertainty,True,0.9202731847763062,0.9903526902198792,0.9783445596694946,0.9620704650878906,0.9840765595436096,0.9686245322227478
gpt2,certainty_to_uncertainty,certainty_to_uncertainty,True,0.9361924529075623,0.9893625974655151,0.9628268480300903,0.9802172183990479,0.9815965890884399,0.9515571594238281
gpt2,certainty_to_uncertainty,formalization,False,0.9114617705345154,0.9786249399185181,0.9893093109130859,0.9041088819503784,0.959761381149292,0.973101794719696
gpt2,certainty_to_uncertainty,certainty_to_uncertainty,True,0.9296187162399292,0.9863514304161072,0.9797327518463135,0.9351778030395508,0.9696683883666992,0.9708623886108398
gpt2,certainty_to_uncertainty,certainty_to_uncertainty,True,0.9539738893508911,0.9771081805229187,0.9443421959877014,0.9762537479400635,0.9607220888137817,0.9250972270965576
gpt2,active_to_passive,active_to_passive,True,0.938429594039917,0.8404672145843506,0.845998227596283,0.8028061985969543,0.800500214099884,0.7824859023094177
gpt2,active_to_passive,active_to_passive,True,0.9584058523178101,0.8968585729598999,0.9032062292098999,0.8539960384368896,0.8590831160545349,0.8505717515945435
gpt2,active_to_passive,active_to_passive,True,0.9653297066688538,0.9154991507530212,0.9035276174545288,0.8747034668922424,0.8800299167633057,0.8545371294021606
gpt2,active_to_passive,active_to_passive,True,0.9585937261581421,0.8792164921760559,0.8814386129379272,0.8416448831558228,0.8439916372299194,0.8231581449508667
gpt2,active_to_passive,active_to_passive,True,0.9459515810012817,0.8466250896453857,0.8394383788108826,0.8265646696090698,0.8093369007110596,0.7756730318069458
gpt2,formalization,formalization,True,0.9185858964920044,0.975896418094635,0.9862117171287537,0.8978267312049866,0.9555132985115051,0.9614203572273254
gpt2,formalization,active_to_passive,False,0.9525437951087952,0.9459706544876099,0.9317175149917603,0.9435262680053711,0.9228571057319641,0.907934844493866
gpt2,formalization,formalization,True,0.9244258403778076,0.9638991951942444,0.97489994764328,0.9036501049995422,0.9448368549346924,0.9468810558319092
gpt2,formalization,formalization,True,0.8982473611831665,0.9487137794494629,0.9711962938308716,0.8893290162086487,0.9366246461868286,0.9471043944358826
gpt2,formalization,formalization,True,0.6633118987083435,0.7628828883171082,0.8382450342178345,0.6437739133834839,0.7453145384788513,0.834213376045227
gpt2,negation,negation,True,0.9195950031280518,0.9782031774520874,0.9521111249923706,0.9923465847969055,0.9788259267807007,0.9534834027290344
gpt2,negation,negation,True,0.947397768497467,0.9755386710166931,0.9463745951652527,0.9808677434921265,0.9607892632484436,0.9296637773513794
gpt2,negation,negation,True,0.9026800990104675,0.9537606239318848,0.9342795610427856,0.9773311614990234,0.9571607112884521,0.9354497194290161
gpt2,negation,negation,True,0.9293366074562073,0.9674205780029297,0.9368053674697876,0.9905238151550293,0.9661626219749451,0.9279887676239014
gpt2,negation,negation,True,0.8881921768188477,0.9691248536109924,0.9413517713546753,0.9833012819290161,0.977314829826355,0.9452488422393799
gpt2,question,question,True,0.9019174575805664,0.9720405340194702,0.9554077386856079,0.9606990218162537,0.9693595170974731,0.9781430959701538
gpt2,question,question,True,0.85580974817276,0.9461203813552856,0.9565012454986572,0.8957257270812988,0.9376334547996521,0.9697145819664001
gpt2,question,question,True,0.8589922785758972,0.9707821607589722,0.9659876823425293,0.9247711896896362,0.9727734923362732,0.987851083278656
gpt2,question,question,True,0.8039978742599487,0.9063470363616943,0.9419699907302856,0.8131827712059021,0.8922591805458069,0.9489257335662842
gpt2,question,question,True,0.8622361421585083,0.9561858177185059,0.9642605185508728,0.9226956367492676,0.9578162431716919,0.9849505424499512
gpt2,past_to_future,past_to_future,True,0.9174673557281494,0.9853121638298035,0.9621927738189697,0.9729127287864685,0.9902952909469604,0.9578427672386169
gpt2,past_to_future,certainty_to_uncertainty,False,0.9210079908370972,0.9860378503799438,0.9737880825996399,0.9533161520957947,0.98499995470047,0.9694428443908691
gpt2,past_to_future,past_to_future,True,0.9132499694824219,0.9757727384567261,0.9584546089172363,0.9658011794090271,0.9862587451934814,0.9537190198898315
gpt2,past_to_future,certainty_to_uncertainty,False,0.9137105345726013,0.985171914100647,0.9845877885818481,0.9422813653945923,0.9830225706100464,0.9749995470046997
gpt2,past_to_future,past_to_future,True,0.8175795078277588,0.9339829087257385,0.9245525598526001,0.9056793451309204,0.9586795568466187,0.9336768388748169
gpt2,certainty_to_uncertainty,certainty_to_uncertainty,True,0.9113444089889526,0.9911551475524902,0.9835630655288696,0.9488719701766968,0.9831299781799316,0.9726238250732422
gpt2,certainty_to_uncertainty,certainty_to_uncertainty,True,0.9200029373168945,0.992603063583374,0.9746652841567993,0.9615082740783691,0.985220730304718,0.9633749723434448
gpt2,certainty_to_uncertainty,formalization,False,0.8811696767807007,0.9655658602714539,0.9760165810585022,0.8899418711662292,0.950427234172821,0.9647799134254456
gpt2,certainty_to_uncertainty,formalization,False,0.8847441077232361,0.9719769358634949,0.9723189473152161,0.9128281474113464,0.96040940284729,0.9721124172210693
gpt2,certainty_to_uncertainty,certainty_to_uncertainty,True,0.9476429224014282,0.9909720420837402,0.9681388139724731,0.9694650173187256,0.974862813949585,0.9497727751731873
gpt2,active_to_passive,active_to_passive,True,0.8595309257507324,0.8184373378753662,0.8228152990341187,0.7604303359985352,0.7896747589111328,0.7822255492210388
gpt2,active_to_passive,question,False,0.7700383067131042,0.8180849552154541,0.823499321937561,0.7704979777336121,0.8071314096450806,0.8246880769729614
gpt2,active_to_passive,formalization,False,0.7464510798454285,0.7287477850914001,0.7546146512031555,0.6305919289588928,0.6976078152656555,0.7202306985855103
gpt2,active_to_passive,active_to_passive,True,0.9168208241462708,0.8931511640548706,0.8873377442359924,0.8454011678695679,0.8699610233306885,0.8517961502075195
gpt2,active_to_passive,active_to_passive,True,0.9145505428314209,0.8846242427825928,0.8722957968711853,0.8564560413360596,0.8626998662948608,0.8368277549743652
gpt2,formalization,formalization,True,0.870614767074585,0.9552083015441895,0.9722208976745605,0.8655423521995544,0.9383166432380676,0.9528841376304626
gpt2,formalization,certainty_to_uncertainty,False,0.9519261121749878,0.9747036099433899,0.9602389335632324,0.9600499868392944,0.954574465751648,0.9421280026435852
gpt2,formalization,formalization,True,0.9219825267791748,0.9824491739273071,0.9922385215759277,0.917267918586731,0.965839684009552,0.9692099094390869
gpt2,formalization,formalization,True,0.8644574284553528,0.946171224117279,0.9730114936828613,0.878829836845398,0.9374634027481079,0.9583616256713867
gpt2,formalization,question,False,0.42799776792526245,0.5710706114768982,0.6522189974784851,0.4417039155960083,0.5636552572250366,0.6607534885406494
gpt2,negation,negation,True,0.8710004091262817,0.9302901029586792,0.8912162780761719,0.9862890243530273,0.9425177574157715,0.9030930995941162
gpt2,negation,negation,True,0.9260958433151245,0.9429051280021667,0.8994195461273193,0.9823706150054932,0.9326544404029846,0.8877284526824951
gpt2,negation,negation,True,0.7464937567710876,0.7954679727554321,0.7666681408882141,0.9000152349472046,0.8182287216186523,0.7895413041114807
gpt2,negation,negation,True,0.8600242733955383,0.9042805433273315,0.8633513450622559,0.9675663113594055,0.9146402478218079,0.8674296140670776
gpt2,negation,negation,True,0.8579596877098083,0.9285491704940796,0.8859920501708984,0.9816358089447021,0.9440655708312988,0.8960101008415222
gpt2,question,question,True,0.859626293182373,0.9442232847213745,0.9247598648071289,0.952773928642273,0.9527238607406616,0.9628686904907227
gpt2,question,question,True,0.8361087441444397,0.9258613586425781,0.9396980404853821,0.8925071954727173,0.9220377802848816,0.9636406302452087
gpt2,question,question,True,0.8641611337661743,0.9697346091270447,0.9596306085586548,0.9429764747619629,0.9750555753707886,0.987796425819397
gpt2,question,question,True,0.7799777984619141,0.8797116279602051,0.9226390719413757,0.8026813864707947,0.8698531985282898,0.940558671951294
gpt2,question,question,True,0.8861804604530334,0.9583042860031128,0.9690350890159607,0.9324017763137817,0.9570502042770386,0.984775722026825
gpt2,past_to_future,past_to_future,True,0.8455297946929932,0.9461435079574585,0.9056190252304077,0.9691554307937622,0.9695539474487305,0.9237683415412903
gpt2,past_to_future,past_to_future,True,0.9117687940597534,0.9754266738891602,0.9523595571517944,0.9646924138069153,0.9802118539810181,0.955793023109436
gpt2,past_to_future,past_to_future,True,0.7103286981582642,0.8236395716667175,0.8145912885665894,0.8490210771560669,0.8673607707023621,0.8449046015739441
gpt2,past_to_future,past_to_future,True,0.9110313653945923,0.9801155924797058,0.9735105633735657,0.9571900367736816,0.9855392575263977,0.968765139579773
gpt2,past_to_future,question,False,-0.12246870249509811,0.059595637023448944,0.06245458871126175,0.14128923416137695,0.15818163752555847,0.16371624171733856
gpt2,certainty_to_uncertainty,certainty_to_uncertainty,True,0.9271292686462402,0.992564857006073,0.982192873954773,0.9660468101501465,0.9850984811782837,0.9702744483947754
gpt2,certainty_to_uncertainty,certainty_to_uncertainty,True,0.9399651288986206,0.9919952154159546,0.9710230827331543,0.9777820110321045,0.983178973197937,0.9568035006523132
gpt2,certainty_to_uncertainty,formalization,False,0.890103280544281,0.9674628973007202,0.9843632578849792,0.8980468511581421,0.9532822370529175,0.9761444926261902
gpt2,certainty_to_uncertainty,question,False,0.8978304862976074,0.9785556197166443,0.9779738783836365,0.9339459538459778,0.9688913822174072,0.9832978844642639
gpt2,certainty_to_uncertainty,negation,False,0.9454900622367859,0.9791456460952759,0.9479345083236694,0.9816443920135498,0.9651170969009399,0.9334653615951538
gpt2,active_to_passive,certainty_to_uncertainty,False,0.9274458885192871,0.9441479444503784,0.9288500547409058,0.9382317066192627,0.9340295791625977,0.9271242618560791
gpt2,active_to_passive,question,False,0.8783906698226929,0.9452453851699829,0.9373323917388916,0.9212764501571655,0.9411319494247437,0.9493245482444763
gpt2,active_to_passive,certainty_to_uncertainty,False,0.9265950918197632,0.9547042846679688,0.9457132816314697,0.9257544875144958,0.9373952746391296,0.9343523979187012
gpt2,active_to_passive,certainty_to_uncertainty,False,0.9366097450256348,0.9694364070892334,0.9552945494651794,0.9493035078048706,0.9589320421218872,0.9507424235343933
gpt2,active_to_passive,negation,False,0.9273875951766968,0.9454426765441895,0.9237162470817566,0.9488142728805542,0.9371938705444336,0.9217535853385925
gpt2,formalization,formalization,True,0.8943485617637634,0.9681638479232788,0.9881376624107361,0.8889827728271484,0.9530282616615295,0.9712581634521484
gpt2,formalization,negation,False,0.94762122631073,0.9513534903526306,0.93414306640625,0.9621584415435791,0.9326975345611572,0.9192110300064087
gpt2,formalization,formalization,True,0.9170670509338379,0.974887490272522,0.9912525415420532,0.9192982316017151,0.9624383449554443,0.9746127724647522
gpt2,formalization,formalization,True,0.870194137096405,0.9429911375045776,0.972407341003418,0.8917374610900879,0.9382027387619019,0.9643310308456421
gpt2,formalization,question,False,0.3618032932281494,0.4940897226333618,0.5936805009841919,0.38203778862953186,0.49181023240089417,0.6147018074989319
gpt2,negation,negation,True,0.9360225200653076,0.9688000679016113,0.9299277067184448,0.9861478805541992,0.963154673576355,0.9229162931442261
gpt2,negation,negation,True,0.945440411567688,0.9537038803100586,0.9115930199623108,0.9687559604644775,0.937056303024292,0.8916767239570618
gpt2,negation,negation,True,0.9439226388931274,0.9547446370124817,0.9165567755699158,0.9742303490638733,0.9450448751449585,0.9022819995880127
gpt2,negation,negation,True,0.9464884996414185,0.9585305452346802,0.9162177443504333,0.9785885810852051,0.9498184323310852,0.8982513546943665
gpt2,negation,negation,True,0.9266148209571838,0.9724797010421753,0.933799147605896,0.9874465465545654,0.9713814854621887,0.9251688718795776
gpt2,question,certainty_to_uncertainty,False,0.9248100519180298,0.9681673049926758,0.9398268461227417,0.9513718485832214,0.9588589668273926,0.9431201219558716
gpt2,question,certainty_to_uncertainty,False,0.9440101981163025,0.9888951778411865,0.9761542677879333,0.9471126794815063,0.9717942476272583,0.9671776294708252
gpt2,question,certainty_to_uncertainty,False,0.925963282585144,0.9831811189651489,0.958906888961792,0.9512031078338623,0.9737991094589233,0.9568278193473816
gpt2,question,certainty_to_uncertainty,False,0.9367731809616089,0.9822045564651489,0.9809638261795044,0.917803168296814,0.9602156281471252,0.9659140110015869
gpt2,question,certainty_to_uncertainty,False,0.9453733563423157,0.9876951575279236,0.9760132431983948,0.955299973487854,0.9752567410469055,0.9689538478851318
gpt2,past_to_future,past_to_future,True,0.9142045974731445,0.9785627126693726,0.946455717086792,0.9628032445907593,0.9809378981590271,0.9415345191955566
gpt2,past_to_future,certainty_to_uncertainty,False,0.941806972026825,0.9795609712600708,0.9520139694213867,0.9525954723358154,0.9713641405105591,0.9382519125938416
gpt2,past_to_future,certainty_to_uncertainty,False,0.9442944526672363,0.9769366979598999,0.943019688129425,0.9678173065185547,0.9745621681213379,0.9272588491439819
gpt2,past_to_future,certainty_to_uncertainty,False,0.9495917558670044,0.9860674142837524,0.9641708135604858,0.9555085897445679,0.9760323166847229,0.9447858929634094
gpt2,past_to_future,past_to_future,True,0.8923585414886475,0.9679198861122131,0.9338573217391968,0.9550036191940308,0.9791195392608643,0.9347456097602844
gpt2,certainty_to_uncertainty,certainty_to_uncertainty,True,0.9485394954681396,0.9906467199325562,0.968743085861206,0.9580305814743042,0.9763087630271912,0.9484119415283203
gpt2,certainty_to_uncertainty,certainty_to_uncertainty,True,0.9484538435935974,0.9847785234451294,0.9563534259796143,0.9605241417884827,0.9708830118179321,0.9354718923568726
gpt2,certainty_to_uncertainty,certainty_to_uncertainty,True,0.9487947225570679,0.9885632991790771,0.9763201475143433,0.9367673397064209,0.9679046869277954,0.9541870951652527
gpt2,certainty_to_uncertainty,certainty_to_uncertainty,True,0.9441526532173157,0.9879920482635498,0.9688165187835693,0.9465264081954956,0.9704797267913818,0.9548828601837158
gpt2,certainty_to_uncertainty,certainty_to_uncertainty,True,0.9536086320877075,0.9721775054931641,0.9363785982131958,0.9650052189826965,0.9549013376235962,0.9148209095001221
gpt2,active_to_passive,active_to_passive,True,0.9730606079101562,0.9075741767883301,0.883392333984375,0.9073508977890015,0.8826192617416382,0.8444080352783203
gpt2,active_to_passive,active_to_passive,True,0.9809937477111816,0.9544793367385864,0.9350207448005676,0.9359735250473022,0.9290153980255127,0.9007426500320435
gpt2,active_to_passive,active_to_passive,True,0.9754215478897095,0.9342796802520752,0.9124177694320679,0.9100127220153809,0.9053051471710205,0.8714059591293335
gpt2,active_to_passive,active_to_passive,True,0.9725222587585449,0.9480472803115845,0.9204283952713013,0.9329456686973572,0.9265965223312378,0.8870264291763306
gpt2,active_to_passive,active_to_passive,True,0.9720197916030884,0.9388073086738586,0.9082549810409546,0.9369224309921265,0.9171773195266724,0.8751791715621948
gpt2,formalization,certainty_to_uncertainty,False,0.9423332214355469,0.9848580360412598,0.9751284122467041,0.9263623356819153,0.9646126627922058,0.9498558640480042
gpt2,formalization,certainty_to_uncertainty,False,0.9595528841018677,0.9635512828826904,0.9369956254959106,0.9599007964134216,0.943589448928833,0.9167589545249939
gpt2,formalization,certainty_to_uncertainty,False,0.9477095603942871,0.9849947690963745,0.9769202470779419,0.9366216659545898,0.9671344757080078,0.9518613815307617
gpt2,formalization,certainty_to_uncertainty,False,0.95261549949646,0.9864135384559631,0.9806912541389465,0.9389854669570923,0.9691542983055115,0.9534111022949219
gpt2,formalization,formalization,True,0.9073032140731812,0.9691492319107056,0.9822574853897095,0.8918182253837585,0.948502779006958,0.964596688747406
gpt2,negation,negation,True,0.915937066078186,0.9682037234306335,0.9319595098495483,0.9923128485679626,0.971254289150238,0.9359399676322937
gpt2,negation,negation,True,0.9304862022399902,0.9572921991348267,0.9183292388916016,0.9843431711196899,0.9477012157440186,0.9103248119354248
gpt2,negation,negation,True,0.9096814393997192,0.9485324621200562,0.9109580516815186,0.9894685745239258,0.9535427093505859,0.9143053293228149
gpt2,negation,negation,True,0.9241524934768677,0.9575099945068359,0.9184899926185608,0.9894851446151733,0.9606121778488159,0.9134933948516846
gpt2,negation,negation,True,0.9135316014289856,0.9671895503997803,0.9301437139511108,0.9887051582336426,0.9725946187973022,0.9249207377433777
gpt2,question,past_to_future,False,0.8833131194114685,0.9649419784545898,0.9403931498527527,0.9593097567558289,0.9691868424415588,0.9682933688163757
gpt2,question,question,True,0.8794283270835876,0.9616826772689819,0.9632918834686279,0.9288390874862671,0.9573450088500977,0.9805343151092529
gpt2,question,question,True,0.8750610947608948,0.9735046029090881,0.956286609172821,0.955069899559021,0.9783774614334106,0.9823227524757385
gpt2,question,question,True,0.8430139422416687,0.9432365894317627,0.9655738472938538,0.8763521909713745,0.9368281960487366,0.9824971556663513
gpt2,question,question,True,0.8974401354789734,0.9723129868507385,0.9686061143875122,0.955958366394043,0.9739853143692017,0.9861084818840027
gpt2,past_to_future,past_to_future,True,0.8995718359947205,0.9673689603805542,0.9321272373199463,0.9556073546409607,0.9755315780639648,0.9268956780433655
gpt2,past_to_future,certainty_to_uncertainty,False,0.9377778768539429,0.9783140420913696,0.9524932503700256,0.9487020969390869,0.9744609594345093,0.9393419027328491
gpt2,past_to_future,past_to_future,True,0.9103737473487854,0.9661753177642822,0.9354832172393799,0.9575497508049011,0.9786601066589355,0.9284946918487549
gpt2,past_to_future,certainty_to_uncertainty,False,0.9430543780326843,0.9908838272094727,0.9762800931930542,0.956713855266571,0.987436830997467,0.9607141017913818
gpt2,past_to_future,past_to_future,True,0.8250218629837036,0.938613772392273,0.9095761775970459,0.917605996131897,0.9665992259979248,0.921037495136261
gpt2,certainty_to_uncertainty,certainty_to_uncertainty,True,0.9296596050262451,0.9917834997177124,0.9678370952606201,0.9811176061630249,0.9883198738098145,0.962511420249939
gpt2,certainty_to_uncertainty,certainty_to_uncertainty,True,0.9403888583183289,0.989511251449585,0.9606688022613525,0.9812507629394531,0.982349693775177,0.9501681923866272
gpt2,certainty_to_uncertainty,formalization,False,0.9149402976036072,0.9865100979804993,0.9870800375938416,0.9336851239204407,0.974697470664978,0.9794710874557495
gpt2,certainty_to_uncertainty,certainty_to_uncertainty,True,0.9262559413909912,0.9902768135070801,0.979634165763855,0.9519858360290527,0.9796268939971924,0.9779179692268372
gpt2,certainty_to_uncertainty,negation,False,0.9448015689849854,0.9714136123657227,0.9333679676055908,0.976848840713501,0.9584181904792786,0.9198325872421265
gpt2,active_to_passive,active_to_passive,True,0.8474419713020325,0.7251067757606506,0.7440604567527771,0.6462873816490173,0.6826586127281189,0.6571616530418396
gpt2,active_to_passive,active_to_passive,True,0.9763352870941162,0.9498251676559448,0.9444999098777771,0.9067524671554565,0.9232007265090942,0.9040466547012329
gpt2,active_to_passive,active_to_passive,True,0.9483687877655029,0.9088441729545593,0.9063702821731567,0.8427027463912964,0.8747630715370178,0.8513551354408264
gpt2,active_to_passive,active_to_passive,True,0.9691863059997559,0.9270638823509216,0.9140438437461853,0.8885308504104614,0.9009541869163513,0.863232433795929
gpt2,active_to_passive,active_to_passive,True,0.9747322797775269,0.9127258062362671,0.8965003490447998,0.8883066773414612,0.8859304785728455,0.8433985710144043
gpt2,formalization,formalization,True,0.9184673428535461,0.9868080615997314,0.9880614876747131,0.9300093650817871,0.974065363407135,0.9746953248977661
gpt2,formalization,negation,False,0.9384961128234863,0.9597328305244446,0.9382529258728027,0.9722644090652466,0.9496168494224548,0.9334491491317749
gpt2,formalization,formalization,True,0.9365640878677368,0.9908803105354309,0.9912269115447998,0.946239709854126,0.9790230989456177,0.9745148420333862
gpt2,formalization,formalization,True,0.9225627183914185,0.9809006452560425,0.9906583428382874,0.9374570846557617,0.9739851355552673,0.9757400751113892
gpt2,formalization,question,False,0.745700478553772,0.8603536486625671,0.9049370288848877,0.7792654633522034,0.8555108904838562,0.9150250554084778
gpt2,negation,negation,True,0.8780075311660767,0.9418620467185974,0.9166094064712524,0.9843119382858276,0.9500638246536255,0.9317905902862549
gpt2,negation,negation,True,0.9009787440299988,0.9290956258773804,0.8907111883163452,0.9798916578292847,0.9208269715309143,0.8884603977203369
gpt2,negation,negation,True,0.8025034070014954,0.8448683023452759,0.8244215250015259,0.9267408847808838,0.8603817820549011,0.8469924926757812
gpt2,negation,negation,True,0.7994842529296875,0.8696866631507874,0.8493130207061768,0.9352551698684692,0.8880411386489868,0.8700971603393555
gpt2,negation,negation,True,0.8552230596542358,0.9414932131767273,0.9162188768386841,0.9784823656082153,0.9563602209091187,0.9316877126693726
gpt2,question,question,True,0.8378314971923828,0.9297988414764404,0.9160107374191284,0.9370429515838623,0.9385637640953064,0.9605965614318848
gpt2,question,question,True,0.6644216775894165,0.7920600175857544,0.8273072242736816,0.7454128861427307,0.7941350936889648,0.8698393106460571
gpt2,question,question,True,0.8329557776451111,0.952279806137085,0.9488608837127686,0.9231146574020386,0.9595745205879211,0.9836458563804626
gpt2,question,question,True,0.5028796195983887,0.6522594690322876,0.7224509716033936,0.5528315901756287,0.6521002054214478,0.763822078704834
gpt2,question,question,True,0.7481089234352112,0.8610382676124573,0.8919638991355896,0.8340920209884644,0.870663046836853,0.9316430687904358
gpt2,past_to_future,past_to_future,True,0.8533017635345459,0.9551616907119751,0.9318394064903259,0.9629923701286316,0.9778788089752197,0.9485277533531189
gpt2,past_to_future,past_to_future,True,0.8699012994766235,0.9619443416595459,0.9634417295455933,0.9269119501113892,0.9771432280540466,0.9749495983123779
gpt2,past_to_future,question,False,0.5298607349395752,0.6883181929588318,0.704530656337738,0.7067782878875732,0.7473185062408447,0.7577335834503174
gpt2,past_to_future,past_to_future,True,0.9043658971786499,0.9826180934906006,0.9816988706588745,0.9509106278419495,0.9860379695892334,0.9805241823196411
gpt2,past_to_future,question,False,-0.2671540379524231,-0.068568654358387,-0.04641014337539673,-0.008906632661819458,0.016684412956237793,0.052292823791503906
gpt2,certainty_to_uncertainty,certainty_to_uncertainty,True,0.9289418458938599,0.9931011199951172,0.9799574017524719,0.9748874306678772,0.9878110885620117,0.9736377000808716
gpt2,certainty_to_uncertainty,certainty_to_uncertainty,True,0.9308522343635559,0.9914525151252747,0.9684158563613892,0.983083963394165,0.9864932298660278,0.9622493982315063
gpt2,certainty_to_uncertainty,question,False,0.7698057889938354,0.8879472613334656,0.9213293790817261,0.8115343451499939,0.8818399310112,0.9289536476135254
gpt2,certainty_to_uncertainty,question,False,0.8126486539840698,0.927486777305603,0.9425833821296692,0.8663753271102905,0.9224086999893188,0.9594351649284363
gpt2,certainty_to_uncertainty,negation,False,0.947050929069519,0.9796321392059326,0.9490863084793091,0.9829244613647461,0.9666577577590942,0.935973048210144
gpt2,active_to_passive,active_to_passive,True,0.3939419090747833,0.26918214559555054,0.35366585850715637,0.14608663320541382,0.23260042071342468,0.2635495066642761
gpt2,active_to_passive,active_to_passive,True,0.7480021715164185,0.6812422275543213,0.7340266704559326,0.6073881387710571,0.6443967223167419,0.6756560206413269
gpt2,active_to_passive,active_to_passive,True,0.6967960000038147,0.5645384192466736,0.613949179649353,0.46775582432746887,0.5164884924888611,0.5261578559875488
gpt2,active_to_passive,active_to_passive,True,0.8961048722267151,0.8447355031967163,0.8712887763977051,0.7734662294387817,0.8165910243988037,0.8125141263008118
gpt2,active_to_passive,active_to_passive,True,0.9418656826019287,0.8670082092285156,0.8686556816101074,0.8309334516525269,0.8352648019790649,0.8080015778541565
gpt2,formalization,formalization,True,0.8085103631019592,0.9187991619110107,0.9486472606658936,0.8362287282943726,0.9097675681114197,0.9436846375465393
gpt2,formalization,negation,False,0.9261353015899658,0.9290003776550293,0.9222937822341919,0.9375256299972534,0.9079167246818542,0.90239417552948
gpt2,formalization,formalization,True,0.8722859621047974,0.9477133750915527,0.9748080968856812,0.8795069456100464,0.9368072748184204,0.9583295583724976
gpt2,formalization,question,False,0.7016664743423462,0.8075478076934814,0.8640678524971008,0.7452919483184814,0.8104071021080017,0.8645013570785522
gpt2,formalization,question,False,-0.17183510959148407,-0.032131876796483994,0.07962004840373993,-0.1341078132390976,-0.023252423852682114,0.11354833841323853
gpt2,negation,negation,True,0.9241477251052856,0.973681628704071,0.9463317394256592,0.990437388420105,0.9738577604293823,0.9449105262756348
gpt2,negation,negation,True,0.951745867729187,0.9555901288986206,0.9273778200149536,0.957980751991272,0.9343809485435486,0.8987159729003906
gpt2,negation,negation,True,0.8760555982589722,0.9390616416931152,0.9194017052650452,0.9694877862930298,0.9500124454498291,0.9269764423370361
gpt2,negation,negation,True,0.9301712512969971,0.9576812982559204,0.9380319118499756,0.9686065912246704,0.9540984630584717,0.9206933975219727
gpt2,negation,negation,True,0.9024444818496704,0.9623560905456543,0.9373040795326233,0.9734634757041931,0.9662203788757324,0.9294887185096741
gpt2,question,question,True,0.8076087236404419,0.9261412620544434,0.9195128679275513,0.8878675103187561,0.9337689280509949,0.9614918231964111
gpt2,question,question,True,0.7924799919128418,0.9067067503929138,0.9375565648078918,0.8127942085266113,0.8973814845085144,0.9504355788230896
gpt2,question,question,True,0.8280953168869019,0.9498562812805176,0.9514418840408325,0.8859682679176331,0.9523558616638184,0.9728435277938843
gpt2,question,question,True,0.6904842853546143,0.8088994026184082,0.8628923892974854,0.6779512763023376,0.7947396636009216,0.8690319657325745
gpt2,question,question,True,0.8658081293106079,0.9623033404350281,0.970535397529602,0.9188501834869385,0.9624811410903931,0.987910807132721
gpt2,past_to_future,certainty_to_uncertainty,False,0.9254286289215088,0.986362099647522,0.9619935750961304,0.9610764980316162,0.9832956790924072,0.9495999217033386
gpt2,past_to_future,certainty_to_uncertainty,False,0.9228084087371826,0.9886322021484375,0.973996639251709,0.9460916519165039,0.9852643013000488,0.9697922468185425
gpt2,past_to_future,past_to_future,True,0.878674328327179,0.9680936932563782,0.9603378772735596,0.9262998700141907,0.9802893400192261,0.9563826322555542
gpt2,past_to_future,formalization,False,0.9055736064910889,0.977258563041687,0.9799003601074219,0.9126175045967102,0.9728478789329529,0.9644997119903564
gpt2,past_to_future,past_to_future,True,0.7874068021774292,0.9288760423660278,0.9162713289260864,0.8845424652099609,0.9534827470779419,0.9349976778030396
gpt2,certainty_to_uncertainty,certainty_to_uncertainty,True,0.908027172088623,0.9857000112533569,0.9767951965332031,0.9348635673522949,0.9775180816650391,0.9624664783477783
gpt2,certainty_to_uncertainty,certainty_to_uncertainty,True,0.922065258026123,0.986323356628418,0.9690674543380737,0.9470808506011963,0.9763887524604797,0.9513854384422302
gpt2,certainty_to_uncertainty,formalization,False,0.8624546527862549,0.9448873400688171,0.9654099941253662,0.8429743647575378,0.9251723289489746,0.9444614052772522
gpt2,certainty_to_uncertainty,formalization,False,0.8758540153503418,0.9656330347061157,0.9759961366653442,0.8786351084709167,0.950670599937439,0.9679853320121765
gpt2,certainty_to_uncertainty,certainty_to_uncertainty,True,0.9482802748680115,0.9786428213119507,0.9556441307067871,0.9461111426353455,0.9582240581512451,0.9290007948875427
gpt2,active_to_passive,active_to_passive,True,0.6952199935913086,0.5846682786941528,0.590354323387146,0.6093102693557739,0.5588609576225281,0.5403516292572021
gpt2,active_to_passive,active_to_passive,True,0.8174816966056824,0.7840213179588318,0.7958710789680481,0.7662563920021057,0.7588597536087036,0.7573102712631226
gpt2,active_to_passive,active_to_passive,True,0.6620161533355713,0.5188564658164978,0.5392587184906006,0.4843858480453491,0.475341796875,0.4647424519062042
gpt2,active_to_passive,active_to_passive,True,0.9376097321510315,0.8724862337112427,0.8675849437713623,0.8580732345581055,0.8439179062843323,0.8132879734039307
gpt2,active_to_passive,active_to_passive,True,0.9350751042366028,0.873259425163269,0.8584470748901367,0.8846926689147949,0.848400354385376,0.8126386404037476
gpt2,formalization,formalization,True,0.834373414516449,0.9248262643814087,0.9523190855979919,0.8116632699966431,0.9061475992202759,0.9272192120552063
gpt2,formalization,certainty_to_uncertainty,False,0.9597482681274414,0.9816544055938721,0.9681421518325806,0.9591488838195801,0.9602744579315186,0.944459080696106
gpt2,formalization,formalization,True,0.8812465667724609,0.9604253768920898,0.9773048758506775,0.8811277151107788,0.9470959305763245,0.9577940702438354
gpt2,formalization,formalization,True,0.8181537985801697,0.9075448513031006,0.9422551393508911,0.8178830742835999,0.8998196721076965,0.9222233891487122
gpt2,formalization,question,False,0.2576989233493805,0.40710312128067017,0.5115763545036316,0.23528845608234406,0.3982315957546234,0.5135358572006226
gpt2,negation,negation,True,0.8668140769004822,0.9332065582275391,0.9111504554748535,0.9770077466964722,0.9459041953086853,0.9277536273002625
gpt2,negation,negation,True,0.9096105098724365,0.9377174377441406,0.9024895429611206,0.9795581102371216,0.9283218383789062,0.8955919742584229
gpt2,negation,negation,True,0.7416011095046997,0.7798818945884705,0.7817158699035645,0.8601696491241455,0.7998376488685608,0.8056461811065674
gpt2,negation,negation,True,0.8995153903961182,0.9268999099731445,0.9138098955154419,0.9625493288040161,0.930056095123291,0.9070006608963013
gpt2,negation,negation,True,0.85761559009552,0.9294248819351196,0.906930685043335,0.9699577689170837,0.9443793296813965,0.9134873151779175
gpt2,question,question,True,0.7080122232437134,0.8500943183898926,0.8450461030006409,0.8528931736946106,0.8765240907669067,0.9194235801696777
gpt2,question,question,True,0.7605764865875244,0.8839892148971558,0.9132359027862549,0.8124914169311523,0.8813210129737854,0.9414166212081909
gpt2,question,question,True,0.7432980537414551,0.9054308533668518,0.9117063283920288,0.8477025628089905,0.921116828918457,0.9566552639007568
gpt2,question,question,True,0.4846305847167969,0.639753520488739,0.7164616584777832,0.5133093595504761,0.6364427804946899,0.75364089012146
gpt2,question,question,True,0.8109813332557678,0.9195795655250549,0.9442041516304016,0.8717049956321716,0.9251588582992554,0.9715205430984497
gpt2,past_to_future,past_to_future,True,0.8992136716842651,0.9745879173278809,0.9665961265563965,0.9481651782989502,0.9848812818527222,0.9624675512313843
gpt2,past_to_future,question,False,0.8290398120880127,0.9296280145645142,0.9448217153549194,0.8709728717803955,0.9483305215835571,0.9624108076095581
gpt2,past_to_future,question,False,0.08885911107063293,0.22965256869792938,0.2779991626739502,0.22837230563163757,0.3081526756286621,0.3239031434059143
gpt2,past_to_future,question,False,0.8515609502792358,0.9424335360527039,0.9590181112289429,0.8944051265716553,0.9543079733848572,0.9613410234451294
gpt2,past_to_future,question,False,0.13255301117897034,0.37024468183517456,0.3987419009208679,0.3474775552749634,0.4538562297821045,0.4765372574329376
gpt2,certainty_to_uncertainty,past_to_future,False,0.8898468613624573,0.9716543555259705,0.9632916450500488,0.9482098817825317,0.975030779838562,0.9622443914413452
gpt2,certainty_to_uncertainty,certainty_to_uncertainty,True,0.92012619972229,0.9928765296936035,0.9731379151344299,0.9734318256378174,0.988620400428772,0.9689700603485107
gpt2,certainty_to_uncertainty,formalization,False,0.8318910002708435,0.9348949193954468,0.9615529775619507,0.840773344039917,0.9231102466583252,0.9564663171768188
gpt2,certainty_to_uncertainty,question,False,0.8519434928894043,0.9548956751823425,0.9671487808227539,0.8820379972457886,0.9462496042251587,0.9745205044746399
gpt2,certainty_to_uncertainty,certainty_to_uncertainty,True,0.9334143996238708,0.9833759665489197,0.9544994235038757,0.9803072214126587,0.9732635021209717,0.9480945467948914
gpt2,active_to_passive,question,False,0.49403032660484314,0.5255290865898132,0.5666806101799011,0.49798160791397095,0.5226351022720337,0.5973930358886719
gpt2,active_to_passive,question,False,0.224366694688797,0.28748542070388794,0.3318752944469452,0.2675490379333496,0.28709113597869873,0.37725770473480225
gpt2,active_to_passive,certainty_to_uncertainty,False,0.8769371509552002,0.8788391351699829,0.8690453767776489,0.8504537343978882,0.8609182238578796,0.8660064935684204
gpt2,active_to_passive,formalization,False,0.8912498950958252,0.8965346217155457,0.9050991535186768,0.8664836883544922,0.8823859095573425,0.898444414138794
gpt2,active_to_passive,question,False,0.7984800934791565,0.7983196973800659,0.807131290435791,0.7948262691497803,0.7857352495193481,0.8124601244926453
gpt2,formalization,formalization,True,0.8319883942604065,0.9364426136016846,0.9634189605712891,0.8409215211868286,0.9256214499473572,0.9547592997550964
gpt2,formalization,certainty_to_uncertainty,False,0.9497286081314087,0.9710049629211426,0.9577057361602783,0.9573174715042114,0.9514124393463135,0.9404885768890381
gpt2,formalization,formalization,True,0.8685203790664673,0.9559705257415771,0.9821743369102478,0.875358521938324,0.9464693665504456,0.9693798422813416
gpt2,formalization,formalization,True,0.7721482515335083,0.882270336151123,0.9278702735900879,0.8027263879776001,0.8822945356369019,0.926426887512207
gpt2,formalization,question,False,0.042944908142089844,0.22193452715873718,0.3183879852294922,0.1030150055885315,0.2347237467765808,0.3620452880859375
gpt2,negation,negation,True,0.9056049585342407,0.9646533727645874,0.9426364898681641,0.9877824783325195,0.9692783355712891,0.950435996055603
gpt2,negation,negation,True,0.9321982860565186,0.9598302841186523,0.9266237020492554,0.9863954782485962,0.9492002725601196,0.9178602695465088
gpt2,negation,negation,True,0.8242913484573364,0.8975417613983154,0.8808472156524658,0.9509445428848267,0.9152251482009888,0.9047540426254272
gpt2,negation,negation,True,0.8863934874534607,0.9553040862083435,0.9420563578605652,0.9716171026229858,0.9637631177902222,0.9496864080429077
gpt2,negation,negation,True,0.9051145315170288,0.9722069501876831,0.9454087615013123,0.9874213933944702,0.9771469831466675,0.9461163282394409
gpt2,question,question,True,0.8791736364364624,0.9592829346656799,0.9479273557662964,0.9389413595199585,0.9592984914779663,0.9759085178375244
gpt2,question,question,True,0.8836433291435242,0.9706441760063171,0.9803904891014099,0.9104214906692505,0.9611874222755432,0.9911999702453613
gpt2,question,question,True,0.8840533494949341,0.9792598485946655,0.9688836336135864,0.9414352178573608,0.9781736731529236,0.9861108064651489
gpt2,question,question,True,0.8240572214126587,0.9173032641410828,0.9501805901527405,0.816146731376648,0.901697039604187,0.9521744847297668
gpt2,question,question,True,0.8905819058418274,0.970043957233429,0.9787025451660156,0.9234482049942017,0.965755045413971,0.9895284175872803
gpt2,past_to_future,past_to_future,True,0.896994948387146,0.972772479057312,0.9556134343147278,0.9526852369308472,0.9788913726806641,0.9483202695846558
gpt2,past_to_future,certainty_to_uncertainty,False,0.8980429768562317,0.9745656251907349,0.9740691184997559,0.9130997061729431,0.9723522067070007,0.971299409866333
gpt2,past_to_future,question,False,0.690532386302948,0.8271265029907227,0.8476364016532898,0.7787803411483765,0.8641315698623657,0.8696984052658081
gpt2,past_to_future,formalization,False,0.8806284666061401,0.9483994841575623,0.964258074760437,0.8733173608779907,0.9415478706359863,0.9456024169921875
gpt2,past_to_future,question,False,0.5365239381790161,0.7333321571350098,0.7444519996643066,0.7056727409362793,0.787115752696991,0.8001657128334045
gpt2,certainty_to_uncertainty,certainty_to_uncertainty,True,0.9295130968093872,0.9917522668838501,0.981532096862793,0.9578371047973633,0.9822721481323242,0.9684520363807678
gpt2,certainty_to_uncertainty,certainty_to_uncertainty,True,0.9347773790359497,0.990626335144043,0.9671937227249146,0.97440105676651,0.9830818772315979,0.95665442943573
gpt2,certainty_to_uncertainty,formalization,False,0.9096642136573792,0.9773780703544617,0.9891289472579956,0.8968302607536316,0.958703339099884,0.9722778797149658
gpt2,certainty_to_uncertainty,certainty_to_uncertainty,True,0.915597677230835,0.9862961769104004,0.9858022928237915,0.9207644462585449,0.9708693623542786,0.9787249565124512
gpt2,certainty_to_uncertainty,certainty_to_uncertainty,True,0.9544953107833862,0.9874751567840576,0.9628706574440002,0.9709957838058472,0.9714030027389526,0.9454735517501831
gpt2,active_to_passive,active_to_passive,True,0.6579278111457825,0.4844900965690613,0.49728092551231384,0.4633479714393616,0.4438199996948242,0.43089398741722107
gpt2,active_to_passive,active_to_passive,True,0.9343651533126831,0.8709437251091003,0.8595463037490845,0.8626316785812378,0.8389381170272827,0.824621856212616
gpt2,active_to_passive,active_to_passive,True,0.9075429439544678,0.8251499533653259,0.8103690147399902,0.7898133397102356,0.7864748239517212,0.7567617297172546
gpt2,active_to_passive,active_to_passive,True,0.9259235262870789,0.8473308086395264,0.8354949951171875,0.825011134147644,0.8172622323036194,0.7841212153434753
gpt2,active_to_passive,active_to_passive,True,0.912076473236084,0.8194682002067566,0.798633337020874,0.814967155456543,0.7889153957366943,0.7480857372283936
gpt2,formalization,formalization,True,0.9117556810379028,0.9802083969116211,0.9891939759254456,0.9017804265022278,0.963288426399231,0.9695029258728027
gpt2,formalization,certainty_to_uncertainty,False,0.9572900533676147,0.9732290506362915,0.9574630260467529,0.9585953950881958,0.9529067873954773,0.9378049969673157
gpt2,formalization,formalization,True,0.9191976189613342,0.978263258934021,0.9868346452713013,0.9144355654716492,0.9633805155754089,0.966892421245575
gpt2,formalization,formalization,True,0.8955307602882385,0.9612545967102051,0.9804825782775879,0.8936989307403564,0.9507459998130798,0.9623456597328186
gpt2,formalization,formalization,True,0.7204959988594055,0.8328343629837036,0.8939064741134644,0.7076951265335083,0.8178187608718872,0.8890349268913269
gpt2,negation,negation,True,0.9021438956260681,0.9420685172080994,0.9037397503852844,0.9921154379844666,0.9448725581169128,0.9079691171646118
gpt2,negation,negation,True,0.9165304899215698,0.9401196241378784,0.8938102722167969,0.978101372718811,0.9286606311798096,0.8836919069290161
gpt2,negation,negation,True,0.8716105222702026,0.8815287947654724,0.83790522813797,0.9618476629257202,0.8867933750152588,0.8385308980941772
gpt2,negation,negation,True,0.9099376201629639,0.9204773902893066,0.8791697025299072,0.9795852899551392,0.9194828867912292,0.8705860376358032
gpt2,negation,negation,True,0.9130011796951294,0.9596703052520752,0.9206264019012451,0.9909813404083252,0.962539792060852,0.9161504507064819
gpt2,question,negation,False,0.817800760269165,0.8965892791748047,0.8658602237701416,0.9334584474563599,0.904857873916626,0.9089363217353821
gpt2,question,negation,False,0.8323796391487122,0.8908551931381226,0.8782637119293213,0.9039493799209595,0.8831333518028259,0.8992017507553101
gpt2,question,question,True,0.8514384627342224,0.9566221833229065,0.9378421306610107,0.9462921023368835,0.961064338684082,0.9681645631790161
gpt2,question,question,True,0.8364092111587524,0.9144483804702759,0.9249297380447388,0.8854913115501404,0.8998779058456421,0.9430546164512634
gpt2,question,negation,False,0.8815058469772339,0.9370830059051514,0.925530195236206,0.9542330503463745,0.93413245677948,0.9447129964828491
gpt2,past_to_future,past_to_future,True,0.9199873208999634,0.9793233871459961,0.9457626938819885,0.9758189916610718,0.9827396869659424,0.9366389513015747
gpt2,past_to_future,certainty_to_uncertainty,False,0.9374140501022339,0.9825068712234497,0.9559153318405151,0.9647542238235474,0.9776739478111267,0.9468994140625
gpt2,past_to_future,negation,False,0.9401490688323975,0.969792366027832,0.9376581311225891,0.9796959161758423,0.9723309278488159,0.9214637279510498
gpt2,past_to_future,certainty_to_uncertainty,False,0.9458284974098206,0.9882974028587341,0.973497211933136,0.9610618352890015,0.9811037182807922,0.9543078541755676
gpt2,past_to_future,negation,False,0.7301285266876221,0.8251105546951294,0.7739068269729614,0.8986478447914124,0.8708517551422119,0.8083908557891846
gpt2,certainty_to_uncertainty,certainty_to_uncertainty,True,0.9364064931869507,0.9931972622871399,0.9742004871368408,0.9744846820831299,0.9834668636322021,0.9608789682388306
gpt2,certainty_to_uncertainty,certainty_to_uncertainty,True,0.9419889450073242,0.9889452457427979,0.9610186815261841,0.979250431060791,0.9786396026611328,0.9459473490715027
gpt2,certainty_to_uncertainty,formalization,False,0.9207698106765747,0.9703768491744995,0.9709382653236389,0.9290423393249512,0.9510846734046936,0.9559051990509033
gpt2,certainty_to_uncertainty,certainty_to_uncertainty,True,0.914406955242157,0.9609059691429138,0.9416580200195312,0.9488271474838257,0.9456135034561157,0.9400215148925781
gpt2,certainty_to_uncertainty,certainty_to_uncertainty,True,0.9571565389633179,0.9794598817825317,0.9500471353530884,0.9649257659912109,0.9602190256118774,0.924410343170166
gpt2,active_to_passive,active_to_passive,True,0.8752720355987549,0.7414097785949707,0.7110925912857056,0.802335798740387,0.707356870174408,0.6670939922332764
gpt2,active_to_passive,active_to_passive,True,0.9123306274414062,0.8446346521377563,0.8079164624214172,0.8965798616409302,0.8197612762451172,0.7841120958328247
gpt2,active_to_passive,active_to_passive,True,0.8977580666542053,0.7754108905792236,0.7433145046234131,0.8214660882949829,0.7395504713058472,0.6970020532608032
gpt2,active_to_passive,active_to_passive,True,0.9373845458030701,0.8405992984771729,0.8121020197868347,0.8771103620529175,0.8117401599884033,0.7738152742385864
gpt2,active_to_passive,active_to_passive,True,0.895098090171814,0.7885839939117432,0.7549601793289185,0.8495529890060425,0.7600574493408203,0.7185183763504028
gpt2,formalization,certainty_to_uncertainty,False,0.9247043132781982,0.9728012084960938,0.9660593867301941,0.9372488260269165,0.9556029438972473,0.9475645422935486
gpt2,formalization,negation,False,0.8936434984207153,0.8596307039260864,0.8239640593528748,0.9150693416595459,0.8373463749885559,0.8072923421859741
gpt2,formalization,formalization,True,0.943969190120697,0.9871517419815063,0.9888262748718262,0.9538059234619141,0.971504807472229,0.967913806438446
gpt2,formalization,negation,False,0.9201223850250244,0.9536932706832886,0.9471573829650879,0.9621701240539551,0.9438929557800293,0.9342138767242432
gpt2,formalization,question,False,0.4400675892829895,0.516711413860321,0.5664030909538269,0.4937857389450073,0.507547914981842,0.581527829170227
gpt2,negation,negation,True,0.8351171016693115,0.8653932213783264,0.8256138563156128,0.9327022433280945,0.8819615840911865,0.8419204950332642
gpt2,negation,negation,True,0.9208746552467346,0.9663801789283752,0.9325610399246216,0.9858832359313965,0.960556149482727,0.9283515214920044
gpt2,negation,negation,True,0.7710063457489014,0.8541276454925537,0.8300653100013733,0.9123018980026245,0.8798736333847046,0.8652700185775757
gpt2,negation,negation,True,0.7151538133621216,0.7319732904434204,0.6885552406311035,0.8053313493728638,0.7486735582351685,0.7032794952392578
gpt2,negation,negation,True,0.8298325538635254,0.9170383214950562,0.8798809051513672,0.950991153717041,0.936255693435669,0.8945622444152832
gpt2,question,question,True,0.7945643067359924,0.92328941822052,0.9191995859146118,0.9077847003936768,0.9393303394317627,0.9668900966644287
gpt2,question,question,True,0.8443353176116943,0.94188392162323,0.9502041339874268,0.8976998329162598,0.9380066394805908,0.9683219194412231
gpt2,question,question,True,0.8091556429862976,0.9474807381629944,0.9449998736381531,0.9035656452178955,0.959178626537323,0.9792565703392029
gpt2,question,question,True,0.8285733461380005,0.9355016350746155,0.9606772661209106,0.8589264154434204,0.9271393418312073,0.9739931225776672
gpt2,question,question,True,0.8649524450302124,0.955720841884613,0.9579713344573975,0.9329249858856201,0.9586155414581299,0.9799211621284485
gpt2,past_to_future,past_to_future,True,0.7538861036300659,0.9008612036705017,0.8932165503501892,0.8459230065345764,0.9313817620277405,0.9122282266616821
gpt2,past_to_future,question,False,0.713280200958252,0.8436161279678345,0.8424423933029175,0.8012085556983948,0.8786805868148804,0.8787533044815063
gpt2,past_to_future,past_to_future,True,0.23243878781795502,0.3859015107154846,0.3602743148803711,0.43968817591667175,0.4696606993675232,0.4289059042930603
gpt2,past_to_future,past_to_future,True,0.8682748079299927,0.9531271457672119,0.9589328765869141,0.9001253843307495,0.9659881591796875,0.9561669230461121
gpt2,past_to_future,past_to_future,True,0.7018316984176636,0.8656147718429565,0.8488388061523438,0.8554932475090027,0.909294843673706,0.8929421305656433
gpt2,certainty_to_uncertainty,past_to_future,False,0.6506059169769287,0.8223378658294678,0.8065364360809326,0.814206600189209,0.8631276488304138,0.8511574268341064
gpt2,certainty_to_uncertainty,past_to_future,False,0.8936664462089539,0.9856384992599487,0.9676802158355713,0.955317497253418,0.9884191155433655,0.9686993956565857
gpt2,certainty_to_uncertainty,formalization,False,0.8884113430976868,0.9752389192581177,0.9810464978218079,0.9099898934364319,0.96319580078125,0.9748803377151489
gpt2,certainty_to_uncertainty,certainty_to_uncertainty,True,0.904939591884613,0.9847073554992676,0.9793758988380432,0.9337859153747559,0.9731440544128418,0.978813886642456
gpt2,certainty_to_uncertainty,certainty_to_uncertainty,True,0.9325898885726929,0.9880260229110718,0.9595261216163635,0.9754703044891357,0.9794493913650513,0.9520316123962402
gpt2,active_to_passive,active_to_passive,True,0.2566410303115845,0.022831633687019348,0.02878643572330475,0.10591882467269897,-0.0036429166793823242,-0.01885513961315155
gpt2,active_to_passive,negation,False,0.7085316777229309,0.6574772596359253,0.6422977447509766,0.7144573926925659,0.6473680734634399,0.6435709595680237
gpt2,active_to_passive,active_to_passive,True,0.3853129744529724,0.15724194049835205,0.1848316639661789,0.17489904165267944,0.11218002438545227,0.11627888679504395
gpt2,active_to_passive,active_to_passive,True,0.9699791073799133,0.9261605143547058,0.9031811952590942,0.9131185412406921,0.9015064239501953,0.8647812008857727
gpt2,active_to_passive,active_to_passive,True,0.8716325163841248,0.754408061504364,0.7183809280395508,0.8161934614181519,0.7321593761444092,0.6812640428543091
gpt2,formalization,formalization,True,0.8835728168487549,0.9690890908241272,0.979218065738678,0.8952728509902954,0.955844521522522,0.965765118598938
gpt2,formalization,certainty_to_uncertainty,False,0.9547638893127441,0.9720363020896912,0.9509205222129822,0.9660205841064453,0.953467845916748,0.9324908256530762
gpt2,formalization,formalization,True,0.917991042137146,0.9843753576278687,0.9929113984107971,0.9248396158218384,0.9712719917297363,0.9742876291275024
gpt2,formalization,formalization,True,0.8893824815750122,0.9699642062187195,0.9845685958862305,0.9173024892807007,0.9643785953521729,0.9742920994758606
gpt2,formalization,question,False,0.53815758228302,0.6856980919837952,0.751723051071167,0.5781278610229492,0.6831488013267517,0.7668756246566772
gpt2,negation,negation,True,0.6000287532806396,0.6286043524742126,0.6160329580307007,0.7601408958435059,0.6555712223052979,0.6441001892089844
gpt2,negation,negation,True,0.8941409587860107,0.8760147094726562,0.8358286023139954,0.9274175763130188,0.8560458421707153,0.8129498958587646
gpt2,negation,negation,True,0.21538251638412476,0.25658726692199707,0.26722535490989685,0.40705791115760803,0.30523809790611267,0.32133403420448303
gpt2,negation,negation,True,0.8558263778686523,0.8515666127204895,0.8217904567718506,0.930246114730835,0.8557983040809631,0.8118144273757935
gpt2,negation,negation,True,0.6073316335678101,0.6896264553070068,0.6623702645301819,0.8071382641792297,0.7278474569320679,0.6911753416061401
gpt2,question,question,True,0.24589931964874268,0.40247786045074463,0.44413915276527405,0.4113529622554779,0.4375542402267456,0.5583968758583069
gpt2,question,question,True,0.6411017179489136,0.7329263091087341,0.8052592277526855,0.6320921182632446,0.7159252762794495,0.8216058611869812
gpt2,question,question,True,0.737892746925354,0.887946367263794,0.9029490947723389,0.8261128067970276,0.8983579874038696,0.9471371173858643
gpt2,question,formalization,False,0.4324493408203125,0.5170131921768188,0.6116117835044861,0.3570399284362793,0.4915180802345276,0.6049421429634094
gpt2,question,question,True,0.8343844413757324,0.9106940627098083,0.9422869086265564,0.8576158881187439,0.906104326248169,0.9562466740608215
gpt2,past_to_future,past_to_future,True,0.8660326600074768,0.9495351910591125,0.925420880317688,0.9584375619888306,0.9709601998329163,0.9249668717384338
gpt2,past_to_future,past_to_future,True,0.9061588048934937,0.9632145762443542,0.9602792859077454,0.9288994073867798,0.9681335687637329,0.9588916301727295
gpt2,past_to_future,past_to_future,True,0.8374717831611633,0.8853286504745483,0.8904078006744385,0.8665907382965088,0.9078564047813416,0.8728070855140686
gpt2,past_to_future,formalization,False,0.9098897576332092,0.9666147828102112,0.9712280035018921,0.9330929517745972,0.9670887589454651,0.9593402147293091
gpt2,past_to_future,question,False,0.09587140381336212,0.26869556307792664,0.31120747327804565,0.23392796516418457,0.34595608711242676,0.35347864031791687
gpt2,certainty_to_uncertainty,formalization,False,0.8672606945037842,0.9528446197509766,0.9567384719848633,0.9031919240951538,0.9433274269104004,0.9404767751693726
gpt2,certainty_to_uncertainty,certainty_to_uncertainty,True,0.9223574995994568,0.9797373414039612,0.9609380960464478,0.9563906788825989,0.9676990509033203,0.9429643154144287
gpt2,certainty_to_uncertainty,formalization,False,0.8584367036819458,0.915852427482605,0.9506237506866455,0.8084086179733276,0.8866897821426392,0.9190083742141724
gpt2,certainty_to_uncertainty,formalization,False,0.8729365468025208,0.9382840394973755,0.9645824432373047,0.8413364887237549,0.9137061834335327,0.9464549422264099
gpt2,certainty_to_uncertainty,certainty_to_uncertainty,True,0.9554538130760193,0.9714233875274658,0.943320631980896,0.9618639945983887,0.9489560723304749,0.9160528182983398
gpt2,active_to_passive,active_to_passive,True,0.678980827331543,0.4717150926589966,0.5124460458755493,0.4493163228034973,0.4069853127002716,0.42090123891830444
gpt2,active_to_passive,active_to_passive,True,0.6914993524551392,0.5263210535049438,0.5758479833602905,0.48924490809440613,0.46488291025161743,0.4919971525669098
gpt2,active_to_passive,active_to_passive,True,0.42765331268310547,0.1848086714744568,0.23695501685142517,0.13054725527763367,0.11164838075637817,0.13192981481552124
gpt2,active_to_passive,active_to_passive,True,0.8068647384643555,0.6342707276344299,0.6619141101837158,0.6047185063362122,0.5771493911743164,0.5713752508163452
gpt2,active_to_passive,active_to_passive,True,0.8230281472206116,0.6452377438545227,0.6620160937309265,0.6452982425689697,0.589894711971283,0.5764142274856567
gpt2,formalization,formalization,True,0.8490864634513855,0.9072174429893494,0.9471069574356079,0.7930123805999756,0.8784074187278748,0.9092541337013245
gpt2,formalization,active_to_passive,False,0.9588942527770996,0.9371826648712158,0.9346327781677246,0.9210758805274963,0.9037206768989563,0.8956992626190186
gpt2,formalization,formalization,True,0.8886635303497314,0.937548041343689,0.964237630367279,0.8589657545089722,0.9156414270401001,0.9319390058517456
gpt2,formalization,formalization,True,0.7467665076255798,0.7898415923118591,0.8546319007873535,0.6898330450057983,0.7696161866188049,0.8141811490058899
gpt2,formalization,formalization,True,-0.23233464360237122,-0.1481260061264038,-0.016869693994522095,-0.2907225489616394,-0.15965472161769867,-0.018474124372005463
gpt2,negation,negation,True,0.9221701622009277,0.9709458351135254,0.9321218729019165,0.9905419945716858,0.969876229763031,0.9288128614425659
gpt2,negation,negation,True,0.9400752782821655,0.9664093255996704,0.927988588809967,0.9747613668441772,0.952087938785553,0.9102537035942078
gpt2,negation,negation,True,0.9161182641983032,0.9638904929161072,0.9258612394332886,0.9905260801315308,0.9645535349845886,0.9240767955780029
gpt2,negation,negation,True,0.9141679406166077,0.9681116342544556,0.9307755827903748,0.9909898042678833,0.970123827457428,0.9267643690109253
gpt2,negation,negation,True,0.920206606388092,0.9718008637428284,0.9332075715065002,0.98670893907547,0.9716814756393433,0.9244078397750854
gpt2,question,certainty_to_uncertainty,False,0.9057564735412598,0.9770549535751343,0.9539542198181152,0.9580063819885254,0.9730052351951599,0.9663345813751221
gpt2,question,certainty_to_uncertainty,False,0.9174313545227051,0.9885367155075073,0.9849132299423218,0.9391365647315979,0.9763632416725159,0.9835284948348999
gpt2,question,certainty_to_uncertainty,False,0.9005333185195923,0.9856031537055969,0.9699698090553284,0.9439693093299866,0.9807416796684265,0.9757171869277954
gpt2,question,formalization,False,0.9045028686523438,0.9737446904182434,0.9837936162948608,0.8977807760238647,0.9552570581436157,0.9732143878936768
gpt2,question,certainty_to_uncertainty,False,0.9311074614524841,0.9893070459365845,0.9823690056800842,0.9549026489257812,0.9795755743980408,0.9790666699409485
gpt2,past_to_future,certainty_to_uncertainty,False,0.9245375394821167,0.980166494846344,0.9472025632858276,0.966355562210083,0.9779037237167358,0.936330258846283
gpt2,past_to_future,certainty_to_uncertainty,False,0.9372490048408508,0.9854532480239868,0.9615765810012817,0.9498122930526733,0.9771682024002075,0.9463863372802734
gpt2,past_to_future,past_to_future,True,0.9195114374160767,0.9827346205711365,0.9564031958580017,0.9653130769729614,0.9889346957206726,0.9469204545021057
gpt2,past_to_future,certainty_to_uncertainty,False,0.9313597083091736,0.9874274134635925,0.9743590354919434,0.9436652660369873,0.9821089506149292,0.9559264183044434
gpt2,past_to_future,past_to_future,True,0.863116443157196,0.9618284106254578,0.9351288080215454,0.9400861263275146,0.9797455072402954,0.9386554956436157
gpt2,certainty_to_uncertainty,certainty_to_uncertainty,True,0.9268976449966431,0.9930082559585571,0.977901041507721,0.9557443857192993,0.9861605763435364,0.9629766941070557
gpt2,certainty_to_uncertainty,certainty_to_uncertainty,True,0.9353383779525757,0.9883102178573608,0.9630427360534668,0.9643394947052002,0.9809999465942383,0.9465406537055969
gpt2,certainty_to_uncertainty,certainty_to_uncertainty,True,0.9309288859367371,0.9832190871238708,0.9821942448616028,0.9133505821228027,0.9627989530563354,0.9570561051368713
gpt2,certainty_to_uncertainty,certainty_to_uncertainty,True,0.9419897198677063,0.9902600646018982,0.974926233291626,0.9428513050079346,0.9722334146499634,0.958098292350769
gpt2,certainty_to_uncertainty,certainty_to_uncertainty,True,0.9398213624954224,0.9832119941711426,0.9497048258781433,0.9723240733146667,0.9715433716773987,0.934903085231781
gpt2,active_to_passive,active_to_passive,True,0.9080010652542114,0.8067500591278076,0.8117032051086426,0.779395341873169,0.7711779475212097,0.7492315769195557
gpt2,active_to_passive,active_to_passive,True,0.9673298597335815,0.9518528580665588,0.9401366710662842,0.9232699871063232,0.9289477467536926,0.9073062539100647
gpt2,active_to_passive,active_to_passive,True,0.9282318353652954,0.8797941207885742,0.8821581602096558,0.8284966945648193,0.8452051877975464,0.8297697901725769
gpt2,active_to_passive,active_to_passive,True,0.9631077647209167,0.9384257793426514,0.9290797114372253,0.8991943597793579,0.911825954914093,0.886692464351654
gpt2,active_to_passive,active_to_passive,True,0.9659010767936707,0.9175386428833008,0.9015910625457764,0.9030797481536865,0.8908445239067078,0.8585656881332397
gpt2,formalization,certainty_to_uncertainty,False,0.9298480749130249,0.9820219278335571,0.9801609516143799,0.9126991629600525,0.9624134302139282,0.9523950219154358
gpt2,formalization,active_to_passive,False,0.9662567377090454,0.9647568464279175,0.9414419531822205,0.9544656276702881,0.9406520128250122,0.9121541380882263
gpt2,formalization,certainty_to_uncertainty,False,0.9311516284942627,0.9779475331306458,0.976661741733551,0.9193328619003296,0.9606621861457825,0.9498381614685059
gpt2,formalization,formalization,True,0.931668758392334,0.9814870357513428,0.9841110110282898,0.9268448352813721,0.9674793481826782,0.9585529565811157
gpt2,formalization,formalization,True,0.8702695965766907,0.944530725479126,0.9720560312271118,0.8459099531173706,0.9234603643417358,0.9480393528938293
gpt2,negation,negation,True,0.9110716581344604,0.9630408883094788,0.92864990234375,0.9951051473617554,0.9674544930458069,0.9353634715080261
gpt2,negation,negation,True,0.9186252951622009,0.9491904973983765,0.9082213640213013,0.9871193766593933,0.942935585975647,0.9055169820785522
gpt2,negation,negation,True,0.8227232098579407,0.875311017036438,0.8418260812759399,0.9557539224624634,0.8944357633590698,0.869243860244751
gpt2,negation,negation,True,0.8706453442573547,0.9267059564590454,0.8889436721801758,0.9842807054519653,0.9416648745536804,0.9036781787872314
gpt2,negation,negation,True,0.8864895105361938,0.952008068561554,0.9133152365684509,0.9935570955276489,0.9639607071876526,0.9227720499038696
gpt2,question,question,True,0.8770747780799866,0.9524651169776917,0.9287184476852417,0.9536612033843994,0.9579777717590332,0.96048504114151
gpt2,question,question,True,0.9019625186920166,0.9703388810157776,0.9679007530212402,0.9433507919311523,0.9643521904945374,0.9817951917648315
gpt2,question,past_to_future,False,0.8932576179504395,0.9793990254402161,0.9612799882888794,0.9587768912315369,0.9813668131828308,0.9810454249382019
gpt2,question,question,True,0.8763224482536316,0.958744466304779,0.9774798154830933,0.8972415924072266,0.9495482444763184,0.9892775416374207
gpt2,question,question,True,0.9008617401123047,0.9697911739349365,0.9673690795898438,0.9545361399650574,0.9704498052597046,0.9843429327011108
gpt2,past_to_future,negation,False,0.8954492807388306,0.9680452346801758,0.9310172200202942,0.9841514825820923,0.979710578918457,0.939379096031189
gpt2,past_to_future,past_to_future,True,0.9250584840774536,0.9792076349258423,0.9525576829910278,0.9719334840774536,0.981414794921875,0.9556819200515747
gpt2,past_to_future,past_to_future,True,0.8994063138961792,0.9663206338882446,0.9405066967010498,0.9705833196640015,0.983218789100647,0.9430643320083618
gpt2,past_to_future,certainty_to_uncertainty,False,0.9344545602798462,0.9927076101303101,0.979493260383606,0.9681490659713745,0.9923558235168457,0.9717816114425659
gpt2,past_to_future,past_to_future,True,0.7609254121780396,0.889209508895874,0.8554553985595703,0.9197096824645996,0.9304779171943665,0.8946899771690369
gpt2,certainty_to_uncertainty,certainty_to_uncertainty,True,0.9264857769012451,0.9943710565567017,0.9764528274536133,0.9763935804367065,0.9917999505996704,0.972724974155426
gpt2,certainty_to_uncertainty,certainty_to_uncertainty,True,0.9391918182373047,0.99073725938797,0.96241295337677,0.9828324317932129,0.9849544763565063,0.9542073607444763
gpt2,certainty_to_uncertainty,formalization,False,0.927451491355896,0.9878754615783691,0.9878900647163391,0.9426379203796387,0.9755204319953918,0.980268120765686
gpt2,certainty_to_uncertainty,certainty_to_uncertainty,True,0.9306738972663879,0.9856573343276978,0.9726369976997375,0.9578210115432739,0.9760200381278992,0.972879946231842
gpt2,certainty_to_uncertainty,negation,False,0.9443631172180176,0.9793412685394287,0.9448258280754089,0.981187105178833,0.9680230617523193,0.9328551292419434
gpt2,active_to_passive,active_to_passive,True,0.9244382977485657,0.8061363697052002,0.775646448135376,0.8468668460845947,0.7873228788375854,0.7361527681350708
gpt2,active_to_passive,active_to_passive,True,0.9542645812034607,0.8912787437438965,0.8646414279937744,0.9187715649604797,0.875210702419281,0.8386355638504028
gpt2,active_to_passive,active_to_passive,True,0.9471393823623657,0.8449556231498718,0.8128219246864319,0.8728688955307007,0.8209269642829895,0.7725080251693726
gpt2,active_to_passive,active_to_passive,True,0.9658836126327515,0.9048672914505005,0.8763444423675537,0.918156087398529,0.8885015249252319,0.8424420952796936
gpt2,active_to_passive,active_to_passive,True,0.957367479801178,0.886075496673584,0.8526250720024109,0.9101030826568604,0.8688880801200867,0.817280113697052
gpt2,formalization,formalization,True,0.933138370513916,0.9877160787582397,0.9883719086647034,0.9379496574401855,0.9743961095809937,0.9730162024497986
gpt2,formalization,negation,False,0.9527789354324341,0.9456616640090942,0.9188286066055298,0.9649937748908997,0.9298779964447021,0.9023208618164062
gpt2,formalization,formalization,True,0.9435780048370361,0.9877452850341797,0.9882449507713318,0.947351336479187,0.9754587411880493,0.9697884321212769
gpt2,formalization,formalization,True,0.9314090013504028,0.979183554649353,0.986723005771637,0.948660135269165,0.9731477499008179,0.974475622177124
gpt2,formalization,question,False,0.803585410118103,0.8873642683029175,0.9270500540733337,0.8257789015769958,0.8803526759147644,0.9324759840965271
gpt2,negation,negation,True,0.9084714651107788,0.9432065486907959,0.9125124216079712,0.9888708591461182,0.9450486302375793,0.9112648963928223
gpt2,negation,negation,True,0.9223517179489136,0.8969162702560425,0.8505820035934448,0.9495320916175842,0.8769276142120361,0.8227827548980713
gpt2,negation,negation,True,0.2344893366098404,0.28255587816238403,0.2955562174320221,0.42932599782943726,0.3311712145805359,0.34385615587234497
gpt2,negation,negation,True,0.7243437767028809,0.7525184750556946,0.7397485971450806,0.8350697755813599,0.7697839736938477,0.7372221946716309
gpt2,negation,negation,True,0.776383638381958,0.8533795475959778,0.818109393119812,0.9333128929138184,0.8793925046920776,0.8336578607559204
gpt2,question,question,True,0.36609306931495667,0.5336114168167114,0.5447101593017578,0.5525164604187012,0.5772455930709839,0.665062427520752
gpt2,question,question,True,0.5188269019126892,0.6635718941688538,0.7226594090461731,0.5845001339912415,0.6651718616485596,0.7724026441574097
gpt2,question,question,True,0.6914267539978027,0.8566635847091675,0.861343502998352,0.8088884949684143,0.8757041692733765,0.9198203086853027
gpt2,question,question,True,0.11409161984920502,0.2523028254508972,0.3591201901435852,0.11263307929039001,0.24829475581645966,0.3981330096721649
gpt2,question,question,True,0.7414906620979309,0.8577373027801514,0.8930901288986206,0.8176132440567017,0.8664839267730713,0.9319610595703125
gpt2,past_to_future,past_to_future,True,0.8881931304931641,0.9690210819244385,0.9524495601654053,0.9569458961486816,0.9845054745674133,0.9561377763748169
gpt2,past_to_future,question,False,0.8744215965270996,0.9611198306083679,0.9611119031906128,0.9137382507324219,0.9714826941490173,0.9728713631629944
gpt2,past_to_future,question,False,0.27780017256736755,0.4451727867126465,0.47090303897857666,0.45299816131591797,0.5170882940292358,0.5220627188682556
gpt2,past_to_future,formalization,False,0.8733859658241272,0.9486868977546692,0.9613495469093323,0.8960762023925781,0.9531401991844177,0.9532700181007385
gpt2,past_to_future,question,False,-0.5762405395507812,-0.38159000873565674,-0.34832078218460083,-0.3677513301372528,-0.2938660979270935,-0.25502511858940125
gpt2,certainty_to_uncertainty,certainty_to_uncertainty,True,0.8942249417304993,0.9795853495597839,0.9734078645706177,0.94820237159729,0.9783825874328613,0.9689522981643677
gpt2,certainty_to_uncertainty,certainty_to_uncertainty,True,0.9087648987770081,0.9806419014930725,0.9521008729934692,0.9768823385238647,0.9784800410270691,0.9476823806762695
gpt2,certainty_to_uncertainty,question,False,0.6965272426605225,0.8269708752632141,0.8757962584495544,0.7098943591117859,0.816507875919342,0.8768755793571472
gpt2,certainty_to_uncertainty,question,False,0.8227490782737732,0.9325806498527527,0.949338972568512,0.8521112203598022,0.9225597977638245,0.9573768973350525
gpt2,certainty_to_uncertainty,negation,False,0.9467504024505615,0.973229706287384,0.9377934336662292,0.9780635833740234,0.958499550819397,0.9214215278625488
gpt2,active_to_passive,formalization,False,0.39812538027763367,0.32115036249160767,0.404682457447052,0.17821411788463593,0.28097593784332275,0.33050626516342163
gpt2,active_to_passive,formalization,False,0.356292724609375,0.3312879800796509,0.427228182554245,0.17838476598262787,0.2952890992164612,0.37223929166793823
gpt2,active_to_passive,active_to_passive,True,0.8256753087043762,0.7682379484176636,0.7904632091522217,0.6639118790626526,0.7247271537780762,0.721714198589325
gpt2,active_to_passive,active_to_passive,True,0.7031406164169312,0.6260664463043213,0.6816906929016113,0.5113337635993958,0.5866473317146301,0.609542727470398
gpt2,active_to_passive,active_to_passive,True,0.7590395212173462,0.6726263761520386,0.7148023843765259,0.5879890322685242,0.633234441280365,0.64283686876297
gpt2,formalization,formalization,True,0.7516484260559082,0.8639775514602661,0.9109246730804443,0.7373555898666382,0.8488311767578125,0.8923444747924805
gpt2,formalization,negation,False,0.905742883682251,0.9192737340927124,0.9149336218833923,0.9265302419662476,0.8990671634674072,0.9029392004013062
gpt2,formalization,formalization,True,0.8347440361976624,0.9260408878326416,0.9601039886474609,0.8402068018913269,0.91559898853302,0.9443353414535522
gpt2,formalization,formalization,True,0.577323317527771,0.6957015991210938,0.7712173461914062,0.5992444157600403,0.6995854377746582,0.7644561529159546
gpt2,formalization,question,False,-0.355962336063385,-0.22386877238750458,-0.11137950420379639,-0.33797988295555115,-0.21537284553050995,-0.08150060474872589
gpt2,negation,negation,True,0.9227560758590698,0.9755491018295288,0.9407663345336914,0.9902142286300659,0.974838376045227,0.942308783531189
gpt2,negation,negation,True,0.9447404146194458,0.9647910594940186,0.9270890951156616,0.9788250923156738,0.950275182723999,0.9116986989974976
gpt2,negation,negation,True,0.909299373626709,0.9668655395507812,0.9323329925537109,0.9855485558509827,0.9688243865966797,0.9388253688812256
gpt2,negation,negation,True,0.9409536123275757,0.9710092544555664,0.9322630167007446,0.9862043857574463,0.9656162858009338,0.9220572113990784
gpt2,negation,negation,True,0.9246714115142822,0.9799039363861084,0.946527898311615,0.9906537532806396,0.9797196388244629,0.9431546926498413
gpt2,question,question,True,0.9034813046455383,0.9807167053222656,0.9686037302017212,0.9513356685638428,0.9781631231307983,0.9833490252494812
gpt2,question,certainty_to_uncertainty,False,0.9306448698043823,0.9891435503959656,0.984340488910675,0.9429676532745361,0.97547847032547,0.9791558980941772
gpt2,question,certainty_to_uncertainty,False,0.9042458534240723,0.9879081845283508,0.9747451543807983,0.9500116109848022,0.9841839075088501,0.9841198325157166
gpt2,question,formalization,False,0.9217482209205627,0.9838042259216309,0.9903044700622559,0.9140644073486328,0.9661456346511841,0.9798556566238403
gpt2,question,certainty_to_uncertainty,False,0.9356259107589722,0.9911313056945801,0.9804507493972778,0.9621108770370483,0.9823265075683594,0.9782212376594543
gpt2,past_to_future,past_to_future,True,0.8968849778175354,0.9830755591392517,0.9559862017631531,0.9652528762817383,0.9884873032569885,0.9610704183578491
gpt2,past_to_future,certainty_to_uncertainty,False,0.9250109195709229,0.987038254737854,0.9631809592247009,0.9590796232223511,0.983132004737854,0.959945559501648
gpt2,past_to_future,past_to_future,True,0.9121023416519165,0.9870548248291016,0.9619128108024597,0.9717326164245605,0.9918155074119568,0.9633035659790039
gpt2,past_to_future,certainty_to_uncertainty,False,0.9317871332168579,0.9941065311431885,0.9797035455703735,0.9541537761688232,0.9888584017753601,0.96832275390625
gpt2,past_to_future,past_to_future,True,0.8669751882553101,0.9685333371162415,0.9398382902145386,0.9602019190788269,0.985490083694458,0.9549961686134338
gpt2,certainty_to_uncertainty,certainty_to_uncertainty,True,0.9316956996917725,0.9945049285888672,0.9729419350624084,0.9707839488983154,0.9890199899673462,0.9664080142974854
gpt2,certainty_to_uncertainty,certainty_to_uncertainty,True,0.9278699159622192,0.993577241897583,0.9685207605361938,0.9737634658813477,0.9894247055053711,0.9627366065979004
gpt2,certainty_to_uncertainty,certainty_to_uncertainty,True,0.9436560869216919,0.9912077188491821,0.9831596612930298,0.9375075101852417,0.9728250503540039,0.9625760912895203
gpt2,certainty_to_uncertainty,certainty_to_uncertainty,True,0.948082685470581,0.9912826418876648,0.9743818044662476,0.9509302377700806,0.9741126894950867,0.9586235284805298
gpt2,certainty_to_uncertainty,certainty_to_uncertainty,True,0.947993278503418,0.9824823141098022,0.9496252536773682,0.9755181074142456,0.9700819849967957,0.9340860247612
gpt2,active_to_passive,active_to_passive,True,0.955439567565918,0.9350249171257019,0.9032951593399048,0.9476990103721619,0.9185593128204346,0.8821827173233032
gpt2,active_to_passive,active_to_passive,True,0.9576880931854248,0.9457583427429199,0.9174603223800659,0.944028377532959,0.9258906841278076,0.8933340311050415
gpt2,active_to_passive,active_to_passive,True,0.969478964805603,0.9366559982299805,0.9052409529685974,0.9245219230651855,0.9118067026138306,0.8698115944862366
gpt2,active_to_passive,active_to_passive,True,0.968466579914093,0.9649184942245483,0.9347773790359497,0.956169068813324,0.946479320526123,0.9097461104393005
gpt2,active_to_passive,active_to_passive,True,0.9632538557052612,0.9522293210029602,0.9179261922836304,0.9600678086280823,0.9356603026390076,0.896587610244751
gpt2,formalization,certainty_to_uncertainty,False,0.942616879940033,0.9891775846481323,0.9816068410873413,0.9355525970458984,0.9710870385169983,0.9582375884056091
gpt2,formalization,certainty_to_uncertainty,False,0.9651437997817993,0.9685194492340088,0.9433144330978394,0.9590401649475098,0.9469423294067383,0.9180957674980164
gpt2,formalization,certainty_to_uncertainty,False,0.9479353427886963,0.9906780123710632,0.9838258028030396,0.9449005126953125,0.9745144844055176,0.9607229232788086
gpt2,formalization,certainty_to_uncertainty,False,0.9470512866973877,0.9915075302124023,0.9884488582611084,0.9482297897338867,0.978258490562439,0.9660437703132629
gpt2,formalization,formalization,True,0.8978613615036011,0.9620269536972046,0.9805613160133362,0.8872162103652954,0.9436951279640198,0.9628564119338989
gpt2,negation,negation,True,0.8364111185073853,0.8803902864456177,0.8410294055938721,0.956971287727356,0.8954373598098755,0.8630704283714294
gpt2,negation,negation,True,0.8905007839202881,0.9119514226913452,0.861272931098938,0.9652248620986938,0.9035425186157227,0.855158805847168
gpt2,negation,negation,True,-0.5992957353591919,-0.6314980387687683,-0.6013417840003967,-0.49823957681655884,-0.5864113569259644,-0.554715633392334
gpt2,negation,negation,True,0.01710718870162964,-0.07417377829551697,-0.10865804553031921,0.09018421173095703,-0.04614707827568054,-0.095100998878479
gpt2,negation,negation,True,0.30416202545166016,0.43005284667015076,0.38945966958999634,0.5672774314880371,0.504813551902771,0.458116739988327
gpt2,question,question,True,0.3439547121524811,0.5525921583175659,0.5672067403793335,0.5592669248580933,0.602774977684021,0.6848852634429932
gpt2,question,question,True,0.8194463849067688,0.9356376528739929,0.9424914121627808,0.8792737722396851,0.9297139644622803,0.9645216464996338
gpt2,question,question,True,0.7833290100097656,0.9312795400619507,0.9223798513412476,0.8887549638748169,0.9415664672851562,0.9613410234451294
gpt2,question,question,True,0.7302889227867126,0.8704922199249268,0.9045902490615845,0.7759740352630615,0.8631742000579834,0.9293749332427979
gpt2,question,question,True,0.8654607534408569,0.9622319936752319,0.9711331129074097,0.9199630618095398,0.9605157375335693,0.9899460673332214
gpt2,past_to_future,active_to_passive,False,-0.7066172957420349,-0.7579294443130493,-0.7143638134002686,-0.7375352382659912,-0.7223514318466187,-0.7245489358901978
gpt2,past_to_future,question,False,-0.6916273832321167,-0.630423367023468,-0.5617769956588745,-0.6991531252861023,-0.5763320922851562,-0.5245867967605591
gpt2,past_to_future,past_to_future,True,-0.06030167639255524,0.1182049810886383,0.09287521243095398,0.18320345878601074,0.2137896716594696,0.1781793087720871
gpt2,past_to_future,past_to_future,True,0.8499652743339539,0.9277631044387817,0.9357479214668274,0.8714187145233154,0.9381741881370544,0.9286885857582092
gpt2,past_to_future,question,False,0.30235418677330017,0.5516387820243835,0.5533769726753235,0.5364518165588379,0.6235973834991455,0.6405264735221863
gpt2,certainty_to_uncertainty,question,False,-0.5003979206085205,-0.3532349765300751,-0.32178795337677,-0.32574790716171265,-0.28136804699897766,-0.2557147145271301
gpt2,certainty_to_uncertainty,certainty_to_uncertainty,True,0.9094212055206299,0.9883160591125488,0.9625692367553711,0.9701776504516602,0.9841768145561218,0.9609992504119873
gpt2,certainty_to_uncertainty,formalization,False,0.8752051591873169,0.9741265773773193,0.9778975248336792,0.9039279818534851,0.9606404304504395,0.9742569923400879
gpt2,certainty_to_uncertainty,certainty_to_uncertainty,True,0.8939860463142395,0.9810935258865356,0.9718950390815735,0.9254217147827148,0.9678935408592224,0.9716429710388184
gpt2,certainty_to_uncertainty,certainty_to_uncertainty,True,0.9396460652351379,0.9785020351409912,0.9445140361785889,0.9752119183540344,0.9642918109893799,0.9319498538970947
gpt2,active_to_passive,active_to_passive,True,0.7116546630859375,0.6614618301391602,0.6409709453582764,0.6843698024749756,0.6321132183074951,0.6149508357048035
gpt2,active_to_passive,negation,False,0.7562292218208313,0.7578720450401306,0.7392454147338867,0.7677208781242371,0.733840823173523,0.7291616201400757
gpt2,active_to_passive,active_to_passive,True,0.9136763215065002,0.8960763216018677,0.8725765943527222,0.8600552082061768,0.8612087965011597,0.8348309993743896
gpt2,active_to_passive,active_to_passive,True,0.892831027507782,0.8529436588287354,0.8268628120422363,0.8494497537612915,0.8271891474723816,0.7863633632659912
gpt2,active_to_passive,active_to_passive,True,0.8443176746368408,0.7809257507324219,0.7404650449752808,0.8142327666282654,0.7546169757843018,0.7041215300559998
gpt2,formalization,formalization,True,0.8769857883453369,0.9718070030212402,0.9759269952774048,0.8966076374053955,0.957148015499115,0.9651777148246765
gpt2,formalization,certainty_to_uncertainty,False,0.9250825047492981,0.9684724807739258,0.9494904279708862,0.9551465511322021,0.9519777297973633,0.9404754638671875
gpt2,formalization,formalization,True,0.8982676267623901,0.9698219299316406,0.9815354943275452,0.9046341180801392,0.954807698726654,0.9640695452690125
gpt2,formalization,formalization,True,0.8564518690109253,0.9574741721153259,0.9741361737251282,0.8905608654022217,0.9512203931808472,0.9674003720283508
gpt2,formalization,question,False,0.6287426352500916,0.7885457277297974,0.8313688039779663,0.6859983801841736,0.7819581031799316,0.8483439087867737
gpt2,negation,negation,True,0.9335041642189026,0.9706772565841675,0.9406797885894775,0.9948883056640625,0.9694750905036926,0.9380922317504883
gpt2,negation,negation,True,0.9471559524536133,0.9623188972473145,0.9260779619216919,0.9824569821357727,0.9486702680587769,0.90958571434021
gpt2,negation,negation,True,0.9322868585586548,0.9605683088302612,0.9340735673904419,0.9912101030349731,0.959281325340271,0.9292651414871216
gpt2,negation,negation,True,0.9352246522903442,0.9648014307022095,0.9340189695358276,0.9924013614654541,0.9643605351448059,0.9261487722396851
gpt2,negation,negation,True,0.9206019043922424,0.9749487638473511,0.9449219107627869,0.9898275136947632,0.9777401089668274,0.9383479356765747
gpt2,question,question,True,0.8986995220184326,0.966438889503479,0.9545502066612244,0.9556522369384766,0.96613609790802,0.9765154719352722
gpt2,question,question,True,0.8874496221542358,0.9576416015625,0.968199610710144,0.9187024831771851,0.9470693469047546,0.9774702787399292
gpt2,question,question,True,0.8939018249511719,0.9836380481719971,0.9724205732345581,0.9564669728279114,0.9836941957473755,0.9891802072525024
gpt2,question,question,True,0.8471168875694275,0.9260469675064087,0.9614862203598022,0.8459988832473755,0.9095126390457153,0.9644294381141663
gpt2,question,question,True,0.9009472131729126,0.9672058820724487,0.972417950630188,0.9460527896881104,0.9640782475471497,0.9849956035614014
gpt2,past_to_future,past_to_future,True,0.8872852325439453,0.9723459482192993,0.9469632506370544,0.964733362197876,0.9877548217773438,0.9459882974624634
gpt2,past_to_future,certainty_to_uncertainty,False,0.9446669816970825,0.9894644618034363,0.9713528752326965,0.9610939025878906,0.9860029220581055,0.961146891117096
gpt2,past_to_future,past_to_future,True,0.9163671731948853,0.9596491456031799,0.9381506443023682,0.96161949634552,0.9725953936576843,0.9300518035888672
gpt2,past_to_future,certainty_to_uncertainty,False,0.952363133430481,0.9927773475646973,0.9817612171173096,0.9631235599517822,0.9868507385253906,0.9649198055267334
gpt2,past_to_future,past_to_future,True,0.6035363674163818,0.7667465209960938,0.7651684284210205,0.7652332782745361,0.8278078436851501,0.8082095384597778
gpt2,certainty_to_uncertainty,certainty_to_uncertainty,True,0.945209801197052,0.9947515726089478,0.9816258549690247,0.9700376987457275,0.9851122498512268,0.9651921987533569
gpt2,certainty_to_uncertainty,certainty_to_uncertainty,True,0.949225664138794,0.9931850433349609,0.9704697132110596,0.9769913554191589,0.9827394485473633,0.9538747072219849
gpt2,certainty_to_uncertainty,formalization,False,0.9154621958732605,0.9809656143188477,0.9886229038238525,0.9236283302307129,0.9652841687202454,0.9778308868408203
gpt2,certainty_to_uncertainty,certainty_to_uncertainty,True,0.93034827709198,0.9883344173431396,0.9844666719436646,0.9451204538345337,0.9733974933624268,0.9785472750663757
gpt2,certainty_to_uncertainty,certainty_to_uncertainty,True,0.9605625867843628,0.9771931171417236,0.9457334280014038,0.9751138687133789,0.9599249362945557,0.9241347312927246
gpt2,active_to_passive,active_to_passive,True,0.9245150685310364,0.8917442560195923,0.8997730612754822,0.8726863861083984,0.8722927570343018,0.8783919811248779
gpt2,active_to_passive,formalization,False,0.9104451537132263,0.9537448287010193,0.9587552547454834,0.9124366641044617,0.9411507844924927,0.9561338424682617
gpt2,active_to_passive,formalization,False,0.9585428237915039,0.9637914896011353,0.9654620885848999,0.9163494110107422,0.9382690787315369,0.9399936199188232
gpt2,active_to_passive,certainty_to_uncertainty,False,0.9536796808242798,0.9720211625099182,0.9702091813087463,0.9306823015213013,0.9551873207092285,0.9521617889404297
gpt2,active_to_passive,active_to_passive,True,0.9611968994140625,0.9570721387863159,0.9440454840660095,0.9445927739143372,0.9411126375198364,0.9255101084709167
gpt2,formalization,formalization,True,0.9194209575653076,0.9820151329040527,0.9917851090431213,0.9188202023506165,0.9654144048690796,0.9744800329208374
gpt2,formalization,negation,False,0.9549517631530762,0.9613072872161865,0.9462804794311523,0.9624525308609009,0.9417064189910889,0.9295580387115479
gpt2,formalization,formalization,True,0.9384467601776123,0.986792802810669,0.9936095476150513,0.9378125667572021,0.9712240099906921,0.9730421900749207
gpt2,formalization,formalization,True,0.9162129163742065,0.9685239791870117,0.9887840747833252,0.918297290802002,0.9565525054931641,0.9699868559837341
gpt2,formalization,formalization,True,0.7115252017974854,0.8048936128616333,0.8663922548294067,0.7158911228179932,0.7906126976013184,0.8655306100845337
gpt2,negation,negation,True,0.9243625402450562,0.9759876728057861,0.9492220878601074,0.9903527498245239,0.9775229096412659,0.9520595669746399
gpt2,negation,negation,True,0.9463052153587341,0.9613615274429321,0.9315320253372192,0.977330207824707,0.9460338354110718,0.9152974486351013
gpt2,negation,negation,True,0.8492617011070251,0.9016005396842957,0.8889722228050232,0.9463340044021606,0.9150482416152954,0.9036428928375244
gpt2,negation,negation,True,0.9182640910148621,0.9662867784500122,0.9461719393730164,0.9840449094772339,0.9711538553237915,0.9435180425643921
gpt2,negation,negation,True,0.8885260224342346,0.9626811146736145,0.936531662940979,0.9793407917022705,0.973030686378479,0.9398543834686279
gpt2,question,question,True,0.8872836232185364,0.9610170722007751,0.9472146034240723,0.9429062008857727,0.9628453850746155,0.97320556640625
gpt2,question,question,True,0.8668500781059265,0.9566172957420349,0.9706600308418274,0.8943678736686707,0.9490397572517395,0.9850826859474182
gpt2,question,question,True,0.8687223196029663,0.9710870981216431,0.9659140110015869,0.9230703115463257,0.9732667803764343,0.9856967926025391
gpt2,question,question,True,0.763157069683075,0.8622609376907349,0.9091362953186035,0.7432080507278442,0.8467977643013,0.9126652479171753
gpt2,question,question,True,0.8812236785888672,0.9640293121337891,0.9754869937896729,0.9169082045555115,0.963659405708313,0.9902991056442261
gpt2,past_to_future,past_to_future,True,0.9141197800636292,0.9769430160522461,0.959640383720398,0.9434001445770264,0.9794077277183533,0.9469385147094727
gpt2,past_to_future,past_to_future,True,0.907892644405365,0.9807668924331665,0.9755310416221619,0.9224646091461182,0.9825630187988281,0.9694703221321106
gpt2,past_to_future,past_to_future,True,0.9145078659057617,0.967926025390625,0.9582135081291199,0.9245433807373047,0.976524829864502,0.9418561458587646
gpt2,past_to_future,formalization,False,0.9196896553039551,0.9856351613998413,0.9859612584114075,0.9314318895339966,0.9832088947296143,0.9731274843215942
gpt2,past_to_future,past_to_future,True,0.8022940754890442,0.9052636623382568,0.9088382124900818,0.8453046083450317,0.9287840127944946,0.9104440212249756
gpt2,certainty_to_uncertainty,certainty_to_uncertainty,True,0.9181199073791504,0.99244225025177,0.9853590726852417,0.9480904340744019,0.984509289264679,0.9730696082115173
gpt2,certainty_to_uncertainty,certainty_to_uncertainty,True,0.9321867227554321,0.9944865703582764,0.976349949836731,0.9637758731842041,0.9858493804931641,0.9632986783981323
gpt2,certainty_to_uncertainty,formalization,False,0.8956284523010254,0.9725884199142456,0.9845954179763794,0.8886634707450867,0.9564483165740967,0.9699549674987793
gpt2,certainty_to_uncertainty,certainty_to_uncertainty,True,0.9082545042037964,0.9845293760299683,0.9835785627365112,0.9178252220153809,0.9715554714202881,0.9792026877403259
gpt2,certainty_to_uncertainty,certainty_to_uncertainty,True,0.9498625993728638,0.9889103174209595,0.9625920057296753,0.9709385633468628,0.9737200736999512,0.9455032348632812
gpt2,active_to_passive,active_to_passive,True,0.9758459329605103,0.9190109372138977,0.9011819958686829,0.8898100852966309,0.888802707195282,0.854013979434967
gpt2,active_to_passive,active_to_passive,True,0.971865177154541,0.9486243724822998,0.9365679621696472,0.9090137481689453,0.9209144115447998,0.8984150290489197
gpt2,active_to_passive,active_to_passive,True,0.951532244682312,0.8967121243476868,0.8786119222640991,0.8460520505905151,0.8627244234085083,0.8250088691711426
gpt2,active_to_passive,active_to_passive,True,0.9681100845336914,0.9036542177200317,0.8895856142044067,0.870756983757019,0.8737467527389526,0.8380210995674133
gpt2,active_to_passive,active_to_passive,True,0.970628023147583,0.9055802822113037,0.8823007941246033,0.8919077515602112,0.8771915435791016,0.8344679474830627
gpt2,formalization,formalization,True,0.8897814750671387,0.9698678851127625,0.9831529855728149,0.8818627595901489,0.9547975063323975,0.9655762910842896
gpt2,formalization,certainty_to_uncertainty,False,0.9608107805252075,0.9687470197677612,0.9527493715286255,0.9503970146179199,0.9475705623626709,0.929502010345459
gpt2,formalization,formalization,True,0.9138286709785461,0.971062183380127,0.982651948928833,0.8992465734481812,0.9554556608200073,0.9580053091049194
gpt2,formalization,formalization,True,0.8710648417472839,0.9465687870979309,0.9733543992042542,0.8682112693786621,0.9388933181762695,0.9553460478782654
gpt2,formalization,question,False,0.5317350625991821,0.6768542528152466,0.7572920918464661,0.5348337292671204,0.6715545654296875,0.766917884349823
gpt2,negation,negation,True,0.921201765537262,0.9754911661148071,0.9430059790611267,0.9934210777282715,0.9767781496047974,0.9450584650039673
gpt2,negation,negation,True,0.9468810558319092,0.9695389270782471,0.9352858066558838,0.9809859395027161,0.9554793238639832,0.9192421436309814
gpt2,negation,negation,True,0.9019656181335449,0.9515959024429321,0.9163895845413208,0.9897640943527222,0.9574047327041626,0.9240069389343262
gpt2,negation,negation,True,0.9388413429260254,0.9582981467247009,0.9165317416191101,0.9885987043380737,0.9544633626937866,0.9045007824897766
gpt2,negation,negation,True,0.9009287357330322,0.9645832777023315,0.9304536581039429,0.994076669216156,0.9715102910995483,0.9324499368667603
gpt2,question,question,True,0.8885142803192139,0.971314013004303,0.9576528072357178,0.9511271715164185,0.9748040437698364,0.9814725518226624
gpt2,question,question,True,0.8935568332672119,0.9683095216751099,0.9754074215888977,0.9210613965988159,0.9613927602767944,0.982170581817627
gpt2,question,question,True,0.8856674432754517,0.9810905456542969,0.9702081680297852,0.9421713352203369,0.982675313949585,0.9873397350311279
gpt2,question,formalization,False,0.8655586838722229,0.9478783011436462,0.9741427302360535,0.862866997718811,0.9354872107505798,0.9737833142280579
gpt2,question,question,True,0.9103367328643799,0.9800190925598145,0.9781871438026428,0.9513855576515198,0.9780800938606262,0.9863656163215637
gpt2,past_to_future,past_to_future,True,0.9165329933166504,0.9856349229812622,0.9574806094169617,0.9722724556922913,0.9883460402488708,0.9552319645881653
gpt2,past_to_future,certainty_to_uncertainty,False,0.9315081834793091,0.9892849922180176,0.9666648507118225,0.9680019617080688,0.986853837966919,0.9628617763519287
gpt2,past_to_future,past_to_future,True,0.91036057472229,0.9831784963607788,0.9636425971984863,0.9696981906890869,0.9938229918479919,0.9633741974830627
gpt2,past_to_future,certainty_to_uncertainty,False,0.9308587908744812,0.994392991065979,0.9851796627044678,0.9514590501785278,0.9900989532470703,0.9733235836029053
gpt2,past_to_future,past_to_future,True,0.7701242566108704,0.9092587232589722,0.8817381858825684,0.9113534092903137,0.9489426612854004,0.9142289161682129
gpt2,certainty_to_uncertainty,certainty_to_uncertainty,True,0.92413330078125,0.9949715733528137,0.9793360829353333,0.9583861827850342,0.9890891909599304,0.9700210094451904
gpt2,certainty_to_uncertainty,certainty_to_uncertainty,True,0.9177813529968262,0.9937487840652466,0.9730650186538696,0.9663577079772949,0.9908043146133423,0.9677607417106628
gpt2,certainty_to_uncertainty,formalization,False,0.9157952070236206,0.9831098914146423,0.985534131526947,0.9220165014266968,0.9701290726661682,0.9722683429718018
gpt2,certainty_to_uncertainty,certainty_to_uncertainty,True,0.9276691675186157,0.9890594482421875,0.9804500937461853,0.9450567364692688,0.9775975942611694,0.9739461541175842
gpt2,certainty_to_uncertainty,certainty_to_uncertainty,True,0.9448503255844116,0.9874979257583618,0.9576356410980225,0.9769060611724854,0.9761776924133301,0.9435904026031494
gpt2,active_to_passive,active_to_passive,True,0.9369646310806274,0.841805636882782,0.8356126546859741,0.7948222160339355,0.8050137162208557,0.7661120295524597
gpt2,active_to_passive,active_to_passive,True,0.9760688543319702,0.9280964136123657,0.9169089198112488,0.8872244358062744,0.8968420028686523,0.8648400902748108
gpt2,active_to_passive,active_to_passive,True,0.9603525400161743,0.8841509222984314,0.870734691619873,0.8441791534423828,0.8484150767326355,0.8078972101211548
gpt2,active_to_passive,active_to_passive,True,0.9630469679832458,0.9247368574142456,0.9093958139419556,0.8780724406242371,0.8948039412498474,0.8566681146621704
gpt2,active_to_passive,active_to_passive,True,0.9713279008865356,0.9181392192840576,0.8991996049880981,0.8856598138809204,0.8893858194351196,0.8459160327911377
gpt2,formalization,formalization,True,0.911361038684845,0.9792162775993347,0.9852792620658875,0.9106493592262268,0.9661697149276733,0.9668841361999512
gpt2,formalization,active_to_passive,False,0.9684964418411255,0.9633364677429199,0.9440044164657593,0.95989590883255,0.9429414868354797,0.9183876514434814
gpt2,formalization,formalization,True,0.9354125261306763,0.986528754234314,0.9908146858215332,0.9320573806762695,0.972873866558075,0.9684160947799683
gpt2,formalization,formalization,True,0.9116905927658081,0.9693084955215454,0.9851701259613037,0.9156091213226318,0.96221923828125,0.9651140570640564
gpt2,formalization,formalization,True,0.7034943699836731,0.8126739263534546,0.8703324198722839,0.7080026865005493,0.805835485458374,0.8687799572944641
gpt2,negation,negation,True,0.9234308004379272,0.9746018648147583,0.9508590698242188,0.9901334643363953,0.9755027294158936,0.9506677389144897
gpt2,negation,negation,True,0.9450459480285645,0.9656051993370056,0.9354774951934814,0.982361912727356,0.952467679977417,0.9206963777542114
gpt2,negation,negation,True,0.8652251362800598,0.9111735820770264,0.8917015194892883,0.9585391283035278,0.9235365390777588,0.9030998945236206
gpt2,negation,negation,True,0.9473530054092407,0.9526606798171997,0.9212527275085449,0.9829226732254028,0.9476890563964844,0.9048212766647339
gpt2,negation,negation,True,0.8765041828155518,0.9490673542022705,0.9269088506698608,0.9809480905532837,0.9618062973022461,0.9348965883255005
gpt2,question,question,True,0.8588917851448059,0.9323974847793579,0.9302691221237183,0.9247138500213623,0.9380983114242554,0.9666242599487305
gpt2,question,question,True,0.7856159806251526,0.8703193664550781,0.9006644487380981,0.820683479309082,0.8663684129714966,0.918033242225647
gpt2,question,question,True,0.8065185546875,0.9310197830200195,0.9388337135314941,0.8838943839073181,0.9414193630218506,0.9752799272537231
gpt2,question,question,True,0.732899010181427,0.8286257982254028,0.8856601119041443,0.7249919176101685,0.8175322413444519,0.8933425545692444
gpt2,question,question,True,0.833991289138794,0.9234924912452698,0.9410523772239685,0.8904208540916443,0.9287212491035461,0.9626740217208862
gpt2,past_to_future,past_to_future,True,0.9280141592025757,0.9848993420600891,0.9666123390197754,0.9762005805969238,0.9880013465881348,0.960294246673584
gpt2,past_to_future,certainty_to_uncertainty,False,0.9161232709884644,0.9671142101287842,0.9576327800750732,0.9492194652557373,0.9666850566864014,0.9562028646469116
gpt2,past_to_future,past_to_future,True,0.9021898508071899,0.9378515481948853,0.9396322965621948,0.919424295425415,0.9435782432556152,0.923064112663269
gpt2,past_to_future,formalization,False,0.9204725027084351,0.9758716821670532,0.9856256246566772,0.9206475019454956,0.968852162361145,0.9667258858680725
gpt2,past_to_future,past_to_future,True,0.8136754035949707,0.8965781927108765,0.8851142525672913,0.8910032510757446,0.9224047064781189,0.8948026299476624
gpt2,certainty_to_uncertainty,certainty_to_uncertainty,True,0.9194127917289734,0.9910804033279419,0.9838418364524841,0.9514651298522949,0.9845125079154968,0.9740190505981445
gpt2,certainty_to_uncertainty,certainty_to_uncertainty,True,0.9152944087982178,0.9893688559532166,0.9761093854904175,0.9627496004104614,0.9851740598678589,0.9706900119781494
gpt2,certainty_to_uncertainty,formalization,False,0.8206844329833984,0.9063222408294678,0.9349467158317566,0.8252990245819092,0.8952038288116455,0.9263826012611389
gpt2,certainty_to_uncertainty,formalization,False,0.8413083553314209,0.9201417565345764,0.9395229816436768,0.8535701632499695,0.9101550579071045,0.9379835724830627
gpt2,certainty_to_uncertainty,certainty_to_uncertainty,True,0.9521092176437378,0.9873553514480591,0.9649838209152222,0.974755048751831,0.9726684093475342,0.9477611780166626
gpt2,active_to_passive,active_to_passive,True,0.6363891363143921,0.39591753482818604,0.4000171720981598,0.4274478554725647,0.35352060198783875,0.31372132897377014
gpt2,active_to_passive,active_to_passive,True,0.7322806715965271,0.6173141598701477,0.6227718591690063,0.650566816329956,0.5967137813568115,0.5867588520050049
gpt2,active_to_passive,active_to_passive,True,0.6627951264381409,0.450411856174469,0.476955771446228,0.4348955750465393,0.4025081694126129,0.3859444856643677
gpt2,active_to_passive,active_to_passive,True,0.8744659423828125,0.7453525066375732,0.7477478981018066,0.741289496421814,0.7159825563430786,0.6844620108604431
gpt2,active_to_passive,active_to_passive,True,0.823525071144104,0.6637712717056274,0.6503362655639648,0.7093856930732727,0.6375236511230469,0.5916680097579956
gpt2,formalization,formalization,True,0.8205551505088806,0.8979476690292358,0.9357407689094543,0.7987636923789978,0.882885754108429,0.9127033948898315
gpt2,formalization,active_to_passive,False,0.9503744840621948,0.9451397061347961,0.9403623342514038,0.9346176385879517,0.9243118762969971,0.9128069877624512
gpt2,formalization,formalization,True,0.8993780016899109,0.9592028856277466,0.9846716523170471,0.8887890577316284,0.9455790519714355,0.9605911374092102
gpt2,formalization,formalization,True,0.8057143092155457,0.8730983734130859,0.921389639377594,0.801310658454895,0.8677339553833008,0.9008665084838867
gpt2,formalization,question,False,-0.01246912032365799,0.09341934323310852,0.2031138390302658,-0.01791432872414589,0.0963866338133812,0.21630512177944183
gpt2,negation,negation,True,0.8785220384597778,0.9321836233139038,0.9070973992347717,0.982671856880188,0.9438832402229309,0.9199545383453369
gpt2,negation,negation,True,0.907136082649231,0.9244285821914673,0.8870298266410828,0.9786199331283569,0.9173234701156616,0.8818439245223999
gpt2,negation,negation,True,0.44077378511428833,0.4344556927680969,0.43891653418540955,0.5836679339408875,0.4765867292881012,0.4667842388153076
gpt2,negation,negation,True,0.7859930396080017,0.8046348094940186,0.7927128076553345,0.8919064402580261,0.8251042366027832,0.7968388795852661
gpt2,negation,negation,True,0.7520734071731567,0.8330323696136475,0.8107961416244507,0.9160511493682861,0.8643358945846558,0.8326542377471924
gpt2,question,question,True,0.7331995368003845,0.8472774028778076,0.856051504611969,0.8334691524505615,0.8689398169517517,0.922288179397583
gpt2,question,question,True,0.6939852237701416,0.8050363063812256,0.8428469300270081,0.7529065608978271,0.8096074461936951,0.8814206719398499
gpt2,question,question,True,0.7883542776107788,0.9271185398101807,0.9268365502357483,0.8929082155227661,0.9435272216796875,0.9731292724609375
gpt2,question,question,True,0.5130065679550171,0.6493090391159058,0.7267120480537415,0.5405510067939758,0.6516357660293579,0.7673362493515015
gpt2,question,question,True,0.7665904760360718,0.8687726855278015,0.894741415977478,0.8435418605804443,0.8809776902198792,0.9344793558120728
gpt2,past_to_future,past_to_future,True,0.9166762828826904,0.9759922027587891,0.9475268721580505,0.979090690612793,0.9846842288970947,0.943769097328186
gpt2,past_to_future,past_to_future,True,0.9035822153091431,0.9727497696876526,0.9683072566986084,0.94908607006073,0.9811967611312866,0.9727365374565125
gpt2,past_to_future,question,False,0.7379962205886841,0.8306822776794434,0.8599956631660461,0.8101418018341064,0.8652987480163574,0.8699219822883606
gpt2,past_to_future,formalization,False,0.8894957304000854,0.9642959833145142,0.9785445332527161,0.91371750831604,0.9674286842346191,0.9714042544364929
gpt2,past_to_future,question,False,-0.25236549973487854,-0.07245327532291412,-0.036713846027851105,-0.030332207679748535,0.01969839632511139,0.05078612267971039
gpt2,certainty_to_uncertainty,certainty_to_uncertainty,True,0.9027514457702637,0.9901226758956909,0.9817687273025513,0.957038402557373,0.988765299320221,0.9809727668762207
gpt2,certainty_to_uncertainty,certainty_to_uncertainty,True,0.9101954102516174,0.991462230682373,0.9751049280166626,0.9720809459686279,0.990660548210144,0.9757217168807983
gpt2,certainty_to_uncertainty,question,False,0.7295195460319519,0.8461997509002686,0.8867186903953552,0.7623268961906433,0.8441839814186096,0.8993200659751892
gpt2,certainty_to_uncertainty,question,False,0.8018496632575989,0.9018717408180237,0.9198382496833801,0.8478611707687378,0.9000710844993591,0.9392194747924805
gpt2,certainty_to_uncertainty,certainty_to_uncertainty,True,0.9447259902954102,0.9898906350135803,0.9660807847976685,0.9794390797615051,0.9779927134513855,0.9548454880714417
gpt2,active_to_passive,question,False,-0.36890435218811035,-0.4123598337173462,-0.35138392448425293,-0.3710585832595825,-0.4006599187850952,-0.319635272026062
gpt2,active_to_passive,question,False,-0.34339332580566406,-0.3595348596572876,-0.3138252794742584,-0.3026989698410034,-0.3410143554210663,-0.2681925296783447
gpt2,active_to_passive,negation,False,0.2308465838432312,0.17184676229953766,0.19568684697151184,0.23240038752555847,0.17515799403190613,0.2199057936668396
gpt2,active_to_passive,question,False,-0.056195929646492004,-0.10157498717308044,-0.04024927318096161,-0.05486015975475311,-0.08956101536750793,-0.011586233973503113
gpt2,active_to_passive,question,False,-0.23993486166000366,-0.2694627642631531,-0.22055675089359283,-0.20438283681869507,-0.2509293556213379,-0.1778383105993271
gpt2,formalization,question,False,0.7839602828025818,0.8864129781723022,0.9204630255699158,0.8099155426025391,0.8829061388969421,0.924633264541626
gpt2,formalization,negation,False,0.8600971102714539,0.8781349658966064,0.8806479573249817,0.8947343826293945,0.8689221739768982,0.8816452026367188
gpt2,formalization,formalization,True,0.8850043416023254,0.9611542820930481,0.9853286743164062,0.9041270017623901,0.9544598460197449,0.9777575135231018
gpt2,formalization,question,False,0.676827073097229,0.7756949663162231,0.8344912528991699,0.7241904735565186,0.7865214347839355,0.846134603023529
gpt2,formalization,question,False,-0.2032332420349121,-0.0800107792019844,0.02301347814500332,-0.1563282608985901,-0.06083553284406662,0.07166949659585953
gpt2,negation,negation,True,0.9360647797584534,0.9710986018180847,0.9352337121963501,0.9888168573379517,0.9648651480674744,0.929021954536438
gpt2,negation,negation,True,0.9379111528396606,0.9508132934570312,0.9080320000648499,0.9742896556854248,0.9349817037582397,0.8917348384857178
gpt2,negation,negation,True,0.9386255145072937,0.9534778594970703,0.914732813835144,0.979995846748352,0.9452210664749146,0.9038811326026917
gpt2,negation,negation,True,0.9420925378799438,0.9577540159225464,0.9181333780288696,0.9843604564666748,0.9492813348770142,0.9027418494224548
gpt2,negation,negation,True,0.9316776990890503,0.9734705686569214,0.9372657537460327,0.9901436567306519,0.969906747341156,0.9283005595207214
gpt2,question,certainty_to_uncertainty,False,0.9223394393920898,0.9705681204795837,0.942014753818512,0.9627137184143066,0.9617341756820679,0.9496278762817383
gpt2,question,certainty_to_uncertainty,False,0.9329599142074585,0.9826418161392212,0.9733152389526367,0.9452922344207764,0.9642848968505859,0.9666250348091125
gpt2,question,certainty_to_uncertainty,False,0.9264172315597534,0.9867527484893799,0.961824893951416,0.961503267288208,0.9771201014518738,0.9618502259254456
gpt2,question,formalization,False,0.9315061569213867,0.9819795489311218,0.9842873811721802,0.9221760034561157,0.9583812355995178,0.9708753824234009
gpt2,question,certainty_to_uncertainty,False,0.9426002502441406,0.9883453249931335,0.9781314134597778,0.9646631479263306,0.9758253693580627,0.9736189842224121
gpt2,past_to_future,past_to_future,True,0.9162403345108032,0.9804243445396423,0.948354959487915,0.9670895934104919,0.9821772575378418,0.9427443146705627
gpt2,past_to_future,certainty_to_uncertainty,False,0.9353193044662476,0.9820935726165771,0.957735002040863,0.9491074085235596,0.9773287177085876,0.9437921047210693
gpt2,past_to_future,past_to_future,True,0.9311889410018921,0.9815196394920349,0.95127272605896,0.9734049439430237,0.9840031862258911,0.9415760040283203
gpt2,past_to_future,certainty_to_uncertainty,False,0.9521276950836182,0.9884467720985413,0.96719890832901,0.9597181677818298,0.9775550365447998,0.9465595483779907
gpt2,past_to_future,past_to_future,True,0.845933735370636,0.9357118010520935,0.8909728527069092,0.9535282850265503,0.9562036991119385,0.902019739151001
gpt2,certainty_to_uncertainty,certainty_to_uncertainty,True,0.9524999856948853,0.9910459518432617,0.969345211982727,0.9623614549636841,0.9766430258750916,0.948093831539154
gpt2,certainty_to_uncertainty,certainty_to_uncertainty,True,0.9520149230957031,0.9867479801177979,0.9595448970794678,0.9642413854598999,0.9729086756706238,0.9377949237823486
gpt2,certainty_to_uncertainty,certainty_to_uncertainty,True,0.9423445463180542,0.9892592430114746,0.981836199760437,0.9325636625289917,0.9686393737792969,0.9585817456245422
gpt2,certainty_to_uncertainty,certainty_to_uncertainty,True,0.942469596862793,0.9897171258926392,0.9719016551971436,0.9488614201545715,0.9716120958328247,0.9573708772659302
gpt2,certainty_to_uncertainty,certainty_to_uncertainty,True,0.9540509581565857,0.9740308523178101,0.9384280443191528,0.9692469835281372,0.9572378993034363,0.9177712798118591
gpt2,active_to_passive,active_to_passive,True,0.7631039023399353,0.5788730382919312,0.5597586035728455,0.6275756359100342,0.5398319959640503,0.4935775697231293
gpt2,active_to_passive,active_to_passive,True,0.931907594203949,0.8462204933166504,0.8321512341499329,0.8450248837471008,0.8085852861404419,0.7793323993682861
gpt2,active_to_passive,active_to_passive,True,0.9084186553955078,0.7868316769599915,0.772831380367279,0.763729453086853,0.7385828495025635,0.6986750960350037
gpt2,active_to_passive,active_to_passive,True,0.9566287994384766,0.89012610912323,0.8633315563201904,0.8856739401817322,0.8604283332824707,0.814738929271698
gpt2,active_to_passive,active_to_passive,True,0.9381146430969238,0.8514332175254822,0.817579448223114,0.8737154006958008,0.8204458951950073,0.7688231468200684
gpt2,formalization,certainty_to_uncertainty,False,0.935958981513977,0.9834097027778625,0.9788228273391724,0.9177521467208862,0.9623352885246277,0.9502777457237244
gpt2,formalization,active_to_passive,False,0.9649945497512817,0.9565150737762451,0.9306251406669617,0.95302414894104,0.9315387010574341,0.9019352793693542
gpt2,formalization,certainty_to_uncertainty,False,0.9441943168640137,0.9857711791992188,0.9810791611671448,0.9332883954048157,0.9676961302757263,0.9535028338432312
gpt2,formalization,certainty_to_uncertainty,False,0.9528080224990845,0.9870377779006958,0.9835538864135742,0.9429495334625244,0.9692823886871338,0.9530174136161804
gpt2,formalization,formalization,True,0.848582923412323,0.9284896850585938,0.9570355415344238,0.8317710757255554,0.9078781008720398,0.9363270998001099
gpt2,negation,negation,True,0.9238298535346985,0.972119927406311,0.9380537867546082,0.9939155578613281,0.9738454818725586,0.936522364616394
gpt2,negation,negation,True,0.9525057077407837,0.9617005586624146,0.927562952041626,0.9707341194152832,0.9443087577819824,0.9054387807846069
gpt2,negation,negation,True,0.9285046458244324,0.9534357786178589,0.926404595375061,0.9820643663406372,0.9528594017028809,0.9193321466445923
gpt2,negation,negation,True,0.941856861114502,0.9711484313011169,0.9375277757644653,0.9863719940185547,0.9676862955093384,0.9229265451431274
gpt2,negation,negation,True,0.914111852645874,0.9682219624519348,0.9327161312103271,0.9877117276191711,0.972588300704956,0.9263039827346802
gpt2,question,certainty_to_uncertainty,False,0.9076335430145264,0.9637799263000488,0.9442571997642517,0.931841254234314,0.9553916454315186,0.949763298034668
gpt2,question,certainty_to_uncertainty,False,0.9261174201965332,0.9880538582801819,0.985255241394043,0.9307526350021362,0.9729355573654175,0.9801250100135803
gpt2,question,certainty_to_uncertainty,False,0.9116879105567932,0.980654239654541,0.9645628929138184,0.9371006488800049,0.9722023010253906,0.9656043648719788
gpt2,question,formalization,False,0.8975347280502319,0.9660399556159973,0.9767472147941589,0.8845599293708801,0.9481062293052673,0.9682708978652954
gpt2,question,certainty_to_uncertainty,False,0.9241222143173218,0.9865652322769165,0.9815273284912109,0.944320559501648,0.9776883125305176,0.9806067943572998
gpt2,past_to_future,certainty_to_uncertainty,False,0.9292654991149902,0.9765635132789612,0.9450684189796448,0.9615081548690796,0.9727748036384583,0.9308031797409058
gpt2,past_to_future,certainty_to_uncertainty,False,0.9457240700721741,0.9810808300971985,0.9586603045463562,0.9451346397399902,0.9696246385574341,0.9407208561897278
gpt2,past_to_future,certainty_to_uncertainty,False,0.9356656670570374,0.9869613647460938,0.9680382013320923,0.9546523094177246,0.9858761429786682,0.9532182216644287
gpt2,past_to_future,certainty_to_uncertainty,False,0.9398565292358398,0.9870007038116455,0.9726788997650146,0.944498598575592,0.9784165024757385,0.9540123343467712
gpt2,past_to_future,past_to_future,True,0.8976802825927734,0.9773775339126587,0.9523723125457764,0.9537228941917419,0.9864270687103271,0.9509162306785583
gpt2,certainty_to_uncertainty,certainty_to_uncertainty,True,0.9384546875953674,0.9930069446563721,0.9734264016151428,0.9588644504547119,0.9816056489944458,0.9568277597427368
gpt2,certainty_to_uncertainty,certainty_to_uncertainty,True,0.9431835412979126,0.9874163866043091,0.9617021679878235,0.9613735675811768,0.9747402667999268,0.9430840015411377
gpt2,certainty_to_uncertainty,certainty_to_uncertainty,True,0.930850625038147,0.9839154481887817,0.982053279876709,0.9144582748413086,0.9640350341796875,0.9603874683380127
gpt2,certainty_to_uncertainty,certainty_to_uncertainty,True,0.9319498538970947,0.9862285256385803,0.976531982421875,0.9283080697059631,0.9688735008239746,0.9626163840293884
gpt2,certainty_to_uncertainty,certainty_to_uncertainty,True,0.9481363296508789,0.9798619151115417,0.9489853382110596,0.9621492624282837,0.9634415507316589,0.9287604093551636
gpt2,active_to_passive,active_to_passive,True,0.9329587817192078,0.9084836840629578,0.8964048624038696,0.8538353443145752,0.8811237812042236,0.8506641387939453
gpt2,active_to_passive,certainty_to_uncertainty,False,0.945961594581604,0.9467395544052124,0.9352185726165771,0.8918068408966064,0.9213324785232544,0.8978891968727112
gpt2,active_to_passive,active_to_passive,True,0.9228770732879639,0.901267409324646,0.8866865038871765,0.8440999984741211,0.8709208965301514,0.8410765528678894
gpt2,active_to_passive,active_to_passive,True,0.9487308263778687,0.9429535269737244,0.9307878613471985,0.8899129629135132,0.9184129238128662,0.890619695186615
gpt2,active_to_passive,active_to_passive,True,0.9477246999740601,0.9325770139694214,0.9144088625907898,0.889576256275177,0.9073802828788757,0.8733203411102295
gpt2,formalization,formalization,True,0.9255952835083008,0.9798038005828857,0.9802274703979492,0.9058464765548706,0.9602637887001038,0.9557194709777832
gpt2,formalization,certainty_to_uncertainty,False,0.9615198373794556,0.9729141592979431,0.9526844024658203,0.9516129493713379,0.9512948989868164,0.9274290800094604
gpt2,formalization,certainty_to_uncertainty,False,0.927771270275116,0.9781193733215332,0.978065013885498,0.9184613227844238,0.9616775512695312,0.9552937746047974
gpt2,formalization,formalization,True,0.9187802076339722,0.9768441915512085,0.9830148220062256,0.9130298495292664,0.9639118909835815,0.9621247053146362
gpt2,formalization,formalization,True,0.8352552652359009,0.9188358187675476,0.9557268619537354,0.8056909441947937,0.8994052410125732,0.9390667080879211
gpt2,negation,negation,True,0.7938759326934814,0.8885740041732788,0.8536510467529297,0.9556900858879089,0.9188235998153687,0.8837981820106506
gpt2,negation,negation,True,0.9332076907157898,0.9521461725234985,0.916231632232666,0.9741690158843994,0.9401639103889465,0.9008517861366272
gpt2,negation,negation,True,0.6900143027305603,0.7601794004440308,0.7558005452156067,0.8357961177825928,0.7979409098625183,0.7842792272567749
gpt2,negation,negation,True,0.8988822102546692,0.9544759392738342,0.9250173568725586,0.9793056845664978,0.9650605320930481,0.9213787913322449
gpt2,negation,negation,True,0.8258235454559326,0.9218418598175049,0.8829187154769897,0.969367504119873,0.947519063949585,0.8984407782554626
gpt2,question,question,True,0.7853214740753174,0.8916153311729431,0.8874338269233704,0.8591556549072266,0.9037774801254272,0.9329649209976196
gpt2,question,question,True,0.8482011556625366,0.9458072185516357,0.9659967422485352,0.857633650302887,0.9367914199829102,0.9743142127990723
gpt2,question,question,True,0.8372118473052979,0.9472917914390564,0.943912923336029,0.8841434717178345,0.9495018720626831,0.9635576009750366
gpt2,question,question,True,0.7413692474365234,0.8516864776611328,0.8954348564147949,0.7270835041999817,0.840364396572113,0.9015994668006897
gpt2,question,question,True,0.8717553615570068,0.9606784582138062,0.9706606268882751,0.900565505027771,0.959155797958374,0.9810839295387268
gpt2,past_to_future,past_to_future,True,0.9148475527763367,0.9760732054710388,0.943254828453064,0.9668859243392944,0.9811277389526367,0.9346382021903992
gpt2,past_to_future,certainty_to_uncertainty,False,0.9311820268630981,0.9836687445640564,0.9652213454246521,0.9413171410560608,0.979790985584259,0.9529705047607422
gpt2,past_to_future,past_to_future,True,0.8605884909629822,0.956487238407135,0.9506933689117432,0.9115811586380005,0.977410614490509,0.9500195980072021
gpt2,past_to_future,past_to_future,True,0.9115893244743347,0.9793276190757751,0.9745451807975769,0.9286354780197144,0.9803903698921204,0.9618318676948547
gpt2,past_to_future,past_to_future,True,0.7952730655670166,0.9269019961357117,0.9058712124824524,0.9060797095298767,0.9632204174995422,0.9276962280273438
gpt2,certainty_to_uncertainty,certainty_to_uncertainty,True,0.918420135974884,0.9932304620742798,0.9795791506767273,0.9527415633201599,0.9859665036201477,0.9689488410949707
gpt2,certainty_to_uncertainty,certainty_to_uncertainty,True,0.9300414323806763,0.9910573959350586,0.9670875668525696,0.9674639701843262,0.9827338457107544,0.9555313587188721
gpt2,certainty_to_uncertainty,formalization,False,0.8758529424667358,0.9619334936141968,0.973162829875946,0.8683669567108154,0.9476883411407471,0.9596471190452576
gpt2,certainty_to_uncertainty,certainty_to_uncertainty,True,0.8903005719184875,0.9750401377677917,0.9737836718559265,0.9010103940963745,0.9640140533447266,0.9701642990112305
gpt2,certainty_to_uncertainty,certainty_to_uncertainty,True,0.9428853988647461,0.9841082096099854,0.9533830881118774,0.971482515335083,0.9702425003051758,0.9382764101028442
gpt2,active_to_passive,active_to_passive,True,0.9560568332672119,0.9433671236038208,0.9328886866569519,0.894633412361145,0.9226666688919067,0.9029375314712524
gpt2,active_to_passive,certainty_to_uncertainty,False,0.943572461605072,0.9611966609954834,0.9586002826690674,0.8987100720405579,0.9433447122573853,0.9351615905761719
gpt2,active_to_passive,active_to_passive,True,0.9407467842102051,0.9286726713180542,0.914657473564148,0.8723417520523071,0.9044184684753418,0.8811280727386475
gpt2,active_to_passive,active_to_passive,True,0.9524438381195068,0.9459476470947266,0.9376463294029236,0.8929566740989685,0.9261768460273743,0.9056369066238403
gpt2,active_to_passive,active_to_passive,True,0.9578845500946045,0.9472516775131226,0.9365467429161072,0.9017788171768188,0.9270844459533691,0.9037697315216064
gpt2,formalization,formalization,True,0.8777006268501282,0.9575499892234802,0.968123197555542,0.8624525666236877,0.9427880644798279,0.9485892057418823
gpt2,formalization,certainty_to_uncertainty,False,0.9493660926818848,0.9703648090362549,0.9551895260810852,0.947128176689148,0.9523752927780151,0.9362646341323853
gpt2,formalization,formalization,True,0.9074252843856812,0.9716240763664246,0.9761542081832886,0.9048700928688049,0.9583888053894043,0.957051694393158
gpt2,formalization,formalization,True,0.8627105951309204,0.941720724105835,0.9619427919387817,0.8589382171630859,0.9338528513908386,0.9450739622116089
gpt2,formalization,question,False,0.6250283718109131,0.7679517865180969,0.8321788907051086,0.6184910535812378,0.7616690993309021,0.8354256749153137
gpt2,negation,negation,True,0.8652083873748779,0.9119173884391785,0.8807858824729919,0.9777444005012512,0.9256993532180786,0.8929112553596497
gpt2,negation,negation,True,0.8809101581573486,0.8955708146095276,0.8527778387069702,0.9686501026153564,0.8913180828094482,0.8497756719589233
gpt2,negation,negation,True,0.5870090126991272,0.579764723777771,0.5674527883529663,0.7270045876502991,0.612023651599884,0.5859701037406921
gpt2,negation,negation,True,0.7500256299972534,0.7833238840103149,0.7541444301605225,0.8928300738334656,0.8107203245162964,0.7686286568641663
gpt2,negation,negation,True,0.8221033811569214,0.8877197504043579,0.8520885705947876,0.9636864066123962,0.9107321500778198,0.8651078343391418
gpt2,question,question,True,0.8112183809280396,0.8726485371589661,0.8768609166145325,0.8656346797943115,0.8813521862030029,0.9177747964859009
gpt2,question,question,True,0.8588167428970337,0.9248597621917725,0.9419084191322327,0.8942534327507019,0.9197946190834045,0.9606302380561829
gpt2,question,question,True,0.8685849905014038,0.9658787250518799,0.9615050554275513,0.9401283264160156,0.9717651009559631,0.9887522459030151
gpt2,question,question,True,0.7479181885719299,0.836720883846283,0.8916246891021729,0.7538970708847046,0.8282066583633423,0.9112842082977295
gpt2,question,question,True,0.8925496339797974,0.9526228904724121,0.9582490921020508,0.9412204027175903,0.9530495405197144,0.9754132032394409
gpt2,past_to_future,past_to_future,True,0.8938116431236267,0.9614844918251038,0.9327230453491211,0.9781776666641235,0.9801616668701172,0.9343256950378418
gpt2,past_to_future,past_to_future,True,0.9218310713768005,0.972571611404419,0.957165002822876,0.9619767069816589,0.9804296493530273,0.9599448442459106
gpt2,past_to_future,past_to_future,True,0.7924039363861084,0.8453128337860107,0.8435092568397522,0.8634783029556274,0.8845767974853516,0.8420143127441406
gpt2,past_to_future,formalization,False,0.9277416467666626,0.9732176065444946,0.9790197014808655,0.9353095293045044,0.9734089374542236,0.9600218534469604
gpt2,past_to_future,question,False,-0.28478217124938965,-0.12239285558462143,-0.09659843146800995,-0.058135777711868286,-0.020215287804603577,-0.015932023525238037
gpt2,certainty_to_uncertainty,certainty_to_uncertainty,True,0.9148988127708435,0.985379695892334,0.9820221662521362,0.9510374069213867,0.980427622795105,0.9709661602973938
gpt2,certainty_to_uncertainty,certainty_to_uncertainty,True,0.944348931312561,0.9906280040740967,0.9685232639312744,0.9802604913711548,0.9836363196372986,0.9546990394592285
gpt2,certainty_to_uncertainty,formalization,False,0.9111700057983398,0.9711299538612366,0.9851047396659851,0.9147002696990967,0.9575015902519226,0.9750916957855225
gpt2,certainty_to_uncertainty,certainty_to_uncertainty,True,0.9306118488311768,0.9790984988212585,0.9769893288612366,0.9436867237091064,0.9668084383010864,0.974144697189331
gpt2,certainty_to_uncertainty,certainty_to_uncertainty,True,0.9568651914596558,0.9799562692642212,0.9504153728485107,0.9781571626663208,0.9644521474838257,0.9305198788642883
gpt2,active_to_passive,active_to_passive,True,0.7471463680267334,0.5926443934440613,0.5639504194259644,0.6934435367584229,0.570680558681488,0.5345557928085327
gpt2,active_to_passive,active_to_passive,True,0.7934709191322327,0.7030618190765381,0.6809318661689758,0.7787488102912903,0.6868199110031128,0.6668336391448975
gpt2,active_to_passive,active_to_passive,True,0.8961614370346069,0.7780167460441589,0.7410626411437988,0.834696888923645,0.7501938343048096,0.7046453952789307
gpt2,active_to_passive,active_to_passive,True,0.8195810317993164,0.6765304803848267,0.6557101011276245,0.7626599073410034,0.6587822437286377,0.6247539520263672
gpt2,active_to_passive,active_to_passive,True,0.8454639911651611,0.7407605648040771,0.7014533281326294,0.8309508562088013,0.7257771492004395,0.6813896894454956
gpt2,formalization,formalization,True,0.9275287985801697,0.9765135645866394,0.9863826036453247,0.926125168800354,0.9626342058181763,0.9697845578193665
gpt2,formalization,active_to_passive,False,0.9550929069519043,0.9258671998977661,0.9061408042907715,0.9476433992385864,0.9053027033805847,0.8824513554573059
gpt2,formalization,formalization,True,0.936161994934082,0.9793322086334229,0.9895724058151245,0.939593493938446,0.9673013687133789,0.9711208939552307
gpt2,formalization,formalization,True,0.8935846090316772,0.935619592666626,0.9606804847717285,0.9080517292022705,0.9324352741241455,0.94776850938797
gpt2,formalization,question,False,0.5311562418937683,0.6157480478286743,0.6960849761962891,0.5519288778305054,0.6148309707641602,0.7140186429023743
gpt2,negation,negation,True,0.9264175891876221,0.9782037734985352,0.947463870048523,0.9911015629768372,0.9772059917449951,0.9473471641540527
gpt2,negation,negation,True,0.9337272644042969,0.974855899810791,0.940385103225708,0.9846916198730469,0.9653998613357544,0.9334352016448975
gpt2,negation,negation,True,0.895343542098999,0.9458491206169128,0.9125231504440308,0.9849507808685303,0.953538179397583,0.9213250875473022
gpt2,negation,negation,True,0.9370548725128174,0.9629787802696228,0.9219422936439514,0.9868934750556946,0.9579408764839172,0.9108705520629883
gpt2,negation,negation,True,0.903594970703125,0.9740204215049744,0.9447849988937378,0.9904130697250366,0.9793947339057922,0.9470352530479431
gpt2,question,past_to_future,False,0.9000505208969116,0.9743704795837402,0.9495911002159119,0.9629193544387817,0.9770110845565796,0.9677990078926086
gpt2,question,question,True,0.8626644611358643,0.94945228099823,0.9518552422523499,0.914206862449646,0.9458244442939758,0.967643141746521
gpt2,question,question,True,0.8596703410148621,0.9715583324432373,0.9598245620727539,0.9339664578437805,0.978156328201294,0.9837093353271484
gpt2,question,question,True,0.8574423789978027,0.9437175989151001,0.9677190184593201,0.8668795228004456,0.9314186573028564,0.9712061285972595
gpt2,question,question,True,0.874664306640625,0.9647393226623535,0.9666026830673218,0.9353938102722168,0.967530369758606,0.9855263829231262
gpt2,past_to_future,past_to_future,True,0.872986912727356,0.9548607468605042,0.9116324782371521,0.9627206325531006,0.9696034789085388,0.9232323169708252
gpt2,past_to_future,past_to_future,True,0.9087190628051758,0.9773159027099609,0.9492590427398682,0.9586837291717529,0.9813361763954163,0.9534571766853333
gpt2,past_to_future,past_to_future,True,0.858993649482727,0.9442715644836426,0.9038408994674683,0.9570863246917725,0.9648499488830566,0.9210269451141357
gpt2,past_to_future,certainty_to_uncertainty,False,0.9266226887702942,0.9935492873191833,0.9778593182563782,0.9630850553512573,0.9932590126991272,0.9726675748825073
gpt2,past_to_future,past_to_future,True,0.7791136503219604,0.9027488231658936,0.8629227876663208,0.9072741270065308,0.9386266469955444,0.896145761013031
gpt2,certainty_to_uncertainty,certainty_to_uncertainty,True,0.9213781356811523,0.9932831525802612,0.9832271337509155,0.9521712064743042,0.9853781461715698,0.9724621772766113
gpt2,certainty_to_uncertainty,certainty_to_uncertainty,True,0.9249349236488342,0.9940795302391052,0.9720721244812012,0.9720959663391113,0.9886983633041382,0.9661386609077454
gpt2,certainty_to_uncertainty,formalization,False,0.8992933034896851,0.9752627015113831,0.9788635969161987,0.9181321859359741,0.9635902643203735,0.9717252254486084
gpt2,certainty_to_uncertainty,certainty_to_uncertainty,True,0.9007958173751831,0.9768040776252747,0.9725104570388794,0.932085394859314,0.9678857326507568,0.9731842875480652
gpt2,certainty_to_uncertainty,certainty_to_uncertainty,True,0.9416090250015259,0.9834105372428894,0.9514017105102539,0.9802039861679077,0.9717986583709717,0.9425323605537415
gpt2,active_to_passive,active_to_passive,True,0.9665594100952148,0.8839123845100403,0.8803200721740723,0.8661771416664124,0.8487532734870911,0.8232804536819458
gpt2,active_to_passive,active_to_passive,True,0.9760054349899292,0.9338482618331909,0.9258981347084045,0.9136803150177002,0.9043279886245728,0.8836116790771484
gpt2,active_to_passive,active_to_passive,True,0.9386075735092163,0.8341658711433411,0.8377162218093872,0.79756098985672,0.791135311126709,0.7685234546661377
gpt2,active_to_passive,active_to_passive,True,0.973014235496521,0.9353352189064026,0.9254510402679443,0.8992524147033691,0.9079931378364563,0.8779388666152954
gpt2,active_to_passive,active_to_passive,True,0.9832804203033447,0.9347231388092041,0.9195119142532349,0.9213504791259766,0.907315731048584,0.8747269511222839
gpt2,formalization,formalization,True,0.9030179977416992,0.9752891063690186,0.9814220666885376,0.9088537693023682,0.9616617560386658,0.9657213687896729
gpt2,formalization,negation,False,0.9461237192153931,0.9612816572189331,0.9360373020172119,0.9685634970664978,0.9463123679161072,0.9213988780975342
gpt2,formalization,formalization,True,0.9258247017860413,0.9886385202407837,0.9933462738990784,0.9349339008331299,0.9769160747528076,0.9761947989463806
gpt2,formalization,formalization,True,0.893024742603302,0.9638559818267822,0.9797091484069824,0.9116095304489136,0.9583544731140137,0.9658060073852539
gpt2,formalization,question,False,0.6162073612213135,0.74443519115448,0.8020455837249756,0.647496223449707,0.7416254878044128,0.8123337626457214
gpt2,negation,negation,True,0.9127181768417358,0.9721231460571289,0.9352836608886719,0.9904158115386963,0.976015567779541,0.9403561353683472
gpt2,negation,negation,True,0.9265270233154297,0.9606153964996338,0.917760968208313,0.9830000996589661,0.9530411958694458,0.9112008213996887
gpt2,negation,negation,True,0.856555700302124,0.9216101169586182,0.8754892349243164,0.9720597267150879,0.9396021366119385,0.894322395324707
gpt2,negation,negation,True,0.914427638053894,0.9613476395606995,0.9208568334579468,0.9890314936637878,0.9676964282989502,0.9199886918067932
gpt2,negation,negation,True,0.8847200870513916,0.9616917371749878,0.9246082901954651,0.988193154335022,0.9744505882263184,0.9314172267913818
gpt2,question,past_to_future,False,0.856964111328125,0.9554518461227417,0.9286149144172668,0.9396616816520691,0.9644076824188232,0.9614471793174744
gpt2,question,question,True,0.8561558127403259,0.9563689231872559,0.9549093246459961,0.9067872762680054,0.9556295871734619,0.9743930101394653
gpt2,question,past_to_future,False,0.864345371723175,0.9722945690155029,0.9523853063583374,0.9353954195976257,0.9773167371749878,0.9748998880386353
gpt2,question,question,True,0.8446516990661621,0.9515793323516846,0.9680620431900024,0.8673285841941833,0.9456712603569031,0.9804335832595825
gpt2,question,question,True,0.8790613412857056,0.9712055325508118,0.9661848545074463,0.9372779130935669,0.9747257232666016,0.9861327409744263
gpt2,past_to_future,past_to_future,True,0.9171648621559143,0.9674064517021179,0.9284553527832031,0.9643653035163879,0.9703420400619507,0.9200066328048706
gpt2,past_to_future,certainty_to_uncertainty,False,0.9286187887191772,0.9819091558456421,0.9546485543251038,0.955662190914154,0.98106849193573,0.947325587272644
gpt2,past_to_future,past_to_future,True,0.9080958366394043,0.9763067364692688,0.950218915939331,0.9568601846694946,0.9873597621917725,0.9462425708770752
gpt2,past_to_future,certainty_to_uncertainty,False,0.9295141100883484,0.9915406107902527,0.9778965711593628,0.9489734172821045,0.9886787533760071,0.9654691219329834
gpt2,past_to_future,past_to_future,True,0.7869988679885864,0.896181583404541,0.8502475619316101,0.9092503786087036,0.9340506196022034,0.8737207055091858
gpt2,certainty_to_uncertainty,certainty_to_uncertainty,True,0.9188069105148315,0.9943839311599731,0.9734535217285156,0.9627568125724792,0.9900083541870117,0.9680216312408447
gpt2,certainty_to_uncertainty,certainty_to_uncertainty,True,0.9188265800476074,0.992196798324585,0.9652199745178223,0.9698293805122375,0.98862624168396,0.9618142247200012
gpt2,certainty_to_uncertainty,formalization,False,0.8782889246940613,0.9715467095375061,0.9731317162513733,0.9021044373512268,0.9643265604972839,0.9722861051559448
gpt2,certainty_to_uncertainty,certainty_to_uncertainty,True,0.8883715867996216,0.9768490791320801,0.9661127328872681,0.9248713254928589,0.9713302850723267,0.9723871946334839
gpt2,certainty_to_uncertainty,certainty_to_uncertainty,True,0.9440628290176392,0.9852619171142578,0.9530739188194275,0.972753643989563,0.9728376865386963,0.9393249750137329
gpt2,active_to_passive,active_to_passive,True,0.7901453971862793,0.6639840602874756,0.63995361328125,0.69683837890625,0.6481300592422485,0.607521653175354
gpt2,active_to_passive,active_to_passive,True,0.8941808938980103,0.866188645362854,0.8383889198303223,0.8794336915016174,0.8530848622322083,0.8243147134780884
gpt2,active_to_passive,active_to_passive,True,0.9298931360244751,0.8636366128921509,0.8351614475250244,0.8539044857025146,0.8419256806373596,0.8012528419494629
gpt2,active_to_passive,active_to_passive,True,0.9506165981292725,0.9061031937599182,0.8781348466873169,0.9047538042068481,0.8912326097488403,0.8473786115646362
gpt2,active_to_passive,active_to_passive,True,0.9102799892425537,0.8525023460388184,0.8156484365463257,0.8810895085334778,0.842343270778656,0.7932387590408325
gpt2,formalization,formalization,True,0.8795037865638733,0.971057653427124,0.9726030826568604,0.900727391242981,0.9637576341629028,0.9684157967567444
gpt2,formalization,negation,False,0.9337689876556396,0.9635685086250305,0.9383618235588074,0.9646704792976379,0.9532557725906372,0.932304859161377
gpt2,formalization,certainty_to_uncertainty,False,0.9193397164344788,0.9891211986541748,0.9885381460189819,0.9314545392990112,0.9799510836601257,0.976324200630188
gpt2,formalization,formalization,True,0.8915193676948547,0.9764288663864136,0.9837074279785156,0.9216018915176392,0.9756460189819336,0.9804103374481201
gpt2,formalization,question,False,0.6472955942153931,0.7971796989440918,0.8383021354675293,0.7000023126602173,0.8028685450553894,0.864739179611206
gpt2,negation,negation,True,0.8906664252281189,0.9344170093536377,0.8931408524513245,0.9892562627792358,0.9408380389213562,0.9018557071685791
gpt2,negation,negation,True,0.9235206842422485,0.9214034080505371,0.8749722242355347,0.971228301525116,0.9086815118789673,0.8612596988677979
gpt2,negation,negation,True,0.8593860864639282,0.8614246845245361,0.8189916610717773,0.9511593580245972,0.8674473166465759,0.8254163265228271
gpt2,negation,negation,True,0.9247158765792847,0.9323738813400269,0.8904977440834045,0.9836332201957703,0.9303194880485535,0.87959223985672
gpt2,negation,negation,True,0.8723758459091187,0.933045506477356,0.8920543193817139,0.9861495494842529,0.9458284974098206,0.8999940156936646
gpt2,question,past_to_future,False,0.8980445861816406,0.9679878950119019,0.9417747259140015,0.9697304964065552,0.9706493616104126,0.9657219648361206
gpt2,question,question,True,0.9026182889938354,0.9667845964431763,0.9740603566169739,0.9250426292419434,0.9539348483085632,0.9782866835594177
gpt2,question,certainty_to_uncertainty,False,0.9031921625137329,0.986431896686554,0.9713850617408752,0.9555853605270386,0.984289288520813,0.9840656518936157
gpt2,question,formalization,False,0.8535407781600952,0.9281754493713379,0.9604683518409729,0.8454926609992981,0.910082995891571,0.9587420225143433
gpt2,question,question,True,0.908086359500885,0.9715034365653992,0.9805349111557007,0.936853289604187,0.9654535055160522,0.9861169457435608
gpt2,past_to_future,past_to_future,True,0.8563272953033447,0.9506516456604004,0.9220084547996521,0.9654474854469299,0.976862907409668,0.9353951215744019
gpt2,past_to_future,past_to_future,True,0.930809736251831,0.9791444540023804,0.9641430377960205,0.9503371119499207,0.9842976927757263,0.9559276700019836
gpt2,past_to_future,past_to_future,True,0.880557656288147,0.9318974614143372,0.9097284078598022,0.9524523019790649,0.9557740092277527,0.9110506772994995
gpt2,past_to_future,past_to_future,True,0.9194157123565674,0.9807963371276855,0.9655421376228333,0.9713731408119202,0.987929105758667,0.9648128747940063
gpt2,past_to_future,question,False,-0.2736848294734955,-0.11160529404878616,-0.07188080251216888,-0.07322859764099121,-0.013953030109405518,0.014107860624790192
gpt2,certainty_to_uncertainty,certainty_to_uncertainty,True,0.9420444965362549,0.9940049052238464,0.9759736061096191,0.9777060747146606,0.985704779624939,0.9635682702064514
gpt2,certainty_to_uncertainty,certainty_to_uncertainty,True,0.9439837336540222,0.9905354976654053,0.9636175632476807,0.980819046497345,0.9813162684440613,0.9502543807029724
gpt2,certainty_to_uncertainty,formalization,False,0.9271417856216431,0.9830455183982849,0.9881154298782349,0.9178634285926819,0.9629882574081421,0.9681004881858826
gpt2,certainty_to_uncertainty,certainty_to_uncertainty,True,0.9348342418670654,0.9898013472557068,0.9841284155845642,0.9393975734710693,0.971876323223114,0.9728492498397827
gpt2,certainty_to_uncertainty,negation,False,0.9490412473678589,0.9740207195281982,0.9379192590713501,0.9779865741729736,0.9591542482376099,0.9213799238204956
gpt2,active_to_passive,active_to_passive,True,0.8960763812065125,0.8564122915267944,0.8572992086410522,0.7998107671737671,0.8218010663986206,0.8046550750732422
gpt2,active_to_passive,certainty_to_uncertainty,False,0.8921861052513123,0.9104623794555664,0.9080479741096497,0.8518808484077454,0.8848644495010376,0.8799868822097778
gpt2,active_to_passive,active_to_passive,True,0.9001259207725525,0.8818621039390564,0.8654489517211914,0.8408116698265076,0.8476812243461609,0.8226974606513977
gpt2,active_to_passive,active_to_passive,True,0.947162389755249,0.9441894292831421,0.9320454001426697,0.9009550213813782,0.9197168946266174,0.8990569114685059
gpt2,active_to_passive,active_to_passive,True,0.9351785778999329,0.8893243074417114,0.8741985559463501,0.8585265278816223,0.858393669128418,0.8260011076927185
gpt2,formalization,formalization,True,0.9247252941131592,0.978392481803894,0.9873143434524536,0.9036785364151001,0.9578638076782227,0.9597294330596924
gpt2,formalization,active_to_passive,False,0.9673651456832886,0.947600245475769,0.9284135699272156,0.9483832120895386,0.921084463596344,0.896844744682312
gpt2,formalization,formalization,True,0.9299694895744324,0.9729914665222168,0.9836511611938477,0.911036491394043,0.9547954201698303,0.9544528126716614
gpt2,formalization,formalization,True,0.9035423994064331,0.9430371522903442,0.970623254776001,0.8795378804206848,0.9269583821296692,0.9394204020500183
gpt2,formalization,formalization,True,0.6055606007575989,0.6896925568580627,0.7798380851745605,0.5537902116775513,0.6679112911224365,0.7596541047096252
gpt2,negation,past_to_future,False,0.9067096710205078,0.979603111743927,0.9576237797737122,0.984372615814209,0.9853407144546509,0.9621469974517822
gpt2,negation,certainty_to_uncertainty,False,0.9445757865905762,0.9797824621200562,0.9518990516662598,0.9718829393386841,0.9670093059539795,0.9342076778411865
gpt2,negation,negation,True,0.8432799577713013,0.9352498650550842,0.9137305021286011,0.9613549113273621,0.9575943350791931,0.9339553117752075
gpt2,negation,negation,True,0.9284284114837646,0.9623181819915771,0.9279336333274841,0.9846558570861816,0.9644147157669067,0.9166908264160156
gpt2,negation,negation,True,0.875714123249054,0.9596038460731506,0.9317374229431152,0.9792224764823914,0.972689151763916,0.9375343322753906
gpt2,question,question,True,0.8828471899032593,0.9607235193252563,0.9502548575401306,0.9354714751243591,0.9631361961364746,0.974513590335846
gpt2,question,question,True,0.84173983335495,0.934083104133606,0.9577298760414124,0.8566809892654419,0.926702618598938,0.9650129079818726
gpt2,question,question,True,0.8314415812492371,0.9541129469871521,0.9534511566162109,0.8976731300354004,0.9614430069923401,0.9806221723556519
gpt2,question,question,True,0.7696666121482849,0.8683583736419678,0.9163954257965088,0.7543467283248901,0.8555648326873779,0.9187727570533752
gpt2,question,question,True,0.8534688353538513,0.9503907561302185,0.9617927074432373,0.9065214991569519,0.9552729725837708,0.982231616973877
gpt2,past_to_future,past_to_future,True,0.9223232269287109,0.9829789400100708,0.9565549492835999,0.9612653851509094,0.9833419322967529,0.9460673928260803
gpt2,past_to_future,past_to_future,True,0.9146889448165894,0.9869456887245178,0.9708649516105652,0.9535077810287476,0.9893292188644409,0.970123827457428
gpt2,past_to_future,past_to_future,True,0.8171136379241943,0.9256229996681213,0.9190753698348999,0.904338002204895,0.9534904360771179,0.932203471660614
gpt2,past_to_future,certainty_to_uncertainty,False,0.9136309027671814,0.9859981536865234,0.9851803779602051,0.9292799234390259,0.9827166795730591,0.9726083278656006
gpt2,past_to_future,past_to_future,True,0.5597639083862305,0.7536001205444336,0.7305111885070801,0.7503100633621216,0.8161263465881348,0.7903246283531189
gpt2,certainty_to_uncertainty,certainty_to_uncertainty,True,0.920254111289978,0.992736279964447,0.978996217250824,0.9477297067642212,0.9849456548690796,0.9680018424987793
gpt2,certainty_to_uncertainty,certainty_to_uncertainty,True,0.9157901406288147,0.9923335313796997,0.9738377332687378,0.954291045665741,0.9867241978645325,0.9653021097183228
gpt2,certainty_to_uncertainty,formalization,False,0.8562778830528259,0.9416033625602722,0.9622191190719604,0.8463013172149658,0.9284036755561829,0.9472386240959167
gpt2,certainty_to_uncertainty,formalization,False,0.8722275495529175,0.9605739116668701,0.9694417715072632,0.8825353384017944,0.9515712261199951,0.9654901027679443
gpt2,certainty_to_uncertainty,certainty_to_uncertainty,True,0.9463061094284058,0.9908053874969482,0.9677108526229858,0.9620782136917114,0.975934624671936,0.9491406083106995
gpt2,active_to_passive,active_to_passive,True,0.5459415316581726,0.40837985277175903,0.4201938211917877,0.3961389660835266,0.3872837424278259,0.35644465684890747
gpt2,active_to_passive,formalization,False,0.44040247797966003,0.4251949191093445,0.45730429887771606,0.3692283630371094,0.4223335385322571,0.431433767080307
gpt2,active_to_passive,active_to_passive,True,0.7582542300224304,0.6593722105026245,0.6684684753417969,0.6118326187133789,0.6309965252876282,0.6027172803878784
gpt2,active_to_passive,active_to_passive,True,0.8154153823852539,0.7373865842819214,0.7438012361526489,0.6930716037750244,0.7157966494560242,0.6823272705078125
gpt2,active_to_passive,active_to_passive,True,0.6592296361923218,0.5384724140167236,0.5374031662940979,0.549943208694458,0.5247911214828491,0.4784201979637146
gpt2,formalization,formalization,True,0.8422641158103943,0.9300578832626343,0.954348623752594,0.8269798755645752,0.9178009629249573,0.9339406490325928
gpt2,formalization,certainty_to_uncertainty,False,0.958172082901001,0.9703810214996338,0.9595412015914917,0.9516657590866089,0.9515954256057739,0.935353696346283
gpt2,formalization,formalization,True,0.9023908972740173,0.9700806140899658,0.9851527810096741,0.895254909992218,0.9577202200889587,0.9633346796035767
gpt2,formalization,formalization,True,0.7928428053855896,0.8876686692237854,0.9277018308639526,0.8051201105117798,0.8883604407310486,0.9160919785499573
gpt2,formalization,question,False,0.16912421584129333,0.3082411289215088,0.41391289234161377,0.15566898882389069,0.3113352656364441,0.4246810972690582
gpt2,negation,negation,True,0.8713618516921997,0.9470461010932922,0.9157885313034058,0.9853575825691223,0.9611316919326782,0.932566225528717
gpt2,negation,negation,True,0.9256230592727661,0.9532276391983032,0.9143474102020264,0.9867719411849976,0.9445755481719971,0.906245231628418
gpt2,negation,negation,True,0.8268632292747498,0.8969125151634216,0.8777600526809692,0.9556989669799805,0.9130949378013611,0.9011092185974121
gpt2,negation,negation,True,0.9097561836242676,0.945094108581543,0.8999409079551697,0.9862462282180786,0.9483073353767395,0.8946980834007263
gpt2,negation,negation,True,0.864370584487915,0.947580873966217,0.910445511341095,0.9859262108802795,0.9627281427383423,0.9218982458114624
gpt2,question,question,True,0.8540555834770203,0.9496414065361023,0.9364314079284668,0.9346134662628174,0.9548091888427734,0.9708724021911621
gpt2,question,question,True,0.8689796924591064,0.9607900977134705,0.9632530808448792,0.9210199117660522,0.9547319412231445,0.9840787649154663
gpt2,question,question,True,0.8588511943817139,0.9694626331329346,0.9553229808807373,0.9349141716957092,0.9722548723220825,0.9806028604507446
gpt2,question,question,True,0.8256095051765442,0.929994523525238,0.9554298520088196,0.8505792617797852,0.9189276695251465,0.9712058901786804
gpt2,question,question,True,0.9025355577468872,0.9684707522392273,0.9703835844993591,0.9432064294815063,0.9648783206939697,0.9836329221725464
gpt2,past_to_future,past_to_future,True,0.8790032267570496,0.9602327346801758,0.9249938130378723,0.9719117879867554,0.9795131087303162,0.9317505955696106
gpt2,past_to_future,past_to_future,True,0.927317202091217,0.9769722819328308,0.9504888653755188,0.9551602602005005,0.9792800545692444,0.9471848607063293
gpt2,past_to_future,past_to_future,True,0.8409652709960938,0.9259063005447388,0.895043671131134,0.9485946893692017,0.9583608508110046,0.9117454886436462
gpt2,past_to_future,certainty_to_uncertainty,False,0.9321295619010925,0.9891998767852783,0.9771937727928162,0.9592861533164978,0.9877316355705261,0.9668588638305664
gpt2,past_to_future,past_to_future,True,0.46559789776802063,0.652923583984375,0.6329039335250854,0.6979727745056152,0.7351075410842896,0.7025343179702759
gpt2,certainty_to_uncertainty,certainty_to_uncertainty,True,0.914306640625,0.9924435615539551,0.981813371181488,0.9582337737083435,0.986412525177002,0.9758573770523071
gpt2,certainty_to_uncertainty,certainty_to_uncertainty,True,0.9300794005393982,0.9942739009857178,0.9712095260620117,0.975696325302124,0.986786425113678,0.9635602235794067
gpt2,certainty_to_uncertainty,formalization,False,0.898154616355896,0.982266902923584,0.9866805076599121,0.9192390441894531,0.9691324234008789,0.9828944206237793
gpt2,certainty_to_uncertainty,certainty_to_uncertainty,True,0.9004454612731934,0.9833547472953796,0.9728395342826843,0.937467634677887,0.9735257029533386,0.9787358045578003
gpt2,certainty_to_uncertainty,certainty_to_uncertainty,True,0.9467387199401855,0.9856690168380737,0.9560750126838684,0.9771977066993713,0.9707390666007996,0.9415846467018127
gpt2,active_to_passive,active_to_passive,True,-0.24179548025131226,-0.4266195297241211,-0.46764639019966125,-0.269508957862854,-0.4165971279144287,-0.46038541197776794
gpt2,active_to_passive,negation,False,0.38003191351890564,0.2815901041030884,0.23944993317127228,0.4073220491409302,0.2806180417537689,0.2534543573856354
gpt2,active_to_passive,active_to_passive,True,0.5423522591590881,0.3544347882270813,0.31000179052352905,0.43007227778434753,0.3330828845500946,0.27602463960647583
gpt2,active_to_passive,active_to_passive,True,0.5766456127166748,0.40911123156547546,0.3569466471672058,0.5257031917572021,0.4056904911994934,0.3318758010864258
gpt2,active_to_passive,active_to_passive,True,0.5149332880973816,0.35722312331199646,0.29422155022621155,0.49531084299087524,0.35597702860832214,0.2810477316379547
gpt2,formalization,formalization,True,0.9094246625900269,0.985489010810852,0.9886965751647949,0.9215118885040283,0.9718677401542664,0.9780358076095581
gpt2,formalization,negation,False,0.9467823505401611,0.9451232552528381,0.9169195890426636,0.9597482085227966,0.9272481799125671,0.89998459815979
gpt2,formalization,formalization,True,0.9343202114105225,0.9828973412513733,0.9851455092430115,0.9325893521308899,0.967060387134552,0.9647136330604553
gpt2,formalization,formalization,True,0.89136803150177,0.9668739438056946,0.982939600944519,0.9171671867370605,0.9618749022483826,0.9759719371795654
gpt2,formalization,question,False,0.6725496649742126,0.8093544244766235,0.8626642227172852,0.7175668478012085,0.8056787252426147,0.8847324252128601
gpt2,negation,negation,True,0.8353641033172607,0.9026879072189331,0.8637983202934265,0.9685170650482178,0.9168405532836914,0.8896778225898743
gpt2,negation,negation,True,0.8858280181884766,0.9136288166046143,0.8678107857704163,0.9723984599113464,0.9074467420578003,0.8701363801956177
gpt2,negation,negation,True,0.7547147870063782,0.8287280797958374,0.7954961061477661,0.915367841720581,0.8506594896316528,0.8345201015472412
gpt2,negation,negation,True,0.8626024723052979,0.9113783836364746,0.8745802640914917,0.9688588976860046,0.9188328385353088,0.8859438896179199
gpt2,negation,negation,True,0.8402258157730103,0.9200918674468994,0.8806326389312744,0.9760994911193848,0.937302827835083,0.9007614850997925
gpt2,question,question,True,0.8043006658554077,0.9135996699333191,0.8891441226005554,0.9347351789474487,0.9273465275764465,0.9393351078033447
gpt2,question,question,True,0.7693637609481812,0.8774576187133789,0.8814200162887573,0.8605560064315796,0.8752497434616089,0.9175798892974854
gpt2,question,question,True,0.8075354099273682,0.9428715705871582,0.9349471926689148,0.915209174156189,0.9523196220397949,0.9741798639297485
gpt2,question,question,True,0.6877247095108032,0.8173978328704834,0.8550536632537842,0.7546985745429993,0.8094533681869507,0.8913511037826538
gpt2,question,question,True,0.8649815320968628,0.9464234113693237,0.9525101184844971,0.9317145943641663,0.9430428743362427,0.9741897583007812
gpt2,past_to_future,past_to_future,True,0.8452361822128296,0.9550278186798096,0.9274780750274658,0.9624599814414978,0.9777507781982422,0.9480469822883606
gpt2,past_to_future,past_to_future,True,0.7743005752563477,0.8905278444290161,0.8751136064529419,0.8943498134613037,0.9185422658920288,0.9182096719741821
gpt2,past_to_future,negation,False,0.2770320773124695,0.4265362024307251,0.4013475179672241,0.5202062129974365,0.4995144307613373,0.4804849922657013
gpt2,past_to_future,past_to_future,True,0.8169460892677307,0.9259016513824463,0.9215555191040039,0.9202386140823364,0.9480862021446228,0.9452091455459595
gpt2,past_to_future,negation,False,0.19108015298843384,0.38267698884010315,0.3498912453651428,0.4752577543258667,0.45910361409187317,0.4500463902950287
gpt2,certainty_to_uncertainty,past_to_future,False,0.8844696879386902,0.9694714546203613,0.9577088356018066,0.9562393426895142,0.972035825252533,0.9583830833435059
gpt2,certainty_to_uncertainty,certainty_to_uncertainty,True,0.9222722053527832,0.991454005241394,0.971122682094574,0.9795118570327759,0.9866759777069092,0.9677011370658875
gpt2,certainty_to_uncertainty,formalization,False,0.8797942996025085,0.9662652611732483,0.9778290390968323,0.8999481201171875,0.9516618847846985,0.9724830389022827
gpt2,certainty_to_uncertainty,question,False,0.8679161071777344,0.962756872177124,0.9546514749526978,0.9280354976654053,0.9547851085662842,0.968654990196228
gpt2,certainty_to_uncertainty,negation,False,0.9349541664123535,0.9792320728302002,0.9509419202804565,0.983047604560852,0.9677227735519409,0.943721354007721
gpt2,active_to_passive,active_to_passive,True,0.9525902271270752,0.8751720190048218,0.8772909641265869,0.8447359204292297,0.8396251201629639,0.8266211748123169
gpt2,active_to_passive,active_to_passive,True,0.9645332098007202,0.9444839954376221,0.9456077218055725,0.9113902449607849,0.9146943092346191,0.9142930507659912
gpt2,active_to_passive,active_to_passive,True,0.9533909559249878,0.8977380990982056,0.8967756032943726,0.8417314291000366,0.858826220035553,0.8404037356376648
gpt2,active_to_passive,active_to_passive,True,0.9797227382659912,0.9485436677932739,0.9348545074462891,0.9267545938491821,0.9216944575309753,0.9001991748809814
gpt2,active_to_passive,active_to_passive,True,0.9771225452423096,0.944019079208374,0.929113507270813,0.9303208589553833,0.9177533388137817,0.8945733308792114
gpt2,formalization,formalization,True,0.863430917263031,0.9612963795661926,0.9721235036849976,0.8992069959640503,0.9508281350135803,0.9702104926109314
gpt2,formalization,negation,False,0.9290423393249512,0.9463649988174438,0.9207924604415894,0.9616367220878601,0.9288209080696106,0.9108474850654602
gpt2,formalization,formalization,True,0.8985556364059448,0.9786481261253357,0.990924060344696,0.9268563985824585,0.9687900543212891,0.9827433228492737
gpt2,formalization,question,False,0.8121535181999207,0.9188041687011719,0.9366970062255859,0.8926208019256592,0.9212200045585632,0.9493646621704102
gpt2,formalization,question,False,0.07398015260696411,0.2471337616443634,0.3157615065574646,0.19826754927635193,0.2640952467918396,0.3784935176372528
gpt2,negation,negation,True,0.890320360660553,0.952914834022522,0.9144424796104431,0.9850448369979858,0.9578707218170166,0.9249109625816345
gpt2,negation,negation,True,0.9251465797424316,0.9576719999313354,0.9177112579345703,0.9816382527351379,0.9483673572540283,0.9116405844688416
gpt2,negation,negation,True,0.8993544578552246,0.9448285102844238,0.9098265767097473,0.98186194896698,0.9465864896774292,0.9161365032196045
gpt2,negation,negation,True,0.9245771169662476,0.9539493322372437,0.9136650562286377,0.9854482412338257,0.9509729146957397,0.906662106513977
gpt2,negation,negation,True,0.8831768035888672,0.9564671516418457,0.9179223775863647,0.9860323071479797,0.9658187627792358,0.9257384538650513
gpt2,question,certainty_to_uncertainty,False,0.9115512371063232,0.9769567847251892,0.9507325887680054,0.9668298959732056,0.9733542203903198,0.9636179208755493
gpt2,question,certainty_to_uncertainty,False,0.9179220199584961,0.980744481086731,0.9725562930107117,0.9467772841453552,0.9679359793663025,0.9720621109008789
gpt2,question,certainty_to_uncertainty,False,0.9078186750411987,0.9882261753082275,0.9684193134307861,0.9571784138679504,0.9842644929885864,0.9759055376052856
gpt2,question,formalization,False,0.9166438579559326,0.9842908382415771,0.9877603054046631,0.9291238188743591,0.967657208442688,0.9835386276245117
gpt2,question,certainty_to_uncertainty,False,0.9211841821670532,0.9863458871841431,0.9769360423088074,0.9637442827224731,0.9801278710365295,0.981232225894928
gpt2,past_to_future,past_to_future,True,0.8857834339141846,0.971979558467865,0.9393719434738159,0.97242271900177,0.9845496416091919,0.9475401043891907
gpt2,past_to_future,past_to_future,True,0.9206340312957764,0.9807021617889404,0.955574631690979,0.9625593423843384,0.9816545248031616,0.9534845352172852
gpt2,past_to_future,past_to_future,True,0.9162408113479614,0.9691195487976074,0.9364013671875,0.9744160175323486,0.9756245613098145,0.9333119988441467
gpt2,past_to_future,certainty_to_uncertainty,False,0.9289292097091675,0.9875163435935974,0.9646628499031067,0.9724842309951782,0.9864507913589478,0.9597411155700684
gpt2,past_to_future,past_to_future,True,0.8005873560905457,0.9191153049468994,0.8937053680419922,0.9280039668083191,0.9503581523895264,0.9219011664390564
gpt2,certainty_to_uncertainty,certainty_to_uncertainty,True,0.9397299289703369,0.9954496622085571,0.9743670225143433,0.9715627431869507,0.9863282442092896,0.9620782136917114
gpt2,certainty_to_uncertainty,certainty_to_uncertainty,True,0.941506028175354,0.9923219680786133,0.9660720825195312,0.9721410274505615,0.9823987483978271,0.9521694183349609
gpt2,certainty_to_uncertainty,certainty_to_uncertainty,True,0.9342851638793945,0.9907426834106445,0.983798086643219,0.9403587579727173,0.9727386236190796,0.9673783183097839
gpt2,certainty_to_uncertainty,certainty_to_uncertainty,True,0.9311701059341431,0.9895150661468506,0.9760228395462036,0.9502253532409668,0.9739802479743958,0.9671899080276489
gpt2,certainty_to_uncertainty,certainty_to_uncertainty,True,0.950653076171875,0.9816422462463379,0.9503487944602966,0.9756312370300293,0.9664183855056763,0.9349066019058228
gpt2,active_to_passive,active_to_passive,True,0.9157969355583191,0.8190491795539856,0.8146282434463501,0.8145496845245361,0.7822986841201782,0.7595604658126831
gpt2,active_to_passive,active_to_passive,True,0.9368816614151001,0.9252343773841858,0.913474440574646,0.9096240997314453,0.8987163305282593,0.8852162957191467
gpt2,active_to_passive,active_to_passive,True,0.9652388691902161,0.9216384887695312,0.9124077558517456,0.8944524526596069,0.8875933289527893,0.8691097497940063
gpt2,active_to_passive,active_to_passive,True,0.9735109806060791,0.9439039826393127,0.925454318523407,0.9219900369644165,0.9165487289428711,0.8837542533874512
gpt2,active_to_passive,active_to_passive,True,0.9577665328979492,0.8990473747253418,0.8703018426895142,0.9147090911865234,0.8725147843360901,0.8296443223953247
gpt2,formalization,certainty_to_uncertainty,False,0.9319853782653809,0.9880342483520508,0.9853993058204651,0.9285545349121094,0.9694538712501526,0.9634532332420349
gpt2,formalization,certainty_to_uncertainty,False,0.957277238368988,0.9725784659385681,0.9496428966522217,0.964603066444397,0.9523855447769165,0.9294860363006592
gpt2,formalization,certainty_to_uncertainty,False,0.9399589896202087,0.9938375949859619,0.9907086491584778,0.9447437524795532,0.9782320261001587,0.969821035861969
gpt2,formalization,certainty_to_uncertainty,False,0.938843846321106,0.991777777671814,0.9911261200904846,0.9507028460502625,0.9788784980773926,0.9717276096343994
gpt2,formalization,formalization,True,0.8320783972740173,0.9175167083740234,0.9467377662658691,0.8418603539466858,0.9016412496566772,0.9376257658004761
gpt2,negation,negation,True,0.8847783803939819,0.9322901964187622,0.8810852766036987,0.9821690320968628,0.9368518590927124,0.8837376832962036
gpt2,negation,negation,True,0.9135743379592896,0.9246604442596436,0.8725848197937012,0.9604232311248779,0.9105052947998047,0.855872392654419
gpt2,negation,negation,True,0.8527910709381104,0.8912035226821899,0.8409315347671509,0.9599781632423401,0.8975796699523926,0.8458738923072815
gpt2,negation,negation,True,0.9000434875488281,0.9317610263824463,0.8826150894165039,0.9789581298828125,0.9331251382827759,0.8764233589172363
gpt2,negation,negation,True,0.8774588108062744,0.9325039982795715,0.8825398683547974,0.9841318130493164,0.9421364068984985,0.8857582807540894
gpt2,question,certainty_to_uncertainty,False,0.8879190683364868,0.9479954242706299,0.915773868560791,0.9463928937911987,0.9445474147796631,0.9291853904724121
gpt2,question,certainty_to_uncertainty,False,0.9061790704727173,0.9777857065200806,0.9710190892219543,0.9378202557563782,0.965954601764679,0.9733545780181885
gpt2,question,certainty_to_uncertainty,False,0.8910545706748962,0.9726893901824951,0.9456047415733337,0.951353907585144,0.9699503779411316,0.9566723108291626
gpt2,question,formalization,False,0.8870410323143005,0.9690911769866943,0.9785288572311401,0.900403618812561,0.9538640379905701,0.977677047252655
gpt2,question,certainty_to_uncertainty,False,0.913093090057373,0.9822564721107483,0.9760719537734985,0.9516746997833252,0.9761313796043396,0.9796501994132996
gpt2,past_to_future,negation,False,0.9094672203063965,0.9690789580345154,0.9292653799057007,0.9729729890823364,0.9715602397918701,0.9213992357254028
gpt2,past_to_future,certainty_to_uncertainty,False,0.9279049038887024,0.9734328389167786,0.9429514408111572,0.9562923312187195,0.9680385589599609,0.9315452575683594
gpt2,past_to_future,past_to_future,True,0.9110866189002991,0.9653944373130798,0.9320298433303833,0.9686543941497803,0.9736077785491943,0.9226277470588684
gpt2,past_to_future,certainty_to_uncertainty,False,0.930351972579956,0.9814056158065796,0.9639809131622314,0.9537649154663086,0.9777589440345764,0.9472901821136475
gpt2,past_to_future,negation,False,0.862058162689209,0.9261220693588257,0.8732324838638306,0.9522375464439392,0.9392975568771362,0.8731589317321777
gpt2,certainty_to_uncertainty,certainty_to_uncertainty,True,0.9301517009735107,0.9878442287445068,0.9643427133560181,0.963374137878418,0.9778175950050354,0.9481886625289917
gpt2,certainty_to_uncertainty,certainty_to_uncertainty,True,0.9323434829711914,0.9808958768844604,0.9504503011703491,0.9666219353675842,0.9700132608413696,0.9330514669418335
gpt2,certainty_to_uncertainty,formalization,False,0.9057379364967346,0.9765653014183044,0.9819708466529846,0.90060955286026,0.9586362838745117,0.9628528356552124
gpt2,certainty_to_uncertainty,certainty_to_uncertainty,True,0.9173535704612732,0.9844956398010254,0.9722485542297363,0.9351096153259277,0.9694337844848633,0.9635645747184753
gpt2,certainty_to_uncertainty,certainty_to_uncertainty,True,0.9353083372116089,0.9647276401519775,0.9267575144767761,0.9615079164505005,0.948616623878479,0.9056927561759949
gpt2,active_to_passive,active_to_passive,True,0.9044684767723083,0.860282301902771,0.8292235136032104,0.8457014560699463,0.8339539766311646,0.7880966663360596
gpt2,active_to_passive,certainty_to_uncertainty,False,0.9219223260879517,0.9332791566848755,0.9027317762374878,0.9201096296310425,0.915622353553772,0.8839823007583618
gpt2,active_to_passive,active_to_passive,True,0.9086518287658691,0.8816365003585815,0.855402946472168,0.8534808158874512,0.8542179465293884,0.8148164749145508
gpt2,active_to_passive,active_to_passive,True,0.9457700848579407,0.9424310326576233,0.9154723882675171,0.9147169589996338,0.9225115180015564,0.8844591379165649
gpt2,active_to_passive,active_to_passive,True,0.9196838140487671,0.8972606658935547,0.8598694801330566,0.8961501121520996,0.8787282705307007,0.8296630382537842
gpt2,formalization,formalization,True,0.8998322486877441,0.9691561460494995,0.9802387952804565,0.8834894895553589,0.95137619972229,0.9554716348648071
gpt2,formalization,negation,False,0.9321911334991455,0.9537781476974487,0.9260207414627075,0.9604610204696655,0.9389468431472778,0.9143990278244019
gpt2,formalization,formalization,True,0.9247832298278809,0.9792607426643372,0.9812523722648621,0.9229167103767395,0.9639258980751038,0.957970917224884
gpt2,formalization,formalization,True,0.9115256667137146,0.9733437895774841,0.9841791391372681,0.9170627593994141,0.9628992676734924,0.963604211807251
gpt2,formalization,formalization,True,0.6267818212509155,0.7520478963851929,0.8247605562210083,0.62176913022995,0.7407618165016174,0.8221294283866882
gpt2,negation,negation,True,0.9109264612197876,0.9638543128967285,0.925540030002594,0.9917550086975098,0.96886146068573,0.9310055375099182
gpt2,negation,negation,True,0.9246826171875,0.948256254196167,0.9052525162696838,0.9820065498352051,0.9395818114280701,0.8991328477859497
gpt2,negation,negation,True,0.881561279296875,0.9119433164596558,0.8692309856414795,0.9721740484237671,0.9241703748703003,0.8769292235374451
gpt2,negation,negation,True,0.9226601123809814,0.9460070133209229,0.9041284322738647,0.9850607514381409,0.9504873752593994,0.8967857360839844
gpt2,negation,negation,True,0.8930068016052246,0.9496572017669678,0.9091506004333496,0.9902483224868774,0.9613798260688782,0.911127507686615
gpt2,question,past_to_future,False,0.8818548917770386,0.9591708183288574,0.9349122643470764,0.9449445605278015,0.963828444480896,0.9623056054115295
gpt2,question,question,True,0.869438886642456,0.9496620297431946,0.953645646572113,0.9046016931533813,0.9468615651130676,0.971646785736084
gpt2,question,past_to_future,False,0.8842471837997437,0.9743295907974243,0.9541885852813721,0.9490119814872742,0.9782224893569946,0.977051854133606
gpt2,question,question,True,0.8298442363739014,0.9251253604888916,0.9531665444374084,0.8387987613677979,0.9188981056213379,0.9683988690376282
gpt2,question,question,True,0.8944212198257446,0.9669228792190552,0.9673205614089966,0.9359941482543945,0.9686455726623535,0.9833693504333496
gpt2,past_to_future,past_to_future,True,0.9140832424163818,0.9694145321846008,0.9329670667648315,0.9593076705932617,0.9721620082855225,0.9241557717323303
gpt2,past_to_future,certainty_to_uncertainty,False,0.9363439679145813,0.9815880060195923,0.9587047696113586,0.9492402076721191,0.9783697128295898,0.9459558725357056
gpt2,past_to_future,past_to_future,True,0.9053068161010742,0.9743366837501526,0.9572075009346008,0.9453384876251221,0.9871240258216858,0.9500309228897095
gpt2,past_to_future,certainty_to_uncertainty,False,0.9300501346588135,0.9849982857704163,0.9763281345367432,0.9351815581321716,0.9808008074760437,0.9588358998298645
gpt2,past_to_future,past_to_future,True,0.7854212522506714,0.9045248031616211,0.8680580854415894,0.8944764137268066,0.9417567253112793,0.8865827918052673
gpt2,certainty_to_uncertainty,certainty_to_uncertainty,True,0.933022677898407,0.9928659796714783,0.9675065279006958,0.9756301641464233,0.9881414175033569,0.9608141183853149
gpt2,certainty_to_uncertainty,certainty_to_uncertainty,True,0.9366257190704346,0.9896740913391113,0.9600409865379333,0.979137659072876,0.9840103387832642,0.9526216983795166
gpt2,certainty_to_uncertainty,formalization,False,0.9038249850273132,0.9716378450393677,0.9759314656257629,0.9055719375610352,0.9602883458137512,0.9666871428489685
gpt2,certainty_to_uncertainty,certainty_to_uncertainty,True,0.920620322227478,0.978817343711853,0.9679847359657288,0.9355214834213257,0.9689697623252869,0.9660218358039856
gpt2,certainty_to_uncertainty,negation,False,0.9494443535804749,0.9724982976913452,0.9348806142807007,0.9760653376579285,0.9591099619865417,0.9194430112838745
gpt2,active_to_passive,active_to_passive,True,0.6254392266273499,0.4395512640476227,0.45805853605270386,0.44736629724502563,0.4228127598762512,0.4167868494987488
gpt2,active_to_passive,active_to_passive,True,0.9329668283462524,0.8643412590026855,0.8526197671890259,0.862618088722229,0.8452911376953125,0.8265621662139893
gpt2,active_to_passive,active_to_passive,True,0.9261816740036011,0.8360140919685364,0.8296875357627869,0.7878595590591431,0.7991994023323059,0.7721221446990967
gpt2,active_to_passive,active_to_passive,True,0.947037398815155,0.8891662359237671,0.8717992901802063,0.8744924664497375,0.8719354271888733,0.8355017900466919
gpt2,active_to_passive,active_to_passive,True,0.9304077625274658,0.8522701263427734,0.8270881175994873,0.8666353225708008,0.8377124071121216,0.7974735498428345
gpt2,formalization,formalization,True,0.8994685411453247,0.9704940319061279,0.9730322957038879,0.9069415330886841,0.9606583118438721,0.9630736708641052
gpt2,formalization,negation,False,0.9375275373458862,0.9436737298965454,0.9225930571556091,0.9576492309570312,0.9331673383712769,0.9159680008888245
gpt2,formalization,formalization,True,0.9402073621749878,0.9852683544158936,0.985944390296936,0.9333420991897583,0.9723852872848511,0.9656891822814941
gpt2,formalization,formalization,True,0.9163198471069336,0.9712170362472534,0.9822753071784973,0.92572021484375,0.9674926996231079,0.9697264432907104
gpt2,formalization,question,False,0.5855345129966736,0.7085822820663452,0.7653751969337463,0.6168888211250305,0.7131441831588745,0.7896695733070374
gpt2,negation,negation,True,0.891284704208374,0.9495171904563904,0.9178380370140076,0.9920671582221985,0.9577150344848633,0.9306640028953552
gpt2,negation,negation,True,0.9291382431983948,0.9520955085754395,0.9136319160461426,0.9856455326080322,0.9418651461601257,0.9029853343963623
gpt2,negation,negation,True,0.7928715944290161,0.8621084690093994,0.8303146362304688,0.9414650201797485,0.8816125392913818,0.8568976521492004
gpt2,negation,negation,True,0.873202919960022,0.9338419437408447,0.9119693636894226,0.9735325574874878,0.9438308477401733,0.9208142757415771
gpt2,negation,negation,True,0.9016677141189575,0.9633888602256775,0.9308875799179077,0.99233478307724,0.9692144393920898,0.9329431056976318
gpt2,question,question,True,0.8491965532302856,0.9482223987579346,0.9366194605827332,0.939788281917572,0.9544878005981445,0.9770684242248535
gpt2,question,question,True,0.8520227670669556,0.9390252828598022,0.9528694748878479,0.8965613842010498,0.9320061206817627,0.9712182283401489
gpt2,question,question,True,0.8648501038551331,0.9706946015357971,0.9660496711730957,0.9311864376068115,0.9718566536903381,0.9880753755569458
gpt2,question,question,True,0.7628874778747559,0.8631070852279663,0.9100229740142822,0.770090639591217,0.8492538928985596,0.9220418334007263
gpt2,question,question,True,0.8684147596359253,0.950075089931488,0.9620871543884277,0.9219335317611694,0.9499384164810181,0.9819265604019165
gpt2,past_to_future,past_to_future,True,0.9109216332435608,0.9793106317520142,0.9469309449195862,0.9764376282691956,0.9837222099304199,0.9427483081817627
gpt2,past_to_future,past_to_future,True,0.8901910781860352,0.976924479007721,0.9701683521270752,0.9383242130279541,0.9822355508804321,0.9783743619918823
gpt2,past_to_future,past_to_future,True,0.6147944331169128,0.7477253079414368,0.7528039216995239,0.7515647411346436,0.7985717058181763,0.784125030040741
gpt2,past_to_future,formalization,False,0.9049472808837891,0.9624972343444824,0.9716280102729797,0.9061185121536255,0.9553704261779785,0.9511498212814331
gpt2,past_to_future,question,False,0.15980836749076843,0.3817942142486572,0.3824704885482788,0.42014768719673157,0.4691162705421448,0.4823496341705322
gpt2,certainty_to_uncertainty,certainty_to_uncertainty,True,0.9276239275932312,0.9896631836891174,0.9800559282302856,0.9638405442237854,0.9808914661407471,0.9667208194732666
gpt2,certainty_to_uncertainty,certainty_to_uncertainty,True,0.9329078197479248,0.9881086349487305,0.9639430642127991,0.9812161922454834,0.9818446636199951,0.9540663361549377
gpt2,certainty_to_uncertainty,formalization,False,0.8909967541694641,0.9647400379180908,0.9831363558769226,0.8907511234283447,0.9468918442726135,0.970600426197052
gpt2,certainty_to_uncertainty,question,False,0.8987042903900146,0.9767569303512573,0.9798770546913147,0.92421555519104,0.9639164805412292,0.9809725880622864
gpt2,certainty_to_uncertainty,certainty_to_uncertainty,True,0.9523293375968933,0.9845542311668396,0.9603002071380615,0.9783416390419006,0.9685838222503662,0.9436435699462891
gpt2,active_to_passive,negation,False,0.5031013488769531,0.45336467027664185,0.4429851770401001,0.54875248670578,0.44847238063812256,0.4722735285758972
gpt2,active_to_passive,negation,False,0.6145646572113037,0.6231406927108765,0.6186894178390503,0.6764600276947021,0.6153867244720459,0.6470927000045776
gpt2,active_to_passive,negation,False,0.893703818321228,0.869194507598877,0.8416573405265808,0.8969680070877075,0.8489720821380615,0.8372911214828491
gpt2,active_to_passive,negation,False,0.8400516510009766,0.8153378367424011,0.793250560760498,0.8732260465621948,0.805931568145752,0.8034226894378662
gpt2,active_to_passive,negation,False,0.799460768699646,0.7702921628952026,0.7459328174591064,0.8375930786132812,0.7608404159545898,0.7584989666938782
gpt2,formalization,formalization,True,0.9004168510437012,0.972874641418457,0.9857271313667297,0.9056901335716248,0.9574089646339417,0.9700515270233154
gpt2,formalization,negation,False,0.9528346061706543,0.9630745649337769,0.9449350833892822,0.9659420251846313,0.9442045092582703,0.9287669658660889
gpt2,formalization,formalization,True,0.9227343201637268,0.9806646108627319,0.9926788806915283,0.9258754253387451,0.9659779071807861,0.9740035533905029
gpt2,formalization,formalization,True,0.8827871680259705,0.9518923759460449,0.9744137525558472,0.9050208330154419,0.9452611207962036,0.9641021490097046
gpt2,formalization,question,False,0.4641880691051483,0.5933963060379028,0.6740690469741821,0.49782249331474304,0.5879579186439514,0.6923168301582336
gpt2,negation,negation,True,0.9347265958786011,0.9731154441833496,0.9355559349060059,0.9874500632286072,0.9693492650985718,0.9289159774780273
gpt2,negation,negation,True,0.9438681602478027,0.9648908972740173,0.9253270030021667,0.9755881428718567,0.9506932497024536,0.9091174602508545
gpt2,negation,negation,True,0.9353996515274048,0.9619616866111755,0.925216794013977,0.9866222143173218,0.95829176902771,0.9183886051177979
gpt2,negation,negation,True,0.9383409023284912,0.9719967842102051,0.9365131855010986,0.9904925227165222,0.9698282480239868,0.9265398979187012
gpt2,negation,negation,True,0.9328324794769287,0.9718402624130249,0.9329605102539062,0.9865281581878662,0.9693681597709656,0.921383798122406
gpt2,question,certainty_to_uncertainty,False,0.9243159294128418,0.9718549251556396,0.9459711909294128,0.9491844177246094,0.9620373249053955,0.948828399181366
gpt2,question,certainty_to_uncertainty,False,0.9458099007606506,0.9898629188537598,0.9809550046920776,0.942484974861145,0.9727900624275208,0.9696049690246582
gpt2,question,certainty_to_uncertainty,False,0.9299746155738831,0.983751654624939,0.9624801874160767,0.9453333616256714,0.9720675945281982,0.9562628865242004
gpt2,question,formalization,False,0.9343363046646118,0.9803631901741028,0.9815022945404053,0.911938488483429,0.9590736627578735,0.964556097984314
gpt2,question,certainty_to_uncertainty,False,0.9441721439361572,0.9875979423522949,0.9790784120559692,0.9487115144729614,0.9746963977813721,0.9695243835449219
gpt2,past_to_future,certainty_to_uncertainty,False,0.9330649375915527,0.9757595658302307,0.9421542882919312,0.960138738155365,0.9699550271034241,0.9271554350852966
gpt2,past_to_future,certainty_to_uncertainty,False,0.9470539093017578,0.9788842797279358,0.9532313346862793,0.9457989931106567,0.9670804738998413,0.9347184896469116
gpt2,past_to_future,certainty_to_uncertainty,False,0.9448644518852234,0.9800451993942261,0.9500917792320251,0.9619548320770264,0.9768035411834717,0.9323443174362183
gpt2,past_to_future,certainty_to_uncertainty,False,0.9483422040939331,0.9853509068489075,0.9663127064704895,0.9460047483444214,0.9740244150161743,0.9434874653816223
gpt2,past_to_future,past_to_future,True,0.9069408774375916,0.9686776399612427,0.9344496726989746,0.9551522135734558,0.9757528901100159,0.9297765493392944
gpt2,certainty_to_uncertainty,certainty_to_uncertainty,True,0.9477435350418091,0.9902400374412537,0.9647253155708313,0.962893545627594,0.9766741991043091,0.9458357095718384
gpt2,certainty_to_uncertainty,certainty_to_uncertainty,True,0.9497694969177246,0.980975866317749,0.9489024877548218,0.9627372622489929,0.9670121669769287,0.927881121635437
gpt2,certainty_to_uncertainty,certainty_to_uncertainty,True,0.9490450024604797,0.9859328269958496,0.97749924659729,0.9286493062973022,0.964691162109375,0.9522936940193176
gpt2,certainty_to_uncertainty,certainty_to_uncertainty,True,0.9509955644607544,0.9866124391555786,0.9704704284667969,0.940563440322876,0.9672026634216309,0.9511657357215881
gpt2,certainty_to_uncertainty,certainty_to_uncertainty,True,0.9496757388114929,0.9748620986938477,0.9391257762908936,0.9647513628005981,0.9586816430091858,0.9199904203414917
gpt2,active_to_passive,active_to_passive,True,0.9544054865837097,0.9007024765014648,0.8878760933876038,0.889860212802887,0.8810583353042603,0.8553766012191772
gpt2,active_to_passive,active_to_passive,True,0.9708911776542664,0.9545271396636963,0.9439538717269897,0.9254208207130432,0.9333085417747498,0.9145887494087219
gpt2,active_to_passive,active_to_passive,True,0.9613701105117798,0.9197245240211487,0.9080610871315002,0.8811388611793518,0.8912574648857117,0.8655499815940857
gpt2,active_to_passive,active_to_passive,True,0.9627261161804199,0.9432921409606934,0.9241312742233276,0.9188214540481567,0.923397958278656,0.8924225568771362
gpt2,active_to_passive,active_to_passive,True,0.96587073802948,0.9344984889030457,0.9091472029685974,0.9266330599784851,0.9137552380561829,0.8771724104881287
gpt2,formalization,certainty_to_uncertainty,False,0.9459900259971619,0.983439564704895,0.974726676940918,0.9254563450813293,0.9629453420639038,0.9475523233413696
gpt2,formalization,active_to_passive,False,0.9690755009651184,0.9671847820281982,0.9444783926010132,0.9524616599082947,0.9440445303916931,0.9163597822189331
gpt2,formalization,certainty_to_uncertainty,False,0.9472442865371704,0.9804823398590088,0.9741905927658081,0.9279207587242126,0.9614452123641968,0.9465845227241516
gpt2,formalization,certainty_to_uncertainty,False,0.9515661001205444,0.9853641986846924,0.9805291295051575,0.9366296529769897,0.9688115119934082,0.9533425569534302
gpt2,formalization,formalization,True,0.9303046464920044,0.9767539501190186,0.9838778972625732,0.9049924612045288,0.9549958109855652,0.960110068321228
gpt2,negation,negation,True,0.7747539281845093,0.8399991393089294,0.8184366226196289,0.9242918491363525,0.8652819395065308,0.84619140625
gpt2,negation,negation,True,0.913459062576294,0.9401781558990479,0.9014077186584473,0.9795627593994141,0.9333833456039429,0.894253134727478
gpt2,negation,negation,True,0.6693534851074219,0.7219691872596741,0.714981198310852,0.8223921060562134,0.7622132301330566,0.7457507848739624
gpt2,negation,negation,True,0.8581953048706055,0.9102474451065063,0.8950035572052002,0.9571003317832947,0.9264258146286011,0.9001885652542114
gpt2,negation,negation,True,0.843643307685852,0.9322504997253418,0.9071942567825317,0.971132755279541,0.9533697366714478,0.9208192825317383
gpt2,question,question,True,0.5023416876792908,0.6495668292045593,0.658759593963623,0.6806366443634033,0.6920568943023682,0.7645190954208374
gpt2,question,question,True,0.773109495639801,0.8709251284599304,0.905142068862915,0.8174238204956055,0.8691072463989258,0.9330160617828369
gpt2,question,question,True,0.7338470816612244,0.8885630369186401,0.9019430875778198,0.8339012861251831,0.9076796770095825,0.9532573223114014
gpt2,question,question,True,0.6680740118026733,0.782497227191925,0.8487257361412048,0.6692911982536316,0.774061381816864,0.8684554696083069
gpt2,question,question,True,0.8433858752250671,0.9330618381500244,0.9544893503189087,0.895992636680603,0.9370404481887817,0.9786945581436157
gpt2,past_to_future,past_to_future,True,0.923900306224823,0.9809428453445435,0.9575322270393372,0.965610682964325,0.9836761355400085,0.9443358778953552
gpt2,past_to_future,past_to_future,True,0.9225503206253052,0.9864696264266968,0.9769566655158997,0.9451064467430115,0.9867182374000549,0.9711431860923767
gpt2,past_to_future,past_to_future,True,0.9022376537322998,0.9595891833305359,0.9581712484359741,0.9345867037773132,0.9736588001251221,0.9432702660560608
gpt2,past_to_future,formalization,False,0.9046627283096313,0.9724289178848267,0.9810770750045776,0.9192438125610352,0.9728997945785522,0.9663172960281372
gpt2,past_to_future,past_to_future,True,0.6980754137039185,0.8419248461723328,0.8425735235214233,0.8144787549972534,0.8921195864677429,0.8646314740180969
gpt2,certainty_to_uncertainty,certainty_to_uncertainty,True,0.9115790724754333,0.990014910697937,0.9843798875808716,0.9490190744400024,0.9843941926956177,0.9742130041122437
gpt2,certainty_to_uncertainty,certainty_to_uncertainty,True,0.9197711944580078,0.9915511012077332,0.9736000895500183,0.9699803590774536,0.9873821139335632,0.965501606464386
gpt2,certainty_to_uncertainty,formalization,False,0.8617520332336426,0.9485857486724854,0.9739776253700256,0.8650573492050171,0.9357851147651672,0.9655595421791077
gpt2,certainty_to_uncertainty,question,False,0.8832454681396484,0.9646344184875488,0.9773538708686829,0.9006374478340149,0.9542146921157837,0.9784949421882629
gpt2,certainty_to_uncertainty,certainty_to_uncertainty,True,0.9519404172897339,0.9861871600151062,0.9597303867340088,0.9752517938613892,0.9707530736923218,0.9402062296867371
gpt2,active_to_passive,active_to_passive,True,0.932596743106842,0.8444527387619019,0.8499687314033508,0.7795683145523071,0.8057950735092163,0.7876007556915283
gpt2,active_to_passive,active_to_passive,True,0.9515682458877563,0.8959293365478516,0.902798593044281,0.8319356441497803,0.8600290417671204,0.8503435850143433
gpt2,active_to_passive,active_to_passive,True,0.9431246519088745,0.8437979817390442,0.8302556276321411,0.8013789057731628,0.8035410642623901,0.7660987377166748
gpt2,active_to_passive,active_to_passive,True,0.9527966976165771,0.8876051306724548,0.8866528272628784,0.8278365731239319,0.8526846170425415,0.8269215226173401
gpt2,active_to_passive,active_to_passive,True,0.9687650799751282,0.8894745707511902,0.8828814029693604,0.8493484258651733,0.8531734347343445,0.8232841491699219
gpt2,formalization,formalization,True,0.8692407608032227,0.9524455070495605,0.9779700040817261,0.8638544678688049,0.9392271041870117,0.961885392665863
gpt2,formalization,active_to_passive,False,0.948539137840271,0.9389245510101318,0.9341207146644592,0.9383144378662109,0.9172980785369873,0.9108192920684814
gpt2,formalization,formalization,True,0.9139124155044556,0.9724112749099731,0.9897729158401489,0.9103634357452393,0.9589351415634155,0.9690420031547546
gpt2,formalization,formalization,True,0.8507996201515198,0.9173755645751953,0.9581851363182068,0.8516413569450378,0.9110676050186157,0.940615177154541
gpt2,formalization,question,False,0.10976959764957428,0.2400520145893097,0.35785582661628723,0.11013104021549225,0.24236005544662476,0.3773850202560425
