model,language,template_id,pair,relative_commutator_norm,commutator_norm,cosine_ab_ba,noncommutativity
sentence-transformers/paraphrase-multilingual-mpnet-base-v2,en,0,NQ_vs_QN,0.6570460200309753,1.1517325639724731,0.7961603403091431,0.20383965969085693
sentence-transformers/paraphrase-multilingual-mpnet-base-v2,en,0,NM_vs_MN,0.14086580276489258,0.37930718064308167,0.9902420043945312,0.00975799560546875
sentence-transformers/paraphrase-multilingual-mpnet-base-v2,en,0,NT_vs_TN,0.37863436341285706,1.0793449878692627,0.9288513660430908,0.07114863395690918
sentence-transformers/paraphrase-multilingual-mpnet-base-v2,en,0,QM_vs_MQ,0.4738355875015259,0.7535166144371033,0.8879607915878296,0.11203920841217041
sentence-transformers/paraphrase-multilingual-mpnet-base-v2,en,0,QT_vs_TQ,0.6475863456726074,1.13263738155365,0.7903667688369751,0.2096332311630249
sentence-transformers/paraphrase-multilingual-mpnet-base-v2,en,0,MT_vs_TM,0.1063714325428009,0.14923183619976044,0.9945070743560791,0.0054929256439208984
sentence-transformers/paraphrase-multilingual-mpnet-base-v2,en,1,NQ_vs_QN,0.5098939538002014,1.126020073890686,0.8796530961990356,0.12034690380096436
sentence-transformers/paraphrase-multilingual-mpnet-base-v2,en,1,NM_vs_MN,0.10609540343284607,0.33966952562332153,0.9943985939025879,0.005601406097412109
sentence-transformers/paraphrase-multilingual-mpnet-base-v2,en,1,NT_vs_TN,0.3732491433620453,1.227645993232727,0.9319342374801636,0.06806576251983643
sentence-transformers/paraphrase-multilingual-mpnet-base-v2,en,1,QM_vs_MQ,0.3435935974121094,0.6709146499633789,0.942474365234375,0.057525634765625
sentence-transformers/paraphrase-multilingual-mpnet-base-v2,en,1,QT_vs_TQ,0.5675591826438904,1.1237564086914062,0.8403151035308838,0.1596848964691162
sentence-transformers/paraphrase-multilingual-mpnet-base-v2,en,1,MT_vs_TM,0.23279288411140442,0.29532384872436523,0.9765970706939697,0.023402929306030273
sentence-transformers/paraphrase-multilingual-mpnet-base-v2,en,2,NQ_vs_QN,0.4532095789909363,0.9734300971031189,0.9106792211532593,0.08932077884674072
sentence-transformers/paraphrase-multilingual-mpnet-base-v2,en,2,NM_vs_MN,0.09945160895586014,0.33267685770988464,0.9950610995292664,0.004938900470733643
sentence-transformers/paraphrase-multilingual-mpnet-base-v2,en,2,NT_vs_TN,0.37760865688323975,1.2756763696670532,0.9327120780944824,0.06728792190551758
sentence-transformers/paraphrase-multilingual-mpnet-base-v2,en,2,QM_vs_MQ,0.2879487872123718,0.5622056722640991,0.9585879445075989,0.04141205549240112
sentence-transformers/paraphrase-multilingual-mpnet-base-v2,en,2,QT_vs_TQ,0.43712863326072693,0.8154371976852417,0.9051668643951416,0.0948331356048584
sentence-transformers/paraphrase-multilingual-mpnet-base-v2,en,2,MT_vs_TM,0.1951393187046051,0.30466046929359436,0.9842153787612915,0.015784621238708496
sentence-transformers/paraphrase-multilingual-mpnet-base-v2,en,3,NQ_vs_QN,0.5506611466407776,1.0902303457260132,0.856995701789856,0.14300429821014404
sentence-transformers/paraphrase-multilingual-mpnet-base-v2,en,3,NM_vs_MN,0.05772126466035843,0.1762179285287857,0.9983455538749695,0.0016544461250305176
sentence-transformers/paraphrase-multilingual-mpnet-base-v2,en,3,NT_vs_TN,0.39246895909309387,1.2699792385101318,0.9241692423820496,0.07583075761795044
sentence-transformers/paraphrase-multilingual-mpnet-base-v2,en,3,QM_vs_MQ,0.44092002511024475,0.7793920040130615,0.9028207659721375,0.09717923402786255
sentence-transformers/paraphrase-multilingual-mpnet-base-v2,en,3,QT_vs_TQ,0.5784433484077454,1.1121219396591187,0.8328614830970764,0.16713851690292358
sentence-transformers/paraphrase-multilingual-mpnet-base-v2,en,3,MT_vs_TM,0.081581711769104,0.1370471864938736,0.9970982074737549,0.002901792526245117
sentence-transformers/paraphrase-multilingual-mpnet-base-v2,en,4,NQ_vs_QN,0.5403693318367004,1.0407400131225586,0.8766855597496033,0.12331444025039673
sentence-transformers/paraphrase-multilingual-mpnet-base-v2,en,4,NM_vs_MN,0.07485392689704895,0.2269304394721985,0.9972317814826965,0.002768218517303467
sentence-transformers/paraphrase-multilingual-mpnet-base-v2,en,4,NT_vs_TN,0.45958495140075684,1.4804497957229614,0.8991481065750122,0.10085189342498779
sentence-transformers/paraphrase-multilingual-mpnet-base-v2,en,4,QM_vs_MQ,0.3843974471092224,0.6205835938453674,0.926217794418335,0.07378220558166504
sentence-transformers/paraphrase-multilingual-mpnet-base-v2,en,4,QT_vs_TQ,0.49646496772766113,0.8247215151786804,0.8802788257598877,0.1197211742401123
sentence-transformers/paraphrase-multilingual-mpnet-base-v2,en,4,MT_vs_TM,0.12188094109296799,0.1551421880722046,0.9941591024398804,0.005840897560119629
sentence-transformers/paraphrase-multilingual-mpnet-base-v2,en,5,NQ_vs_QN,0.5764588713645935,1.2162487506866455,0.8419853448867798,0.15801465511322021
sentence-transformers/paraphrase-multilingual-mpnet-base-v2,en,5,NM_vs_MN,0.15136633813381195,0.46849775314331055,0.9886037111282349,0.011396288871765137
sentence-transformers/paraphrase-multilingual-mpnet-base-v2,en,5,NT_vs_TN,0.37114647030830383,1.2119898796081543,0.9312807321548462,0.06871926784515381
sentence-transformers/paraphrase-multilingual-mpnet-base-v2,en,5,QM_vs_MQ,0.40484243631362915,0.7807149887084961,0.9180630445480347,0.08193695545196533
sentence-transformers/paraphrase-multilingual-mpnet-base-v2,en,5,QT_vs_TQ,0.6529023051261902,1.309823751449585,0.78693687915802,0.21306312084197998
sentence-transformers/paraphrase-multilingual-mpnet-base-v2,en,5,MT_vs_TM,0.1033206582069397,0.157700777053833,0.9948177337646484,0.0051822662353515625
sentence-transformers/paraphrase-multilingual-mpnet-base-v2,en,6,NQ_vs_QN,0.5114194750785828,1.0486068725585938,0.8858388662338257,0.11416113376617432
sentence-transformers/paraphrase-multilingual-mpnet-base-v2,en,6,NM_vs_MN,0.0426001250743866,0.12953788042068481,0.9990967512130737,0.0009032487869262695
sentence-transformers/paraphrase-multilingual-mpnet-base-v2,en,6,NT_vs_TN,0.3235936164855957,1.0109182596206665,0.9476435780525208,0.05235642194747925
sentence-transformers/paraphrase-multilingual-mpnet-base-v2,en,6,QM_vs_MQ,0.37232521176338196,0.6684179902076721,0.9307059049606323,0.06929409503936768
sentence-transformers/paraphrase-multilingual-mpnet-base-v2,en,6,QT_vs_TQ,0.5565457344055176,1.0525238513946533,0.8451376557350159,0.15486234426498413
sentence-transformers/paraphrase-multilingual-mpnet-base-v2,en,6,MT_vs_TM,0.09896186739206314,0.12236904352903366,0.9951080083847046,0.00489199161529541
sentence-transformers/paraphrase-multilingual-mpnet-base-v2,en,7,NQ_vs_QN,0.500426173210144,1.1652214527130127,0.8857095837593079,0.11429041624069214
sentence-transformers/paraphrase-multilingual-mpnet-base-v2,en,7,NM_vs_MN,0.05533390864729881,0.1877012848854065,0.9984862804412842,0.0015137195587158203
sentence-transformers/paraphrase-multilingual-mpnet-base-v2,en,7,NT_vs_TN,0.3949430584907532,1.3314591646194458,0.9224238991737366,0.07757610082626343
sentence-transformers/paraphrase-multilingual-mpnet-base-v2,en,7,QM_vs_MQ,0.3941121995449066,0.7725558280944824,0.9250390529632568,0.07496094703674316
sentence-transformers/paraphrase-multilingual-mpnet-base-v2,en,7,QT_vs_TQ,0.5739381909370422,1.2050758600234985,0.8360139727592468,0.16398602724075317
sentence-transformers/paraphrase-multilingual-mpnet-base-v2,en,7,MT_vs_TM,0.21690399944782257,0.22838206589221954,0.9779594540596008,0.02204054594039917
sentence-transformers/paraphrase-multilingual-mpnet-base-v2,en,8,NQ_vs_QN,0.47106027603149414,1.037208080291748,0.9070090055465698,0.09299099445343018
sentence-transformers/paraphrase-multilingual-mpnet-base-v2,en,8,NM_vs_MN,0.039399802684783936,0.12528565526008606,0.9992243051528931,0.0007756948471069336
sentence-transformers/paraphrase-multilingual-mpnet-base-v2,en,8,NT_vs_TN,0.30591505765914917,1.0017602443695068,0.9532085657119751,0.0467914342880249
sentence-transformers/paraphrase-multilingual-mpnet-base-v2,en,8,QM_vs_MQ,0.3462706208229065,0.6541397571563721,0.9400539994239807,0.05994600057601929
sentence-transformers/paraphrase-multilingual-mpnet-base-v2,en,8,QT_vs_TQ,0.5202241539955139,1.0398852825164795,0.8647401332855225,0.13525986671447754
sentence-transformers/paraphrase-multilingual-mpnet-base-v2,en,8,MT_vs_TM,0.09605005383491516,0.11945873498916626,0.9953888058662415,0.004611194133758545
sentence-transformers/paraphrase-multilingual-mpnet-base-v2,en,9,NQ_vs_QN,0.4982341229915619,1.0553754568099976,0.8851199150085449,0.11488008499145508
sentence-transformers/paraphrase-multilingual-mpnet-base-v2,en,9,NM_vs_MN,0.05903758853673935,0.19031864404678345,0.9982735514640808,0.0017264485359191895
sentence-transformers/paraphrase-multilingual-mpnet-base-v2,en,9,NT_vs_TN,0.4600221812725067,1.4855594635009766,0.8960524797439575,0.10394752025604248
sentence-transformers/paraphrase-multilingual-mpnet-base-v2,en,9,QM_vs_MQ,0.3793567419052124,0.6772599816322327,0.9324242472648621,0.06757575273513794
sentence-transformers/paraphrase-multilingual-mpnet-base-v2,en,9,QT_vs_TQ,0.5500448942184448,1.054274320602417,0.8494701385498047,0.1505298614501953
sentence-transformers/paraphrase-multilingual-mpnet-base-v2,en,9,MT_vs_TM,0.21177175641059875,0.2825542390346527,0.9837760925292969,0.016223907470703125
sentence-transformers/paraphrase-multilingual-mpnet-base-v2,en,10,NQ_vs_QN,0.507588803768158,1.2214813232421875,0.8806113600730896,0.1193886399269104
sentence-transformers/paraphrase-multilingual-mpnet-base-v2,en,10,NM_vs_MN,0.046125590801239014,0.15449415147304535,0.9990106821060181,0.0009893178939819336
sentence-transformers/paraphrase-multilingual-mpnet-base-v2,en,10,NT_vs_TN,0.4505266845226288,1.5886279344558716,0.8986417055130005,0.10135829448699951
sentence-transformers/paraphrase-multilingual-mpnet-base-v2,en,10,QM_vs_MQ,0.3735564947128296,0.7913998961448669,0.930235743522644,0.06976425647735596
sentence-transformers/paraphrase-multilingual-mpnet-base-v2,en,10,QT_vs_TQ,0.5782199501991272,1.2983053922653198,0.8330205678939819,0.16697943210601807
sentence-transformers/paraphrase-multilingual-mpnet-base-v2,en,10,MT_vs_TM,0.12384042143821716,0.1883160024881363,0.9923408031463623,0.007659196853637695
sentence-transformers/paraphrase-multilingual-mpnet-base-v2,en,11,NQ_vs_QN,0.6117671132087708,1.319333791732788,0.8162808418273926,0.18371915817260742
sentence-transformers/paraphrase-multilingual-mpnet-base-v2,en,11,NM_vs_MN,0.06603700667619705,0.20122520625591278,0.9978196024894714,0.0021803975105285645
sentence-transformers/paraphrase-multilingual-mpnet-base-v2,en,11,NT_vs_TN,0.5091435313224792,1.6385520696640015,0.8704489469528198,0.12955105304718018
sentence-transformers/paraphrase-multilingual-mpnet-base-v2,en,11,QM_vs_MQ,0.5027148723602295,1.0109244585037231,0.8738923072814941,0.12610769271850586
sentence-transformers/paraphrase-multilingual-mpnet-base-v2,en,11,QT_vs_TQ,0.6787853240966797,1.454537034034729,0.7700904607772827,0.22990953922271729
sentence-transformers/paraphrase-multilingual-mpnet-base-v2,en,11,MT_vs_TM,0.08706313371658325,0.14062194526195526,0.9962534308433533,0.0037465691566467285
sentence-transformers/paraphrase-multilingual-mpnet-base-v2,en,12,NQ_vs_QN,0.4628605842590332,0.9886805415153503,0.9055660963058472,0.09443390369415283
sentence-transformers/paraphrase-multilingual-mpnet-base-v2,en,12,NM_vs_MN,0.14376506209373474,0.4500798285007477,0.9896860122680664,0.010313987731933594
sentence-transformers/paraphrase-multilingual-mpnet-base-v2,en,12,NT_vs_TN,0.3414823114871979,1.1336652040481567,0.9434726238250732,0.05652737617492676
sentence-transformers/paraphrase-multilingual-mpnet-base-v2,en,12,QM_vs_MQ,0.29359808564186096,0.5660412311553955,0.9569014310836792,0.0430985689163208
sentence-transformers/paraphrase-multilingual-mpnet-base-v2,en,12,QT_vs_TQ,0.4537677466869354,0.8495855927467346,0.8976328372955322,0.10236716270446777
sentence-transformers/paraphrase-multilingual-mpnet-base-v2,en,12,MT_vs_TM,0.1573372781276703,0.20645877718925476,0.9877239465713501,0.012276053428649902
sentence-transformers/paraphrase-multilingual-mpnet-base-v2,en,13,NQ_vs_QN,0.5169646739959717,0.8748805522918701,0.8843717575073242,0.11562824249267578
sentence-transformers/paraphrase-multilingual-mpnet-base-v2,en,13,NM_vs_MN,0.11370538920164108,0.3040545582771301,0.9935454726219177,0.006454527378082275
sentence-transformers/paraphrase-multilingual-mpnet-base-v2,en,13,NT_vs_TN,0.4521633982658386,1.2396570444107056,0.9024766087532043,0.09752339124679565
sentence-transformers/paraphrase-multilingual-mpnet-base-v2,en,13,QM_vs_MQ,0.3265267312526703,0.4909249246120453,0.9477297067642212,0.05227029323577881
sentence-transformers/paraphrase-multilingual-mpnet-base-v2,en,13,QT_vs_TQ,0.47237008810043335,0.7231419086456299,0.8884598016738892,0.11154019832611084
sentence-transformers/paraphrase-multilingual-mpnet-base-v2,en,13,MT_vs_TM,0.18941630423069,0.2419978827238083,0.9836013913154602,0.016398608684539795
sentence-transformers/paraphrase-multilingual-mpnet-base-v2,en,14,NQ_vs_QN,0.5788562297821045,1.2859721183776855,0.8444743156433105,0.15552568435668945
sentence-transformers/paraphrase-multilingual-mpnet-base-v2,en,14,NM_vs_MN,0.03854181244969368,0.12748409807682037,0.9992610812187195,0.0007389187812805176
sentence-transformers/paraphrase-multilingual-mpnet-base-v2,en,14,NT_vs_TN,0.34988322854042053,1.1701335906982422,0.9395543336868286,0.06044566631317139
sentence-transformers/paraphrase-multilingual-mpnet-base-v2,en,14,QM_vs_MQ,0.38601258397102356,0.7027472853660583,0.9301101565361023,0.0698898434638977
sentence-transformers/paraphrase-multilingual-mpnet-base-v2,en,14,QT_vs_TQ,0.6582252979278564,1.292064905166626,0.783469557762146,0.216530442237854
sentence-transformers/paraphrase-multilingual-mpnet-base-v2,en,14,MT_vs_TM,0.11416637152433395,0.14942511916160583,0.9938398599624634,0.006160140037536621
sentence-transformers/paraphrase-multilingual-mpnet-base-v2,en,15,NQ_vs_QN,0.4746040999889374,1.0491715669631958,0.8970800638198853,0.10291993618011475
sentence-transformers/paraphrase-multilingual-mpnet-base-v2,en,15,NM_vs_MN,0.09855812788009644,0.28869014978408813,0.9952487349510193,0.004751265048980713
sentence-transformers/paraphrase-multilingual-mpnet-base-v2,en,15,NT_vs_TN,0.431338369846344,1.3178845643997192,0.9075285196304321,0.09247148036956787
sentence-transformers/paraphrase-multilingual-mpnet-base-v2,en,15,QM_vs_MQ,0.408415287733078,0.8127838373184204,0.9165987372398376,0.08340126276016235
sentence-transformers/paraphrase-multilingual-mpnet-base-v2,en,15,QT_vs_TQ,0.5433245897293091,1.1285074949264526,0.8524793386459351,0.14752066135406494
sentence-transformers/paraphrase-multilingual-mpnet-base-v2,en,15,MT_vs_TM,0.16350388526916504,0.2140599638223648,0.9885584115982056,0.011441588401794434
sentence-transformers/paraphrase-multilingual-mpnet-base-v2,en,16,NQ_vs_QN,0.4842992126941681,0.9819924831390381,0.9044110774993896,0.09558892250061035
sentence-transformers/paraphrase-multilingual-mpnet-base-v2,en,16,NM_vs_MN,0.13172563910484314,0.4148593246936798,0.9917027950286865,0.008297204971313477
sentence-transformers/paraphrase-multilingual-mpnet-base-v2,en,16,NT_vs_TN,0.40104520320892334,1.3081374168395996,0.9215851426124573,0.07841485738754272
sentence-transformers/paraphrase-multilingual-mpnet-base-v2,en,16,QM_vs_MQ,0.2998480200767517,0.5193253755569458,0.9566090106964111,0.04339098930358887
sentence-transformers/paraphrase-multilingual-mpnet-base-v2,en,16,QT_vs_TQ,0.4248413145542145,0.726240336894989,0.9105643033981323,0.08943569660186768
sentence-transformers/paraphrase-multilingual-mpnet-base-v2,en,16,MT_vs_TM,0.1777498573064804,0.2153463214635849,0.9844700694084167,0.015529930591583252
sentence-transformers/paraphrase-multilingual-mpnet-base-v2,en,17,NQ_vs_QN,0.48626288771629333,0.97906494140625,0.8980222940444946,0.10197770595550537
sentence-transformers/paraphrase-multilingual-mpnet-base-v2,en,17,NM_vs_MN,0.09985163062810898,0.29488030076026917,0.9950205087661743,0.004979491233825684
sentence-transformers/paraphrase-multilingual-mpnet-base-v2,en,17,NT_vs_TN,0.4721089005470276,1.4665412902832031,0.8896580934524536,0.11034190654754639
sentence-transformers/paraphrase-multilingual-mpnet-base-v2,en,17,QM_vs_MQ,0.31087973713874817,0.5645130276679993,0.9517162442207336,0.04828375577926636
sentence-transformers/paraphrase-multilingual-mpnet-base-v2,en,17,QT_vs_TQ,0.4927007257938385,0.8989806771278381,0.8787662386894226,0.12123376131057739
sentence-transformers/paraphrase-multilingual-mpnet-base-v2,en,17,MT_vs_TM,0.1173425167798996,0.1505160927772522,0.993175745010376,0.0068242549896240234
sentence-transformers/paraphrase-multilingual-mpnet-base-v2,en,18,NQ_vs_QN,0.48597028851509094,1.027374267578125,0.8981388211250305,0.10186117887496948
sentence-transformers/paraphrase-multilingual-mpnet-base-v2,en,18,NM_vs_MN,0.092673659324646,0.30425989627838135,0.9957389235496521,0.0042610764503479
sentence-transformers/paraphrase-multilingual-mpnet-base-v2,en,18,NT_vs_TN,0.3501649796962738,1.1597023010253906,0.9400520324707031,0.059947967529296875
sentence-transformers/paraphrase-multilingual-mpnet-base-v2,en,18,QM_vs_MQ,0.29923588037490845,0.5613718628883362,0.9552311301231384,0.04476886987686157
sentence-transformers/paraphrase-multilingual-mpnet-base-v2,en,18,QT_vs_TQ,0.48299869894981384,0.8937166333198547,0.8835688829421997,0.11643111705780029
sentence-transformers/paraphrase-multilingual-mpnet-base-v2,en,18,MT_vs_TM,0.1486133486032486,0.19816508889198303,0.9891477823257446,0.010852217674255371
sentence-transformers/paraphrase-multilingual-mpnet-base-v2,en,19,NQ_vs_QN,0.6068414449691772,1.0865302085876465,0.8218659162521362,0.17813408374786377
sentence-transformers/paraphrase-multilingual-mpnet-base-v2,en,19,NM_vs_MN,0.08913180977106094,0.2491374909877777,0.9964163899421692,0.0035836100578308105
sentence-transformers/paraphrase-multilingual-mpnet-base-v2,en,19,NT_vs_TN,0.3535423278808594,1.0670408010482788,0.9375410079956055,0.06245899200439453
sentence-transformers/paraphrase-multilingual-mpnet-base-v2,en,19,QM_vs_MQ,0.4270542860031128,0.7254625558853149,0.909083902835846,0.09091609716415405
sentence-transformers/paraphrase-multilingual-mpnet-base-v2,en,19,QT_vs_TQ,0.6175450682640076,1.1219425201416016,0.8093776702880859,0.19062232971191406
sentence-transformers/paraphrase-multilingual-mpnet-base-v2,en,19,MT_vs_TM,0.12549591064453125,0.1936987191438675,0.9922288060188293,0.007771193981170654
sentence-transformers/paraphrase-multilingual-mpnet-base-v2,en,20,NQ_vs_QN,0.4969985783100128,1.0747175216674805,0.8942275047302246,0.10577249526977539
sentence-transformers/paraphrase-multilingual-mpnet-base-v2,en,20,NM_vs_MN,0.05132858827710152,0.17622293531894684,0.9987309575080872,0.0012690424919128418
sentence-transformers/paraphrase-multilingual-mpnet-base-v2,en,20,NT_vs_TN,0.3989049196243286,1.3584480285644531,0.9212490320205688,0.07875096797943115
sentence-transformers/paraphrase-multilingual-mpnet-base-v2,en,20,QM_vs_MQ,0.31544655561447144,0.5685882568359375,0.9507179260253906,0.049282073974609375
sentence-transformers/paraphrase-multilingual-mpnet-base-v2,en,20,QT_vs_TQ,0.49256208539009094,0.9380019307136536,0.8788190484046936,0.1211809515953064
sentence-transformers/paraphrase-multilingual-mpnet-base-v2,en,20,MT_vs_TM,0.08887670189142227,0.11252070218324661,0.996101438999176,0.0038985610008239746
sentence-transformers/paraphrase-multilingual-mpnet-base-v2,en,21,NQ_vs_QN,0.4533446431159973,1.1204544305801392,0.9025046825408936,0.09749531745910645
sentence-transformers/paraphrase-multilingual-mpnet-base-v2,en,21,NM_vs_MN,0.04909369349479675,0.16238674521446228,0.998838484287262,0.0011615157127380371
sentence-transformers/paraphrase-multilingual-mpnet-base-v2,en,21,NT_vs_TN,0.33552953600883484,1.1027849912643433,0.9440840482711792,0.0559159517288208
sentence-transformers/paraphrase-multilingual-mpnet-base-v2,en,21,QM_vs_MQ,0.39485761523246765,0.8661061525344849,0.9232088327407837,0.07679116725921631
sentence-transformers/paraphrase-multilingual-mpnet-base-v2,en,21,QT_vs_TQ,0.5387229919433594,1.2630589008331299,0.8556735515594482,0.14432644844055176
sentence-transformers/paraphrase-multilingual-mpnet-base-v2,en,21,MT_vs_TM,0.09063687175512314,0.14428114891052246,0.996584415435791,0.0034155845642089844
sentence-transformers/paraphrase-multilingual-mpnet-base-v2,en,22,NQ_vs_QN,0.46640199422836304,0.9024195671081543,0.9031981229782104,0.09680187702178955
sentence-transformers/paraphrase-multilingual-mpnet-base-v2,en,22,NM_vs_MN,0.05471639707684517,0.16043347120285034,0.9985048174858093,0.0014951825141906738
sentence-transformers/paraphrase-multilingual-mpnet-base-v2,en,22,NT_vs_TN,0.526159405708313,1.5955893993377686,0.8647372722625732,0.13526272773742676
sentence-transformers/paraphrase-multilingual-mpnet-base-v2,en,22,QM_vs_MQ,0.3302033245563507,0.5614456534385681,0.9455032348632812,0.05449676513671875
sentence-transformers/paraphrase-multilingual-mpnet-base-v2,en,22,QT_vs_TQ,0.45755502581596375,0.81489098072052,0.895469069480896,0.104530930519104
sentence-transformers/paraphrase-multilingual-mpnet-base-v2,en,22,MT_vs_TM,0.09251172095537186,0.1241464912891388,0.9960529208183289,0.003947079181671143
sentence-transformers/paraphrase-multilingual-mpnet-base-v2,en,23,NQ_vs_QN,0.558459997177124,1.3028974533081055,0.856791615486145,0.14320838451385498
sentence-transformers/paraphrase-multilingual-mpnet-base-v2,en,23,NM_vs_MN,0.06966285407543182,0.25431209802627563,0.9976943135261536,0.0023056864738464355
sentence-transformers/paraphrase-multilingual-mpnet-base-v2,en,23,NT_vs_TN,0.35115474462509155,1.2274274826049805,0.9389272928237915,0.061072707176208496
sentence-transformers/paraphrase-multilingual-mpnet-base-v2,en,23,QM_vs_MQ,0.37593594193458557,0.7135656476020813,0.9330244064331055,0.06697559356689453
sentence-transformers/paraphrase-multilingual-mpnet-base-v2,en,23,QT_vs_TQ,0.6358739137649536,1.3153618574142456,0.7978466153144836,0.20215338468551636
sentence-transformers/paraphrase-multilingual-mpnet-base-v2,en,23,MT_vs_TM,0.13467541337013245,0.18549244105815887,0.9918214082717896,0.00817859172821045
sentence-transformers/paraphrase-multilingual-mpnet-base-v2,en,24,NQ_vs_QN,0.5417137742042542,1.2023167610168457,0.8636525869369507,0.13634741306304932
sentence-transformers/paraphrase-multilingual-mpnet-base-v2,en,24,NM_vs_MN,0.07863038778305054,0.26805704832077026,0.9970303177833557,0.002969682216644287
sentence-transformers/paraphrase-multilingual-mpnet-base-v2,en,24,NT_vs_TN,0.3652229607105255,1.2124264240264893,0.9348337650299072,0.06516623497009277
sentence-transformers/paraphrase-multilingual-mpnet-base-v2,en,24,QM_vs_MQ,0.33376237750053406,0.6589179635047913,0.9449056386947632,0.055094361305236816
sentence-transformers/paraphrase-multilingual-mpnet-base-v2,en,24,QT_vs_TQ,0.5906391143798828,1.1983166933059692,0.8255784511566162,0.1744215488433838
sentence-transformers/paraphrase-multilingual-mpnet-base-v2,en,24,MT_vs_TM,0.12636008858680725,0.18846403062343597,0.9920746088027954,0.00792539119720459
sentence-transformers/paraphrase-multilingual-mpnet-base-v2,en,25,NQ_vs_QN,0.4962051510810852,1.0101149082183838,0.8974822759628296,0.10251772403717041
sentence-transformers/paraphrase-multilingual-mpnet-base-v2,en,25,NM_vs_MN,0.04943227767944336,0.14896710216999054,0.9988519549369812,0.0011480450630187988
sentence-transformers/paraphrase-multilingual-mpnet-base-v2,en,25,NT_vs_TN,0.40232932567596436,1.2893871068954468,0.9207902550697327,0.07920974493026733
sentence-transformers/paraphrase-multilingual-mpnet-base-v2,en,25,QM_vs_MQ,0.3143855035305023,0.5271033644676208,0.9509974718093872,0.04900252819061279
sentence-transformers/paraphrase-multilingual-mpnet-base-v2,en,25,QT_vs_TQ,0.4675367772579193,0.8144376873970032,0.8932654857635498,0.1067345142364502
sentence-transformers/paraphrase-multilingual-mpnet-base-v2,en,25,MT_vs_TM,0.08983767032623291,0.10789664834737778,0.996284008026123,0.003715991973876953
sentence-transformers/paraphrase-multilingual-mpnet-base-v2,en,26,NQ_vs_QN,0.5151777863502502,1.240899682044983,0.878664493560791,0.12133550643920898
sentence-transformers/paraphrase-multilingual-mpnet-base-v2,en,26,NM_vs_MN,0.06657684594392776,0.2176455855369568,0.9977889060974121,0.0022110939025878906
sentence-transformers/paraphrase-multilingual-mpnet-base-v2,en,26,NT_vs_TN,0.36977460980415344,1.277747392654419,0.9319860339164734,0.06801396608352661
sentence-transformers/paraphrase-multilingual-mpnet-base-v2,en,26,QM_vs_MQ,0.4229629635810852,0.867872416973114,0.9114800691604614,0.08851993083953857
sentence-transformers/paraphrase-multilingual-mpnet-base-v2,en,26,QT_vs_TQ,0.6022689938545227,1.2689226865768433,0.820858359336853,0.17914164066314697
sentence-transformers/paraphrase-multilingual-mpnet-base-v2,en,26,MT_vs_TM,0.10981610417366028,0.13122770190238953,0.9942800998687744,0.005719900131225586
sentence-transformers/paraphrase-multilingual-mpnet-base-v2,en,27,NQ_vs_QN,0.5245468020439148,1.069980263710022,0.8791514039039612,0.12084859609603882
sentence-transformers/paraphrase-multilingual-mpnet-base-v2,en,27,NM_vs_MN,0.10744182765483856,0.3370516300201416,0.9944173097610474,0.005582690238952637
sentence-transformers/paraphrase-multilingual-mpnet-base-v2,en,27,NT_vs_TN,0.37984830141067505,1.2163498401641846,0.9284461736679077,0.07155382633209229
sentence-transformers/paraphrase-multilingual-mpnet-base-v2,en,27,QM_vs_MQ,0.3334421217441559,0.6066697835922241,0.9444085955619812,0.0555914044380188
sentence-transformers/paraphrase-multilingual-mpnet-base-v2,en,27,QT_vs_TQ,0.49651673436164856,0.9001924395561218,0.876828134059906,0.123171865940094
sentence-transformers/paraphrase-multilingual-mpnet-base-v2,en,27,MT_vs_TM,0.13715650141239166,0.17046046257019043,0.9908328652381897,0.009167134761810303
sentence-transformers/paraphrase-multilingual-mpnet-base-v2,en,28,NQ_vs_QN,0.5619513392448425,1.3117812871932983,0.8527600765228271,0.14723992347717285
sentence-transformers/paraphrase-multilingual-mpnet-base-v2,en,28,NM_vs_MN,0.06424489617347717,0.20359161496162415,0.9979786276817322,0.0020213723182678223
sentence-transformers/paraphrase-multilingual-mpnet-base-v2,en,28,NT_vs_TN,0.45349985361099243,1.5412030220031738,0.8971911072731018,0.1028088927268982
sentence-transformers/paraphrase-multilingual-mpnet-base-v2,en,28,QM_vs_MQ,0.36199063062667847,0.7482030987739563,0.9348354935646057,0.06516450643539429
sentence-transformers/paraphrase-multilingual-mpnet-base-v2,en,28,QT_vs_TQ,0.6545647978782654,1.4067661762237549,0.7858039140701294,0.2141960859298706
sentence-transformers/paraphrase-multilingual-mpnet-base-v2,en,28,MT_vs_TM,0.09283504635095596,0.11885450780391693,0.9956988096237183,0.004301190376281738
sentence-transformers/paraphrase-multilingual-mpnet-base-v2,en,29,NQ_vs_QN,0.43666884303092957,0.9736476540565491,0.9186084270477295,0.08139157295227051
sentence-transformers/paraphrase-multilingual-mpnet-base-v2,en,29,NM_vs_MN,0.06595055013895035,0.22036442160606384,0.9980075359344482,0.001992464065551758
sentence-transformers/paraphrase-multilingual-mpnet-base-v2,en,29,NT_vs_TN,0.37197309732437134,1.2329849004745483,0.9308702945709229,0.06912970542907715
sentence-transformers/paraphrase-multilingual-mpnet-base-v2,en,29,QM_vs_MQ,0.33536529541015625,0.6555896997451782,0.9438387155532837,0.05616128444671631
sentence-transformers/paraphrase-multilingual-mpnet-base-v2,en,29,QT_vs_TQ,0.4997701942920685,1.0235297679901123,0.8751236200332642,0.12487637996673584
sentence-transformers/paraphrase-multilingual-mpnet-base-v2,en,29,MT_vs_TM,0.1426030993461609,0.18453100323677063,0.9898360967636108,0.01016390323638916
sentence-transformers/paraphrase-multilingual-mpnet-base-v2,en,30,NQ_vs_QN,0.5724127292633057,1.0736037492752075,0.8453293442726135,0.15467065572738647
sentence-transformers/paraphrase-multilingual-mpnet-base-v2,en,30,NM_vs_MN,0.048285819590091705,0.14446815848350525,0.9989368915557861,0.0010631084442138672
sentence-transformers/paraphrase-multilingual-mpnet-base-v2,en,30,NT_vs_TN,0.3720752000808716,1.1505452394485474,0.9308169484138489,0.06918305158615112
sentence-transformers/paraphrase-multilingual-mpnet-base-v2,en,30,QM_vs_MQ,0.4697583317756653,0.7737531661987305,0.8904117941856384,0.10958820581436157
sentence-transformers/paraphrase-multilingual-mpnet-base-v2,en,30,QT_vs_TQ,0.5921887159347534,1.0849366188049316,0.8246686458587646,0.17533135414123535
sentence-transformers/paraphrase-multilingual-mpnet-base-v2,en,30,MT_vs_TM,0.09112126380205154,0.12364567071199417,0.9959027767181396,0.0040972232818603516
sentence-transformers/paraphrase-multilingual-mpnet-base-v2,en,31,NQ_vs_QN,0.515198290348053,1.1346275806427002,0.8724173903465271,0.1275826096534729
sentence-transformers/paraphrase-multilingual-mpnet-base-v2,en,31,NM_vs_MN,0.07391141355037689,0.22507953643798828,0.9973662495613098,0.0026337504386901855
sentence-transformers/paraphrase-multilingual-mpnet-base-v2,en,31,NT_vs_TN,0.3886600732803345,1.2303754091262817,0.9249356389045715,0.07506436109542847
sentence-transformers/paraphrase-multilingual-mpnet-base-v2,en,31,QM_vs_MQ,0.4583824872970581,0.9185252785682678,0.896142840385437,0.10385715961456299
sentence-transformers/paraphrase-multilingual-mpnet-base-v2,en,31,QT_vs_TQ,0.6119256615638733,1.320701003074646,0.8127745389938354,0.18722546100616455
sentence-transformers/paraphrase-multilingual-mpnet-base-v2,en,31,MT_vs_TM,0.070659339427948,0.10497264564037323,0.9978727102279663,0.0021272897720336914
sentence-transformers/paraphrase-multilingual-mpnet-base-v2,en,32,NQ_vs_QN,0.5150594711303711,1.044995665550232,0.8709645867347717,0.12903541326522827
sentence-transformers/paraphrase-multilingual-mpnet-base-v2,en,32,NM_vs_MN,0.06659913063049316,0.19384035468101501,0.9978047013282776,0.002195298671722412
sentence-transformers/paraphrase-multilingual-mpnet-base-v2,en,32,NT_vs_TN,0.3612118065357208,1.0933822393417358,0.9353953003883362,0.06460469961166382
sentence-transformers/paraphrase-multilingual-mpnet-base-v2,en,32,QM_vs_MQ,0.46826088428497314,0.8890538215637207,0.8916211128234863,0.10837888717651367
sentence-transformers/paraphrase-multilingual-mpnet-base-v2,en,32,QT_vs_TQ,0.617171585559845,1.238145112991333,0.809968113899231,0.19003188610076904
sentence-transformers/paraphrase-multilingual-mpnet-base-v2,en,32,MT_vs_TM,0.07655809074640274,0.10311230272054672,0.9972737431526184,0.002726256847381592
sentence-transformers/paraphrase-multilingual-mpnet-base-v2,en,33,NQ_vs_QN,0.6014594435691833,1.2901113033294678,0.8278190493583679,0.17218095064163208
sentence-transformers/paraphrase-multilingual-mpnet-base-v2,en,33,NM_vs_MN,0.09265028685331345,0.31177517771720886,0.9957305192947388,0.0042694807052612305
sentence-transformers/paraphrase-multilingual-mpnet-base-v2,en,33,NT_vs_TN,0.3247339129447937,1.0474926233291626,0.947721004486084,0.052278995513916016
sentence-transformers/paraphrase-multilingual-mpnet-base-v2,en,33,QM_vs_MQ,0.3716273307800293,0.7174964547157288,0.9318689703941345,0.06813102960586548
sentence-transformers/paraphrase-multilingual-mpnet-base-v2,en,33,QT_vs_TQ,0.6609981656074524,1.2727985382080078,0.7827917337417603,0.21720826625823975
sentence-transformers/paraphrase-multilingual-mpnet-base-v2,en,33,MT_vs_TM,0.1347545087337494,0.16919586062431335,0.9909839034080505,0.009016096591949463
sentence-transformers/paraphrase-multilingual-mpnet-base-v2,en,34,NQ_vs_QN,0.45821961760520935,1.0649536848068237,0.903480052947998,0.09651994705200195
sentence-transformers/paraphrase-multilingual-mpnet-base-v2,en,34,NM_vs_MN,0.05243876203894615,0.16434653103351593,0.998654842376709,0.0013451576232910156
sentence-transformers/paraphrase-multilingual-mpnet-base-v2,en,34,NT_vs_TN,0.39709609746932983,1.243735909461975,0.9217064380645752,0.0782935619354248
sentence-transformers/paraphrase-multilingual-mpnet-base-v2,en,34,QM_vs_MQ,0.3623020052909851,0.7432351112365723,0.9350506067276001,0.0649493932723999
sentence-transformers/paraphrase-multilingual-mpnet-base-v2,en,34,QT_vs_TQ,0.5504357814788818,1.1816558837890625,0.8487556576728821,0.15124434232711792
sentence-transformers/paraphrase-multilingual-mpnet-base-v2,en,34,MT_vs_TM,0.20085594058036804,0.25456947088241577,0.9847084283828735,0.015291571617126465
sentence-transformers/paraphrase-multilingual-mpnet-base-v2,en,35,NQ_vs_QN,0.4744698405265808,1.156846046447754,0.89564049243927,0.10435950756072998
sentence-transformers/paraphrase-multilingual-mpnet-base-v2,en,35,NM_vs_MN,0.053547702729701996,0.1671481877565384,0.9985685348510742,0.0014314651489257812
sentence-transformers/paraphrase-multilingual-mpnet-base-v2,en,35,NT_vs_TN,0.36157992482185364,1.1873910427093506,0.9347724914550781,0.06522750854492188
sentence-transformers/paraphrase-multilingual-mpnet-base-v2,en,35,QM_vs_MQ,0.37045904994010925,0.7643155455589294,0.9315178990364075,0.06848210096359253
sentence-transformers/paraphrase-multilingual-mpnet-base-v2,en,35,QT_vs_TQ,0.568890392780304,1.3048694133758545,0.8389648199081421,0.1610351800918579
sentence-transformers/paraphrase-multilingual-mpnet-base-v2,en,35,MT_vs_TM,0.09222209453582764,0.1412736177444458,0.9960840940475464,0.003915905952453613
sentence-transformers/paraphrase-multilingual-mpnet-base-v2,en,36,NQ_vs_QN,0.47544798254966736,1.1042883396148682,0.897117018699646,0.102882981300354
sentence-transformers/paraphrase-multilingual-mpnet-base-v2,en,36,NM_vs_MN,0.04797853156924248,0.15183214843273163,0.9988549947738647,0.001145005226135254
sentence-transformers/paraphrase-multilingual-mpnet-base-v2,en,36,NT_vs_TN,0.38647422194480896,1.220248818397522,0.9255536198616028,0.07444638013839722
sentence-transformers/paraphrase-multilingual-mpnet-base-v2,en,36,QM_vs_MQ,0.362846702337265,0.7391546964645386,0.9350588321685791,0.0649411678314209
sentence-transformers/paraphrase-multilingual-mpnet-base-v2,en,36,QT_vs_TQ,0.561480700969696,1.2031828165054321,0.842562735080719,0.157437264919281
sentence-transformers/paraphrase-multilingual-mpnet-base-v2,en,36,MT_vs_TM,0.19293107092380524,0.2557361423969269,0.9857593178749084,0.014240682125091553
sentence-transformers/paraphrase-multilingual-mpnet-base-v2,en,37,NQ_vs_QN,0.5590751767158508,1.2925931215286255,0.855675458908081,0.14432454109191895
sentence-transformers/paraphrase-multilingual-mpnet-base-v2,en,37,NM_vs_MN,0.06853996962308884,0.22096537053585052,0.9976697564125061,0.0023302435874938965
sentence-transformers/paraphrase-multilingual-mpnet-base-v2,en,37,NT_vs_TN,0.47647833824157715,1.6368093490600586,0.8870591521263123,0.11294084787368774
sentence-transformers/paraphrase-multilingual-mpnet-base-v2,en,37,QM_vs_MQ,0.35608404874801636,0.7222141623497009,0.9371063709259033,0.06289362907409668
sentence-transformers/paraphrase-multilingual-mpnet-base-v2,en,37,QT_vs_TQ,0.6337721347808838,1.3473623991012573,0.7992894649505615,0.20071053504943848
sentence-transformers/paraphrase-multilingual-mpnet-base-v2,en,37,MT_vs_TM,0.11538563668727875,0.17168845236301422,0.9934912919998169,0.0065087080001831055
sentence-transformers/paraphrase-multilingual-mpnet-base-v2,en,38,NQ_vs_QN,0.4875314235687256,0.9661040306091309,0.9018973112106323,0.09810268878936768
sentence-transformers/paraphrase-multilingual-mpnet-base-v2,en,38,NM_vs_MN,0.0661921501159668,0.19466081261634827,0.9978095889091492,0.00219041109085083
sentence-transformers/paraphrase-multilingual-mpnet-base-v2,en,38,NT_vs_TN,0.36375555396080017,1.0998910665512085,0.9348448514938354,0.06515514850616455
sentence-transformers/paraphrase-multilingual-mpnet-base-v2,en,38,QM_vs_MQ,0.4226868152618408,0.7210068106651306,0.9151417016983032,0.08485829830169678
sentence-transformers/paraphrase-multilingual-mpnet-base-v2,en,38,QT_vs_TQ,0.5365766882896423,0.9474331140518188,0.8564937710762024,0.1435062289237976
sentence-transformers/paraphrase-multilingual-mpnet-base-v2,en,38,MT_vs_TM,0.12934604287147522,0.16789934039115906,0.9920657873153687,0.007934212684631348
sentence-transformers/paraphrase-multilingual-mpnet-base-v2,en,39,NQ_vs_QN,0.5866662263870239,1.209702968597412,0.839549720287323,0.160450279712677
sentence-transformers/paraphrase-multilingual-mpnet-base-v2,en,39,NM_vs_MN,0.04560232535004616,0.14882473647594452,0.9990111589431763,0.0009888410568237305
sentence-transformers/paraphrase-multilingual-mpnet-base-v2,en,39,NT_vs_TN,0.34412774443626404,1.0838453769683838,0.9420773983001709,0.0579226016998291
sentence-transformers/paraphrase-multilingual-mpnet-base-v2,en,39,QM_vs_MQ,0.46189749240875244,0.8028429746627808,0.8947989344596863,0.10520106554031372
sentence-transformers/paraphrase-multilingual-mpnet-base-v2,en,39,QT_vs_TQ,0.6026346683502197,1.141365647315979,0.8184444904327393,0.18155550956726074
sentence-transformers/paraphrase-multilingual-mpnet-base-v2,en,39,MT_vs_TM,0.08685772120952606,0.1232621893286705,0.9965797662734985,0.003420233726501465
sentence-transformers/paraphrase-multilingual-mpnet-base-v2,en,40,NQ_vs_QN,0.499376118183136,1.214858055114746,0.8844226598739624,0.1155773401260376
sentence-transformers/paraphrase-multilingual-mpnet-base-v2,en,40,NM_vs_MN,0.13315260410308838,0.42018771171569824,0.9911472797393799,0.008852720260620117
sentence-transformers/paraphrase-multilingual-mpnet-base-v2,en,40,NT_vs_TN,0.4802827835083008,1.6391750574111938,0.8852677345275879,0.11473226547241211
sentence-transformers/paraphrase-multilingual-mpnet-base-v2,en,40,QM_vs_MQ,0.3329894542694092,0.749691367149353,0.9449726343154907,0.05502736568450928
sentence-transformers/paraphrase-multilingual-mpnet-base-v2,en,40,QT_vs_TQ,0.5698432326316833,1.2862621545791626,0.8394618034362793,0.1605381965637207
sentence-transformers/paraphrase-multilingual-mpnet-base-v2,en,40,MT_vs_TM,0.21622437238693237,0.28984954953193665,0.983969509601593,0.016030490398406982
sentence-transformers/paraphrase-multilingual-mpnet-base-v2,en,41,NQ_vs_QN,0.5585619211196899,1.1887569427490234,0.8670594692230225,0.13294053077697754
sentence-transformers/paraphrase-multilingual-mpnet-base-v2,en,41,NM_vs_MN,0.11838798224925995,0.4014517664909363,0.9929953813552856,0.0070046186447143555
sentence-transformers/paraphrase-multilingual-mpnet-base-v2,en,41,NT_vs_TN,0.40132176876068115,1.3906276226043701,0.9230866432189941,0.07691335678100586
sentence-transformers/paraphrase-multilingual-mpnet-base-v2,en,41,QM_vs_MQ,0.33356693387031555,0.6268270611763,0.9445390701293945,0.05546092987060547
sentence-transformers/paraphrase-multilingual-mpnet-base-v2,en,41,QT_vs_TQ,0.5206600427627563,0.9334267973899841,0.8658974170684814,0.13410258293151855
sentence-transformers/paraphrase-multilingual-mpnet-base-v2,en,41,MT_vs_TM,0.19016769528388977,0.2856946289539337,0.9850236177444458,0.0149763822555542
sentence-transformers/paraphrase-multilingual-mpnet-base-v2,en,42,NQ_vs_QN,0.5857043862342834,1.157644271850586,0.8458744287490845,0.15412557125091553
sentence-transformers/paraphrase-multilingual-mpnet-base-v2,en,42,NM_vs_MN,0.05877617001533508,0.17260126769542694,0.9982967972755432,0.0017032027244567871
sentence-transformers/paraphrase-multilingual-mpnet-base-v2,en,42,NT_vs_TN,0.4502173960208893,1.3879318237304688,0.898674726486206,0.10132527351379395
sentence-transformers/paraphrase-multilingual-mpnet-base-v2,en,42,QM_vs_MQ,0.4208882749080658,0.7040477395057678,0.9116939902305603,0.0883060097694397
sentence-transformers/paraphrase-multilingual-mpnet-base-v2,en,42,QT_vs_TQ,0.5861614942550659,1.0461469888687134,0.8287149667739868,0.17128503322601318
sentence-transformers/paraphrase-multilingual-mpnet-base-v2,en,42,MT_vs_TM,0.0926322191953659,0.12661278247833252,0.9958795309066772,0.004120469093322754
sentence-transformers/paraphrase-multilingual-mpnet-base-v2,en,43,NQ_vs_QN,0.4989590048789978,1.154425859451294,0.8825400471687317,0.11745995283126831
sentence-transformers/paraphrase-multilingual-mpnet-base-v2,en,43,NM_vs_MN,0.050711438059806824,0.16435323655605316,0.9987396001815796,0.0012603998184204102
sentence-transformers/paraphrase-multilingual-mpnet-base-v2,en,43,NT_vs_TN,0.34018373489379883,1.0738166570663452,0.9421793222427368,0.057820677757263184
sentence-transformers/paraphrase-multilingual-mpnet-base-v2,en,43,QM_vs_MQ,0.43282970786094666,0.8807573914527893,0.9064653515815735,0.09353464841842651
sentence-transformers/paraphrase-multilingual-mpnet-base-v2,en,43,QT_vs_TQ,0.5740109086036682,1.2599694728851318,0.8353399038314819,0.16466009616851807
sentence-transformers/paraphrase-multilingual-mpnet-base-v2,en,43,MT_vs_TM,0.08955250680446625,0.13871672749519348,0.9970709681510925,0.0029290318489074707
sentence-transformers/paraphrase-multilingual-mpnet-base-v2,en,44,NQ_vs_QN,0.48319485783576965,1.0365025997161865,0.8915984630584717,0.10840153694152832
sentence-transformers/paraphrase-multilingual-mpnet-base-v2,en,44,NM_vs_MN,0.10804590582847595,0.3502468764781952,0.9942116141319275,0.00578838586807251
sentence-transformers/paraphrase-multilingual-mpnet-base-v2,en,44,NT_vs_TN,0.4443875551223755,1.4719380140304565,0.9028139710426331,0.09718602895736694
sentence-transformers/paraphrase-multilingual-mpnet-base-v2,en,44,QM_vs_MQ,0.32584306597709656,0.6255393028259277,0.947399377822876,0.05260062217712402
sentence-transformers/paraphrase-multilingual-mpnet-base-v2,en,44,QT_vs_TQ,0.548372209072113,1.0652024745941162,0.8505262136459351,0.14947378635406494
sentence-transformers/paraphrase-multilingual-mpnet-base-v2,en,44,MT_vs_TM,0.2520003020763397,0.3470090627670288,0.9788897037506104,0.02111029624938965
sentence-transformers/paraphrase-multilingual-mpnet-base-v2,en,45,NQ_vs_QN,0.5261224508285522,1.1158446073532104,0.8667094707489014,0.13329052925109863
sentence-transformers/paraphrase-multilingual-mpnet-base-v2,en,45,NM_vs_MN,0.14283840358257294,0.43999090790748596,0.9898036122322083,0.010196387767791748
sentence-transformers/paraphrase-multilingual-mpnet-base-v2,en,45,NT_vs_TN,0.37790313363075256,1.2262879610061646,0.9289066791534424,0.07109332084655762
sentence-transformers/paraphrase-multilingual-mpnet-base-v2,en,45,QM_vs_MQ,0.3811323046684265,0.7573966383934021,0.9275497794151306,0.07245022058486938
sentence-transformers/paraphrase-multilingual-mpnet-base-v2,en,45,QT_vs_TQ,0.6048858165740967,1.2572486400604248,0.8170818090438843,0.18291819095611572
sentence-transformers/paraphrase-multilingual-mpnet-base-v2,en,45,MT_vs_TM,0.12255208194255829,0.20833280682563782,0.9925099611282349,0.007490038871765137
sentence-transformers/paraphrase-multilingual-mpnet-base-v2,en,46,NQ_vs_QN,0.523762047290802,1.1531071662902832,0.8719481229782104,0.12805187702178955
sentence-transformers/paraphrase-multilingual-mpnet-base-v2,en,46,NM_vs_MN,0.06270790845155716,0.19844266772270203,0.9982534646987915,0.001746535301208496
sentence-transformers/paraphrase-multilingual-mpnet-base-v2,en,46,NT_vs_TN,0.39862069487571716,1.3472074270248413,0.9236440062522888,0.07635599374771118
sentence-transformers/paraphrase-multilingual-mpnet-base-v2,en,46,QM_vs_MQ,0.38984915614128113,0.7257187962532043,0.9277408123016357,0.07225918769836426
sentence-transformers/paraphrase-multilingual-mpnet-base-v2,en,46,QT_vs_TQ,0.5718656778335571,1.1401928663253784,0.8364876508712769,0.16351234912872314
sentence-transformers/paraphrase-multilingual-mpnet-base-v2,en,46,MT_vs_TM,0.10279115289449692,0.1620427668094635,0.9953594207763672,0.0046405792236328125
sentence-transformers/paraphrase-multilingual-mpnet-base-v2,en,47,NQ_vs_QN,0.5403392314910889,1.0885369777679443,0.8641267418861389,0.13587325811386108
sentence-transformers/paraphrase-multilingual-mpnet-base-v2,en,47,NM_vs_MN,0.0706261619925499,0.22119349241256714,0.997514009475708,0.002485990524291992
sentence-transformers/paraphrase-multilingual-mpnet-base-v2,en,47,NT_vs_TN,0.3961286246776581,1.3020414113998413,0.9219875335693359,0.07801246643066406
sentence-transformers/paraphrase-multilingual-mpnet-base-v2,en,47,QM_vs_MQ,0.4223698675632477,0.7419359087944031,0.910956859588623,0.08904314041137695
sentence-transformers/paraphrase-multilingual-mpnet-base-v2,en,47,QT_vs_TQ,0.5644572973251343,1.119175910949707,0.8417222499847412,0.1582777500152588
sentence-transformers/paraphrase-multilingual-mpnet-base-v2,en,47,MT_vs_TM,0.08050678670406342,0.14352189004421234,0.9971728920936584,0.0028271079063415527
sentence-transformers/paraphrase-multilingual-mpnet-base-v2,es,0,NQ_vs_QN,0.8696500062942505,1.0866936445236206,0.621877908706665,0.37812209129333496
sentence-transformers/paraphrase-multilingual-mpnet-base-v2,es,0,NM_vs_MN,0.11651822924613953,0.2907774746417999,0.9932200908660889,0.006779909133911133
sentence-transformers/paraphrase-multilingual-mpnet-base-v2,es,0,NT_vs_TN,0.723728597164154,1.7113028764724731,0.7498917579650879,0.2501082420349121
sentence-transformers/paraphrase-multilingual-mpnet-base-v2,es,0,QM_vs_MQ,0.8369156718254089,0.9923712015151978,0.6546965837478638,0.34530341625213623
sentence-transformers/paraphrase-multilingual-mpnet-base-v2,es,0,QT_vs_TQ,0.7768514156341553,0.9329619407653809,0.6987563371658325,0.3012436628341675
sentence-transformers/paraphrase-multilingual-mpnet-base-v2,es,0,MT_vs_TM,0.20540085434913635,0.19140559434890747,0.9813128709793091,0.018687129020690918
sentence-transformers/paraphrase-multilingual-mpnet-base-v2,es,1,NQ_vs_QN,0.5324719548225403,0.9478629231452942,0.8618024587631226,0.13819754123687744
sentence-transformers/paraphrase-multilingual-mpnet-base-v2,es,1,NM_vs_MN,0.09397617727518082,0.26269909739494324,0.9960563778877258,0.00394362211227417
sentence-transformers/paraphrase-multilingual-mpnet-base-v2,es,1,NT_vs_TN,0.6128758192062378,1.5822978019714355,0.8746275901794434,0.12537240982055664
sentence-transformers/paraphrase-multilingual-mpnet-base-v2,es,1,QM_vs_MQ,0.3976868689060211,0.6218680739402771,0.9209276437759399,0.07907235622406006
sentence-transformers/paraphrase-multilingual-mpnet-base-v2,es,1,QT_vs_TQ,0.6354917883872986,0.9507461190223694,0.799575686454773,0.20042431354522705
sentence-transformers/paraphrase-multilingual-mpnet-base-v2,es,1,MT_vs_TM,0.13590098917484283,0.1391185075044632,0.9907994270324707,0.009200572967529297
sentence-transformers/paraphrase-multilingual-mpnet-base-v2,es,2,NQ_vs_QN,0.6684961318969727,0.8194075226783752,0.7862611413002014,0.21373885869979858
sentence-transformers/paraphrase-multilingual-mpnet-base-v2,es,2,NM_vs_MN,0.15250368416309357,0.340261846780777,0.9884063005447388,0.01159369945526123
sentence-transformers/paraphrase-multilingual-mpnet-base-v2,es,2,NT_vs_TN,0.5500892996788025,1.2815171480178833,0.8488178253173828,0.1511821746826172
sentence-transformers/paraphrase-multilingual-mpnet-base-v2,es,2,QM_vs_MQ,0.4610927104949951,0.5117104053497314,0.8952631950378418,0.1047368049621582
sentence-transformers/paraphrase-multilingual-mpnet-base-v2,es,2,QT_vs_TQ,0.6738301515579224,0.7012830972671509,0.7754212617874146,0.22457873821258545
sentence-transformers/paraphrase-multilingual-mpnet-base-v2,es,2,MT_vs_TM,0.19221095740795135,0.2195419818162918,0.9823143482208252,0.017685651779174805
sentence-transformers/paraphrase-multilingual-mpnet-base-v2,es,3,NQ_vs_QN,0.6104193925857544,1.0921692848205566,0.8137272596359253,0.1862727403640747
sentence-transformers/paraphrase-multilingual-mpnet-base-v2,es,3,NM_vs_MN,0.10757622122764587,0.28920719027519226,0.9942145347595215,0.005785465240478516
sentence-transformers/paraphrase-multilingual-mpnet-base-v2,es,3,NT_vs_TN,0.5604012608528137,1.4966052770614624,0.8435899615287781,0.15641003847122192
sentence-transformers/paraphrase-multilingual-mpnet-base-v2,es,3,QM_vs_MQ,0.5129701495170593,0.8536766767501831,0.870010256767273,0.12998974323272705
sentence-transformers/paraphrase-multilingual-mpnet-base-v2,es,3,QT_vs_TQ,0.5458759665489197,0.8770838975906372,0.8524788618087769,0.14752113819122314
sentence-transformers/paraphrase-multilingual-mpnet-base-v2,es,3,MT_vs_TM,0.13414347171783447,0.15095719695091248,0.9911078810691833,0.00889211893081665
sentence-transformers/paraphrase-multilingual-mpnet-base-v2,es,4,NQ_vs_QN,0.5874769687652588,0.8655645251274109,0.8280054926872253,0.17199450731277466
sentence-transformers/paraphrase-multilingual-mpnet-base-v2,es,4,NM_vs_MN,0.09579935669898987,0.22057566046714783,0.9960510730743408,0.00394892692565918
sentence-transformers/paraphrase-multilingual-mpnet-base-v2,es,4,NT_vs_TN,0.5444941520690918,1.3175612688064575,0.8697095513343811,0.1302904486656189
sentence-transformers/paraphrase-multilingual-mpnet-base-v2,es,4,QM_vs_MQ,0.4820317029953003,0.5929592251777649,0.8838446140289307,0.11615538597106934
sentence-transformers/paraphrase-multilingual-mpnet-base-v2,es,4,QT_vs_TQ,0.6790446043014526,0.8292018175125122,0.7696218490600586,0.2303781509399414
sentence-transformers/paraphrase-multilingual-mpnet-base-v2,es,4,MT_vs_TM,0.16778764128684998,0.14671795070171356,0.985923707485199,0.014076292514801025
sentence-transformers/paraphrase-multilingual-mpnet-base-v2,es,5,NQ_vs_QN,0.6599971652030945,1.1822905540466309,0.782241940498352,0.21775805950164795
sentence-transformers/paraphrase-multilingual-mpnet-base-v2,es,5,NM_vs_MN,0.3042584955692291,0.6813547015190125,0.9629048109054565,0.03709518909454346
sentence-transformers/paraphrase-multilingual-mpnet-base-v2,es,5,NT_vs_TN,0.7058367133140564,1.6026312112808228,0.8072439432144165,0.1927560567855835
sentence-transformers/paraphrase-multilingual-mpnet-base-v2,es,5,QM_vs_MQ,0.5801608562469482,0.9691474437713623,0.839267373085022,0.16073262691497803
sentence-transformers/paraphrase-multilingual-mpnet-base-v2,es,5,QT_vs_TQ,0.566408634185791,0.9071487784385681,0.8438190221786499,0.1561809778213501
sentence-transformers/paraphrase-multilingual-mpnet-base-v2,es,5,MT_vs_TM,0.5683461427688599,0.7184900045394897,0.8401867151260376,0.1598132848739624
sentence-transformers/paraphrase-multilingual-mpnet-base-v2,es,6,NQ_vs_QN,0.7195634245872498,1.1709853410720825,0.7411144375801086,0.25888556241989136
sentence-transformers/paraphrase-multilingual-mpnet-base-v2,es,6,NM_vs_MN,0.1384672075510025,0.3682526648044586,0.9904439449310303,0.009556055068969727
sentence-transformers/paraphrase-multilingual-mpnet-base-v2,es,6,NT_vs_TN,0.5776562690734863,1.5467959642410278,0.833203911781311,0.16679608821868896
sentence-transformers/paraphrase-multilingual-mpnet-base-v2,es,6,QM_vs_MQ,0.6786598563194275,1.0227214097976685,0.7753603458404541,0.2246396541595459
sentence-transformers/paraphrase-multilingual-mpnet-base-v2,es,6,QT_vs_TQ,0.6058744788169861,0.8451957106590271,0.82185959815979,0.17814040184020996
sentence-transformers/paraphrase-multilingual-mpnet-base-v2,es,6,MT_vs_TM,0.21833489835262299,0.3041570484638214,0.9822399020195007,0.017760097980499268
sentence-transformers/paraphrase-multilingual-mpnet-base-v2,es,7,NQ_vs_QN,1.0709307193756104,1.0642106533050537,0.4288546144962311,0.5711453855037689
sentence-transformers/paraphrase-multilingual-mpnet-base-v2,es,7,NM_vs_MN,0.24243566393852234,0.4695659279823303,0.9708091616630554,0.02919083833694458
sentence-transformers/paraphrase-multilingual-mpnet-base-v2,es,7,NT_vs_TN,0.7775549292564392,1.4976239204406738,0.706247866153717,0.29375213384628296
sentence-transformers/paraphrase-multilingual-mpnet-base-v2,es,7,QM_vs_MQ,0.9536527991294861,0.8348307013511658,0.5997049808502197,0.4002950191497803
sentence-transformers/paraphrase-multilingual-mpnet-base-v2,es,7,QT_vs_TQ,0.8975205421447754,0.8039646744728088,0.6000778675079346,0.39992213249206543
sentence-transformers/paraphrase-multilingual-mpnet-base-v2,es,7,MT_vs_TM,0.6883904933929443,0.6084109544754028,0.7948404550552368,0.20515954494476318
sentence-transformers/paraphrase-multilingual-mpnet-base-v2,es,8,NQ_vs_QN,0.5400945544242859,0.9478337168693542,0.8575162887573242,0.14248371124267578
sentence-transformers/paraphrase-multilingual-mpnet-base-v2,es,8,NM_vs_MN,0.12188345938920975,0.3122138977050781,0.9931632876396179,0.00683671236038208
sentence-transformers/paraphrase-multilingual-mpnet-base-v2,es,8,NT_vs_TN,0.5314750075340271,1.2966619729995728,0.8781168460845947,0.12188315391540527
sentence-transformers/paraphrase-multilingual-mpnet-base-v2,es,8,QM_vs_MQ,0.37181130051612854,0.6010079979896545,0.9318274259567261,0.06817257404327393
sentence-transformers/paraphrase-multilingual-mpnet-base-v2,es,8,QT_vs_TQ,0.4815743565559387,0.7756379842758179,0.8865021467208862,0.11349785327911377
sentence-transformers/paraphrase-multilingual-mpnet-base-v2,es,8,MT_vs_TM,0.17362958192825317,0.16141286492347717,0.9864122867584229,0.013587713241577148
sentence-transformers/paraphrase-multilingual-mpnet-base-v2,es,9,NQ_vs_QN,0.6273021101951599,0.7686240077018738,0.8103195428848267,0.18968045711517334
sentence-transformers/paraphrase-multilingual-mpnet-base-v2,es,9,NM_vs_MN,0.12841485440731049,0.29107242822647095,0.9917820692062378,0.008217930793762207
sentence-transformers/paraphrase-multilingual-mpnet-base-v2,es,9,NT_vs_TN,0.5569637417793274,1.32284677028656,0.8449963331222534,0.15500366687774658
sentence-transformers/paraphrase-multilingual-mpnet-base-v2,es,9,QM_vs_MQ,0.4803292155265808,0.5278135538101196,0.8846520185470581,0.1153479814529419
sentence-transformers/paraphrase-multilingual-mpnet-base-v2,es,9,QT_vs_TQ,0.6444519758224487,0.6869792938232422,0.79351806640625,0.20648193359375
sentence-transformers/paraphrase-multilingual-mpnet-base-v2,es,9,MT_vs_TM,0.15939484536647797,0.18064568936824799,0.988294780254364,0.011705219745635986
sentence-transformers/paraphrase-multilingual-mpnet-base-v2,es,10,NQ_vs_QN,0.7980055809020996,1.0665212869644165,0.6824066042900085,0.31759339570999146
sentence-transformers/paraphrase-multilingual-mpnet-base-v2,es,10,NM_vs_MN,0.3367956280708313,0.7622354030609131,0.9446486830711365,0.055351316928863525
sentence-transformers/paraphrase-multilingual-mpnet-base-v2,es,10,NT_vs_TN,0.5981799960136414,1.389871597290039,0.8223174810409546,0.1776825189590454
sentence-transformers/paraphrase-multilingual-mpnet-base-v2,es,10,QM_vs_MQ,0.682995080947876,0.8918290734291077,0.7800628542900085,0.21993714570999146
sentence-transformers/paraphrase-multilingual-mpnet-base-v2,es,10,QT_vs_TQ,0.6991190314292908,0.8766840100288391,0.7586570382118225,0.2413429617881775
sentence-transformers/paraphrase-multilingual-mpnet-base-v2,es,10,MT_vs_TM,0.6002845168113708,0.7476964592933655,0.8252992630004883,0.17470073699951172
sentence-transformers/paraphrase-multilingual-mpnet-base-v2,es,11,NQ_vs_QN,0.563914954662323,1.1181268692016602,0.8576732873916626,0.1423267126083374
sentence-transformers/paraphrase-multilingual-mpnet-base-v2,es,11,NM_vs_MN,0.3161083161830902,0.9030503034591675,0.9551184773445129,0.04488152265548706
sentence-transformers/paraphrase-multilingual-mpnet-base-v2,es,11,NT_vs_TN,0.46045827865600586,1.3704664707183838,0.894717812538147,0.10528218746185303
sentence-transformers/paraphrase-multilingual-mpnet-base-v2,es,11,QM_vs_MQ,0.5057922005653381,0.8830686807632446,0.8723495006561279,0.12765049934387207
sentence-transformers/paraphrase-multilingual-mpnet-base-v2,es,11,QT_vs_TQ,0.5964601635932922,1.0152575969696045,0.8266723155975342,0.17332768440246582
sentence-transformers/paraphrase-multilingual-mpnet-base-v2,es,11,MT_vs_TM,0.4596680700778961,0.7798478603363037,0.8945111036300659,0.10548889636993408
sentence-transformers/paraphrase-multilingual-mpnet-base-v2,es,12,NQ_vs_QN,0.85226970911026,1.0897587537765503,0.6369571089744568,0.3630428910255432
sentence-transformers/paraphrase-multilingual-mpnet-base-v2,es,12,NM_vs_MN,0.15070387721061707,0.28813275694847107,0.9897987842559814,0.010201215744018555
sentence-transformers/paraphrase-multilingual-mpnet-base-v2,es,12,NT_vs_TN,0.6536823511123657,1.4366750717163086,0.7883821725845337,0.2116178274154663
sentence-transformers/paraphrase-multilingual-mpnet-base-v2,es,12,QM_vs_MQ,0.6095929741859436,0.7453466057777405,0.8365961909294128,0.16340380907058716
sentence-transformers/paraphrase-multilingual-mpnet-base-v2,es,12,QT_vs_TQ,0.752235472202301,0.8636111617088318,0.7270439863204956,0.2729560136795044
sentence-transformers/paraphrase-multilingual-mpnet-base-v2,es,12,MT_vs_TM,0.1850755661725998,0.22847279906272888,0.9853243827819824,0.014675617218017578
sentence-transformers/paraphrase-multilingual-mpnet-base-v2,es,13,NQ_vs_QN,0.544950008392334,0.7631286978721619,0.857820987701416,0.14217901229858398
sentence-transformers/paraphrase-multilingual-mpnet-base-v2,es,13,NM_vs_MN,0.17799924314022064,0.4045686721801758,0.9845293760299683,0.015470623970031738
sentence-transformers/paraphrase-multilingual-mpnet-base-v2,es,13,NT_vs_TN,0.745871901512146,1.6405155658721924,0.7998552918434143,0.2001447081565857
sentence-transformers/paraphrase-multilingual-mpnet-base-v2,es,13,QM_vs_MQ,0.4555284380912781,0.5711603164672852,0.8970592021942139,0.10294079780578613
sentence-transformers/paraphrase-multilingual-mpnet-base-v2,es,13,QT_vs_TQ,0.5794524550437927,0.7030977010726929,0.8328732252120972,0.16712677478790283
sentence-transformers/paraphrase-multilingual-mpnet-base-v2,es,13,MT_vs_TM,0.38959768414497375,0.4097330868244171,0.9241135716438293,0.07588642835617065
sentence-transformers/paraphrase-multilingual-mpnet-base-v2,es,14,NQ_vs_QN,0.9123672246932983,1.1454508304595947,0.584510862827301,0.415489137172699
sentence-transformers/paraphrase-multilingual-mpnet-base-v2,es,14,NM_vs_MN,0.15523718297481537,0.3527126908302307,0.9879697561264038,0.012030243873596191
sentence-transformers/paraphrase-multilingual-mpnet-base-v2,es,14,NT_vs_TN,0.6090969443321228,1.3623756170272827,0.8261193037033081,0.1738806962966919
sentence-transformers/paraphrase-multilingual-mpnet-base-v2,es,14,QM_vs_MQ,0.8497952222824097,0.9743097424507141,0.6918975114822388,0.30810248851776123
sentence-transformers/paraphrase-multilingual-mpnet-base-v2,es,14,QT_vs_TQ,0.7827723622322083,0.8905896544456482,0.7097599506378174,0.2902400493621826
sentence-transformers/paraphrase-multilingual-mpnet-base-v2,es,14,MT_vs_TM,0.28549933433532715,0.2844964563846588,0.9653804898262024,0.03461951017379761
sentence-transformers/paraphrase-multilingual-mpnet-base-v2,es,15,NQ_vs_QN,0.5103833675384521,0.9524188041687012,0.8823598027229309,0.11764019727706909
sentence-transformers/paraphrase-multilingual-mpnet-base-v2,es,15,NM_vs_MN,0.08179091662168503,0.24640852212905884,0.9966592788696289,0.0033407211303710938
sentence-transformers/paraphrase-multilingual-mpnet-base-v2,es,15,NT_vs_TN,0.3305293321609497,1.032684564590454,0.9458355903625488,0.05416440963745117
sentence-transformers/paraphrase-multilingual-mpnet-base-v2,es,15,QM_vs_MQ,0.46840864419937134,0.7634658217430115,0.8976166844367981,0.1023833155632019
sentence-transformers/paraphrase-multilingual-mpnet-base-v2,es,15,QT_vs_TQ,0.526901364326477,0.8140826225280762,0.8640500903129578,0.13594990968704224
sentence-transformers/paraphrase-multilingual-mpnet-base-v2,es,15,MT_vs_TM,0.11316287517547607,0.1697230488061905,0.9946824312210083,0.005317568778991699
sentence-transformers/paraphrase-multilingual-mpnet-base-v2,es,16,NQ_vs_QN,1.1029891967773438,1.2985275983810425,0.39605793356895447,0.6039420664310455
sentence-transformers/paraphrase-multilingual-mpnet-base-v2,es,16,NM_vs_MN,0.10916608572006226,0.22198714315891266,0.9944477081298828,0.0055522918701171875
sentence-transformers/paraphrase-multilingual-mpnet-base-v2,es,16,NT_vs_TN,0.8500073552131653,1.6042585372924805,0.6476762294769287,0.3523237705230713
sentence-transformers/paraphrase-multilingual-mpnet-base-v2,es,16,QM_vs_MQ,0.9422885179519653,1.0224528312683105,0.6436078548431396,0.35639214515686035
sentence-transformers/paraphrase-multilingual-mpnet-base-v2,es,16,QT_vs_TQ,1.1446857452392578,1.2469398975372314,0.36155402660369873,0.6384459733963013
sentence-transformers/paraphrase-multilingual-mpnet-base-v2,es,16,MT_vs_TM,0.22993876039981842,0.22163620591163635,0.9753351211547852,0.024664878845214844
sentence-transformers/paraphrase-multilingual-mpnet-base-v2,es,17,NQ_vs_QN,0.5718480944633484,0.8376243710517883,0.8364968299865723,0.16350317001342773
sentence-transformers/paraphrase-multilingual-mpnet-base-v2,es,17,NM_vs_MN,0.11969757825136185,0.3018955886363983,0.9928362369537354,0.0071637630462646484
sentence-transformers/paraphrase-multilingual-mpnet-base-v2,es,17,NT_vs_TN,0.5414705276489258,1.3781710863113403,0.8534061908721924,0.14659380912780762
sentence-transformers/paraphrase-multilingual-mpnet-base-v2,es,17,QM_vs_MQ,0.5424419045448303,0.6741396188735962,0.8535065054893494,0.14649349451065063
sentence-transformers/paraphrase-multilingual-mpnet-base-v2,es,17,QT_vs_TQ,0.6255497932434082,0.7792717814445496,0.8043638467788696,0.19563615322113037
sentence-transformers/paraphrase-multilingual-mpnet-base-v2,es,17,MT_vs_TM,0.22323840856552124,0.28849029541015625,0.9850355386734009,0.014964461326599121
sentence-transformers/paraphrase-multilingual-mpnet-base-v2,es,18,NQ_vs_QN,0.5012497901916504,0.9399641156196594,0.8869208097457886,0.11307919025421143
sentence-transformers/paraphrase-multilingual-mpnet-base-v2,es,18,NM_vs_MN,0.10419648140668869,0.28294098377227783,0.9945770502090454,0.00542294979095459
sentence-transformers/paraphrase-multilingual-mpnet-base-v2,es,18,NT_vs_TN,0.40769627690315247,1.1285187005996704,0.9180091619491577,0.08199083805084229
sentence-transformers/paraphrase-multilingual-mpnet-base-v2,es,18,QM_vs_MQ,0.3605733811855316,0.5970496535301208,0.9351105690002441,0.06488943099975586
sentence-transformers/paraphrase-multilingual-mpnet-base-v2,es,18,QT_vs_TQ,0.5351995229721069,0.8826144933700562,0.859911322593689,0.14008867740631104
sentence-transformers/paraphrase-multilingual-mpnet-base-v2,es,18,MT_vs_TM,0.19692513346672058,0.2009870409965515,0.9844663143157959,0.015533685684204102
sentence-transformers/paraphrase-multilingual-mpnet-base-v2,es,19,NQ_vs_QN,0.9208034873008728,1.1260371208190918,0.5798330307006836,0.4201669692993164
sentence-transformers/paraphrase-multilingual-mpnet-base-v2,es,19,NM_vs_MN,0.3639766275882721,0.8773677945137024,0.9364328980445862,0.06356710195541382
sentence-transformers/paraphrase-multilingual-mpnet-base-v2,es,19,NT_vs_TN,0.9376831650733948,1.8064790964126587,0.7351750731468201,0.26482492685317993
sentence-transformers/paraphrase-multilingual-mpnet-base-v2,es,19,QM_vs_MQ,0.7434415221214294,0.9024122953414917,0.7458046674728394,0.25419533252716064
sentence-transformers/paraphrase-multilingual-mpnet-base-v2,es,19,QT_vs_TQ,0.797064483165741,0.9596990942955017,0.686474084854126,0.313525915145874
sentence-transformers/paraphrase-multilingual-mpnet-base-v2,es,19,MT_vs_TM,0.5401193499565125,0.7031859755516052,0.8911843299865723,0.10881567001342773
sentence-transformers/paraphrase-multilingual-mpnet-base-v2,es,20,NQ_vs_QN,0.5608311295509338,1.1119407415390015,0.8604632019996643,0.1395367980003357
sentence-transformers/paraphrase-multilingual-mpnet-base-v2,es,20,NM_vs_MN,0.0745774433016777,0.21888259053230286,0.997326672077179,0.002673327922821045
sentence-transformers/paraphrase-multilingual-mpnet-base-v2,es,20,NT_vs_TN,0.859183669090271,2.0803732872009277,0.7696823477745056,0.23031765222549438
sentence-transformers/paraphrase-multilingual-mpnet-base-v2,es,20,QM_vs_MQ,0.4081668555736542,0.6580436825752258,0.9168734550476074,0.08312654495239258
sentence-transformers/paraphrase-multilingual-mpnet-base-v2,es,20,QT_vs_TQ,0.573138952255249,0.9786800146102905,0.8412958383560181,0.15870416164398193
sentence-transformers/paraphrase-multilingual-mpnet-base-v2,es,20,MT_vs_TM,0.1349228322505951,0.1456858366727829,0.9909180402755737,0.00908195972442627
sentence-transformers/paraphrase-multilingual-mpnet-base-v2,es,21,NQ_vs_QN,0.4262818992137909,0.7493254542350769,0.9118053317070007,0.08819466829299927
sentence-transformers/paraphrase-multilingual-mpnet-base-v2,es,21,NM_vs_MN,0.1151239201426506,0.33647480607032776,0.9933751821517944,0.006624817848205566
sentence-transformers/paraphrase-multilingual-mpnet-base-v2,es,21,NT_vs_TN,0.3463996946811676,1.0192152261734009,0.9422502517700195,0.05774974822998047
sentence-transformers/paraphrase-multilingual-mpnet-base-v2,es,21,QM_vs_MQ,0.3436998724937439,0.5180734395980835,0.9422899484634399,0.05771005153656006
sentence-transformers/paraphrase-multilingual-mpnet-base-v2,es,21,QT_vs_TQ,0.44641122221946716,0.6755420565605164,0.9025353789329529,0.09746462106704712
sentence-transformers/paraphrase-multilingual-mpnet-base-v2,es,21,MT_vs_TM,0.13665474951267242,0.19993099570274353,0.994559645652771,0.005440354347229004
sentence-transformers/paraphrase-multilingual-mpnet-base-v2,es,22,NQ_vs_QN,0.5276460647583008,1.0981793403625488,0.8740625977516174,0.12593740224838257
sentence-transformers/paraphrase-multilingual-mpnet-base-v2,es,22,NM_vs_MN,0.11984359472990036,0.3649337589740753,0.9928202629089355,0.007179737091064453
sentence-transformers/paraphrase-multilingual-mpnet-base-v2,es,22,NT_vs_TN,0.6709964275360107,1.7870134115219116,0.8467505574226379,0.15324944257736206
sentence-transformers/paraphrase-multilingual-mpnet-base-v2,es,22,QM_vs_MQ,0.42576172947883606,0.7192121148109436,0.9097530841827393,0.09024691581726074
sentence-transformers/paraphrase-multilingual-mpnet-base-v2,es,22,QT_vs_TQ,0.5351191759109497,0.9641278982162476,0.861009955406189,0.13899004459381104
sentence-transformers/paraphrase-multilingual-mpnet-base-v2,es,22,MT_vs_TM,0.1963132619857788,0.21634994447231293,0.9815126657485962,0.01848733425140381
sentence-transformers/paraphrase-multilingual-mpnet-base-v2,es,23,NQ_vs_QN,0.5651261806488037,0.7091761231422424,0.8425807356834412,0.15741926431655884
sentence-transformers/paraphrase-multilingual-mpnet-base-v2,es,23,NM_vs_MN,0.1288868635892868,0.29382938146591187,0.991706371307373,0.008293628692626953
sentence-transformers/paraphrase-multilingual-mpnet-base-v2,es,23,NT_vs_TN,0.5318989753723145,1.2416021823883057,0.859163761138916,0.14083623886108398
sentence-transformers/paraphrase-multilingual-mpnet-base-v2,es,23,QM_vs_MQ,0.5102354288101196,0.5699554085731506,0.869831919670105,0.13016808032989502
sentence-transformers/paraphrase-multilingual-mpnet-base-v2,es,23,QT_vs_TQ,0.6016127467155457,0.6463956236839294,0.8192970752716064,0.18070292472839355
sentence-transformers/paraphrase-multilingual-mpnet-base-v2,es,23,MT_vs_TM,0.11955172568559647,0.14110848307609558,0.993826687335968,0.006173312664031982
sentence-transformers/paraphrase-multilingual-mpnet-base-v2,es,24,NQ_vs_QN,0.9250463843345642,1.1467721462249756,0.5727036595344543,0.42729634046554565
sentence-transformers/paraphrase-multilingual-mpnet-base-v2,es,24,NM_vs_MN,0.15597334504127502,0.3164706528186798,0.9894264936447144,0.010573506355285645
sentence-transformers/paraphrase-multilingual-mpnet-base-v2,es,24,NT_vs_TN,0.7069172859191895,1.5650086402893066,0.7966111302375793,0.20338886976242065
sentence-transformers/paraphrase-multilingual-mpnet-base-v2,es,24,QM_vs_MQ,0.730710506439209,0.8740684390068054,0.746231734752655,0.25376826524734497
sentence-transformers/paraphrase-multilingual-mpnet-base-v2,es,24,QT_vs_TQ,0.8263454437255859,0.9664632081985474,0.6621025204658508,0.33789747953414917
sentence-transformers/paraphrase-multilingual-mpnet-base-v2,es,24,MT_vs_TM,0.19972874224185944,0.15556557476520538,0.9800664782524109,0.01993352174758911
sentence-transformers/paraphrase-multilingual-mpnet-base-v2,es,25,NQ_vs_QN,0.501530110836029,0.9206817150115967,0.8817972540855408,0.11820274591445923
sentence-transformers/paraphrase-multilingual-mpnet-base-v2,es,25,NM_vs_MN,0.10729459673166275,0.2820672392845154,0.9942501783370972,0.005749821662902832
sentence-transformers/paraphrase-multilingual-mpnet-base-v2,es,25,NT_vs_TN,0.43120336532592773,1.1585325002670288,0.9072448015213013,0.09275519847869873
sentence-transformers/paraphrase-multilingual-mpnet-base-v2,es,25,QM_vs_MQ,0.37949684262275696,0.6234474778175354,0.9280720949172974,0.07192790508270264
sentence-transformers/paraphrase-multilingual-mpnet-base-v2,es,25,QT_vs_TQ,0.5280119180679321,0.8471134901046753,0.8614885807037354,0.13851141929626465
sentence-transformers/paraphrase-multilingual-mpnet-base-v2,es,25,MT_vs_TM,0.16250376403331757,0.17099325358867645,0.9895217418670654,0.01047825813293457
sentence-transformers/paraphrase-multilingual-mpnet-base-v2,es,26,NQ_vs_QN,0.8549967408180237,1.2168725728988647,0.6345422267913818,0.36545777320861816
sentence-transformers/paraphrase-multilingual-mpnet-base-v2,es,26,NM_vs_MN,0.10826867073774338,0.2539394199848175,0.9943815469741821,0.005618453025817871
sentence-transformers/paraphrase-multilingual-mpnet-base-v2,es,26,NT_vs_TN,0.8089563250541687,1.647478461265564,0.7522481679916382,0.24775183200836182
sentence-transformers/paraphrase-multilingual-mpnet-base-v2,es,26,QM_vs_MQ,0.7100856304168701,0.9078629612922668,0.7541190385818481,0.24588096141815186
sentence-transformers/paraphrase-multilingual-mpnet-base-v2,es,26,QT_vs_TQ,0.7958731055259705,0.9981198906898499,0.685836911201477,0.31416308879852295
sentence-transformers/paraphrase-multilingual-mpnet-base-v2,es,26,MT_vs_TM,0.2136419415473938,0.1783640831708908,0.9777947068214417,0.02220529317855835
sentence-transformers/paraphrase-multilingual-mpnet-base-v2,es,27,NQ_vs_QN,0.5527031421661377,0.7504324316978455,0.8544400334358215,0.14555996656417847
sentence-transformers/paraphrase-multilingual-mpnet-base-v2,es,27,NM_vs_MN,0.10968165844678879,0.24977697432041168,0.9940463900566101,0.005953609943389893
sentence-transformers/paraphrase-multilingual-mpnet-base-v2,es,27,NT_vs_TN,0.46058547496795654,1.0987406969070435,0.9024406671524048,0.09755933284759521
sentence-transformers/paraphrase-multilingual-mpnet-base-v2,es,27,QM_vs_MQ,0.4957050681114197,0.5696312785148621,0.8806341290473938,0.1193658709526062
sentence-transformers/paraphrase-multilingual-mpnet-base-v2,es,27,QT_vs_TQ,0.5148131847381592,0.601753830909729,0.8724470734596252,0.12755292654037476
sentence-transformers/paraphrase-multilingual-mpnet-base-v2,es,27,MT_vs_TM,0.2939685583114624,0.19558100402355194,0.9620519876480103,0.037948012351989746
sentence-transformers/paraphrase-multilingual-mpnet-base-v2,es,28,NQ_vs_QN,0.5932962894439697,1.1706068515777588,0.8406206369400024,0.15937936305999756
sentence-transformers/paraphrase-multilingual-mpnet-base-v2,es,28,NM_vs_MN,0.09160520881414413,0.2681940495967865,0.9958045482635498,0.004195451736450195
sentence-transformers/paraphrase-multilingual-mpnet-base-v2,es,28,NT_vs_TN,0.6213124990463257,1.6519454717636108,0.8447905778884888,0.15520942211151123
sentence-transformers/paraphrase-multilingual-mpnet-base-v2,es,28,QM_vs_MQ,0.4173949360847473,0.7013853192329407,0.9133555293083191,0.08664447069168091
sentence-transformers/paraphrase-multilingual-mpnet-base-v2,es,28,QT_vs_TQ,0.6125501394271851,1.0382860898971558,0.8152749538421631,0.18472504615783691
sentence-transformers/paraphrase-multilingual-mpnet-base-v2,es,28,MT_vs_TM,0.1507960706949234,0.1682835817337036,0.9892669916152954,0.01073300838470459
sentence-transformers/paraphrase-multilingual-mpnet-base-v2,es,29,NQ_vs_QN,0.5292749404907227,0.7937514781951904,0.8617612719535828,0.13823872804641724
sentence-transformers/paraphrase-multilingual-mpnet-base-v2,es,29,NM_vs_MN,0.2398330420255661,0.5894359946250916,0.9721783399581909,0.027821660041809082
sentence-transformers/paraphrase-multilingual-mpnet-base-v2,es,29,NT_vs_TN,0.47169169783592224,1.2330213785171509,0.8920314908027649,0.10796850919723511
sentence-transformers/paraphrase-multilingual-mpnet-base-v2,es,29,QM_vs_MQ,0.5600830912590027,0.693149209022522,0.8433093428611755,0.15669065713882446
sentence-transformers/paraphrase-multilingual-mpnet-base-v2,es,29,QT_vs_TQ,0.6208056211471558,0.7439165711402893,0.8085106611251831,0.1914893388748169
sentence-transformers/paraphrase-multilingual-mpnet-base-v2,es,29,MT_vs_TM,0.45602497458457947,0.5596430897712708,0.8965659737586975,0.10343402624130249
sentence-transformers/paraphrase-multilingual-mpnet-base-v2,es,30,NQ_vs_QN,0.6087724566459656,0.7782836556434631,0.8180058002471924,0.18199419975280762
sentence-transformers/paraphrase-multilingual-mpnet-base-v2,es,30,NM_vs_MN,0.19639329612255096,0.42932891845703125,0.9811002016067505,0.01889979839324951
sentence-transformers/paraphrase-multilingual-mpnet-base-v2,es,30,NT_vs_TN,0.9810798168182373,1.904214859008789,0.6715294122695923,0.3284705877304077
sentence-transformers/paraphrase-multilingual-mpnet-base-v2,es,30,QM_vs_MQ,0.5143844485282898,0.5589039921760559,0.8683831691741943,0.13161683082580566
sentence-transformers/paraphrase-multilingual-mpnet-base-v2,es,30,QT_vs_TQ,0.6600255966186523,0.7385590076446533,0.7829369306564331,0.2170630693435669
sentence-transformers/paraphrase-multilingual-mpnet-base-v2,es,30,MT_vs_TM,0.6575772166252136,0.3808254599571228,0.7841610908508301,0.21583890914916992
sentence-transformers/paraphrase-multilingual-mpnet-base-v2,es,31,NQ_vs_QN,0.5617738962173462,0.9797734618186951,0.8498053550720215,0.15019464492797852
sentence-transformers/paraphrase-multilingual-mpnet-base-v2,es,31,NM_vs_MN,0.14426401257514954,0.377025842666626,0.9897623062133789,0.010237693786621094
sentence-transformers/paraphrase-multilingual-mpnet-base-v2,es,31,NT_vs_TN,0.4683751165866852,1.2256689071655273,0.8913223147392273,0.1086776852607727
sentence-transformers/paraphrase-multilingual-mpnet-base-v2,es,31,QM_vs_MQ,0.3830253779888153,0.5786101222038269,0.9279785752296448,0.07202142477035522
sentence-transformers/paraphrase-multilingual-mpnet-base-v2,es,31,QT_vs_TQ,0.4875795841217041,0.7514063715934753,0.8824434280395508,0.11755657196044922
sentence-transformers/paraphrase-multilingual-mpnet-base-v2,es,31,MT_vs_TM,0.36892566084861755,0.33879441022872925,0.9340851902961731,0.0659148097038269
sentence-transformers/paraphrase-multilingual-mpnet-base-v2,es,32,NQ_vs_QN,0.5431742668151855,0.7866358160972595,0.8528193235397339,0.1471806764602661
sentence-transformers/paraphrase-multilingual-mpnet-base-v2,es,32,NM_vs_MN,0.12271999567747116,0.29434192180633545,0.9942612051963806,0.005738794803619385
sentence-transformers/paraphrase-multilingual-mpnet-base-v2,es,32,NT_vs_TN,0.5701234936714172,1.395609736442566,0.8518486618995667,0.14815133810043335
sentence-transformers/paraphrase-multilingual-mpnet-base-v2,es,32,QM_vs_MQ,0.40191346406936646,0.5040505528450012,0.9194905757904053,0.08050942420959473
sentence-transformers/paraphrase-multilingual-mpnet-base-v2,es,32,QT_vs_TQ,0.5735123157501221,0.6876070499420166,0.8364142775535583,0.16358572244644165
sentence-transformers/paraphrase-multilingual-mpnet-base-v2,es,32,MT_vs_TM,0.22736480832099915,0.1849803626537323,0.9767100214958191,0.023289978504180908
sentence-transformers/paraphrase-multilingual-mpnet-base-v2,es,33,NQ_vs_QN,0.5549653172492981,1.0270562171936035,0.850106418132782,0.14989358186721802
sentence-transformers/paraphrase-multilingual-mpnet-base-v2,es,33,NM_vs_MN,0.2916867136955261,0.7081730365753174,0.9664583206176758,0.03354167938232422
sentence-transformers/paraphrase-multilingual-mpnet-base-v2,es,33,NT_vs_TN,0.4637092053890228,1.2597676515579224,0.8924870491027832,0.1075129508972168
sentence-transformers/paraphrase-multilingual-mpnet-base-v2,es,33,QM_vs_MQ,0.47917142510414124,0.8257116079330444,0.8854389786720276,0.11456102132797241
sentence-transformers/paraphrase-multilingual-mpnet-base-v2,es,33,QT_vs_TQ,0.495721697807312,0.8188529014587402,0.878010630607605,0.12198936939239502
sentence-transformers/paraphrase-multilingual-mpnet-base-v2,es,33,MT_vs_TM,0.4155605733394623,0.5881344676017761,0.916885495185852,0.08311450481414795
sentence-transformers/paraphrase-multilingual-mpnet-base-v2,es,34,NQ_vs_QN,0.5570711493492126,0.6680841445922852,0.847519040107727,0.15248095989227295
sentence-transformers/paraphrase-multilingual-mpnet-base-v2,es,34,NM_vs_MN,0.2554636597633362,0.5216324925422668,0.9697479009628296,0.03025209903717041
sentence-transformers/paraphrase-multilingual-mpnet-base-v2,es,34,NT_vs_TN,0.6781303882598877,1.439073085784912,0.806909441947937,0.193090558052063
sentence-transformers/paraphrase-multilingual-mpnet-base-v2,es,34,QM_vs_MQ,0.5356266498565674,0.5753315091133118,0.8576424717903137,0.14235752820968628
sentence-transformers/paraphrase-multilingual-mpnet-base-v2,es,34,QT_vs_TQ,0.571429967880249,0.6055495142936707,0.8402414917945862,0.15975850820541382
sentence-transformers/paraphrase-multilingual-mpnet-base-v2,es,34,MT_vs_TM,0.5042496919631958,0.43415409326553345,0.8990810513496399,0.10091894865036011
sentence-transformers/paraphrase-multilingual-mpnet-base-v2,es,35,NQ_vs_QN,0.6461226940155029,0.9143086075782776,0.7955269813537598,0.20447301864624023
sentence-transformers/paraphrase-multilingual-mpnet-base-v2,es,35,NM_vs_MN,0.08790279179811478,0.20083335041999817,0.99637770652771,0.003622293472290039
sentence-transformers/paraphrase-multilingual-mpnet-base-v2,es,35,NT_vs_TN,0.4643116891384125,1.0610601902008057,0.8951658606529236,0.10483413934707642
sentence-transformers/paraphrase-multilingual-mpnet-base-v2,es,35,QM_vs_MQ,0.6090837121009827,0.7507917881011963,0.8179929256439209,0.1820070743560791
sentence-transformers/paraphrase-multilingual-mpnet-base-v2,es,35,QT_vs_TQ,0.7147009372711182,0.8828731775283813,0.7448161244392395,0.2551838755607605
sentence-transformers/paraphrase-multilingual-mpnet-base-v2,es,35,MT_vs_TM,0.16878190636634827,0.19258840382099152,0.9865374565124512,0.013462543487548828
sentence-transformers/paraphrase-multilingual-mpnet-base-v2,es,36,NQ_vs_QN,0.6116502285003662,0.7417677044868469,0.8193959593772888,0.18060404062271118
sentence-transformers/paraphrase-multilingual-mpnet-base-v2,es,36,NM_vs_MN,0.25419920682907104,0.5367029309272766,0.9677602052688599,0.03223979473114014
sentence-transformers/paraphrase-multilingual-mpnet-base-v2,es,36,NT_vs_TN,0.6030690670013428,1.3975260257720947,0.8225032091140747,0.1774967908859253
sentence-transformers/paraphrase-multilingual-mpnet-base-v2,es,36,QM_vs_MQ,0.5613994002342224,0.5723474621772766,0.843214750289917,0.156785249710083
sentence-transformers/paraphrase-multilingual-mpnet-base-v2,es,36,QT_vs_TQ,0.6142268776893616,0.6287630200386047,0.8143830895423889,0.18561691045761108
sentence-transformers/paraphrase-multilingual-mpnet-base-v2,es,36,MT_vs_TM,0.5170167684555054,0.5858538150787354,0.866759717464447,0.13324028253555298
sentence-transformers/paraphrase-multilingual-mpnet-base-v2,es,37,NQ_vs_QN,0.9542849063873291,1.3151440620422363,0.5450047254562378,0.4549952745437622
sentence-transformers/paraphrase-multilingual-mpnet-base-v2,es,37,NM_vs_MN,0.11010865867137909,0.2542003393173218,0.9940849542617798,0.005915045738220215
sentence-transformers/paraphrase-multilingual-mpnet-base-v2,es,37,NT_vs_TN,0.7498268485069275,1.706018328666687,0.7196136116981506,0.28038638830184937
sentence-transformers/paraphrase-multilingual-mpnet-base-v2,es,37,QM_vs_MQ,0.6825116276741028,0.9356846213340759,0.7870219349861145,0.2129780650138855
sentence-transformers/paraphrase-multilingual-mpnet-base-v2,es,37,QT_vs_TQ,0.8959331512451172,1.1106458902359009,0.6037876009941101,0.3962123990058899
sentence-transformers/paraphrase-multilingual-mpnet-base-v2,es,37,MT_vs_TM,0.12485810369253159,0.16654464602470398,0.9922271370887756,0.007772862911224365
sentence-transformers/paraphrase-multilingual-mpnet-base-v2,es,38,NQ_vs_QN,0.6229193210601807,0.9194029569625854,0.8096042275428772,0.1903957724571228
sentence-transformers/paraphrase-multilingual-mpnet-base-v2,es,38,NM_vs_MN,0.10573534667491913,0.24230271577835083,0.994581937789917,0.005418062210083008
sentence-transformers/paraphrase-multilingual-mpnet-base-v2,es,38,NT_vs_TN,0.4583964943885803,1.0658292770385742,0.8971693515777588,0.10283064842224121
sentence-transformers/paraphrase-multilingual-mpnet-base-v2,es,38,QM_vs_MQ,0.5437342524528503,0.6942295432090759,0.8545438051223755,0.1454561948776245
sentence-transformers/paraphrase-multilingual-mpnet-base-v2,es,38,QT_vs_TQ,0.689890444278717,0.8981195092201233,0.7628239989280701,0.23717600107192993
sentence-transformers/paraphrase-multilingual-mpnet-base-v2,es,38,MT_vs_TM,0.24528230726718903,0.27691400051116943,0.9742599725723267,0.02574002742767334
sentence-transformers/paraphrase-multilingual-mpnet-base-v2,es,39,NQ_vs_QN,0.6414391398429871,1.0998347997665405,0.794305145740509,0.20569485425949097
sentence-transformers/paraphrase-multilingual-mpnet-base-v2,es,39,NM_vs_MN,0.11673678457736969,0.2961023449897766,0.9943609237670898,0.005639076232910156
sentence-transformers/paraphrase-multilingual-mpnet-base-v2,es,39,NT_vs_TN,0.5390218496322632,1.4616737365722656,0.8547735214233398,0.14522647857666016
sentence-transformers/paraphrase-multilingual-mpnet-base-v2,es,39,QM_vs_MQ,0.5456626415252686,0.8540676832199097,0.8541265726089478,0.14587342739105225
sentence-transformers/paraphrase-multilingual-mpnet-base-v2,es,39,QT_vs_TQ,0.5217066407203674,0.7714152336120605,0.8679750561714172,0.13202494382858276
sentence-transformers/paraphrase-multilingual-mpnet-base-v2,es,39,MT_vs_TM,0.10086524486541748,0.15022620558738708,0.9957808256149292,0.004219174385070801
sentence-transformers/paraphrase-multilingual-mpnet-base-v2,es,40,NQ_vs_QN,0.5314626097679138,0.7516958117485046,0.8649851679801941,0.1350148320198059
sentence-transformers/paraphrase-multilingual-mpnet-base-v2,es,40,NM_vs_MN,0.11929360032081604,0.2865963578224182,0.9931060075759888,0.0068939924240112305
sentence-transformers/paraphrase-multilingual-mpnet-base-v2,es,40,NT_vs_TN,0.596376359462738,1.4152978658676147,0.8490583896636963,0.1509416103363037
sentence-transformers/paraphrase-multilingual-mpnet-base-v2,es,40,QM_vs_MQ,0.4154220521450043,0.5021463632583618,0.9144376516342163,0.08556234836578369
sentence-transformers/paraphrase-multilingual-mpnet-base-v2,es,40,QT_vs_TQ,0.609332799911499,0.7152698040008545,0.8160412311553955,0.1839587688446045
sentence-transformers/paraphrase-multilingual-mpnet-base-v2,es,40,MT_vs_TM,0.24342621862888336,0.16723254323005676,0.9764201641082764,0.023579835891723633
sentence-transformers/paraphrase-multilingual-mpnet-base-v2,es,41,NQ_vs_QN,0.7128261923789978,1.2050834894180298,0.7464056611061096,0.2535943388938904
sentence-transformers/paraphrase-multilingual-mpnet-base-v2,es,41,NM_vs_MN,0.2728068232536316,0.6557105779647827,0.9722829461097717,0.02771705389022827
sentence-transformers/paraphrase-multilingual-mpnet-base-v2,es,41,NT_vs_TN,0.9625810384750366,2.0951671600341797,0.6877856254577637,0.31221437454223633
sentence-transformers/paraphrase-multilingual-mpnet-base-v2,es,41,QM_vs_MQ,0.6223400831222534,0.9738589525222778,0.8114827871322632,0.18851721286773682
sentence-transformers/paraphrase-multilingual-mpnet-base-v2,es,41,QT_vs_TQ,0.5650379657745361,0.825514018535614,0.8446974754333496,0.1553025245666504
sentence-transformers/paraphrase-multilingual-mpnet-base-v2,es,41,MT_vs_TM,0.41977983713150024,0.5714062452316284,0.9175826907157898,0.0824173092842102
sentence-transformers/paraphrase-multilingual-mpnet-base-v2,es,42,NQ_vs_QN,0.9069788455963135,1.2736046314239502,0.589771032333374,0.410228967666626
sentence-transformers/paraphrase-multilingual-mpnet-base-v2,es,42,NM_vs_MN,0.1355370432138443,0.3132486939430237,0.9908148050308228,0.009185194969177246
sentence-transformers/paraphrase-multilingual-mpnet-base-v2,es,42,NT_vs_TN,0.9491734504699707,1.7598905563354492,0.6887561082839966,0.3112438917160034
sentence-transformers/paraphrase-multilingual-mpnet-base-v2,es,42,QM_vs_MQ,0.738081157207489,0.9865899085998535,0.7351711988449097,0.26482880115509033
sentence-transformers/paraphrase-multilingual-mpnet-base-v2,es,42,QT_vs_TQ,0.9197905659675598,1.1691964864730835,0.5802124738693237,0.41978752613067627
sentence-transformers/paraphrase-multilingual-mpnet-base-v2,es,42,MT_vs_TM,0.24160002171993256,0.2003883570432663,0.970993161201477,0.02900683879852295
sentence-transformers/paraphrase-multilingual-mpnet-base-v2,es,43,NQ_vs_QN,0.5926725268363953,0.8922504782676697,0.8244333267211914,0.1755666732788086
sentence-transformers/paraphrase-multilingual-mpnet-base-v2,es,43,NM_vs_MN,0.13147857785224915,0.33557751774787903,0.991378128528595,0.00862187147140503
sentence-transformers/paraphrase-multilingual-mpnet-base-v2,es,43,NT_vs_TN,0.5546210408210754,1.444946527481079,0.8462779521942139,0.15372204780578613
sentence-transformers/paraphrase-multilingual-mpnet-base-v2,es,43,QM_vs_MQ,0.5023757219314575,0.6448439955711365,0.8741021156311035,0.12589788436889648
sentence-transformers/paraphrase-multilingual-mpnet-base-v2,es,43,QT_vs_TQ,0.6484180688858032,0.8080132007598877,0.7900758385658264,0.20992416143417358
sentence-transformers/paraphrase-multilingual-mpnet-base-v2,es,43,MT_vs_TM,0.21625207364559174,0.2743176817893982,0.9837371706962585,0.016262829303741455
sentence-transformers/paraphrase-multilingual-mpnet-base-v2,es,44,NQ_vs_QN,0.4442276358604431,0.8145001530647278,0.9046963453292847,0.09530365467071533
sentence-transformers/paraphrase-multilingual-mpnet-base-v2,es,44,NM_vs_MN,0.24002717435359955,0.6805205345153809,0.9722320437431335,0.027767956256866455
sentence-transformers/paraphrase-multilingual-mpnet-base-v2,es,44,NT_vs_TN,0.5081634521484375,1.4176219701766968,0.8881587386131287,0.11184126138687134
sentence-transformers/paraphrase-multilingual-mpnet-base-v2,es,44,QM_vs_MQ,0.49545717239379883,0.7709903120994568,0.8772969841957092,0.12270301580429077
sentence-transformers/paraphrase-multilingual-mpnet-base-v2,es,44,QT_vs_TQ,0.5311135649681091,0.8324079513549805,0.8618916273117065,0.13810837268829346
sentence-transformers/paraphrase-multilingual-mpnet-base-v2,es,44,MT_vs_TM,0.35447362065315247,0.5395182371139526,0.937802791595459,0.062197208404541016
sentence-transformers/paraphrase-multilingual-mpnet-base-v2,es,45,NQ_vs_QN,0.7609966397285461,0.9001222848892212,0.7104421854019165,0.2895578145980835
sentence-transformers/paraphrase-multilingual-mpnet-base-v2,es,45,NM_vs_MN,0.14380709826946259,0.32216352224349976,0.989719569683075,0.010280430316925049
sentence-transformers/paraphrase-multilingual-mpnet-base-v2,es,45,NT_vs_TN,1.0665757656097412,1.8411338329315186,0.6369582414627075,0.3630417585372925
sentence-transformers/paraphrase-multilingual-mpnet-base-v2,es,45,QM_vs_MQ,0.6612415313720703,0.7358468174934387,0.7938355207443237,0.20616447925567627
sentence-transformers/paraphrase-multilingual-mpnet-base-v2,es,45,QT_vs_TQ,0.6682536005973816,0.7409424781799316,0.7767874002456665,0.2232125997543335
sentence-transformers/paraphrase-multilingual-mpnet-base-v2,es,45,MT_vs_TM,0.3363369107246399,0.29397064447402954,0.9436501264572144,0.056349873542785645
sentence-transformers/paraphrase-multilingual-mpnet-base-v2,es,46,NQ_vs_QN,0.6003764271736145,0.9697378873825073,0.8372964262962341,0.16270357370376587
sentence-transformers/paraphrase-multilingual-mpnet-base-v2,es,46,NM_vs_MN,0.20074687898159027,0.5667721033096313,0.9798751473426819,0.020124852657318115
sentence-transformers/paraphrase-multilingual-mpnet-base-v2,es,46,NT_vs_TN,0.5095580816268921,1.5250786542892456,0.8702036738395691,0.1297963261604309
sentence-transformers/paraphrase-multilingual-mpnet-base-v2,es,46,QM_vs_MQ,0.49389129877090454,0.6573787927627563,0.8802525997161865,0.11974740028381348
sentence-transformers/paraphrase-multilingual-mpnet-base-v2,es,46,QT_vs_TQ,0.6248891949653625,0.8203131556510925,0.8074065446853638,0.19259345531463623
sentence-transformers/paraphrase-multilingual-mpnet-base-v2,es,46,MT_vs_TM,0.3418945372104645,0.3954060673713684,0.9461557865142822,0.05384421348571777
sentence-transformers/paraphrase-multilingual-mpnet-base-v2,es,47,NQ_vs_QN,0.49698543548583984,0.9060273170471191,0.8856123685836792,0.1143876314163208
sentence-transformers/paraphrase-multilingual-mpnet-base-v2,es,47,NM_vs_MN,0.3077928125858307,0.8829825520515442,0.9601262211799622,0.03987377882003784
sentence-transformers/paraphrase-multilingual-mpnet-base-v2,es,47,NT_vs_TN,0.4009798467159271,1.2029441595077515,0.9229384660720825,0.07706153392791748
sentence-transformers/paraphrase-multilingual-mpnet-base-v2,es,47,QM_vs_MQ,0.48010578751564026,0.728212296962738,0.8849096894264221,0.11509031057357788
sentence-transformers/paraphrase-multilingual-mpnet-base-v2,es,47,QT_vs_TQ,0.5146863460540771,0.7945436239242554,0.869431734085083,0.130568265914917
sentence-transformers/paraphrase-multilingual-mpnet-base-v2,es,47,MT_vs_TM,0.5305574536323547,0.7215151190757751,0.8592625260353088,0.14073747396469116
sentence-transformers/paraphrase-multilingual-mpnet-base-v2,fr,0,NQ_vs_QN,0.7279915809631348,0.8129658699035645,0.7351179122924805,0.26488208770751953
sentence-transformers/paraphrase-multilingual-mpnet-base-v2,fr,0,NM_vs_MN,0.1017402783036232,0.1926555633544922,0.9953198432922363,0.004680156707763672
sentence-transformers/paraphrase-multilingual-mpnet-base-v2,fr,0,NT_vs_TN,0.601757287979126,1.1544907093048096,0.8193786144256592,0.18062138557434082
sentence-transformers/paraphrase-multilingual-mpnet-base-v2,fr,0,QM_vs_MQ,0.5472338199615479,0.6127544045448303,0.8505631685256958,0.1494368314743042
sentence-transformers/paraphrase-multilingual-mpnet-base-v2,fr,0,QT_vs_TQ,0.7891655564308167,0.9344275593757629,0.6888280510902405,0.3111719489097595
sentence-transformers/paraphrase-multilingual-mpnet-base-v2,fr,0,MT_vs_TM,0.18570548295974731,0.17511425912380219,0.9828276634216309,0.01717233657836914
sentence-transformers/paraphrase-multilingual-mpnet-base-v2,fr,1,NQ_vs_QN,0.5397846698760986,0.9581295251846313,0.8785130381584167,0.12148696184158325
sentence-transformers/paraphrase-multilingual-mpnet-base-v2,fr,1,NM_vs_MN,0.05149637162685394,0.14798198640346527,0.9986886978149414,0.0013113021850585938
sentence-transformers/paraphrase-multilingual-mpnet-base-v2,fr,1,NT_vs_TN,0.44717171788215637,1.2301446199417114,0.9045107364654541,0.0954892635345459
sentence-transformers/paraphrase-multilingual-mpnet-base-v2,fr,1,QM_vs_MQ,0.46375009417533875,0.7651520371437073,0.8926036357879639,0.10739636421203613
sentence-transformers/paraphrase-multilingual-mpnet-base-v2,fr,1,QT_vs_TQ,0.6343275904655457,1.0684541463851929,0.7988654971122742,0.20113450288772583
sentence-transformers/paraphrase-multilingual-mpnet-base-v2,fr,1,MT_vs_TM,0.128404900431633,0.15079247951507568,0.9943499565124512,0.005650043487548828
sentence-transformers/paraphrase-multilingual-mpnet-base-v2,fr,2,NQ_vs_QN,0.48542505502700806,0.8493916988372803,0.9074650406837463,0.09253495931625366
sentence-transformers/paraphrase-multilingual-mpnet-base-v2,fr,2,NM_vs_MN,0.05768824368715286,0.16652162373065948,0.998452365398407,0.0015476346015930176
sentence-transformers/paraphrase-multilingual-mpnet-base-v2,fr,2,NT_vs_TN,0.42940205335617065,1.149498701095581,0.927645206451416,0.07235479354858398
sentence-transformers/paraphrase-multilingual-mpnet-base-v2,fr,2,QM_vs_MQ,0.37367546558380127,0.607364296913147,0.9324518442153931,0.06754815578460693
sentence-transformers/paraphrase-multilingual-mpnet-base-v2,fr,2,QT_vs_TQ,0.5717865228652954,0.9552468657493591,0.8404809832572937,0.1595190167427063
sentence-transformers/paraphrase-multilingual-mpnet-base-v2,fr,2,MT_vs_TM,0.11996622383594513,0.13052238523960114,0.9938263297080994,0.006173670291900635
sentence-transformers/paraphrase-multilingual-mpnet-base-v2,fr,3,NQ_vs_QN,0.48752185702323914,0.7717167139053345,0.9012861847877502,0.09871381521224976
sentence-transformers/paraphrase-multilingual-mpnet-base-v2,fr,3,NM_vs_MN,0.09296251833438873,0.23179715871810913,0.9957698583602905,0.004230141639709473
sentence-transformers/paraphrase-multilingual-mpnet-base-v2,fr,3,NT_vs_TN,0.7631865739822388,1.6930629014968872,0.7890852093696594,0.21091479063034058
sentence-transformers/paraphrase-multilingual-mpnet-base-v2,fr,3,QM_vs_MQ,0.528963565826416,0.8136141300201416,0.8602192401885986,0.13978075981140137
sentence-transformers/paraphrase-multilingual-mpnet-base-v2,fr,3,QT_vs_TQ,0.673225998878479,1.0150699615478516,0.7736935615539551,0.22630643844604492
sentence-transformers/paraphrase-multilingual-mpnet-base-v2,fr,3,MT_vs_TM,0.08654472976922989,0.09795285761356354,0.996351957321167,0.003648042678833008
sentence-transformers/paraphrase-multilingual-mpnet-base-v2,fr,4,NQ_vs_QN,0.823552131652832,1.2158023118972778,0.6646656394004822,0.3353343605995178
sentence-transformers/paraphrase-multilingual-mpnet-base-v2,fr,4,NM_vs_MN,0.0956764742732048,0.21692009270191193,0.995460569858551,0.004539430141448975
sentence-transformers/paraphrase-multilingual-mpnet-base-v2,fr,4,NT_vs_TN,0.5887017250061035,1.3388534784317017,0.8293912410736084,0.1706087589263916
sentence-transformers/paraphrase-multilingual-mpnet-base-v2,fr,4,QM_vs_MQ,0.706679105758667,1.022006630897522,0.7517008781433105,0.24829912185668945
sentence-transformers/paraphrase-multilingual-mpnet-base-v2,fr,4,QT_vs_TQ,0.8984615802764893,1.299635887145996,0.6019117832183838,0.3980882167816162
sentence-transformers/paraphrase-multilingual-mpnet-base-v2,fr,4,MT_vs_TM,0.25624722242355347,0.254734605550766,0.9676454663276672,0.032354533672332764
sentence-transformers/paraphrase-multilingual-mpnet-base-v2,fr,5,NQ_vs_QN,0.6815194487571716,0.7741755843162537,0.7678050994873047,0.2321949005126953
sentence-transformers/paraphrase-multilingual-mpnet-base-v2,fr,5,NM_vs_MN,0.11853310465812683,0.2362295240163803,0.9929786920547485,0.007021307945251465
sentence-transformers/paraphrase-multilingual-mpnet-base-v2,fr,5,NT_vs_TN,0.5977828502655029,1.1436381340026855,0.8226842880249023,0.17731571197509766
sentence-transformers/paraphrase-multilingual-mpnet-base-v2,fr,5,QM_vs_MQ,0.5021753907203674,0.6437321305274963,0.8739101886749268,0.12608981132507324
sentence-transformers/paraphrase-multilingual-mpnet-base-v2,fr,5,QT_vs_TQ,0.7952728867530823,0.975641131401062,0.684248149394989,0.315751850605011
sentence-transformers/paraphrase-multilingual-mpnet-base-v2,fr,5,MT_vs_TM,0.173892080783844,0.17742900550365448,0.9858897924423218,0.014110207557678223
sentence-transformers/paraphrase-multilingual-mpnet-base-v2,fr,6,NQ_vs_QN,0.7835371494293213,0.9989833831787109,0.6959162950515747,0.3040837049484253
sentence-transformers/paraphrase-multilingual-mpnet-base-v2,fr,6,NM_vs_MN,0.09142554551362991,0.19450689852237701,0.9961870312690735,0.0038129687309265137
sentence-transformers/paraphrase-multilingual-mpnet-base-v2,fr,6,NT_vs_TN,0.5452166199684143,1.0718340873718262,0.8513894081115723,0.14861059188842773
sentence-transformers/paraphrase-multilingual-mpnet-base-v2,fr,6,QM_vs_MQ,0.49457627534866333,0.6368704438209534,0.8787819147109985,0.12121808528900146
sentence-transformers/paraphrase-multilingual-mpnet-base-v2,fr,6,QT_vs_TQ,0.8386496305465698,1.0463147163391113,0.6500104665756226,0.34998953342437744
sentence-transformers/paraphrase-multilingual-mpnet-base-v2,fr,6,MT_vs_TM,0.2631013095378876,0.22757042944431305,0.9656919240951538,0.03430807590484619
sentence-transformers/paraphrase-multilingual-mpnet-base-v2,fr,7,NQ_vs_QN,0.5702507495880127,0.878607988357544,0.8707514405250549,0.12924855947494507
sentence-transformers/paraphrase-multilingual-mpnet-base-v2,fr,7,NM_vs_MN,0.15697863698005676,0.3988971412181854,0.9888647198677063,0.011135280132293701
sentence-transformers/paraphrase-multilingual-mpnet-base-v2,fr,7,NT_vs_TN,0.5002540946006775,1.2053089141845703,0.8749070167541504,0.1250929832458496
sentence-transformers/paraphrase-multilingual-mpnet-base-v2,fr,7,QM_vs_MQ,0.3287055492401123,0.5061265826225281,0.9460558891296387,0.05394411087036133
sentence-transformers/paraphrase-multilingual-mpnet-base-v2,fr,7,QT_vs_TQ,0.7134556770324707,0.9917327165603638,0.7455006241798401,0.2544993758201599
sentence-transformers/paraphrase-multilingual-mpnet-base-v2,fr,7,MT_vs_TM,0.5637754797935486,0.7119808793067932,0.851826548576355,0.14817345142364502
sentence-transformers/paraphrase-multilingual-mpnet-base-v2,fr,8,NQ_vs_QN,0.6777095794677734,1.015747308731079,0.7984409332275391,0.20155906677246094
sentence-transformers/paraphrase-multilingual-mpnet-base-v2,fr,8,NM_vs_MN,0.1596803218126297,0.3965621888637543,0.9873570203781128,0.012642979621887207
sentence-transformers/paraphrase-multilingual-mpnet-base-v2,fr,8,NT_vs_TN,0.6324369311332703,1.547422170639038,0.801100492477417,0.198899507522583
sentence-transformers/paraphrase-multilingual-mpnet-base-v2,fr,8,QM_vs_MQ,0.4802907407283783,0.641808807849884,0.884915828704834,0.11508417129516602
sentence-transformers/paraphrase-multilingual-mpnet-base-v2,fr,8,QT_vs_TQ,0.7483541369438171,1.035281777381897,0.7200018167495728,0.27999818325042725
sentence-transformers/paraphrase-multilingual-mpnet-base-v2,fr,8,MT_vs_TM,0.44631555676460266,0.6177051663398743,0.9154986143112183,0.08450138568878174
sentence-transformers/paraphrase-multilingual-mpnet-base-v2,fr,9,NQ_vs_QN,0.531417727470398,0.8445807099342346,0.887740969657898,0.11225903034210205
sentence-transformers/paraphrase-multilingual-mpnet-base-v2,fr,9,NM_vs_MN,0.1451205462217331,0.3827294707298279,0.9894943833351135,0.010505616664886475
sentence-transformers/paraphrase-multilingual-mpnet-base-v2,fr,9,NT_vs_TN,0.6265738606452942,1.5445677042007446,0.8374108076095581,0.1625891923904419
sentence-transformers/paraphrase-multilingual-mpnet-base-v2,fr,9,QM_vs_MQ,0.3824043869972229,0.6018180847167969,0.9272588491439819,0.07274115085601807
sentence-transformers/paraphrase-multilingual-mpnet-base-v2,fr,9,QT_vs_TQ,0.43957942724227905,0.6517198085784912,0.9036046266555786,0.09639537334442139
sentence-transformers/paraphrase-multilingual-mpnet-base-v2,fr,9,MT_vs_TM,0.23062196373939514,0.3085416257381439,0.9754687547683716,0.024531245231628418
sentence-transformers/paraphrase-multilingual-mpnet-base-v2,fr,10,NQ_vs_QN,0.5328576564788818,0.9772372841835022,0.8738710880279541,0.1261289119720459
sentence-transformers/paraphrase-multilingual-mpnet-base-v2,fr,10,NM_vs_MN,0.12851931154727936,0.36829909682273865,0.9918646812438965,0.008135318756103516
sentence-transformers/paraphrase-multilingual-mpnet-base-v2,fr,10,NT_vs_TN,0.5486608743667603,1.4059439897537231,0.8831885457038879,0.11681145429611206
sentence-transformers/paraphrase-multilingual-mpnet-base-v2,fr,10,QM_vs_MQ,0.3816561698913574,0.7282014489173889,0.9274304509162903,0.07256954908370972
sentence-transformers/paraphrase-multilingual-mpnet-base-v2,fr,10,QT_vs_TQ,0.5574539303779602,0.968079149723053,0.8450374007225037,0.15496259927749634
sentence-transformers/paraphrase-multilingual-mpnet-base-v2,fr,10,MT_vs_TM,0.20931541919708252,0.32296934723854065,0.9830058217048645,0.016994178295135498
sentence-transformers/paraphrase-multilingual-mpnet-base-v2,fr,11,NQ_vs_QN,0.6733971834182739,0.8752177357673645,0.7749184370040894,0.22508156299591064
sentence-transformers/paraphrase-multilingual-mpnet-base-v2,fr,11,NM_vs_MN,0.1149006187915802,0.2630220055580139,0.9934287667274475,0.00657123327255249
sentence-transformers/paraphrase-multilingual-mpnet-base-v2,fr,11,NT_vs_TN,0.584949791431427,1.2475550174713135,0.8289260864257812,0.17107391357421875
sentence-transformers/paraphrase-multilingual-mpnet-base-v2,fr,11,QM_vs_MQ,0.6309425830841064,0.8735517859458923,0.8031179308891296,0.19688206911087036
sentence-transformers/paraphrase-multilingual-mpnet-base-v2,fr,11,QT_vs_TQ,0.8234798908233643,1.1261463165283203,0.6623097658157349,0.33769023418426514
sentence-transformers/paraphrase-multilingual-mpnet-base-v2,fr,11,MT_vs_TM,0.22061525285243988,0.22522121667861938,0.97569739818573,0.02430260181427002
sentence-transformers/paraphrase-multilingual-mpnet-base-v2,fr,12,NQ_vs_QN,0.5926408767700195,0.9667074084281921,0.8471811413764954,0.15281885862350464
sentence-transformers/paraphrase-multilingual-mpnet-base-v2,fr,12,NM_vs_MN,0.08161159604787827,0.20930086076259613,0.9966800808906555,0.0033199191093444824
sentence-transformers/paraphrase-multilingual-mpnet-base-v2,fr,12,NT_vs_TN,0.6061340570449829,1.4467071294784546,0.823190450668335,0.17680954933166504
sentence-transformers/paraphrase-multilingual-mpnet-base-v2,fr,12,QM_vs_MQ,0.4803055226802826,0.7547551393508911,0.8846720457077026,0.11532795429229736
sentence-transformers/paraphrase-multilingual-mpnet-base-v2,fr,12,QT_vs_TQ,0.6798400282859802,1.071312427520752,0.7690074443817139,0.23099255561828613
sentence-transformers/paraphrase-multilingual-mpnet-base-v2,fr,12,MT_vs_TM,0.21670837700366974,0.23396611213684082,0.9775622487068176,0.022437751293182373
sentence-transformers/paraphrase-multilingual-mpnet-base-v2,fr,13,NQ_vs_QN,0.5995458364486694,1.073408842086792,0.8447652459144592,0.15523475408554077
sentence-transformers/paraphrase-multilingual-mpnet-base-v2,fr,13,NM_vs_MN,0.06449190527200699,0.17976152896881104,0.9979651570320129,0.0020348429679870605
sentence-transformers/paraphrase-multilingual-mpnet-base-v2,fr,13,NT_vs_TN,0.7587729692459106,1.8105798959732056,0.7791973352432251,0.2208026647567749
sentence-transformers/paraphrase-multilingual-mpnet-base-v2,fr,13,QM_vs_MQ,0.5059232711791992,0.8511285185813904,0.8722990155220032,0.12770098447799683
sentence-transformers/paraphrase-multilingual-mpnet-base-v2,fr,13,QT_vs_TQ,0.656368613243103,1.1089940071105957,0.7850978374481201,0.21490216255187988
sentence-transformers/paraphrase-multilingual-mpnet-base-v2,fr,13,MT_vs_TM,0.1613226681947708,0.15428484976291656,0.9870278835296631,0.012972116470336914
sentence-transformers/paraphrase-multilingual-mpnet-base-v2,fr,14,NQ_vs_QN,0.6592233180999756,0.8172181844711304,0.7953343391418457,0.2046656608581543
sentence-transformers/paraphrase-multilingual-mpnet-base-v2,fr,14,NM_vs_MN,0.16440054774284363,0.3339356780052185,0.9865041971206665,0.013495802879333496
sentence-transformers/paraphrase-multilingual-mpnet-base-v2,fr,14,NT_vs_TN,0.6994878649711609,1.5927144289016724,0.7565996050834656,0.24340039491653442
sentence-transformers/paraphrase-multilingual-mpnet-base-v2,fr,14,QM_vs_MQ,0.6218494176864624,0.7947316765785217,0.8104289770126343,0.18957102298736572
sentence-transformers/paraphrase-multilingual-mpnet-base-v2,fr,14,QT_vs_TQ,0.8186014890670776,1.0072346925735474,0.6753530502319336,0.3246469497680664
sentence-transformers/paraphrase-multilingual-mpnet-base-v2,fr,14,MT_vs_TM,0.3137046992778778,0.3370443880558014,0.9529047012329102,0.047095298767089844
sentence-transformers/paraphrase-multilingual-mpnet-base-v2,fr,15,NQ_vs_QN,0.6947154998779297,1.0484057664871216,0.7731600403785706,0.22683995962142944
sentence-transformers/paraphrase-multilingual-mpnet-base-v2,fr,15,NM_vs_MN,0.13964799046516418,0.33887648582458496,0.9903930425643921,0.00960695743560791
sentence-transformers/paraphrase-multilingual-mpnet-base-v2,fr,15,NT_vs_TN,0.44711238145828247,1.1286470890045166,0.900931715965271,0.099068284034729
sentence-transformers/paraphrase-multilingual-mpnet-base-v2,fr,15,QM_vs_MQ,0.5832750797271729,0.8645975589752197,0.8301815986633301,0.16981840133666992
sentence-transformers/paraphrase-multilingual-mpnet-base-v2,fr,15,QT_vs_TQ,0.5285380482673645,0.7567726373672485,0.8603968024253845,0.13960319757461548
sentence-transformers/paraphrase-multilingual-mpnet-base-v2,fr,15,MT_vs_TM,0.193271666765213,0.1756463348865509,0.9816350936889648,0.018364906311035156
sentence-transformers/paraphrase-multilingual-mpnet-base-v2,fr,16,NQ_vs_QN,0.5682271122932434,0.8506247401237488,0.8436590433120728,0.15634095668792725
sentence-transformers/paraphrase-multilingual-mpnet-base-v2,fr,16,NM_vs_MN,0.07103327661752701,0.1663215160369873,0.9974930286407471,0.0025069713592529297
sentence-transformers/paraphrase-multilingual-mpnet-base-v2,fr,16,NT_vs_TN,0.5021940469741821,1.115127682685852,0.8765599131584167,0.12344008684158325
sentence-transformers/paraphrase-multilingual-mpnet-base-v2,fr,16,QM_vs_MQ,0.451133131980896,0.6674410104751587,0.8985384702682495,0.10146152973175049
sentence-transformers/paraphrase-multilingual-mpnet-base-v2,fr,16,QT_vs_TQ,0.6778590083122253,1.0152395963668823,0.7715100049972534,0.22848999500274658
sentence-transformers/paraphrase-multilingual-mpnet-base-v2,fr,16,MT_vs_TM,0.18865135312080383,0.23234952986240387,0.9848937392234802,0.015106260776519775
sentence-transformers/paraphrase-multilingual-mpnet-base-v2,fr,17,NQ_vs_QN,0.47397381067276,0.8572530746459961,0.9076825380325317,0.09231746196746826
sentence-transformers/paraphrase-multilingual-mpnet-base-v2,fr,17,NM_vs_MN,0.1384502649307251,0.38274624943733215,0.9916646480560303,0.008335351943969727
sentence-transformers/paraphrase-multilingual-mpnet-base-v2,fr,17,NT_vs_TN,0.526047945022583,1.3451589345932007,0.8846566677093506,0.11534333229064941
sentence-transformers/paraphrase-multilingual-mpnet-base-v2,fr,17,QM_vs_MQ,0.42355838418006897,0.7779611945152283,0.9108578562736511,0.08914214372634888
sentence-transformers/paraphrase-multilingual-mpnet-base-v2,fr,17,QT_vs_TQ,0.6650040745735168,1.1415945291519165,0.7789415121078491,0.22105848789215088
sentence-transformers/paraphrase-multilingual-mpnet-base-v2,fr,17,MT_vs_TM,0.17509213089942932,0.21686017513275146,0.9849448204040527,0.015055179595947266
sentence-transformers/paraphrase-multilingual-mpnet-base-v2,fr,18,NQ_vs_QN,0.4949146807193756,0.637690007686615,0.8813201189041138,0.11867988109588623
sentence-transformers/paraphrase-multilingual-mpnet-base-v2,fr,18,NM_vs_MN,0.13380026817321777,0.2856646180152893,0.9912846684455872,0.008715331554412842
sentence-transformers/paraphrase-multilingual-mpnet-base-v2,fr,18,NT_vs_TN,0.5557305812835693,1.1663674116134644,0.8511011600494385,0.14889883995056152
sentence-transformers/paraphrase-multilingual-mpnet-base-v2,fr,18,QM_vs_MQ,0.6082112789154053,0.8064566850662231,0.8168255686759949,0.18317443132400513
sentence-transformers/paraphrase-multilingual-mpnet-base-v2,fr,18,QT_vs_TQ,0.7571794986724854,1.0076100826263428,0.716145396232605,0.283854603767395
sentence-transformers/paraphrase-multilingual-mpnet-base-v2,fr,18,MT_vs_TM,0.16793307662010193,0.1730298399925232,0.9861346483230591,0.013865351676940918
sentence-transformers/paraphrase-multilingual-mpnet-base-v2,fr,19,NQ_vs_QN,0.7211955785751343,1.1376737356185913,0.7701835632324219,0.22981643676757812
sentence-transformers/paraphrase-multilingual-mpnet-base-v2,fr,19,NM_vs_MN,0.13440348207950592,0.35195988416671753,0.991765022277832,0.008234977722167969
sentence-transformers/paraphrase-multilingual-mpnet-base-v2,fr,19,NT_vs_TN,0.4787563681602478,1.2194111347198486,0.8853994607925415,0.1146005392074585
sentence-transformers/paraphrase-multilingual-mpnet-base-v2,fr,19,QM_vs_MQ,0.4320535957813263,0.6338439583778381,0.9066653847694397,0.0933346152305603
sentence-transformers/paraphrase-multilingual-mpnet-base-v2,fr,19,QT_vs_TQ,0.7682036757469177,1.1173652410507202,0.7050352096557617,0.2949647903442383
sentence-transformers/paraphrase-multilingual-mpnet-base-v2,fr,19,MT_vs_TM,0.4640127718448639,0.5292975306510925,0.8977097272872925,0.10229027271270752
sentence-transformers/paraphrase-multilingual-mpnet-base-v2,fr,20,NQ_vs_QN,0.494792103767395,0.85625159740448,0.8977030515670776,0.10229694843292236
sentence-transformers/paraphrase-multilingual-mpnet-base-v2,fr,20,NM_vs_MN,0.051134176552295685,0.14566022157669067,0.9987037181854248,0.0012962818145751953
sentence-transformers/paraphrase-multilingual-mpnet-base-v2,fr,20,NT_vs_TN,0.37949809432029724,1.0056099891662598,0.9384368062019348,0.061563193798065186
sentence-transformers/paraphrase-multilingual-mpnet-base-v2,fr,20,QM_vs_MQ,0.40135782957077026,0.6543518304824829,0.9206256866455078,0.07937431335449219
sentence-transformers/paraphrase-multilingual-mpnet-base-v2,fr,20,QT_vs_TQ,0.5934373736381531,0.9883829355239868,0.8276441097259521,0.17235589027404785
sentence-transformers/paraphrase-multilingual-mpnet-base-v2,fr,20,MT_vs_TM,0.1143699660897255,0.1262143850326538,0.9939935207366943,0.006006479263305664
sentence-transformers/paraphrase-multilingual-mpnet-base-v2,fr,21,NQ_vs_QN,0.5749920010566711,0.8830727934837341,0.8454626202583313,0.1545373797416687
sentence-transformers/paraphrase-multilingual-mpnet-base-v2,fr,21,NM_vs_MN,0.07781605422496796,0.1968935877084732,0.9969723224639893,0.003027677536010742
sentence-transformers/paraphrase-multilingual-mpnet-base-v2,fr,21,NT_vs_TN,0.5190238356590271,1.1722649335861206,0.8717832565307617,0.12821674346923828
sentence-transformers/paraphrase-multilingual-mpnet-base-v2,fr,21,QM_vs_MQ,0.45275306701660156,0.6971473097801208,0.8975086212158203,0.10249137878417969
sentence-transformers/paraphrase-multilingual-mpnet-base-v2,fr,21,QT_vs_TQ,0.7282435894012451,1.1029118299484253,0.7349738478660583,0.26502615213394165
sentence-transformers/paraphrase-multilingual-mpnet-base-v2,fr,21,MT_vs_TM,0.1891632080078125,0.24998518824577332,0.9838399887084961,0.016160011291503906
sentence-transformers/paraphrase-multilingual-mpnet-base-v2,fr,22,NQ_vs_QN,0.7032144069671631,1.0197888612747192,0.762707531452179,0.23729246854782104
sentence-transformers/paraphrase-multilingual-mpnet-base-v2,fr,22,NM_vs_MN,0.24243585765361786,0.5503165125846863,0.9706182479858398,0.029381752014160156
sentence-transformers/paraphrase-multilingual-mpnet-base-v2,fr,22,NT_vs_TN,0.6590856313705444,1.5192419290542603,0.7919439077377319,0.20805609226226807
sentence-transformers/paraphrase-multilingual-mpnet-base-v2,fr,22,QM_vs_MQ,0.6564434170722961,0.9872418642044067,0.7852432131767273,0.2147567868232727
sentence-transformers/paraphrase-multilingual-mpnet-base-v2,fr,22,QT_vs_TQ,0.9229155778884888,1.3946279287338257,0.5741438269615173,0.42585617303848267
sentence-transformers/paraphrase-multilingual-mpnet-base-v2,fr,22,MT_vs_TM,0.37427759170532227,0.4329550564289093,0.9314371943473816,0.06856280565261841
sentence-transformers/paraphrase-multilingual-mpnet-base-v2,fr,23,NQ_vs_QN,0.6374101042747498,1.048784613609314,0.8267439603805542,0.1732560396194458
sentence-transformers/paraphrase-multilingual-mpnet-base-v2,fr,23,NM_vs_MN,0.11816699057817459,0.3136409819126129,0.9930188059806824,0.006981194019317627
sentence-transformers/paraphrase-multilingual-mpnet-base-v2,fr,23,NT_vs_TN,0.41775214672088623,1.1427655220031738,0.9137284159660339,0.08627158403396606
sentence-transformers/paraphrase-multilingual-mpnet-base-v2,fr,23,QM_vs_MQ,0.5987814664840698,0.9753690361976624,0.8252601027488708,0.17473989725112915
sentence-transformers/paraphrase-multilingual-mpnet-base-v2,fr,23,QT_vs_TQ,0.5060335993766785,0.7776250839233398,0.8723728656768799,0.12762713432312012
sentence-transformers/paraphrase-multilingual-mpnet-base-v2,fr,23,MT_vs_TM,0.22194676101207733,0.24799440801143646,0.9789976477622986,0.021002352237701416
sentence-transformers/paraphrase-multilingual-mpnet-base-v2,fr,24,NQ_vs_QN,0.6192891001701355,0.8168811202049255,0.8263096809387207,0.1736903190612793
sentence-transformers/paraphrase-multilingual-mpnet-base-v2,fr,24,NM_vs_MN,0.12111924588680267,0.2614031136035919,0.992851972579956,0.007148027420043945
sentence-transformers/paraphrase-multilingual-mpnet-base-v2,fr,24,NT_vs_TN,0.5425949692726135,1.1080111265182495,0.8532615303993225,0.1467384696006775
sentence-transformers/paraphrase-multilingual-mpnet-base-v2,fr,24,QM_vs_MQ,0.5038657784461975,0.6330147385597229,0.8747614622116089,0.1252385377883911
sentence-transformers/paraphrase-multilingual-mpnet-base-v2,fr,24,QT_vs_TQ,0.8007062077522278,0.9265074133872986,0.6830211877822876,0.3169788122177124
sentence-transformers/paraphrase-multilingual-mpnet-base-v2,fr,24,MT_vs_TM,0.5899303555488586,0.5700779557228088,0.8339139223098755,0.1660860776901245
sentence-transformers/paraphrase-multilingual-mpnet-base-v2,fr,25,NQ_vs_QN,0.7504122257232666,1.381609320640564,0.7348997592926025,0.26510024070739746
sentence-transformers/paraphrase-multilingual-mpnet-base-v2,fr,25,NM_vs_MN,0.12353138625621796,0.3563450276851654,0.9924343228340149,0.007565677165985107
sentence-transformers/paraphrase-multilingual-mpnet-base-v2,fr,25,NT_vs_TN,0.552747368812561,1.505665898323059,0.8512934446334839,0.1487065553665161
sentence-transformers/paraphrase-multilingual-mpnet-base-v2,fr,25,QM_vs_MQ,0.5495386719703674,0.9543485045433044,0.8490184545516968,0.15098154544830322
sentence-transformers/paraphrase-multilingual-mpnet-base-v2,fr,25,QT_vs_TQ,0.6726333498954773,1.1484049558639526,0.7738596200942993,0.22614037990570068
sentence-transformers/paraphrase-multilingual-mpnet-base-v2,fr,25,MT_vs_TM,0.2585453987121582,0.24922579526901245,0.9666298031806946,0.03337019681930542
sentence-transformers/paraphrase-multilingual-mpnet-base-v2,fr,26,NQ_vs_QN,0.5126768350601196,0.8464059233665466,0.8854666352272034,0.11453336477279663
sentence-transformers/paraphrase-multilingual-mpnet-base-v2,fr,26,NM_vs_MN,0.07774075120687485,0.18948137760162354,0.997115433216095,0.0028845667839050293
sentence-transformers/paraphrase-multilingual-mpnet-base-v2,fr,26,NT_vs_TN,0.4435995817184448,1.0728472471237183,0.9018503427505493,0.09814965724945068
sentence-transformers/paraphrase-multilingual-mpnet-base-v2,fr,26,QM_vs_MQ,0.4161694645881653,0.6384516358375549,0.9134014248847961,0.08659857511520386
sentence-transformers/paraphrase-multilingual-mpnet-base-v2,fr,26,QT_vs_TQ,0.7062317132949829,1.1112723350524902,0.7508706450462341,0.24912935495376587
sentence-transformers/paraphrase-multilingual-mpnet-base-v2,fr,26,MT_vs_TM,0.18474458158016205,0.2014818638563156,0.984572172164917,0.015427827835083008
sentence-transformers/paraphrase-multilingual-mpnet-base-v2,fr,27,NQ_vs_QN,0.627676784992218,0.9872322678565979,0.8302205204963684,0.1697794795036316
sentence-transformers/paraphrase-multilingual-mpnet-base-v2,fr,27,NM_vs_MN,0.18105779588222504,0.44115155935287476,0.9838864803314209,0.0161135196685791
sentence-transformers/paraphrase-multilingual-mpnet-base-v2,fr,27,NT_vs_TN,0.6699873208999634,1.563454270362854,0.7818363904953003,0.2181636095046997
sentence-transformers/paraphrase-multilingual-mpnet-base-v2,fr,27,QM_vs_MQ,0.5256657004356384,0.805401623249054,0.8619576692581177,0.13804233074188232
sentence-transformers/paraphrase-multilingual-mpnet-base-v2,fr,27,QT_vs_TQ,0.7592933773994446,1.1315727233886719,0.7121924161911011,0.2878075838088989
sentence-transformers/paraphrase-multilingual-mpnet-base-v2,fr,27,MT_vs_TM,0.27344897389411926,0.41613829135894775,0.9661892652511597,0.03381073474884033
sentence-transformers/paraphrase-multilingual-mpnet-base-v2,fr,28,NQ_vs_QN,0.6841706037521362,1.115950584411621,0.7687839269638062,0.23121607303619385
sentence-transformers/paraphrase-multilingual-mpnet-base-v2,fr,28,NM_vs_MN,0.1359756737947464,0.34025996923446655,0.9907639026641846,0.00923609733581543
sentence-transformers/paraphrase-multilingual-mpnet-base-v2,fr,28,NT_vs_TN,0.5659419894218445,1.3521209955215454,0.8399299383163452,0.16007006168365479
sentence-transformers/paraphrase-multilingual-mpnet-base-v2,fr,28,QM_vs_MQ,0.4937657117843628,0.8207215666770935,0.8781266212463379,0.12187337875366211
sentence-transformers/paraphrase-multilingual-mpnet-base-v2,fr,28,QT_vs_TQ,0.5979063510894775,0.9748508930206299,0.8213947415351868,0.17860525846481323
sentence-transformers/paraphrase-multilingual-mpnet-base-v2,fr,28,MT_vs_TM,0.30971071124076843,0.33575639128685,0.9522347450256348,0.047765254974365234
sentence-transformers/paraphrase-multilingual-mpnet-base-v2,fr,29,NQ_vs_QN,0.5546642541885376,0.9132588505744934,0.8721750378608704,0.12782496213912964
sentence-transformers/paraphrase-multilingual-mpnet-base-v2,fr,29,NM_vs_MN,0.08633506298065186,0.24692611396312714,0.9971914291381836,0.0028085708618164062
sentence-transformers/paraphrase-multilingual-mpnet-base-v2,fr,29,NT_vs_TN,0.4415116310119629,1.1198192834854126,0.9171611070632935,0.08283889293670654
sentence-transformers/paraphrase-multilingual-mpnet-base-v2,fr,29,QM_vs_MQ,0.36059460043907166,0.5765278339385986,0.9370700120925903,0.06292998790740967
sentence-transformers/paraphrase-multilingual-mpnet-base-v2,fr,29,QT_vs_TQ,0.5629393458366394,0.8698118925094604,0.8430496454238892,0.15695035457611084
sentence-transformers/paraphrase-multilingual-mpnet-base-v2,fr,29,MT_vs_TM,0.16463376581668854,0.2234213799238205,0.9892624020576477,0.010737597942352295
sentence-transformers/paraphrase-multilingual-mpnet-base-v2,fr,30,NQ_vs_QN,0.7879958748817444,1.2638037204742432,0.7031306624412537,0.29686933755874634
sentence-transformers/paraphrase-multilingual-mpnet-base-v2,fr,30,NM_vs_MN,0.12387876957654953,0.2878873646259308,0.9928955435752869,0.007104456424713135
sentence-transformers/paraphrase-multilingual-mpnet-base-v2,fr,30,NT_vs_TN,0.5711269974708557,1.3336251974105835,0.8369104862213135,0.16308951377868652
sentence-transformers/paraphrase-multilingual-mpnet-base-v2,fr,30,QM_vs_MQ,0.5349277257919312,0.8073354363441467,0.8570562601089478,0.14294373989105225
sentence-transformers/paraphrase-multilingual-mpnet-base-v2,fr,30,QT_vs_TQ,0.612748384475708,0.9087634086608887,0.8124252557754517,0.18757474422454834
sentence-transformers/paraphrase-multilingual-mpnet-base-v2,fr,30,MT_vs_TM,0.4061901569366455,0.3564368486404419,0.9185754060745239,0.08142459392547607
sentence-transformers/paraphrase-multilingual-mpnet-base-v2,fr,31,NQ_vs_QN,0.5061160326004028,0.803490400314331,0.9058469533920288,0.09415304660797119
sentence-transformers/paraphrase-multilingual-mpnet-base-v2,fr,31,NM_vs_MN,0.17675243318080902,0.4642079770565033,0.9852325916290283,0.01476740837097168
sentence-transformers/paraphrase-multilingual-mpnet-base-v2,fr,31,NT_vs_TN,0.43962007761001587,1.1882328987121582,0.9057796597480774,0.09422034025192261
sentence-transformers/paraphrase-multilingual-mpnet-base-v2,fr,31,QM_vs_MQ,0.3690480887889862,0.5798163414001465,0.9328217506408691,0.06717824935913086
sentence-transformers/paraphrase-multilingual-mpnet-base-v2,fr,31,QT_vs_TQ,0.4796128273010254,0.7156665325164795,0.8850250244140625,0.1149749755859375
sentence-transformers/paraphrase-multilingual-mpnet-base-v2,fr,31,MT_vs_TM,0.3072761297225952,0.26568853855133057,0.952860951423645,0.04713904857635498
sentence-transformers/paraphrase-multilingual-mpnet-base-v2,fr,32,NQ_vs_QN,0.5228877067565918,0.9141429662704468,0.8774940967559814,0.12250590324401855
sentence-transformers/paraphrase-multilingual-mpnet-base-v2,fr,32,NM_vs_MN,0.10610693693161011,0.2909703552722931,0.9963651895523071,0.003634810447692871
sentence-transformers/paraphrase-multilingual-mpnet-base-v2,fr,32,NT_vs_TN,0.6813807487487793,1.54130220413208,0.8731023073196411,0.1268976926803589
sentence-transformers/paraphrase-multilingual-mpnet-base-v2,fr,32,QM_vs_MQ,0.3645346462726593,0.6166065335273743,0.9336031675338745,0.06639683246612549
sentence-transformers/paraphrase-multilingual-mpnet-base-v2,fr,32,QT_vs_TQ,0.6007377505302429,1.030310034751892,0.8211616277694702,0.17883837223052979
sentence-transformers/paraphrase-multilingual-mpnet-base-v2,fr,32,MT_vs_TM,0.3031192719936371,0.30950573086738586,0.9557615518569946,0.04423844814300537
sentence-transformers/paraphrase-multilingual-mpnet-base-v2,fr,33,NQ_vs_QN,0.4455983340740204,0.5733163356781006,0.9064366221427917,0.09356337785720825
sentence-transformers/paraphrase-multilingual-mpnet-base-v2,fr,33,NM_vs_MN,0.08382749557495117,0.1807863563299179,0.9965221285820007,0.0034778714179992676
sentence-transformers/paraphrase-multilingual-mpnet-base-v2,fr,33,NT_vs_TN,0.4846891760826111,1.0109509229660034,0.8826139569282532,0.11738604307174683
sentence-transformers/paraphrase-multilingual-mpnet-base-v2,fr,33,QM_vs_MQ,0.4996402859687805,0.7004281282424927,0.8795938491821289,0.1204061508178711
sentence-transformers/paraphrase-multilingual-mpnet-base-v2,fr,33,QT_vs_TQ,0.46426698565483093,0.5809529423713684,0.8925535082817078,0.10744649171829224
sentence-transformers/paraphrase-multilingual-mpnet-base-v2,fr,33,MT_vs_TM,0.1332220882177353,0.16031178832054138,0.9917261600494385,0.008273839950561523
sentence-transformers/paraphrase-multilingual-mpnet-base-v2,fr,34,NQ_vs_QN,0.6333427429199219,1.0324211120605469,0.8250880837440491,0.17491191625595093
sentence-transformers/paraphrase-multilingual-mpnet-base-v2,fr,34,NM_vs_MN,0.13605833053588867,0.3689590394496918,0.9929558634757996,0.0070441365242004395
sentence-transformers/paraphrase-multilingual-mpnet-base-v2,fr,34,NT_vs_TN,0.6144402027130127,1.599666714668274,0.8274482488632202,0.17255175113677979
sentence-transformers/paraphrase-multilingual-mpnet-base-v2,fr,34,QM_vs_MQ,0.3867153525352478,0.5907571911811829,0.9262982606887817,0.07370173931121826
sentence-transformers/paraphrase-multilingual-mpnet-base-v2,fr,34,QT_vs_TQ,0.7253389954566956,1.1447982788085938,0.7378177642822266,0.26218223571777344
sentence-transformers/paraphrase-multilingual-mpnet-base-v2,fr,34,MT_vs_TM,0.2023892104625702,0.2915431559085846,0.9815713167190552,0.018428683280944824
sentence-transformers/paraphrase-multilingual-mpnet-base-v2,fr,35,NQ_vs_QN,0.4301290810108185,0.5827706456184387,0.9126286506652832,0.0873713493347168
sentence-transformers/paraphrase-multilingual-mpnet-base-v2,fr,35,NM_vs_MN,0.1426779329776764,0.30457374453544617,0.9898280501365662,0.010171949863433838
sentence-transformers/paraphrase-multilingual-mpnet-base-v2,fr,35,NT_vs_TN,0.5475767850875854,1.2020249366760254,0.8510982394218445,0.14890176057815552
sentence-transformers/paraphrase-multilingual-mpnet-base-v2,fr,35,QM_vs_MQ,0.5035673379898071,0.6888346076011658,0.8746107816696167,0.1253892183303833
sentence-transformers/paraphrase-multilingual-mpnet-base-v2,fr,35,QT_vs_TQ,0.6607373952865601,0.9132826924324036,0.7848811149597168,0.2151188850402832
sentence-transformers/paraphrase-multilingual-mpnet-base-v2,fr,35,MT_vs_TM,0.2562679052352905,0.29297906160354614,0.9700937271118164,0.029906272888183594
sentence-transformers/paraphrase-multilingual-mpnet-base-v2,fr,36,NQ_vs_QN,0.7476963400840759,0.8410837054252625,0.7410362958908081,0.2589637041091919
sentence-transformers/paraphrase-multilingual-mpnet-base-v2,fr,36,NM_vs_MN,0.23826028406620026,0.5035544037818909,0.9717474579811096,0.02825254201889038
sentence-transformers/paraphrase-multilingual-mpnet-base-v2,fr,36,NT_vs_TN,0.6476448178291321,1.4723948240280151,0.7902936339378357,0.2097063660621643
sentence-transformers/paraphrase-multilingual-mpnet-base-v2,fr,36,QM_vs_MQ,0.7431795001029968,0.8776921629905701,0.7238458395004272,0.27615416049957275
sentence-transformers/paraphrase-multilingual-mpnet-base-v2,fr,36,QT_vs_TQ,0.9541301131248474,1.171447515487671,0.546513557434082,0.45348644256591797
sentence-transformers/paraphrase-multilingual-mpnet-base-v2,fr,36,MT_vs_TM,0.24570006132125854,0.2403297871351242,0.9704379439353943,0.029562056064605713
sentence-transformers/paraphrase-multilingual-mpnet-base-v2,fr,37,NQ_vs_QN,0.45311838388442993,0.855391263961792,0.9203780293464661,0.07962197065353394
sentence-transformers/paraphrase-multilingual-mpnet-base-v2,fr,37,NM_vs_MN,0.061270277947187424,0.17710693180561066,0.9981405138969421,0.0018594861030578613
sentence-transformers/paraphrase-multilingual-mpnet-base-v2,fr,37,NT_vs_TN,0.7767510414123535,1.7668265104293823,0.8489882349967957,0.15101176500320435
sentence-transformers/paraphrase-multilingual-mpnet-base-v2,fr,37,QM_vs_MQ,0.37556251883506775,0.6609178781509399,0.9294851422309875,0.07051485776901245
sentence-transformers/paraphrase-multilingual-mpnet-base-v2,fr,37,QT_vs_TQ,0.6253212094306946,1.1090844869613647,0.8044880628585815,0.19551193714141846
sentence-transformers/paraphrase-multilingual-mpnet-base-v2,fr,37,MT_vs_TM,0.17213337123394012,0.1567029356956482,0.9864740371704102,0.013525962829589844
sentence-transformers/paraphrase-multilingual-mpnet-base-v2,fr,38,NQ_vs_QN,0.6495357751846313,1.0580397844314575,0.7969313263893127,0.20306867361068726
sentence-transformers/paraphrase-multilingual-mpnet-base-v2,fr,38,NM_vs_MN,0.0963892787694931,0.23424132168293,0.9956915378570557,0.004308462142944336
sentence-transformers/paraphrase-multilingual-mpnet-base-v2,fr,38,NT_vs_TN,0.5472935438156128,1.3562498092651367,0.8502367734909058,0.14976322650909424
sentence-transformers/paraphrase-multilingual-mpnet-base-v2,fr,38,QM_vs_MQ,0.48413223028182983,0.772081732749939,0.8836950063705444,0.11630499362945557
sentence-transformers/paraphrase-multilingual-mpnet-base-v2,fr,38,QT_vs_TQ,0.5501549243927002,0.8894315958023071,0.8503293991088867,0.14967060089111328
sentence-transformers/paraphrase-multilingual-mpnet-base-v2,fr,38,MT_vs_TM,0.2118518054485321,0.2328764945268631,0.9777766466140747,0.022223353385925293
sentence-transformers/paraphrase-multilingual-mpnet-base-v2,fr,39,NQ_vs_QN,0.7083249092102051,1.334428071975708,0.7611645460128784,0.23883545398712158
sentence-transformers/paraphrase-multilingual-mpnet-base-v2,fr,39,NM_vs_MN,0.11368158459663391,0.3161163032054901,0.9952826499938965,0.004717350006103516
sentence-transformers/paraphrase-multilingual-mpnet-base-v2,fr,39,NT_vs_TN,0.5575178265571594,1.5785129070281982,0.84848952293396,0.15151047706604004
sentence-transformers/paraphrase-multilingual-mpnet-base-v2,fr,39,QM_vs_MQ,0.45555007457733154,0.8171959519386292,0.8969643115997314,0.10303568840026855
sentence-transformers/paraphrase-multilingual-mpnet-base-v2,fr,39,QT_vs_TQ,0.6823900938034058,1.240561604499817,0.7672620415687561,0.2327379584312439
sentence-transformers/paraphrase-multilingual-mpnet-base-v2,fr,39,MT_vs_TM,0.1944044679403305,0.24673552811145782,0.9835542440414429,0.01644575595855713
sentence-transformers/paraphrase-multilingual-mpnet-base-v2,fr,40,NQ_vs_QN,0.7125189304351807,0.9651893377304077,0.7704495191574097,0.22955048084259033
sentence-transformers/paraphrase-multilingual-mpnet-base-v2,fr,40,NM_vs_MN,0.1079736277461052,0.2516193687915802,0.994586706161499,0.0054132938385009766
sentence-transformers/paraphrase-multilingual-mpnet-base-v2,fr,40,NT_vs_TN,0.5070188641548157,1.1915068626403809,0.873489499092102,0.12651050090789795
sentence-transformers/paraphrase-multilingual-mpnet-base-v2,fr,40,QM_vs_MQ,0.6241329312324524,0.8247231245040894,0.8059363961219788,0.19406360387802124
sentence-transformers/paraphrase-multilingual-mpnet-base-v2,fr,40,QT_vs_TQ,0.8402945399284363,1.0697662830352783,0.6469907760620117,0.3530092239379883
sentence-transformers/paraphrase-multilingual-mpnet-base-v2,fr,40,MT_vs_TM,0.3026963472366333,0.30369672179222107,0.9576840400695801,0.04231595993041992
sentence-transformers/paraphrase-multilingual-mpnet-base-v2,fr,41,NQ_vs_QN,0.6172918081283569,0.8554612994194031,0.8292269706726074,0.17077302932739258
sentence-transformers/paraphrase-multilingual-mpnet-base-v2,fr,41,NM_vs_MN,0.20060642063617706,0.4314543902873993,0.979904294013977,0.02009570598602295
sentence-transformers/paraphrase-multilingual-mpnet-base-v2,fr,41,NT_vs_TN,0.6267013549804688,1.3900189399719238,0.8062130212783813,0.19378697872161865
sentence-transformers/paraphrase-multilingual-mpnet-base-v2,fr,41,QM_vs_MQ,0.7030845284461975,0.9951093196868896,0.7528952956199646,0.2471047043800354
sentence-transformers/paraphrase-multilingual-mpnet-base-v2,fr,41,QT_vs_TQ,0.9099645018577576,1.3017581701278687,0.5859873294830322,0.4140126705169678
sentence-transformers/paraphrase-multilingual-mpnet-base-v2,fr,41,MT_vs_TM,0.2683785855770111,0.27523311972618103,0.9643058776855469,0.035694122314453125
sentence-transformers/paraphrase-multilingual-mpnet-base-v2,fr,42,NQ_vs_QN,0.7162808775901794,0.8926523327827454,0.7443436980247498,0.25565630197525024
sentence-transformers/paraphrase-multilingual-mpnet-base-v2,fr,42,NM_vs_MN,0.22640205919742584,0.430807501077652,0.9757070541381836,0.024292945861816406
sentence-transformers/paraphrase-multilingual-mpnet-base-v2,fr,42,NT_vs_TN,0.6624436378479004,1.285510540008545,0.7842295169830322,0.21577048301696777
sentence-transformers/paraphrase-multilingual-mpnet-base-v2,fr,42,QM_vs_MQ,0.6175037026405334,0.8057279586791992,0.809346079826355,0.19065392017364502
sentence-transformers/paraphrase-multilingual-mpnet-base-v2,fr,42,QT_vs_TQ,0.8615685701370239,1.1105458736419678,0.628980278968811,0.37101972103118896
sentence-transformers/paraphrase-multilingual-mpnet-base-v2,fr,42,MT_vs_TM,0.42148521542549133,0.2416038066148758,0.9117211699485779,0.08827883005142212
sentence-transformers/paraphrase-multilingual-mpnet-base-v2,fr,43,NQ_vs_QN,0.8028577566146851,0.9665950536727905,0.6779786944389343,0.3220213055610657
sentence-transformers/paraphrase-multilingual-mpnet-base-v2,fr,43,NM_vs_MN,0.1478344202041626,0.27941444516181946,0.9905813932418823,0.009418606758117676
sentence-transformers/paraphrase-multilingual-mpnet-base-v2,fr,43,NT_vs_TN,0.6604005098342896,1.3371552228927612,0.782055139541626,0.21794486045837402
sentence-transformers/paraphrase-multilingual-mpnet-base-v2,fr,43,QM_vs_MQ,0.5904377698898315,0.7023305296897888,0.8286488056182861,0.17135119438171387
sentence-transformers/paraphrase-multilingual-mpnet-base-v2,fr,43,QT_vs_TQ,0.8657127618789673,1.0702608823776245,0.6256641745567322,0.3743358254432678
sentence-transformers/paraphrase-multilingual-mpnet-base-v2,fr,43,MT_vs_TM,0.10628166049718857,0.12153050303459167,0.9946016073226929,0.005398392677307129
sentence-transformers/paraphrase-multilingual-mpnet-base-v2,fr,44,NQ_vs_QN,0.6073542237281799,0.921747624874115,0.8357623815536499,0.1642376184463501
sentence-transformers/paraphrase-multilingual-mpnet-base-v2,fr,44,NM_vs_MN,0.16328024864196777,0.3990257680416107,0.987464964389801,0.012535035610198975
sentence-transformers/paraphrase-multilingual-mpnet-base-v2,fr,44,NT_vs_TN,0.530970573425293,1.3483271598815918,0.8605499267578125,0.1394500732421875
sentence-transformers/paraphrase-multilingual-mpnet-base-v2,fr,44,QM_vs_MQ,0.48057594895362854,0.7466161847114563,0.8848179578781128,0.11518204212188721
sentence-transformers/paraphrase-multilingual-mpnet-base-v2,fr,44,QT_vs_TQ,0.6818990707397461,1.0150848627090454,0.7688665390014648,0.23113346099853516
sentence-transformers/paraphrase-multilingual-mpnet-base-v2,fr,44,MT_vs_TM,0.33770424127578735,0.36759236454963684,0.942997395992279,0.05700260400772095
sentence-transformers/paraphrase-multilingual-mpnet-base-v2,fr,45,NQ_vs_QN,0.487488716840744,0.9764618873596191,0.9147759675979614,0.08522403240203857
sentence-transformers/paraphrase-multilingual-mpnet-base-v2,fr,45,NM_vs_MN,0.12134204059839249,0.344748854637146,0.993311882019043,0.006688117980957031
sentence-transformers/paraphrase-multilingual-mpnet-base-v2,fr,45,NT_vs_TN,0.7219878435134888,1.6910408735275269,0.8543379306793213,0.1456620693206787
sentence-transformers/paraphrase-multilingual-mpnet-base-v2,fr,45,QM_vs_MQ,0.39295196533203125,0.7707765698432922,0.9229617714881897,0.0770382285118103
sentence-transformers/paraphrase-multilingual-mpnet-base-v2,fr,45,QT_vs_TQ,0.6649368405342102,1.2330079078674316,0.7789338231086731,0.2210661768913269
sentence-transformers/paraphrase-multilingual-mpnet-base-v2,fr,45,MT_vs_TM,0.21684357523918152,0.20128700137138367,0.9767459034919739,0.023254096508026123
sentence-transformers/paraphrase-multilingual-mpnet-base-v2,fr,46,NQ_vs_QN,0.7082684636116028,1.077796220779419,0.7750980854034424,0.22490191459655762
sentence-transformers/paraphrase-multilingual-mpnet-base-v2,fr,46,NM_vs_MN,0.16218695044517517,0.42002034187316895,0.9909991025924683,0.009000897407531738
sentence-transformers/paraphrase-multilingual-mpnet-base-v2,fr,46,NT_vs_TN,0.6270313858985901,1.52805757522583,0.824388325214386,0.175611674785614
sentence-transformers/paraphrase-multilingual-mpnet-base-v2,fr,46,QM_vs_MQ,0.41579461097717285,0.60333651304245,0.9160776138305664,0.0839223861694336
sentence-transformers/paraphrase-multilingual-mpnet-base-v2,fr,46,QT_vs_TQ,0.7461866736412048,1.0882062911987305,0.7216750979423523,0.2783249020576477
sentence-transformers/paraphrase-multilingual-mpnet-base-v2,fr,46,MT_vs_TM,0.2840733826160431,0.34253349900245667,0.9621601700782776,0.03783982992172241
sentence-transformers/paraphrase-multilingual-mpnet-base-v2,fr,47,NQ_vs_QN,0.4214884638786316,0.8370017409324646,0.9308961629867554,0.06910383701324463
sentence-transformers/paraphrase-multilingual-mpnet-base-v2,fr,47,NM_vs_MN,0.08341822028160095,0.24241982400417328,0.9965667128562927,0.0034332871437072754
sentence-transformers/paraphrase-multilingual-mpnet-base-v2,fr,47,NT_vs_TN,0.3321745991706848,0.9932858347892761,0.9475371241569519,0.052462875843048096
sentence-transformers/paraphrase-multilingual-mpnet-base-v2,fr,47,QM_vs_MQ,0.35447928309440613,0.6994763612747192,0.9377684593200684,0.06223154067993164
sentence-transformers/paraphrase-multilingual-mpnet-base-v2,fr,47,QT_vs_TQ,0.5090892314910889,0.9667708873748779,0.8711957931518555,0.12880420684814453
sentence-transformers/paraphrase-multilingual-mpnet-base-v2,fr,47,MT_vs_TM,0.1571946144104004,0.18814708292484283,0.9876574277877808,0.012342572212219238
sentence-transformers/paraphrase-multilingual-mpnet-base-v2,de,0,NQ_vs_QN,0.7596998810768127,0.7169905304908752,0.7190477252006531,0.2809522747993469
sentence-transformers/paraphrase-multilingual-mpnet-base-v2,de,0,NM_vs_MN,0.26569846272468567,0.34979063272476196,0.9651005864143372,0.03489941358566284
sentence-transformers/paraphrase-multilingual-mpnet-base-v2,de,0,NT_vs_TN,0.6959934830665588,1.213880181312561,0.793669581413269,0.20633041858673096
sentence-transformers/paraphrase-multilingual-mpnet-base-v2,de,0,QM_vs_MQ,0.6534265875816345,0.6333323121070862,0.7908031940460205,0.2091968059539795
sentence-transformers/paraphrase-multilingual-mpnet-base-v2,de,0,QT_vs_TQ,0.7657702565193176,0.6640868186950684,0.744708240032196,0.25529175996780396
sentence-transformers/paraphrase-multilingual-mpnet-base-v2,de,0,MT_vs_TM,0.14263682067394257,0.14085833728313446,0.9911261796951294,0.008873820304870605
sentence-transformers/paraphrase-multilingual-mpnet-base-v2,de,1,NQ_vs_QN,0.49521780014038086,0.7880373597145081,0.8882366418838501,0.1117633581161499
sentence-transformers/paraphrase-multilingual-mpnet-base-v2,de,1,NM_vs_MN,0.04357646778225899,0.11773001402616501,0.9990571737289429,0.0009428262710571289
sentence-transformers/paraphrase-multilingual-mpnet-base-v2,de,1,NT_vs_TN,0.4371536672115326,1.2077488899230957,0.9069211483001709,0.0930788516998291
sentence-transformers/paraphrase-multilingual-mpnet-base-v2,de,1,QM_vs_MQ,0.37778568267822266,0.5868455171585083,0.9313938617706299,0.06860613822937012
sentence-transformers/paraphrase-multilingual-mpnet-base-v2,de,1,QT_vs_TQ,0.4990246891975403,0.746091365814209,0.8772150874137878,0.12278491258621216
sentence-transformers/paraphrase-multilingual-mpnet-base-v2,de,1,MT_vs_TM,0.08107659965753555,0.10050616413354874,0.9970003962516785,0.002999603748321533
sentence-transformers/paraphrase-multilingual-mpnet-base-v2,de,2,NQ_vs_QN,0.512140154838562,0.7604159712791443,0.8817095756530762,0.11829042434692383
sentence-transformers/paraphrase-multilingual-mpnet-base-v2,de,2,NM_vs_MN,0.07420073449611664,0.18240779638290405,0.997462272644043,0.0025377273559570312
sentence-transformers/paraphrase-multilingual-mpnet-base-v2,de,2,NT_vs_TN,0.5471541285514832,1.502236247062683,0.8534015417098999,0.1465984582901001
sentence-transformers/paraphrase-multilingual-mpnet-base-v2,de,2,QM_vs_MQ,0.4274364411830902,0.6157180070877075,0.9092419147491455,0.09075808525085449
sentence-transformers/paraphrase-multilingual-mpnet-base-v2,de,2,QT_vs_TQ,0.5741305351257324,0.8242056369781494,0.8354554772377014,0.16454452276229858
sentence-transformers/paraphrase-multilingual-mpnet-base-v2,de,2,MT_vs_TM,0.09095311909914017,0.12535905838012695,0.9959927797317505,0.004007220268249512
sentence-transformers/paraphrase-multilingual-mpnet-base-v2,de,3,NQ_vs_QN,0.5094119906425476,0.9232630729675293,0.8789353370666504,0.12106466293334961
sentence-transformers/paraphrase-multilingual-mpnet-base-v2,de,3,NM_vs_MN,0.2066453993320465,0.5018656253814697,0.9793073534965515,0.020692646503448486
sentence-transformers/paraphrase-multilingual-mpnet-base-v2,de,3,NT_vs_TN,0.6191126704216003,1.7705273628234863,0.815310001373291,0.18468999862670898
sentence-transformers/paraphrase-multilingual-mpnet-base-v2,de,3,QM_vs_MQ,0.6415818929672241,1.1241908073425293,0.7951581478118896,0.20484185218811035
sentence-transformers/paraphrase-multilingual-mpnet-base-v2,de,3,QT_vs_TQ,0.5763985514640808,0.9996271729469299,0.834112823009491,0.16588717699050903
sentence-transformers/paraphrase-multilingual-mpnet-base-v2,de,3,MT_vs_TM,0.4806814193725586,0.6610851883888245,0.8853055238723755,0.11469447612762451
sentence-transformers/paraphrase-multilingual-mpnet-base-v2,de,4,NQ_vs_QN,0.6951242685317993,0.7328990697860718,0.7638429999351501,0.23615700006484985
sentence-transformers/paraphrase-multilingual-mpnet-base-v2,de,4,NM_vs_MN,0.11341021955013275,0.20075900852680206,0.9937060475349426,0.006293952465057373
sentence-transformers/paraphrase-multilingual-mpnet-base-v2,de,4,NT_vs_TN,0.7625545859336853,1.4795758724212646,0.7092658281326294,0.2907341718673706
sentence-transformers/paraphrase-multilingual-mpnet-base-v2,de,4,QM_vs_MQ,0.5764129757881165,0.5973297357559204,0.8378056883811951,0.16219431161880493
sentence-transformers/paraphrase-multilingual-mpnet-base-v2,de,4,QT_vs_TQ,0.8368982076644897,0.8173705339431763,0.6601245403289795,0.3398754596710205
sentence-transformers/paraphrase-multilingual-mpnet-base-v2,de,4,MT_vs_TM,0.10873252153396606,0.09984293580055237,0.9941458702087402,0.005854129791259766
sentence-transformers/paraphrase-multilingual-mpnet-base-v2,de,5,NQ_vs_QN,0.47889986634254456,0.706682562828064,0.8948326110839844,0.10516738891601562
sentence-transformers/paraphrase-multilingual-mpnet-base-v2,de,5,NM_vs_MN,0.05383513867855072,0.1306827813386917,0.9985851049423218,0.0014148950576782227
sentence-transformers/paraphrase-multilingual-mpnet-base-v2,de,5,NT_vs_TN,0.4773545265197754,1.2797919511795044,0.889909565448761,0.11009043455123901
sentence-transformers/paraphrase-multilingual-mpnet-base-v2,de,5,QM_vs_MQ,0.5038112998008728,0.6878198385238647,0.8733861446380615,0.12661385536193848
sentence-transformers/paraphrase-multilingual-mpnet-base-v2,de,5,QT_vs_TQ,0.5645394921302795,0.8099693059921265,0.8406550884246826,0.15934491157531738
sentence-transformers/paraphrase-multilingual-mpnet-base-v2,de,5,MT_vs_TM,0.09427446126937866,0.09732211381196976,0.9955586791038513,0.004441320896148682
sentence-transformers/paraphrase-multilingual-mpnet-base-v2,de,6,NQ_vs_QN,0.4254760444164276,0.8139718174934387,0.9216264486312866,0.07837355136871338
sentence-transformers/paraphrase-multilingual-mpnet-base-v2,de,6,NM_vs_MN,0.1712876409292221,0.47731614112854004,0.9855985641479492,0.014401435852050781
sentence-transformers/paraphrase-multilingual-mpnet-base-v2,de,6,NT_vs_TN,0.5095112323760986,1.555189609527588,0.8705586791038513,0.12944132089614868
sentence-transformers/paraphrase-multilingual-mpnet-base-v2,de,6,QM_vs_MQ,0.4672739803791046,0.8215944766998291,0.8965180516242981,0.1034819483757019
sentence-transformers/paraphrase-multilingual-mpnet-base-v2,de,6,QT_vs_TQ,0.455281525850296,0.8048980832099915,0.8982201218605042,0.10177987813949585
sentence-transformers/paraphrase-multilingual-mpnet-base-v2,de,6,MT_vs_TM,0.39604780077934265,0.5180242657661438,0.9319724440574646,0.0680275559425354
sentence-transformers/paraphrase-multilingual-mpnet-base-v2,de,7,NQ_vs_QN,0.6736733317375183,0.6913061141967773,0.7731143236160278,0.22688567638397217
sentence-transformers/paraphrase-multilingual-mpnet-base-v2,de,7,NM_vs_MN,0.09949296712875366,0.16333623230457306,0.9957593679428101,0.004240632057189941
sentence-transformers/paraphrase-multilingual-mpnet-base-v2,de,7,NT_vs_TN,0.7424144744873047,1.4414355754852295,0.7264649868011475,0.27353501319885254
sentence-transformers/paraphrase-multilingual-mpnet-base-v2,de,7,QM_vs_MQ,0.5567171573638916,0.585358202457428,0.8612598180770874,0.1387401819229126
sentence-transformers/paraphrase-multilingual-mpnet-base-v2,de,7,QT_vs_TQ,0.8477405905723572,0.8137483596801758,0.6740636229515076,0.32593637704849243
sentence-transformers/paraphrase-multilingual-mpnet-base-v2,de,7,MT_vs_TM,0.07639577239751816,0.06694567948579788,0.9970856308937073,0.0029143691062927246
sentence-transformers/paraphrase-multilingual-mpnet-base-v2,de,8,NQ_vs_QN,0.746870756149292,0.7029397487640381,0.7227727174758911,0.2772272825241089
sentence-transformers/paraphrase-multilingual-mpnet-base-v2,de,8,NM_vs_MN,0.43656808137893677,0.6606590747833252,0.9094595909118652,0.09054040908813477
sentence-transformers/paraphrase-multilingual-mpnet-base-v2,de,8,NT_vs_TN,0.8262518048286438,1.3778314590454102,0.6766746044158936,0.32332539558410645
sentence-transformers/paraphrase-multilingual-mpnet-base-v2,de,8,QM_vs_MQ,0.7251516580581665,0.8191664218902588,0.7545619010925293,0.2454380989074707
sentence-transformers/paraphrase-multilingual-mpnet-base-v2,de,8,QT_vs_TQ,0.8898947834968567,0.8551019430160522,0.6513766646385193,0.3486233353614807
sentence-transformers/paraphrase-multilingual-mpnet-base-v2,de,8,MT_vs_TM,0.6354316473007202,0.6389619708061218,0.8050819635391235,0.19491803646087646
sentence-transformers/paraphrase-multilingual-mpnet-base-v2,de,9,NQ_vs_QN,0.6030216813087463,0.7641168832778931,0.8201025724411011,0.17989742755889893
sentence-transformers/paraphrase-multilingual-mpnet-base-v2,de,9,NM_vs_MN,0.22967340052127838,0.5029343962669373,0.9742646813392639,0.025735318660736084
sentence-transformers/paraphrase-multilingual-mpnet-base-v2,de,9,NT_vs_TN,0.6332632899284363,1.4342389106750488,0.8022038340568542,0.19779616594314575
sentence-transformers/paraphrase-multilingual-mpnet-base-v2,de,9,QM_vs_MQ,0.7797687649726868,0.9736239314079285,0.7053514719009399,0.29464852809906006
sentence-transformers/paraphrase-multilingual-mpnet-base-v2,de,9,QT_vs_TQ,0.8131625652313232,0.9433886408805847,0.692129909992218,0.307870090007782
sentence-transformers/paraphrase-multilingual-mpnet-base-v2,de,9,MT_vs_TM,0.361587792634964,0.3736444115638733,0.9373199343681335,0.06268006563186646
sentence-transformers/paraphrase-multilingual-mpnet-base-v2,de,10,NQ_vs_QN,0.47380417585372925,0.7304768562316895,0.8981378674507141,0.10186213254928589
sentence-transformers/paraphrase-multilingual-mpnet-base-v2,de,10,NM_vs_MN,0.19864237308502197,0.5125961303710938,0.980284571647644,0.019715428352355957
sentence-transformers/paraphrase-multilingual-mpnet-base-v2,de,10,NT_vs_TN,0.5082836747169495,1.3469802141189575,0.8721053600311279,0.12789463996887207
sentence-transformers/paraphrase-multilingual-mpnet-base-v2,de,10,QM_vs_MQ,0.5989508032798767,0.8790977001190186,0.8207246661186218,0.17927533388137817
sentence-transformers/paraphrase-multilingual-mpnet-base-v2,de,10,QT_vs_TQ,0.4740242063999176,0.6830272674560547,0.8881170749664307,0.11188292503356934
sentence-transformers/paraphrase-multilingual-mpnet-base-v2,de,10,MT_vs_TM,0.3490334749221802,0.4907115697860718,0.9395433664321899,0.06045663356781006
sentence-transformers/paraphrase-multilingual-mpnet-base-v2,de,11,NQ_vs_QN,0.6548987030982971,0.7680907249450684,0.7887749075889587,0.21122509241104126
sentence-transformers/paraphrase-multilingual-mpnet-base-v2,de,11,NM_vs_MN,0.08448856323957443,0.15863807499408722,0.997177004814148,0.0028229951858520508
sentence-transformers/paraphrase-multilingual-mpnet-base-v2,de,11,NT_vs_TN,0.7149196267127991,1.6580564975738525,0.7446785569190979,0.2553214430809021
sentence-transformers/paraphrase-multilingual-mpnet-base-v2,de,11,QM_vs_MQ,0.5713602304458618,0.6616578698158264,0.8399385213851929,0.16006147861480713
sentence-transformers/paraphrase-multilingual-mpnet-base-v2,de,11,QT_vs_TQ,0.8600243330001831,0.8970933556556702,0.648032546043396,0.351967453956604
sentence-transformers/paraphrase-multilingual-mpnet-base-v2,de,11,MT_vs_TM,0.11749162524938583,0.11676744371652603,0.9931488037109375,0.0068511962890625
sentence-transformers/paraphrase-multilingual-mpnet-base-v2,de,12,NQ_vs_QN,0.5106106996536255,0.7562696933746338,0.8714483976364136,0.12855160236358643
sentence-transformers/paraphrase-multilingual-mpnet-base-v2,de,12,NM_vs_MN,0.2003495842218399,0.47815948724746704,0.980018138885498,0.019981861114501953
sentence-transformers/paraphrase-multilingual-mpnet-base-v2,de,12,NT_vs_TN,0.5304286479949951,1.4147815704345703,0.867962121963501,0.13203787803649902
sentence-transformers/paraphrase-multilingual-mpnet-base-v2,de,12,QM_vs_MQ,0.6236319541931152,0.9708662629127502,0.8057847023010254,0.1942152976989746
sentence-transformers/paraphrase-multilingual-mpnet-base-v2,de,12,QT_vs_TQ,0.567528247833252,0.8179294466972351,0.8411678075790405,0.15883219242095947
sentence-transformers/paraphrase-multilingual-mpnet-base-v2,de,12,MT_vs_TM,0.328355073928833,0.478016197681427,0.9461719989776611,0.05382800102233887
sentence-transformers/paraphrase-multilingual-mpnet-base-v2,de,13,NQ_vs_QN,0.4665548801422119,0.9284137487411499,0.8989769220352173,0.10102307796478271
sentence-transformers/paraphrase-multilingual-mpnet-base-v2,de,13,NM_vs_MN,0.23569649457931519,0.6440346240997314,0.9759379625320435,0.024062037467956543
sentence-transformers/paraphrase-multilingual-mpnet-base-v2,de,13,NT_vs_TN,0.6318771839141846,1.9412087202072144,0.8048673272132874,0.19513267278671265
sentence-transformers/paraphrase-multilingual-mpnet-base-v2,de,13,QM_vs_MQ,0.5292349457740784,0.9842853546142578,0.860209584236145,0.13979041576385498
sentence-transformers/paraphrase-multilingual-mpnet-base-v2,de,13,QT_vs_TQ,0.5734310150146484,1.0960872173309326,0.8363807797431946,0.16361922025680542
sentence-transformers/paraphrase-multilingual-mpnet-base-v2,de,13,MT_vs_TM,0.56315678358078,0.7447566986083984,0.8448812961578369,0.15511870384216309
sentence-transformers/paraphrase-multilingual-mpnet-base-v2,de,14,NQ_vs_QN,0.5713768005371094,0.7387778759002686,0.8403182029724121,0.1596817970275879
sentence-transformers/paraphrase-multilingual-mpnet-base-v2,de,14,NM_vs_MN,0.2907303273677826,0.5696269869804382,0.9583958387374878,0.04160416126251221
sentence-transformers/paraphrase-multilingual-mpnet-base-v2,de,14,NT_vs_TN,0.6182988286018372,1.4753260612487793,0.8126242160797119,0.18737578392028809
sentence-transformers/paraphrase-multilingual-mpnet-base-v2,de,14,QM_vs_MQ,0.6776280403137207,0.8952164649963379,0.7711867094039917,0.2288132905960083
sentence-transformers/paraphrase-multilingual-mpnet-base-v2,de,14,QT_vs_TQ,0.7259880304336548,0.9114174246788025,0.7385398149490356,0.26146018505096436
sentence-transformers/paraphrase-multilingual-mpnet-base-v2,de,14,MT_vs_TM,0.45987263321876526,0.4704071581363678,0.9006215333938599,0.09937846660614014
sentence-transformers/paraphrase-multilingual-mpnet-base-v2,de,15,NQ_vs_QN,0.5844081044197083,0.8909851908683777,0.8391023278236389,0.16089767217636108
sentence-transformers/paraphrase-multilingual-mpnet-base-v2,de,15,NM_vs_MN,0.056555505841970444,0.1338440477848053,0.9984102249145508,0.0015897750854492188
sentence-transformers/paraphrase-multilingual-mpnet-base-v2,de,15,NT_vs_TN,0.6746232509613037,1.7556320428848267,0.7835723161697388,0.21642768383026123
sentence-transformers/paraphrase-multilingual-mpnet-base-v2,de,15,QM_vs_MQ,0.5000689625740051,0.698167085647583,0.8781499266624451,0.12185007333755493
sentence-transformers/paraphrase-multilingual-mpnet-base-v2,de,15,QT_vs_TQ,0.631769597530365,0.9207150936126709,0.8016825914382935,0.19831740856170654
sentence-transformers/paraphrase-multilingual-mpnet-base-v2,de,15,MT_vs_TM,0.2024187594652176,0.20105217397212982,0.9795137643814087,0.02048623561859131
sentence-transformers/paraphrase-multilingual-mpnet-base-v2,de,16,NQ_vs_QN,0.5279383659362793,0.7982588410377502,0.8724300265312195,0.12756997346878052
sentence-transformers/paraphrase-multilingual-mpnet-base-v2,de,16,NM_vs_MN,0.04278058931231499,0.11068457365036011,0.9990971684455872,0.0009028315544128418
sentence-transformers/paraphrase-multilingual-mpnet-base-v2,de,16,NT_vs_TN,0.44799724221229553,1.1251055002212524,0.9062455892562866,0.09375441074371338
sentence-transformers/paraphrase-multilingual-mpnet-base-v2,de,16,QM_vs_MQ,0.4985208809375763,0.6815579533576965,0.875946044921875,0.124053955078125
sentence-transformers/paraphrase-multilingual-mpnet-base-v2,de,16,QT_vs_TQ,0.5661957859992981,0.7901531457901001,0.8405858278274536,0.1594141721725464
sentence-transformers/paraphrase-multilingual-mpnet-base-v2,de,16,MT_vs_TM,0.10684072226285934,0.10326652973890305,0.9942933320999146,0.005706667900085449
sentence-transformers/paraphrase-multilingual-mpnet-base-v2,de,17,NQ_vs_QN,0.7046807408332825,0.6092656850814819,0.75214684009552,0.24785315990447998
sentence-transformers/paraphrase-multilingual-mpnet-base-v2,de,17,NM_vs_MN,0.45132821798324585,0.5731523036956787,0.8990402817726135,0.10095971822738647
sentence-transformers/paraphrase-multilingual-mpnet-base-v2,de,17,NT_vs_TN,0.7198254466056824,1.2000261545181274,0.7668527364730835,0.2331472635269165
sentence-transformers/paraphrase-multilingual-mpnet-base-v2,de,17,QM_vs_MQ,0.7723814249038696,0.8219001889228821,0.71695876121521,0.28304123878479004
sentence-transformers/paraphrase-multilingual-mpnet-base-v2,de,17,QT_vs_TQ,0.7224547266960144,0.6352250576019287,0.7455743551254272,0.25442564487457275
sentence-transformers/paraphrase-multilingual-mpnet-base-v2,de,17,MT_vs_TM,0.869192361831665,0.7759436368942261,0.6223461031913757,0.37765389680862427
sentence-transformers/paraphrase-multilingual-mpnet-base-v2,de,18,NQ_vs_QN,0.6717893481254578,0.7165677547454834,0.7749403715133667,0.2250596284866333
sentence-transformers/paraphrase-multilingual-mpnet-base-v2,de,18,NM_vs_MN,0.3224716782569885,0.6142537593841553,0.9480192065238953,0.051980793476104736
sentence-transformers/paraphrase-multilingual-mpnet-base-v2,de,18,NT_vs_TN,0.7252957820892334,1.5064219236373901,0.7417141199111938,0.25828588008880615
sentence-transformers/paraphrase-multilingual-mpnet-base-v2,de,18,QM_vs_MQ,0.6904847621917725,0.7658779621124268,0.7812347412109375,0.2187652587890625
sentence-transformers/paraphrase-multilingual-mpnet-base-v2,de,18,QT_vs_TQ,0.8308731913566589,0.8016228675842285,0.7079179883003235,0.2920820116996765
sentence-transformers/paraphrase-multilingual-mpnet-base-v2,de,18,MT_vs_TM,0.5645838975906372,0.5714769959449768,0.8413807153701782,0.15861928462982178
sentence-transformers/paraphrase-multilingual-mpnet-base-v2,de,19,NQ_vs_QN,0.45609959959983826,0.8445678353309631,0.8986865282058716,0.10131347179412842
sentence-transformers/paraphrase-multilingual-mpnet-base-v2,de,19,NM_vs_MN,0.06820410490036011,0.17698036134243011,0.9979375004768372,0.002062499523162842
sentence-transformers/paraphrase-multilingual-mpnet-base-v2,de,19,NT_vs_TN,0.6136342287063599,1.7252349853515625,0.8121306896209717,0.18786931037902832
sentence-transformers/paraphrase-multilingual-mpnet-base-v2,de,19,QM_vs_MQ,0.3984328806400299,0.7213129997253418,0.9206256866455078,0.07937431335449219
sentence-transformers/paraphrase-multilingual-mpnet-base-v2,de,19,QT_vs_TQ,0.5172494649887085,0.9166231751441956,0.8662787675857544,0.1337212324142456
sentence-transformers/paraphrase-multilingual-mpnet-base-v2,de,19,MT_vs_TM,0.07648193836212158,0.10657742619514465,0.9971882104873657,0.0028117895126342773
sentence-transformers/paraphrase-multilingual-mpnet-base-v2,de,20,NQ_vs_QN,0.6073605418205261,0.7697539925575256,0.8183719515800476,0.1816280484199524
sentence-transformers/paraphrase-multilingual-mpnet-base-v2,de,20,NM_vs_MN,0.08110570907592773,0.1583877056837082,0.9967149496078491,0.003285050392150879
sentence-transformers/paraphrase-multilingual-mpnet-base-v2,de,20,NT_vs_TN,0.6594033241271973,1.4615528583526611,0.7862333655357361,0.21376663446426392
sentence-transformers/paraphrase-multilingual-mpnet-base-v2,de,20,QM_vs_MQ,0.6083029508590698,0.7025918364524841,0.8183948397636414,0.18160516023635864
sentence-transformers/paraphrase-multilingual-mpnet-base-v2,de,20,QT_vs_TQ,0.7714188694953918,0.9237975478172302,0.7083101272583008,0.2916898727416992
sentence-transformers/paraphrase-multilingual-mpnet-base-v2,de,20,MT_vs_TM,0.09257823973894119,0.09105322510004044,0.9958329796791077,0.004167020320892334
sentence-transformers/paraphrase-multilingual-mpnet-base-v2,de,21,NQ_vs_QN,0.5058167576789856,0.7480790615081787,0.880577564239502,0.11942243576049805
sentence-transformers/paraphrase-multilingual-mpnet-base-v2,de,21,NM_vs_MN,0.053004562854766846,0.1278548538684845,0.9986009001731873,0.0013990998268127441
sentence-transformers/paraphrase-multilingual-mpnet-base-v2,de,21,NT_vs_TN,0.5260347127914429,1.3894567489624023,0.8641117811203003,0.1358882188796997
sentence-transformers/paraphrase-multilingual-mpnet-base-v2,de,21,QM_vs_MQ,0.47989708185195923,0.6442775130271912,0.8855583667755127,0.1144416332244873
sentence-transformers/paraphrase-multilingual-mpnet-base-v2,de,21,QT_vs_TQ,0.5947173237800598,0.8315060138702393,0.8250105381011963,0.1749894618988037
sentence-transformers/paraphrase-multilingual-mpnet-base-v2,de,21,MT_vs_TM,0.09074130654335022,0.12441611289978027,0.9969658255577087,0.0030341744422912598
sentence-transformers/paraphrase-multilingual-mpnet-base-v2,de,22,NQ_vs_QN,0.4534275531768799,0.8363790512084961,0.8982635736465454,0.10173642635345459
sentence-transformers/paraphrase-multilingual-mpnet-base-v2,de,22,NM_vs_MN,0.17050626873970032,0.456804096698761,0.9854670166969299,0.014532983303070068
sentence-transformers/paraphrase-multilingual-mpnet-base-v2,de,22,NT_vs_TN,0.5957165360450745,1.7600210905075073,0.8229920864105225,0.17700791358947754
sentence-transformers/paraphrase-multilingual-mpnet-base-v2,de,22,QM_vs_MQ,0.5328683257102966,0.9933662414550781,0.8583022952079773,0.1416977047920227
sentence-transformers/paraphrase-multilingual-mpnet-base-v2,de,22,QT_vs_TQ,0.4834936857223511,0.8709815740585327,0.8831529021263123,0.11684709787368774
sentence-transformers/paraphrase-multilingual-mpnet-base-v2,de,22,MT_vs_TM,0.34821397066116333,0.6069372296333313,0.9394822120666504,0.06051778793334961
sentence-transformers/paraphrase-multilingual-mpnet-base-v2,de,23,NQ_vs_QN,0.47318604588508606,0.753466010093689,0.8968501091003418,0.1031498908996582
sentence-transformers/paraphrase-multilingual-mpnet-base-v2,de,23,NM_vs_MN,0.058642055839300156,0.1533074527978897,0.9983315467834473,0.0016684532165527344
sentence-transformers/paraphrase-multilingual-mpnet-base-v2,de,23,NT_vs_TN,0.4521486163139343,1.2042661905288696,0.9010397791862488,0.09896022081375122
sentence-transformers/paraphrase-multilingual-mpnet-base-v2,de,23,QM_vs_MQ,0.39463213086128235,0.5983796715736389,0.922712504863739,0.07728749513626099
sentence-transformers/paraphrase-multilingual-mpnet-base-v2,de,23,QT_vs_TQ,0.5761128664016724,0.8540517687797546,0.8350155353546143,0.16498446464538574
sentence-transformers/paraphrase-multilingual-mpnet-base-v2,de,23,MT_vs_TM,0.13487543165683746,0.13650137186050415,0.9922727942466736,0.007727205753326416
sentence-transformers/paraphrase-multilingual-mpnet-base-v2,de,24,NQ_vs_QN,0.49216678738594055,0.782904863357544,0.886451005935669,0.11354899406433105
sentence-transformers/paraphrase-multilingual-mpnet-base-v2,de,24,NM_vs_MN,0.062355801463127136,0.15504762530326843,0.998192548751831,0.0018074512481689453
sentence-transformers/paraphrase-multilingual-mpnet-base-v2,de,24,NT_vs_TN,0.4863975942134857,1.347455382347107,0.8830781579017639,0.11692184209823608
sentence-transformers/paraphrase-multilingual-mpnet-base-v2,de,24,QM_vs_MQ,0.40496447682380676,0.6239500045776367,0.9190695285797119,0.08093047142028809
sentence-transformers/paraphrase-multilingual-mpnet-base-v2,de,24,QT_vs_TQ,0.5091575384140015,0.765926718711853,0.8711322546005249,0.1288677453994751
sentence-transformers/paraphrase-multilingual-mpnet-base-v2,de,24,MT_vs_TM,0.0810793861746788,0.07371606677770615,0.9967281818389893,0.003271818161010742
sentence-transformers/paraphrase-multilingual-mpnet-base-v2,de,25,NQ_vs_QN,0.45357897877693176,0.7918030619621277,0.906814694404602,0.09318530559539795
sentence-transformers/paraphrase-multilingual-mpnet-base-v2,de,25,NM_vs_MN,0.06158759072422981,0.15697035193443298,0.9981545209884644,0.0018454790115356445
sentence-transformers/paraphrase-multilingual-mpnet-base-v2,de,25,NT_vs_TN,0.4961263835430145,1.3901211023330688,0.8782980442047119,0.12170195579528809
sentence-transformers/paraphrase-multilingual-mpnet-base-v2,de,25,QM_vs_MQ,0.3939571678638458,0.6651825904846191,0.9237117171287537,0.07628828287124634
sentence-transformers/paraphrase-multilingual-mpnet-base-v2,de,25,QT_vs_TQ,0.5724677443504333,0.9252013564109802,0.8401762247085571,0.15982377529144287
sentence-transformers/paraphrase-multilingual-mpnet-base-v2,de,25,MT_vs_TM,0.08606645464897156,0.1262703239917755,0.996479332447052,0.003520667552947998
sentence-transformers/paraphrase-multilingual-mpnet-base-v2,de,26,NQ_vs_QN,0.5157395601272583,0.7963958978652954,0.8780493140220642,0.12195068597793579
sentence-transformers/paraphrase-multilingual-mpnet-base-v2,de,26,NM_vs_MN,0.05735647305846214,0.1401696652173996,0.9983908534049988,0.0016091465950012207
sentence-transformers/paraphrase-multilingual-mpnet-base-v2,de,26,NT_vs_TN,0.6452325582504272,1.7733330726623535,0.7956671714782715,0.20433282852172852
sentence-transformers/paraphrase-multilingual-mpnet-base-v2,de,26,QM_vs_MQ,0.5519760251045227,0.8162296414375305,0.8490002155303955,0.1509997844696045
sentence-transformers/paraphrase-multilingual-mpnet-base-v2,de,26,QT_vs_TQ,0.5659151077270508,0.8407860994338989,0.8398934006690979,0.1601065993309021
sentence-transformers/paraphrase-multilingual-mpnet-base-v2,de,26,MT_vs_TM,0.0703902319073677,0.10805156081914902,0.9976397752761841,0.002360224723815918
sentence-transformers/paraphrase-multilingual-mpnet-base-v2,de,27,NQ_vs_QN,0.673280656337738,0.7120158076286316,0.7754687666893005,0.22453123331069946
sentence-transformers/paraphrase-multilingual-mpnet-base-v2,de,27,NM_vs_MN,0.38861027359962463,0.5590764880180359,0.9264581203460693,0.07354187965393066
sentence-transformers/paraphrase-multilingual-mpnet-base-v2,de,27,NT_vs_TN,0.6362324357032776,1.2185728549957275,0.8167299032211304,0.18327009677886963
sentence-transformers/paraphrase-multilingual-mpnet-base-v2,de,27,QM_vs_MQ,0.6337664127349854,0.7217577695846558,0.800407886505127,0.19959211349487305
sentence-transformers/paraphrase-multilingual-mpnet-base-v2,de,27,QT_vs_TQ,0.7237738966941833,0.6890760660171509,0.7715004086494446,0.22849959135055542
sentence-transformers/paraphrase-multilingual-mpnet-base-v2,de,27,MT_vs_TM,0.5614029169082642,0.553368091583252,0.8443236947059631,0.15567630529403687
sentence-transformers/paraphrase-multilingual-mpnet-base-v2,de,28,NQ_vs_QN,0.703154444694519,0.6797806024551392,0.7571738958358765,0.24282610416412354
sentence-transformers/paraphrase-multilingual-mpnet-base-v2,de,28,NM_vs_MN,0.21476492285728455,0.40832287073135376,0.9775980710983276,0.022401928901672363
sentence-transformers/paraphrase-multilingual-mpnet-base-v2,de,28,NT_vs_TN,0.6494256854057312,1.2144474983215332,0.8010017275810242,0.19899827241897583
sentence-transformers/paraphrase-multilingual-mpnet-base-v2,de,28,QM_vs_MQ,0.6129943132400513,0.658592164516449,0.814399778842926,0.18560022115707397
sentence-transformers/paraphrase-multilingual-mpnet-base-v2,de,28,QT_vs_TQ,0.7484763264656067,0.6740948557853699,0.7506506443023682,0.24934935569763184
sentence-transformers/paraphrase-multilingual-mpnet-base-v2,de,28,MT_vs_TM,0.4249810576438904,0.44486719369888306,0.9215421676635742,0.07845783233642578
sentence-transformers/paraphrase-multilingual-mpnet-base-v2,de,29,NQ_vs_QN,0.4386046826839447,0.7997629642486572,0.9124045968055725,0.08759540319442749
sentence-transformers/paraphrase-multilingual-mpnet-base-v2,de,29,NM_vs_MN,0.07518350332975388,0.19107642769813538,0.9971784353256226,0.0028215646743774414
sentence-transformers/paraphrase-multilingual-mpnet-base-v2,de,29,NT_vs_TN,0.4885406494140625,1.36461341381073,0.8824577331542969,0.11754226684570312
sentence-transformers/paraphrase-multilingual-mpnet-base-v2,de,29,QM_vs_MQ,0.38611435890197754,0.6690180897712708,0.9257915019989014,0.07420849800109863
sentence-transformers/paraphrase-multilingual-mpnet-base-v2,de,29,QT_vs_TQ,0.576328694820404,0.9620242714881897,0.8365002870559692,0.16349971294403076
sentence-transformers/paraphrase-multilingual-mpnet-base-v2,de,29,MT_vs_TM,0.15435032546520233,0.17150601744651794,0.9890820980072021,0.010917901992797852
sentence-transformers/paraphrase-multilingual-mpnet-base-v2,de,30,NQ_vs_QN,0.5473617911338806,0.7702931761741638,0.8581362962722778,0.14186370372772217
sentence-transformers/paraphrase-multilingual-mpnet-base-v2,de,30,NM_vs_MN,0.05009555444121361,0.13235804438591003,0.9988338351249695,0.0011661648750305176
sentence-transformers/paraphrase-multilingual-mpnet-base-v2,de,30,NT_vs_TN,0.5630384683609009,1.4457051753997803,0.8538748025894165,0.1461251974105835
sentence-transformers/paraphrase-multilingual-mpnet-base-v2,de,30,QM_vs_MQ,0.5196792483329773,0.6931397914886475,0.8667129874229431,0.13328701257705688
sentence-transformers/paraphrase-multilingual-mpnet-base-v2,de,30,QT_vs_TQ,0.5688490271568298,0.770142138004303,0.8417643308639526,0.15823566913604736
sentence-transformers/paraphrase-multilingual-mpnet-base-v2,de,30,MT_vs_TM,0.10439442098140717,0.12314515560865402,0.9955126047134399,0.004487395286560059
sentence-transformers/paraphrase-multilingual-mpnet-base-v2,de,31,NQ_vs_QN,0.4956800639629364,0.740716814994812,0.880510151386261,0.11948984861373901
sentence-transformers/paraphrase-multilingual-mpnet-base-v2,de,31,NM_vs_MN,0.05054206773638725,0.12287630885839462,0.9987257719039917,0.0012742280960083008
sentence-transformers/paraphrase-multilingual-mpnet-base-v2,de,31,NT_vs_TN,0.5237383842468262,1.4475821256637573,0.869495153427124,0.13050484657287598
sentence-transformers/paraphrase-multilingual-mpnet-base-v2,de,31,QM_vs_MQ,0.48416510224342346,0.7103555202484131,0.8827968835830688,0.11720311641693115
sentence-transformers/paraphrase-multilingual-mpnet-base-v2,de,31,QT_vs_TQ,0.5107942223548889,0.7689105272293091,0.8696246147155762,0.13037538528442383
sentence-transformers/paraphrase-multilingual-mpnet-base-v2,de,31,MT_vs_TM,0.1029910296201706,0.13003025949001312,0.9950443506240845,0.004955649375915527
sentence-transformers/paraphrase-multilingual-mpnet-base-v2,de,32,NQ_vs_QN,0.49239689111709595,0.7896473407745361,0.8829270005226135,0.11707299947738647
sentence-transformers/paraphrase-multilingual-mpnet-base-v2,de,32,NM_vs_MN,0.048952165991067886,0.11183130741119385,0.9988034963607788,0.0011965036392211914
sentence-transformers/paraphrase-multilingual-mpnet-base-v2,de,32,NT_vs_TN,0.6147605180740356,1.6299734115600586,0.8286378383636475,0.17136216163635254
sentence-transformers/paraphrase-multilingual-mpnet-base-v2,de,32,QM_vs_MQ,0.47488468885421753,0.7741729021072388,0.8921893835067749,0.1078106164932251
sentence-transformers/paraphrase-multilingual-mpnet-base-v2,de,32,QT_vs_TQ,0.5728921890258789,0.9163623452186584,0.8412293195724487,0.15877068042755127
sentence-transformers/paraphrase-multilingual-mpnet-base-v2,de,32,MT_vs_TM,0.07299399375915527,0.08676974475383759,0.9979727268218994,0.002027273178100586
sentence-transformers/paraphrase-multilingual-mpnet-base-v2,de,33,NQ_vs_QN,0.49757522344589233,0.7770737409591675,0.8854340314865112,0.11456596851348877
sentence-transformers/paraphrase-multilingual-mpnet-base-v2,de,33,NM_vs_MN,0.05622890964150429,0.14933815598487854,0.9984344244003296,0.0015655755996704102
sentence-transformers/paraphrase-multilingual-mpnet-base-v2,de,33,NT_vs_TN,0.46120762825012207,1.247117042541504,0.8959964513778687,0.10400354862213135
sentence-transformers/paraphrase-multilingual-mpnet-base-v2,de,33,QM_vs_MQ,0.40293705463409424,0.6142104268074036,0.9210383892059326,0.07896161079406738
sentence-transformers/paraphrase-multilingual-mpnet-base-v2,de,33,QT_vs_TQ,0.5334415435791016,0.7863604426383972,0.8596254587173462,0.1403745412826538
sentence-transformers/paraphrase-multilingual-mpnet-base-v2,de,33,MT_vs_TM,0.08458922058343887,0.1325550675392151,0.9964324235916138,0.0035675764083862305
sentence-transformers/paraphrase-multilingual-mpnet-base-v2,de,34,NQ_vs_QN,0.6309198141098022,0.9037556052207947,0.808286190032959,0.19171380996704102
sentence-transformers/paraphrase-multilingual-mpnet-base-v2,de,34,NM_vs_MN,0.03999656066298485,0.09910599142313004,0.9992128014564514,0.000787198543548584
sentence-transformers/paraphrase-multilingual-mpnet-base-v2,de,34,NT_vs_TN,0.6807724833488464,1.7316045761108398,0.773909330368042,0.226090669631958
sentence-transformers/paraphrase-multilingual-mpnet-base-v2,de,34,QM_vs_MQ,0.47986099123954773,0.6922268867492676,0.891682505607605,0.10831749439239502
sentence-transformers/paraphrase-multilingual-mpnet-base-v2,de,34,QT_vs_TQ,0.6745249032974243,0.9453569054603577,0.7769153118133545,0.2230846881866455
sentence-transformers/paraphrase-multilingual-mpnet-base-v2,de,34,MT_vs_TM,0.0820053443312645,0.12157639116048813,0.9967017769813538,0.0032982230186462402
sentence-transformers/paraphrase-multilingual-mpnet-base-v2,de,35,NQ_vs_QN,0.4668421149253845,0.7403597235679626,0.9001549482345581,0.0998450517654419
sentence-transformers/paraphrase-multilingual-mpnet-base-v2,de,35,NM_vs_MN,0.0669497475028038,0.17485181987285614,0.9977980852127075,0.0022019147872924805
sentence-transformers/paraphrase-multilingual-mpnet-base-v2,de,35,NT_vs_TN,0.5019640922546387,1.425787091255188,0.8753342628479004,0.12466573715209961
sentence-transformers/paraphrase-multilingual-mpnet-base-v2,de,35,QM_vs_MQ,0.38046297430992126,0.5925782918930054,0.9284288883209229,0.07157111167907715
sentence-transformers/paraphrase-multilingual-mpnet-base-v2,de,35,QT_vs_TQ,0.47370070219039917,0.7290754318237305,0.8878875970840454,0.11211240291595459
sentence-transformers/paraphrase-multilingual-mpnet-base-v2,de,35,MT_vs_TM,0.10114064812660217,0.11862998455762863,0.9964303970336914,0.0035696029663085938
sentence-transformers/paraphrase-multilingual-mpnet-base-v2,de,36,NQ_vs_QN,0.6400030851364136,0.6855794787406921,0.8013430833816528,0.19865691661834717
sentence-transformers/paraphrase-multilingual-mpnet-base-v2,de,36,NM_vs_MN,0.1189679205417633,0.21941035985946655,0.9932774901390076,0.006722509860992432
sentence-transformers/paraphrase-multilingual-mpnet-base-v2,de,36,NT_vs_TN,0.6765787601470947,1.285400629043579,0.7897486686706543,0.2102513313293457
sentence-transformers/paraphrase-multilingual-mpnet-base-v2,de,36,QM_vs_MQ,0.6094582080841064,0.6599249243736267,0.8159172534942627,0.1840827465057373
sentence-transformers/paraphrase-multilingual-mpnet-base-v2,de,36,QT_vs_TQ,0.759934663772583,0.8092241883277893,0.7139363884925842,0.28606361150741577
sentence-transformers/paraphrase-multilingual-mpnet-base-v2,de,36,MT_vs_TM,0.08074362576007843,0.07848996669054031,0.9967881441116333,0.0032118558883666992
sentence-transformers/paraphrase-multilingual-mpnet-base-v2,de,37,NQ_vs_QN,0.48632147908210754,0.7788686752319336,0.8951004147529602,0.1048995852470398
sentence-transformers/paraphrase-multilingual-mpnet-base-v2,de,37,NM_vs_MN,0.059550099074840546,0.1462039053440094,0.9982817769050598,0.0017182230949401855
sentence-transformers/paraphrase-multilingual-mpnet-base-v2,de,37,NT_vs_TN,0.4876883924007416,1.3049213886260986,0.8836870193481445,0.11631298065185547
sentence-transformers/paraphrase-multilingual-mpnet-base-v2,de,37,QM_vs_MQ,0.367045521736145,0.5688128471374512,0.9344089031219482,0.06559109687805176
sentence-transformers/paraphrase-multilingual-mpnet-base-v2,de,37,QT_vs_TQ,0.47952768206596375,0.721996545791626,0.885621964931488,0.11437803506851196
sentence-transformers/paraphrase-multilingual-mpnet-base-v2,de,37,MT_vs_TM,0.10579551011323929,0.12120544910430908,0.9953286647796631,0.004671335220336914
sentence-transformers/paraphrase-multilingual-mpnet-base-v2,de,38,NQ_vs_QN,0.5036984086036682,0.9545558094978333,0.8808374404907227,0.11916255950927734
sentence-transformers/paraphrase-multilingual-mpnet-base-v2,de,38,NM_vs_MN,0.06935139745473862,0.19336828589439392,0.9976990818977356,0.0023009181022644043
sentence-transformers/paraphrase-multilingual-mpnet-base-v2,de,38,NT_vs_TN,0.6006124019622803,1.8519480228424072,0.8226519823074341,0.17734801769256592
sentence-transformers/paraphrase-multilingual-mpnet-base-v2,de,38,QM_vs_MQ,0.526309072971344,0.9346412420272827,0.8616859316825867,0.13831406831741333
sentence-transformers/paraphrase-multilingual-mpnet-base-v2,de,38,QT_vs_TQ,0.5697391033172607,1.0569919347763062,0.8377023935317993,0.16229760646820068
sentence-transformers/paraphrase-multilingual-mpnet-base-v2,de,38,MT_vs_TM,0.07296174019575119,0.09832298010587692,0.9973650574684143,0.0026349425315856934
sentence-transformers/paraphrase-multilingual-mpnet-base-v2,de,39,NQ_vs_QN,0.5001786351203918,0.8257921934127808,0.8791550993919373,0.12084490060806274
sentence-transformers/paraphrase-multilingual-mpnet-base-v2,de,39,NM_vs_MN,0.0737043023109436,0.17362923920154572,0.9974286556243896,0.0025713443756103516
sentence-transformers/paraphrase-multilingual-mpnet-base-v2,de,39,NT_vs_TN,0.5890796780586243,1.6531797647476196,0.8355879783630371,0.1644120216369629
sentence-transformers/paraphrase-multilingual-mpnet-base-v2,de,39,QM_vs_MQ,0.45786553621292114,0.76319420337677,0.9000182151794434,0.09998178482055664
sentence-transformers/paraphrase-multilingual-mpnet-base-v2,de,39,QT_vs_TQ,0.553656816482544,0.9062060713768005,0.8512437343597412,0.1487562656402588
sentence-transformers/paraphrase-multilingual-mpnet-base-v2,de,39,MT_vs_TM,0.10081183165311813,0.14710365235805511,0.9953329563140869,0.004667043685913086
sentence-transformers/paraphrase-multilingual-mpnet-base-v2,de,40,NQ_vs_QN,0.643723726272583,0.6323068737983704,0.7931174039840698,0.20688259601593018
sentence-transformers/paraphrase-multilingual-mpnet-base-v2,de,40,NM_vs_MN,0.23621773719787598,0.3121798038482666,0.9736112356185913,0.02638876438140869
sentence-transformers/paraphrase-multilingual-mpnet-base-v2,de,40,NT_vs_TN,0.6522063612937927,1.0862923860549927,0.8197163343429565,0.18028366565704346
sentence-transformers/paraphrase-multilingual-mpnet-base-v2,de,40,QM_vs_MQ,0.5434114336967468,0.5446614623069763,0.8547183275222778,0.14528167247772217
sentence-transformers/paraphrase-multilingual-mpnet-base-v2,de,40,QT_vs_TQ,0.6295509338378906,0.5830332636833191,0.8213525414466858,0.1786474585533142
sentence-transformers/paraphrase-multilingual-mpnet-base-v2,de,40,MT_vs_TM,0.13019335269927979,0.10253038257360458,0.991736650466919,0.008263349533081055
sentence-transformers/paraphrase-multilingual-mpnet-base-v2,de,41,NQ_vs_QN,0.6407085657119751,0.6817120909690857,0.798287034034729,0.201712965965271
sentence-transformers/paraphrase-multilingual-mpnet-base-v2,de,41,NM_vs_MN,0.07446634769439697,0.1459622085094452,0.9972275495529175,0.0027724504470825195
sentence-transformers/paraphrase-multilingual-mpnet-base-v2,de,41,NT_vs_TN,0.718441367149353,1.5411574840545654,0.7419865727424622,0.25801342725753784
sentence-transformers/paraphrase-multilingual-mpnet-base-v2,de,41,QM_vs_MQ,0.6083134412765503,0.6259737014770508,0.8153721690177917,0.18462783098220825
sentence-transformers/paraphrase-multilingual-mpnet-base-v2,de,41,QT_vs_TQ,0.8739680647850037,0.9060643911361694,0.6209051609039307,0.37909483909606934
sentence-transformers/paraphrase-multilingual-mpnet-base-v2,de,41,MT_vs_TM,0.16105595231056213,0.1579209566116333,0.9880590438842773,0.011940956115722656
sentence-transformers/paraphrase-multilingual-mpnet-base-v2,de,42,NQ_vs_QN,0.7771084308624268,0.6451475024223328,0.6990553140640259,0.3009446859359741
sentence-transformers/paraphrase-multilingual-mpnet-base-v2,de,42,NM_vs_MN,0.6223807334899902,0.715423047542572,0.8106318712234497,0.1893681287765503
sentence-transformers/paraphrase-multilingual-mpnet-base-v2,de,42,NT_vs_TN,0.7663810849189758,1.101561188697815,0.7699481844902039,0.23005181550979614
sentence-transformers/paraphrase-multilingual-mpnet-base-v2,de,42,QM_vs_MQ,0.7293304800987244,0.7599729895591736,0.7471912503242493,0.25280874967575073
sentence-transformers/paraphrase-multilingual-mpnet-base-v2,de,42,QT_vs_TQ,0.67271888256073,0.5636969804763794,0.7966219186782837,0.2033780813217163
sentence-transformers/paraphrase-multilingual-mpnet-base-v2,de,42,MT_vs_TM,0.7964958548545837,0.5986864566802979,0.6911250948905945,0.3088749051094055
sentence-transformers/paraphrase-multilingual-mpnet-base-v2,de,43,NQ_vs_QN,0.718116819858551,0.7213716506958008,0.742619514465332,0.25738048553466797
sentence-transformers/paraphrase-multilingual-mpnet-base-v2,de,43,NM_vs_MN,0.39169177412986755,0.6775511503219604,0.9236142635345459,0.0763857364654541
sentence-transformers/paraphrase-multilingual-mpnet-base-v2,de,43,NT_vs_TN,0.7351228594779968,1.4010212421417236,0.7344065308570862,0.2655934691429138
sentence-transformers/paraphrase-multilingual-mpnet-base-v2,de,43,QM_vs_MQ,0.7966076731681824,0.8807566165924072,0.697265088558197,0.302734911441803
sentence-transformers/paraphrase-multilingual-mpnet-base-v2,de,43,QT_vs_TQ,0.8885099291801453,0.8196228742599487,0.670660138130188,0.329339861869812
sentence-transformers/paraphrase-multilingual-mpnet-base-v2,de,43,MT_vs_TM,0.4723459482192993,0.5225728154182434,0.8889182209968567,0.11108177900314331
sentence-transformers/paraphrase-multilingual-mpnet-base-v2,de,44,NQ_vs_QN,0.523641049861908,0.8117315769195557,0.8737932443618774,0.12620675563812256
sentence-transformers/paraphrase-multilingual-mpnet-base-v2,de,44,NM_vs_MN,0.0525316558778286,0.13141971826553345,0.9986859560012817,0.0013140439987182617
sentence-transformers/paraphrase-multilingual-mpnet-base-v2,de,44,NT_vs_TN,0.6600391864776611,1.7227636575698853,0.7853556871414185,0.21464431285858154
sentence-transformers/paraphrase-multilingual-mpnet-base-v2,de,44,QM_vs_MQ,0.48116663098335266,0.7303703427314758,0.8844844102859497,0.11551558971405029
sentence-transformers/paraphrase-multilingual-mpnet-base-v2,de,44,QT_vs_TQ,0.5469806790351868,0.7890591621398926,0.8511393070220947,0.14886069297790527
sentence-transformers/paraphrase-multilingual-mpnet-base-v2,de,44,MT_vs_TM,0.06497517228126526,0.09735095500946045,0.9978912472724915,0.002108752727508545
sentence-transformers/paraphrase-multilingual-mpnet-base-v2,de,45,NQ_vs_QN,0.6342648863792419,0.7619648575782776,0.8020907640457153,0.19790923595428467
sentence-transformers/paraphrase-multilingual-mpnet-base-v2,de,45,NM_vs_MN,0.09724798053503036,0.20001238584518433,0.9954169988632202,0.004583001136779785
sentence-transformers/paraphrase-multilingual-mpnet-base-v2,de,45,NT_vs_TN,0.7051713466644287,1.569716215133667,0.7522520422935486,0.24774795770645142
sentence-transformers/paraphrase-multilingual-mpnet-base-v2,de,45,QM_vs_MQ,0.4936971068382263,0.5867228507995605,0.8828164339065552,0.11718356609344482
sentence-transformers/paraphrase-multilingual-mpnet-base-v2,de,45,QT_vs_TQ,0.8068313598632812,0.8834582567214966,0.6911805868148804,0.30881941318511963
sentence-transformers/paraphrase-multilingual-mpnet-base-v2,de,45,MT_vs_TM,0.08584241569042206,0.07303500920534134,0.9965181350708008,0.0034818649291992188
sentence-transformers/paraphrase-multilingual-mpnet-base-v2,de,46,NQ_vs_QN,0.5786392688751221,0.8113940358161926,0.836172342300415,0.16382765769958496
sentence-transformers/paraphrase-multilingual-mpnet-base-v2,de,46,NM_vs_MN,0.3361104428768158,0.7214658260345459,0.9442086219787598,0.055791378021240234
sentence-transformers/paraphrase-multilingual-mpnet-base-v2,de,46,NT_vs_TN,0.6569536328315735,1.6238917112350464,0.7853972911834717,0.21460270881652832
sentence-transformers/paraphrase-multilingual-mpnet-base-v2,de,46,QM_vs_MQ,0.6512735486030579,0.8807364702224731,0.7971174716949463,0.2028825283050537
sentence-transformers/paraphrase-multilingual-mpnet-base-v2,de,46,QT_vs_TQ,0.8017822504043579,1.0177079439163208,0.6936932802200317,0.30630671977996826
sentence-transformers/paraphrase-multilingual-mpnet-base-v2,de,46,MT_vs_TM,0.48163899779319763,0.49270766973495483,0.8843147158622742,0.11568528413772583
sentence-transformers/paraphrase-multilingual-mpnet-base-v2,de,47,NQ_vs_QN,0.6279418468475342,0.9407123327255249,0.8183706998825073,0.18162930011749268
sentence-transformers/paraphrase-multilingual-mpnet-base-v2,de,47,NM_vs_MN,0.07856913655996323,0.17207884788513184,0.9973604083061218,0.002639591693878174
sentence-transformers/paraphrase-multilingual-mpnet-base-v2,de,47,NT_vs_TN,0.706205427646637,1.7785347700119019,0.757261335849762,0.24273866415023804
sentence-transformers/paraphrase-multilingual-mpnet-base-v2,de,47,QM_vs_MQ,0.5474327802658081,0.8066719770431519,0.8508272171020508,0.14917278289794922
sentence-transformers/paraphrase-multilingual-mpnet-base-v2,de,47,QT_vs_TQ,0.6855176687240601,0.9681240916252136,0.7663403153419495,0.23365968465805054
sentence-transformers/paraphrase-multilingual-mpnet-base-v2,de,47,MT_vs_TM,0.11171038448810577,0.12866413593292236,0.9938003420829773,0.006199657917022705
sentence-transformers/paraphrase-multilingual-mpnet-base-v2,ru,0,NQ_vs_QN,1.2368853092193604,1.5696649551391602,0.24794018268585205,0.752059817314148
sentence-transformers/paraphrase-multilingual-mpnet-base-v2,ru,0,NM_vs_MN,0.3693849444389343,0.47709619998931885,0.9487451314926147,0.051254868507385254
sentence-transformers/paraphrase-multilingual-mpnet-base-v2,ru,0,NT_vs_TN,1.2603384256362915,1.6639963388442993,0.21092790365219116,0.7890720963478088
sentence-transformers/paraphrase-multilingual-mpnet-base-v2,ru,0,QM_vs_MQ,1.2099757194519043,1.2027612924575806,0.2851354777812958,0.7148645222187042
sentence-transformers/paraphrase-multilingual-mpnet-base-v2,ru,0,QT_vs_TQ,0.8416123986244202,0.9054484963417053,0.6465352177619934,0.3534647822380066
sentence-transformers/paraphrase-multilingual-mpnet-base-v2,ru,0,MT_vs_TM,0.6962780356407166,0.6462922692298889,0.7662596106529236,0.23374038934707642
sentence-transformers/paraphrase-multilingual-mpnet-base-v2,ru,1,NQ_vs_QN,0.7352457642555237,1.062538981437683,0.7355210781097412,0.2644789218902588
sentence-transformers/paraphrase-multilingual-mpnet-base-v2,ru,1,NM_vs_MN,0.2718259394168854,0.44649019837379456,0.9630582928657532,0.036941707134246826
sentence-transformers/paraphrase-multilingual-mpnet-base-v2,ru,1,NT_vs_TN,0.8010037541389465,0.9047977328300476,0.8768324851989746,0.12316751480102539
sentence-transformers/paraphrase-multilingual-mpnet-base-v2,ru,1,QM_vs_MQ,0.6245084404945374,0.8833822011947632,0.8077824115753174,0.19221758842468262
sentence-transformers/paraphrase-multilingual-mpnet-base-v2,ru,1,QT_vs_TQ,0.5998591184616089,0.8386693000793457,0.8322126865386963,0.1677873134613037
sentence-transformers/paraphrase-multilingual-mpnet-base-v2,ru,1,MT_vs_TM,0.26205283403396606,0.295750230550766,0.9662697911262512,0.03373020887374878
sentence-transformers/paraphrase-multilingual-mpnet-base-v2,ru,2,NQ_vs_QN,0.8399361968040466,1.1994582414627075,0.6510698199272156,0.3489301800727844
sentence-transformers/paraphrase-multilingual-mpnet-base-v2,ru,2,NM_vs_MN,0.22140100598335266,0.21471953392028809,0.9779928922653198,0.022007107734680176
sentence-transformers/paraphrase-multilingual-mpnet-base-v2,ru,2,NT_vs_TN,1.6474531888961792,1.9879493713378906,-0.2290748953819275,1.2290748953819275
sentence-transformers/paraphrase-multilingual-mpnet-base-v2,ru,2,QM_vs_MQ,0.9606654047966003,1.1053820848464966,0.5415502786636353,0.45844972133636475
sentence-transformers/paraphrase-multilingual-mpnet-base-v2,ru,2,QT_vs_TQ,0.45121896266937256,0.7345151305198669,0.9113584756851196,0.08864152431488037
sentence-transformers/paraphrase-multilingual-mpnet-base-v2,ru,2,MT_vs_TM,0.2905290722846985,0.27981099486351013,0.9594956636428833,0.0405043363571167
sentence-transformers/paraphrase-multilingual-mpnet-base-v2,ru,3,NQ_vs_QN,0.7616642117500305,1.1098426580429077,0.729249119758606,0.27075088024139404
sentence-transformers/paraphrase-multilingual-mpnet-base-v2,ru,3,NM_vs_MN,0.2537672519683838,0.37591254711151123,0.972627580165863,0.027372419834136963
sentence-transformers/paraphrase-multilingual-mpnet-base-v2,ru,3,NT_vs_TN,1.479231595993042,1.3349422216415405,0.0864735096693039,0.9135264903306961
sentence-transformers/paraphrase-multilingual-mpnet-base-v2,ru,3,QM_vs_MQ,0.5897701978683472,0.7944355607032776,0.8419584035873413,0.1580415964126587
sentence-transformers/paraphrase-multilingual-mpnet-base-v2,ru,3,QT_vs_TQ,0.581713080406189,0.7830047011375427,0.8312326669692993,0.16876733303070068
sentence-transformers/paraphrase-multilingual-mpnet-base-v2,ru,3,MT_vs_TM,0.47556158900260925,0.5098681449890137,0.8911978602409363,0.10880213975906372
sentence-transformers/paraphrase-multilingual-mpnet-base-v2,ru,4,NQ_vs_QN,1.034412145614624,1.2412359714508057,0.46892988681793213,0.5310701131820679
sentence-transformers/paraphrase-multilingual-mpnet-base-v2,ru,4,NM_vs_MN,0.6846826672554016,0.5453008413314819,0.7868446111679077,0.21315538883209229
sentence-transformers/paraphrase-multilingual-mpnet-base-v2,ru,4,NT_vs_TN,1.1906400918960571,1.4216179847717285,0.31944799423217773,0.6805520057678223
sentence-transformers/paraphrase-multilingual-mpnet-base-v2,ru,4,QM_vs_MQ,1.0211460590362549,1.2450661659240723,0.48305797576904297,0.516942024230957
sentence-transformers/paraphrase-multilingual-mpnet-base-v2,ru,4,QT_vs_TQ,0.7416516542434692,0.8172662854194641,0.7250088453292847,0.27499115467071533
sentence-transformers/paraphrase-multilingual-mpnet-base-v2,ru,4,MT_vs_TM,0.38773027062416077,0.3405652940273285,0.9338605403900146,0.06613945960998535
sentence-transformers/paraphrase-multilingual-mpnet-base-v2,ru,5,NQ_vs_QN,0.9559647440910339,1.3975166082382202,0.5522432327270508,0.4477567672729492
sentence-transformers/paraphrase-multilingual-mpnet-base-v2,ru,5,NM_vs_MN,0.20717525482177734,0.26313984394073486,0.9790973663330078,0.020902633666992188
sentence-transformers/paraphrase-multilingual-mpnet-base-v2,ru,5,NT_vs_TN,0.9018879532814026,1.1798561811447144,0.5971317887306213,0.40286821126937866
sentence-transformers/paraphrase-multilingual-mpnet-base-v2,ru,5,QM_vs_MQ,0.8684654831886292,1.1847929954528809,0.6238736510276794,0.37612634897232056
sentence-transformers/paraphrase-multilingual-mpnet-base-v2,ru,5,QT_vs_TQ,0.7314156293869019,0.9624999165534973,0.7327256202697754,0.2672743797302246
sentence-transformers/paraphrase-multilingual-mpnet-base-v2,ru,5,MT_vs_TM,0.3280387222766876,0.32843056321144104,0.947353720664978,0.05264627933502197
sentence-transformers/paraphrase-multilingual-mpnet-base-v2,ru,6,NQ_vs_QN,0.8622508645057678,1.319257140159607,0.6382431983947754,0.3617568016052246
sentence-transformers/paraphrase-multilingual-mpnet-base-v2,ru,6,NM_vs_MN,0.20541727542877197,0.3387034833431244,0.9822456240653992,0.01775437593460083
sentence-transformers/paraphrase-multilingual-mpnet-base-v2,ru,6,NT_vs_TN,1.2093466520309448,1.5171163082122803,0.66046541929245,0.33953458070755005
sentence-transformers/paraphrase-multilingual-mpnet-base-v2,ru,6,QM_vs_MQ,0.7190936803817749,0.9583581686019897,0.7481831312179565,0.25181686878204346
sentence-transformers/paraphrase-multilingual-mpnet-base-v2,ru,6,QT_vs_TQ,0.5443065762519836,0.7717454433441162,0.8524263501167297,0.14757364988327026
sentence-transformers/paraphrase-multilingual-mpnet-base-v2,ru,6,MT_vs_TM,0.16897183656692505,0.1964310258626938,0.9857754707336426,0.014224529266357422
sentence-transformers/paraphrase-multilingual-mpnet-base-v2,ru,7,NQ_vs_QN,1.102319598197937,1.4956270456314087,0.4798956513404846,0.5201043486595154
sentence-transformers/paraphrase-multilingual-mpnet-base-v2,ru,7,NM_vs_MN,0.4830445647239685,0.6285102963447571,0.9226060509681702,0.07739394903182983
sentence-transformers/paraphrase-multilingual-mpnet-base-v2,ru,7,NT_vs_TN,1.1705034971237183,1.3992583751678467,0.5114070177078247,0.4885929822921753
sentence-transformers/paraphrase-multilingual-mpnet-base-v2,ru,7,QM_vs_MQ,0.7159458994865417,0.8840720653533936,0.744434118270874,0.255565881729126
sentence-transformers/paraphrase-multilingual-mpnet-base-v2,ru,7,QT_vs_TQ,0.5154691934585571,0.6148451566696167,0.8675984144210815,0.13240158557891846
sentence-transformers/paraphrase-multilingual-mpnet-base-v2,ru,7,MT_vs_TM,0.4300675690174103,0.5652298331260681,0.9134009480476379,0.08659905195236206
sentence-transformers/paraphrase-multilingual-mpnet-base-v2,ru,8,NQ_vs_QN,1.4131799936294556,1.6385825872421265,0.024434953927993774,0.9755650460720062
sentence-transformers/paraphrase-multilingual-mpnet-base-v2,ru,8,NM_vs_MN,0.1761089265346527,0.2082670032978058,0.9855059385299683,0.014494061470031738
sentence-transformers/paraphrase-multilingual-mpnet-base-v2,ru,8,NT_vs_TN,1.1727371215820312,1.155289888381958,0.4364597201347351,0.5635402798652649
sentence-transformers/paraphrase-multilingual-mpnet-base-v2,ru,8,QM_vs_MQ,1.026292085647583,0.9145611524581909,0.5808447003364563,0.4191552996635437
sentence-transformers/paraphrase-multilingual-mpnet-base-v2,ru,8,QT_vs_TQ,0.770449161529541,0.8120520710945129,0.7300811409950256,0.26991885900497437
sentence-transformers/paraphrase-multilingual-mpnet-base-v2,ru,8,MT_vs_TM,0.22881761193275452,0.14771732687950134,0.9744521975517273,0.025547802448272705
sentence-transformers/paraphrase-multilingual-mpnet-base-v2,ru,9,NQ_vs_QN,1.019417405128479,1.270757794380188,0.5108305215835571,0.48916947841644287
sentence-transformers/paraphrase-multilingual-mpnet-base-v2,ru,9,NM_vs_MN,0.41527843475341797,0.3549627661705017,0.9243143796920776,0.07568562030792236
sentence-transformers/paraphrase-multilingual-mpnet-base-v2,ru,9,NT_vs_TN,1.1826050281524658,1.0573910474777222,0.42625394463539124,0.5737460553646088
sentence-transformers/paraphrase-multilingual-mpnet-base-v2,ru,9,QM_vs_MQ,0.8273062109947205,0.8770665526390076,0.671210765838623,0.32878923416137695
sentence-transformers/paraphrase-multilingual-mpnet-base-v2,ru,9,QT_vs_TQ,0.8761284947395325,1.0091159343719482,0.6199275851249695,0.3800724148750305
sentence-transformers/paraphrase-multilingual-mpnet-base-v2,ru,9,MT_vs_TM,0.3874780535697937,0.31950438022613525,0.9367414712905884,0.06325852870941162
sentence-transformers/paraphrase-multilingual-mpnet-base-v2,ru,10,NQ_vs_QN,1.3664782047271729,1.6955047845840454,0.2007119357585907,0.7992880642414093
sentence-transformers/paraphrase-multilingual-mpnet-base-v2,ru,10,NM_vs_MN,0.3679848611354828,0.28201863169670105,0.9402843713760376,0.0597156286239624
sentence-transformers/paraphrase-multilingual-mpnet-base-v2,ru,10,NT_vs_TN,1.2197935581207275,1.4263761043548584,0.4728972613811493,0.5271027386188507
sentence-transformers/paraphrase-multilingual-mpnet-base-v2,ru,10,QM_vs_MQ,0.690335214138031,0.6471652388572693,0.7675631046295166,0.2324368953704834
sentence-transformers/paraphrase-multilingual-mpnet-base-v2,ru,10,QT_vs_TQ,0.7876331210136414,0.7720432877540588,0.6909686326980591,0.3090313673019409
sentence-transformers/paraphrase-multilingual-mpnet-base-v2,ru,10,MT_vs_TM,0.35813817381858826,0.2996692359447479,0.9358788728713989,0.06412112712860107
sentence-transformers/paraphrase-multilingual-mpnet-base-v2,ru,11,NQ_vs_QN,0.9282054305076599,0.9045543670654297,0.569370448589325,0.43062955141067505
sentence-transformers/paraphrase-multilingual-mpnet-base-v2,ru,11,NM_vs_MN,0.24784833192825317,0.29746150970458984,0.9693402051925659,0.030659794807434082
sentence-transformers/paraphrase-multilingual-mpnet-base-v2,ru,11,NT_vs_TN,1.2638278007507324,1.415610671043396,0.2128526270389557,0.7871473729610443
sentence-transformers/paraphrase-multilingual-mpnet-base-v2,ru,11,QM_vs_MQ,1.028375267982483,1.184690237045288,0.4717661738395691,0.5282338261604309
sentence-transformers/paraphrase-multilingual-mpnet-base-v2,ru,11,QT_vs_TQ,0.6787712574005127,0.7185972332954407,0.7696651220321655,0.23033487796783447
sentence-transformers/paraphrase-multilingual-mpnet-base-v2,ru,11,MT_vs_TM,0.3976660966873169,0.35570991039276123,0.923913300037384,0.07608669996261597
sentence-transformers/paraphrase-multilingual-mpnet-base-v2,ru,12,NQ_vs_QN,1.031411051750183,1.0800666809082031,0.46856528520584106,0.5314347147941589
sentence-transformers/paraphrase-multilingual-mpnet-base-v2,ru,12,NM_vs_MN,0.5156829953193665,0.2421535700559616,0.8679642677307129,0.1320357322692871
sentence-transformers/paraphrase-multilingual-mpnet-base-v2,ru,12,NT_vs_TN,1.512203574180603,1.5563931465148926,-0.1363687813282013,1.1363687813282013
sentence-transformers/paraphrase-multilingual-mpnet-base-v2,ru,12,QM_vs_MQ,1.2231184244155884,1.0855063199996948,0.3036835193634033,0.6963164806365967
sentence-transformers/paraphrase-multilingual-mpnet-base-v2,ru,12,QT_vs_TQ,0.7263537049293518,0.7732222080230713,0.7601220011711121,0.23987799882888794
sentence-transformers/paraphrase-multilingual-mpnet-base-v2,ru,12,MT_vs_TM,0.385459840297699,0.23214606940746307,0.9468262195587158,0.05317378044128418
sentence-transformers/paraphrase-multilingual-mpnet-base-v2,ru,13,NQ_vs_QN,1.0840866565704346,1.3315914869308472,0.4128444194793701,0.5871555805206299
sentence-transformers/paraphrase-multilingual-mpnet-base-v2,ru,13,NM_vs_MN,0.5062388181686401,0.5635860562324524,0.9266023635864258,0.07339763641357422
sentence-transformers/paraphrase-multilingual-mpnet-base-v2,ru,13,NT_vs_TN,1.4319186210632324,1.2563421726226807,0.020822228863835335,0.9791777711361647
sentence-transformers/paraphrase-multilingual-mpnet-base-v2,ru,13,QM_vs_MQ,1.0593702793121338,1.1173219680786133,0.47931477427482605,0.520685225725174
sentence-transformers/paraphrase-multilingual-mpnet-base-v2,ru,13,QT_vs_TQ,0.6162399649620056,0.8645634651184082,0.8246868848800659,0.17531311511993408
sentence-transformers/paraphrase-multilingual-mpnet-base-v2,ru,13,MT_vs_TM,0.5867476463317871,0.43073976039886475,0.8704808950424194,0.12951910495758057
sentence-transformers/paraphrase-multilingual-mpnet-base-v2,ru,14,NQ_vs_QN,1.385059118270874,1.65202796459198,0.18592315912246704,0.814076840877533
sentence-transformers/paraphrase-multilingual-mpnet-base-v2,ru,14,NM_vs_MN,0.29040199518203735,0.29067540168762207,0.9621238708496094,0.037876129150390625
sentence-transformers/paraphrase-multilingual-mpnet-base-v2,ru,14,NT_vs_TN,1.249360203742981,1.8019020557403564,0.25726643204689026,0.7427335679531097
sentence-transformers/paraphrase-multilingual-mpnet-base-v2,ru,14,QM_vs_MQ,0.9858042597770691,0.8886653780937195,0.5143318772315979,0.4856681227684021
sentence-transformers/paraphrase-multilingual-mpnet-base-v2,ru,14,QT_vs_TQ,0.7685386538505554,0.6851109862327576,0.7047280073165894,0.29527199268341064
sentence-transformers/paraphrase-multilingual-mpnet-base-v2,ru,14,MT_vs_TM,0.5364754796028137,0.5274348258972168,0.8572235703468323,0.14277642965316772
sentence-transformers/paraphrase-multilingual-mpnet-base-v2,ru,15,NQ_vs_QN,1.2788937091827393,1.429420828819275,0.18252605199813843,0.8174739480018616
sentence-transformers/paraphrase-multilingual-mpnet-base-v2,ru,15,NM_vs_MN,0.3663889169692993,0.3369115889072418,0.9345582127571106,0.0654417872428894
sentence-transformers/paraphrase-multilingual-mpnet-base-v2,ru,15,NT_vs_TN,0.8390551209449768,0.8138744831085205,0.6676459312438965,0.3323540687561035
sentence-transformers/paraphrase-multilingual-mpnet-base-v2,ru,15,QM_vs_MQ,0.8026707172393799,1.072309136390686,0.6796562075614929,0.3203437924385071
sentence-transformers/paraphrase-multilingual-mpnet-base-v2,ru,15,QT_vs_TQ,0.7082799673080444,0.8167151212692261,0.7887362837791443,0.2112637162208557
sentence-transformers/paraphrase-multilingual-mpnet-base-v2,ru,15,MT_vs_TM,0.1818692982196808,0.24544508755207062,0.9918932318687439,0.008106768131256104
sentence-transformers/paraphrase-multilingual-mpnet-base-v2,ru,16,NQ_vs_QN,1.1251217126846313,1.4204823970794678,0.38242629170417786,0.6175737082958221
sentence-transformers/paraphrase-multilingual-mpnet-base-v2,ru,16,NM_vs_MN,0.4507587254047394,0.47952061891555786,0.9065803289413452,0.09341967105865479
sentence-transformers/paraphrase-multilingual-mpnet-base-v2,ru,16,NT_vs_TN,0.9902951121330261,1.1667158603668213,0.509894073009491,0.49010592699050903
sentence-transformers/paraphrase-multilingual-mpnet-base-v2,ru,16,QM_vs_MQ,0.9302871227264404,1.0955004692077637,0.5751309394836426,0.4248690605163574
sentence-transformers/paraphrase-multilingual-mpnet-base-v2,ru,16,QT_vs_TQ,0.75072181224823,0.9040539264678955,0.7400048971176147,0.25999510288238525
sentence-transformers/paraphrase-multilingual-mpnet-base-v2,ru,16,MT_vs_TM,0.44537246227264404,0.3230935037136078,0.9010607004165649,0.09893929958343506
sentence-transformers/paraphrase-multilingual-mpnet-base-v2,ru,17,NQ_vs_QN,1.077232003211975,1.502053141593933,0.4305921196937561,0.5694078803062439
sentence-transformers/paraphrase-multilingual-mpnet-base-v2,ru,17,NM_vs_MN,0.30118608474731445,0.3918587863445282,0.9548172950744629,0.04518270492553711
sentence-transformers/paraphrase-multilingual-mpnet-base-v2,ru,17,NT_vs_TN,1.0138483047485352,1.4205349683761597,0.5202062726020813,0.4797937273979187
sentence-transformers/paraphrase-multilingual-mpnet-base-v2,ru,17,QM_vs_MQ,1.0450832843780518,1.3320426940917969,0.45400747656822205,0.545992523431778
sentence-transformers/paraphrase-multilingual-mpnet-base-v2,ru,17,QT_vs_TQ,0.8576773405075073,1.0025670528411865,0.6342318058013916,0.3657681941986084
sentence-transformers/paraphrase-multilingual-mpnet-base-v2,ru,17,MT_vs_TM,0.24984325468540192,0.28498348593711853,0.9693244695663452,0.030675530433654785
sentence-transformers/paraphrase-multilingual-mpnet-base-v2,ru,18,NQ_vs_QN,1.0194172859191895,1.339155673980713,0.5063859224319458,0.4936140775680542
sentence-transformers/paraphrase-multilingual-mpnet-base-v2,ru,18,NM_vs_MN,0.7454563975334167,0.4770565330982208,0.7221538424491882,0.27784615755081177
sentence-transformers/paraphrase-multilingual-mpnet-base-v2,ru,18,NT_vs_TN,1.2695963382720947,1.217636227607727,0.28252655267715454,0.7174734473228455
sentence-transformers/paraphrase-multilingual-mpnet-base-v2,ru,18,QM_vs_MQ,0.8513869047164917,0.9163671135902405,0.6719536781311035,0.3280463218688965
sentence-transformers/paraphrase-multilingual-mpnet-base-v2,ru,18,QT_vs_TQ,0.6559789180755615,0.7622779011726379,0.7919538617134094,0.20804613828659058
sentence-transformers/paraphrase-multilingual-mpnet-base-v2,ru,18,MT_vs_TM,0.3695130944252014,0.3051829934120178,0.9348728060722351,0.06512719392776489
sentence-transformers/paraphrase-multilingual-mpnet-base-v2,ru,19,NQ_vs_QN,1.120733618736267,0.8331478834152222,0.3720964193344116,0.6279035806655884
sentence-transformers/paraphrase-multilingual-mpnet-base-v2,ru,19,NM_vs_MN,0.30029618740081787,0.22361065447330475,0.9578242897987366,0.04217571020126343
sentence-transformers/paraphrase-multilingual-mpnet-base-v2,ru,19,NT_vs_TN,1.4454361200332642,1.5955841541290283,0.2969581186771393,0.7030418813228607
sentence-transformers/paraphrase-multilingual-mpnet-base-v2,ru,19,QM_vs_MQ,1.413164496421814,1.4943188428878784,0.04605931043624878,0.9539406895637512
sentence-transformers/paraphrase-multilingual-mpnet-base-v2,ru,19,QT_vs_TQ,0.6604524850845337,0.5556565523147583,0.7985613346099854,0.20143866539001465
sentence-transformers/paraphrase-multilingual-mpnet-base-v2,ru,19,MT_vs_TM,0.3374323546886444,0.30737119913101196,0.9483854174613953,0.051614582538604736
sentence-transformers/paraphrase-multilingual-mpnet-base-v2,ru,20,NQ_vs_QN,1.0519788265228271,1.4198410511016846,0.4549628496170044,0.5450371503829956
sentence-transformers/paraphrase-multilingual-mpnet-base-v2,ru,20,NM_vs_MN,0.5824832916259766,0.5869581699371338,0.8594929575920105,0.1405070424079895
sentence-transformers/paraphrase-multilingual-mpnet-base-v2,ru,20,NT_vs_TN,1.2037750482559204,1.1682416200637817,0.2863093316555023,0.7136906683444977
sentence-transformers/paraphrase-multilingual-mpnet-base-v2,ru,20,QM_vs_MQ,0.9792719483375549,1.0915296077728271,0.5661112666130066,0.4338887333869934
sentence-transformers/paraphrase-multilingual-mpnet-base-v2,ru,20,QT_vs_TQ,0.7194803357124329,0.900991678237915,0.7460653781890869,0.2539346218109131
sentence-transformers/paraphrase-multilingual-mpnet-base-v2,ru,20,MT_vs_TM,0.8897417783737183,0.5776323080062866,0.6745824217796326,0.32541757822036743
sentence-transformers/paraphrase-multilingual-mpnet-base-v2,ru,21,NQ_vs_QN,0.8203600645065308,0.9235633611679077,0.6638226509094238,0.33617734909057617
sentence-transformers/paraphrase-multilingual-mpnet-base-v2,ru,21,NM_vs_MN,0.3321591317653656,0.3116859197616577,0.9480494260787964,0.05195057392120361
sentence-transformers/paraphrase-multilingual-mpnet-base-v2,ru,21,NT_vs_TN,1.157815933227539,1.2376056909561157,0.3310299515724182,0.6689700484275818
sentence-transformers/paraphrase-multilingual-mpnet-base-v2,ru,21,QM_vs_MQ,1.0157408714294434,1.1121923923492432,0.4901045560836792,0.5098954439163208
sentence-transformers/paraphrase-multilingual-mpnet-base-v2,ru,21,QT_vs_TQ,0.8055831789970398,0.910592794418335,0.6767731308937073,0.3232268691062927
sentence-transformers/paraphrase-multilingual-mpnet-base-v2,ru,21,MT_vs_TM,0.3857736885547638,0.3199700713157654,0.9340532422065735,0.06594675779342651
sentence-transformers/paraphrase-multilingual-mpnet-base-v2,ru,22,NQ_vs_QN,1.0388684272766113,1.4615288972854614,0.49193689227104187,0.5080631077289581
sentence-transformers/paraphrase-multilingual-mpnet-base-v2,ru,22,NM_vs_MN,0.36460819840431213,0.49287277460098267,0.9409463405609131,0.059053659439086914
sentence-transformers/paraphrase-multilingual-mpnet-base-v2,ru,22,NT_vs_TN,1.2377848625183105,1.3014756441116333,0.3244841992855072,0.6755158007144928
sentence-transformers/paraphrase-multilingual-mpnet-base-v2,ru,22,QM_vs_MQ,0.8446905016899109,0.8366556167602539,0.6438056826591492,0.35619431734085083
sentence-transformers/paraphrase-multilingual-mpnet-base-v2,ru,22,QT_vs_TQ,0.6268731951713562,0.7124669551849365,0.8240721225738525,0.17592787742614746
sentence-transformers/paraphrase-multilingual-mpnet-base-v2,ru,22,MT_vs_TM,0.4417814314365387,0.3867529332637787,0.9028706550598145,0.09712934494018555
sentence-transformers/paraphrase-multilingual-mpnet-base-v2,ru,23,NQ_vs_QN,1.3696129322052002,1.5148794651031494,0.09280605614185333,0.9071939438581467
sentence-transformers/paraphrase-multilingual-mpnet-base-v2,ru,23,NM_vs_MN,0.8918881416320801,0.6536310315132141,0.6047927737236023,0.3952072262763977
sentence-transformers/paraphrase-multilingual-mpnet-base-v2,ru,23,NT_vs_TN,1.052338719367981,1.0114002227783203,0.6664084792137146,0.3335915207862854
sentence-transformers/paraphrase-multilingual-mpnet-base-v2,ru,23,QM_vs_MQ,1.1239780187606812,0.9502257108688354,0.369149774312973,0.630850225687027
sentence-transformers/paraphrase-multilingual-mpnet-base-v2,ru,23,QT_vs_TQ,0.9164546132087708,0.9053664207458496,0.5803495645523071,0.41965043544769287
sentence-transformers/paraphrase-multilingual-mpnet-base-v2,ru,23,MT_vs_TM,0.4427606165409088,0.3530411124229431,0.9150299429893494,0.08497005701065063
sentence-transformers/paraphrase-multilingual-mpnet-base-v2,ru,24,NQ_vs_QN,1.369954228401184,1.5730797052383423,0.10721823573112488,0.8927817642688751
sentence-transformers/paraphrase-multilingual-mpnet-base-v2,ru,24,NM_vs_MN,0.15413756668567657,0.22180268168449402,0.9881985187530518,0.011801481246948242
sentence-transformers/paraphrase-multilingual-mpnet-base-v2,ru,24,NT_vs_TN,1.2690683603286743,1.3984761238098145,0.20994971692562103,0.790050283074379
sentence-transformers/paraphrase-multilingual-mpnet-base-v2,ru,24,QM_vs_MQ,1.1064419746398926,0.98155277967453,0.4165499806404114,0.5834500193595886
sentence-transformers/paraphrase-multilingual-mpnet-base-v2,ru,24,QT_vs_TQ,0.7981931567192078,0.834499180316925,0.7211893796920776,0.27881062030792236
sentence-transformers/paraphrase-multilingual-mpnet-base-v2,ru,24,MT_vs_TM,0.6267248392105103,0.3783021867275238,0.8131513595581055,0.18684864044189453
sentence-transformers/paraphrase-multilingual-mpnet-base-v2,ru,25,NQ_vs_QN,0.8769674301147461,1.0172382593154907,0.6155073642730713,0.3844926357269287
sentence-transformers/paraphrase-multilingual-mpnet-base-v2,ru,25,NM_vs_MN,0.14216811954975128,0.2014700323343277,0.9899158477783203,0.010084152221679688
sentence-transformers/paraphrase-multilingual-mpnet-base-v2,ru,25,NT_vs_TN,1.5012598037719727,1.328181505203247,0.03926711529493332,0.9607328847050667
sentence-transformers/paraphrase-multilingual-mpnet-base-v2,ru,25,QM_vs_MQ,0.7751917839050293,0.8008361458778381,0.7367424964904785,0.2632575035095215
sentence-transformers/paraphrase-multilingual-mpnet-base-v2,ru,25,QT_vs_TQ,0.6519575119018555,0.7363954186439514,0.7914458513259888,0.20855414867401123
sentence-transformers/paraphrase-multilingual-mpnet-base-v2,ru,25,MT_vs_TM,0.21719327569007874,0.16800479590892792,0.9800215363502502,0.019978463649749756
sentence-transformers/paraphrase-multilingual-mpnet-base-v2,ru,26,NQ_vs_QN,0.9064168930053711,1.1311063766479492,0.5938773155212402,0.40612268447875977
sentence-transformers/paraphrase-multilingual-mpnet-base-v2,ru,26,NM_vs_MN,0.3843015730381012,0.4650135934352875,0.9310421943664551,0.06895780563354492
sentence-transformers/paraphrase-multilingual-mpnet-base-v2,ru,26,NT_vs_TN,0.9268510341644287,1.126625657081604,0.6299608945846558,0.37003910541534424
sentence-transformers/paraphrase-multilingual-mpnet-base-v2,ru,26,QM_vs_MQ,0.9458884000778198,1.0973879098892212,0.5868823528289795,0.4131176471710205
sentence-transformers/paraphrase-multilingual-mpnet-base-v2,ru,26,QT_vs_TQ,0.7636716961860657,0.9990901947021484,0.7209422588348389,0.27905774116516113
sentence-transformers/paraphrase-multilingual-mpnet-base-v2,ru,26,MT_vs_TM,0.3591911494731903,0.35375213623046875,0.9418432116508484,0.05815678834915161
sentence-transformers/paraphrase-multilingual-mpnet-base-v2,ru,27,NQ_vs_QN,1.1112630367279053,1.8568930625915527,0.42275092005729675,0.5772490799427032
sentence-transformers/paraphrase-multilingual-mpnet-base-v2,ru,27,NM_vs_MN,0.745899498462677,0.7239761352539062,0.8310386538505554,0.16896134614944458
sentence-transformers/paraphrase-multilingual-mpnet-base-v2,ru,27,NT_vs_TN,1.145923137664795,1.527485966682434,0.5864138603210449,0.4135861396789551
sentence-transformers/paraphrase-multilingual-mpnet-base-v2,ru,27,QM_vs_MQ,0.6557253003120422,0.7614390850067139,0.7874425649642944,0.21255743503570557
sentence-transformers/paraphrase-multilingual-mpnet-base-v2,ru,27,QT_vs_TQ,0.5587781667709351,0.7823523283004761,0.8530874252319336,0.1469125747680664
sentence-transformers/paraphrase-multilingual-mpnet-base-v2,ru,27,MT_vs_TM,0.5564463138580322,0.6485435962677002,0.880483090877533,0.11951690912246704
sentence-transformers/paraphrase-multilingual-mpnet-base-v2,ru,28,NQ_vs_QN,1.0326426029205322,1.3870553970336914,0.4764162302017212,0.5235837697982788
sentence-transformers/paraphrase-multilingual-mpnet-base-v2,ru,28,NM_vs_MN,0.5401668548583984,0.36162877082824707,0.8838860392570496,0.11611396074295044
sentence-transformers/paraphrase-multilingual-mpnet-base-v2,ru,28,NT_vs_TN,1.4227122068405151,1.6136305332183838,0.24265244603157043,0.7573475539684296
sentence-transformers/paraphrase-multilingual-mpnet-base-v2,ru,28,QM_vs_MQ,0.8622121214866638,0.9520443677902222,0.6547309160232544,0.3452690839767456
sentence-transformers/paraphrase-multilingual-mpnet-base-v2,ru,28,QT_vs_TQ,0.7166233658790588,0.8770962357521057,0.7489048838615417,0.25109511613845825
sentence-transformers/paraphrase-multilingual-mpnet-base-v2,ru,28,MT_vs_TM,0.29214704036712646,0.23475544154644012,0.9584639072418213,0.04153609275817871
sentence-transformers/paraphrase-multilingual-mpnet-base-v2,ru,29,NQ_vs_QN,1.0973814725875854,1.1865795850753784,0.404354065656662,0.595645934343338
sentence-transformers/paraphrase-multilingual-mpnet-base-v2,ru,29,NM_vs_MN,0.24440234899520874,0.24366316199302673,0.9842743873596191,0.01572561264038086
sentence-transformers/paraphrase-multilingual-mpnet-base-v2,ru,29,NT_vs_TN,0.9574223160743713,1.125518798828125,0.5540289878845215,0.4459710121154785
sentence-transformers/paraphrase-multilingual-mpnet-base-v2,ru,29,QM_vs_MQ,0.929271399974823,0.9331811666488647,0.5842546224594116,0.4157453775405884
sentence-transformers/paraphrase-multilingual-mpnet-base-v2,ru,29,QT_vs_TQ,0.7665053009986877,0.8470795750617981,0.7112947106361389,0.2887052893638611
sentence-transformers/paraphrase-multilingual-mpnet-base-v2,ru,29,MT_vs_TM,0.14868412911891937,0.14309446513652802,0.9889919757843018,0.011008024215698242
sentence-transformers/paraphrase-multilingual-mpnet-base-v2,ru,30,NQ_vs_QN,1.0875227451324463,1.2625476121902466,0.41160503029823303,0.588394969701767
sentence-transformers/paraphrase-multilingual-mpnet-base-v2,ru,30,NM_vs_MN,0.3033824861049652,0.3552757799625397,0.9562286138534546,0.04377138614654541
sentence-transformers/paraphrase-multilingual-mpnet-base-v2,ru,30,NT_vs_TN,1.1229126453399658,1.1863216161727905,0.39379554986953735,0.6062044501304626
sentence-transformers/paraphrase-multilingual-mpnet-base-v2,ru,30,QM_vs_MQ,1.007371425628662,0.9397999048233032,0.559914231300354,0.440085768699646
sentence-transformers/paraphrase-multilingual-mpnet-base-v2,ru,30,QT_vs_TQ,0.7051828503608704,0.8199096918106079,0.7707505226135254,0.2292494773864746
sentence-transformers/paraphrase-multilingual-mpnet-base-v2,ru,30,MT_vs_TM,0.509404718875885,0.37280210852622986,0.8771341443061829,0.12286585569381714
sentence-transformers/paraphrase-multilingual-mpnet-base-v2,ru,31,NQ_vs_QN,1.2635060548782349,1.6506199836730957,0.2409096658229828,0.7590903341770172
sentence-transformers/paraphrase-multilingual-mpnet-base-v2,ru,31,NM_vs_MN,0.2760961651802063,0.30481192469596863,0.9624215364456177,0.037578463554382324
sentence-transformers/paraphrase-multilingual-mpnet-base-v2,ru,31,NT_vs_TN,1.2075107097625732,1.076814889907837,0.595032811164856,0.40496718883514404
sentence-transformers/paraphrase-multilingual-mpnet-base-v2,ru,31,QM_vs_MQ,0.7491776347160339,0.7921864986419678,0.7371946573257446,0.26280534267425537
sentence-transformers/paraphrase-multilingual-mpnet-base-v2,ru,31,QT_vs_TQ,0.7988825440406799,0.8953666090965271,0.7025114297866821,0.29748857021331787
sentence-transformers/paraphrase-multilingual-mpnet-base-v2,ru,31,MT_vs_TM,0.39274460077285767,0.35707902908325195,0.9275705814361572,0.07242941856384277
sentence-transformers/paraphrase-multilingual-mpnet-base-v2,ru,32,NQ_vs_QN,1.2553609609603882,1.504712462425232,0.24298131465911865,0.7570186853408813
sentence-transformers/paraphrase-multilingual-mpnet-base-v2,ru,32,NM_vs_MN,0.29159554839134216,0.3389306962490082,0.9679096341133118,0.03209036588668823
sentence-transformers/paraphrase-multilingual-mpnet-base-v2,ru,32,NT_vs_TN,1.099593162536621,1.4201319217681885,0.3993479609489441,0.6006520390510559
sentence-transformers/paraphrase-multilingual-mpnet-base-v2,ru,32,QM_vs_MQ,0.8803246021270752,0.8946202397346497,0.6403180956840515,0.3596819043159485
sentence-transformers/paraphrase-multilingual-mpnet-base-v2,ru,32,QT_vs_TQ,0.6735984086990356,0.7579030990600586,0.7782363891601562,0.22176361083984375
sentence-transformers/paraphrase-multilingual-mpnet-base-v2,ru,32,MT_vs_TM,0.41511282324790955,0.361069917678833,0.9549080729484558,0.04509192705154419
sentence-transformers/paraphrase-multilingual-mpnet-base-v2,ru,33,NQ_vs_QN,0.9146915674209595,1.0368692874908447,0.5816879868507385,0.4183120131492615
sentence-transformers/paraphrase-multilingual-mpnet-base-v2,ru,33,NM_vs_MN,0.3211563527584076,0.29794490337371826,0.9580469727516174,0.04195302724838257
sentence-transformers/paraphrase-multilingual-mpnet-base-v2,ru,33,NT_vs_TN,1.2825571298599243,1.409254550933838,0.1992117464542389,0.8007882535457611
sentence-transformers/paraphrase-multilingual-mpnet-base-v2,ru,33,QM_vs_MQ,1.0866942405700684,1.2342897653579712,0.421962708234787,0.578037291765213
sentence-transformers/paraphrase-multilingual-mpnet-base-v2,ru,33,QT_vs_TQ,0.7924198508262634,0.8832811713218689,0.6878824234008789,0.3121175765991211
sentence-transformers/paraphrase-multilingual-mpnet-base-v2,ru,33,MT_vs_TM,0.5137284398078918,0.3752809762954712,0.8682001829147339,0.1317998170852661
sentence-transformers/paraphrase-multilingual-mpnet-base-v2,ru,34,NQ_vs_QN,1.2353401184082031,1.534722924232483,0.2825671434402466,0.7174328565597534
sentence-transformers/paraphrase-multilingual-mpnet-base-v2,ru,34,NM_vs_MN,0.8688670992851257,0.6227236986160278,0.6330066919326782,0.3669933080673218
sentence-transformers/paraphrase-multilingual-mpnet-base-v2,ru,34,NT_vs_TN,1.2092591524124146,1.12128484249115,0.532127857208252,0.46787214279174805
sentence-transformers/paraphrase-multilingual-mpnet-base-v2,ru,34,QM_vs_MQ,0.8088340759277344,0.7681569457054138,0.6852094531059265,0.3147905468940735
sentence-transformers/paraphrase-multilingual-mpnet-base-v2,ru,34,QT_vs_TQ,0.8850250244140625,0.8896453380584717,0.6168268322944641,0.3831731677055359
sentence-transformers/paraphrase-multilingual-mpnet-base-v2,ru,34,MT_vs_TM,0.28693485260009766,0.2362302988767624,0.9593878984451294,0.040612101554870605
sentence-transformers/paraphrase-multilingual-mpnet-base-v2,ru,35,NQ_vs_QN,0.7378027439117432,0.93919438123703,0.733944296836853,0.266055703163147
sentence-transformers/paraphrase-multilingual-mpnet-base-v2,ru,35,NM_vs_MN,0.265036404132843,0.32124727964401245,0.9654281139373779,0.03457188606262207
sentence-transformers/paraphrase-multilingual-mpnet-base-v2,ru,35,NT_vs_TN,1.3819622993469238,1.233069896697998,0.18876433372497559,0.8112356662750244
sentence-transformers/paraphrase-multilingual-mpnet-base-v2,ru,35,QM_vs_MQ,0.6894468665122986,0.8311207294464111,0.784666895866394,0.21533310413360596
sentence-transformers/paraphrase-multilingual-mpnet-base-v2,ru,35,QT_vs_TQ,0.6159470081329346,0.7795947790145874,0.8106304407119751,0.1893695592880249
sentence-transformers/paraphrase-multilingual-mpnet-base-v2,ru,35,MT_vs_TM,0.5376859903335571,0.5260699391365051,0.8593295216560364,0.14067047834396362
sentence-transformers/paraphrase-multilingual-mpnet-base-v2,ru,36,NQ_vs_QN,0.7273620963096619,0.9853911399841309,0.7355135679244995,0.2644864320755005
sentence-transformers/paraphrase-multilingual-mpnet-base-v2,ru,36,NM_vs_MN,0.3903891444206238,0.4934358298778534,0.9266166090965271,0.0733833909034729
sentence-transformers/paraphrase-multilingual-mpnet-base-v2,ru,36,NT_vs_TN,1.2308807373046875,1.1306613683700562,0.3789641261100769,0.6210358738899231
sentence-transformers/paraphrase-multilingual-mpnet-base-v2,ru,36,QM_vs_MQ,0.6993375420570374,0.8731766939163208,0.7862348556518555,0.21376514434814453
sentence-transformers/paraphrase-multilingual-mpnet-base-v2,ru,36,QT_vs_TQ,0.6742711067199707,0.886764645576477,0.785742998123169,0.21425700187683105
sentence-transformers/paraphrase-multilingual-mpnet-base-v2,ru,36,MT_vs_TM,0.7608156204223633,0.5025565028190613,0.7155165672302246,0.2844834327697754
sentence-transformers/paraphrase-multilingual-mpnet-base-v2,ru,37,NQ_vs_QN,0.9720019698143005,0.7997879385948181,0.5277187824249268,0.47228121757507324
sentence-transformers/paraphrase-multilingual-mpnet-base-v2,ru,37,NM_vs_MN,0.6670747399330139,0.34868669509887695,0.7775468826293945,0.22245311737060547
sentence-transformers/paraphrase-multilingual-mpnet-base-v2,ru,37,NT_vs_TN,1.6059141159057617,1.5878831148147583,-0.0449083149433136,1.0449083149433136
sentence-transformers/paraphrase-multilingual-mpnet-base-v2,ru,37,QM_vs_MQ,1.4371601343154907,1.3503049612045288,-0.02842765301465988,1.0284276530146599
sentence-transformers/paraphrase-multilingual-mpnet-base-v2,ru,37,QT_vs_TQ,0.7360584139823914,0.6603288650512695,0.7291845679283142,0.2708154320716858
sentence-transformers/paraphrase-multilingual-mpnet-base-v2,ru,37,MT_vs_TM,0.8078871965408325,0.4602088928222656,0.6812706589698792,0.31872934103012085
sentence-transformers/paraphrase-multilingual-mpnet-base-v2,ru,38,NQ_vs_QN,0.9457009434700012,0.9270228147506714,0.5528650879859924,0.44713491201400757
sentence-transformers/paraphrase-multilingual-mpnet-base-v2,ru,38,NM_vs_MN,0.35876503586769104,0.33813735842704773,0.9716497659683228,0.028350234031677246
sentence-transformers/paraphrase-multilingual-mpnet-base-v2,ru,38,NT_vs_TN,1.360154390335083,1.3288122415542603,0.07670705020427704,0.923292949795723
sentence-transformers/paraphrase-multilingual-mpnet-base-v2,ru,38,QM_vs_MQ,1.0295426845550537,1.0047346353530884,0.47801050543785095,0.521989494562149
sentence-transformers/paraphrase-multilingual-mpnet-base-v2,ru,38,QT_vs_TQ,0.7949740290641785,0.7712050080299377,0.6840481758117676,0.3159518241882324
sentence-transformers/paraphrase-multilingual-mpnet-base-v2,ru,38,MT_vs_TM,0.5664218664169312,0.3825100362300873,0.8399760127067566,0.1600239872932434
sentence-transformers/paraphrase-multilingual-mpnet-base-v2,ru,39,NQ_vs_QN,1.1750198602676392,1.4582009315490723,0.3971278667449951,0.6028721332550049
sentence-transformers/paraphrase-multilingual-mpnet-base-v2,ru,39,NM_vs_MN,0.28551068902015686,0.42865946888923645,0.967587411403656,0.032412588596343994
sentence-transformers/paraphrase-multilingual-mpnet-base-v2,ru,39,NT_vs_TN,1.0661197900772095,0.9669443964958191,0.7008254528045654,0.29917454719543457
sentence-transformers/paraphrase-multilingual-mpnet-base-v2,ru,39,QM_vs_MQ,0.8622972369194031,0.7985419034957886,0.6368014216423035,0.36319857835769653
sentence-transformers/paraphrase-multilingual-mpnet-base-v2,ru,39,QT_vs_TQ,0.6051337122917175,0.6476341485977173,0.8179365992546082,0.18206340074539185
sentence-transformers/paraphrase-multilingual-mpnet-base-v2,ru,39,MT_vs_TM,0.8432092666625977,0.4866347908973694,0.6750894784927368,0.3249105215072632
sentence-transformers/paraphrase-multilingual-mpnet-base-v2,ru,40,NQ_vs_QN,1.0459141731262207,1.2147637605667114,0.4722678065299988,0.5277321934700012
sentence-transformers/paraphrase-multilingual-mpnet-base-v2,ru,40,NM_vs_MN,0.4547926187515259,0.45965704321861267,0.8966163992881775,0.10338360071182251
sentence-transformers/paraphrase-multilingual-mpnet-base-v2,ru,40,NT_vs_TN,1.120522141456604,1.4816275835037231,0.39301830530166626,0.6069816946983337
sentence-transformers/paraphrase-multilingual-mpnet-base-v2,ru,40,QM_vs_MQ,0.9735215306282043,0.9787710905075073,0.5429744124412537,0.45702558755874634
sentence-transformers/paraphrase-multilingual-mpnet-base-v2,ru,40,QT_vs_TQ,0.7534458637237549,0.8134350776672363,0.7258965969085693,0.27410340309143066
sentence-transformers/paraphrase-multilingual-mpnet-base-v2,ru,40,MT_vs_TM,0.5023922920227051,0.5579699277877808,0.8808690309524536,0.11913096904754639
sentence-transformers/paraphrase-multilingual-mpnet-base-v2,ru,41,NQ_vs_QN,0.7311966419219971,1.0360124111175537,0.7362667918205261,0.2637332081794739
sentence-transformers/paraphrase-multilingual-mpnet-base-v2,ru,41,NM_vs_MN,0.542209804058075,0.7092103362083435,0.8636303544044495,0.13636964559555054
sentence-transformers/paraphrase-multilingual-mpnet-base-v2,ru,41,NT_vs_TN,0.6225526332855225,0.9310840964317322,0.815301775932312,0.184698224067688
sentence-transformers/paraphrase-multilingual-mpnet-base-v2,ru,41,QM_vs_MQ,0.5127633213996887,0.812101423740387,0.8756686449050903,0.12433135509490967
sentence-transformers/paraphrase-multilingual-mpnet-base-v2,ru,41,QT_vs_TQ,0.6362597346305847,0.8537400960922241,0.7976659536361694,0.20233404636383057
sentence-transformers/paraphrase-multilingual-mpnet-base-v2,ru,41,MT_vs_TM,0.6054623126983643,0.8783317804336548,0.8168892860412598,0.18311071395874023
sentence-transformers/paraphrase-multilingual-mpnet-base-v2,ru,42,NQ_vs_QN,1.330977439880371,1.2627347707748413,0.11713244020938873,0.8828675597906113
sentence-transformers/paraphrase-multilingual-mpnet-base-v2,ru,42,NM_vs_MN,0.7437806725502014,0.3799613416194916,0.806577742099762,0.19342225790023804
sentence-transformers/paraphrase-multilingual-mpnet-base-v2,ru,42,NT_vs_TN,1.395687222480774,1.3754642009735107,0.02763465791940689,0.9723653420805931
sentence-transformers/paraphrase-multilingual-mpnet-base-v2,ru,42,QM_vs_MQ,1.3334667682647705,1.051884651184082,0.13888250291347504,0.861117497086525
sentence-transformers/paraphrase-multilingual-mpnet-base-v2,ru,42,QT_vs_TQ,0.9318374395370483,0.8242698907852173,0.5658568739891052,0.4341431260108948
sentence-transformers/paraphrase-multilingual-mpnet-base-v2,ru,42,MT_vs_TM,0.3627164661884308,0.1997997909784317,0.9389602541923523,0.061039745807647705
sentence-transformers/paraphrase-multilingual-mpnet-base-v2,ru,43,NQ_vs_QN,1.177147626876831,1.4045168161392212,0.307228147983551,0.692771852016449
sentence-transformers/paraphrase-multilingual-mpnet-base-v2,ru,43,NM_vs_MN,1.2590782642364502,1.2082089185714722,0.26506921648979187,0.7349307835102081
sentence-transformers/paraphrase-multilingual-mpnet-base-v2,ru,43,NT_vs_TN,1.025259256362915,0.9564838409423828,0.5139660239219666,0.48603397607803345
sentence-transformers/paraphrase-multilingual-mpnet-base-v2,ru,43,QM_vs_MQ,1.1140024662017822,1.1892930269241333,0.512502133846283,0.48749786615371704
sentence-transformers/paraphrase-multilingual-mpnet-base-v2,ru,43,QT_vs_TQ,0.7070690393447876,0.8907738327980042,0.7945303916931152,0.20546960830688477
sentence-transformers/paraphrase-multilingual-mpnet-base-v2,ru,43,MT_vs_TM,0.4332050085067749,0.31377965211868286,0.907859206199646,0.092140793800354
sentence-transformers/paraphrase-multilingual-mpnet-base-v2,ru,44,NQ_vs_QN,1.098765254020691,1.1623674631118774,0.41023239493370056,0.5897676050662994
sentence-transformers/paraphrase-multilingual-mpnet-base-v2,ru,44,NM_vs_MN,0.2730015814304352,0.3492957055568695,0.9630616903305054,0.03693830966949463
sentence-transformers/paraphrase-multilingual-mpnet-base-v2,ru,44,NT_vs_TN,1.466749906539917,1.3002381324768066,-0.07323812693357468,1.0732381269335747
sentence-transformers/paraphrase-multilingual-mpnet-base-v2,ru,44,QM_vs_MQ,0.8939854502677917,0.7591656446456909,0.6401584148406982,0.35984158515930176
sentence-transformers/paraphrase-multilingual-mpnet-base-v2,ru,44,QT_vs_TQ,0.7592108249664307,0.845204770565033,0.7804011702537537,0.21959882974624634
sentence-transformers/paraphrase-multilingual-mpnet-base-v2,ru,44,MT_vs_TM,0.32694223523139954,0.19415481388568878,0.9479287266731262,0.05207127332687378
sentence-transformers/paraphrase-multilingual-mpnet-base-v2,ru,45,NQ_vs_QN,1.2106095552444458,0.945526659488678,0.26746952533721924,0.7325304746627808
sentence-transformers/paraphrase-multilingual-mpnet-base-v2,ru,45,NM_vs_MN,0.46956104040145874,0.23169173300266266,0.8905786275863647,0.10942137241363525
sentence-transformers/paraphrase-multilingual-mpnet-base-v2,ru,45,NT_vs_TN,1.4509104490280151,1.6036275625228882,0.2307416945695877,0.7692583054304123
sentence-transformers/paraphrase-multilingual-mpnet-base-v2,ru,45,QM_vs_MQ,1.2809901237487793,1.253843903541565,0.18944385647773743,0.8105561435222626
sentence-transformers/paraphrase-multilingual-mpnet-base-v2,ru,45,QT_vs_TQ,0.7312301993370056,0.6210750341415405,0.7509896755218506,0.24901032447814941
sentence-transformers/paraphrase-multilingual-mpnet-base-v2,ru,45,MT_vs_TM,0.24638347327709198,0.24952082335948944,0.9754433035850525,0.02455669641494751
sentence-transformers/paraphrase-multilingual-mpnet-base-v2,ru,46,NQ_vs_QN,1.3251813650131226,1.4010628461837769,0.13939625024795532,0.8606037497520447
sentence-transformers/paraphrase-multilingual-mpnet-base-v2,ru,46,NM_vs_MN,0.6201511025428772,0.7228976488113403,0.8637566566467285,0.13624334335327148
sentence-transformers/paraphrase-multilingual-mpnet-base-v2,ru,46,NT_vs_TN,1.1242058277130127,0.6986537575721741,0.6571325659751892,0.3428674340248108
sentence-transformers/paraphrase-multilingual-mpnet-base-v2,ru,46,QM_vs_MQ,0.7392412424087524,0.7894115447998047,0.7268153429031372,0.2731846570968628
sentence-transformers/paraphrase-multilingual-mpnet-base-v2,ru,46,QT_vs_TQ,0.7354731559753418,0.7361820936203003,0.742358386516571,0.25764161348342896
sentence-transformers/paraphrase-multilingual-mpnet-base-v2,ru,46,MT_vs_TM,0.5744720101356506,0.5443165898323059,0.835693359375,0.164306640625
sentence-transformers/paraphrase-multilingual-mpnet-base-v2,ru,47,NQ_vs_QN,1.3223179578781128,1.6320552825927734,0.19468677043914795,0.805313229560852
sentence-transformers/paraphrase-multilingual-mpnet-base-v2,ru,47,NM_vs_MN,0.2598401606082916,0.38100987672805786,0.9750803112983704,0.02491968870162964
sentence-transformers/paraphrase-multilingual-mpnet-base-v2,ru,47,NT_vs_TN,1.2476714849472046,1.452675700187683,0.23675933480262756,0.7632406651973724
sentence-transformers/paraphrase-multilingual-mpnet-base-v2,ru,47,QM_vs_MQ,1.192345142364502,1.0101391077041626,0.31564852595329285,0.6843514740467072
sentence-transformers/paraphrase-multilingual-mpnet-base-v2,ru,47,QT_vs_TQ,0.9508481025695801,1.0110217332839966,0.560833752155304,0.43916624784469604
sentence-transformers/paraphrase-multilingual-mpnet-base-v2,ru,47,MT_vs_TM,0.3703228533267975,0.2213181108236313,0.931445837020874,0.06855416297912598
sentence-transformers/paraphrase-multilingual-mpnet-base-v2,zh,0,NQ_vs_QN,0.47841402888298035,0.8047534823417664,0.8889005780220032,0.11109942197799683
sentence-transformers/paraphrase-multilingual-mpnet-base-v2,zh,0,NM_vs_MN,0.0,0.0,0.9999998807907104,1.1920928955078125e-07
sentence-transformers/paraphrase-multilingual-mpnet-base-v2,zh,0,NT_vs_TN,0.28341028094291687,0.7567365169525146,0.9616147875785828,0.038385212421417236
sentence-transformers/paraphrase-multilingual-mpnet-base-v2,zh,0,QM_vs_MQ,0.391745388507843,0.5722751021385193,0.9276010394096375,0.07239896059036255
sentence-transformers/paraphrase-multilingual-mpnet-base-v2,zh,0,QT_vs_TQ,0.6183105707168579,0.9173253774642944,0.8088620901107788,0.1911379098892212
sentence-transformers/paraphrase-multilingual-mpnet-base-v2,zh,0,MT_vs_TM,0.0,0.0,1.0,0.0
sentence-transformers/paraphrase-multilingual-mpnet-base-v2,zh,1,NQ_vs_QN,0.5536406636238098,0.8504622578620911,0.847758412361145,0.15224158763885498
sentence-transformers/paraphrase-multilingual-mpnet-base-v2,zh,1,NM_vs_MN,0.0,0.0,1.000000238418579,-2.384185791015625e-07
sentence-transformers/paraphrase-multilingual-mpnet-base-v2,zh,1,NT_vs_TN,0.26794517040252686,0.704190731048584,0.9642815589904785,0.035718441009521484
sentence-transformers/paraphrase-multilingual-mpnet-base-v2,zh,1,QM_vs_MQ,0.398012638092041,0.5864552855491638,0.9250737428665161,0.07492625713348389
sentence-transformers/paraphrase-multilingual-mpnet-base-v2,zh,1,QT_vs_TQ,0.4252645671367645,0.642889678478241,0.9122885465621948,0.08771145343780518
sentence-transformers/paraphrase-multilingual-mpnet-base-v2,zh,1,MT_vs_TM,0.0,0.0,1.0,0.0
sentence-transformers/paraphrase-multilingual-mpnet-base-v2,zh,2,NQ_vs_QN,0.5769702792167664,0.8134939074516296,0.8354740142822266,0.16452598571777344
sentence-transformers/paraphrase-multilingual-mpnet-base-v2,zh,2,NM_vs_MN,0.0,0.0,1.0,0.0
sentence-transformers/paraphrase-multilingual-mpnet-base-v2,zh,2,NT_vs_TN,0.26528576016426086,0.6508383750915527,0.9650146961212158,0.03498530387878418
sentence-transformers/paraphrase-multilingual-mpnet-base-v2,zh,2,QM_vs_MQ,0.5005964636802673,0.6225374937057495,0.8753389120101929,0.12466108798980713
sentence-transformers/paraphrase-multilingual-mpnet-base-v2,zh,2,QT_vs_TQ,0.466795951128006,0.6222654581069946,0.8952000737190247,0.10479992628097534
sentence-transformers/paraphrase-multilingual-mpnet-base-v2,zh,2,MT_vs_TM,0.0,0.0,1.0,0.0
sentence-transformers/paraphrase-multilingual-mpnet-base-v2,zh,3,NQ_vs_QN,0.5948850512504578,0.9617246389389038,0.8233894109725952,0.17661058902740479
sentence-transformers/paraphrase-multilingual-mpnet-base-v2,zh,3,NM_vs_MN,0.0,0.0,0.9999998211860657,1.7881393432617188e-07
sentence-transformers/paraphrase-multilingual-mpnet-base-v2,zh,3,NT_vs_TN,0.33787742257118225,0.8344132900238037,0.9430500864982605,0.0569499135017395
sentence-transformers/paraphrase-multilingual-mpnet-base-v2,zh,3,QM_vs_MQ,0.43196865916252136,0.6314868927001953,0.9088254570960999,0.09117454290390015
sentence-transformers/paraphrase-multilingual-mpnet-base-v2,zh,3,QT_vs_TQ,0.6027151942253113,0.9316249489784241,0.8236356377601624,0.17636436223983765
sentence-transformers/paraphrase-multilingual-mpnet-base-v2,zh,3,MT_vs_TM,0.0,0.0,1.0,0.0
sentence-transformers/paraphrase-multilingual-mpnet-base-v2,zh,4,NQ_vs_QN,0.46472448110580444,0.9476374983787537,0.8945822715759277,0.10541772842407227
sentence-transformers/paraphrase-multilingual-mpnet-base-v2,zh,4,NM_vs_MN,0.0,0.0,0.9999997019767761,2.980232238769531e-07
sentence-transformers/paraphrase-multilingual-mpnet-base-v2,zh,4,NT_vs_TN,0.1638125330209732,0.49281585216522217,0.9865903854370117,0.013409614562988281
sentence-transformers/paraphrase-multilingual-mpnet-base-v2,zh,4,QM_vs_MQ,0.4846615493297577,0.6744672060012817,0.8853005170822144,0.11469948291778564
sentence-transformers/paraphrase-multilingual-mpnet-base-v2,zh,4,QT_vs_TQ,0.6135197281837463,1.0059738159179688,0.8119471669197083,0.18805283308029175
sentence-transformers/paraphrase-multilingual-mpnet-base-v2,zh,4,MT_vs_TM,0.0,0.0,1.0,0.0
sentence-transformers/paraphrase-multilingual-mpnet-base-v2,zh,5,NQ_vs_QN,0.5482536554336548,1.0511525869369507,0.8501632809638977,0.1498367190361023
sentence-transformers/paraphrase-multilingual-mpnet-base-v2,zh,5,NM_vs_MN,0.0,0.0,1.0,0.0
sentence-transformers/paraphrase-multilingual-mpnet-base-v2,zh,5,NT_vs_TN,0.20807023346424103,0.5629558563232422,0.9787130951881409,0.02128690481185913
sentence-transformers/paraphrase-multilingual-mpnet-base-v2,zh,5,QM_vs_MQ,0.372650682926178,0.6092648506164551,0.9383339881896973,0.061666011810302734
sentence-transformers/paraphrase-multilingual-mpnet-base-v2,zh,5,QT_vs_TQ,0.5393096208572388,0.8606441020965576,0.8563181161880493,0.14368188381195068
sentence-transformers/paraphrase-multilingual-mpnet-base-v2,zh,5,MT_vs_TM,0.0,0.0,0.9999999403953552,5.960464477539063e-08
sentence-transformers/paraphrase-multilingual-mpnet-base-v2,zh,6,NQ_vs_QN,0.591176450252533,0.8906833529472351,0.8260226249694824,0.17397737503051758
sentence-transformers/paraphrase-multilingual-mpnet-base-v2,zh,6,NM_vs_MN,0.0,0.0,1.0,0.0
sentence-transformers/paraphrase-multilingual-mpnet-base-v2,zh,6,NT_vs_TN,0.3420022130012512,0.7208724021911621,0.9415522813796997,0.05844771862030029
sentence-transformers/paraphrase-multilingual-mpnet-base-v2,zh,6,QM_vs_MQ,0.5489699840545654,0.7252556085586548,0.8561728596687317,0.1438271403312683
sentence-transformers/paraphrase-multilingual-mpnet-base-v2,zh,6,QT_vs_TQ,0.7906852960586548,0.9981955289840698,0.6887551546096802,0.3112448453903198
sentence-transformers/paraphrase-multilingual-mpnet-base-v2,zh,6,MT_vs_TM,0.0,0.0,1.0000001192092896,-1.1920928955078125e-07
sentence-transformers/paraphrase-multilingual-mpnet-base-v2,zh,7,NQ_vs_QN,0.40376532077789307,0.6945421099662781,0.918560266494751,0.08143973350524902
sentence-transformers/paraphrase-multilingual-mpnet-base-v2,zh,7,NM_vs_MN,0.0,0.0,1.0000001192092896,-1.1920928955078125e-07
sentence-transformers/paraphrase-multilingual-mpnet-base-v2,zh,7,NT_vs_TN,0.24961332976818085,0.6050131320953369,0.9715292453765869,0.028470754623413086
sentence-transformers/paraphrase-multilingual-mpnet-base-v2,zh,7,QM_vs_MQ,0.36700648069381714,0.5728263854980469,0.9370387196540833,0.06296128034591675
sentence-transformers/paraphrase-multilingual-mpnet-base-v2,zh,7,QT_vs_TQ,0.5203850269317627,0.7842277884483337,0.8660684823989868,0.13393151760101318
sentence-transformers/paraphrase-multilingual-mpnet-base-v2,zh,7,MT_vs_TM,0.0,0.0,1.0,0.0
sentence-transformers/paraphrase-multilingual-mpnet-base-v2,zh,8,NQ_vs_QN,0.4435349106788635,0.6834911704063416,0.9021567106246948,0.09784328937530518
sentence-transformers/paraphrase-multilingual-mpnet-base-v2,zh,8,NM_vs_MN,0.0,0.0,1.0,0.0
sentence-transformers/paraphrase-multilingual-mpnet-base-v2,zh,8,NT_vs_TN,0.2649056017398834,0.6034623980522156,0.9669427871704102,0.033057212829589844
sentence-transformers/paraphrase-multilingual-mpnet-base-v2,zh,8,QM_vs_MQ,0.4813220202922821,0.5885775685310364,0.8846625089645386,0.11533749103546143
sentence-transformers/paraphrase-multilingual-mpnet-base-v2,zh,8,QT_vs_TQ,0.44648477435112,0.6147052645683289,0.9015885591506958,0.0984114408493042
sentence-transformers/paraphrase-multilingual-mpnet-base-v2,zh,8,MT_vs_TM,0.0,0.0,1.0,0.0
sentence-transformers/paraphrase-multilingual-mpnet-base-v2,zh,9,NQ_vs_QN,0.5861654281616211,1.0075448751449585,0.830674409866333,0.169325590133667
sentence-transformers/paraphrase-multilingual-mpnet-base-v2,zh,9,NM_vs_MN,0.0,0.0,0.9999997615814209,2.384185791015625e-07
sentence-transformers/paraphrase-multilingual-mpnet-base-v2,zh,9,NT_vs_TN,0.31210336089134216,0.8283978700637817,0.9517684578895569,0.048231542110443115
sentence-transformers/paraphrase-multilingual-mpnet-base-v2,zh,9,QM_vs_MQ,0.5694588422775269,0.7333123087882996,0.8392081260681152,0.16079187393188477
sentence-transformers/paraphrase-multilingual-mpnet-base-v2,zh,9,QT_vs_TQ,0.8641313314437866,1.2051098346710205,0.6364061236381531,0.3635938763618469
sentence-transformers/paraphrase-multilingual-mpnet-base-v2,zh,9,MT_vs_TM,0.0,0.0,0.9999999403953552,5.960464477539063e-08
sentence-transformers/paraphrase-multilingual-mpnet-base-v2,zh,10,NQ_vs_QN,0.4117620289325714,0.7007278203964233,0.9181342124938965,0.08186578750610352
sentence-transformers/paraphrase-multilingual-mpnet-base-v2,zh,10,NM_vs_MN,0.0,0.0,1.0,0.0
sentence-transformers/paraphrase-multilingual-mpnet-base-v2,zh,10,NT_vs_TN,0.2476872205734253,0.6458732485771179,0.9705818891525269,0.029418110847473145
sentence-transformers/paraphrase-multilingual-mpnet-base-v2,zh,10,QM_vs_MQ,0.3246611952781677,0.47758954763412476,0.9512455463409424,0.04875445365905762
sentence-transformers/paraphrase-multilingual-mpnet-base-v2,zh,10,QT_vs_TQ,0.5372791886329651,0.8050594925880432,0.856117844581604,0.143882155418396
sentence-transformers/paraphrase-multilingual-mpnet-base-v2,zh,10,MT_vs_TM,0.0,0.0,1.0,0.0
sentence-transformers/paraphrase-multilingual-mpnet-base-v2,zh,11,NQ_vs_QN,0.5913776755332947,0.9615013599395752,0.8252829909324646,0.1747170090675354
sentence-transformers/paraphrase-multilingual-mpnet-base-v2,zh,11,NM_vs_MN,0.0,0.0,1.0,0.0
sentence-transformers/paraphrase-multilingual-mpnet-base-v2,zh,11,NT_vs_TN,0.3738580644130707,0.9380864500999451,0.9303417205810547,0.06965827941894531
sentence-transformers/paraphrase-multilingual-mpnet-base-v2,zh,11,QM_vs_MQ,0.4209906756877899,0.6413975358009338,0.9135635495185852,0.0864364504814148
sentence-transformers/paraphrase-multilingual-mpnet-base-v2,zh,11,QT_vs_TQ,0.6781311631202698,1.0162901878356934,0.7800928354263306,0.21990716457366943
sentence-transformers/paraphrase-multilingual-mpnet-base-v2,zh,11,MT_vs_TM,0.0,0.0,0.9999999403953552,5.960464477539063e-08
sentence-transformers/paraphrase-multilingual-mpnet-base-v2,zh,12,NQ_vs_QN,0.5574612617492676,0.980221152305603,0.8470991253852844,0.15290087461471558
sentence-transformers/paraphrase-multilingual-mpnet-base-v2,zh,12,NM_vs_MN,0.0,0.0,0.9999998807907104,1.1920928955078125e-07
sentence-transformers/paraphrase-multilingual-mpnet-base-v2,zh,12,NT_vs_TN,0.28256815671920776,0.7956244945526123,0.960669994354248,0.03933000564575195
sentence-transformers/paraphrase-multilingual-mpnet-base-v2,zh,12,QM_vs_MQ,0.40179967880249023,0.6009752750396729,0.9290553331375122,0.07094466686248779
sentence-transformers/paraphrase-multilingual-mpnet-base-v2,zh,12,QT_vs_TQ,0.44516313076019287,0.667273998260498,0.9019649028778076,0.09803509712219238
sentence-transformers/paraphrase-multilingual-mpnet-base-v2,zh,12,MT_vs_TM,0.0,0.0,1.0,0.0
sentence-transformers/paraphrase-multilingual-mpnet-base-v2,zh,13,NQ_vs_QN,0.6416661143302917,1.0090265274047852,0.7946552038192749,0.2053447961807251
sentence-transformers/paraphrase-multilingual-mpnet-base-v2,zh,13,NM_vs_MN,0.0,0.0,1.000000238418579,-2.384185791015625e-07
sentence-transformers/paraphrase-multilingual-mpnet-base-v2,zh,13,NT_vs_TN,0.35554802417755127,0.8565234541893005,0.9384616613388062,0.06153833866119385
sentence-transformers/paraphrase-multilingual-mpnet-base-v2,zh,13,QM_vs_MQ,0.4903688430786133,0.7352918386459351,0.8926982879638672,0.10730171203613281
sentence-transformers/paraphrase-multilingual-mpnet-base-v2,zh,13,QT_vs_TQ,0.7167311310768127,1.0179508924484253,0.7585546970367432,0.24144530296325684
sentence-transformers/paraphrase-multilingual-mpnet-base-v2,zh,13,MT_vs_TM,0.0,0.0,1.0,0.0
sentence-transformers/paraphrase-multilingual-mpnet-base-v2,zh,14,NQ_vs_QN,0.4481796324253082,0.9074742794036865,0.9000457525253296,0.09995424747467041
sentence-transformers/paraphrase-multilingual-mpnet-base-v2,zh,14,NM_vs_MN,0.0,0.0,1.0000001192092896,-1.1920928955078125e-07
sentence-transformers/paraphrase-multilingual-mpnet-base-v2,zh,14,NT_vs_TN,0.21598882973194122,0.5794722437858582,0.9780162572860718,0.021983742713928223
sentence-transformers/paraphrase-multilingual-mpnet-base-v2,zh,14,QM_vs_MQ,0.44156908988952637,0.7471829652786255,0.9092904925346375,0.09070950746536255
sentence-transformers/paraphrase-multilingual-mpnet-base-v2,zh,14,QT_vs_TQ,0.45653876662254333,0.8149458169937134,0.8975998163223267,0.10240018367767334
sentence-transformers/paraphrase-multilingual-mpnet-base-v2,zh,14,MT_vs_TM,0.0,0.0,1.0,0.0
sentence-transformers/paraphrase-multilingual-mpnet-base-v2,zh,15,NQ_vs_QN,0.537868320941925,0.7711609601974487,0.8573868274688721,0.14261317253112793
sentence-transformers/paraphrase-multilingual-mpnet-base-v2,zh,15,NM_vs_MN,0.0,0.0,1.0,0.0
sentence-transformers/paraphrase-multilingual-mpnet-base-v2,zh,15,NT_vs_TN,0.33255085349082947,0.7395975589752197,0.9450224041938782,0.054977595806121826
sentence-transformers/paraphrase-multilingual-mpnet-base-v2,zh,15,QM_vs_MQ,0.5001115202903748,0.6981160640716553,0.8807398080825806,0.11926019191741943
sentence-transformers/paraphrase-multilingual-mpnet-base-v2,zh,15,QT_vs_TQ,0.5435444116592407,0.75600266456604,0.8546270132064819,0.14537298679351807
sentence-transformers/paraphrase-multilingual-mpnet-base-v2,zh,15,MT_vs_TM,0.0,0.0,1.0000001192092896,-1.1920928955078125e-07
sentence-transformers/paraphrase-multilingual-mpnet-base-v2,zh,16,NQ_vs_QN,0.56902676820755,1.0543793439865112,0.8381747603416443,0.1618252396583557
sentence-transformers/paraphrase-multilingual-mpnet-base-v2,zh,16,NM_vs_MN,0.0,0.0,1.0,0.0
sentence-transformers/paraphrase-multilingual-mpnet-base-v2,zh,16,NT_vs_TN,0.24419765174388885,0.6441071629524231,0.970367431640625,0.029632568359375
sentence-transformers/paraphrase-multilingual-mpnet-base-v2,zh,16,QM_vs_MQ,0.35621508955955505,0.5796559453010559,0.9434415698051453,0.056558430194854736
sentence-transformers/paraphrase-multilingual-mpnet-base-v2,zh,16,QT_vs_TQ,0.5367704033851624,0.826474130153656,0.8582152128219604,0.14178478717803955
sentence-transformers/paraphrase-multilingual-mpnet-base-v2,zh,16,MT_vs_TM,0.0,0.0,0.9999999403953552,5.960464477539063e-08
sentence-transformers/paraphrase-multilingual-mpnet-base-v2,zh,17,NQ_vs_QN,0.6710649728775024,0.9941366314888,0.7763757705688477,0.22362422943115234
sentence-transformers/paraphrase-multilingual-mpnet-base-v2,zh,17,NM_vs_MN,0.0,0.0,1.0,0.0
sentence-transformers/paraphrase-multilingual-mpnet-base-v2,zh,17,NT_vs_TN,0.2907484769821167,0.7248151898384094,0.9609352350234985,0.039064764976501465
sentence-transformers/paraphrase-multilingual-mpnet-base-v2,zh,17,QM_vs_MQ,0.47040972113609314,0.6875024437904358,0.8919815421104431,0.10801845788955688
sentence-transformers/paraphrase-multilingual-mpnet-base-v2,zh,17,QT_vs_TQ,0.6891317367553711,1.0017284154891968,0.7656326293945312,0.23436737060546875
sentence-transformers/paraphrase-multilingual-mpnet-base-v2,zh,17,MT_vs_TM,0.0,0.0,0.9999997615814209,2.384185791015625e-07
sentence-transformers/paraphrase-multilingual-mpnet-base-v2,zh,18,NQ_vs_QN,0.4514676630496979,0.9012368321418762,0.8983964920043945,0.10160350799560547
sentence-transformers/paraphrase-multilingual-mpnet-base-v2,zh,18,NM_vs_MN,0.0,0.0,1.0,0.0
sentence-transformers/paraphrase-multilingual-mpnet-base-v2,zh,18,NT_vs_TN,0.2800663709640503,0.7307329177856445,0.9617599844932556,0.038240015506744385
sentence-transformers/paraphrase-multilingual-mpnet-base-v2,zh,18,QM_vs_MQ,0.425034761428833,0.7178196907043457,0.9133904576301575,0.08660954236984253
sentence-transformers/paraphrase-multilingual-mpnet-base-v2,zh,18,QT_vs_TQ,0.40168818831443787,0.7264774441719055,0.9201384782791138,0.07986152172088623
sentence-transformers/paraphrase-multilingual-mpnet-base-v2,zh,18,MT_vs_TM,0.0,0.0,1.0,0.0
sentence-transformers/paraphrase-multilingual-mpnet-base-v2,zh,19,NQ_vs_QN,0.5788556337356567,1.1818042993545532,0.8350344300270081,0.16496556997299194
sentence-transformers/paraphrase-multilingual-mpnet-base-v2,zh,19,NM_vs_MN,0.0,0.0,0.9999998211860657,1.7881393432617188e-07
sentence-transformers/paraphrase-multilingual-mpnet-base-v2,zh,19,NT_vs_TN,0.25867313146591187,0.7244262099266052,0.9667968153953552,0.033203184604644775
sentence-transformers/paraphrase-multilingual-mpnet-base-v2,zh,19,QM_vs_MQ,0.4216325581073761,0.6616048216819763,0.9116122722625732,0.08838772773742676
sentence-transformers/paraphrase-multilingual-mpnet-base-v2,zh,19,QT_vs_TQ,0.6013733148574829,1.0140546560287476,0.819748044013977,0.18025195598602295
sentence-transformers/paraphrase-multilingual-mpnet-base-v2,zh,19,MT_vs_TM,0.0,0.0,1.0000001192092896,-1.1920928955078125e-07
sentence-transformers/paraphrase-multilingual-mpnet-base-v2,zh,20,NQ_vs_QN,0.4287053346633911,0.7392041087150574,0.9093538522720337,0.09064614772796631
sentence-transformers/paraphrase-multilingual-mpnet-base-v2,zh,20,NM_vs_MN,0.0,0.0,1.0000001192092896,-1.1920928955078125e-07
sentence-transformers/paraphrase-multilingual-mpnet-base-v2,zh,20,NT_vs_TN,0.27430468797683716,0.6597607731819153,0.9666801691055298,0.033319830894470215
sentence-transformers/paraphrase-multilingual-mpnet-base-v2,zh,20,QM_vs_MQ,0.37813201546669006,0.6032466292381287,0.9326174259185791,0.0673825740814209
sentence-transformers/paraphrase-multilingual-mpnet-base-v2,zh,20,QT_vs_TQ,0.5716591477394104,0.84013831615448,0.8387507200241089,0.1612492799758911
sentence-transformers/paraphrase-multilingual-mpnet-base-v2,zh,20,MT_vs_TM,0.0,0.0,0.9999998211860657,1.7881393432617188e-07
sentence-transformers/paraphrase-multilingual-mpnet-base-v2,zh,21,NQ_vs_QN,0.5282093286514282,0.7211467623710632,0.8608301877975464,0.1391698122024536
sentence-transformers/paraphrase-multilingual-mpnet-base-v2,zh,21,NM_vs_MN,0.0,0.0,0.9999999403953552,5.960464477539063e-08
sentence-transformers/paraphrase-multilingual-mpnet-base-v2,zh,21,NT_vs_TN,0.33244404196739197,0.6489492654800415,0.9566494822502136,0.04335051774978638
sentence-transformers/paraphrase-multilingual-mpnet-base-v2,zh,21,QM_vs_MQ,0.5370877385139465,0.6232636570930481,0.8598486185073853,0.14015138149261475
sentence-transformers/paraphrase-multilingual-mpnet-base-v2,zh,21,QT_vs_TQ,0.5610955357551575,0.6655020713806152,0.8456135988235474,0.15438640117645264
sentence-transformers/paraphrase-multilingual-mpnet-base-v2,zh,21,MT_vs_TM,0.0,0.0,1.000000238418579,-2.384185791015625e-07
sentence-transformers/paraphrase-multilingual-mpnet-base-v2,zh,22,NQ_vs_QN,0.54566890001297,0.7653405070304871,0.8524664640426636,0.14753353595733643
sentence-transformers/paraphrase-multilingual-mpnet-base-v2,zh,22,NM_vs_MN,0.0,0.0,0.9999999403953552,5.960464477539063e-08
sentence-transformers/paraphrase-multilingual-mpnet-base-v2,zh,22,NT_vs_TN,0.33425113558769226,0.7194997072219849,0.9441867470741272,0.0558132529258728
sentence-transformers/paraphrase-multilingual-mpnet-base-v2,zh,22,QM_vs_MQ,0.45505961775779724,0.6310838460922241,0.9046521782875061,0.0953478217124939
sentence-transformers/paraphrase-multilingual-mpnet-base-v2,zh,22,QT_vs_TQ,0.5316821336746216,0.7389867305755615,0.8608435988426208,0.13915640115737915
sentence-transformers/paraphrase-multilingual-mpnet-base-v2,zh,22,MT_vs_TM,0.0,0.0,1.0,0.0
sentence-transformers/paraphrase-multilingual-mpnet-base-v2,zh,23,NQ_vs_QN,0.4004693329334259,0.7184135913848877,0.9230365753173828,0.07696342468261719
sentence-transformers/paraphrase-multilingual-mpnet-base-v2,zh,23,NM_vs_MN,0.0,0.0,1.0,0.0
sentence-transformers/paraphrase-multilingual-mpnet-base-v2,zh,23,NT_vs_TN,0.33241212368011475,0.9054092168807983,0.9500702619552612,0.04992973804473877
sentence-transformers/paraphrase-multilingual-mpnet-base-v2,zh,23,QM_vs_MQ,0.3278921842575073,0.5305837392807007,0.9475873708724976,0.05241262912750244
sentence-transformers/paraphrase-multilingual-mpnet-base-v2,zh,23,QT_vs_TQ,0.5687963962554932,0.8771024942398071,0.8383881449699402,0.16161185503005981
sentence-transformers/paraphrase-multilingual-mpnet-base-v2,zh,23,MT_vs_TM,0.0,0.0,1.0,0.0
sentence-transformers/paraphrase-multilingual-mpnet-base-v2,zh,24,NQ_vs_QN,0.5700733065605164,0.9589245915412903,0.8380483984947205,0.16195160150527954
sentence-transformers/paraphrase-multilingual-mpnet-base-v2,zh,24,NM_vs_MN,0.0,0.0,0.9999998807907104,1.1920928955078125e-07
sentence-transformers/paraphrase-multilingual-mpnet-base-v2,zh,24,NT_vs_TN,0.23383855819702148,0.5225621461868286,0.9766781330108643,0.023321866989135742
sentence-transformers/paraphrase-multilingual-mpnet-base-v2,zh,24,QM_vs_MQ,0.48519209027290344,0.7045113444328308,0.889948308467865,0.11005169153213501
sentence-transformers/paraphrase-multilingual-mpnet-base-v2,zh,24,QT_vs_TQ,0.5848294496536255,0.8642882704734802,0.8327039480209351,0.16729605197906494
sentence-transformers/paraphrase-multilingual-mpnet-base-v2,zh,24,MT_vs_TM,0.0,0.0,0.9999998211860657,1.7881393432617188e-07
sentence-transformers/paraphrase-multilingual-mpnet-base-v2,zh,25,NQ_vs_QN,0.47262805700302124,0.917603611946106,0.8890172243118286,0.11098277568817139
sentence-transformers/paraphrase-multilingual-mpnet-base-v2,zh,25,NM_vs_MN,0.0,0.0,1.0000001192092896,-1.1920928955078125e-07
sentence-transformers/paraphrase-multilingual-mpnet-base-v2,zh,25,NT_vs_TN,0.2031620293855667,0.5718819499015808,0.9801458716392517,0.01985412836074829
sentence-transformers/paraphrase-multilingual-mpnet-base-v2,zh,25,QM_vs_MQ,0.476731538772583,0.7286524772644043,0.8907949924468994,0.10920500755310059
sentence-transformers/paraphrase-multilingual-mpnet-base-v2,zh,25,QT_vs_TQ,0.6571897268295288,1.0056487321853638,0.7841925621032715,0.21580743789672852
sentence-transformers/paraphrase-multilingual-mpnet-base-v2,zh,25,MT_vs_TM,0.0,0.0,1.0,0.0
sentence-transformers/paraphrase-multilingual-mpnet-base-v2,zh,26,NQ_vs_QN,0.5452086925506592,0.891913115978241,0.8517409563064575,0.14825904369354248
sentence-transformers/paraphrase-multilingual-mpnet-base-v2,zh,26,NM_vs_MN,0.0,0.0,1.0,0.0
sentence-transformers/paraphrase-multilingual-mpnet-base-v2,zh,26,NT_vs_TN,0.25587254762649536,0.6139184832572937,0.9685888290405273,0.031411170959472656
sentence-transformers/paraphrase-multilingual-mpnet-base-v2,zh,26,QM_vs_MQ,0.44280338287353516,0.6339308619499207,0.9027409553527832,0.0972590446472168
sentence-transformers/paraphrase-multilingual-mpnet-base-v2,zh,26,QT_vs_TQ,0.6719980835914612,0.9389563202857971,0.7742094993591309,0.22579050064086914
sentence-transformers/paraphrase-multilingual-mpnet-base-v2,zh,26,MT_vs_TM,0.0,0.0,1.0,0.0
sentence-transformers/paraphrase-multilingual-mpnet-base-v2,zh,27,NQ_vs_QN,0.6338663101196289,0.9207003712654114,0.7991963028907776,0.2008036971092224
sentence-transformers/paraphrase-multilingual-mpnet-base-v2,zh,27,NM_vs_MN,0.0,0.0,0.9999999403953552,5.960464477539063e-08
sentence-transformers/paraphrase-multilingual-mpnet-base-v2,zh,27,NT_vs_TN,0.3428495526313782,0.8441427946090698,0.9414454698562622,0.05855453014373779
sentence-transformers/paraphrase-multilingual-mpnet-base-v2,zh,27,QM_vs_MQ,0.5055908560752869,0.7034269571304321,0.8724707961082458,0.12752920389175415
sentence-transformers/paraphrase-multilingual-mpnet-base-v2,zh,27,QT_vs_TQ,0.48043686151504517,0.6937122941017151,0.8910430073738098,0.10895699262619019
sentence-transformers/paraphrase-multilingual-mpnet-base-v2,zh,27,MT_vs_TM,0.0,0.0,1.0,0.0
sentence-transformers/paraphrase-multilingual-mpnet-base-v2,zh,28,NQ_vs_QN,0.511502742767334,1.0240166187286377,0.8703269958496094,0.12967300415039062
sentence-transformers/paraphrase-multilingual-mpnet-base-v2,zh,28,NM_vs_MN,0.0,0.0,1.0,0.0
sentence-transformers/paraphrase-multilingual-mpnet-base-v2,zh,28,NT_vs_TN,0.2712612450122833,0.7335903644561768,0.9633229374885559,0.03667706251144409
sentence-transformers/paraphrase-multilingual-mpnet-base-v2,zh,28,QM_vs_MQ,0.4020111560821533,0.7336350083351135,0.925166130065918,0.07483386993408203
sentence-transformers/paraphrase-multilingual-mpnet-base-v2,zh,28,QT_vs_TQ,0.6790758371353149,1.124398112297058,0.7742023468017578,0.2257976531982422
sentence-transformers/paraphrase-multilingual-mpnet-base-v2,zh,28,MT_vs_TM,0.0,0.0,0.9999999403953552,5.960464477539063e-08
sentence-transformers/paraphrase-multilingual-mpnet-base-v2,zh,29,NQ_vs_QN,0.46114709973335266,0.7845099568367004,0.8942649364471436,0.10573506355285645
sentence-transformers/paraphrase-multilingual-mpnet-base-v2,zh,29,NM_vs_MN,0.0,0.0,1.0,0.0
sentence-transformers/paraphrase-multilingual-mpnet-base-v2,zh,29,NT_vs_TN,0.2346615344285965,0.6239069700241089,0.9725792407989502,0.027420759201049805
sentence-transformers/paraphrase-multilingual-mpnet-base-v2,zh,29,QM_vs_MQ,0.3807002305984497,0.5800623297691345,0.9330281615257263,0.06697183847427368
sentence-transformers/paraphrase-multilingual-mpnet-base-v2,zh,29,QT_vs_TQ,0.6501795649528503,0.9809001088142395,0.7888196706771851,0.21118032932281494
sentence-transformers/paraphrase-multilingual-mpnet-base-v2,zh,29,MT_vs_TM,0.0,0.0,0.9999999403953552,5.960464477539063e-08
sentence-transformers/paraphrase-multilingual-mpnet-base-v2,zh,30,NQ_vs_QN,0.5142778754234314,0.7975358963012695,0.8694370985031128,0.1305629014968872
sentence-transformers/paraphrase-multilingual-mpnet-base-v2,zh,30,NM_vs_MN,0.0,0.0,0.9999998807907104,1.1920928955078125e-07
sentence-transformers/paraphrase-multilingual-mpnet-base-v2,zh,30,NT_vs_TN,0.23851709067821503,0.5631246566772461,0.9721173048019409,0.027882695198059082
sentence-transformers/paraphrase-multilingual-mpnet-base-v2,zh,30,QM_vs_MQ,0.4136594533920288,0.5665138959884644,0.914485514163971,0.08551448583602905
sentence-transformers/paraphrase-multilingual-mpnet-base-v2,zh,30,QT_vs_TQ,0.6020821332931519,0.8279553651809692,0.8189181089401245,0.1810818910598755
sentence-transformers/paraphrase-multilingual-mpnet-base-v2,zh,30,MT_vs_TM,0.0,0.0,0.9999999403953552,5.960464477539063e-08
sentence-transformers/paraphrase-multilingual-mpnet-base-v2,zh,31,NQ_vs_QN,0.6233906149864197,0.9037117958068848,0.8087204694747925,0.19127953052520752
sentence-transformers/paraphrase-multilingual-mpnet-base-v2,zh,31,NM_vs_MN,0.0,0.0,0.9999999403953552,5.960464477539063e-08
sentence-transformers/paraphrase-multilingual-mpnet-base-v2,zh,31,NT_vs_TN,0.30744311213493347,0.7637268304824829,0.9559495449066162,0.04405045509338379
sentence-transformers/paraphrase-multilingual-mpnet-base-v2,zh,31,QM_vs_MQ,0.4726259708404541,0.6525154709815979,0.8963789939880371,0.10362100601196289
sentence-transformers/paraphrase-multilingual-mpnet-base-v2,zh,31,QT_vs_TQ,0.6388288736343384,0.8488695621490479,0.8020181655883789,0.1979818344116211
sentence-transformers/paraphrase-multilingual-mpnet-base-v2,zh,31,MT_vs_TM,0.0,0.0,1.0,0.0
sentence-transformers/paraphrase-multilingual-mpnet-base-v2,zh,32,NQ_vs_QN,0.595206618309021,1.0042884349822998,0.8228764533996582,0.1771235466003418
sentence-transformers/paraphrase-multilingual-mpnet-base-v2,zh,32,NM_vs_MN,0.0,0.0,0.9999998807907104,1.1920928955078125e-07
sentence-transformers/paraphrase-multilingual-mpnet-base-v2,zh,32,NT_vs_TN,0.3704070746898651,0.9234049916267395,0.9330374002456665,0.0669625997543335
sentence-transformers/paraphrase-multilingual-mpnet-base-v2,zh,32,QM_vs_MQ,0.516431987285614,0.8324791789054871,0.8752868175506592,0.12471318244934082
sentence-transformers/paraphrase-multilingual-mpnet-base-v2,zh,32,QT_vs_TQ,0.6620201468467712,1.0531073808670044,0.7900500297546387,0.20994997024536133
sentence-transformers/paraphrase-multilingual-mpnet-base-v2,zh,32,MT_vs_TM,0.0,0.0,1.0000001192092896,-1.1920928955078125e-07
sentence-transformers/paraphrase-multilingual-mpnet-base-v2,zh,33,NQ_vs_QN,0.48832422494888306,0.9437239766120911,0.8827085494995117,0.11729145050048828
sentence-transformers/paraphrase-multilingual-mpnet-base-v2,zh,33,NM_vs_MN,0.0,0.0,1.0,0.0
sentence-transformers/paraphrase-multilingual-mpnet-base-v2,zh,33,NT_vs_TN,0.21246792376041412,0.6141909956932068,0.9780313968658447,0.021968603134155273
sentence-transformers/paraphrase-multilingual-mpnet-base-v2,zh,33,QM_vs_MQ,0.46667125821113586,0.7021153569221497,0.8950263857841492,0.10497361421585083
sentence-transformers/paraphrase-multilingual-mpnet-base-v2,zh,33,QT_vs_TQ,0.6429145336151123,0.9844340682029724,0.7935419082641602,0.20645809173583984
sentence-transformers/paraphrase-multilingual-mpnet-base-v2,zh,33,MT_vs_TM,0.0,0.0,1.0,0.0
sentence-transformers/paraphrase-multilingual-mpnet-base-v2,zh,34,NQ_vs_QN,0.5008206963539124,0.9248520731925964,0.8785600066184998,0.12143999338150024
sentence-transformers/paraphrase-multilingual-mpnet-base-v2,zh,34,NM_vs_MN,0.0,0.0,1.0000001192092896,-1.1920928955078125e-07
sentence-transformers/paraphrase-multilingual-mpnet-base-v2,zh,34,NT_vs_TN,0.3008207380771637,0.8344727754592896,0.9548162221908569,0.045183777809143066
sentence-transformers/paraphrase-multilingual-mpnet-base-v2,zh,34,QM_vs_MQ,0.5238690376281738,0.7137525677680969,0.8638119697570801,0.13618803024291992
sentence-transformers/paraphrase-multilingual-mpnet-base-v2,zh,34,QT_vs_TQ,0.7410101294517517,1.0885510444641113,0.7279058694839478,0.27209413051605225
sentence-transformers/paraphrase-multilingual-mpnet-base-v2,zh,34,MT_vs_TM,0.0,0.0,0.9999999403953552,5.960464477539063e-08
sentence-transformers/paraphrase-multilingual-mpnet-base-v2,zh,35,NQ_vs_QN,0.5107643604278564,1.1100616455078125,0.8696412444114685,0.1303587555885315
sentence-transformers/paraphrase-multilingual-mpnet-base-v2,zh,35,NM_vs_MN,0.0,0.0,1.0,0.0
sentence-transformers/paraphrase-multilingual-mpnet-base-v2,zh,35,NT_vs_TN,0.26318347454071045,0.7295027375221252,0.9670222997665405,0.03297770023345947
sentence-transformers/paraphrase-multilingual-mpnet-base-v2,zh,35,QM_vs_MQ,0.36914005875587463,0.6951811909675598,0.9420089721679688,0.05799102783203125
sentence-transformers/paraphrase-multilingual-mpnet-base-v2,zh,35,QT_vs_TQ,0.5683175921440125,1.0417976379394531,0.8423864841461182,0.15761351585388184
sentence-transformers/paraphrase-multilingual-mpnet-base-v2,zh,35,MT_vs_TM,0.0,0.0,1.0,0.0
sentence-transformers/paraphrase-multilingual-mpnet-base-v2,zh,36,NQ_vs_QN,0.5540086627006531,1.0475796461105347,0.8465580940246582,0.1534419059753418
sentence-transformers/paraphrase-multilingual-mpnet-base-v2,zh,36,NM_vs_MN,0.0,0.0,1.000000238418579,-2.384185791015625e-07
sentence-transformers/paraphrase-multilingual-mpnet-base-v2,zh,36,NT_vs_TN,0.28317883610725403,0.7481650710105896,0.9599069356918335,0.040093064308166504
sentence-transformers/paraphrase-multilingual-mpnet-base-v2,zh,36,QM_vs_MQ,0.395763635635376,0.6335433721542358,0.9309921264648438,0.06900787353515625
sentence-transformers/paraphrase-multilingual-mpnet-base-v2,zh,36,QT_vs_TQ,0.5499917268753052,0.8866554498672485,0.8511280417442322,0.14887195825576782
sentence-transformers/paraphrase-multilingual-mpnet-base-v2,zh,36,MT_vs_TM,0.0,0.0,0.9999998807907104,1.1920928955078125e-07
sentence-transformers/paraphrase-multilingual-mpnet-base-v2,zh,37,NQ_vs_QN,0.5200983881950378,0.8932479023933411,0.8647488355636597,0.13525116443634033
sentence-transformers/paraphrase-multilingual-mpnet-base-v2,zh,37,NM_vs_MN,0.0,0.0,1.0,0.0
sentence-transformers/paraphrase-multilingual-mpnet-base-v2,zh,37,NT_vs_TN,0.24878966808319092,0.6142825484275818,0.9692380428314209,0.0307619571685791
sentence-transformers/paraphrase-multilingual-mpnet-base-v2,zh,37,QM_vs_MQ,0.5763104557991028,0.7487728595733643,0.8426533937454224,0.15734660625457764
sentence-transformers/paraphrase-multilingual-mpnet-base-v2,zh,37,QT_vs_TQ,0.6889324188232422,0.9419490694999695,0.7712177038192749,0.2287822961807251
sentence-transformers/paraphrase-multilingual-mpnet-base-v2,zh,37,MT_vs_TM,0.0,0.0,1.0000001192092896,-1.1920928955078125e-07
sentence-transformers/paraphrase-multilingual-mpnet-base-v2,zh,38,NQ_vs_QN,0.6187058091163635,1.0746146440505981,0.8126775026321411,0.1873224973678589
sentence-transformers/paraphrase-multilingual-mpnet-base-v2,zh,38,NM_vs_MN,0.0,0.0,0.9999998807907104,1.1920928955078125e-07
sentence-transformers/paraphrase-multilingual-mpnet-base-v2,zh,38,NT_vs_TN,0.27814072370529175,0.7878976464271545,0.9613685607910156,0.038631439208984375
sentence-transformers/paraphrase-multilingual-mpnet-base-v2,zh,38,QM_vs_MQ,0.47144702076911926,0.6841552257537842,0.9052878618240356,0.09471213817596436
sentence-transformers/paraphrase-multilingual-mpnet-base-v2,zh,38,QT_vs_TQ,0.5488153100013733,0.8076101541519165,0.8527287244796753,0.1472712755203247
sentence-transformers/paraphrase-multilingual-mpnet-base-v2,zh,38,MT_vs_TM,0.0,0.0,1.0,0.0
sentence-transformers/paraphrase-multilingual-mpnet-base-v2,zh,39,NQ_vs_QN,0.5895392298698425,1.0903464555740356,0.8295329213142395,0.1704670786857605
sentence-transformers/paraphrase-multilingual-mpnet-base-v2,zh,39,NM_vs_MN,0.0,0.0,1.0,0.0
sentence-transformers/paraphrase-multilingual-mpnet-base-v2,zh,39,NT_vs_TN,0.22744092345237732,0.6639680862426758,0.9742330312728882,0.025766968727111816
sentence-transformers/paraphrase-multilingual-mpnet-base-v2,zh,39,QM_vs_MQ,0.4485794007778168,0.6614978313446045,0.909043550491333,0.09095644950866699
sentence-transformers/paraphrase-multilingual-mpnet-base-v2,zh,39,QT_vs_TQ,0.5282535552978516,0.8246274590492249,0.8643156290054321,0.13568437099456787
sentence-transformers/paraphrase-multilingual-mpnet-base-v2,zh,39,MT_vs_TM,0.0,0.0,0.9999998807907104,1.1920928955078125e-07
sentence-transformers/paraphrase-multilingual-mpnet-base-v2,zh,40,NQ_vs_QN,0.4749848246574402,0.758173942565918,0.8876703977584839,0.11232960224151611
sentence-transformers/paraphrase-multilingual-mpnet-base-v2,zh,40,NM_vs_MN,0.0,0.0,1.0000001192092896,-1.1920928955078125e-07
sentence-transformers/paraphrase-multilingual-mpnet-base-v2,zh,40,NT_vs_TN,0.2614254951477051,0.6058543920516968,0.9689249992370605,0.031075000762939453
sentence-transformers/paraphrase-multilingual-mpnet-base-v2,zh,40,QM_vs_MQ,0.45458558201789856,0.6078750491142273,0.9019355773925781,0.09806442260742188
sentence-transformers/paraphrase-multilingual-mpnet-base-v2,zh,40,QT_vs_TQ,0.5940124988555908,0.8119996786117554,0.8244296312332153,0.17557036876678467
sentence-transformers/paraphrase-multilingual-mpnet-base-v2,zh,40,MT_vs_TM,0.0,0.0,1.0,0.0
sentence-transformers/paraphrase-multilingual-mpnet-base-v2,zh,41,NQ_vs_QN,0.4584411084651947,0.8066540956497192,0.8950088620185852,0.1049911379814148
sentence-transformers/paraphrase-multilingual-mpnet-base-v2,zh,41,NM_vs_MN,0.0,0.0,1.0,0.0
sentence-transformers/paraphrase-multilingual-mpnet-base-v2,zh,41,NT_vs_TN,0.2006613314151764,0.49971461296081543,0.9800460934638977,0.019953906536102295
sentence-transformers/paraphrase-multilingual-mpnet-base-v2,zh,41,QM_vs_MQ,0.4464016854763031,0.6801344752311707,0.9063320755958557,0.09366792440414429
sentence-transformers/paraphrase-multilingual-mpnet-base-v2,zh,41,QT_vs_TQ,0.5875683426856995,0.865878164768219,0.8281975984573364,0.17180240154266357
sentence-transformers/paraphrase-multilingual-mpnet-base-v2,zh,41,MT_vs_TM,0.0,0.0,1.0,0.0
sentence-transformers/paraphrase-multilingual-mpnet-base-v2,zh,42,NQ_vs_QN,0.5224827527999878,1.0976572036743164,0.8645424842834473,0.13545751571655273
sentence-transformers/paraphrase-multilingual-mpnet-base-v2,zh,42,NM_vs_MN,0.0,0.0,1.0,0.0
sentence-transformers/paraphrase-multilingual-mpnet-base-v2,zh,42,NT_vs_TN,0.20378178358078003,0.5485357046127319,0.9800658226013184,0.01993417739868164
sentence-transformers/paraphrase-multilingual-mpnet-base-v2,zh,42,QM_vs_MQ,0.38188454508781433,0.6192088723182678,0.9300336837768555,0.06996631622314453
sentence-transformers/paraphrase-multilingual-mpnet-base-v2,zh,42,QT_vs_TQ,0.5542929768562317,0.9570016264915466,0.8487347364425659,0.15126526355743408
sentence-transformers/paraphrase-multilingual-mpnet-base-v2,zh,42,MT_vs_TM,0.0,0.0,1.0,0.0
sentence-transformers/paraphrase-multilingual-mpnet-base-v2,zh,43,NQ_vs_QN,0.5526739358901978,1.0155290365219116,0.8477290868759155,0.15227091312408447
sentence-transformers/paraphrase-multilingual-mpnet-base-v2,zh,43,NM_vs_MN,0.0,0.0,1.0,0.0
sentence-transformers/paraphrase-multilingual-mpnet-base-v2,zh,43,NT_vs_TN,0.2425856590270996,0.6354227066040039,0.9709048271179199,0.029095172882080078
sentence-transformers/paraphrase-multilingual-mpnet-base-v2,zh,43,QM_vs_MQ,0.3638676702976227,0.5593429207801819,0.9403246641159058,0.05967533588409424
sentence-transformers/paraphrase-multilingual-mpnet-base-v2,zh,43,QT_vs_TQ,0.549679696559906,0.8359658718109131,0.8498592376708984,0.15014076232910156
sentence-transformers/paraphrase-multilingual-mpnet-base-v2,zh,43,MT_vs_TM,0.0,0.0,1.0,0.0
sentence-transformers/paraphrase-multilingual-mpnet-base-v2,zh,44,NQ_vs_QN,0.46014782786369324,0.9028939008712769,0.894844651222229,0.105155348777771
sentence-transformers/paraphrase-multilingual-mpnet-base-v2,zh,44,NM_vs_MN,0.0,0.0,1.0,0.0
sentence-transformers/paraphrase-multilingual-mpnet-base-v2,zh,44,NT_vs_TN,0.2889295518398285,0.7264963388442993,0.9595054984092712,0.04049450159072876
sentence-transformers/paraphrase-multilingual-mpnet-base-v2,zh,44,QM_vs_MQ,0.44086363911628723,0.7772790193557739,0.9103635549545288,0.08963644504547119
sentence-transformers/paraphrase-multilingual-mpnet-base-v2,zh,44,QT_vs_TQ,0.4505102336406708,0.7933675050735474,0.8998496532440186,0.10015034675598145
sentence-transformers/paraphrase-multilingual-mpnet-base-v2,zh,44,MT_vs_TM,0.0,0.0,1.0,0.0
sentence-transformers/paraphrase-multilingual-mpnet-base-v2,zh,45,NQ_vs_QN,0.596062183380127,1.17594575881958,0.8245449066162109,0.17545509338378906
sentence-transformers/paraphrase-multilingual-mpnet-base-v2,zh,45,NM_vs_MN,0.0,0.0,1.0000001192092896,-1.1920928955078125e-07
sentence-transformers/paraphrase-multilingual-mpnet-base-v2,zh,45,NT_vs_TN,0.286466121673584,0.8129149079322815,0.9590949416160583,0.04090505838394165
sentence-transformers/paraphrase-multilingual-mpnet-base-v2,zh,45,QM_vs_MQ,0.42618367075920105,0.6430100202560425,0.9102112054824829,0.08978879451751709
sentence-transformers/paraphrase-multilingual-mpnet-base-v2,zh,45,QT_vs_TQ,0.6265384554862976,1.0469287633895874,0.8038200736045837,0.19617992639541626
sentence-transformers/paraphrase-multilingual-mpnet-base-v2,zh,45,MT_vs_TM,0.0,0.0,0.9999998211860657,1.7881393432617188e-07
sentence-transformers/paraphrase-multilingual-mpnet-base-v2,zh,46,NQ_vs_QN,0.40779244899749756,0.599044144153595,0.9184713363647461,0.0815286636352539
sentence-transformers/paraphrase-multilingual-mpnet-base-v2,zh,46,NM_vs_MN,0.0,0.0,1.000000238418579,-2.384185791015625e-07
sentence-transformers/paraphrase-multilingual-mpnet-base-v2,zh,46,NT_vs_TN,0.3294888138771057,0.6825053691864014,0.9555974006652832,0.0444025993347168
sentence-transformers/paraphrase-multilingual-mpnet-base-v2,zh,46,QM_vs_MQ,0.45663735270500183,0.6120867133140564,0.8992563486099243,0.10074365139007568
sentence-transformers/paraphrase-multilingual-mpnet-base-v2,zh,46,QT_vs_TQ,0.5191114544868469,0.6655792593955994,0.8653983473777771,0.1346016526222229
sentence-transformers/paraphrase-multilingual-mpnet-base-v2,zh,46,MT_vs_TM,0.0,0.0,1.0,0.0
sentence-transformers/paraphrase-multilingual-mpnet-base-v2,zh,47,NQ_vs_QN,0.5389329791069031,1.0296014547348022,0.8572266101837158,0.14277338981628418
sentence-transformers/paraphrase-multilingual-mpnet-base-v2,zh,47,NM_vs_MN,0.0,0.0,1.0,0.0
sentence-transformers/paraphrase-multilingual-mpnet-base-v2,zh,47,NT_vs_TN,0.30416807532310486,0.8051048517227173,0.953811764717102,0.04618823528289795
sentence-transformers/paraphrase-multilingual-mpnet-base-v2,zh,47,QM_vs_MQ,0.47656771540641785,0.6628031134605408,0.8866363763809204,0.11336362361907959
sentence-transformers/paraphrase-multilingual-mpnet-base-v2,zh,47,QT_vs_TQ,0.7086080312728882,1.0736515522003174,0.752109169960022,0.24789083003997803
sentence-transformers/paraphrase-multilingual-mpnet-base-v2,zh,47,MT_vs_TM,0.0,0.0,1.0,0.0
sentence-transformers/paraphrase-multilingual-mpnet-base-v2,ar,0,NQ_vs_QN,1.1245148181915283,0.9303078055381775,0.3679613769054413,0.6320386230945587
sentence-transformers/paraphrase-multilingual-mpnet-base-v2,ar,0,NM_vs_MN,0.2406781017780304,0.13572512567043304,0.9846720695495605,0.015327930450439453
sentence-transformers/paraphrase-multilingual-mpnet-base-v2,ar,0,NT_vs_TN,1.1029611825942993,0.771787166595459,0.4019363522529602,0.5980636477470398
sentence-transformers/paraphrase-multilingual-mpnet-base-v2,ar,0,QM_vs_MQ,0.5647229552268982,0.46695855259895325,0.8458004593849182,0.1541995406150818
sentence-transformers/paraphrase-multilingual-mpnet-base-v2,ar,0,QT_vs_TQ,0.8369453549385071,0.670829713344574,0.6610612869262695,0.33893871307373047
sentence-transformers/paraphrase-multilingual-mpnet-base-v2,ar,0,MT_vs_TM,0.3795213997364044,0.2455952912569046,0.9391594529151917,0.06084054708480835
sentence-transformers/paraphrase-multilingual-mpnet-base-v2,ar,1,NQ_vs_QN,1.003388524055481,0.8464221358299255,0.4991859197616577,0.5008140802383423
sentence-transformers/paraphrase-multilingual-mpnet-base-v2,ar,1,NM_vs_MN,0.20176094770431519,0.09729374200105667,0.982760488986969,0.017239511013031006
sentence-transformers/paraphrase-multilingual-mpnet-base-v2,ar,1,NT_vs_TN,0.9445508718490601,0.6042447686195374,0.5701018571853638,0.42989814281463623
sentence-transformers/paraphrase-multilingual-mpnet-base-v2,ar,1,QM_vs_MQ,0.5615663528442383,0.46712514758110046,0.8444706201553345,0.15552937984466553
sentence-transformers/paraphrase-multilingual-mpnet-base-v2,ar,1,QT_vs_TQ,0.94608473777771,0.8473291993141174,0.5576322078704834,0.4423677921295166
sentence-transformers/paraphrase-multilingual-mpnet-base-v2,ar,1,MT_vs_TM,0.15138523280620575,0.09995952248573303,0.9924234747886658,0.0075765252113342285
sentence-transformers/paraphrase-multilingual-mpnet-base-v2,ar,2,NQ_vs_QN,0.857470691204071,0.6939554810523987,0.6345048546791077,0.36549514532089233
sentence-transformers/paraphrase-multilingual-mpnet-base-v2,ar,2,NM_vs_MN,0.36199986934661865,0.21876421570777893,0.935443639755249,0.06455636024475098
sentence-transformers/paraphrase-multilingual-mpnet-base-v2,ar,2,NT_vs_TN,1.0378882884979248,0.6783320903778076,0.465368390083313,0.534631609916687
sentence-transformers/paraphrase-multilingual-mpnet-base-v2,ar,2,QM_vs_MQ,0.6068158745765686,0.5328335165977478,0.8214558362960815,0.17854416370391846
sentence-transformers/paraphrase-multilingual-mpnet-base-v2,ar,2,QT_vs_TQ,0.7303641438484192,0.6135971546173096,0.7368098497390747,0.2631901502609253
sentence-transformers/paraphrase-multilingual-mpnet-base-v2,ar,2,MT_vs_TM,0.2544877529144287,0.17474469542503357,0.970458984375,0.029541015625
sentence-transformers/paraphrase-multilingual-mpnet-base-v2,ar,3,NQ_vs_QN,0.8607233762741089,0.6980450749397278,0.6310498714447021,0.36895012855529785
sentence-transformers/paraphrase-multilingual-mpnet-base-v2,ar,3,NM_vs_MN,0.4360925257205963,0.2691405117511749,0.9189711213111877,0.08102887868881226
sentence-transformers/paraphrase-multilingual-mpnet-base-v2,ar,3,NT_vs_TN,1.0053523778915405,0.5633022785186768,0.4991587698459625,0.5008412301540375
sentence-transformers/paraphrase-multilingual-mpnet-base-v2,ar,3,QM_vs_MQ,0.5062858462333679,0.42401716113090515,0.8761143088340759,0.12388569116592407
sentence-transformers/paraphrase-multilingual-mpnet-base-v2,ar,3,QT_vs_TQ,0.7780482172966003,0.6797319054603577,0.6990257501602173,0.3009742498397827
sentence-transformers/paraphrase-multilingual-mpnet-base-v2,ar,3,MT_vs_TM,0.26049673557281494,0.14851157367229462,0.9687955379486084,0.0312044620513916
sentence-transformers/paraphrase-multilingual-mpnet-base-v2,ar,4,NQ_vs_QN,1.0510588884353638,0.8801994919776917,0.44889160990715027,0.5511083900928497
sentence-transformers/paraphrase-multilingual-mpnet-base-v2,ar,4,NM_vs_MN,0.2808576226234436,0.17860089242458344,0.96370530128479,0.03629469871520996
sentence-transformers/paraphrase-multilingual-mpnet-base-v2,ar,4,NT_vs_TN,1.171159267425537,0.629423201084137,0.37438908219337463,0.6256109178066254
sentence-transformers/paraphrase-multilingual-mpnet-base-v2,ar,4,QM_vs_MQ,0.7086044549942017,0.6483457684516907,0.7491523623466492,0.25084763765335083
sentence-transformers/paraphrase-multilingual-mpnet-base-v2,ar,4,QT_vs_TQ,0.9349504113197327,0.8505825996398926,0.5630085468292236,0.43699145317077637
sentence-transformers/paraphrase-multilingual-mpnet-base-v2,ar,4,MT_vs_TM,0.23990777134895325,0.17085805535316467,0.973052442073822,0.02694755792617798
sentence-transformers/paraphrase-multilingual-mpnet-base-v2,ar,5,NQ_vs_QN,0.9706620573997498,0.7946782112121582,0.5290859937667847,0.47091400623321533
sentence-transformers/paraphrase-multilingual-mpnet-base-v2,ar,5,NM_vs_MN,0.23889222741127014,0.1883961260318756,0.9782525300979614,0.021747469902038574
sentence-transformers/paraphrase-multilingual-mpnet-base-v2,ar,5,NT_vs_TN,0.780881941318512,0.5536080598831177,0.6951775550842285,0.3048224449157715
sentence-transformers/paraphrase-multilingual-mpnet-base-v2,ar,5,QM_vs_MQ,0.7690658569335938,0.640659511089325,0.713137149810791,0.286862850189209
sentence-transformers/paraphrase-multilingual-mpnet-base-v2,ar,5,QT_vs_TQ,0.8805030584335327,0.7343668341636658,0.6130127906799316,0.38698720932006836
sentence-transformers/paraphrase-multilingual-mpnet-base-v2,ar,5,MT_vs_TM,0.1394764482975006,0.09678928554058075,0.9902731776237488,0.00972682237625122
sentence-transformers/paraphrase-multilingual-mpnet-base-v2,ar,6,NQ_vs_QN,0.8745303153991699,0.7164470553398132,0.6190106868743896,0.38098931312561035
sentence-transformers/paraphrase-multilingual-mpnet-base-v2,ar,6,NM_vs_MN,0.265720933675766,0.16615793108940125,0.9649431109428406,0.035056889057159424
sentence-transformers/paraphrase-multilingual-mpnet-base-v2,ar,6,NT_vs_TN,0.8696585297584534,0.5483358502388,0.6233575344085693,0.37664246559143066
sentence-transformers/paraphrase-multilingual-mpnet-base-v2,ar,6,QM_vs_MQ,0.6157512664794922,0.524749755859375,0.8171918392181396,0.18280816078186035
sentence-transformers/paraphrase-multilingual-mpnet-base-v2,ar,6,QT_vs_TQ,0.8057282567024231,0.7167201638221741,0.6756737232208252,0.3243262767791748
sentence-transformers/paraphrase-multilingual-mpnet-base-v2,ar,6,MT_vs_TM,0.25607195496559143,0.1703343242406845,0.9731484651565552,0.026851534843444824
sentence-transformers/paraphrase-multilingual-mpnet-base-v2,ar,7,NQ_vs_QN,0.9933567643165588,0.8889665603637695,0.5079978704452515,0.49200212955474854
sentence-transformers/paraphrase-multilingual-mpnet-base-v2,ar,7,NM_vs_MN,0.2057049721479416,0.12515462934970856,0.9823994636535645,0.017600536346435547
sentence-transformers/paraphrase-multilingual-mpnet-base-v2,ar,7,NT_vs_TN,1.2812340259552002,0.6367161870002747,0.17926742136478424,0.8207325786352158
sentence-transformers/paraphrase-multilingual-mpnet-base-v2,ar,7,QM_vs_MQ,0.5457078218460083,0.5221825838088989,0.8513739109039307,0.14862608909606934
sentence-transformers/paraphrase-multilingual-mpnet-base-v2,ar,7,QT_vs_TQ,0.7998985648155212,0.7138186693191528,0.6827715039253235,0.3172284960746765
sentence-transformers/paraphrase-multilingual-mpnet-base-v2,ar,7,MT_vs_TM,0.191467747092247,0.09992478787899017,0.9823896884918213,0.01761031150817871
sentence-transformers/paraphrase-multilingual-mpnet-base-v2,ar,8,NQ_vs_QN,1.0070093870162964,0.8470999598503113,0.49664151668548584,0.5033584833145142
sentence-transformers/paraphrase-multilingual-mpnet-base-v2,ar,8,NM_vs_MN,0.22632580995559692,0.13125428557395935,0.9757643938064575,0.02423560619354248
sentence-transformers/paraphrase-multilingual-mpnet-base-v2,ar,8,NT_vs_TN,1.2199314832687378,0.6234975457191467,0.2988382577896118,0.7011617422103882
sentence-transformers/paraphrase-multilingual-mpnet-base-v2,ar,8,QM_vs_MQ,0.5645734667778015,0.4927160441875458,0.8435848951339722,0.15641510486602783
sentence-transformers/paraphrase-multilingual-mpnet-base-v2,ar,8,QT_vs_TQ,0.8626973032951355,0.7925987839698792,0.6297792196273804,0.37022078037261963
sentence-transformers/paraphrase-multilingual-mpnet-base-v2,ar,8,MT_vs_TM,0.2027401179075241,0.12525545060634613,0.9808415174484253,0.019158482551574707
sentence-transformers/paraphrase-multilingual-mpnet-base-v2,ar,9,NQ_vs_QN,0.8980439305305481,0.7071405649185181,0.6057662963867188,0.39423370361328125
sentence-transformers/paraphrase-multilingual-mpnet-base-v2,ar,9,NM_vs_MN,0.2445792555809021,0.14251671731472015,0.9701988697052002,0.029801130294799805
sentence-transformers/paraphrase-multilingual-mpnet-base-v2,ar,9,NT_vs_TN,1.007393717765808,0.5165015459060669,0.4935237169265747,0.5064762830734253
sentence-transformers/paraphrase-multilingual-mpnet-base-v2,ar,9,QM_vs_MQ,0.49515384435653687,0.4118773341178894,0.882799506187439,0.11720049381256104
sentence-transformers/paraphrase-multilingual-mpnet-base-v2,ar,9,QT_vs_TQ,0.8229316473007202,0.6537074446678162,0.6710166931152344,0.3289833068847656
sentence-transformers/paraphrase-multilingual-mpnet-base-v2,ar,9,MT_vs_TM,0.2353367656469345,0.1177779883146286,0.9838035702705383,0.01619642972946167
sentence-transformers/paraphrase-multilingual-mpnet-base-v2,ar,10,NQ_vs_QN,1.0164045095443726,0.8439242839813232,0.4891589283943176,0.5108410716056824
sentence-transformers/paraphrase-multilingual-mpnet-base-v2,ar,10,NM_vs_MN,0.3404788076877594,0.176733136177063,0.9420655965805054,0.05793440341949463
sentence-transformers/paraphrase-multilingual-mpnet-base-v2,ar,10,NT_vs_TN,0.9905603528022766,0.6802206039428711,0.518930971622467,0.48106902837753296
sentence-transformers/paraphrase-multilingual-mpnet-base-v2,ar,10,QM_vs_MQ,0.6544890403747559,0.5517194867134094,0.7864481210708618,0.21355187892913818
sentence-transformers/paraphrase-multilingual-mpnet-base-v2,ar,10,QT_vs_TQ,0.8241222500801086,0.706666886806488,0.6604529619216919,0.3395470380783081
sentence-transformers/paraphrase-multilingual-mpnet-base-v2,ar,10,MT_vs_TM,0.32832497358322144,0.2143184244632721,0.9461930990219116,0.05380690097808838
sentence-transformers/paraphrase-multilingual-mpnet-base-v2,ar,11,NQ_vs_QN,0.8404395580291748,0.70081627368927,0.6488114595413208,0.3511885404586792
sentence-transformers/paraphrase-multilingual-mpnet-base-v2,ar,11,NM_vs_MN,0.3351902961730957,0.20277127623558044,0.9525372982025146,0.04746270179748535
sentence-transformers/paraphrase-multilingual-mpnet-base-v2,ar,11,NT_vs_TN,1.1250666379928589,0.6727979183197021,0.40484434366226196,0.595155656337738
sentence-transformers/paraphrase-multilingual-mpnet-base-v2,ar,11,QM_vs_MQ,0.6703417301177979,0.5836596488952637,0.7843042612075806,0.21569573879241943
sentence-transformers/paraphrase-multilingual-mpnet-base-v2,ar,11,QT_vs_TQ,0.891720712184906,0.8324014544487,0.6029049158096313,0.39709508419036865
sentence-transformers/paraphrase-multilingual-mpnet-base-v2,ar,11,MT_vs_TM,0.11792975664138794,0.09215926378965378,0.993228554725647,0.006771445274353027
sentence-transformers/paraphrase-multilingual-mpnet-base-v2,ar,12,NQ_vs_QN,0.8787339329719543,0.6996837258338928,0.6181949377059937,0.38180506229400635
sentence-transformers/paraphrase-multilingual-mpnet-base-v2,ar,12,NM_vs_MN,0.4827694594860077,0.24268747866153717,0.8984410166740417,0.10155898332595825
sentence-transformers/paraphrase-multilingual-mpnet-base-v2,ar,12,NT_vs_TN,1.2240796089172363,0.6178919672966003,0.27039408683776855,0.7296059131622314
sentence-transformers/paraphrase-multilingual-mpnet-base-v2,ar,12,QM_vs_MQ,0.37913885712623596,0.3287367820739746,0.9317121505737305,0.06828784942626953
sentence-transformers/paraphrase-multilingual-mpnet-base-v2,ar,12,QT_vs_TQ,0.7896642088890076,0.6240277886390686,0.7011473178863525,0.29885268211364746
sentence-transformers/paraphrase-multilingual-mpnet-base-v2,ar,12,MT_vs_TM,0.26144638657569885,0.10585624724626541,0.9683141708374023,0.031685829162597656
sentence-transformers/paraphrase-multilingual-mpnet-base-v2,ar,13,NQ_vs_QN,0.979360818862915,0.7621357440948486,0.5301370620727539,0.4698629379272461
sentence-transformers/paraphrase-multilingual-mpnet-base-v2,ar,13,NM_vs_MN,0.42479363083839417,0.25522682070732117,0.9421509504318237,0.05784904956817627
sentence-transformers/paraphrase-multilingual-mpnet-base-v2,ar,13,NT_vs_TN,1.0847704410552979,0.6054760813713074,0.4280252456665039,0.5719747543334961
sentence-transformers/paraphrase-multilingual-mpnet-base-v2,ar,13,QM_vs_MQ,0.5047064423561096,0.42130717635154724,0.882148027420044,0.11785197257995605
sentence-transformers/paraphrase-multilingual-mpnet-base-v2,ar,13,QT_vs_TQ,0.7798673510551453,0.6287930607795715,0.7059940099716187,0.29400599002838135
sentence-transformers/paraphrase-multilingual-mpnet-base-v2,ar,13,MT_vs_TM,0.3024948835372925,0.14630290865898132,0.9634813070297241,0.03651869297027588
sentence-transformers/paraphrase-multilingual-mpnet-base-v2,ar,14,NQ_vs_QN,0.90744948387146,0.749195396900177,0.5889296531677246,0.4110703468322754
sentence-transformers/paraphrase-multilingual-mpnet-base-v2,ar,14,NM_vs_MN,0.1945868730545044,0.13164836168289185,0.9859200716018677,0.014079928398132324
sentence-transformers/paraphrase-multilingual-mpnet-base-v2,ar,14,NT_vs_TN,0.9928892254829407,0.5840952396392822,0.5606518983840942,0.43934810161590576
sentence-transformers/paraphrase-multilingual-mpnet-base-v2,ar,14,QM_vs_MQ,0.5940955281257629,0.5433743000030518,0.831565260887146,0.168434739112854
sentence-transformers/paraphrase-multilingual-mpnet-base-v2,ar,14,QT_vs_TQ,0.8319212198257446,0.6518309116363525,0.65464186668396,0.34535813331604004
sentence-transformers/paraphrase-multilingual-mpnet-base-v2,ar,14,MT_vs_TM,0.13108643889427185,0.09879845380783081,0.991409420967102,0.00859057903289795
sentence-transformers/paraphrase-multilingual-mpnet-base-v2,ar,15,NQ_vs_QN,0.9118818640708923,0.7448039054870605,0.5850092172622681,0.41499078273773193
sentence-transformers/paraphrase-multilingual-mpnet-base-v2,ar,15,NM_vs_MN,0.3751358687877655,0.18523967266082764,0.9415848851203918,0.058415114879608154
sentence-transformers/paraphrase-multilingual-mpnet-base-v2,ar,15,NT_vs_TN,1.2799113988876343,0.7445614337921143,0.19178342819213867,0.8082165718078613
sentence-transformers/paraphrase-multilingual-mpnet-base-v2,ar,15,QM_vs_MQ,0.6763598918914795,0.5421428084373474,0.7713920474052429,0.22860795259475708
sentence-transformers/paraphrase-multilingual-mpnet-base-v2,ar,15,QT_vs_TQ,0.881405234336853,0.7620288133621216,0.6119685173034668,0.3880314826965332
sentence-transformers/paraphrase-multilingual-mpnet-base-v2,ar,15,MT_vs_TM,0.29151344299316406,0.17514099180698395,0.9594295024871826,0.04057049751281738
sentence-transformers/paraphrase-multilingual-mpnet-base-v2,ar,16,NQ_vs_QN,1.0417972803115845,0.8752174377441406,0.47305828332901,0.52694171667099
sentence-transformers/paraphrase-multilingual-mpnet-base-v2,ar,16,NM_vs_MN,0.2173108160495758,0.12317536771297455,0.9768037796020508,0.02319622039794922
sentence-transformers/paraphrase-multilingual-mpnet-base-v2,ar,16,NT_vs_TN,1.2481075525283813,0.8258844614028931,0.22396688163280487,0.7760331183671951
sentence-transformers/paraphrase-multilingual-mpnet-base-v2,ar,16,QM_vs_MQ,0.5550171136856079,0.48004287481307983,0.8519060611724854,0.14809393882751465
sentence-transformers/paraphrase-multilingual-mpnet-base-v2,ar,16,QT_vs_TQ,0.8502153158187866,0.7734969258308411,0.6652209758758545,0.3347790241241455
sentence-transformers/paraphrase-multilingual-mpnet-base-v2,ar,16,MT_vs_TM,0.27625101804733276,0.20348875224590302,0.9777112007141113,0.022288799285888672
sentence-transformers/paraphrase-multilingual-mpnet-base-v2,ar,17,NQ_vs_QN,0.9602259993553162,0.8238170742988586,0.5390145778656006,0.4609854221343994
sentence-transformers/paraphrase-multilingual-mpnet-base-v2,ar,17,NM_vs_MN,0.3537997603416443,0.20089592039585114,0.9507017135620117,0.04929828643798828
sentence-transformers/paraphrase-multilingual-mpnet-base-v2,ar,17,NT_vs_TN,1.1745452880859375,0.8476429581642151,0.3190021514892578,0.6809978485107422
sentence-transformers/paraphrase-multilingual-mpnet-base-v2,ar,17,QM_vs_MQ,0.6857755780220032,0.5876176357269287,0.7691358327865601,0.23086416721343994
sentence-transformers/paraphrase-multilingual-mpnet-base-v2,ar,17,QT_vs_TQ,0.8328726291656494,0.7600150108337402,0.6532003879547119,0.3467996120452881
sentence-transformers/paraphrase-multilingual-mpnet-base-v2,ar,17,MT_vs_TM,0.2474067509174347,0.15877765417099,0.9694149494171143,0.030585050582885742
sentence-transformers/paraphrase-multilingual-mpnet-base-v2,ar,18,NQ_vs_QN,0.9759319424629211,0.7730335593223572,0.5246486067771912,0.47535139322280884
sentence-transformers/paraphrase-multilingual-mpnet-base-v2,ar,18,NM_vs_MN,0.23115073144435883,0.09643088281154633,0.9746487140655518,0.025351285934448242
sentence-transformers/paraphrase-multilingual-mpnet-base-v2,ar,18,NT_vs_TN,1.2177916765213013,0.6093587279319763,0.26216450333595276,0.7378354966640472
sentence-transformers/paraphrase-multilingual-mpnet-base-v2,ar,18,QM_vs_MQ,0.5215306282043457,0.41550007462501526,0.867989718914032,0.13201028108596802
sentence-transformers/paraphrase-multilingual-mpnet-base-v2,ar,18,QT_vs_TQ,0.8141565322875977,0.6725118160247803,0.6720114350318909,0.32798856496810913
sentence-transformers/paraphrase-multilingual-mpnet-base-v2,ar,18,MT_vs_TM,0.2671840488910675,0.11560995876789093,0.9676816463470459,0.0323183536529541
sentence-transformers/paraphrase-multilingual-mpnet-base-v2,ar,19,NQ_vs_QN,0.8002086281776428,0.7203567028045654,0.6814113855361938,0.31858861446380615
sentence-transformers/paraphrase-multilingual-mpnet-base-v2,ar,19,NM_vs_MN,0.2410498708486557,0.16625680029392242,0.9757932424545288,0.02420675754547119
sentence-transformers/paraphrase-multilingual-mpnet-base-v2,ar,19,NT_vs_TN,1.113518238067627,0.7239744663238525,0.414617657661438,0.585382342338562
sentence-transformers/paraphrase-multilingual-mpnet-base-v2,ar,19,QM_vs_MQ,0.6117433905601501,0.584404706954956,0.8227937817573547,0.17720621824264526
sentence-transformers/paraphrase-multilingual-mpnet-base-v2,ar,19,QT_vs_TQ,0.7717586159706116,0.7191562652587891,0.7027230262756348,0.29727697372436523
sentence-transformers/paraphrase-multilingual-mpnet-base-v2,ar,19,MT_vs_TM,0.2046971470117569,0.1595124751329422,0.9803219437599182,0.019678056240081787
sentence-transformers/paraphrase-multilingual-mpnet-base-v2,ar,20,NQ_vs_QN,0.9243447184562683,0.7646392583847046,0.5738139152526855,0.42618608474731445
sentence-transformers/paraphrase-multilingual-mpnet-base-v2,ar,20,NM_vs_MN,0.2502574920654297,0.16963906586170197,0.9691708087921143,0.030829191207885742
sentence-transformers/paraphrase-multilingual-mpnet-base-v2,ar,20,NT_vs_TN,0.7695400714874268,0.5385435223579407,0.7043972611427307,0.2956027388572693
sentence-transformers/paraphrase-multilingual-mpnet-base-v2,ar,20,QM_vs_MQ,0.7101921439170837,0.6018620133399963,0.7571126222610474,0.24288737773895264
sentence-transformers/paraphrase-multilingual-mpnet-base-v2,ar,20,QT_vs_TQ,0.8179905414581299,0.6802988052368164,0.666434645652771,0.333565354347229
sentence-transformers/paraphrase-multilingual-mpnet-base-v2,ar,20,MT_vs_TM,0.16611818969249725,0.1176067590713501,0.9862149357795715,0.013785064220428467
sentence-transformers/paraphrase-multilingual-mpnet-base-v2,ar,21,NQ_vs_QN,0.8011613488197327,0.7067157626152039,0.6799461841583252,0.3200538158416748
sentence-transformers/paraphrase-multilingual-mpnet-base-v2,ar,21,NM_vs_MN,0.10864383727312088,0.07942759990692139,0.994172215461731,0.005827784538269043
sentence-transformers/paraphrase-multilingual-mpnet-base-v2,ar,21,NT_vs_TN,0.7720640897750854,0.5373444557189941,0.7329264283180237,0.2670735716819763
sentence-transformers/paraphrase-multilingual-mpnet-base-v2,ar,21,QM_vs_MQ,0.6681360602378845,0.6354966759681702,0.7826144695281982,0.21738553047180176
sentence-transformers/paraphrase-multilingual-mpnet-base-v2,ar,21,QT_vs_TQ,0.8217803835868835,0.7331278920173645,0.6654303669929504,0.33456963300704956
sentence-transformers/paraphrase-multilingual-mpnet-base-v2,ar,21,MT_vs_TM,0.13277055323123932,0.10799315571784973,0.9912561178207397,0.008743882179260254
sentence-transformers/paraphrase-multilingual-mpnet-base-v2,ar,22,NQ_vs_QN,0.9851556420326233,0.8317985534667969,0.5147631168365479,0.48523688316345215
sentence-transformers/paraphrase-multilingual-mpnet-base-v2,ar,22,NM_vs_MN,0.201572448015213,0.17633189260959625,0.9799060821533203,0.020093917846679688
sentence-transformers/paraphrase-multilingual-mpnet-base-v2,ar,22,NT_vs_TN,1.1337127685546875,0.794568657875061,0.3626924753189087,0.6373075246810913
sentence-transformers/paraphrase-multilingual-mpnet-base-v2,ar,22,QM_vs_MQ,0.7201361656188965,0.5841184258460999,0.7582480907440186,0.24175190925598145
sentence-transformers/paraphrase-multilingual-mpnet-base-v2,ar,22,QT_vs_TQ,0.8456780910491943,0.7523911595344543,0.6424250602722168,0.3575749397277832
sentence-transformers/paraphrase-multilingual-mpnet-base-v2,ar,22,MT_vs_TM,0.2504035234451294,0.17944562435150146,0.9687165021896362,0.03128349781036377
sentence-transformers/paraphrase-multilingual-mpnet-base-v2,ar,23,NQ_vs_QN,0.8239397406578064,0.805121898651123,0.6605765223503113,0.3394234776496887
sentence-transformers/paraphrase-multilingual-mpnet-base-v2,ar,23,NM_vs_MN,0.26932066679000854,0.18533891439437866,0.9697390198707581,0.030260980129241943
sentence-transformers/paraphrase-multilingual-mpnet-base-v2,ar,23,NT_vs_TN,1.1991971731185913,0.7590461373329163,0.30730512738227844,0.6926948726177216
sentence-transformers/paraphrase-multilingual-mpnet-base-v2,ar,23,QM_vs_MQ,0.559873104095459,0.5927020311355591,0.843779444694519,0.15622055530548096
sentence-transformers/paraphrase-multilingual-mpnet-base-v2,ar,23,QT_vs_TQ,0.714914858341217,0.7206154465675354,0.7446832060813904,0.2553167939186096
sentence-transformers/paraphrase-multilingual-mpnet-base-v2,ar,23,MT_vs_TM,0.21034425497055054,0.1611437201499939,0.9795714616775513,0.02042853832244873
sentence-transformers/paraphrase-multilingual-mpnet-base-v2,ar,24,NQ_vs_QN,0.8397200107574463,0.6995260715484619,0.6476896405220032,0.3523103594779968
sentence-transformers/paraphrase-multilingual-mpnet-base-v2,ar,24,NM_vs_MN,0.3671822249889374,0.19077108800411224,0.9604796767234802,0.039520323276519775
sentence-transformers/paraphrase-multilingual-mpnet-base-v2,ar,24,NT_vs_TN,1.1532505750656128,0.6671999096870422,0.33656275272369385,0.6634372472763062
sentence-transformers/paraphrase-multilingual-mpnet-base-v2,ar,24,QM_vs_MQ,0.634605348110199,0.5246706604957581,0.8156137466430664,0.1843862533569336
sentence-transformers/paraphrase-multilingual-mpnet-base-v2,ar,24,QT_vs_TQ,0.7438830733299255,0.655535101890564,0.7241596579551697,0.2758403420448303
sentence-transformers/paraphrase-multilingual-mpnet-base-v2,ar,24,MT_vs_TM,0.2704230844974518,0.17011596262454987,0.9764304161071777,0.023569583892822266
sentence-transformers/paraphrase-multilingual-mpnet-base-v2,ar,25,NQ_vs_QN,0.795163631439209,0.7049068808555603,0.6839258074760437,0.3160741925239563
sentence-transformers/paraphrase-multilingual-mpnet-base-v2,ar,25,NM_vs_MN,0.25334084033966064,0.13988791406154633,0.9682517647743225,0.03174823522567749
sentence-transformers/paraphrase-multilingual-mpnet-base-v2,ar,25,NT_vs_TN,1.2544752359390259,0.5996636748313904,0.25127482414245605,0.748725175857544
sentence-transformers/paraphrase-multilingual-mpnet-base-v2,ar,25,QM_vs_MQ,0.48789140582084656,0.4593346416950226,0.8810141682624817,0.11898583173751831
sentence-transformers/paraphrase-multilingual-mpnet-base-v2,ar,25,QT_vs_TQ,0.6274498701095581,0.5802608132362366,0.8050913214683533,0.19490867853164673
sentence-transformers/paraphrase-multilingual-mpnet-base-v2,ar,25,MT_vs_TM,0.17699086666107178,0.09958653897047043,0.984807550907135,0.01519244909286499
sentence-transformers/paraphrase-multilingual-mpnet-base-v2,ar,26,NQ_vs_QN,0.9221897125244141,0.7757353782653809,0.5795454382896423,0.42045456171035767
sentence-transformers/paraphrase-multilingual-mpnet-base-v2,ar,26,NM_vs_MN,0.28059664368629456,0.19171372056007385,0.9735881686210632,0.026411831378936768
sentence-transformers/paraphrase-multilingual-mpnet-base-v2,ar,26,NT_vs_TN,1.0799250602722168,0.6999049782752991,0.4337936341762543,0.5662063658237457
sentence-transformers/paraphrase-multilingual-mpnet-base-v2,ar,26,QM_vs_MQ,0.6637561917304993,0.6166871786117554,0.7879300713539124,0.21206992864608765
sentence-transformers/paraphrase-multilingual-mpnet-base-v2,ar,26,QT_vs_TQ,0.9420598149299622,0.8910854458808899,0.5658077001571655,0.4341922998428345
sentence-transformers/paraphrase-multilingual-mpnet-base-v2,ar,26,MT_vs_TM,0.0940299779176712,0.08103927969932556,0.9955794811248779,0.00442051887512207
sentence-transformers/paraphrase-multilingual-mpnet-base-v2,ar,27,NQ_vs_QN,1.1172151565551758,0.9555377960205078,0.4110686182975769,0.5889313817024231
sentence-transformers/paraphrase-multilingual-mpnet-base-v2,ar,27,NM_vs_MN,0.3050812780857086,0.19388934969902039,0.9616603255271912,0.03833967447280884
sentence-transformers/paraphrase-multilingual-mpnet-base-v2,ar,27,NT_vs_TN,1.1255470514297485,0.710346519947052,0.38277870416641235,0.6172212958335876
sentence-transformers/paraphrase-multilingual-mpnet-base-v2,ar,27,QM_vs_MQ,0.6496387720108032,0.5252408981323242,0.8183878660202026,0.18161213397979736
sentence-transformers/paraphrase-multilingual-mpnet-base-v2,ar,27,QT_vs_TQ,0.9448594450950623,0.9004873633384705,0.5946307182312012,0.40536928176879883
sentence-transformers/paraphrase-multilingual-mpnet-base-v2,ar,27,MT_vs_TM,0.22293610870838165,0.16165156662464142,0.9807666540145874,0.019233345985412598
sentence-transformers/paraphrase-multilingual-mpnet-base-v2,ar,28,NQ_vs_QN,0.9201920628547668,0.7415022253990173,0.5829887390136719,0.4170112609863281
sentence-transformers/paraphrase-multilingual-mpnet-base-v2,ar,28,NM_vs_MN,0.2986743450164795,0.17741957306861877,0.9569206833839417,0.04307931661605835
sentence-transformers/paraphrase-multilingual-mpnet-base-v2,ar,28,NT_vs_TN,1.0889452695846558,0.5982311964035034,0.4084673225879669,0.5915326774120331
sentence-transformers/paraphrase-multilingual-mpnet-base-v2,ar,28,QM_vs_MQ,0.6313410997390747,0.5238229632377625,0.8042659163475037,0.19573408365249634
sentence-transformers/paraphrase-multilingual-mpnet-base-v2,ar,28,QT_vs_TQ,0.8267661333084106,0.6975592374801636,0.6694093942642212,0.3305906057357788
sentence-transformers/paraphrase-multilingual-mpnet-base-v2,ar,28,MT_vs_TM,0.3393673598766327,0.19658954441547394,0.9575351476669312,0.04246485233306885
sentence-transformers/paraphrase-multilingual-mpnet-base-v2,ar,29,NQ_vs_QN,0.8541959524154663,0.7006469964981079,0.6400854587554932,0.35991454124450684
sentence-transformers/paraphrase-multilingual-mpnet-base-v2,ar,29,NM_vs_MN,0.3690107464790344,0.23432375490665436,0.9363309144973755,0.06366908550262451
sentence-transformers/paraphrase-multilingual-mpnet-base-v2,ar,29,NT_vs_TN,0.8480719327926636,0.5127072930335999,0.6415457725524902,0.35845422744750977
sentence-transformers/paraphrase-multilingual-mpnet-base-v2,ar,29,QM_vs_MQ,0.5894272327423096,0.5052036046981812,0.8293224573135376,0.1706775426864624
sentence-transformers/paraphrase-multilingual-mpnet-base-v2,ar,29,QT_vs_TQ,0.6879774928092957,0.5427778363227844,0.7667527198791504,0.2332472801208496
sentence-transformers/paraphrase-multilingual-mpnet-base-v2,ar,29,MT_vs_TM,0.26635152101516724,0.18186403810977936,0.9647873044013977,0.035212695598602295
sentence-transformers/paraphrase-multilingual-mpnet-base-v2,ar,30,NQ_vs_QN,0.8097297549247742,0.6240601539611816,0.6828933954238892,0.31710660457611084
sentence-transformers/paraphrase-multilingual-mpnet-base-v2,ar,30,NM_vs_MN,0.4587409198284149,0.2468067705631256,0.9397720694541931,0.060227930545806885
sentence-transformers/paraphrase-multilingual-mpnet-base-v2,ar,30,NT_vs_TN,1.0660635232925415,0.510025680065155,0.4342907667160034,0.5657092332839966
sentence-transformers/paraphrase-multilingual-mpnet-base-v2,ar,30,QM_vs_MQ,0.5648936033248901,0.43599259853363037,0.847313404083252,0.15268659591674805
sentence-transformers/paraphrase-multilingual-mpnet-base-v2,ar,30,QT_vs_TQ,0.8273470401763916,0.6293063759803772,0.6738249063491821,0.32617509365081787
sentence-transformers/paraphrase-multilingual-mpnet-base-v2,ar,30,MT_vs_TM,0.16053885221481323,0.09782973676919937,0.9910503625869751,0.008949637413024902
sentence-transformers/paraphrase-multilingual-mpnet-base-v2,ar,31,NQ_vs_QN,0.9766102433204651,0.8672442436218262,0.5326434373855591,0.4673565626144409
sentence-transformers/paraphrase-multilingual-mpnet-base-v2,ar,31,NM_vs_MN,0.3024810552597046,0.15962262451648712,0.9697771072387695,0.03022289276123047
sentence-transformers/paraphrase-multilingual-mpnet-base-v2,ar,31,NT_vs_TN,1.241970181465149,0.6395312547683716,0.24946315586566925,0.7505368441343307
sentence-transformers/paraphrase-multilingual-mpnet-base-v2,ar,31,QM_vs_MQ,0.7371327877044678,0.677915632724762,0.7336046695709229,0.26639533042907715
sentence-transformers/paraphrase-multilingual-mpnet-base-v2,ar,31,QT_vs_TQ,0.9408769011497498,0.9244056940078735,0.5665616989135742,0.4334383010864258
sentence-transformers/paraphrase-multilingual-mpnet-base-v2,ar,31,MT_vs_TM,0.19133366644382477,0.10989470034837723,0.9889633655548096,0.01103663444519043
sentence-transformers/paraphrase-multilingual-mpnet-base-v2,ar,32,NQ_vs_QN,0.9389815330505371,0.8702226281166077,0.5598980188369751,0.4401019811630249
sentence-transformers/paraphrase-multilingual-mpnet-base-v2,ar,32,NM_vs_MN,0.2724515199661255,0.19860288500785828,0.9782452583312988,0.021754741668701172
sentence-transformers/paraphrase-multilingual-mpnet-base-v2,ar,32,NT_vs_TN,0.8711171746253967,0.6699254512786865,0.6227535605430603,0.3772464394569397
sentence-transformers/paraphrase-multilingual-mpnet-base-v2,ar,32,QM_vs_MQ,0.7114123106002808,0.6960716843605042,0.752457857131958,0.247542142868042
sentence-transformers/paraphrase-multilingual-mpnet-base-v2,ar,32,QT_vs_TQ,0.8821446895599365,0.8172789812088013,0.6230218410491943,0.37697815895080566
sentence-transformers/paraphrase-multilingual-mpnet-base-v2,ar,32,MT_vs_TM,0.17193733155727386,0.15777064859867096,0.9855496883392334,0.014450311660766602
sentence-transformers/paraphrase-multilingual-mpnet-base-v2,ar,33,NQ_vs_QN,0.9874054789543152,0.7967655062675476,0.5186988115310669,0.4813011884689331
sentence-transformers/paraphrase-multilingual-mpnet-base-v2,ar,33,NM_vs_MN,0.43894898891448975,0.1857852190732956,0.9066824913024902,0.09331750869750977
sentence-transformers/paraphrase-multilingual-mpnet-base-v2,ar,33,NT_vs_TN,1.243568778038025,0.7387277483940125,0.23079292476177216,0.7692070752382278
sentence-transformers/paraphrase-multilingual-mpnet-base-v2,ar,33,QM_vs_MQ,0.6606863737106323,0.5335332155227661,0.7837194204330444,0.21628057956695557
sentence-transformers/paraphrase-multilingual-mpnet-base-v2,ar,33,QT_vs_TQ,0.9268745183944702,0.8275824189186096,0.5778735876083374,0.4221264123916626
sentence-transformers/paraphrase-multilingual-mpnet-base-v2,ar,33,MT_vs_TM,0.25842222571372986,0.16409353911876678,0.971439778804779,0.028560221195220947
sentence-transformers/paraphrase-multilingual-mpnet-base-v2,ar,34,NQ_vs_QN,0.8473445177078247,0.6640578508377075,0.6442880630493164,0.3557119369506836
sentence-transformers/paraphrase-multilingual-mpnet-base-v2,ar,34,NM_vs_MN,0.4790745675563812,0.24180050194263458,0.9270443916320801,0.07295560836791992
sentence-transformers/paraphrase-multilingual-mpnet-base-v2,ar,34,NT_vs_TN,0.8999450206756592,0.4863983988761902,0.5952906608581543,0.4047093391418457
sentence-transformers/paraphrase-multilingual-mpnet-base-v2,ar,34,QM_vs_MQ,0.6479989886283875,0.5193369388580322,0.7936469316482544,0.2063530683517456
sentence-transformers/paraphrase-multilingual-mpnet-base-v2,ar,34,QT_vs_TQ,0.7391520738601685,0.6063589453697205,0.7272064685821533,0.2727935314178467
sentence-transformers/paraphrase-multilingual-mpnet-base-v2,ar,34,MT_vs_TM,0.4147678017616272,0.22724251449108124,0.9154900312423706,0.0845099687576294
sentence-transformers/paraphrase-multilingual-mpnet-base-v2,ar,35,NQ_vs_QN,0.9005639553070068,0.7958263158798218,0.5944933891296387,0.40550661087036133
sentence-transformers/paraphrase-multilingual-mpnet-base-v2,ar,35,NM_vs_MN,0.4870031476020813,0.3489798605442047,0.8995728492736816,0.10042715072631836
sentence-transformers/paraphrase-multilingual-mpnet-base-v2,ar,35,NT_vs_TN,1.1628607511520386,0.8046751022338867,0.3282597064971924,0.6717402935028076
sentence-transformers/paraphrase-multilingual-mpnet-base-v2,ar,35,QM_vs_MQ,0.5261334180831909,0.48461997509002686,0.8636710047721863,0.13632899522781372
sentence-transformers/paraphrase-multilingual-mpnet-base-v2,ar,35,QT_vs_TQ,0.8022539019584656,0.7442933320999146,0.6784372329711914,0.3215627670288086
sentence-transformers/paraphrase-multilingual-mpnet-base-v2,ar,35,MT_vs_TM,0.31029319763183594,0.19051095843315125,0.9550792574882507,0.04492074251174927
sentence-transformers/paraphrase-multilingual-mpnet-base-v2,ar,36,NQ_vs_QN,0.9366765022277832,0.7007138729095459,0.561734139919281,0.438265860080719
sentence-transformers/paraphrase-multilingual-mpnet-base-v2,ar,36,NM_vs_MN,0.41411107778549194,0.2049494981765747,0.9395121335983276,0.06048786640167236
sentence-transformers/paraphrase-multilingual-mpnet-base-v2,ar,36,NT_vs_TN,1.1647615432739258,0.6602550148963928,0.32179367542266846,0.6782063245773315
sentence-transformers/paraphrase-multilingual-mpnet-base-v2,ar,36,QM_vs_MQ,0.4801183044910431,0.36779192090034485,0.8964288830757141,0.10357111692428589
sentence-transformers/paraphrase-multilingual-mpnet-base-v2,ar,36,QT_vs_TQ,0.8148687481880188,0.6859176158905029,0.6721816062927246,0.3278183937072754
sentence-transformers/paraphrase-multilingual-mpnet-base-v2,ar,36,MT_vs_TM,0.2894277572631836,0.14268599450588226,0.9611496329307556,0.038850367069244385
sentence-transformers/paraphrase-multilingual-mpnet-base-v2,ar,37,NQ_vs_QN,0.9996508359909058,0.7799705862998962,0.5194472670555115,0.4805527329444885
sentence-transformers/paraphrase-multilingual-mpnet-base-v2,ar,37,NM_vs_MN,0.34420526027679443,0.17664961516857147,0.949244499206543,0.05075550079345703
sentence-transformers/paraphrase-multilingual-mpnet-base-v2,ar,37,NT_vs_TN,1.3014442920684814,0.6745603680610657,0.15445749461650848,0.8455425053834915
sentence-transformers/paraphrase-multilingual-mpnet-base-v2,ar,37,QM_vs_MQ,0.658677339553833,0.5534062385559082,0.7886694669723511,0.21133053302764893
sentence-transformers/paraphrase-multilingual-mpnet-base-v2,ar,37,QT_vs_TQ,0.8833661675453186,0.7360567450523376,0.6359604597091675,0.3640395402908325
sentence-transformers/paraphrase-multilingual-mpnet-base-v2,ar,37,MT_vs_TM,0.2804827094078064,0.17101456224918365,0.9610997438430786,0.03890025615692139
sentence-transformers/paraphrase-multilingual-mpnet-base-v2,ar,38,NQ_vs_QN,1.0577789545059204,0.9062049984931946,0.44065427780151367,0.5593457221984863
sentence-transformers/paraphrase-multilingual-mpnet-base-v2,ar,38,NM_vs_MN,0.3091447055339813,0.1736535131931305,0.9523298740386963,0.04767012596130371
sentence-transformers/paraphrase-multilingual-mpnet-base-v2,ar,38,NT_vs_TN,1.242291808128357,0.7429705262184143,0.29352426528930664,0.7064757347106934
sentence-transformers/paraphrase-multilingual-mpnet-base-v2,ar,38,QM_vs_MQ,0.5981910824775696,0.5074278116226196,0.8291452527046204,0.17085474729537964
sentence-transformers/paraphrase-multilingual-mpnet-base-v2,ar,38,QT_vs_TQ,0.8211355209350586,0.6547393202781677,0.6735447645187378,0.3264552354812622
sentence-transformers/paraphrase-multilingual-mpnet-base-v2,ar,38,MT_vs_TM,0.2682898938655853,0.14154350757598877,0.9645411968231201,0.03545880317687988
sentence-transformers/paraphrase-multilingual-mpnet-base-v2,ar,39,NQ_vs_QN,0.8755935430526733,0.6957420110702515,0.617323100566864,0.382676899433136
sentence-transformers/paraphrase-multilingual-mpnet-base-v2,ar,39,NM_vs_MN,0.35780665278434753,0.2210375964641571,0.9512621164321899,0.04873788356781006
sentence-transformers/paraphrase-multilingual-mpnet-base-v2,ar,39,NT_vs_TN,1.0376780033111572,0.6881505846977234,0.4644409120082855,0.5355590879917145
sentence-transformers/paraphrase-multilingual-mpnet-base-v2,ar,39,QM_vs_MQ,0.5470426678657532,0.4623570442199707,0.8513643741607666,0.1486356258392334
sentence-transformers/paraphrase-multilingual-mpnet-base-v2,ar,39,QT_vs_TQ,0.7580677270889282,0.612153947353363,0.7148882746696472,0.2851117253303528
sentence-transformers/paraphrase-multilingual-mpnet-base-v2,ar,39,MT_vs_TM,0.3282066881656647,0.2247626632452011,0.962146520614624,0.03785347938537598
sentence-transformers/paraphrase-multilingual-mpnet-base-v2,ar,40,NQ_vs_QN,0.9220862984657288,0.6643294095993042,0.585922360420227,0.41407763957977295
sentence-transformers/paraphrase-multilingual-mpnet-base-v2,ar,40,NM_vs_MN,0.20390522480010986,0.09485891461372375,0.9795136451721191,0.02048635482788086
sentence-transformers/paraphrase-multilingual-mpnet-base-v2,ar,40,NT_vs_TN,1.207808256149292,0.6116659045219421,0.3470776081085205,0.6529223918914795
sentence-transformers/paraphrase-multilingual-mpnet-base-v2,ar,40,QM_vs_MQ,0.5153309106826782,0.4025528132915497,0.8696339130401611,0.13036608695983887
sentence-transformers/paraphrase-multilingual-mpnet-base-v2,ar,40,QT_vs_TQ,0.789432168006897,0.6066454648971558,0.700717568397522,0.299282431602478
sentence-transformers/paraphrase-multilingual-mpnet-base-v2,ar,40,MT_vs_TM,0.25850769877433777,0.16381320357322693,0.9784315228462219,0.021568477153778076
sentence-transformers/paraphrase-multilingual-mpnet-base-v2,ar,41,NQ_vs_QN,1.0109407901763916,0.8545072674751282,0.4892578721046448,0.5107421278953552
sentence-transformers/paraphrase-multilingual-mpnet-base-v2,ar,41,NM_vs_MN,0.2820200026035309,0.18167196214199066,0.9616070985794067,0.03839290142059326
sentence-transformers/paraphrase-multilingual-mpnet-base-v2,ar,41,NT_vs_TN,1.0527918338775635,0.7226021885871887,0.45215094089508057,0.5478490591049194
sentence-transformers/paraphrase-multilingual-mpnet-base-v2,ar,41,QM_vs_MQ,0.708125114440918,0.5870007872581482,0.7570654153823853,0.24293458461761475
sentence-transformers/paraphrase-multilingual-mpnet-base-v2,ar,41,QT_vs_TQ,0.910843014717102,0.7829604148864746,0.5857657194137573,0.4142342805862427
sentence-transformers/paraphrase-multilingual-mpnet-base-v2,ar,41,MT_vs_TM,0.23105962574481964,0.16688457131385803,0.9733258485794067,0.02667415142059326
sentence-transformers/paraphrase-multilingual-mpnet-base-v2,ar,42,NQ_vs_QN,0.8198977708816528,0.753058135509491,0.6638845205307007,0.3361154794692993
sentence-transformers/paraphrase-multilingual-mpnet-base-v2,ar,42,NM_vs_MN,0.12348508089780807,0.0808904841542244,0.9924201369285583,0.00757986307144165
sentence-transformers/paraphrase-multilingual-mpnet-base-v2,ar,42,NT_vs_TN,1.1208343505859375,0.6127649545669556,0.3947629928588867,0.6052370071411133
sentence-transformers/paraphrase-multilingual-mpnet-base-v2,ar,42,QM_vs_MQ,0.5039244890213013,0.5024198293685913,0.8730424642562866,0.12695753574371338
sentence-transformers/paraphrase-multilingual-mpnet-base-v2,ar,42,QT_vs_TQ,0.641457736492157,0.6024067401885986,0.7951723337173462,0.2048276662826538
sentence-transformers/paraphrase-multilingual-mpnet-base-v2,ar,42,MT_vs_TM,0.17188993096351624,0.11493197828531265,0.9854212403297424,0.014578759670257568
sentence-transformers/paraphrase-multilingual-mpnet-base-v2,ar,43,NQ_vs_QN,0.8958846926689148,0.8759498596191406,0.5989998579025269,0.40100014209747314
sentence-transformers/paraphrase-multilingual-mpnet-base-v2,ar,43,NM_vs_MN,0.2545093595981598,0.18405987322330475,0.9726239442825317,0.02737605571746826
sentence-transformers/paraphrase-multilingual-mpnet-base-v2,ar,43,NT_vs_TN,1.151760458946228,0.7845630645751953,0.36352303624153137,0.6364769637584686
sentence-transformers/paraphrase-multilingual-mpnet-base-v2,ar,43,QM_vs_MQ,0.5878674983978271,0.6235786080360413,0.8288823366165161,0.1711176633834839
sentence-transformers/paraphrase-multilingual-mpnet-base-v2,ar,43,QT_vs_TQ,0.6766985058784485,0.6754642128944397,0.7711479067802429,0.22885209321975708
sentence-transformers/paraphrase-multilingual-mpnet-base-v2,ar,43,MT_vs_TM,0.17237302660942078,0.14152105152606964,0.9854339957237244,0.014566004276275635
sentence-transformers/paraphrase-multilingual-mpnet-base-v2,ar,44,NQ_vs_QN,1.031994342803955,0.921118974685669,0.46866291761398315,0.5313370823860168
sentence-transformers/paraphrase-multilingual-mpnet-base-v2,ar,44,NM_vs_MN,0.2376037836074829,0.15017300844192505,0.9725004434585571,0.02749955654144287
sentence-transformers/paraphrase-multilingual-mpnet-base-v2,ar,44,NT_vs_TN,1.2858116626739502,0.7489739060401917,0.21747902035713196,0.782520979642868
sentence-transformers/paraphrase-multilingual-mpnet-base-v2,ar,44,QM_vs_MQ,0.6332817673683167,0.613517165184021,0.7999253273010254,0.2000746726989746
sentence-transformers/paraphrase-multilingual-mpnet-base-v2,ar,44,QT_vs_TQ,0.7709354162216187,0.6899309754371643,0.7050135731697083,0.29498642683029175
sentence-transformers/paraphrase-multilingual-mpnet-base-v2,ar,44,MT_vs_TM,0.19232699275016785,0.14149239659309387,0.9817072153091431,0.018292784690856934
sentence-transformers/paraphrase-multilingual-mpnet-base-v2,ar,45,NQ_vs_QN,0.9601123332977295,0.8615078926086426,0.539295494556427,0.460704505443573
sentence-transformers/paraphrase-multilingual-mpnet-base-v2,ar,45,NM_vs_MN,0.2932201623916626,0.1876244693994522,0.968306839466095,0.03169316053390503
sentence-transformers/paraphrase-multilingual-mpnet-base-v2,ar,45,NT_vs_TN,0.966948390007019,0.7087655067443848,0.5587746500968933,0.4412253499031067
sentence-transformers/paraphrase-multilingual-mpnet-base-v2,ar,45,QM_vs_MQ,0.6303777694702148,0.5777530074119568,0.8062363862991333,0.1937636137008667
sentence-transformers/paraphrase-multilingual-mpnet-base-v2,ar,45,QT_vs_TQ,0.7909407615661621,0.6950663924217224,0.6955277323722839,0.30447226762771606
sentence-transformers/paraphrase-multilingual-mpnet-base-v2,ar,45,MT_vs_TM,0.25714030861854553,0.18376940488815308,0.9696015119552612,0.03039848804473877
sentence-transformers/paraphrase-multilingual-mpnet-base-v2,ar,46,NQ_vs_QN,0.7266865372657776,0.5797516703605652,0.7378799915313721,0.26212000846862793
sentence-transformers/paraphrase-multilingual-mpnet-base-v2,ar,46,NM_vs_MN,0.24115654826164246,0.1129692792892456,0.9781492948532104,0.02185070514678955
sentence-transformers/paraphrase-multilingual-mpnet-base-v2,ar,46,NT_vs_TN,1.2200522422790527,0.6738332509994507,0.2673112452030182,0.7326887547969818
sentence-transformers/paraphrase-multilingual-mpnet-base-v2,ar,46,QM_vs_MQ,0.3953210711479187,0.33013084530830383,0.9218664765357971,0.07813352346420288
sentence-transformers/paraphrase-multilingual-mpnet-base-v2,ar,46,QT_vs_TQ,0.7373621463775635,0.6203252673149109,0.7362070083618164,0.2637929916381836
sentence-transformers/paraphrase-multilingual-mpnet-base-v2,ar,46,MT_vs_TM,0.3523504137992859,0.196289524435997,0.9466643333435059,0.05333566665649414
sentence-transformers/paraphrase-multilingual-mpnet-base-v2,ar,47,NQ_vs_QN,0.977048933506012,0.8566625714302063,0.5280210971832275,0.47197890281677246
sentence-transformers/paraphrase-multilingual-mpnet-base-v2,ar,47,NM_vs_MN,0.24609233438968658,0.13497494161128998,0.9749512076377869,0.025048792362213135
sentence-transformers/paraphrase-multilingual-mpnet-base-v2,ar,47,NT_vs_TN,1.024547815322876,0.6418532729148865,0.4794524312019348,0.5205475687980652
sentence-transformers/paraphrase-multilingual-mpnet-base-v2,ar,47,QM_vs_MQ,0.5749068260192871,0.4985637664794922,0.8399171233177185,0.1600828766822815
sentence-transformers/paraphrase-multilingual-mpnet-base-v2,ar,47,QT_vs_TQ,0.9070890545845032,0.7915831804275513,0.6207613945007324,0.3792386054992676
sentence-transformers/paraphrase-multilingual-mpnet-base-v2,ar,47,MT_vs_TM,0.27455204725265503,0.16571885347366333,0.9623106718063354,0.03768932819366455
